report_id,report_type,report_start,report_end,report_revision,source_sha256,source_page,geography_type,geography_code,geography_label,offense_code,offense_label,period,statistic,value_unit,observation_year,comparison_year,comparison_lag_years,value_numeric,value_ratio,value_reported,calculated_value_numeric,calculation_status,quality_flag,null_reason,extraction_version,validation_status
weekly-2026-09-06-r1,weekly_compstat,2026-08-31,2026-09-06,1,dbbe45b033ef4cf2fb49ddad08594d713238006b06de55043335d71a6b5a0f9c,1,citywide,citywide,Citywide,murder,Murder,last_7_days,count,count,2026,,,0,,0,,not_applicable,,,wilmington-compstat-v2,validated
weekly-2026-09-06-r1,weekly_compstat,2026-08-31,2026-09-06,1,dbbe45b033ef4cf2fb49ddad08594d713238006b06de55043335d71a6b5a0f9c,1,citywide,citywide,Citywide,murder,Murder,last_7_days,count,count,2025,,,1,,1,,not_applicable,,,wilmington-compstat-v2,validated
weekly-2026-09-06-r1,weekly_compstat,2026-08-31,2026-09-06,1,dbbe45b033ef4cf2fb49ddad08594d713238006b06de55043335d71a6b5a0f9c,1,citywide,citywide,Citywide,murder,Murder,last_7_days,percent_change,percent,2026,2025,1,-100.0,-1.0,-100%,-100.0,matched,,,wilmington-compstat-v2,validated
weekly-2026-09-06-r1,weekly_compstat,2026-08-31,2026-09-06,1,dbbe45b033ef4cf2fb49ddad08594d713238006b06de55043335d71a6b5a0f9c,1,citywide,citywide,Citywide,murder,Murder,last_28_days,count,count,2026,,,0,,0,,not_applicable,,,wilmington-compstat-v2,validated
weekly-2026-09-06-r1,weekly_compstat,2026-08-31,2026-09-06,1,dbbe45b033ef4cf2fb49ddad08594d713238006b06de55043335d71a6b5a0f9c,1,citywide,citywide,Citywide,murder,Murder,last_28_days,count,count,2025,,,2,,2,,not_applicable,,,wilmington-compstat-v2,validated
weekly-2026-09-06-r1,weekly_compstat,2026-08-31,2026-09-06,1,dbbe45b033ef4cf2fb49ddad08594d713238006b06de55043335d71a6b5a0f9c,1,citywide,citywide,Citywide,murder,Murder,last_28_days,percent_change,percent,2026,2025,1,-100.0,-1.0,-100%,-100.0,matched,,,wilmington-compstat-v2,validated
weekly-2026-09-06-r1,weekly_compstat,2026-08-31,2026-09-06,1,dbbe45b033ef4cf2fb49ddad08594d713238006b06de55043335d71a6b5a0f9c,1,citywide,citywide,Citywide,murder,Murder,year_to_date,count,count,2026,,,7,,7,,not_applicable,,,wilmington-compstat-v2,validated
weekly-2026-09-06-r1,weekly_compstat,2026-08-31,2026-09-06,1,dbbe45b033ef4cf2fb49ddad08594d713238006b06de55043335d71a6b5a0f9c,1,citywide,citywide,Citywide,murder,Murder,year_to_date,count,count,2025,,,11,,11,,not_applicable,,,wilmington-compstat-v2,validated
weekly-2026-09-06-r1,weekly_compstat,2026-08-31,2026-09-06,1,dbbe45b033ef4cf2fb49ddad08594d713238006b06de55043335d71a6b5a0f9c,1,citywide,citywide,Citywide,murder,Murder,year_to_date,percent_change,percent,2026,2025,1,-36.0,-0.36,-36%,-36.363636,matched,,,wilmington-compstat-v2,validated
weekly-2026-09-06-r1,weekly_compstat,2026-08-31,2026-09-06,1,dbbe45b033ef4cf2fb49ddad08594d713238006b06de55043335d71a6b5a0f9c,1,citywide,citywide,Citywide,murder,Murder,year_to_date,percent_change,percent,2026,2024,2,-53.0,-0.53,-53%,,not_checkable,,,wilmington-compstat-v2,validated
weekly-2026-09-06-r1,weekly_compstat,2026-08-31,2026-09-06,1,dbbe45b033ef4cf2fb49ddad08594d713238006b06de55043335d71a6b5a0f9c,1,citywide,citywide,Citywide,murder,Murder,year_to_date,percent_change,percent,2026,2023,3,-36.0,-0.36,-36%,,not_checkable,,,wilmington-compstat-v2,validated
weekly-2026-09-06-r1,weekly_compstat,2026-08-31,2026-09-06,1,dbbe45b033ef4cf2fb49ddad08594d713238006b06de55043335d71a6b5a0f9c,1,citywide,citywide,Citywide,murder,Murder,year_to_date,percent_change,percent,2026,2022,4,-46.0,-0.46,-46%,,not_checkable,,,wilmington-compstat-v2,validated
weekly-2026-09-06-r1,weekly_compstat,2026-08-31,2026-09-06,1,dbbe45b033ef4cf2fb49ddad08594d713238006b06de55043335d71a6b5a0f9c,1,citywide,citywide,Citywide,murder,Murder,year_to_date,percent_change,percent,2026,2021,5,-71.0,-0.71,-71%,,not_checkable,,,wilmington-compstat-v2,validated
weekly-2026-09-06-r1,weekly_compstat,2026-08-31,2026-09-06,1,dbbe45b033ef4cf2fb49ddad08594d713238006b06de55043335d71a6b5a0f9c,1,citywide,citywide,Citywide,murder,Murder,year_to_date,percent_change,percent,2026,2020,6,-59.0,-0.59,-59%,,not_checkable,,,wilmington-compstat-v2,validated
weekly-2026-09-06-r1,weekly_compstat,2026-08-31,2026-09-06,1,dbbe45b033ef4cf2fb49ddad08594d713238006b06de55043335d71a6b5a0f9c,1,citywide,citywide,Citywide,rape,Rape,last_7_days,count,count,2026,,,1,,1,,not_applicable,,,wilmington-compstat-v2,validated
weekly-2026-09-06-r1,weekly_compstat,2026-08-31,2026-09-06,1,dbbe45b033ef4cf2fb49ddad08594d713238006b06de55043335d71a6b5a0f9c,1,citywide,citywide,Citywide,rape,Rape,last_7_days,count,count,2025,,,0,,0,,not_applicable,,,wilmington-compstat-v2,validated
weekly-2026-09-06-r1,weekly_compstat,2026-08-31,2026-09-06,1,dbbe45b033ef4cf2fb49ddad08594d713238006b06de55043335d71a6b5a0f9c,1,citywide,citywide,Citywide,rape,Rape,last_7_days,percent_change,percent,2026,2025,1,,,*,,undefined_zero_denominator,,undefined_zero_denominator,wilmington-compstat-v2,validated
weekly-2026-09-06-r1,weekly_compstat,2026-08-31,2026-09-06,1,dbbe45b033ef4cf2fb49ddad08594d713238006b06de55043335d71a6b5a0f9c,1,citywide,citywide,Citywide,rape,Rape,last_28_days,count,count,2026,,,1,,1,,not_applicable,,,wilmington-compstat-v2,validated
weekly-2026-09-06-r1,weekly_compstat,2026-08-31,2026-09-06,1,dbbe45b033ef4cf2fb49ddad08594d713238006b06de55043335d71a6b5a0f9c,1,citywide,citywide,Citywide,rape,Rape,last_28_days,count,count,2025,,,0,,0,,not_applicable,,,wilmington-compstat-v2,validated
weekly-2026-09-06-r1,weekly_compstat,2026-08-31,2026-09-06,1,dbbe45b033ef4cf2fb49ddad08594d713238006b06de55043335d71a6b5a0f9c,1,citywide,citywide,Citywide,rape,Rape,last_28_days,percent_change,percent,2026,2025,1,,,*,,undefined_zero_denominator,,undefined_zero_denominator,wilmington-compstat-v2,validated
weekly-2026-09-06-r1,weekly_compstat,2026-08-31,2026-09-06,1,dbbe45b033ef4cf2fb49ddad08594d713238006b06de55043335d71a6b5a0f9c,1,citywide,citywide,Citywide,rape,Rape,year_to_date,count,count,2026,,,4,,4,,not_applicable,,,wilmington-compstat-v2,validated
weekly-2026-09-06-r1,weekly_compstat,2026-08-31,2026-09-06,1,dbbe45b033ef4cf2fb49ddad08594d713238006b06de55043335d71a6b5a0f9c,1,citywide,citywide,Citywide,rape,Rape,year_to_date,count,count,2025,,,1,,1,,not_applicable,,,wilmington-compstat-v2,validated
weekly-2026-09-06-r1,weekly_compstat,2026-08-31,2026-09-06,1,dbbe45b033ef4cf2fb49ddad08594d713238006b06de55043335d71a6b5a0f9c,1,citywide,citywide,Citywide,rape,Rape,year_to_date,percent_change,percent,2026,2025,1,300.0,3.0,300%,300.0,matched,,,wilmington-compstat-v2,validated
weekly-2026-09-06-r1,weekly_compstat,2026-08-31,2026-09-06,1,dbbe45b033ef4cf2fb49ddad08594d713238006b06de55043335d71a6b5a0f9c,1,citywide,citywide,Citywide,rape,Rape,year_to_date,percent_change,percent,2026,2024,2,100.0,1.0,100%,,not_checkable,,,wilmington-compstat-v2,validated
weekly-2026-09-06-r1,weekly_compstat,2026-08-31,2026-09-06,1,dbbe45b033ef4cf2fb49ddad08594d713238006b06de55043335d71a6b5a0f9c,1,citywide,citywide,Citywide,rape,Rape,year_to_date,percent_change,percent,2026,2023,3,33.0,0.33,33%,,not_checkable,,,wilmington-compstat-v2,validated
weekly-2026-09-06-r1,weekly_compstat,2026-08-31,2026-09-06,1,dbbe45b033ef4cf2fb49ddad08594d713238006b06de55043335d71a6b5a0f9c,1,citywide,citywide,Citywide,rape,Rape,year_to_date,percent_change,percent,2026,2022,4,-56.0,-0.56,-56%,,not_checkable,,,wilmington-compstat-v2,validated
weekly-2026-09-06-r1,weekly_compstat,2026-08-31,2026-09-06,1,dbbe45b033ef4cf2fb49ddad08594d713238006b06de55043335d71a6b5a0f9c,1,citywide,citywide,Citywide,rape,Rape,year_to_date,percent_change,percent,2026,2021,5,0.0,0.0,0%,,not_checkable,,,wilmington-compstat-v2,validated
weekly-2026-09-06-r1,weekly_compstat,2026-08-31,2026-09-06,1,dbbe45b033ef4cf2fb49ddad08594d713238006b06de55043335d71a6b5a0f9c,1,citywide,citywide,Citywide,rape,Rape,year_to_date,percent_change,percent,2026,2020,6,-33.0,-0.33,-33%,,not_checkable,,,wilmington-compstat-v2,validated
weekly-2026-09-06-r1,weekly_compstat,2026-08-31,2026-09-06,1,dbbe45b033ef4cf2fb49ddad08594d713238006b06de55043335d71a6b5a0f9c,1,citywide,citywide,Citywide,robbery,Robbery,last_7_days,count,count,2026,,,7,,7,,not_applicable,,,wilmington-compstat-v2,validated
weekly-2026-09-06-r1,weekly_compstat,2026-08-31,2026-09-06,1,dbbe45b033ef4cf2fb49ddad08594d713238006b06de55043335d71a6b5a0f9c,1,citywide,citywide,Citywide,robbery,Robbery,last_7_days,count,count,2025,,,4,,4,,not_applicable,,,wilmington-compstat-v2,validated
weekly-2026-09-06-r1,weekly_compstat,2026-08-31,2026-09-06,1,dbbe45b033ef4cf2fb49ddad08594d713238006b06de55043335d71a6b5a0f9c,1,citywide,citywide,Citywide,robbery,Robbery,last_7_days,percent_change,percent,2026,2025,1,75.0,0.75,75%,75.0,matched,,,wilmington-compstat-v2,validated
weekly-2026-09-06-r1,weekly_compstat,2026-08-31,2026-09-06,1,dbbe45b033ef4cf2fb49ddad08594d713238006b06de55043335d71a6b5a0f9c,1,citywide,citywide,Citywide,robbery,Robbery,last_28_days,count,count,2026,,,13,,13,,not_applicable,,,wilmington-compstat-v2,validated
weekly-2026-09-06-r1,weekly_compstat,2026-08-31,2026-09-06,1,dbbe45b033ef4cf2fb49ddad08594d713238006b06de55043335d71a6b5a0f9c,1,citywide,citywide,Citywide,robbery,Robbery,last_28_days,count,count,2025,,,13,,13,,not_applicable,,,wilmington-compstat-v2,validated
weekly-2026-09-06-r1,weekly_compstat,2026-08-31,2026-09-06,1,dbbe45b033ef4cf2fb49ddad08594d713238006b06de55043335d71a6b5a0f9c,1,citywide,citywide,Citywide,robbery,Robbery,last_28_days,percent_change,percent,2026,2025,1,0.0,0.0,0%,0.0,matched,,,wilmington-compstat-v2,validated
weekly-2026-09-06-r1,weekly_compstat,2026-08-31,2026-09-06,1,dbbe45b033ef4cf2fb49ddad08594d713238006b06de55043335d71a6b5a0f9c,1,citywide,citywide,Citywide,robbery,Robbery,year_to_date,count,count,2026,,,145,,145,,not_applicable,,,wilmington-compstat-v2,validated
weekly-2026-09-06-r1,weekly_compstat,2026-08-31,2026-09-06,1,dbbe45b033ef4cf2fb49ddad08594d713238006b06de55043335d71a6b5a0f9c,1,citywide,citywide,Citywide,robbery,Robbery,year_to_date,count,count,2025,,,132,,132,,not_applicable,,,wilmington-compstat-v2,validated
weekly-2026-09-06-r1,weekly_compstat,2026-08-31,2026-09-06,1,dbbe45b033ef4cf2fb49ddad08594d713238006b06de55043335d71a6b5a0f9c,1,citywide,citywide,Citywide,robbery,Robbery,year_to_date,percent_change,percent,2026,2025,1,10.0,0.1,10%,9.848485,matched,,,wilmington-compstat-v2,validated
weekly-2026-09-06-r1,weekly_compstat,2026-08-31,2026-09-06,1,dbbe45b033ef4cf2fb49ddad08594d713238006b06de55043335d71a6b5a0f9c,1,citywide,citywide,Citywide,robbery,Robbery,year_to_date,percent_change,percent,2026,2024,2,27.0,0.27,27%,,not_checkable,,,wilmington-compstat-v2,validated
weekly-2026-09-06-r1,weekly_compstat,2026-08-31,2026-09-06,1,dbbe45b033ef4cf2fb49ddad08594d713238006b06de55043335d71a6b5a0f9c,1,citywide,citywide,Citywide,robbery,Robbery,year_to_date,percent_change,percent,2026,2023,3,1.0,0.01,1%,,not_checkable,,,wilmington-compstat-v2,validated
weekly-2026-09-06-r1,weekly_compstat,2026-08-31,2026-09-06,1,dbbe45b033ef4cf2fb49ddad08594d713238006b06de55043335d71a6b5a0f9c,1,citywide,citywide,Citywide,robbery,Robbery,year_to_date,percent_change,percent,2026,2022,4,-1.0,-0.01,-1%,,not_checkable,,,wilmington-compstat-v2,validated
weekly-2026-09-06-r1,weekly_compstat,2026-08-31,2026-09-06,1,dbbe45b033ef4cf2fb49ddad08594d713238006b06de55043335d71a6b5a0f9c,1,citywide,citywide,Citywide,robbery,Robbery,year_to_date,percent_change,percent,2026,2021,5,13.0,0.13,13%,,not_checkable,,,wilmington-compstat-v2,validated
weekly-2026-09-06-r1,weekly_compstat,2026-08-31,2026-09-06,1,dbbe45b033ef4cf2fb49ddad08594d713238006b06de55043335d71a6b5a0f9c,1,citywide,citywide,Citywide,robbery,Robbery,year_to_date,percent_change,percent,2026,2020,6,-18.0,-0.18,-18%,,not_checkable,,,wilmington-compstat-v2,validated
weekly-2026-09-06-r1,weekly_compstat,2026-08-31,2026-09-06,1,dbbe45b033ef4cf2fb49ddad08594d713238006b06de55043335d71a6b5a0f9c,1,citywide,citywide,Citywide,aggravated_assault,Agg. Assault,last_7_days,count,count,2026,,,10,,10,,not_applicable,,,wilmington-compstat-v2,validated
weekly-2026-09-06-r1,weekly_compstat,2026-08-31,2026-09-06,1,dbbe45b033ef4cf2fb49ddad08594d713238006b06de55043335d71a6b5a0f9c,1,citywide,citywide,Citywide,aggravated_assault,Agg. Assault,last_7_days,count,count,2025,,,11,,11,,not_applicable,,,wilmington-compstat-v2,validated
weekly-2026-09-06-r1,weekly_compstat,2026-08-31,2026-09-06,1,dbbe45b033ef4cf2fb49ddad08594d713238006b06de55043335d71a6b5a0f9c,1,citywide,citywide,Citywide,aggravated_assault,Agg. Assault,last_7_days,percent_change,percent,2026,2025,1,-9.0,-0.09,-9%,-9.090909,matched,,,wilmington-compstat-v2,validated
weekly-2026-09-06-r1,weekly_compstat,2026-08-31,2026-09-06,1,dbbe45b033ef4cf2fb49ddad08594d713238006b06de55043335d71a6b5a0f9c,1,citywide,citywide,Citywide,aggravated_assault,Agg. Assault,last_28_days,count,count,2026,,,41,,41,,not_applicable,,,wilmington-compstat-v2,validated
weekly-2026-09-06-r1,weekly_compstat,2026-08-31,2026-09-06,1,dbbe45b033ef4cf2fb49ddad08594d713238006b06de55043335d71a6b5a0f9c,1,citywide,citywide,Citywide,aggravated_assault,Agg. Assault,last_28_days,count,count,2025,,,39,,39,,not_applicable,,,wilmington-compstat-v2,validated
weekly-2026-09-06-r1,weekly_compstat,2026-08-31,2026-09-06,1,dbbe45b033ef4cf2fb49ddad08594d713238006b06de55043335d71a6b5a0f9c,1,citywide,citywide,Citywide,aggravated_assault,Agg. Assault,last_28_days,percent_change,percent,2026,2025,1,5.0,0.05,5%,5.128205,matched,,,wilmington-compstat-v2,validated
weekly-2026-09-06-r1,weekly_compstat,2026-08-31,2026-09-06,1,dbbe45b033ef4cf2fb49ddad08594d713238006b06de55043335d71a6b5a0f9c,1,citywide,citywide,Citywide,aggravated_assault,Agg. Assault,year_to_date,count,count,2026,,,298,,298,,not_applicable,,,wilmington-compstat-v2,validated
weekly-2026-09-06-r1,weekly_compstat,2026-08-31,2026-09-06,1,dbbe45b033ef4cf2fb49ddad08594d713238006b06de55043335d71a6b5a0f9c,1,citywide,citywide,Citywide,aggravated_assault,Agg. Assault,year_to_date,count,count,2025,,,284,,284,,not_applicable,,,wilmington-compstat-v2,validated
weekly-2026-09-06-r1,weekly_compstat,2026-08-31,2026-09-06,1,dbbe45b033ef4cf2fb49ddad08594d713238006b06de55043335d71a6b5a0f9c,1,citywide,citywide,Citywide,aggravated_assault,Agg. Assault,year_to_date,percent_change,percent,2026,2025,1,5.0,0.05,5%,4.929577,matched,,,wilmington-compstat-v2,validated
weekly-2026-09-06-r1,weekly_compstat,2026-08-31,2026-09-06,1,dbbe45b033ef4cf2fb49ddad08594d713238006b06de55043335d71a6b5a0f9c,1,citywide,citywide,Citywide,aggravated_assault,Agg. Assault,year_to_date,percent_change,percent,2026,2024,2,16.0,0.16,16%,,not_checkable,,,wilmington-compstat-v2,validated
weekly-2026-09-06-r1,weekly_compstat,2026-08-31,2026-09-06,1,dbbe45b033ef4cf2fb49ddad08594d713238006b06de55043335d71a6b5a0f9c,1,citywide,citywide,Citywide,aggravated_assault,Agg. Assault,year_to_date,percent_change,percent,2026,2023,3,1.0,0.01,1%,,not_checkable,,,wilmington-compstat-v2,validated
weekly-2026-09-06-r1,weekly_compstat,2026-08-31,2026-09-06,1,dbbe45b033ef4cf2fb49ddad08594d713238006b06de55043335d71a6b5a0f9c,1,citywide,citywide,Citywide,aggravated_assault,Agg. Assault,year_to_date,percent_change,percent,2026,2022,4,20.0,0.2,20%,,not_checkable,,,wilmington-compstat-v2,validated
weekly-2026-09-06-r1,weekly_compstat,2026-08-31,2026-09-06,1,dbbe45b033ef4cf2fb49ddad08594d713238006b06de55043335d71a6b5a0f9c,1,citywide,citywide,Citywide,aggravated_assault,Agg. Assault,year_to_date,percent_change,percent,2026,2021,5,-10.0,-0.1,-10%,,not_checkable,,,wilmington-compstat-v2,validated
weekly-2026-09-06-r1,weekly_compstat,2026-08-31,2026-09-06,1,dbbe45b033ef4cf2fb49ddad08594d713238006b06de55043335d71a6b5a0f9c,1,citywide,citywide,Citywide,aggravated_assault,Agg. Assault,year_to_date,percent_change,percent,2026,2020,6,-2.0,-0.02,-2%,,not_checkable,,,wilmington-compstat-v2,validated
weekly-2026-09-06-r1,weekly_compstat,2026-08-31,2026-09-06,1,dbbe45b033ef4cf2fb49ddad08594d713238006b06de55043335d71a6b5a0f9c,1,citywide,citywide,Citywide,burglary,Burglary,last_7_days,count,count,2026,,,1,,1,,not_applicable,,,wilmington-compstat-v2,validated
weekly-2026-09-06-r1,weekly_compstat,2026-08-31,2026-09-06,1,dbbe45b033ef4cf2fb49ddad08594d713238006b06de55043335d71a6b5a0f9c,1,citywide,citywide,Citywide,burglary,Burglary,last_7_days,count,count,2025,,,4,,4,,not_applicable,,,wilmington-compstat-v2,validated
weekly-2026-09-06-r1,weekly_compstat,2026-08-31,2026-09-06,1,dbbe45b033ef4cf2fb49ddad08594d713238006b06de55043335d71a6b5a0f9c,1,citywide,citywide,Citywide,burglary,Burglary,last_7_days,percent_change,percent,2026,2025,1,-75.0,-0.75,-75%,-75.0,matched,,,wilmington-compstat-v2,validated
weekly-2026-09-06-r1,weekly_compstat,2026-08-31,2026-09-06,1,dbbe45b033ef4cf2fb49ddad08594d713238006b06de55043335d71a6b5a0f9c,1,citywide,citywide,Citywide,burglary,Burglary,last_28_days,count,count,2026,,,18,,18,,not_applicable,,,wilmington-compstat-v2,validated
weekly-2026-09-06-r1,weekly_compstat,2026-08-31,2026-09-06,1,dbbe45b033ef4cf2fb49ddad08594d713238006b06de55043335d71a6b5a0f9c,1,citywide,citywide,Citywide,burglary,Burglary,last_28_days,count,count,2025,,,28,,28,,not_applicable,,,wilmington-compstat-v2,validated
weekly-2026-09-06-r1,weekly_compstat,2026-08-31,2026-09-06,1,dbbe45b033ef4cf2fb49ddad08594d713238006b06de55043335d71a6b5a0f9c,1,citywide,citywide,Citywide,burglary,Burglary,last_28_days,percent_change,percent,2026,2025,1,-36.0,-0.36,-36%,-35.714286,matched,,,wilmington-compstat-v2,validated
weekly-2026-09-06-r1,weekly_compstat,2026-08-31,2026-09-06,1,dbbe45b033ef4cf2fb49ddad08594d713238006b06de55043335d71a6b5a0f9c,1,citywide,citywide,Citywide,burglary,Burglary,year_to_date,count,count,2026,,,236,,236,,not_applicable,,,wilmington-compstat-v2,validated
weekly-2026-09-06-r1,weekly_compstat,2026-08-31,2026-09-06,1,dbbe45b033ef4cf2fb49ddad08594d713238006b06de55043335d71a6b5a0f9c,1,citywide,citywide,Citywide,burglary,Burglary,year_to_date,count,count,2025,,,256,,256,,not_applicable,,,wilmington-compstat-v2,validated
weekly-2026-09-06-r1,weekly_compstat,2026-08-31,2026-09-06,1,dbbe45b033ef4cf2fb49ddad08594d713238006b06de55043335d71a6b5a0f9c,1,citywide,citywide,Citywide,burglary,Burglary,year_to_date,percent_change,percent,2026,2025,1,-8.0,-0.08,-8%,-7.8125,matched,,,wilmington-compstat-v2,validated
weekly-2026-09-06-r1,weekly_compstat,2026-08-31,2026-09-06,1,dbbe45b033ef4cf2fb49ddad08594d713238006b06de55043335d71a6b5a0f9c,1,citywide,citywide,Citywide,burglary,Burglary,year_to_date,percent_change,percent,2026,2024,2,9.0,0.09,9%,,not_checkable,,,wilmington-compstat-v2,validated
weekly-2026-09-06-r1,weekly_compstat,2026-08-31,2026-09-06,1,dbbe45b033ef4cf2fb49ddad08594d713238006b06de55043335d71a6b5a0f9c,1,citywide,citywide,Citywide,burglary,Burglary,year_to_date,percent_change,percent,2026,2023,3,-7.0,-0.07,-7%,,not_checkable,,,wilmington-compstat-v2,validated
weekly-2026-09-06-r1,weekly_compstat,2026-08-31,2026-09-06,1,dbbe45b033ef4cf2fb49ddad08594d713238006b06de55043335d71a6b5a0f9c,1,citywide,citywide,Citywide,burglary,Burglary,year_to_date,percent_change,percent,2026,2022,4,-15.0,-0.15,-15%,,not_checkable,,,wilmington-compstat-v2,validated
weekly-2026-09-06-r1,weekly_compstat,2026-08-31,2026-09-06,1,dbbe45b033ef4cf2fb49ddad08594d713238006b06de55043335d71a6b5a0f9c,1,citywide,citywide,Citywide,burglary,Burglary,year_to_date,percent_change,percent,2026,2021,5,-21.0,-0.21,-21%,,not_checkable,,,wilmington-compstat-v2,validated
weekly-2026-09-06-r1,weekly_compstat,2026-08-31,2026-09-06,1,dbbe45b033ef4cf2fb49ddad08594d713238006b06de55043335d71a6b5a0f9c,1,citywide,citywide,Citywide,burglary,Burglary,year_to_date,percent_change,percent,2026,2020,6,-33.0,-0.33,-33%,,not_checkable,,,wilmington-compstat-v2,validated
weekly-2026-09-06-r1,weekly_compstat,2026-08-31,2026-09-06,1,dbbe45b033ef4cf2fb49ddad08594d713238006b06de55043335d71a6b5a0f9c,1,citywide,citywide,Citywide,felony_theft,Felony Theft,last_7_days,count,count,2026,,,6,,6,,not_applicable,,,wilmington-compstat-v2,validated
weekly-2026-09-06-r1,weekly_compstat,2026-08-31,2026-09-06,1,dbbe45b033ef4cf2fb49ddad08594d713238006b06de55043335d71a6b5a0f9c,1,citywide,citywide,Citywide,felony_theft,Felony Theft,last_7_days,count,count,2025,,,8,,8,,not_applicable,,,wilmington-compstat-v2,validated
weekly-2026-09-06-r1,weekly_compstat,2026-08-31,2026-09-06,1,dbbe45b033ef4cf2fb49ddad08594d713238006b06de55043335d71a6b5a0f9c,1,citywide,citywide,Citywide,felony_theft,Felony Theft,last_7_days,percent_change,percent,2026,2025,1,-25.0,-0.25,-25%,-25.0,matched,,,wilmington-compstat-v2,validated
weekly-2026-09-06-r1,weekly_compstat,2026-08-31,2026-09-06,1,dbbe45b033ef4cf2fb49ddad08594d713238006b06de55043335d71a6b5a0f9c,1,citywide,citywide,Citywide,felony_theft,Felony Theft,last_28_days,count,count,2026,,,23,,23,,not_applicable,,,wilmington-compstat-v2,validated
weekly-2026-09-06-r1,weekly_compstat,2026-08-31,2026-09-06,1,dbbe45b033ef4cf2fb49ddad08594d713238006b06de55043335d71a6b5a0f9c,1,citywide,citywide,Citywide,felony_theft,Felony Theft,last_28_days,count,count,2025,,,22,,22,,not_applicable,,,wilmington-compstat-v2,validated
weekly-2026-09-06-r1,weekly_compstat,2026-08-31,2026-09-06,1,dbbe45b033ef4cf2fb49ddad08594d713238006b06de55043335d71a6b5a0f9c,1,citywide,citywide,Citywide,felony_theft,Felony Theft,last_28_days,percent_change,percent,2026,2025,1,5.0,0.05,5%,4.545455,matched,,,wilmington-compstat-v2,validated
weekly-2026-09-06-r1,weekly_compstat,2026-08-31,2026-09-06,1,dbbe45b033ef4cf2fb49ddad08594d713238006b06de55043335d71a6b5a0f9c,1,citywide,citywide,Citywide,felony_theft,Felony Theft,year_to_date,count,count,2026,,,163,,163,,not_applicable,,,wilmington-compstat-v2,validated
weekly-2026-09-06-r1,weekly_compstat,2026-08-31,2026-09-06,1,dbbe45b033ef4cf2fb49ddad08594d713238006b06de55043335d71a6b5a0f9c,1,citywide,citywide,Citywide,felony_theft,Felony Theft,year_to_date,count,count,2025,,,168,,168,,not_applicable,,,wilmington-compstat-v2,validated
weekly-2026-09-06-r1,weekly_compstat,2026-08-31,2026-09-06,1,dbbe45b033ef4cf2fb49ddad08594d713238006b06de55043335d71a6b5a0f9c,1,citywide,citywide,Citywide,felony_theft,Felony Theft,year_to_date,percent_change,percent,2026,2025,1,-3.0,-0.03,-3%,-2.97619,matched,,,wilmington-compstat-v2,validated
weekly-2026-09-06-r1,weekly_compstat,2026-08-31,2026-09-06,1,dbbe45b033ef4cf2fb49ddad08594d713238006b06de55043335d71a6b5a0f9c,1,citywide,citywide,Citywide,felony_theft,Felony Theft,year_to_date,percent_change,percent,2026,2024,2,-8.0,-0.08,-8%,,not_checkable,,,wilmington-compstat-v2,validated
weekly-2026-09-06-r1,weekly_compstat,2026-08-31,2026-09-06,1,dbbe45b033ef4cf2fb49ddad08594d713238006b06de55043335d71a6b5a0f9c,1,citywide,citywide,Citywide,felony_theft,Felony Theft,year_to_date,percent_change,percent,2026,2023,3,-22.0,-0.22,-22%,,not_checkable,,,wilmington-compstat-v2,validated
weekly-2026-09-06-r1,weekly_compstat,2026-08-31,2026-09-06,1,dbbe45b033ef4cf2fb49ddad08594d713238006b06de55043335d71a6b5a0f9c,1,citywide,citywide,Citywide,felony_theft,Felony Theft,year_to_date,percent_change,percent,2026,2022,4,-26.0,-0.26,-26%,,not_checkable,,,wilmington-compstat-v2,validated
weekly-2026-09-06-r1,weekly_compstat,2026-08-31,2026-09-06,1,dbbe45b033ef4cf2fb49ddad08594d713238006b06de55043335d71a6b5a0f9c,1,citywide,citywide,Citywide,felony_theft,Felony Theft,year_to_date,percent_change,percent,2026,2021,5,-20.0,-0.2,-20%,,not_checkable,,,wilmington-compstat-v2,validated
weekly-2026-09-06-r1,weekly_compstat,2026-08-31,2026-09-06,1,dbbe45b033ef4cf2fb49ddad08594d713238006b06de55043335d71a6b5a0f9c,1,citywide,citywide,Citywide,felony_theft,Felony Theft,year_to_date,percent_change,percent,2026,2020,6,11.0,0.11,11%,,not_checkable,,,wilmington-compstat-v2,validated
weekly-2026-09-06-r1,weekly_compstat,2026-08-31,2026-09-06,1,dbbe45b033ef4cf2fb49ddad08594d713238006b06de55043335d71a6b5a0f9c,1,citywide,citywide,Citywide,auto_theft,Auto Theft,last_7_days,count,count,2026,,,2,,2,,not_applicable,,,wilmington-compstat-v2,validated
weekly-2026-09-06-r1,weekly_compstat,2026-08-31,2026-09-06,1,dbbe45b033ef4cf2fb49ddad08594d713238006b06de55043335d71a6b5a0f9c,1,citywide,citywide,Citywide,auto_theft,Auto Theft,last_7_days,count,count,2025,,,9,,9,,not_applicable,,,wilmington-compstat-v2,validated
weekly-2026-09-06-r1,weekly_compstat,2026-08-31,2026-09-06,1,dbbe45b033ef4cf2fb49ddad08594d713238006b06de55043335d71a6b5a0f9c,1,citywide,citywide,Citywide,auto_theft,Auto Theft,last_7_days,percent_change,percent,2026,2025,1,-78.0,-0.78,-78%,-77.777778,matched,,,wilmington-compstat-v2,validated
weekly-2026-09-06-r1,weekly_compstat,2026-08-31,2026-09-06,1,dbbe45b033ef4cf2fb49ddad08594d713238006b06de55043335d71a6b5a0f9c,1,citywide,citywide,Citywide,auto_theft,Auto Theft,last_28_days,count,count,2026,,,21,,21,,not_applicable,,,wilmington-compstat-v2,validated
weekly-2026-09-06-r1,weekly_compstat,2026-08-31,2026-09-06,1,dbbe45b033ef4cf2fb49ddad08594d713238006b06de55043335d71a6b5a0f9c,1,citywide,citywide,Citywide,auto_theft,Auto Theft,last_28_days,count,count,2025,,,30,,30,,not_applicable,,,wilmington-compstat-v2,validated
weekly-2026-09-06-r1,weekly_compstat,2026-08-31,2026-09-06,1,dbbe45b033ef4cf2fb49ddad08594d713238006b06de55043335d71a6b5a0f9c,1,citywide,citywide,Citywide,auto_theft,Auto Theft,last_28_days,percent_change,percent,2026,2025,1,-30.0,-0.3,-30%,-30.0,matched,,,wilmington-compstat-v2,validated
weekly-2026-09-06-r1,weekly_compstat,2026-08-31,2026-09-06,1,dbbe45b033ef4cf2fb49ddad08594d713238006b06de55043335d71a6b5a0f9c,1,citywide,citywide,Citywide,auto_theft,Auto Theft,year_to_date,count,count,2026,,,198,,198,,not_applicable,,,wilmington-compstat-v2,validated
weekly-2026-09-06-r1,weekly_compstat,2026-08-31,2026-09-06,1,dbbe45b033ef4cf2fb49ddad08594d713238006b06de55043335d71a6b5a0f9c,1,citywide,citywide,Citywide,auto_theft,Auto Theft,year_to_date,count,count,2025,,,287,,287,,not_applicable,,,wilmington-compstat-v2,validated
weekly-2026-09-06-r1,weekly_compstat,2026-08-31,2026-09-06,1,dbbe45b033ef4cf2fb49ddad08594d713238006b06de55043335d71a6b5a0f9c,1,citywide,citywide,Citywide,auto_theft,Auto Theft,year_to_date,percent_change,percent,2026,2025,1,-31.0,-0.31,-31%,-31.010453,matched,,,wilmington-compstat-v2,validated
weekly-2026-09-06-r1,weekly_compstat,2026-08-31,2026-09-06,1,dbbe45b033ef4cf2fb49ddad08594d713238006b06de55043335d71a6b5a0f9c,1,citywide,citywide,Citywide,auto_theft,Auto Theft,year_to_date,percent_change,percent,2026,2024,2,-40.0,-0.4,-40%,,not_checkable,,,wilmington-compstat-v2,validated
weekly-2026-09-06-r1,weekly_compstat,2026-08-31,2026-09-06,1,dbbe45b033ef4cf2fb49ddad08594d713238006b06de55043335d71a6b5a0f9c,1,citywide,citywide,Citywide,auto_theft,Auto Theft,year_to_date,percent_change,percent,2026,2023,3,-40.0,-0.4,-40%,,not_checkable,,,wilmington-compstat-v2,validated
weekly-2026-09-06-r1,weekly_compstat,2026-08-31,2026-09-06,1,dbbe45b033ef4cf2fb49ddad08594d713238006b06de55043335d71a6b5a0f9c,1,citywide,citywide,Citywide,auto_theft,Auto Theft,year_to_date,percent_change,percent,2026,2022,4,-19.0,-0.19,-19%,,not_checkable,,,wilmington-compstat-v2,validated
weekly-2026-09-06-r1,weekly_compstat,2026-08-31,2026-09-06,1,dbbe45b033ef4cf2fb49ddad08594d713238006b06de55043335d71a6b5a0f9c,1,citywide,citywide,Citywide,auto_theft,Auto Theft,year_to_date,percent_change,percent,2026,2021,5,-29.0,-0.29,-29%,,not_checkable,,,wilmington-compstat-v2,validated
weekly-2026-09-06-r1,weekly_compstat,2026-08-31,2026-09-06,1,dbbe45b033ef4cf2fb49ddad08594d713238006b06de55043335d71a6b5a0f9c,1,citywide,citywide,Citywide,auto_theft,Auto Theft,year_to_date,percent_change,percent,2026,2020,6,-25.0,-0.25,-25%,,not_checkable,,,wilmington-compstat-v2,validated
weekly-2026-09-06-r1,weekly_compstat,2026-08-31,2026-09-06,1,dbbe45b033ef4cf2fb49ddad08594d713238006b06de55043335d71a6b5a0f9c,1,citywide,citywide,Citywide,major_crime_total,TOTAL,last_7_days,count,count,2026,,,27,,27,,not_applicable,,,wilmington-compstat-v2,validated
weekly-2026-09-06-r1,weekly_compstat,2026-08-31,2026-09-06,1,dbbe45b033ef4cf2fb49ddad08594d713238006b06de55043335d71a6b5a0f9c,1,citywide,citywide,Citywide,major_crime_total,TOTAL,last_7_days,count,count,2025,,,37,,37,,not_applicable,,,wilmington-compstat-v2,validated
weekly-2026-09-06-r1,weekly_compstat,2026-08-31,2026-09-06,1,dbbe45b033ef4cf2fb49ddad08594d713238006b06de55043335d71a6b5a0f9c,1,citywide,citywide,Citywide,major_crime_total,TOTAL,last_7_days,percent_change,percent,2026,2025,1,-27.0,-0.27,-27%,-27.027027,matched,,,wilmington-compstat-v2,validated
weekly-2026-09-06-r1,weekly_compstat,2026-08-31,2026-09-06,1,dbbe45b033ef4cf2fb49ddad08594d713238006b06de55043335d71a6b5a0f9c,1,citywide,citywide,Citywide,major_crime_total,TOTAL,last_28_days,count,count,2026,,,117,,117,,not_applicable,,,wilmington-compstat-v2,validated
weekly-2026-09-06-r1,weekly_compstat,2026-08-31,2026-09-06,1,dbbe45b033ef4cf2fb49ddad08594d713238006b06de55043335d71a6b5a0f9c,1,citywide,citywide,Citywide,major_crime_total,TOTAL,last_28_days,count,count,2025,,,134,,134,,not_applicable,,,wilmington-compstat-v2,validated
weekly-2026-09-06-r1,weekly_compstat,2026-08-31,2026-09-06,1,dbbe45b033ef4cf2fb49ddad08594d713238006b06de55043335d71a6b5a0f9c,1,citywide,citywide,Citywide,major_crime_total,TOTAL,last_28_days,percent_change,percent,2026,2025,1,-13.0,-0.13,-13%,-12.686567,matched,,,wilmington-compstat-v2,validated
weekly-2026-09-06-r1,weekly_compstat,2026-08-31,2026-09-06,1,dbbe45b033ef4cf2fb49ddad08594d713238006b06de55043335d71a6b5a0f9c,1,citywide,citywide,Citywide,major_crime_total,TOTAL,year_to_date,count,count,2026,,,1051,,1051,,not_applicable,,,wilmington-compstat-v2,validated
weekly-2026-09-06-r1,weekly_compstat,2026-08-31,2026-09-06,1,dbbe45b033ef4cf2fb49ddad08594d713238006b06de55043335d71a6b5a0f9c,1,citywide,citywide,Citywide,major_crime_total,TOTAL,year_to_date,count,count,2025,,,1139,,1139,,not_applicable,,,wilmington-compstat-v2,validated
weekly-2026-09-06-r1,weekly_compstat,2026-08-31,2026-09-06,1,dbbe45b033ef4cf2fb49ddad08594d713238006b06de55043335d71a6b5a0f9c,1,citywide,citywide,Citywide,major_crime_total,TOTAL,year_to_date,percent_change,percent,2026,2025,1,-8.0,-0.08,-8%,-7.726076,matched,,,wilmington-compstat-v2,validated
weekly-2026-09-06-r1,weekly_compstat,2026-08-31,2026-09-06,1,dbbe45b033ef4cf2fb49ddad08594d713238006b06de55043335d71a6b5a0f9c,1,citywide,citywide,Citywide,major_crime_total,TOTAL,year_to_date,percent_change,percent,2026,2024,2,-6.0,-0.06,-6%,,not_checkable,,,wilmington-compstat-v2,validated
weekly-2026-09-06-r1,weekly_compstat,2026-08-31,2026-09-06,1,dbbe45b033ef4cf2fb49ddad08594d713238006b06de55043335d71a6b5a0f9c,1,citywide,citywide,Citywide,major_crime_total,TOTAL,year_to_date,percent_change,percent,2026,2023,3,-16.0,-0.16,-16%,,not_checkable,,,wilmington-compstat-v2,validated
weekly-2026-09-06-r1,weekly_compstat,2026-08-31,2026-09-06,1,dbbe45b033ef4cf2fb49ddad08594d713238006b06de55043335d71a6b5a0f9c,1,citywide,citywide,Citywide,major_crime_total,TOTAL,year_to_date,percent_change,percent,2026,2022,4,-9.0,-0.09,-9%,,not_checkable,,,wilmington-compstat-v2,validated
weekly-2026-09-06-r1,weekly_compstat,2026-08-31,2026-09-06,1,dbbe45b033ef4cf2fb49ddad08594d713238006b06de55043335d71a6b5a0f9c,1,citywide,citywide,Citywide,major_crime_total,TOTAL,year_to_date,percent_change,percent,2026,2021,5,-17.0,-0.17,-17%,,not_checkable,,,wilmington-compstat-v2,validated
weekly-2026-09-06-r1,weekly_compstat,2026-08-31,2026-09-06,1,dbbe45b033ef4cf2fb49ddad08594d713238006b06de55043335d71a6b5a0f9c,1,citywide,citywide,Citywide,major_crime_total,TOTAL,year_to_date,percent_change,percent,2026,2020,6,-17.0,-0.17,-17%,,not_checkable,,,wilmington-compstat-v2,validated
weekly-2026-09-06-r1,weekly_compstat,2026-08-31,2026-09-06,1,dbbe45b033ef4cf2fb49ddad08594d713238006b06de55043335d71a6b5a0f9c,1,citywide,citywide,Citywide,shooting_incidents,Shooting Incidents,last_7_days,count,count,2026,,,2,,2,,not_applicable,,,wilmington-compstat-v2,validated
weekly-2026-09-06-r1,weekly_compstat,2026-08-31,2026-09-06,1,dbbe45b033ef4cf2fb49ddad08594d713238006b06de55043335d71a6b5a0f9c,1,citywide,citywide,Citywide,shooting_incidents,Shooting Incidents,last_7_days,count,count,2025,,,4,,4,,not_applicable,,,wilmington-compstat-v2,validated
weekly-2026-09-06-r1,weekly_compstat,2026-08-31,2026-09-06,1,dbbe45b033ef4cf2fb49ddad08594d713238006b06de55043335d71a6b5a0f9c,1,citywide,citywide,Citywide,shooting_incidents,Shooting Incidents,last_7_days,percent_change,percent,2026,2025,1,-50.0,-0.5,-50%,-50.0,matched,,,wilmington-compstat-v2,validated
weekly-2026-09-06-r1,weekly_compstat,2026-08-31,2026-09-06,1,dbbe45b033ef4cf2fb49ddad08594d713238006b06de55043335d71a6b5a0f9c,1,citywide,citywide,Citywide,shooting_incidents,Shooting Incidents,last_28_days,count,count,2026,,,7,,7,,not_applicable,,,wilmington-compstat-v2,validated
weekly-2026-09-06-r1,weekly_compstat,2026-08-31,2026-09-06,1,dbbe45b033ef4cf2fb49ddad08594d713238006b06de55043335d71a6b5a0f9c,1,citywide,citywide,Citywide,shooting_incidents,Shooting Incidents,last_28_days,count,count,2025,,,8,,8,,not_applicable,,,wilmington-compstat-v2,validated
weekly-2026-09-06-r1,weekly_compstat,2026-08-31,2026-09-06,1,dbbe45b033ef4cf2fb49ddad08594d713238006b06de55043335d71a6b5a0f9c,1,citywide,citywide,Citywide,shooting_incidents,Shooting Incidents,last_28_days,percent_change,percent,2026,2025,1,-13.0,-0.13,-13%,-12.5,matched,,,wilmington-compstat-v2,validated
weekly-2026-09-06-r1,weekly_compstat,2026-08-31,2026-09-06,1,dbbe45b033ef4cf2fb49ddad08594d713238006b06de55043335d71a6b5a0f9c,1,citywide,citywide,Citywide,shooting_incidents,Shooting Incidents,year_to_date,count,count,2026,,,47,,47,,not_applicable,,,wilmington-compstat-v2,validated
weekly-2026-09-06-r1,weekly_compstat,2026-08-31,2026-09-06,1,dbbe45b033ef4cf2fb49ddad08594d713238006b06de55043335d71a6b5a0f9c,1,citywide,citywide,Citywide,shooting_incidents,Shooting Incidents,year_to_date,count,count,2025,,,42,,42,,not_applicable,,,wilmington-compstat-v2,validated
weekly-2026-09-06-r1,weekly_compstat,2026-08-31,2026-09-06,1,dbbe45b033ef4cf2fb49ddad08594d713238006b06de55043335d71a6b5a0f9c,1,citywide,citywide,Citywide,shooting_incidents,Shooting Incidents,year_to_date,percent_change,percent,2026,2025,1,12.0,0.12,12%,11.904762,matched,,,wilmington-compstat-v2,validated
weekly-2026-09-06-r1,weekly_compstat,2026-08-31,2026-09-06,1,dbbe45b033ef4cf2fb49ddad08594d713238006b06de55043335d71a6b5a0f9c,1,citywide,citywide,Citywide,shooting_incidents,Shooting Incidents,year_to_date,percent_change,percent,2026,2024,2,-19.0,-0.19,-19%,,not_checkable,,,wilmington-compstat-v2,validated
weekly-2026-09-06-r1,weekly_compstat,2026-08-31,2026-09-06,1,dbbe45b033ef4cf2fb49ddad08594d713238006b06de55043335d71a6b5a0f9c,1,citywide,citywide,Citywide,shooting_incidents,Shooting Incidents,year_to_date,percent_change,percent,2026,2023,3,-27.0,-0.27,-27%,,not_checkable,,,wilmington-compstat-v2,validated
weekly-2026-09-06-r1,weekly_compstat,2026-08-31,2026-09-06,1,dbbe45b033ef4cf2fb49ddad08594d713238006b06de55043335d71a6b5a0f9c,1,citywide,citywide,Citywide,shooting_incidents,Shooting Incidents,year_to_date,percent_change,percent,2026,2022,4,-25.0,-0.25,-25%,,not_checkable,,,wilmington-compstat-v2,validated
weekly-2026-09-06-r1,weekly_compstat,2026-08-31,2026-09-06,1,dbbe45b033ef4cf2fb49ddad08594d713238006b06de55043335d71a6b5a0f9c,1,citywide,citywide,Citywide,shooting_incidents,Shooting Incidents,year_to_date,percent_change,percent,2026,2021,5,-42.0,-0.42,-42%,,not_checkable,,,wilmington-compstat-v2,validated
weekly-2026-09-06-r1,weekly_compstat,2026-08-31,2026-09-06,1,dbbe45b033ef4cf2fb49ddad08594d713238006b06de55043335d71a6b5a0f9c,1,citywide,citywide,Citywide,shooting_incidents,Shooting Incidents,year_to_date,percent_change,percent,2026,2020,6,-50.0,-0.5,-50%,,not_checkable,,,wilmington-compstat-v2,validated
weekly-2026-09-06-r1,weekly_compstat,2026-08-31,2026-09-06,1,dbbe45b033ef4cf2fb49ddad08594d713238006b06de55043335d71a6b5a0f9c,1,citywide,citywide,Citywide,shooting_victims,Shooting Victims,last_7_days,count,count,2026,,,4,,4,,not_applicable,,,wilmington-compstat-v2,validated
weekly-2026-09-06-r1,weekly_compstat,2026-08-31,2026-09-06,1,dbbe45b033ef4cf2fb49ddad08594d713238006b06de55043335d71a6b5a0f9c,1,citywide,citywide,Citywide,shooting_victims,Shooting Victims,last_7_days,count,count,2025,,,5,,5,,not_applicable,,,wilmington-compstat-v2,validated
weekly-2026-09-06-r1,weekly_compstat,2026-08-31,2026-09-06,1,dbbe45b033ef4cf2fb49ddad08594d713238006b06de55043335d71a6b5a0f9c,1,citywide,citywide,Citywide,shooting_victims,Shooting Victims,last_7_days,percent_change,percent,2026,2025,1,-20.0,-0.2,-20%,-20.0,matched,,,wilmington-compstat-v2,validated
weekly-2026-09-06-r1,weekly_compstat,2026-08-31,2026-09-06,1,dbbe45b033ef4cf2fb49ddad08594d713238006b06de55043335d71a6b5a0f9c,1,citywide,citywide,Citywide,shooting_victims,Shooting Victims,last_28_days,count,count,2026,,,13,,13,,not_applicable,,,wilmington-compstat-v2,validated
weekly-2026-09-06-r1,weekly_compstat,2026-08-31,2026-09-06,1,dbbe45b033ef4cf2fb49ddad08594d713238006b06de55043335d71a6b5a0f9c,1,citywide,citywide,Citywide,shooting_victims,Shooting Victims,last_28_days,count,count,2025,,,10,,10,,not_applicable,,,wilmington-compstat-v2,validated
weekly-2026-09-06-r1,weekly_compstat,2026-08-31,2026-09-06,1,dbbe45b033ef4cf2fb49ddad08594d713238006b06de55043335d71a6b5a0f9c,1,citywide,citywide,Citywide,shooting_victims,Shooting Victims,last_28_days,percent_change,percent,2026,2025,1,30.0,0.3,30%,30.0,matched,,,wilmington-compstat-v2,validated
weekly-2026-09-06-r1,weekly_compstat,2026-08-31,2026-09-06,1,dbbe45b033ef4cf2fb49ddad08594d713238006b06de55043335d71a6b5a0f9c,1,citywide,citywide,Citywide,shooting_victims,Shooting Victims,year_to_date,count,count,2026,,,63,,63,,not_applicable,,,wilmington-compstat-v2,validated
weekly-2026-09-06-r1,weekly_compstat,2026-08-31,2026-09-06,1,dbbe45b033ef4cf2fb49ddad08594d713238006b06de55043335d71a6b5a0f9c,1,citywide,citywide,Citywide,shooting_victims,Shooting Victims,year_to_date,count,count,2025,,,53,,53,,not_applicable,,,wilmington-compstat-v2,validated
weekly-2026-09-06-r1,weekly_compstat,2026-08-31,2026-09-06,1,dbbe45b033ef4cf2fb49ddad08594d713238006b06de55043335d71a6b5a0f9c,1,citywide,citywide,Citywide,shooting_victims,Shooting Victims,year_to_date,percent_change,percent,2026,2025,1,19.0,0.19,19%,18.867925,matched,,,wilmington-compstat-v2,validated
weekly-2026-09-06-r1,weekly_compstat,2026-08-31,2026-09-06,1,dbbe45b033ef4cf2fb49ddad08594d713238006b06de55043335d71a6b5a0f9c,1,citywide,citywide,Citywide,shooting_victims,Shooting Victims,year_to_date,percent_change,percent,2026,2024,2,-7.0,-0.07,-7%,,not_checkable,,,wilmington-compstat-v2,validated
weekly-2026-09-06-r1,weekly_compstat,2026-08-31,2026-09-06,1,dbbe45b033ef4cf2fb49ddad08594d713238006b06de55043335d71a6b5a0f9c,1,citywide,citywide,Citywide,shooting_victims,Shooting Victims,year_to_date,percent_change,percent,2026,2023,3,-20.0,-0.2,-20%,,not_checkable,,,wilmington-compstat-v2,validated
weekly-2026-09-06-r1,weekly_compstat,2026-08-31,2026-09-06,1,dbbe45b033ef4cf2fb49ddad08594d713238006b06de55043335d71a6b5a0f9c,1,citywide,citywide,Citywide,shooting_victims,Shooting Victims,year_to_date,percent_change,percent,2026,2022,4,-23.0,-0.23,-23%,,not_checkable,,,wilmington-compstat-v2,validated
weekly-2026-09-06-r1,weekly_compstat,2026-08-31,2026-09-06,1,dbbe45b033ef4cf2fb49ddad08594d713238006b06de55043335d71a6b5a0f9c,1,citywide,citywide,Citywide,shooting_victims,Shooting Victims,year_to_date,percent_change,percent,2026,2021,5,-40.0,-0.4,-40%,,not_checkable,,,wilmington-compstat-v2,validated
weekly-2026-09-06-r1,weekly_compstat,2026-08-31,2026-09-06,1,dbbe45b033ef4cf2fb49ddad08594d713238006b06de55043335d71a6b5a0f9c,1,citywide,citywide,Citywide,shooting_victims,Shooting Victims,year_to_date,percent_change,percent,2026,2020,6,-48.0,-0.48,-48%,,not_checkable,,,wilmington-compstat-v2,validated
weekly-2026-09-06-r1,weekly_compstat,2026-08-31,2026-09-06,1,dbbe45b033ef4cf2fb49ddad08594d713238006b06de55043335d71a6b5a0f9c,1,citywide,citywide,Citywide,juvenile_shooting_incidents,*Juv Shooting Incidents,last_7_days,count,count,2026,,,0,,0,,not_applicable,,,wilmington-compstat-v2,validated
weekly-2026-09-06-r1,weekly_compstat,2026-08-31,2026-09-06,1,dbbe45b033ef4cf2fb49ddad08594d713238006b06de55043335d71a6b5a0f9c,1,citywide,citywide,Citywide,juvenile_shooting_incidents,*Juv Shooting Incidents,last_7_days,count,count,2025,,,1,,1,,not_applicable,,,wilmington-compstat-v2,validated
weekly-2026-09-06-r1,weekly_compstat,2026-08-31,2026-09-06,1,dbbe45b033ef4cf2fb49ddad08594d713238006b06de55043335d71a6b5a0f9c,1,citywide,citywide,Citywide,juvenile_shooting_incidents,*Juv Shooting Incidents,last_7_days,percent_change,percent,2026,2025,1,-100.0,-1.0,-100%,-100.0,matched,,,wilmington-compstat-v2,validated
weekly-2026-09-06-r1,weekly_compstat,2026-08-31,2026-09-06,1,dbbe45b033ef4cf2fb49ddad08594d713238006b06de55043335d71a6b5a0f9c,1,citywide,citywide,Citywide,juvenile_shooting_incidents,*Juv Shooting Incidents,last_28_days,count,count,2026,,,0,,0,,not_applicable,,,wilmington-compstat-v2,validated
weekly-2026-09-06-r1,weekly_compstat,2026-08-31,2026-09-06,1,dbbe45b033ef4cf2fb49ddad08594d713238006b06de55043335d71a6b5a0f9c,1,citywide,citywide,Citywide,juvenile_shooting_incidents,*Juv Shooting Incidents,last_28_days,count,count,2025,,,1,,1,,not_applicable,,,wilmington-compstat-v2,validated
weekly-2026-09-06-r1,weekly_compstat,2026-08-31,2026-09-06,1,dbbe45b033ef4cf2fb49ddad08594d713238006b06de55043335d71a6b5a0f9c,1,citywide,citywide,Citywide,juvenile_shooting_incidents,*Juv Shooting Incidents,last_28_days,percent_change,percent,2026,2025,1,-100.0,-1.0,-100%,-100.0,matched,,,wilmington-compstat-v2,validated
weekly-2026-09-06-r1,weekly_compstat,2026-08-31,2026-09-06,1,dbbe45b033ef4cf2fb49ddad08594d713238006b06de55043335d71a6b5a0f9c,1,citywide,citywide,Citywide,juvenile_shooting_incidents,*Juv Shooting Incidents,year_to_date,count,count,2026,,,12,,12,,not_applicable,,,wilmington-compstat-v2,validated
weekly-2026-09-06-r1,weekly_compstat,2026-08-31,2026-09-06,1,dbbe45b033ef4cf2fb49ddad08594d713238006b06de55043335d71a6b5a0f9c,1,citywide,citywide,Citywide,juvenile_shooting_incidents,*Juv Shooting Incidents,year_to_date,count,count,2025,,,7,,7,,not_applicable,,,wilmington-compstat-v2,validated
weekly-2026-09-06-r1,weekly_compstat,2026-08-31,2026-09-06,1,dbbe45b033ef4cf2fb49ddad08594d713238006b06de55043335d71a6b5a0f9c,1,citywide,citywide,Citywide,juvenile_shooting_incidents,*Juv Shooting Incidents,year_to_date,percent_change,percent,2026,2025,1,71.0,0.71,71%,71.428571,matched,,,wilmington-compstat-v2,validated
weekly-2026-09-06-r1,weekly_compstat,2026-08-31,2026-09-06,1,dbbe45b033ef4cf2fb49ddad08594d713238006b06de55043335d71a6b5a0f9c,1,citywide,citywide,Citywide,juvenile_shooting_incidents,*Juv Shooting Incidents,year_to_date,percent_change,percent,2026,2024,2,20.0,0.2,20%,,not_checkable,,,wilmington-compstat-v2,validated
weekly-2026-09-06-r1,weekly_compstat,2026-08-31,2026-09-06,1,dbbe45b033ef4cf2fb49ddad08594d713238006b06de55043335d71a6b5a0f9c,1,citywide,citywide,Citywide,juvenile_shooting_incidents,*Juv Shooting Incidents,year_to_date,percent_change,percent,2026,2023,3,20.0,0.2,20%,,not_checkable,,,wilmington-compstat-v2,validated
weekly-2026-09-06-r1,weekly_compstat,2026-08-31,2026-09-06,1,dbbe45b033ef4cf2fb49ddad08594d713238006b06de55043335d71a6b5a0f9c,1,citywide,citywide,Citywide,juvenile_shooting_incidents,*Juv Shooting Incidents,year_to_date,percent_change,percent,2026,2022,4,-20.0,-0.2,-20%,,not_checkable,,,wilmington-compstat-v2,validated
weekly-2026-09-06-r1,weekly_compstat,2026-08-31,2026-09-06,1,dbbe45b033ef4cf2fb49ddad08594d713238006b06de55043335d71a6b5a0f9c,1,citywide,citywide,Citywide,juvenile_shooting_incidents,*Juv Shooting Incidents,year_to_date,percent_change,percent,2026,2021,5,9.0,0.09,9%,,not_checkable,,,wilmington-compstat-v2,validated
weekly-2026-09-06-r1,weekly_compstat,2026-08-31,2026-09-06,1,dbbe45b033ef4cf2fb49ddad08594d713238006b06de55043335d71a6b5a0f9c,1,citywide,citywide,Citywide,juvenile_shooting_incidents,*Juv Shooting Incidents,year_to_date,percent_change,percent,2026,2020,6,-52.0,-0.52,-52%,,not_checkable,,,wilmington-compstat-v2,validated
weekly-2026-09-06-r1,weekly_compstat,2026-08-31,2026-09-06,1,dbbe45b033ef4cf2fb49ddad08594d713238006b06de55043335d71a6b5a0f9c,1,citywide,citywide,Citywide,juvenile_shooting_victims,*Juv Shooting Victims,last_7_days,count,count,2026,,,0,,0,,not_applicable,,,wilmington-compstat-v2,validated
weekly-2026-09-06-r1,weekly_compstat,2026-08-31,2026-09-06,1,dbbe45b033ef4cf2fb49ddad08594d713238006b06de55043335d71a6b5a0f9c,1,citywide,citywide,Citywide,juvenile_shooting_victims,*Juv Shooting Victims,last_7_days,count,count,2025,,,1,,1,,not_applicable,,,wilmington-compstat-v2,validated
weekly-2026-09-06-r1,weekly_compstat,2026-08-31,2026-09-06,1,dbbe45b033ef4cf2fb49ddad08594d713238006b06de55043335d71a6b5a0f9c,1,citywide,citywide,Citywide,juvenile_shooting_victims,*Juv Shooting Victims,last_7_days,percent_change,percent,2026,2025,1,-100.0,-1.0,-100%,-100.0,matched,,,wilmington-compstat-v2,validated
weekly-2026-09-06-r1,weekly_compstat,2026-08-31,2026-09-06,1,dbbe45b033ef4cf2fb49ddad08594d713238006b06de55043335d71a6b5a0f9c,1,citywide,citywide,Citywide,juvenile_shooting_victims,*Juv Shooting Victims,last_28_days,count,count,2026,,,0,,0,,not_applicable,,,wilmington-compstat-v2,validated
weekly-2026-09-06-r1,weekly_compstat,2026-08-31,2026-09-06,1,dbbe45b033ef4cf2fb49ddad08594d713238006b06de55043335d71a6b5a0f9c,1,citywide,citywide,Citywide,juvenile_shooting_victims,*Juv Shooting Victims,last_28_days,count,count,2025,,,1,,1,,not_applicable,,,wilmington-compstat-v2,validated
weekly-2026-09-06-r1,weekly_compstat,2026-08-31,2026-09-06,1,dbbe45b033ef4cf2fb49ddad08594d713238006b06de55043335d71a6b5a0f9c,1,citywide,citywide,Citywide,juvenile_shooting_victims,*Juv Shooting Victims,last_28_days,percent_change,percent,2026,2025,1,-100.0,-1.0,-100%,-100.0,matched,,,wilmington-compstat-v2,validated
weekly-2026-09-06-r1,weekly_compstat,2026-08-31,2026-09-06,1,dbbe45b033ef4cf2fb49ddad08594d713238006b06de55043335d71a6b5a0f9c,1,citywide,citywide,Citywide,juvenile_shooting_victims,*Juv Shooting Victims,year_to_date,count,count,2026,,,12,,12,,not_applicable,,,wilmington-compstat-v2,validated
weekly-2026-09-06-r1,weekly_compstat,2026-08-31,2026-09-06,1,dbbe45b033ef4cf2fb49ddad08594d713238006b06de55043335d71a6b5a0f9c,1,citywide,citywide,Citywide,juvenile_shooting_victims,*Juv Shooting Victims,year_to_date,count,count,2025,,,7,,7,,not_applicable,,,wilmington-compstat-v2,validated
weekly-2026-09-06-r1,weekly_compstat,2026-08-31,2026-09-06,1,dbbe45b033ef4cf2fb49ddad08594d713238006b06de55043335d71a6b5a0f9c,1,citywide,citywide,Citywide,juvenile_shooting_victims,*Juv Shooting Victims,year_to_date,percent_change,percent,2026,2025,1,71.0,0.71,71%,71.428571,matched,,,wilmington-compstat-v2,validated
weekly-2026-09-06-r1,weekly_compstat,2026-08-31,2026-09-06,1,dbbe45b033ef4cf2fb49ddad08594d713238006b06de55043335d71a6b5a0f9c,1,citywide,citywide,Citywide,juvenile_shooting_victims,*Juv Shooting Victims,year_to_date,percent_change,percent,2026,2024,2,9.0,0.09,9%,,not_checkable,,,wilmington-compstat-v2,validated
weekly-2026-09-06-r1,weekly_compstat,2026-08-31,2026-09-06,1,dbbe45b033ef4cf2fb49ddad08594d713238006b06de55043335d71a6b5a0f9c,1,citywide,citywide,Citywide,juvenile_shooting_victims,*Juv Shooting Victims,year_to_date,percent_change,percent,2026,2023,3,9.0,0.09,9%,,not_checkable,,,wilmington-compstat-v2,validated
weekly-2026-09-06-r1,weekly_compstat,2026-08-31,2026-09-06,1,dbbe45b033ef4cf2fb49ddad08594d713238006b06de55043335d71a6b5a0f9c,1,citywide,citywide,Citywide,juvenile_shooting_victims,*Juv Shooting Victims,year_to_date,percent_change,percent,2026,2022,4,-37.0,-0.37,-37%,,not_checkable,,,wilmington-compstat-v2,validated
weekly-2026-09-06-r1,weekly_compstat,2026-08-31,2026-09-06,1,dbbe45b033ef4cf2fb49ddad08594d713238006b06de55043335d71a6b5a0f9c,1,citywide,citywide,Citywide,juvenile_shooting_victims,*Juv Shooting Victims,year_to_date,percent_change,percent,2026,2021,5,0.0,0.0,0%,,not_checkable,,,wilmington-compstat-v2,validated
weekly-2026-09-06-r1,weekly_compstat,2026-08-31,2026-09-06,1,dbbe45b033ef4cf2fb49ddad08594d713238006b06de55043335d71a6b5a0f9c,1,citywide,citywide,Citywide,juvenile_shooting_victims,*Juv Shooting Victims,year_to_date,percent_change,percent,2026,2020,6,-60.0,-0.6,-60%,,not_checkable,,,wilmington-compstat-v2,validated
weekly-2026-09-06-r1,weekly_compstat,2026-08-31,2026-09-06,1,dbbe45b033ef4cf2fb49ddad08594d713238006b06de55043335d71a6b5a0f9c,1,citywide,citywide,Citywide,misdemeanor_theft,Theft (Misdemeanor),last_7_days,count,count,2026,,,30,,30,,not_applicable,,,wilmington-compstat-v2,validated
weekly-2026-09-06-r1,weekly_compstat,2026-08-31,2026-09-06,1,dbbe45b033ef4cf2fb49ddad08594d713238006b06de55043335d71a6b5a0f9c,1,citywide,citywide,Citywide,misdemeanor_theft,Theft (Misdemeanor),last_7_days,count,count,2025,,,18,,18,,not_applicable,,,wilmington-compstat-v2,validated
weekly-2026-09-06-r1,weekly_compstat,2026-08-31,2026-09-06,1,dbbe45b033ef4cf2fb49ddad08594d713238006b06de55043335d71a6b5a0f9c,1,citywide,citywide,Citywide,misdemeanor_theft,Theft (Misdemeanor),last_7_days,percent_change,percent,2026,2025,1,67.0,0.67,67%,66.666667,matched,,,wilmington-compstat-v2,validated
weekly-2026-09-06-r1,weekly_compstat,2026-08-31,2026-09-06,1,dbbe45b033ef4cf2fb49ddad08594d713238006b06de55043335d71a6b5a0f9c,1,citywide,citywide,Citywide,misdemeanor_theft,Theft (Misdemeanor),last_28_days,count,count,2026,,,87,,87,,not_applicable,,,wilmington-compstat-v2,validated
weekly-2026-09-06-r1,weekly_compstat,2026-08-31,2026-09-06,1,dbbe45b033ef4cf2fb49ddad08594d713238006b06de55043335d71a6b5a0f9c,1,citywide,citywide,Citywide,misdemeanor_theft,Theft (Misdemeanor),last_28_days,count,count,2025,,,76,,76,,not_applicable,,,wilmington-compstat-v2,validated
weekly-2026-09-06-r1,weekly_compstat,2026-08-31,2026-09-06,1,dbbe45b033ef4cf2fb49ddad08594d713238006b06de55043335d71a6b5a0f9c,1,citywide,citywide,Citywide,misdemeanor_theft,Theft (Misdemeanor),last_28_days,percent_change,percent,2026,2025,1,14.0,0.14,14%,14.473684,matched,,,wilmington-compstat-v2,validated
weekly-2026-09-06-r1,weekly_compstat,2026-08-31,2026-09-06,1,dbbe45b033ef4cf2fb49ddad08594d713238006b06de55043335d71a6b5a0f9c,1,citywide,citywide,Citywide,misdemeanor_theft,Theft (Misdemeanor),year_to_date,count,count,2026,,,666,,666,,not_applicable,,,wilmington-compstat-v2,validated
weekly-2026-09-06-r1,weekly_compstat,2026-08-31,2026-09-06,1,dbbe45b033ef4cf2fb49ddad08594d713238006b06de55043335d71a6b5a0f9c,1,citywide,citywide,Citywide,misdemeanor_theft,Theft (Misdemeanor),year_to_date,count,count,2025,,,650,,650,,not_applicable,,,wilmington-compstat-v2,validated
weekly-2026-09-06-r1,weekly_compstat,2026-08-31,2026-09-06,1,dbbe45b033ef4cf2fb49ddad08594d713238006b06de55043335d71a6b5a0f9c,1,citywide,citywide,Citywide,misdemeanor_theft,Theft (Misdemeanor),year_to_date,percent_change,percent,2026,2025,1,2.0,0.02,2%,2.461538,matched,,,wilmington-compstat-v2,validated
weekly-2026-09-06-r1,weekly_compstat,2026-08-31,2026-09-06,1,dbbe45b033ef4cf2fb49ddad08594d713238006b06de55043335d71a6b5a0f9c,1,citywide,citywide,Citywide,misdemeanor_theft,Theft (Misdemeanor),year_to_date,percent_change,percent,2026,2024,2,-4.0,-0.04,-4%,,not_checkable,,,wilmington-compstat-v2,validated
weekly-2026-09-06-r1,weekly_compstat,2026-08-31,2026-09-06,1,dbbe45b033ef4cf2fb49ddad08594d713238006b06de55043335d71a6b5a0f9c,1,citywide,citywide,Citywide,misdemeanor_theft,Theft (Misdemeanor),year_to_date,percent_change,percent,2026,2023,3,-12.0,-0.12,-12%,,not_checkable,,,wilmington-compstat-v2,validated
weekly-2026-09-06-r1,weekly_compstat,2026-08-31,2026-09-06,1,dbbe45b033ef4cf2fb49ddad08594d713238006b06de55043335d71a6b5a0f9c,1,citywide,citywide,Citywide,misdemeanor_theft,Theft (Misdemeanor),year_to_date,percent_change,percent,2026,2022,4,-15.0,-0.15,-15%,,not_checkable,,,wilmington-compstat-v2,validated
weekly-2026-09-06-r1,weekly_compstat,2026-08-31,2026-09-06,1,dbbe45b033ef4cf2fb49ddad08594d713238006b06de55043335d71a6b5a0f9c,1,citywide,citywide,Citywide,misdemeanor_theft,Theft (Misdemeanor),year_to_date,percent_change,percent,2026,2021,5,-21.0,-0.21,-21%,,not_checkable,,,wilmington-compstat-v2,validated
weekly-2026-09-06-r1,weekly_compstat,2026-08-31,2026-09-06,1,dbbe45b033ef4cf2fb49ddad08594d713238006b06de55043335d71a6b5a0f9c,1,citywide,citywide,Citywide,misdemeanor_theft,Theft (Misdemeanor),year_to_date,percent_change,percent,2026,2020,6,-23.0,-0.23,-23%,,not_checkable,,,wilmington-compstat-v2,validated
weekly-2026-09-06-r1,weekly_compstat,2026-08-31,2026-09-06,1,dbbe45b033ef4cf2fb49ddad08594d713238006b06de55043335d71a6b5a0f9c,3,sector,sector_1,Sector 1,murder,Murder,last_7_days,count,count,2026,,,0,,0,,not_applicable,,,wilmington-compstat-v2,validated
weekly-2026-09-06-r1,weekly_compstat,2026-08-31,2026-09-06,1,dbbe45b033ef4cf2fb49ddad08594d713238006b06de55043335d71a6b5a0f9c,3,sector,sector_1,Sector 1,murder,Murder,last_7_days,count,count,2025,,,0,,0,,not_applicable,,,wilmington-compstat-v2,validated
weekly-2026-09-06-r1,weekly_compstat,2026-08-31,2026-09-06,1,dbbe45b033ef4cf2fb49ddad08594d713238006b06de55043335d71a6b5a0f9c,3,sector,sector_1,Sector 1,murder,Murder,last_7_days,percent_change,percent,2026,2025,1,,,*,,undefined_zero_denominator,,undefined_zero_denominator,wilmington-compstat-v2,validated
weekly-2026-09-06-r1,weekly_compstat,2026-08-31,2026-09-06,1,dbbe45b033ef4cf2fb49ddad08594d713238006b06de55043335d71a6b5a0f9c,3,sector,sector_1,Sector 1,murder,Murder,last_28_days,count,count,2026,,,0,,0,,not_applicable,,,wilmington-compstat-v2,validated
weekly-2026-09-06-r1,weekly_compstat,2026-08-31,2026-09-06,1,dbbe45b033ef4cf2fb49ddad08594d713238006b06de55043335d71a6b5a0f9c,3,sector,sector_1,Sector 1,murder,Murder,last_28_days,count,count,2025,,,0,,0,,not_applicable,,,wilmington-compstat-v2,validated
weekly-2026-09-06-r1,weekly_compstat,2026-08-31,2026-09-06,1,dbbe45b033ef4cf2fb49ddad08594d713238006b06de55043335d71a6b5a0f9c,3,sector,sector_1,Sector 1,murder,Murder,last_28_days,percent_change,percent,2026,2025,1,,,*,,undefined_zero_denominator,,undefined_zero_denominator,wilmington-compstat-v2,validated
weekly-2026-09-06-r1,weekly_compstat,2026-08-31,2026-09-06,1,dbbe45b033ef4cf2fb49ddad08594d713238006b06de55043335d71a6b5a0f9c,3,sector,sector_1,Sector 1,murder,Murder,year_to_date,count,count,2026,,,0,,0,,not_applicable,,,wilmington-compstat-v2,validated
weekly-2026-09-06-r1,weekly_compstat,2026-08-31,2026-09-06,1,dbbe45b033ef4cf2fb49ddad08594d713238006b06de55043335d71a6b5a0f9c,3,sector,sector_1,Sector 1,murder,Murder,year_to_date,count,count,2025,,,4,,4,,not_applicable,,,wilmington-compstat-v2,validated
weekly-2026-09-06-r1,weekly_compstat,2026-08-31,2026-09-06,1,dbbe45b033ef4cf2fb49ddad08594d713238006b06de55043335d71a6b5a0f9c,3,sector,sector_1,Sector 1,murder,Murder,year_to_date,percent_change,percent,2026,2025,1,-100.0,-1.0,-100%,-100.0,matched,,,wilmington-compstat-v2,validated
weekly-2026-09-06-r1,weekly_compstat,2026-08-31,2026-09-06,1,dbbe45b033ef4cf2fb49ddad08594d713238006b06de55043335d71a6b5a0f9c,3,sector,sector_1,Sector 1,murder,Murder,year_to_date,percent_change,percent,2026,2024,2,-100.0,-1.0,-100%,,not_checkable,,,wilmington-compstat-v2,validated
weekly-2026-09-06-r1,weekly_compstat,2026-08-31,2026-09-06,1,dbbe45b033ef4cf2fb49ddad08594d713238006b06de55043335d71a6b5a0f9c,3,sector,sector_1,Sector 1,murder,Murder,year_to_date,percent_change,percent,2026,2023,3,-100.0,-1.0,-100%,,not_checkable,,,wilmington-compstat-v2,validated
weekly-2026-09-06-r1,weekly_compstat,2026-08-31,2026-09-06,1,dbbe45b033ef4cf2fb49ddad08594d713238006b06de55043335d71a6b5a0f9c,3,sector,sector_1,Sector 1,murder,Murder,year_to_date,percent_change,percent,2026,2022,4,-100.0,-1.0,-100%,,not_checkable,,,wilmington-compstat-v2,validated
weekly-2026-09-06-r1,weekly_compstat,2026-08-31,2026-09-06,1,dbbe45b033ef4cf2fb49ddad08594d713238006b06de55043335d71a6b5a0f9c,3,sector,sector_1,Sector 1,murder,Murder,year_to_date,percent_change,percent,2026,2021,5,-100.0,-1.0,-100%,,not_checkable,,,wilmington-compstat-v2,validated
weekly-2026-09-06-r1,weekly_compstat,2026-08-31,2026-09-06,1,dbbe45b033ef4cf2fb49ddad08594d713238006b06de55043335d71a6b5a0f9c,3,sector,sector_1,Sector 1,murder,Murder,year_to_date,percent_change,percent,2026,2020,6,-100.0,-1.0,-100%,,not_checkable,,,wilmington-compstat-v2,validated
weekly-2026-09-06-r1,weekly_compstat,2026-08-31,2026-09-06,1,dbbe45b033ef4cf2fb49ddad08594d713238006b06de55043335d71a6b5a0f9c,3,sector,sector_1,Sector 1,rape,Rape,last_7_days,count,count,2026,,,0,,0,,not_applicable,,,wilmington-compstat-v2,validated
weekly-2026-09-06-r1,weekly_compstat,2026-08-31,2026-09-06,1,dbbe45b033ef4cf2fb49ddad08594d713238006b06de55043335d71a6b5a0f9c,3,sector,sector_1,Sector 1,rape,Rape,last_7_days,count,count,2025,,,0,,0,,not_applicable,,,wilmington-compstat-v2,validated
weekly-2026-09-06-r1,weekly_compstat,2026-08-31,2026-09-06,1,dbbe45b033ef4cf2fb49ddad08594d713238006b06de55043335d71a6b5a0f9c,3,sector,sector_1,Sector 1,rape,Rape,last_7_days,percent_change,percent,2026,2025,1,,,*,,undefined_zero_denominator,,undefined_zero_denominator,wilmington-compstat-v2,validated
weekly-2026-09-06-r1,weekly_compstat,2026-08-31,2026-09-06,1,dbbe45b033ef4cf2fb49ddad08594d713238006b06de55043335d71a6b5a0f9c,3,sector,sector_1,Sector 1,rape,Rape,last_28_days,count,count,2026,,,0,,0,,not_applicable,,,wilmington-compstat-v2,validated
weekly-2026-09-06-r1,weekly_compstat,2026-08-31,2026-09-06,1,dbbe45b033ef4cf2fb49ddad08594d713238006b06de55043335d71a6b5a0f9c,3,sector,sector_1,Sector 1,rape,Rape,last_28_days,count,count,2025,,,0,,0,,not_applicable,,,wilmington-compstat-v2,validated
weekly-2026-09-06-r1,weekly_compstat,2026-08-31,2026-09-06,1,dbbe45b033ef4cf2fb49ddad08594d713238006b06de55043335d71a6b5a0f9c,3,sector,sector_1,Sector 1,rape,Rape,last_28_days,percent_change,percent,2026,2025,1,,,*,,undefined_zero_denominator,,undefined_zero_denominator,wilmington-compstat-v2,validated
weekly-2026-09-06-r1,weekly_compstat,2026-08-31,2026-09-06,1,dbbe45b033ef4cf2fb49ddad08594d713238006b06de55043335d71a6b5a0f9c,3,sector,sector_1,Sector 1,rape,Rape,year_to_date,count,count,2026,,,0,,0,,not_applicable,,,wilmington-compstat-v2,validated
weekly-2026-09-06-r1,weekly_compstat,2026-08-31,2026-09-06,1,dbbe45b033ef4cf2fb49ddad08594d713238006b06de55043335d71a6b5a0f9c,3,sector,sector_1,Sector 1,rape,Rape,year_to_date,count,count,2025,,,1,,1,,not_applicable,,,wilmington-compstat-v2,validated
weekly-2026-09-06-r1,weekly_compstat,2026-08-31,2026-09-06,1,dbbe45b033ef4cf2fb49ddad08594d713238006b06de55043335d71a6b5a0f9c,3,sector,sector_1,Sector 1,rape,Rape,year_to_date,percent_change,percent,2026,2025,1,-100.0,-1.0,-100%,-100.0,matched,,,wilmington-compstat-v2,validated
weekly-2026-09-06-r1,weekly_compstat,2026-08-31,2026-09-06,1,dbbe45b033ef4cf2fb49ddad08594d713238006b06de55043335d71a6b5a0f9c,3,sector,sector_1,Sector 1,rape,Rape,year_to_date,percent_change,percent,2026,2024,2,-100.0,-1.0,-100%,,not_checkable,,,wilmington-compstat-v2,validated
weekly-2026-09-06-r1,weekly_compstat,2026-08-31,2026-09-06,1,dbbe45b033ef4cf2fb49ddad08594d713238006b06de55043335d71a6b5a0f9c,3,sector,sector_1,Sector 1,rape,Rape,year_to_date,percent_change,percent,2026,2023,3,,,*,,not_checkable,,undefined_zero_denominator,wilmington-compstat-v2,validated
weekly-2026-09-06-r1,weekly_compstat,2026-08-31,2026-09-06,1,dbbe45b033ef4cf2fb49ddad08594d713238006b06de55043335d71a6b5a0f9c,3,sector,sector_1,Sector 1,rape,Rape,year_to_date,percent_change,percent,2026,2022,4,-100.0,-1.0,-100%,,not_checkable,,,wilmington-compstat-v2,validated
weekly-2026-09-06-r1,weekly_compstat,2026-08-31,2026-09-06,1,dbbe45b033ef4cf2fb49ddad08594d713238006b06de55043335d71a6b5a0f9c,3,sector,sector_1,Sector 1,rape,Rape,year_to_date,percent_change,percent,2026,2021,5,-100.0,-1.0,-100%,,not_checkable,,,wilmington-compstat-v2,validated
weekly-2026-09-06-r1,weekly_compstat,2026-08-31,2026-09-06,1,dbbe45b033ef4cf2fb49ddad08594d713238006b06de55043335d71a6b5a0f9c,3,sector,sector_1,Sector 1,rape,Rape,year_to_date,percent_change,percent,2026,2020,6,-100.0,-1.0,-100%,,not_checkable,,,wilmington-compstat-v2,validated
weekly-2026-09-06-r1,weekly_compstat,2026-08-31,2026-09-06,1,dbbe45b033ef4cf2fb49ddad08594d713238006b06de55043335d71a6b5a0f9c,3,sector,sector_1,Sector 1,robbery,Robbery,last_7_days,count,count,2026,,,1,,1,,not_applicable,,,wilmington-compstat-v2,validated
weekly-2026-09-06-r1,weekly_compstat,2026-08-31,2026-09-06,1,dbbe45b033ef4cf2fb49ddad08594d713238006b06de55043335d71a6b5a0f9c,3,sector,sector_1,Sector 1,robbery,Robbery,last_7_days,count,count,2025,,,1,,1,,not_applicable,,,wilmington-compstat-v2,validated
weekly-2026-09-06-r1,weekly_compstat,2026-08-31,2026-09-06,1,dbbe45b033ef4cf2fb49ddad08594d713238006b06de55043335d71a6b5a0f9c,3,sector,sector_1,Sector 1,robbery,Robbery,last_7_days,percent_change,percent,2026,2025,1,0.0,0.0,0%,0.0,matched,,,wilmington-compstat-v2,validated
weekly-2026-09-06-r1,weekly_compstat,2026-08-31,2026-09-06,1,dbbe45b033ef4cf2fb49ddad08594d713238006b06de55043335d71a6b5a0f9c,3,sector,sector_1,Sector 1,robbery,Robbery,last_28_days,count,count,2026,,,2,,2,,not_applicable,,,wilmington-compstat-v2,validated
weekly-2026-09-06-r1,weekly_compstat,2026-08-31,2026-09-06,1,dbbe45b033ef4cf2fb49ddad08594d713238006b06de55043335d71a6b5a0f9c,3,sector,sector_1,Sector 1,robbery,Robbery,last_28_days,count,count,2025,,,2,,2,,not_applicable,,,wilmington-compstat-v2,validated
weekly-2026-09-06-r1,weekly_compstat,2026-08-31,2026-09-06,1,dbbe45b033ef4cf2fb49ddad08594d713238006b06de55043335d71a6b5a0f9c,3,sector,sector_1,Sector 1,robbery,Robbery,last_28_days,percent_change,percent,2026,2025,1,0.0,0.0,0%,0.0,matched,,,wilmington-compstat-v2,validated
weekly-2026-09-06-r1,weekly_compstat,2026-08-31,2026-09-06,1,dbbe45b033ef4cf2fb49ddad08594d713238006b06de55043335d71a6b5a0f9c,3,sector,sector_1,Sector 1,robbery,Robbery,year_to_date,count,count,2026,,,27,,27,,not_applicable,,,wilmington-compstat-v2,validated
weekly-2026-09-06-r1,weekly_compstat,2026-08-31,2026-09-06,1,dbbe45b033ef4cf2fb49ddad08594d713238006b06de55043335d71a6b5a0f9c,3,sector,sector_1,Sector 1,robbery,Robbery,year_to_date,count,count,2025,,,22,,22,,not_applicable,,,wilmington-compstat-v2,validated
weekly-2026-09-06-r1,weekly_compstat,2026-08-31,2026-09-06,1,dbbe45b033ef4cf2fb49ddad08594d713238006b06de55043335d71a6b5a0f9c,3,sector,sector_1,Sector 1,robbery,Robbery,year_to_date,percent_change,percent,2026,2025,1,23.0,0.23,23%,22.727273,matched,,,wilmington-compstat-v2,validated
weekly-2026-09-06-r1,weekly_compstat,2026-08-31,2026-09-06,1,dbbe45b033ef4cf2fb49ddad08594d713238006b06de55043335d71a6b5a0f9c,3,sector,sector_1,Sector 1,robbery,Robbery,year_to_date,percent_change,percent,2026,2024,2,13.0,0.13,13%,,not_checkable,,,wilmington-compstat-v2,validated
weekly-2026-09-06-r1,weekly_compstat,2026-08-31,2026-09-06,1,dbbe45b033ef4cf2fb49ddad08594d713238006b06de55043335d71a6b5a0f9c,3,sector,sector_1,Sector 1,robbery,Robbery,year_to_date,percent_change,percent,2026,2023,3,-7.0,-0.07,-7%,,not_checkable,,,wilmington-compstat-v2,validated
weekly-2026-09-06-r1,weekly_compstat,2026-08-31,2026-09-06,1,dbbe45b033ef4cf2fb49ddad08594d713238006b06de55043335d71a6b5a0f9c,3,sector,sector_1,Sector 1,robbery,Robbery,year_to_date,percent_change,percent,2026,2022,4,-4.0,-0.04,-4%,,not_checkable,,,wilmington-compstat-v2,validated
weekly-2026-09-06-r1,weekly_compstat,2026-08-31,2026-09-06,1,dbbe45b033ef4cf2fb49ddad08594d713238006b06de55043335d71a6b5a0f9c,3,sector,sector_1,Sector 1,robbery,Robbery,year_to_date,percent_change,percent,2026,2021,5,-27.0,-0.27,-27%,,not_checkable,,,wilmington-compstat-v2,validated
weekly-2026-09-06-r1,weekly_compstat,2026-08-31,2026-09-06,1,dbbe45b033ef4cf2fb49ddad08594d713238006b06de55043335d71a6b5a0f9c,3,sector,sector_1,Sector 1,robbery,Robbery,year_to_date,percent_change,percent,2026,2020,6,-52.0,-0.52,-52%,,not_checkable,,,wilmington-compstat-v2,validated
weekly-2026-09-06-r1,weekly_compstat,2026-08-31,2026-09-06,1,dbbe45b033ef4cf2fb49ddad08594d713238006b06de55043335d71a6b5a0f9c,3,sector,sector_1,Sector 1,aggravated_assault,Agg. Assault,last_7_days,count,count,2026,,,0,,0,,not_applicable,,,wilmington-compstat-v2,validated
weekly-2026-09-06-r1,weekly_compstat,2026-08-31,2026-09-06,1,dbbe45b033ef4cf2fb49ddad08594d713238006b06de55043335d71a6b5a0f9c,3,sector,sector_1,Sector 1,aggravated_assault,Agg. Assault,last_7_days,count,count,2025,,,4,,4,,not_applicable,,,wilmington-compstat-v2,validated
weekly-2026-09-06-r1,weekly_compstat,2026-08-31,2026-09-06,1,dbbe45b033ef4cf2fb49ddad08594d713238006b06de55043335d71a6b5a0f9c,3,sector,sector_1,Sector 1,aggravated_assault,Agg. Assault,last_7_days,percent_change,percent,2026,2025,1,-100.0,-1.0,-100%,-100.0,matched,,,wilmington-compstat-v2,validated
weekly-2026-09-06-r1,weekly_compstat,2026-08-31,2026-09-06,1,dbbe45b033ef4cf2fb49ddad08594d713238006b06de55043335d71a6b5a0f9c,3,sector,sector_1,Sector 1,aggravated_assault,Agg. Assault,last_28_days,count,count,2026,,,9,,9,,not_applicable,,,wilmington-compstat-v2,validated
weekly-2026-09-06-r1,weekly_compstat,2026-08-31,2026-09-06,1,dbbe45b033ef4cf2fb49ddad08594d713238006b06de55043335d71a6b5a0f9c,3,sector,sector_1,Sector 1,aggravated_assault,Agg. Assault,last_28_days,count,count,2025,,,13,,13,,not_applicable,,,wilmington-compstat-v2,validated
weekly-2026-09-06-r1,weekly_compstat,2026-08-31,2026-09-06,1,dbbe45b033ef4cf2fb49ddad08594d713238006b06de55043335d71a6b5a0f9c,3,sector,sector_1,Sector 1,aggravated_assault,Agg. Assault,last_28_days,percent_change,percent,2026,2025,1,-31.0,-0.31,-31%,-30.769231,matched,,,wilmington-compstat-v2,validated
weekly-2026-09-06-r1,weekly_compstat,2026-08-31,2026-09-06,1,dbbe45b033ef4cf2fb49ddad08594d713238006b06de55043335d71a6b5a0f9c,3,sector,sector_1,Sector 1,aggravated_assault,Agg. Assault,year_to_date,count,count,2026,,,80,,80,,not_applicable,,,wilmington-compstat-v2,validated
weekly-2026-09-06-r1,weekly_compstat,2026-08-31,2026-09-06,1,dbbe45b033ef4cf2fb49ddad08594d713238006b06de55043335d71a6b5a0f9c,3,sector,sector_1,Sector 1,aggravated_assault,Agg. Assault,year_to_date,count,count,2025,,,78,,78,,not_applicable,,,wilmington-compstat-v2,validated
weekly-2026-09-06-r1,weekly_compstat,2026-08-31,2026-09-06,1,dbbe45b033ef4cf2fb49ddad08594d713238006b06de55043335d71a6b5a0f9c,3,sector,sector_1,Sector 1,aggravated_assault,Agg. Assault,year_to_date,percent_change,percent,2026,2025,1,3.0,0.03,3%,2.564103,matched,,,wilmington-compstat-v2,validated
weekly-2026-09-06-r1,weekly_compstat,2026-08-31,2026-09-06,1,dbbe45b033ef4cf2fb49ddad08594d713238006b06de55043335d71a6b5a0f9c,3,sector,sector_1,Sector 1,aggravated_assault,Agg. Assault,year_to_date,percent_change,percent,2026,2024,2,13.0,0.13,13%,,not_checkable,,,wilmington-compstat-v2,validated
weekly-2026-09-06-r1,weekly_compstat,2026-08-31,2026-09-06,1,dbbe45b033ef4cf2fb49ddad08594d713238006b06de55043335d71a6b5a0f9c,3,sector,sector_1,Sector 1,aggravated_assault,Agg. Assault,year_to_date,percent_change,percent,2026,2023,3,11.0,0.11,11%,,not_checkable,,,wilmington-compstat-v2,validated
weekly-2026-09-06-r1,weekly_compstat,2026-08-31,2026-09-06,1,dbbe45b033ef4cf2fb49ddad08594d713238006b06de55043335d71a6b5a0f9c,3,sector,sector_1,Sector 1,aggravated_assault,Agg. Assault,year_to_date,percent_change,percent,2026,2022,4,23.0,0.23,23%,,not_checkable,,,wilmington-compstat-v2,validated
weekly-2026-09-06-r1,weekly_compstat,2026-08-31,2026-09-06,1,dbbe45b033ef4cf2fb49ddad08594d713238006b06de55043335d71a6b5a0f9c,3,sector,sector_1,Sector 1,aggravated_assault,Agg. Assault,year_to_date,percent_change,percent,2026,2021,5,-22.0,-0.22,-22%,,not_checkable,,,wilmington-compstat-v2,validated
weekly-2026-09-06-r1,weekly_compstat,2026-08-31,2026-09-06,1,dbbe45b033ef4cf2fb49ddad08594d713238006b06de55043335d71a6b5a0f9c,3,sector,sector_1,Sector 1,aggravated_assault,Agg. Assault,year_to_date,percent_change,percent,2026,2020,6,-25.0,-0.25,-25%,,not_checkable,,,wilmington-compstat-v2,validated
weekly-2026-09-06-r1,weekly_compstat,2026-08-31,2026-09-06,1,dbbe45b033ef4cf2fb49ddad08594d713238006b06de55043335d71a6b5a0f9c,3,sector,sector_1,Sector 1,burglary,Burglary,last_7_days,count,count,2026,,,1,,1,,not_applicable,,,wilmington-compstat-v2,validated
weekly-2026-09-06-r1,weekly_compstat,2026-08-31,2026-09-06,1,dbbe45b033ef4cf2fb49ddad08594d713238006b06de55043335d71a6b5a0f9c,3,sector,sector_1,Sector 1,burglary,Burglary,last_7_days,count,count,2025,,,0,,0,,not_applicable,,,wilmington-compstat-v2,validated
weekly-2026-09-06-r1,weekly_compstat,2026-08-31,2026-09-06,1,dbbe45b033ef4cf2fb49ddad08594d713238006b06de55043335d71a6b5a0f9c,3,sector,sector_1,Sector 1,burglary,Burglary,last_7_days,percent_change,percent,2026,2025,1,,,*,,undefined_zero_denominator,,undefined_zero_denominator,wilmington-compstat-v2,validated
weekly-2026-09-06-r1,weekly_compstat,2026-08-31,2026-09-06,1,dbbe45b033ef4cf2fb49ddad08594d713238006b06de55043335d71a6b5a0f9c,3,sector,sector_1,Sector 1,burglary,Burglary,last_28_days,count,count,2026,,,3,,3,,not_applicable,,,wilmington-compstat-v2,validated
weekly-2026-09-06-r1,weekly_compstat,2026-08-31,2026-09-06,1,dbbe45b033ef4cf2fb49ddad08594d713238006b06de55043335d71a6b5a0f9c,3,sector,sector_1,Sector 1,burglary,Burglary,last_28_days,count,count,2025,,,5,,5,,not_applicable,,,wilmington-compstat-v2,validated
weekly-2026-09-06-r1,weekly_compstat,2026-08-31,2026-09-06,1,dbbe45b033ef4cf2fb49ddad08594d713238006b06de55043335d71a6b5a0f9c,3,sector,sector_1,Sector 1,burglary,Burglary,last_28_days,percent_change,percent,2026,2025,1,-40.0,-0.4,-40%,-40.0,matched,,,wilmington-compstat-v2,validated
weekly-2026-09-06-r1,weekly_compstat,2026-08-31,2026-09-06,1,dbbe45b033ef4cf2fb49ddad08594d713238006b06de55043335d71a6b5a0f9c,3,sector,sector_1,Sector 1,burglary,Burglary,year_to_date,count,count,2026,,,61,,61,,not_applicable,,,wilmington-compstat-v2,validated
weekly-2026-09-06-r1,weekly_compstat,2026-08-31,2026-09-06,1,dbbe45b033ef4cf2fb49ddad08594d713238006b06de55043335d71a6b5a0f9c,3,sector,sector_1,Sector 1,burglary,Burglary,year_to_date,count,count,2025,,,80,,80,,not_applicable,,,wilmington-compstat-v2,validated
weekly-2026-09-06-r1,weekly_compstat,2026-08-31,2026-09-06,1,dbbe45b033ef4cf2fb49ddad08594d713238006b06de55043335d71a6b5a0f9c,3,sector,sector_1,Sector 1,burglary,Burglary,year_to_date,percent_change,percent,2026,2025,1,-24.0,-0.24,-24%,-23.75,matched,,,wilmington-compstat-v2,validated
weekly-2026-09-06-r1,weekly_compstat,2026-08-31,2026-09-06,1,dbbe45b033ef4cf2fb49ddad08594d713238006b06de55043335d71a6b5a0f9c,3,sector,sector_1,Sector 1,burglary,Burglary,year_to_date,percent_change,percent,2026,2024,2,30.0,0.3,30%,,not_checkable,,,wilmington-compstat-v2,validated
weekly-2026-09-06-r1,weekly_compstat,2026-08-31,2026-09-06,1,dbbe45b033ef4cf2fb49ddad08594d713238006b06de55043335d71a6b5a0f9c,3,sector,sector_1,Sector 1,burglary,Burglary,year_to_date,percent_change,percent,2026,2023,3,3.0,0.03,3%,,not_checkable,,,wilmington-compstat-v2,validated
weekly-2026-09-06-r1,weekly_compstat,2026-08-31,2026-09-06,1,dbbe45b033ef4cf2fb49ddad08594d713238006b06de55043335d71a6b5a0f9c,3,sector,sector_1,Sector 1,burglary,Burglary,year_to_date,percent_change,percent,2026,2022,4,-25.0,-0.25,-25%,,not_checkable,,,wilmington-compstat-v2,validated
weekly-2026-09-06-r1,weekly_compstat,2026-08-31,2026-09-06,1,dbbe45b033ef4cf2fb49ddad08594d713238006b06de55043335d71a6b5a0f9c,3,sector,sector_1,Sector 1,burglary,Burglary,year_to_date,percent_change,percent,2026,2021,5,-14.0,-0.14,-14%,,not_checkable,,,wilmington-compstat-v2,validated
weekly-2026-09-06-r1,weekly_compstat,2026-08-31,2026-09-06,1,dbbe45b033ef4cf2fb49ddad08594d713238006b06de55043335d71a6b5a0f9c,3,sector,sector_1,Sector 1,burglary,Burglary,year_to_date,percent_change,percent,2026,2020,6,-29.0,-0.29,-29%,,not_checkable,,,wilmington-compstat-v2,validated
weekly-2026-09-06-r1,weekly_compstat,2026-08-31,2026-09-06,1,dbbe45b033ef4cf2fb49ddad08594d713238006b06de55043335d71a6b5a0f9c,3,sector,sector_1,Sector 1,felony_theft,Felony Theft,last_7_days,count,count,2026,,,2,,2,,not_applicable,,,wilmington-compstat-v2,validated
weekly-2026-09-06-r1,weekly_compstat,2026-08-31,2026-09-06,1,dbbe45b033ef4cf2fb49ddad08594d713238006b06de55043335d71a6b5a0f9c,3,sector,sector_1,Sector 1,felony_theft,Felony Theft,last_7_days,count,count,2025,,,3,,3,,not_applicable,,,wilmington-compstat-v2,validated
weekly-2026-09-06-r1,weekly_compstat,2026-08-31,2026-09-06,1,dbbe45b033ef4cf2fb49ddad08594d713238006b06de55043335d71a6b5a0f9c,3,sector,sector_1,Sector 1,felony_theft,Felony Theft,last_7_days,percent_change,percent,2026,2025,1,-33.0,-0.33,-33%,-33.333333,matched,,,wilmington-compstat-v2,validated
weekly-2026-09-06-r1,weekly_compstat,2026-08-31,2026-09-06,1,dbbe45b033ef4cf2fb49ddad08594d713238006b06de55043335d71a6b5a0f9c,3,sector,sector_1,Sector 1,felony_theft,Felony Theft,last_28_days,count,count,2026,,,5,,5,,not_applicable,,,wilmington-compstat-v2,validated
weekly-2026-09-06-r1,weekly_compstat,2026-08-31,2026-09-06,1,dbbe45b033ef4cf2fb49ddad08594d713238006b06de55043335d71a6b5a0f9c,3,sector,sector_1,Sector 1,felony_theft,Felony Theft,last_28_days,count,count,2025,,,6,,6,,not_applicable,,,wilmington-compstat-v2,validated
weekly-2026-09-06-r1,weekly_compstat,2026-08-31,2026-09-06,1,dbbe45b033ef4cf2fb49ddad08594d713238006b06de55043335d71a6b5a0f9c,3,sector,sector_1,Sector 1,felony_theft,Felony Theft,last_28_days,percent_change,percent,2026,2025,1,-17.0,-0.17,-17%,-16.666667,matched,,,wilmington-compstat-v2,validated
weekly-2026-09-06-r1,weekly_compstat,2026-08-31,2026-09-06,1,dbbe45b033ef4cf2fb49ddad08594d713238006b06de55043335d71a6b5a0f9c,3,sector,sector_1,Sector 1,felony_theft,Felony Theft,year_to_date,count,count,2026,,,56,,56,,not_applicable,,,wilmington-compstat-v2,validated
weekly-2026-09-06-r1,weekly_compstat,2026-08-31,2026-09-06,1,dbbe45b033ef4cf2fb49ddad08594d713238006b06de55043335d71a6b5a0f9c,3,sector,sector_1,Sector 1,felony_theft,Felony Theft,year_to_date,count,count,2025,,,44,,44,,not_applicable,,,wilmington-compstat-v2,validated
weekly-2026-09-06-r1,weekly_compstat,2026-08-31,2026-09-06,1,dbbe45b033ef4cf2fb49ddad08594d713238006b06de55043335d71a6b5a0f9c,3,sector,sector_1,Sector 1,felony_theft,Felony Theft,year_to_date,percent_change,percent,2026,2025,1,27.0,0.27,27%,27.272727,matched,,,wilmington-compstat-v2,validated
weekly-2026-09-06-r1,weekly_compstat,2026-08-31,2026-09-06,1,dbbe45b033ef4cf2fb49ddad08594d713238006b06de55043335d71a6b5a0f9c,3,sector,sector_1,Sector 1,felony_theft,Felony Theft,year_to_date,percent_change,percent,2026,2024,2,37.0,0.37,37%,,not_checkable,,,wilmington-compstat-v2,validated
weekly-2026-09-06-r1,weekly_compstat,2026-08-31,2026-09-06,1,dbbe45b033ef4cf2fb49ddad08594d713238006b06de55043335d71a6b5a0f9c,3,sector,sector_1,Sector 1,felony_theft,Felony Theft,year_to_date,percent_change,percent,2026,2023,3,-3.0,-0.03,-3%,,not_checkable,,,wilmington-compstat-v2,validated
weekly-2026-09-06-r1,weekly_compstat,2026-08-31,2026-09-06,1,dbbe45b033ef4cf2fb49ddad08594d713238006b06de55043335d71a6b5a0f9c,3,sector,sector_1,Sector 1,felony_theft,Felony Theft,year_to_date,percent_change,percent,2026,2022,4,-14.0,-0.14,-14%,,not_checkable,,,wilmington-compstat-v2,validated
weekly-2026-09-06-r1,weekly_compstat,2026-08-31,2026-09-06,1,dbbe45b033ef4cf2fb49ddad08594d713238006b06de55043335d71a6b5a0f9c,3,sector,sector_1,Sector 1,felony_theft,Felony Theft,year_to_date,percent_change,percent,2026,2021,5,-2.0,-0.02,-2%,,not_checkable,,,wilmington-compstat-v2,validated
weekly-2026-09-06-r1,weekly_compstat,2026-08-31,2026-09-06,1,dbbe45b033ef4cf2fb49ddad08594d713238006b06de55043335d71a6b5a0f9c,3,sector,sector_1,Sector 1,felony_theft,Felony Theft,year_to_date,percent_change,percent,2026,2020,6,51.0,0.51,51%,,not_checkable,,,wilmington-compstat-v2,validated
weekly-2026-09-06-r1,weekly_compstat,2026-08-31,2026-09-06,1,dbbe45b033ef4cf2fb49ddad08594d713238006b06de55043335d71a6b5a0f9c,3,sector,sector_1,Sector 1,auto_theft,Auto Theft,last_7_days,count,count,2026,,,1,,1,,not_applicable,,,wilmington-compstat-v2,validated
weekly-2026-09-06-r1,weekly_compstat,2026-08-31,2026-09-06,1,dbbe45b033ef4cf2fb49ddad08594d713238006b06de55043335d71a6b5a0f9c,3,sector,sector_1,Sector 1,auto_theft,Auto Theft,last_7_days,count,count,2025,,,1,,1,,not_applicable,,,wilmington-compstat-v2,validated
weekly-2026-09-06-r1,weekly_compstat,2026-08-31,2026-09-06,1,dbbe45b033ef4cf2fb49ddad08594d713238006b06de55043335d71a6b5a0f9c,3,sector,sector_1,Sector 1,auto_theft,Auto Theft,last_7_days,percent_change,percent,2026,2025,1,0.0,0.0,0%,0.0,matched,,,wilmington-compstat-v2,validated
weekly-2026-09-06-r1,weekly_compstat,2026-08-31,2026-09-06,1,dbbe45b033ef4cf2fb49ddad08594d713238006b06de55043335d71a6b5a0f9c,3,sector,sector_1,Sector 1,auto_theft,Auto Theft,last_28_days,count,count,2026,,,8,,8,,not_applicable,,,wilmington-compstat-v2,validated
weekly-2026-09-06-r1,weekly_compstat,2026-08-31,2026-09-06,1,dbbe45b033ef4cf2fb49ddad08594d713238006b06de55043335d71a6b5a0f9c,3,sector,sector_1,Sector 1,auto_theft,Auto Theft,last_28_days,count,count,2025,,,8,,8,,not_applicable,,,wilmington-compstat-v2,validated
weekly-2026-09-06-r1,weekly_compstat,2026-08-31,2026-09-06,1,dbbe45b033ef4cf2fb49ddad08594d713238006b06de55043335d71a6b5a0f9c,3,sector,sector_1,Sector 1,auto_theft,Auto Theft,last_28_days,percent_change,percent,2026,2025,1,0.0,0.0,0%,0.0,matched,,,wilmington-compstat-v2,validated
weekly-2026-09-06-r1,weekly_compstat,2026-08-31,2026-09-06,1,dbbe45b033ef4cf2fb49ddad08594d713238006b06de55043335d71a6b5a0f9c,3,sector,sector_1,Sector 1,auto_theft,Auto Theft,year_to_date,count,count,2026,,,85,,85,,not_applicable,,,wilmington-compstat-v2,validated
weekly-2026-09-06-r1,weekly_compstat,2026-08-31,2026-09-06,1,dbbe45b033ef4cf2fb49ddad08594d713238006b06de55043335d71a6b5a0f9c,3,sector,sector_1,Sector 1,auto_theft,Auto Theft,year_to_date,count,count,2025,,,102,,102,,not_applicable,,,wilmington-compstat-v2,validated
weekly-2026-09-06-r1,weekly_compstat,2026-08-31,2026-09-06,1,dbbe45b033ef4cf2fb49ddad08594d713238006b06de55043335d71a6b5a0f9c,3,sector,sector_1,Sector 1,auto_theft,Auto Theft,year_to_date,percent_change,percent,2026,2025,1,-17.0,-0.17,-17%,-16.666667,matched,,,wilmington-compstat-v2,validated
weekly-2026-09-06-r1,weekly_compstat,2026-08-31,2026-09-06,1,dbbe45b033ef4cf2fb49ddad08594d713238006b06de55043335d71a6b5a0f9c,3,sector,sector_1,Sector 1,auto_theft,Auto Theft,year_to_date,percent_change,percent,2026,2024,2,-22.0,-0.22,-22%,,not_checkable,,,wilmington-compstat-v2,validated
weekly-2026-09-06-r1,weekly_compstat,2026-08-31,2026-09-06,1,dbbe45b033ef4cf2fb49ddad08594d713238006b06de55043335d71a6b5a0f9c,3,sector,sector_1,Sector 1,auto_theft,Auto Theft,year_to_date,percent_change,percent,2026,2023,3,-13.0,-0.13,-13%,,not_checkable,,,wilmington-compstat-v2,validated
weekly-2026-09-06-r1,weekly_compstat,2026-08-31,2026-09-06,1,dbbe45b033ef4cf2fb49ddad08594d713238006b06de55043335d71a6b5a0f9c,3,sector,sector_1,Sector 1,auto_theft,Auto Theft,year_to_date,percent_change,percent,2026,2022,4,-2.0,-0.02,-2%,,not_checkable,,,wilmington-compstat-v2,validated
weekly-2026-09-06-r1,weekly_compstat,2026-08-31,2026-09-06,1,dbbe45b033ef4cf2fb49ddad08594d713238006b06de55043335d71a6b5a0f9c,3,sector,sector_1,Sector 1,auto_theft,Auto Theft,year_to_date,percent_change,percent,2026,2021,5,-4.0,-0.04,-4%,,not_checkable,,,wilmington-compstat-v2,validated
weekly-2026-09-06-r1,weekly_compstat,2026-08-31,2026-09-06,1,dbbe45b033ef4cf2fb49ddad08594d713238006b06de55043335d71a6b5a0f9c,3,sector,sector_1,Sector 1,auto_theft,Auto Theft,year_to_date,percent_change,percent,2026,2020,6,-9.0,-0.09,-9%,,not_checkable,,,wilmington-compstat-v2,validated
weekly-2026-09-06-r1,weekly_compstat,2026-08-31,2026-09-06,1,dbbe45b033ef4cf2fb49ddad08594d713238006b06de55043335d71a6b5a0f9c,3,sector,sector_1,Sector 1,major_crime_total,TOTAL,last_7_days,count,count,2026,,,5,,5,,not_applicable,,,wilmington-compstat-v2,validated
weekly-2026-09-06-r1,weekly_compstat,2026-08-31,2026-09-06,1,dbbe45b033ef4cf2fb49ddad08594d713238006b06de55043335d71a6b5a0f9c,3,sector,sector_1,Sector 1,major_crime_total,TOTAL,last_7_days,count,count,2025,,,9,,9,,not_applicable,,,wilmington-compstat-v2,validated
weekly-2026-09-06-r1,weekly_compstat,2026-08-31,2026-09-06,1,dbbe45b033ef4cf2fb49ddad08594d713238006b06de55043335d71a6b5a0f9c,3,sector,sector_1,Sector 1,major_crime_total,TOTAL,last_7_days,percent_change,percent,2026,2025,1,-44.0,-0.44,-44%,-44.444444,matched,,,wilmington-compstat-v2,validated
weekly-2026-09-06-r1,weekly_compstat,2026-08-31,2026-09-06,1,dbbe45b033ef4cf2fb49ddad08594d713238006b06de55043335d71a6b5a0f9c,3,sector,sector_1,Sector 1,major_crime_total,TOTAL,last_28_days,count,count,2026,,,27,,27,,not_applicable,,,wilmington-compstat-v2,validated
weekly-2026-09-06-r1,weekly_compstat,2026-08-31,2026-09-06,1,dbbe45b033ef4cf2fb49ddad08594d713238006b06de55043335d71a6b5a0f9c,3,sector,sector_1,Sector 1,major_crime_total,TOTAL,last_28_days,count,count,2025,,,34,,34,,not_applicable,,,wilmington-compstat-v2,validated
weekly-2026-09-06-r1,weekly_compstat,2026-08-31,2026-09-06,1,dbbe45b033ef4cf2fb49ddad08594d713238006b06de55043335d71a6b5a0f9c,3,sector,sector_1,Sector 1,major_crime_total,TOTAL,last_28_days,percent_change,percent,2026,2025,1,-21.0,-0.21,-21%,-20.588235,matched,,,wilmington-compstat-v2,validated
weekly-2026-09-06-r1,weekly_compstat,2026-08-31,2026-09-06,1,dbbe45b033ef4cf2fb49ddad08594d713238006b06de55043335d71a6b5a0f9c,3,sector,sector_1,Sector 1,major_crime_total,TOTAL,year_to_date,count,count,2026,,,309,,309,,not_applicable,,,wilmington-compstat-v2,validated
weekly-2026-09-06-r1,weekly_compstat,2026-08-31,2026-09-06,1,dbbe45b033ef4cf2fb49ddad08594d713238006b06de55043335d71a6b5a0f9c,3,sector,sector_1,Sector 1,major_crime_total,TOTAL,year_to_date,count,count,2025,,,331,,331,,not_applicable,,,wilmington-compstat-v2,validated
weekly-2026-09-06-r1,weekly_compstat,2026-08-31,2026-09-06,1,dbbe45b033ef4cf2fb49ddad08594d713238006b06de55043335d71a6b5a0f9c,3,sector,sector_1,Sector 1,major_crime_total,TOTAL,year_to_date,percent_change,percent,2026,2025,1,-7.0,-0.07,-7%,-6.646526,matched,,,wilmington-compstat-v2,validated
weekly-2026-09-06-r1,weekly_compstat,2026-08-31,2026-09-06,1,dbbe45b033ef4cf2fb49ddad08594d713238006b06de55043335d71a6b5a0f9c,3,sector,sector_1,Sector 1,major_crime_total,TOTAL,year_to_date,percent_change,percent,2026,2024,2,4.0,0.04,4%,,not_checkable,,,wilmington-compstat-v2,validated
weekly-2026-09-06-r1,weekly_compstat,2026-08-31,2026-09-06,1,dbbe45b033ef4cf2fb49ddad08594d713238006b06de55043335d71a6b5a0f9c,3,sector,sector_1,Sector 1,major_crime_total,TOTAL,year_to_date,percent_change,percent,2026,2023,3,-4.0,-0.04,-4%,,not_checkable,,,wilmington-compstat-v2,validated
weekly-2026-09-06-r1,weekly_compstat,2026-08-31,2026-09-06,1,dbbe45b033ef4cf2fb49ddad08594d713238006b06de55043335d71a6b5a0f9c,3,sector,sector_1,Sector 1,major_crime_total,TOTAL,year_to_date,percent_change,percent,2026,2022,4,-7.0,-0.07,-7%,,not_checkable,,,wilmington-compstat-v2,validated
weekly-2026-09-06-r1,weekly_compstat,2026-08-31,2026-09-06,1,dbbe45b033ef4cf2fb49ddad08594d713238006b06de55043335d71a6b5a0f9c,3,sector,sector_1,Sector 1,major_crime_total,TOTAL,year_to_date,percent_change,percent,2026,2021,5,-16.0,-0.16,-16%,,not_checkable,,,wilmington-compstat-v2,validated
weekly-2026-09-06-r1,weekly_compstat,2026-08-31,2026-09-06,1,dbbe45b033ef4cf2fb49ddad08594d713238006b06de55043335d71a6b5a0f9c,3,sector,sector_1,Sector 1,major_crime_total,TOTAL,year_to_date,percent_change,percent,2026,2020,6,-20.0,-0.2,-20%,,not_checkable,,,wilmington-compstat-v2,validated
weekly-2026-09-06-r1,weekly_compstat,2026-08-31,2026-09-06,1,dbbe45b033ef4cf2fb49ddad08594d713238006b06de55043335d71a6b5a0f9c,3,sector,sector_1,Sector 1,shooting_incidents,Shooting Incidents,last_7_days,count,count,2026,,,0,,0,,not_applicable,,,wilmington-compstat-v2,validated
weekly-2026-09-06-r1,weekly_compstat,2026-08-31,2026-09-06,1,dbbe45b033ef4cf2fb49ddad08594d713238006b06de55043335d71a6b5a0f9c,3,sector,sector_1,Sector 1,shooting_incidents,Shooting Incidents,last_7_days,count,count,2025,,,0,,0,,not_applicable,,,wilmington-compstat-v2,validated
weekly-2026-09-06-r1,weekly_compstat,2026-08-31,2026-09-06,1,dbbe45b033ef4cf2fb49ddad08594d713238006b06de55043335d71a6b5a0f9c,3,sector,sector_1,Sector 1,shooting_incidents,Shooting Incidents,last_7_days,percent_change,percent,2026,2025,1,,,*,,undefined_zero_denominator,,undefined_zero_denominator,wilmington-compstat-v2,validated
weekly-2026-09-06-r1,weekly_compstat,2026-08-31,2026-09-06,1,dbbe45b033ef4cf2fb49ddad08594d713238006b06de55043335d71a6b5a0f9c,3,sector,sector_1,Sector 1,shooting_incidents,Shooting Incidents,last_28_days,count,count,2026,,,2,,2,,not_applicable,,,wilmington-compstat-v2,validated
weekly-2026-09-06-r1,weekly_compstat,2026-08-31,2026-09-06,1,dbbe45b033ef4cf2fb49ddad08594d713238006b06de55043335d71a6b5a0f9c,3,sector,sector_1,Sector 1,shooting_incidents,Shooting Incidents,last_28_days,count,count,2025,,,2,,2,,not_applicable,,,wilmington-compstat-v2,validated
weekly-2026-09-06-r1,weekly_compstat,2026-08-31,2026-09-06,1,dbbe45b033ef4cf2fb49ddad08594d713238006b06de55043335d71a6b5a0f9c,3,sector,sector_1,Sector 1,shooting_incidents,Shooting Incidents,last_28_days,percent_change,percent,2026,2025,1,0.0,0.0,0%,0.0,matched,,,wilmington-compstat-v2,validated
weekly-2026-09-06-r1,weekly_compstat,2026-08-31,2026-09-06,1,dbbe45b033ef4cf2fb49ddad08594d713238006b06de55043335d71a6b5a0f9c,3,sector,sector_1,Sector 1,shooting_incidents,Shooting Incidents,year_to_date,count,count,2026,,,13,,13,,not_applicable,,,wilmington-compstat-v2,validated
weekly-2026-09-06-r1,weekly_compstat,2026-08-31,2026-09-06,1,dbbe45b033ef4cf2fb49ddad08594d713238006b06de55043335d71a6b5a0f9c,3,sector,sector_1,Sector 1,shooting_incidents,Shooting Incidents,year_to_date,count,count,2025,,,13,,13,,not_applicable,,,wilmington-compstat-v2,validated
weekly-2026-09-06-r1,weekly_compstat,2026-08-31,2026-09-06,1,dbbe45b033ef4cf2fb49ddad08594d713238006b06de55043335d71a6b5a0f9c,3,sector,sector_1,Sector 1,shooting_incidents,Shooting Incidents,year_to_date,percent_change,percent,2026,2025,1,0.0,0.0,0%,0.0,matched,,,wilmington-compstat-v2,validated
weekly-2026-09-06-r1,weekly_compstat,2026-08-31,2026-09-06,1,dbbe45b033ef4cf2fb49ddad08594d713238006b06de55043335d71a6b5a0f9c,3,sector,sector_1,Sector 1,shooting_incidents,Shooting Incidents,year_to_date,percent_change,percent,2026,2024,2,-28.0,-0.28,-28%,,not_checkable,,,wilmington-compstat-v2,validated
weekly-2026-09-06-r1,weekly_compstat,2026-08-31,2026-09-06,1,dbbe45b033ef4cf2fb49ddad08594d713238006b06de55043335d71a6b5a0f9c,3,sector,sector_1,Sector 1,shooting_incidents,Shooting Incidents,year_to_date,percent_change,percent,2026,2023,3,-41.0,-0.41,-41%,,not_checkable,,,wilmington-compstat-v2,validated
weekly-2026-09-06-r1,weekly_compstat,2026-08-31,2026-09-06,1,dbbe45b033ef4cf2fb49ddad08594d713238006b06de55043335d71a6b5a0f9c,3,sector,sector_1,Sector 1,shooting_incidents,Shooting Incidents,year_to_date,percent_change,percent,2026,2022,4,-50.0,-0.5,-50%,,not_checkable,,,wilmington-compstat-v2,validated
weekly-2026-09-06-r1,weekly_compstat,2026-08-31,2026-09-06,1,dbbe45b033ef4cf2fb49ddad08594d713238006b06de55043335d71a6b5a0f9c,3,sector,sector_1,Sector 1,shooting_incidents,Shooting Incidents,year_to_date,percent_change,percent,2026,2021,5,-59.0,-0.59,-59%,,not_checkable,,,wilmington-compstat-v2,validated
weekly-2026-09-06-r1,weekly_compstat,2026-08-31,2026-09-06,1,dbbe45b033ef4cf2fb49ddad08594d713238006b06de55043335d71a6b5a0f9c,3,sector,sector_1,Sector 1,shooting_incidents,Shooting Incidents,year_to_date,percent_change,percent,2026,2020,6,-65.0,-0.65,-65%,,not_checkable,,,wilmington-compstat-v2,validated
weekly-2026-09-06-r1,weekly_compstat,2026-08-31,2026-09-06,1,dbbe45b033ef4cf2fb49ddad08594d713238006b06de55043335d71a6b5a0f9c,3,sector,sector_1,Sector 1,shooting_victims,Shooting Victims,last_7_days,count,count,2026,,,0,,0,,not_applicable,,,wilmington-compstat-v2,validated
weekly-2026-09-06-r1,weekly_compstat,2026-08-31,2026-09-06,1,dbbe45b033ef4cf2fb49ddad08594d713238006b06de55043335d71a6b5a0f9c,3,sector,sector_1,Sector 1,shooting_victims,Shooting Victims,last_7_days,count,count,2025,,,0,,0,,not_applicable,,,wilmington-compstat-v2,validated
weekly-2026-09-06-r1,weekly_compstat,2026-08-31,2026-09-06,1,dbbe45b033ef4cf2fb49ddad08594d713238006b06de55043335d71a6b5a0f9c,3,sector,sector_1,Sector 1,shooting_victims,Shooting Victims,last_7_days,percent_change,percent,2026,2025,1,,,*,,undefined_zero_denominator,,undefined_zero_denominator,wilmington-compstat-v2,validated
weekly-2026-09-06-r1,weekly_compstat,2026-08-31,2026-09-06,1,dbbe45b033ef4cf2fb49ddad08594d713238006b06de55043335d71a6b5a0f9c,3,sector,sector_1,Sector 1,shooting_victims,Shooting Victims,last_28_days,count,count,2026,,,2,,2,,not_applicable,,,wilmington-compstat-v2,validated
weekly-2026-09-06-r1,weekly_compstat,2026-08-31,2026-09-06,1,dbbe45b033ef4cf2fb49ddad08594d713238006b06de55043335d71a6b5a0f9c,3,sector,sector_1,Sector 1,shooting_victims,Shooting Victims,last_28_days,count,count,2025,,,2,,2,,not_applicable,,,wilmington-compstat-v2,validated
weekly-2026-09-06-r1,weekly_compstat,2026-08-31,2026-09-06,1,dbbe45b033ef4cf2fb49ddad08594d713238006b06de55043335d71a6b5a0f9c,3,sector,sector_1,Sector 1,shooting_victims,Shooting Victims,last_28_days,percent_change,percent,2026,2025,1,0.0,0.0,0%,0.0,matched,,,wilmington-compstat-v2,validated
weekly-2026-09-06-r1,weekly_compstat,2026-08-31,2026-09-06,1,dbbe45b033ef4cf2fb49ddad08594d713238006b06de55043335d71a6b5a0f9c,3,sector,sector_1,Sector 1,shooting_victims,Shooting Victims,year_to_date,count,count,2026,,,15,,15,,not_applicable,,,wilmington-compstat-v2,validated
weekly-2026-09-06-r1,weekly_compstat,2026-08-31,2026-09-06,1,dbbe45b033ef4cf2fb49ddad08594d713238006b06de55043335d71a6b5a0f9c,3,sector,sector_1,Sector 1,shooting_victims,Shooting Victims,year_to_date,count,count,2025,,,17,,17,,not_applicable,,,wilmington-compstat-v2,validated
weekly-2026-09-06-r1,weekly_compstat,2026-08-31,2026-09-06,1,dbbe45b033ef4cf2fb49ddad08594d713238006b06de55043335d71a6b5a0f9c,3,sector,sector_1,Sector 1,shooting_victims,Shooting Victims,year_to_date,percent_change,percent,2026,2025,1,-12.0,-0.12,-12%,-11.764706,matched,,,wilmington-compstat-v2,validated
weekly-2026-09-06-r1,weekly_compstat,2026-08-31,2026-09-06,1,dbbe45b033ef4cf2fb49ddad08594d713238006b06de55043335d71a6b5a0f9c,3,sector,sector_1,Sector 1,shooting_victims,Shooting Victims,year_to_date,percent_change,percent,2026,2024,2,-35.0,-0.35,-35%,,not_checkable,,,wilmington-compstat-v2,validated
weekly-2026-09-06-r1,weekly_compstat,2026-08-31,2026-09-06,1,dbbe45b033ef4cf2fb49ddad08594d713238006b06de55043335d71a6b5a0f9c,3,sector,sector_1,Sector 1,shooting_victims,Shooting Victims,year_to_date,percent_change,percent,2026,2023,3,-42.0,-0.42,-42%,,not_checkable,,,wilmington-compstat-v2,validated
weekly-2026-09-06-r1,weekly_compstat,2026-08-31,2026-09-06,1,dbbe45b033ef4cf2fb49ddad08594d713238006b06de55043335d71a6b5a0f9c,3,sector,sector_1,Sector 1,shooting_victims,Shooting Victims,year_to_date,percent_change,percent,2026,2022,4,-58.0,-0.58,-58%,,not_checkable,,,wilmington-compstat-v2,validated
weekly-2026-09-06-r1,weekly_compstat,2026-08-31,2026-09-06,1,dbbe45b033ef4cf2fb49ddad08594d713238006b06de55043335d71a6b5a0f9c,3,sector,sector_1,Sector 1,shooting_victims,Shooting Victims,year_to_date,percent_change,percent,2026,2021,5,-63.0,-0.63,-63%,,not_checkable,,,wilmington-compstat-v2,validated
weekly-2026-09-06-r1,weekly_compstat,2026-08-31,2026-09-06,1,dbbe45b033ef4cf2fb49ddad08594d713238006b06de55043335d71a6b5a0f9c,3,sector,sector_1,Sector 1,shooting_victims,Shooting Victims,year_to_date,percent_change,percent,2026,2020,6,-67.0,-0.67,-67%,,not_checkable,,,wilmington-compstat-v2,validated
weekly-2026-09-06-r1,weekly_compstat,2026-08-31,2026-09-06,1,dbbe45b033ef4cf2fb49ddad08594d713238006b06de55043335d71a6b5a0f9c,3,sector,sector_1,Sector 1,juvenile_shooting_incidents,*Juv Shooting Incidents,last_7_days,count,count,2026,,,0,,0,,not_applicable,,,wilmington-compstat-v2,validated
weekly-2026-09-06-r1,weekly_compstat,2026-08-31,2026-09-06,1,dbbe45b033ef4cf2fb49ddad08594d713238006b06de55043335d71a6b5a0f9c,3,sector,sector_1,Sector 1,juvenile_shooting_incidents,*Juv Shooting Incidents,last_7_days,count,count,2025,,,0,,0,,not_applicable,,,wilmington-compstat-v2,validated
weekly-2026-09-06-r1,weekly_compstat,2026-08-31,2026-09-06,1,dbbe45b033ef4cf2fb49ddad08594d713238006b06de55043335d71a6b5a0f9c,3,sector,sector_1,Sector 1,juvenile_shooting_incidents,*Juv Shooting Incidents,last_7_days,percent_change,percent,2026,2025,1,,,*,,undefined_zero_denominator,,undefined_zero_denominator,wilmington-compstat-v2,validated
weekly-2026-09-06-r1,weekly_compstat,2026-08-31,2026-09-06,1,dbbe45b033ef4cf2fb49ddad08594d713238006b06de55043335d71a6b5a0f9c,3,sector,sector_1,Sector 1,juvenile_shooting_incidents,*Juv Shooting Incidents,last_28_days,count,count,2026,,,0,,0,,not_applicable,,,wilmington-compstat-v2,validated
weekly-2026-09-06-r1,weekly_compstat,2026-08-31,2026-09-06,1,dbbe45b033ef4cf2fb49ddad08594d713238006b06de55043335d71a6b5a0f9c,3,sector,sector_1,Sector 1,juvenile_shooting_incidents,*Juv Shooting Incidents,last_28_days,count,count,2025,,,0,,0,,not_applicable,,,wilmington-compstat-v2,validated
weekly-2026-09-06-r1,weekly_compstat,2026-08-31,2026-09-06,1,dbbe45b033ef4cf2fb49ddad08594d713238006b06de55043335d71a6b5a0f9c,3,sector,sector_1,Sector 1,juvenile_shooting_incidents,*Juv Shooting Incidents,last_28_days,percent_change,percent,2026,2025,1,,,*,,undefined_zero_denominator,,undefined_zero_denominator,wilmington-compstat-v2,validated
weekly-2026-09-06-r1,weekly_compstat,2026-08-31,2026-09-06,1,dbbe45b033ef4cf2fb49ddad08594d713238006b06de55043335d71a6b5a0f9c,3,sector,sector_1,Sector 1,juvenile_shooting_incidents,*Juv Shooting Incidents,year_to_date,count,count,2026,,,2,,2,,not_applicable,,,wilmington-compstat-v2,validated
weekly-2026-09-06-r1,weekly_compstat,2026-08-31,2026-09-06,1,dbbe45b033ef4cf2fb49ddad08594d713238006b06de55043335d71a6b5a0f9c,3,sector,sector_1,Sector 1,juvenile_shooting_incidents,*Juv Shooting Incidents,year_to_date,count,count,2025,,,2,,2,,not_applicable,,,wilmington-compstat-v2,validated
weekly-2026-09-06-r1,weekly_compstat,2026-08-31,2026-09-06,1,dbbe45b033ef4cf2fb49ddad08594d713238006b06de55043335d71a6b5a0f9c,3,sector,sector_1,Sector 1,juvenile_shooting_incidents,*Juv Shooting Incidents,year_to_date,percent_change,percent,2026,2025,1,0.0,0.0,0%,0.0,matched,,,wilmington-compstat-v2,validated
weekly-2026-09-06-r1,weekly_compstat,2026-08-31,2026-09-06,1,dbbe45b033ef4cf2fb49ddad08594d713238006b06de55043335d71a6b5a0f9c,3,sector,sector_1,Sector 1,juvenile_shooting_incidents,*Juv Shooting Incidents,year_to_date,percent_change,percent,2026,2024,2,-50.0,-0.5,-50%,,not_checkable,,,wilmington-compstat-v2,validated
weekly-2026-09-06-r1,weekly_compstat,2026-08-31,2026-09-06,1,dbbe45b033ef4cf2fb49ddad08594d713238006b06de55043335d71a6b5a0f9c,3,sector,sector_1,Sector 1,juvenile_shooting_incidents,*Juv Shooting Incidents,year_to_date,percent_change,percent,2026,2023,3,-33.0,-0.33,-33%,,not_checkable,,,wilmington-compstat-v2,validated
weekly-2026-09-06-r1,weekly_compstat,2026-08-31,2026-09-06,1,dbbe45b033ef4cf2fb49ddad08594d713238006b06de55043335d71a6b5a0f9c,3,sector,sector_1,Sector 1,juvenile_shooting_incidents,*Juv Shooting Incidents,year_to_date,percent_change,percent,2026,2022,4,-71.0,-0.71,-71%,,not_checkable,,,wilmington-compstat-v2,validated
weekly-2026-09-06-r1,weekly_compstat,2026-08-31,2026-09-06,1,dbbe45b033ef4cf2fb49ddad08594d713238006b06de55043335d71a6b5a0f9c,3,sector,sector_1,Sector 1,juvenile_shooting_incidents,*Juv Shooting Incidents,year_to_date,percent_change,percent,2026,2021,5,-60.0,-0.6,-60%,,not_checkable,,,wilmington-compstat-v2,validated
weekly-2026-09-06-r1,weekly_compstat,2026-08-31,2026-09-06,1,dbbe45b033ef4cf2fb49ddad08594d713238006b06de55043335d71a6b5a0f9c,3,sector,sector_1,Sector 1,juvenile_shooting_incidents,*Juv Shooting Incidents,year_to_date,percent_change,percent,2026,2020,6,-71.0,-0.71,-71%,,not_checkable,,,wilmington-compstat-v2,validated
weekly-2026-09-06-r1,weekly_compstat,2026-08-31,2026-09-06,1,dbbe45b033ef4cf2fb49ddad08594d713238006b06de55043335d71a6b5a0f9c,3,sector,sector_1,Sector 1,juvenile_shooting_victims,*Juv Shooting Victims,last_7_days,count,count,2026,,,0,,0,,not_applicable,,,wilmington-compstat-v2,validated
weekly-2026-09-06-r1,weekly_compstat,2026-08-31,2026-09-06,1,dbbe45b033ef4cf2fb49ddad08594d713238006b06de55043335d71a6b5a0f9c,3,sector,sector_1,Sector 1,juvenile_shooting_victims,*Juv Shooting Victims,last_7_days,count,count,2025,,,0,,0,,not_applicable,,,wilmington-compstat-v2,validated
weekly-2026-09-06-r1,weekly_compstat,2026-08-31,2026-09-06,1,dbbe45b033ef4cf2fb49ddad08594d713238006b06de55043335d71a6b5a0f9c,3,sector,sector_1,Sector 1,juvenile_shooting_victims,*Juv Shooting Victims,last_7_days,percent_change,percent,2026,2025,1,,,*,,undefined_zero_denominator,,undefined_zero_denominator,wilmington-compstat-v2,validated
weekly-2026-09-06-r1,weekly_compstat,2026-08-31,2026-09-06,1,dbbe45b033ef4cf2fb49ddad08594d713238006b06de55043335d71a6b5a0f9c,3,sector,sector_1,Sector 1,juvenile_shooting_victims,*Juv Shooting Victims,last_28_days,count,count,2026,,,0,,0,,not_applicable,,,wilmington-compstat-v2,validated
weekly-2026-09-06-r1,weekly_compstat,2026-08-31,2026-09-06,1,dbbe45b033ef4cf2fb49ddad08594d713238006b06de55043335d71a6b5a0f9c,3,sector,sector_1,Sector 1,juvenile_shooting_victims,*Juv Shooting Victims,last_28_days,count,count,2025,,,0,,0,,not_applicable,,,wilmington-compstat-v2,validated
weekly-2026-09-06-r1,weekly_compstat,2026-08-31,2026-09-06,1,dbbe45b033ef4cf2fb49ddad08594d713238006b06de55043335d71a6b5a0f9c,3,sector,sector_1,Sector 1,juvenile_shooting_victims,*Juv Shooting Victims,last_28_days,percent_change,percent,2026,2025,1,,,*,,undefined_zero_denominator,,undefined_zero_denominator,wilmington-compstat-v2,validated
weekly-2026-09-06-r1,weekly_compstat,2026-08-31,2026-09-06,1,dbbe45b033ef4cf2fb49ddad08594d713238006b06de55043335d71a6b5a0f9c,3,sector,sector_1,Sector 1,juvenile_shooting_victims,*Juv Shooting Victims,year_to_date,count,count,2026,,,2,,2,,not_applicable,,,wilmington-compstat-v2,validated
weekly-2026-09-06-r1,weekly_compstat,2026-08-31,2026-09-06,1,dbbe45b033ef4cf2fb49ddad08594d713238006b06de55043335d71a6b5a0f9c,3,sector,sector_1,Sector 1,juvenile_shooting_victims,*Juv Shooting Victims,year_to_date,count,count,2025,,,2,,2,,not_applicable,,,wilmington-compstat-v2,validated
weekly-2026-09-06-r1,weekly_compstat,2026-08-31,2026-09-06,1,dbbe45b033ef4cf2fb49ddad08594d713238006b06de55043335d71a6b5a0f9c,3,sector,sector_1,Sector 1,juvenile_shooting_victims,*Juv Shooting Victims,year_to_date,percent_change,percent,2026,2025,1,0.0,0.0,0%,0.0,matched,,,wilmington-compstat-v2,validated
weekly-2026-09-06-r1,weekly_compstat,2026-08-31,2026-09-06,1,dbbe45b033ef4cf2fb49ddad08594d713238006b06de55043335d71a6b5a0f9c,3,sector,sector_1,Sector 1,juvenile_shooting_victims,*Juv Shooting Victims,year_to_date,percent_change,percent,2026,2024,2,-60.0,-0.6,-60%,,not_checkable,,,wilmington-compstat-v2,validated
weekly-2026-09-06-r1,weekly_compstat,2026-08-31,2026-09-06,1,dbbe45b033ef4cf2fb49ddad08594d713238006b06de55043335d71a6b5a0f9c,3,sector,sector_1,Sector 1,juvenile_shooting_victims,*Juv Shooting Victims,year_to_date,percent_change,percent,2026,2023,3,-33.0,-0.33,-33%,,not_checkable,,,wilmington-compstat-v2,validated
weekly-2026-09-06-r1,weekly_compstat,2026-08-31,2026-09-06,1,dbbe45b033ef4cf2fb49ddad08594d713238006b06de55043335d71a6b5a0f9c,3,sector,sector_1,Sector 1,juvenile_shooting_victims,*Juv Shooting Victims,year_to_date,percent_change,percent,2026,2022,4,-75.0,-0.75,-75%,,not_checkable,,,wilmington-compstat-v2,validated
weekly-2026-09-06-r1,weekly_compstat,2026-08-31,2026-09-06,1,dbbe45b033ef4cf2fb49ddad08594d713238006b06de55043335d71a6b5a0f9c,3,sector,sector_1,Sector 1,juvenile_shooting_victims,*Juv Shooting Victims,year_to_date,percent_change,percent,2026,2021,5,-67.0,-0.67,-67%,,not_checkable,,,wilmington-compstat-v2,validated
weekly-2026-09-06-r1,weekly_compstat,2026-08-31,2026-09-06,1,dbbe45b033ef4cf2fb49ddad08594d713238006b06de55043335d71a6b5a0f9c,3,sector,sector_1,Sector 1,juvenile_shooting_victims,*Juv Shooting Victims,year_to_date,percent_change,percent,2026,2020,6,-75.0,-0.75,-75%,,not_checkable,,,wilmington-compstat-v2,validated
weekly-2026-09-06-r1,weekly_compstat,2026-08-31,2026-09-06,1,dbbe45b033ef4cf2fb49ddad08594d713238006b06de55043335d71a6b5a0f9c,3,sector,sector_1,Sector 1,misdemeanor_theft,Theft (Misdemeanor),last_7_days,count,count,2026,,,8,,8,,not_applicable,,,wilmington-compstat-v2,validated
weekly-2026-09-06-r1,weekly_compstat,2026-08-31,2026-09-06,1,dbbe45b033ef4cf2fb49ddad08594d713238006b06de55043335d71a6b5a0f9c,3,sector,sector_1,Sector 1,misdemeanor_theft,Theft (Misdemeanor),last_7_days,count,count,2025,,,5,,5,,not_applicable,,,wilmington-compstat-v2,validated
weekly-2026-09-06-r1,weekly_compstat,2026-08-31,2026-09-06,1,dbbe45b033ef4cf2fb49ddad08594d713238006b06de55043335d71a6b5a0f9c,3,sector,sector_1,Sector 1,misdemeanor_theft,Theft (Misdemeanor),last_7_days,percent_change,percent,2026,2025,1,60.0,0.6,60%,60.0,matched,,,wilmington-compstat-v2,validated
weekly-2026-09-06-r1,weekly_compstat,2026-08-31,2026-09-06,1,dbbe45b033ef4cf2fb49ddad08594d713238006b06de55043335d71a6b5a0f9c,3,sector,sector_1,Sector 1,misdemeanor_theft,Theft (Misdemeanor),last_28_days,count,count,2026,,,19,,19,,not_applicable,,,wilmington-compstat-v2,validated
weekly-2026-09-06-r1,weekly_compstat,2026-08-31,2026-09-06,1,dbbe45b033ef4cf2fb49ddad08594d713238006b06de55043335d71a6b5a0f9c,3,sector,sector_1,Sector 1,misdemeanor_theft,Theft (Misdemeanor),last_28_days,count,count,2025,,,17,,17,,not_applicable,,,wilmington-compstat-v2,validated
weekly-2026-09-06-r1,weekly_compstat,2026-08-31,2026-09-06,1,dbbe45b033ef4cf2fb49ddad08594d713238006b06de55043335d71a6b5a0f9c,3,sector,sector_1,Sector 1,misdemeanor_theft,Theft (Misdemeanor),last_28_days,percent_change,percent,2026,2025,1,12.0,0.12,12%,11.764706,matched,,,wilmington-compstat-v2,validated
weekly-2026-09-06-r1,weekly_compstat,2026-08-31,2026-09-06,1,dbbe45b033ef4cf2fb49ddad08594d713238006b06de55043335d71a6b5a0f9c,3,sector,sector_1,Sector 1,misdemeanor_theft,Theft (Misdemeanor),year_to_date,count,count,2026,,,192,,192,,not_applicable,,,wilmington-compstat-v2,validated
weekly-2026-09-06-r1,weekly_compstat,2026-08-31,2026-09-06,1,dbbe45b033ef4cf2fb49ddad08594d713238006b06de55043335d71a6b5a0f9c,3,sector,sector_1,Sector 1,misdemeanor_theft,Theft (Misdemeanor),year_to_date,count,count,2025,,,152,,152,,not_applicable,,,wilmington-compstat-v2,validated
weekly-2026-09-06-r1,weekly_compstat,2026-08-31,2026-09-06,1,dbbe45b033ef4cf2fb49ddad08594d713238006b06de55043335d71a6b5a0f9c,3,sector,sector_1,Sector 1,misdemeanor_theft,Theft (Misdemeanor),year_to_date,percent_change,percent,2026,2025,1,26.0,0.26,26%,26.315789,matched,,,wilmington-compstat-v2,validated
weekly-2026-09-06-r1,weekly_compstat,2026-08-31,2026-09-06,1,dbbe45b033ef4cf2fb49ddad08594d713238006b06de55043335d71a6b5a0f9c,3,sector,sector_1,Sector 1,misdemeanor_theft,Theft (Misdemeanor),year_to_date,percent_change,percent,2026,2024,2,26.0,0.26,26%,,not_checkable,,,wilmington-compstat-v2,validated
weekly-2026-09-06-r1,weekly_compstat,2026-08-31,2026-09-06,1,dbbe45b033ef4cf2fb49ddad08594d713238006b06de55043335d71a6b5a0f9c,3,sector,sector_1,Sector 1,misdemeanor_theft,Theft (Misdemeanor),year_to_date,percent_change,percent,2026,2023,3,27.0,0.27,27%,,not_checkable,,,wilmington-compstat-v2,validated
weekly-2026-09-06-r1,weekly_compstat,2026-08-31,2026-09-06,1,dbbe45b033ef4cf2fb49ddad08594d713238006b06de55043335d71a6b5a0f9c,3,sector,sector_1,Sector 1,misdemeanor_theft,Theft (Misdemeanor),year_to_date,percent_change,percent,2026,2022,4,-1.0,-0.01,-1%,,not_checkable,,,wilmington-compstat-v2,validated
weekly-2026-09-06-r1,weekly_compstat,2026-08-31,2026-09-06,1,dbbe45b033ef4cf2fb49ddad08594d713238006b06de55043335d71a6b5a0f9c,3,sector,sector_1,Sector 1,misdemeanor_theft,Theft (Misdemeanor),year_to_date,percent_change,percent,2026,2021,5,18.0,0.18,18%,,not_checkable,,,wilmington-compstat-v2,validated
weekly-2026-09-06-r1,weekly_compstat,2026-08-31,2026-09-06,1,dbbe45b033ef4cf2fb49ddad08594d713238006b06de55043335d71a6b5a0f9c,3,sector,sector_1,Sector 1,misdemeanor_theft,Theft (Misdemeanor),year_to_date,percent_change,percent,2026,2020,6,-4.0,-0.04,-4%,,not_checkable,,,wilmington-compstat-v2,validated
weekly-2026-09-06-r1,weekly_compstat,2026-08-31,2026-09-06,1,dbbe45b033ef4cf2fb49ddad08594d713238006b06de55043335d71a6b5a0f9c,5,district,district_12,District 12,murder,Murder,last_7_days,count,count,2026,,,0,,0,,not_applicable,,,wilmington-compstat-v2,validated
weekly-2026-09-06-r1,weekly_compstat,2026-08-31,2026-09-06,1,dbbe45b033ef4cf2fb49ddad08594d713238006b06de55043335d71a6b5a0f9c,5,district,district_12,District 12,murder,Murder,last_7_days,count,count,2025,,,0,,0,,not_applicable,,,wilmington-compstat-v2,validated
weekly-2026-09-06-r1,weekly_compstat,2026-08-31,2026-09-06,1,dbbe45b033ef4cf2fb49ddad08594d713238006b06de55043335d71a6b5a0f9c,5,district,district_12,District 12,murder,Murder,last_7_days,percent_change,percent,2026,2025,1,,,*,,undefined_zero_denominator,,undefined_zero_denominator,wilmington-compstat-v2,validated
weekly-2026-09-06-r1,weekly_compstat,2026-08-31,2026-09-06,1,dbbe45b033ef4cf2fb49ddad08594d713238006b06de55043335d71a6b5a0f9c,5,district,district_12,District 12,murder,Murder,last_28_days,count,count,2026,,,0,,0,,not_applicable,,,wilmington-compstat-v2,validated
weekly-2026-09-06-r1,weekly_compstat,2026-08-31,2026-09-06,1,dbbe45b033ef4cf2fb49ddad08594d713238006b06de55043335d71a6b5a0f9c,5,district,district_12,District 12,murder,Murder,last_28_days,count,count,2025,,,0,,0,,not_applicable,,,wilmington-compstat-v2,validated
weekly-2026-09-06-r1,weekly_compstat,2026-08-31,2026-09-06,1,dbbe45b033ef4cf2fb49ddad08594d713238006b06de55043335d71a6b5a0f9c,5,district,district_12,District 12,murder,Murder,last_28_days,percent_change,percent,2026,2025,1,,,*,,undefined_zero_denominator,,undefined_zero_denominator,wilmington-compstat-v2,validated
weekly-2026-09-06-r1,weekly_compstat,2026-08-31,2026-09-06,1,dbbe45b033ef4cf2fb49ddad08594d713238006b06de55043335d71a6b5a0f9c,5,district,district_12,District 12,murder,Murder,year_to_date,count,count,2026,,,0,,0,,not_applicable,,,wilmington-compstat-v2,validated
weekly-2026-09-06-r1,weekly_compstat,2026-08-31,2026-09-06,1,dbbe45b033ef4cf2fb49ddad08594d713238006b06de55043335d71a6b5a0f9c,5,district,district_12,District 12,murder,Murder,year_to_date,count,count,2025,,,0,,0,,not_applicable,,,wilmington-compstat-v2,validated
weekly-2026-09-06-r1,weekly_compstat,2026-08-31,2026-09-06,1,dbbe45b033ef4cf2fb49ddad08594d713238006b06de55043335d71a6b5a0f9c,5,district,district_12,District 12,murder,Murder,year_to_date,percent_change,percent,2026,2025,1,,,*,,undefined_zero_denominator,,undefined_zero_denominator,wilmington-compstat-v2,validated
weekly-2026-09-06-r1,weekly_compstat,2026-08-31,2026-09-06,1,dbbe45b033ef4cf2fb49ddad08594d713238006b06de55043335d71a6b5a0f9c,5,district,district_12,District 12,murder,Murder,year_to_date,percent_change,percent,2026,2024,2,,,*,,not_checkable,,undefined_zero_denominator,wilmington-compstat-v2,validated
weekly-2026-09-06-r1,weekly_compstat,2026-08-31,2026-09-06,1,dbbe45b033ef4cf2fb49ddad08594d713238006b06de55043335d71a6b5a0f9c,5,district,district_12,District 12,murder,Murder,year_to_date,percent_change,percent,2026,2023,3,-100.0,-1.0,-100%,,not_checkable,,,wilmington-compstat-v2,validated
weekly-2026-09-06-r1,weekly_compstat,2026-08-31,2026-09-06,1,dbbe45b033ef4cf2fb49ddad08594d713238006b06de55043335d71a6b5a0f9c,5,district,district_12,District 12,murder,Murder,year_to_date,percent_change,percent,2026,2022,4,-100.0,-1.0,-100%,,not_checkable,,,wilmington-compstat-v2,validated
weekly-2026-09-06-r1,weekly_compstat,2026-08-31,2026-09-06,1,dbbe45b033ef4cf2fb49ddad08594d713238006b06de55043335d71a6b5a0f9c,5,district,district_12,District 12,murder,Murder,year_to_date,percent_change,percent,2026,2021,5,-100.0,-1.0,-100%,,not_checkable,,,wilmington-compstat-v2,validated
weekly-2026-09-06-r1,weekly_compstat,2026-08-31,2026-09-06,1,dbbe45b033ef4cf2fb49ddad08594d713238006b06de55043335d71a6b5a0f9c,5,district,district_12,District 12,murder,Murder,year_to_date,percent_change,percent,2026,2020,6,,,*,,not_checkable,,undefined_zero_denominator,wilmington-compstat-v2,validated
weekly-2026-09-06-r1,weekly_compstat,2026-08-31,2026-09-06,1,dbbe45b033ef4cf2fb49ddad08594d713238006b06de55043335d71a6b5a0f9c,5,district,district_12,District 12,rape,Rape,last_7_days,count,count,2026,,,0,,0,,not_applicable,,,wilmington-compstat-v2,validated
weekly-2026-09-06-r1,weekly_compstat,2026-08-31,2026-09-06,1,dbbe45b033ef4cf2fb49ddad08594d713238006b06de55043335d71a6b5a0f9c,5,district,district_12,District 12,rape,Rape,last_7_days,count,count,2025,,,0,,0,,not_applicable,,,wilmington-compstat-v2,validated
weekly-2026-09-06-r1,weekly_compstat,2026-08-31,2026-09-06,1,dbbe45b033ef4cf2fb49ddad08594d713238006b06de55043335d71a6b5a0f9c,5,district,district_12,District 12,rape,Rape,last_7_days,percent_change,percent,2026,2025,1,,,*,,undefined_zero_denominator,,undefined_zero_denominator,wilmington-compstat-v2,validated
weekly-2026-09-06-r1,weekly_compstat,2026-08-31,2026-09-06,1,dbbe45b033ef4cf2fb49ddad08594d713238006b06de55043335d71a6b5a0f9c,5,district,district_12,District 12,rape,Rape,last_28_days,count,count,2026,,,0,,0,,not_applicable,,,wilmington-compstat-v2,validated
weekly-2026-09-06-r1,weekly_compstat,2026-08-31,2026-09-06,1,dbbe45b033ef4cf2fb49ddad08594d713238006b06de55043335d71a6b5a0f9c,5,district,district_12,District 12,rape,Rape,last_28_days,count,count,2025,,,0,,0,,not_applicable,,,wilmington-compstat-v2,validated
weekly-2026-09-06-r1,weekly_compstat,2026-08-31,2026-09-06,1,dbbe45b033ef4cf2fb49ddad08594d713238006b06de55043335d71a6b5a0f9c,5,district,district_12,District 12,rape,Rape,last_28_days,percent_change,percent,2026,2025,1,,,*,,undefined_zero_denominator,,undefined_zero_denominator,wilmington-compstat-v2,validated
weekly-2026-09-06-r1,weekly_compstat,2026-08-31,2026-09-06,1,dbbe45b033ef4cf2fb49ddad08594d713238006b06de55043335d71a6b5a0f9c,5,district,district_12,District 12,rape,Rape,year_to_date,count,count,2026,,,0,,0,,not_applicable,,,wilmington-compstat-v2,validated
weekly-2026-09-06-r1,weekly_compstat,2026-08-31,2026-09-06,1,dbbe45b033ef4cf2fb49ddad08594d713238006b06de55043335d71a6b5a0f9c,5,district,district_12,District 12,rape,Rape,year_to_date,count,count,2025,,,0,,0,,not_applicable,,,wilmington-compstat-v2,validated
weekly-2026-09-06-r1,weekly_compstat,2026-08-31,2026-09-06,1,dbbe45b033ef4cf2fb49ddad08594d713238006b06de55043335d71a6b5a0f9c,5,district,district_12,District 12,rape,Rape,year_to_date,percent_change,percent,2026,2025,1,,,*,,undefined_zero_denominator,,undefined_zero_denominator,wilmington-compstat-v2,validated
weekly-2026-09-06-r1,weekly_compstat,2026-08-31,2026-09-06,1,dbbe45b033ef4cf2fb49ddad08594d713238006b06de55043335d71a6b5a0f9c,5,district,district_12,District 12,rape,Rape,year_to_date,percent_change,percent,2026,2024,2,,,*,,not_checkable,,undefined_zero_denominator,wilmington-compstat-v2,validated
weekly-2026-09-06-r1,weekly_compstat,2026-08-31,2026-09-06,1,dbbe45b033ef4cf2fb49ddad08594d713238006b06de55043335d71a6b5a0f9c,5,district,district_12,District 12,rape,Rape,year_to_date,percent_change,percent,2026,2023,3,,,*,,not_checkable,,undefined_zero_denominator,wilmington-compstat-v2,validated
weekly-2026-09-06-r1,weekly_compstat,2026-08-31,2026-09-06,1,dbbe45b033ef4cf2fb49ddad08594d713238006b06de55043335d71a6b5a0f9c,5,district,district_12,District 12,rape,Rape,year_to_date,percent_change,percent,2026,2022,4,,,*,,not_checkable,,undefined_zero_denominator,wilmington-compstat-v2,validated
weekly-2026-09-06-r1,weekly_compstat,2026-08-31,2026-09-06,1,dbbe45b033ef4cf2fb49ddad08594d713238006b06de55043335d71a6b5a0f9c,5,district,district_12,District 12,rape,Rape,year_to_date,percent_change,percent,2026,2021,5,,,*,,not_checkable,,undefined_zero_denominator,wilmington-compstat-v2,validated
weekly-2026-09-06-r1,weekly_compstat,2026-08-31,2026-09-06,1,dbbe45b033ef4cf2fb49ddad08594d713238006b06de55043335d71a6b5a0f9c,5,district,district_12,District 12,rape,Rape,year_to_date,percent_change,percent,2026,2020,6,,,*,,not_checkable,,undefined_zero_denominator,wilmington-compstat-v2,validated
weekly-2026-09-06-r1,weekly_compstat,2026-08-31,2026-09-06,1,dbbe45b033ef4cf2fb49ddad08594d713238006b06de55043335d71a6b5a0f9c,5,district,district_12,District 12,robbery,Robbery,last_7_days,count,count,2026,,,1,,1,,not_applicable,,,wilmington-compstat-v2,validated
weekly-2026-09-06-r1,weekly_compstat,2026-08-31,2026-09-06,1,dbbe45b033ef4cf2fb49ddad08594d713238006b06de55043335d71a6b5a0f9c,5,district,district_12,District 12,robbery,Robbery,last_7_days,count,count,2025,,,0,,0,,not_applicable,,,wilmington-compstat-v2,validated
weekly-2026-09-06-r1,weekly_compstat,2026-08-31,2026-09-06,1,dbbe45b033ef4cf2fb49ddad08594d713238006b06de55043335d71a6b5a0f9c,5,district,district_12,District 12,robbery,Robbery,last_7_days,percent_change,percent,2026,2025,1,,,*,,undefined_zero_denominator,,undefined_zero_denominator,wilmington-compstat-v2,validated
weekly-2026-09-06-r1,weekly_compstat,2026-08-31,2026-09-06,1,dbbe45b033ef4cf2fb49ddad08594d713238006b06de55043335d71a6b5a0f9c,5,district,district_12,District 12,robbery,Robbery,last_28_days,count,count,2026,,,2,,2,,not_applicable,,,wilmington-compstat-v2,validated
weekly-2026-09-06-r1,weekly_compstat,2026-08-31,2026-09-06,1,dbbe45b033ef4cf2fb49ddad08594d713238006b06de55043335d71a6b5a0f9c,5,district,district_12,District 12,robbery,Robbery,last_28_days,count,count,2025,,,1,,1,,not_applicable,,,wilmington-compstat-v2,validated
weekly-2026-09-06-r1,weekly_compstat,2026-08-31,2026-09-06,1,dbbe45b033ef4cf2fb49ddad08594d713238006b06de55043335d71a6b5a0f9c,5,district,district_12,District 12,robbery,Robbery,last_28_days,percent_change,percent,2026,2025,1,100.0,1.0,100%,100.0,matched,,,wilmington-compstat-v2,validated
weekly-2026-09-06-r1,weekly_compstat,2026-08-31,2026-09-06,1,dbbe45b033ef4cf2fb49ddad08594d713238006b06de55043335d71a6b5a0f9c,5,district,district_12,District 12,robbery,Robbery,year_to_date,count,count,2026,,,8,,8,,not_applicable,,,wilmington-compstat-v2,validated
weekly-2026-09-06-r1,weekly_compstat,2026-08-31,2026-09-06,1,dbbe45b033ef4cf2fb49ddad08594d713238006b06de55043335d71a6b5a0f9c,5,district,district_12,District 12,robbery,Robbery,year_to_date,count,count,2025,,,2,,2,,not_applicable,,,wilmington-compstat-v2,validated
weekly-2026-09-06-r1,weekly_compstat,2026-08-31,2026-09-06,1,dbbe45b033ef4cf2fb49ddad08594d713238006b06de55043335d71a6b5a0f9c,5,district,district_12,District 12,robbery,Robbery,year_to_date,percent_change,percent,2026,2025,1,300.0,3.0,300%,300.0,matched,,,wilmington-compstat-v2,validated
weekly-2026-09-06-r1,weekly_compstat,2026-08-31,2026-09-06,1,dbbe45b033ef4cf2fb49ddad08594d713238006b06de55043335d71a6b5a0f9c,5,district,district_12,District 12,robbery,Robbery,year_to_date,percent_change,percent,2026,2024,2,60.0,0.6,60%,,not_checkable,,,wilmington-compstat-v2,validated
weekly-2026-09-06-r1,weekly_compstat,2026-08-31,2026-09-06,1,dbbe45b033ef4cf2fb49ddad08594d713238006b06de55043335d71a6b5a0f9c,5,district,district_12,District 12,robbery,Robbery,year_to_date,percent_change,percent,2026,2023,3,167.0,1.67,167%,,not_checkable,,,wilmington-compstat-v2,validated
weekly-2026-09-06-r1,weekly_compstat,2026-08-31,2026-09-06,1,dbbe45b033ef4cf2fb49ddad08594d713238006b06de55043335d71a6b5a0f9c,5,district,district_12,District 12,robbery,Robbery,year_to_date,percent_change,percent,2026,2022,4,,,*,,not_checkable,,undefined_zero_denominator,wilmington-compstat-v2,validated
weekly-2026-09-06-r1,weekly_compstat,2026-08-31,2026-09-06,1,dbbe45b033ef4cf2fb49ddad08594d713238006b06de55043335d71a6b5a0f9c,5,district,district_12,District 12,robbery,Robbery,year_to_date,percent_change,percent,2026,2021,5,-20.0,-0.2,-20%,,not_checkable,,,wilmington-compstat-v2,validated
weekly-2026-09-06-r1,weekly_compstat,2026-08-31,2026-09-06,1,dbbe45b033ef4cf2fb49ddad08594d713238006b06de55043335d71a6b5a0f9c,5,district,district_12,District 12,robbery,Robbery,year_to_date,percent_change,percent,2026,2020,6,14.0,0.14,14%,,not_checkable,,,wilmington-compstat-v2,validated
weekly-2026-09-06-r1,weekly_compstat,2026-08-31,2026-09-06,1,dbbe45b033ef4cf2fb49ddad08594d713238006b06de55043335d71a6b5a0f9c,5,district,district_12,District 12,aggravated_assault,Agg. Assault,last_7_days,count,count,2026,,,0,,0,,not_applicable,,,wilmington-compstat-v2,validated
weekly-2026-09-06-r1,weekly_compstat,2026-08-31,2026-09-06,1,dbbe45b033ef4cf2fb49ddad08594d713238006b06de55043335d71a6b5a0f9c,5,district,district_12,District 12,aggravated_assault,Agg. Assault,last_7_days,count,count,2025,,,0,,0,,not_applicable,,,wilmington-compstat-v2,validated
weekly-2026-09-06-r1,weekly_compstat,2026-08-31,2026-09-06,1,dbbe45b033ef4cf2fb49ddad08594d713238006b06de55043335d71a6b5a0f9c,5,district,district_12,District 12,aggravated_assault,Agg. Assault,last_7_days,percent_change,percent,2026,2025,1,,,*,,undefined_zero_denominator,,undefined_zero_denominator,wilmington-compstat-v2,validated
weekly-2026-09-06-r1,weekly_compstat,2026-08-31,2026-09-06,1,dbbe45b033ef4cf2fb49ddad08594d713238006b06de55043335d71a6b5a0f9c,5,district,district_12,District 12,aggravated_assault,Agg. Assault,last_28_days,count,count,2026,,,1,,1,,not_applicable,,,wilmington-compstat-v2,validated
weekly-2026-09-06-r1,weekly_compstat,2026-08-31,2026-09-06,1,dbbe45b033ef4cf2fb49ddad08594d713238006b06de55043335d71a6b5a0f9c,5,district,district_12,District 12,aggravated_assault,Agg. Assault,last_28_days,count,count,2025,,,1,,1,,not_applicable,,,wilmington-compstat-v2,validated
weekly-2026-09-06-r1,weekly_compstat,2026-08-31,2026-09-06,1,dbbe45b033ef4cf2fb49ddad08594d713238006b06de55043335d71a6b5a0f9c,5,district,district_12,District 12,aggravated_assault,Agg. Assault,last_28_days,percent_change,percent,2026,2025,1,0.0,0.0,0%,0.0,matched,,,wilmington-compstat-v2,validated
weekly-2026-09-06-r1,weekly_compstat,2026-08-31,2026-09-06,1,dbbe45b033ef4cf2fb49ddad08594d713238006b06de55043335d71a6b5a0f9c,5,district,district_12,District 12,aggravated_assault,Agg. Assault,year_to_date,count,count,2026,,,7,,7,,not_applicable,,,wilmington-compstat-v2,validated
weekly-2026-09-06-r1,weekly_compstat,2026-08-31,2026-09-06,1,dbbe45b033ef4cf2fb49ddad08594d713238006b06de55043335d71a6b5a0f9c,5,district,district_12,District 12,aggravated_assault,Agg. Assault,year_to_date,count,count,2025,,,5,,5,,not_applicable,,,wilmington-compstat-v2,validated
weekly-2026-09-06-r1,weekly_compstat,2026-08-31,2026-09-06,1,dbbe45b033ef4cf2fb49ddad08594d713238006b06de55043335d71a6b5a0f9c,5,district,district_12,District 12,aggravated_assault,Agg. Assault,year_to_date,percent_change,percent,2026,2025,1,40.0,0.4,40%,40.0,matched,,,wilmington-compstat-v2,validated
weekly-2026-09-06-r1,weekly_compstat,2026-08-31,2026-09-06,1,dbbe45b033ef4cf2fb49ddad08594d713238006b06de55043335d71a6b5a0f9c,5,district,district_12,District 12,aggravated_assault,Agg. Assault,year_to_date,percent_change,percent,2026,2024,2,75.0,0.75,75%,,not_checkable,,,wilmington-compstat-v2,validated
weekly-2026-09-06-r1,weekly_compstat,2026-08-31,2026-09-06,1,dbbe45b033ef4cf2fb49ddad08594d713238006b06de55043335d71a6b5a0f9c,5,district,district_12,District 12,aggravated_assault,Agg. Assault,year_to_date,percent_change,percent,2026,2023,3,-53.0,-0.53,-53%,,not_checkable,,,wilmington-compstat-v2,validated
weekly-2026-09-06-r1,weekly_compstat,2026-08-31,2026-09-06,1,dbbe45b033ef4cf2fb49ddad08594d713238006b06de55043335d71a6b5a0f9c,5,district,district_12,District 12,aggravated_assault,Agg. Assault,year_to_date,percent_change,percent,2026,2022,4,75.0,0.75,75%,,not_checkable,,,wilmington-compstat-v2,validated
weekly-2026-09-06-r1,weekly_compstat,2026-08-31,2026-09-06,1,dbbe45b033ef4cf2fb49ddad08594d713238006b06de55043335d71a6b5a0f9c,5,district,district_12,District 12,aggravated_assault,Agg. Assault,year_to_date,percent_change,percent,2026,2021,5,-50.0,-0.5,-50%,,not_checkable,,,wilmington-compstat-v2,validated
weekly-2026-09-06-r1,weekly_compstat,2026-08-31,2026-09-06,1,dbbe45b033ef4cf2fb49ddad08594d713238006b06de55043335d71a6b5a0f9c,5,district,district_12,District 12,aggravated_assault,Agg. Assault,year_to_date,percent_change,percent,2026,2020,6,-42.0,-0.42,-42%,,not_checkable,,,wilmington-compstat-v2,validated
weekly-2026-09-06-r1,weekly_compstat,2026-08-31,2026-09-06,1,dbbe45b033ef4cf2fb49ddad08594d713238006b06de55043335d71a6b5a0f9c,5,district,district_12,District 12,burglary,Burglary,last_7_days,count,count,2026,,,0,,0,,not_applicable,,,wilmington-compstat-v2,validated
weekly-2026-09-06-r1,weekly_compstat,2026-08-31,2026-09-06,1,dbbe45b033ef4cf2fb49ddad08594d713238006b06de55043335d71a6b5a0f9c,5,district,district_12,District 12,burglary,Burglary,last_7_days,count,count,2025,,,0,,0,,not_applicable,,,wilmington-compstat-v2,validated
weekly-2026-09-06-r1,weekly_compstat,2026-08-31,2026-09-06,1,dbbe45b033ef4cf2fb49ddad08594d713238006b06de55043335d71a6b5a0f9c,5,district,district_12,District 12,burglary,Burglary,last_7_days,percent_change,percent,2026,2025,1,,,*,,undefined_zero_denominator,,undefined_zero_denominator,wilmington-compstat-v2,validated
weekly-2026-09-06-r1,weekly_compstat,2026-08-31,2026-09-06,1,dbbe45b033ef4cf2fb49ddad08594d713238006b06de55043335d71a6b5a0f9c,5,district,district_12,District 12,burglary,Burglary,last_28_days,count,count,2026,,,0,,0,,not_applicable,,,wilmington-compstat-v2,validated
weekly-2026-09-06-r1,weekly_compstat,2026-08-31,2026-09-06,1,dbbe45b033ef4cf2fb49ddad08594d713238006b06de55043335d71a6b5a0f9c,5,district,district_12,District 12,burglary,Burglary,last_28_days,count,count,2025,,,2,,2,,not_applicable,,,wilmington-compstat-v2,validated
weekly-2026-09-06-r1,weekly_compstat,2026-08-31,2026-09-06,1,dbbe45b033ef4cf2fb49ddad08594d713238006b06de55043335d71a6b5a0f9c,5,district,district_12,District 12,burglary,Burglary,last_28_days,percent_change,percent,2026,2025,1,-100.0,-1.0,-100%,-100.0,matched,,,wilmington-compstat-v2,validated
weekly-2026-09-06-r1,weekly_compstat,2026-08-31,2026-09-06,1,dbbe45b033ef4cf2fb49ddad08594d713238006b06de55043335d71a6b5a0f9c,5,district,district_12,District 12,burglary,Burglary,year_to_date,count,count,2026,,,6,,6,,not_applicable,,,wilmington-compstat-v2,validated
weekly-2026-09-06-r1,weekly_compstat,2026-08-31,2026-09-06,1,dbbe45b033ef4cf2fb49ddad08594d713238006b06de55043335d71a6b5a0f9c,5,district,district_12,District 12,burglary,Burglary,year_to_date,count,count,2025,,,8,,8,,not_applicable,,,wilmington-compstat-v2,validated
weekly-2026-09-06-r1,weekly_compstat,2026-08-31,2026-09-06,1,dbbe45b033ef4cf2fb49ddad08594d713238006b06de55043335d71a6b5a0f9c,5,district,district_12,District 12,burglary,Burglary,year_to_date,percent_change,percent,2026,2025,1,-25.0,-0.25,-25%,-25.0,matched,,,wilmington-compstat-v2,validated
weekly-2026-09-06-r1,weekly_compstat,2026-08-31,2026-09-06,1,dbbe45b033ef4cf2fb49ddad08594d713238006b06de55043335d71a6b5a0f9c,5,district,district_12,District 12,burglary,Burglary,year_to_date,percent_change,percent,2026,2024,2,-14.0,-0.14,-14%,,not_checkable,,,wilmington-compstat-v2,validated
weekly-2026-09-06-r1,weekly_compstat,2026-08-31,2026-09-06,1,dbbe45b033ef4cf2fb49ddad08594d713238006b06de55043335d71a6b5a0f9c,5,district,district_12,District 12,burglary,Burglary,year_to_date,percent_change,percent,2026,2023,3,-57.0,-0.57,-57%,,not_checkable,,,wilmington-compstat-v2,validated
weekly-2026-09-06-r1,weekly_compstat,2026-08-31,2026-09-06,1,dbbe45b033ef4cf2fb49ddad08594d713238006b06de55043335d71a6b5a0f9c,5,district,district_12,District 12,burglary,Burglary,year_to_date,percent_change,percent,2026,2022,4,-40.0,-0.4,-40%,,not_checkable,,,wilmington-compstat-v2,validated
weekly-2026-09-06-r1,weekly_compstat,2026-08-31,2026-09-06,1,dbbe45b033ef4cf2fb49ddad08594d713238006b06de55043335d71a6b5a0f9c,5,district,district_12,District 12,burglary,Burglary,year_to_date,percent_change,percent,2026,2021,5,100.0,1.0,100%,,not_checkable,,,wilmington-compstat-v2,validated
weekly-2026-09-06-r1,weekly_compstat,2026-08-31,2026-09-06,1,dbbe45b033ef4cf2fb49ddad08594d713238006b06de55043335d71a6b5a0f9c,5,district,district_12,District 12,burglary,Burglary,year_to_date,percent_change,percent,2026,2020,6,-45.0,-0.45,-45%,,not_checkable,,,wilmington-compstat-v2,validated
weekly-2026-09-06-r1,weekly_compstat,2026-08-31,2026-09-06,1,dbbe45b033ef4cf2fb49ddad08594d713238006b06de55043335d71a6b5a0f9c,5,district,district_12,District 12,felony_theft,Felony Theft,last_7_days,count,count,2026,,,1,,1,,not_applicable,,,wilmington-compstat-v2,validated
weekly-2026-09-06-r1,weekly_compstat,2026-08-31,2026-09-06,1,dbbe45b033ef4cf2fb49ddad08594d713238006b06de55043335d71a6b5a0f9c,5,district,district_12,District 12,felony_theft,Felony Theft,last_7_days,count,count,2025,,,1,,1,,not_applicable,,,wilmington-compstat-v2,validated
weekly-2026-09-06-r1,weekly_compstat,2026-08-31,2026-09-06,1,dbbe45b033ef4cf2fb49ddad08594d713238006b06de55043335d71a6b5a0f9c,5,district,district_12,District 12,felony_theft,Felony Theft,last_7_days,percent_change,percent,2026,2025,1,0.0,0.0,0%,0.0,matched,,,wilmington-compstat-v2,validated
weekly-2026-09-06-r1,weekly_compstat,2026-08-31,2026-09-06,1,dbbe45b033ef4cf2fb49ddad08594d713238006b06de55043335d71a6b5a0f9c,5,district,district_12,District 12,felony_theft,Felony Theft,last_28_days,count,count,2026,,,2,,2,,not_applicable,,,wilmington-compstat-v2,validated
weekly-2026-09-06-r1,weekly_compstat,2026-08-31,2026-09-06,1,dbbe45b033ef4cf2fb49ddad08594d713238006b06de55043335d71a6b5a0f9c,5,district,district_12,District 12,felony_theft,Felony Theft,last_28_days,count,count,2025,,,2,,2,,not_applicable,,,wilmington-compstat-v2,validated
weekly-2026-09-06-r1,weekly_compstat,2026-08-31,2026-09-06,1,dbbe45b033ef4cf2fb49ddad08594d713238006b06de55043335d71a6b5a0f9c,5,district,district_12,District 12,felony_theft,Felony Theft,last_28_days,percent_change,percent,2026,2025,1,0.0,0.0,0%,0.0,matched,,,wilmington-compstat-v2,validated
weekly-2026-09-06-r1,weekly_compstat,2026-08-31,2026-09-06,1,dbbe45b033ef4cf2fb49ddad08594d713238006b06de55043335d71a6b5a0f9c,5,district,district_12,District 12,felony_theft,Felony Theft,year_to_date,count,count,2026,,,11,,11,,not_applicable,,,wilmington-compstat-v2,validated
weekly-2026-09-06-r1,weekly_compstat,2026-08-31,2026-09-06,1,dbbe45b033ef4cf2fb49ddad08594d713238006b06de55043335d71a6b5a0f9c,5,district,district_12,District 12,felony_theft,Felony Theft,year_to_date,count,count,2025,,,3,,3,,not_applicable,,,wilmington-compstat-v2,validated
weekly-2026-09-06-r1,weekly_compstat,2026-08-31,2026-09-06,1,dbbe45b033ef4cf2fb49ddad08594d713238006b06de55043335d71a6b5a0f9c,5,district,district_12,District 12,felony_theft,Felony Theft,year_to_date,percent_change,percent,2026,2025,1,267.0,2.67,267%,266.666667,matched,,,wilmington-compstat-v2,validated
weekly-2026-09-06-r1,weekly_compstat,2026-08-31,2026-09-06,1,dbbe45b033ef4cf2fb49ddad08594d713238006b06de55043335d71a6b5a0f9c,5,district,district_12,District 12,felony_theft,Felony Theft,year_to_date,percent_change,percent,2026,2024,2,57.0,0.57,57%,,not_checkable,,,wilmington-compstat-v2,validated
weekly-2026-09-06-r1,weekly_compstat,2026-08-31,2026-09-06,1,dbbe45b033ef4cf2fb49ddad08594d713238006b06de55043335d71a6b5a0f9c,5,district,district_12,District 12,felony_theft,Felony Theft,year_to_date,percent_change,percent,2026,2023,3,38.0,0.38,38%,,not_checkable,,,wilmington-compstat-v2,validated
weekly-2026-09-06-r1,weekly_compstat,2026-08-31,2026-09-06,1,dbbe45b033ef4cf2fb49ddad08594d713238006b06de55043335d71a6b5a0f9c,5,district,district_12,District 12,felony_theft,Felony Theft,year_to_date,percent_change,percent,2026,2022,4,0.0,0.0,0%,,not_checkable,,,wilmington-compstat-v2,validated
weekly-2026-09-06-r1,weekly_compstat,2026-08-31,2026-09-06,1,dbbe45b033ef4cf2fb49ddad08594d713238006b06de55043335d71a6b5a0f9c,5,district,district_12,District 12,felony_theft,Felony Theft,year_to_date,percent_change,percent,2026,2021,5,38.0,0.38,38%,,not_checkable,,,wilmington-compstat-v2,validated
weekly-2026-09-06-r1,weekly_compstat,2026-08-31,2026-09-06,1,dbbe45b033ef4cf2fb49ddad08594d713238006b06de55043335d71a6b5a0f9c,5,district,district_12,District 12,felony_theft,Felony Theft,year_to_date,percent_change,percent,2026,2020,6,450.0,4.5,450%,,not_checkable,,,wilmington-compstat-v2,validated
weekly-2026-09-06-r1,weekly_compstat,2026-08-31,2026-09-06,1,dbbe45b033ef4cf2fb49ddad08594d713238006b06de55043335d71a6b5a0f9c,5,district,district_12,District 12,auto_theft,Auto Theft,last_7_days,count,count,2026,,,0,,0,,not_applicable,,,wilmington-compstat-v2,validated
weekly-2026-09-06-r1,weekly_compstat,2026-08-31,2026-09-06,1,dbbe45b033ef4cf2fb49ddad08594d713238006b06de55043335d71a6b5a0f9c,5,district,district_12,District 12,auto_theft,Auto Theft,last_7_days,count,count,2025,,,0,,0,,not_applicable,,,wilmington-compstat-v2,validated
weekly-2026-09-06-r1,weekly_compstat,2026-08-31,2026-09-06,1,dbbe45b033ef4cf2fb49ddad08594d713238006b06de55043335d71a6b5a0f9c,5,district,district_12,District 12,auto_theft,Auto Theft,last_7_days,percent_change,percent,2026,2025,1,,,*,,undefined_zero_denominator,,undefined_zero_denominator,wilmington-compstat-v2,validated
weekly-2026-09-06-r1,weekly_compstat,2026-08-31,2026-09-06,1,dbbe45b033ef4cf2fb49ddad08594d713238006b06de55043335d71a6b5a0f9c,5,district,district_12,District 12,auto_theft,Auto Theft,last_28_days,count,count,2026,,,0,,0,,not_applicable,,,wilmington-compstat-v2,validated
weekly-2026-09-06-r1,weekly_compstat,2026-08-31,2026-09-06,1,dbbe45b033ef4cf2fb49ddad08594d713238006b06de55043335d71a6b5a0f9c,5,district,district_12,District 12,auto_theft,Auto Theft,last_28_days,count,count,2025,,,0,,0,,not_applicable,,,wilmington-compstat-v2,validated
weekly-2026-09-06-r1,weekly_compstat,2026-08-31,2026-09-06,1,dbbe45b033ef4cf2fb49ddad08594d713238006b06de55043335d71a6b5a0f9c,5,district,district_12,District 12,auto_theft,Auto Theft,last_28_days,percent_change,percent,2026,2025,1,,,*,,undefined_zero_denominator,,undefined_zero_denominator,wilmington-compstat-v2,validated
weekly-2026-09-06-r1,weekly_compstat,2026-08-31,2026-09-06,1,dbbe45b033ef4cf2fb49ddad08594d713238006b06de55043335d71a6b5a0f9c,5,district,district_12,District 12,auto_theft,Auto Theft,year_to_date,count,count,2026,,,5,,5,,not_applicable,,,wilmington-compstat-v2,validated
weekly-2026-09-06-r1,weekly_compstat,2026-08-31,2026-09-06,1,dbbe45b033ef4cf2fb49ddad08594d713238006b06de55043335d71a6b5a0f9c,5,district,district_12,District 12,auto_theft,Auto Theft,year_to_date,count,count,2025,,,8,,8,,not_applicable,,,wilmington-compstat-v2,validated
weekly-2026-09-06-r1,weekly_compstat,2026-08-31,2026-09-06,1,dbbe45b033ef4cf2fb49ddad08594d713238006b06de55043335d71a6b5a0f9c,5,district,district_12,District 12,auto_theft,Auto Theft,year_to_date,percent_change,percent,2026,2025,1,-38.0,-0.38,-38%,-37.5,matched,,,wilmington-compstat-v2,validated
weekly-2026-09-06-r1,weekly_compstat,2026-08-31,2026-09-06,1,dbbe45b033ef4cf2fb49ddad08594d713238006b06de55043335d71a6b5a0f9c,5,district,district_12,District 12,auto_theft,Auto Theft,year_to_date,percent_change,percent,2026,2024,2,-62.0,-0.62,-62%,,not_checkable,,,wilmington-compstat-v2,validated
weekly-2026-09-06-r1,weekly_compstat,2026-08-31,2026-09-06,1,dbbe45b033ef4cf2fb49ddad08594d713238006b06de55043335d71a6b5a0f9c,5,district,district_12,District 12,auto_theft,Auto Theft,year_to_date,percent_change,percent,2026,2023,3,-17.0,-0.17,-17%,,not_checkable,,,wilmington-compstat-v2,validated
weekly-2026-09-06-r1,weekly_compstat,2026-08-31,2026-09-06,1,dbbe45b033ef4cf2fb49ddad08594d713238006b06de55043335d71a6b5a0f9c,5,district,district_12,District 12,auto_theft,Auto Theft,year_to_date,percent_change,percent,2026,2022,4,-44.0,-0.44,-44%,,not_checkable,,,wilmington-compstat-v2,validated
weekly-2026-09-06-r1,weekly_compstat,2026-08-31,2026-09-06,1,dbbe45b033ef4cf2fb49ddad08594d713238006b06de55043335d71a6b5a0f9c,5,district,district_12,District 12,auto_theft,Auto Theft,year_to_date,percent_change,percent,2026,2021,5,-74.0,-0.74,-74%,,not_checkable,,,wilmington-compstat-v2,validated
weekly-2026-09-06-r1,weekly_compstat,2026-08-31,2026-09-06,1,dbbe45b033ef4cf2fb49ddad08594d713238006b06de55043335d71a6b5a0f9c,5,district,district_12,District 12,auto_theft,Auto Theft,year_to_date,percent_change,percent,2026,2020,6,-58.0,-0.58,-58%,,not_checkable,,,wilmington-compstat-v2,validated
weekly-2026-09-06-r1,weekly_compstat,2026-08-31,2026-09-06,1,dbbe45b033ef4cf2fb49ddad08594d713238006b06de55043335d71a6b5a0f9c,5,district,district_12,District 12,major_crime_total,TOTAL,last_7_days,count,count,2026,,,2,,2,,not_applicable,,,wilmington-compstat-v2,validated
weekly-2026-09-06-r1,weekly_compstat,2026-08-31,2026-09-06,1,dbbe45b033ef4cf2fb49ddad08594d713238006b06de55043335d71a6b5a0f9c,5,district,district_12,District 12,major_crime_total,TOTAL,last_7_days,count,count,2025,,,1,,1,,not_applicable,,,wilmington-compstat-v2,validated
weekly-2026-09-06-r1,weekly_compstat,2026-08-31,2026-09-06,1,dbbe45b033ef4cf2fb49ddad08594d713238006b06de55043335d71a6b5a0f9c,5,district,district_12,District 12,major_crime_total,TOTAL,last_7_days,percent_change,percent,2026,2025,1,100.0,1.0,100%,100.0,matched,,,wilmington-compstat-v2,validated
weekly-2026-09-06-r1,weekly_compstat,2026-08-31,2026-09-06,1,dbbe45b033ef4cf2fb49ddad08594d713238006b06de55043335d71a6b5a0f9c,5,district,district_12,District 12,major_crime_total,TOTAL,last_28_days,count,count,2026,,,5,,5,,not_applicable,,,wilmington-compstat-v2,validated
weekly-2026-09-06-r1,weekly_compstat,2026-08-31,2026-09-06,1,dbbe45b033ef4cf2fb49ddad08594d713238006b06de55043335d71a6b5a0f9c,5,district,district_12,District 12,major_crime_total,TOTAL,last_28_days,count,count,2025,,,6,,6,,not_applicable,,,wilmington-compstat-v2,validated
weekly-2026-09-06-r1,weekly_compstat,2026-08-31,2026-09-06,1,dbbe45b033ef4cf2fb49ddad08594d713238006b06de55043335d71a6b5a0f9c,5,district,district_12,District 12,major_crime_total,TOTAL,last_28_days,percent_change,percent,2026,2025,1,-17.0,-0.17,-17%,-16.666667,matched,,,wilmington-compstat-v2,validated
weekly-2026-09-06-r1,weekly_compstat,2026-08-31,2026-09-06,1,dbbe45b033ef4cf2fb49ddad08594d713238006b06de55043335d71a6b5a0f9c,5,district,district_12,District 12,major_crime_total,TOTAL,year_to_date,count,count,2026,,,37,,37,,not_applicable,,,wilmington-compstat-v2,validated
weekly-2026-09-06-r1,weekly_compstat,2026-08-31,2026-09-06,1,dbbe45b033ef4cf2fb49ddad08594d713238006b06de55043335d71a6b5a0f9c,5,district,district_12,District 12,major_crime_total,TOTAL,year_to_date,count,count,2025,,,26,,26,,not_applicable,,,wilmington-compstat-v2,validated
weekly-2026-09-06-r1,weekly_compstat,2026-08-31,2026-09-06,1,dbbe45b033ef4cf2fb49ddad08594d713238006b06de55043335d71a6b5a0f9c,5,district,district_12,District 12,major_crime_total,TOTAL,year_to_date,percent_change,percent,2026,2025,1,42.0,0.42,42%,42.307692,matched,,,wilmington-compstat-v2,validated
weekly-2026-09-06-r1,weekly_compstat,2026-08-31,2026-09-06,1,dbbe45b033ef4cf2fb49ddad08594d713238006b06de55043335d71a6b5a0f9c,5,district,district_12,District 12,major_crime_total,TOTAL,year_to_date,percent_change,percent,2026,2024,2,3.0,0.03,3%,,not_checkable,,,wilmington-compstat-v2,validated
weekly-2026-09-06-r1,weekly_compstat,2026-08-31,2026-09-06,1,dbbe45b033ef4cf2fb49ddad08594d713238006b06de55043335d71a6b5a0f9c,5,district,district_12,District 12,major_crime_total,TOTAL,year_to_date,percent_change,percent,2026,2023,3,-21.0,-0.21,-21%,,not_checkable,,,wilmington-compstat-v2,validated
weekly-2026-09-06-r1,weekly_compstat,2026-08-31,2026-09-06,1,dbbe45b033ef4cf2fb49ddad08594d713238006b06de55043335d71a6b5a0f9c,5,district,district_12,District 12,major_crime_total,TOTAL,year_to_date,percent_change,percent,2026,2022,4,6.0,0.06,6%,,not_checkable,,,wilmington-compstat-v2,validated
weekly-2026-09-06-r1,weekly_compstat,2026-08-31,2026-09-06,1,dbbe45b033ef4cf2fb49ddad08594d713238006b06de55043335d71a6b5a0f9c,5,district,district_12,District 12,major_crime_total,TOTAL,year_to_date,percent_change,percent,2026,2021,5,-34.0,-0.34,-34%,,not_checkable,,,wilmington-compstat-v2,validated
weekly-2026-09-06-r1,weekly_compstat,2026-08-31,2026-09-06,1,dbbe45b033ef4cf2fb49ddad08594d713238006b06de55043335d71a6b5a0f9c,5,district,district_12,District 12,major_crime_total,TOTAL,year_to_date,percent_change,percent,2026,2020,6,-16.0,-0.16,-16%,,not_checkable,,,wilmington-compstat-v2,validated
weekly-2026-09-06-r1,weekly_compstat,2026-08-31,2026-09-06,1,dbbe45b033ef4cf2fb49ddad08594d713238006b06de55043335d71a6b5a0f9c,5,district,district_12,District 12,shooting_incidents,Shooting Incidents,last_7_days,count,count,2026,,,0,,0,,not_applicable,,,wilmington-compstat-v2,validated
weekly-2026-09-06-r1,weekly_compstat,2026-08-31,2026-09-06,1,dbbe45b033ef4cf2fb49ddad08594d713238006b06de55043335d71a6b5a0f9c,5,district,district_12,District 12,shooting_incidents,Shooting Incidents,last_7_days,count,count,2025,,,0,,0,,not_applicable,,,wilmington-compstat-v2,validated
weekly-2026-09-06-r1,weekly_compstat,2026-08-31,2026-09-06,1,dbbe45b033ef4cf2fb49ddad08594d713238006b06de55043335d71a6b5a0f9c,5,district,district_12,District 12,shooting_incidents,Shooting Incidents,last_7_days,percent_change,percent,2026,2025,1,,,*,,undefined_zero_denominator,,undefined_zero_denominator,wilmington-compstat-v2,validated
weekly-2026-09-06-r1,weekly_compstat,2026-08-31,2026-09-06,1,dbbe45b033ef4cf2fb49ddad08594d713238006b06de55043335d71a6b5a0f9c,5,district,district_12,District 12,shooting_incidents,Shooting Incidents,last_28_days,count,count,2026,,,0,,0,,not_applicable,,,wilmington-compstat-v2,validated
weekly-2026-09-06-r1,weekly_compstat,2026-08-31,2026-09-06,1,dbbe45b033ef4cf2fb49ddad08594d713238006b06de55043335d71a6b5a0f9c,5,district,district_12,District 12,shooting_incidents,Shooting Incidents,last_28_days,count,count,2025,,,0,,0,,not_applicable,,,wilmington-compstat-v2,validated
weekly-2026-09-06-r1,weekly_compstat,2026-08-31,2026-09-06,1,dbbe45b033ef4cf2fb49ddad08594d713238006b06de55043335d71a6b5a0f9c,5,district,district_12,District 12,shooting_incidents,Shooting Incidents,last_28_days,percent_change,percent,2026,2025,1,,,*,,undefined_zero_denominator,,undefined_zero_denominator,wilmington-compstat-v2,validated
weekly-2026-09-06-r1,weekly_compstat,2026-08-31,2026-09-06,1,dbbe45b033ef4cf2fb49ddad08594d713238006b06de55043335d71a6b5a0f9c,5,district,district_12,District 12,shooting_incidents,Shooting Incidents,year_to_date,count,count,2026,,,0,,0,,not_applicable,,,wilmington-compstat-v2,validated
weekly-2026-09-06-r1,weekly_compstat,2026-08-31,2026-09-06,1,dbbe45b033ef4cf2fb49ddad08594d713238006b06de55043335d71a6b5a0f9c,5,district,district_12,District 12,shooting_incidents,Shooting Incidents,year_to_date,count,count,2025,,,0,,0,,not_applicable,,,wilmington-compstat-v2,validated
weekly-2026-09-06-r1,weekly_compstat,2026-08-31,2026-09-06,1,dbbe45b033ef4cf2fb49ddad08594d713238006b06de55043335d71a6b5a0f9c,5,district,district_12,District 12,shooting_incidents,Shooting Incidents,year_to_date,percent_change,percent,2026,2025,1,,,*,,undefined_zero_denominator,,undefined_zero_denominator,wilmington-compstat-v2,validated
weekly-2026-09-06-r1,weekly_compstat,2026-08-31,2026-09-06,1,dbbe45b033ef4cf2fb49ddad08594d713238006b06de55043335d71a6b5a0f9c,5,district,district_12,District 12,shooting_incidents,Shooting Incidents,year_to_date,percent_change,percent,2026,2024,2,-100.0,-1.0,-100%,,not_checkable,,,wilmington-compstat-v2,validated
weekly-2026-09-06-r1,weekly_compstat,2026-08-31,2026-09-06,1,dbbe45b033ef4cf2fb49ddad08594d713238006b06de55043335d71a6b5a0f9c,5,district,district_12,District 12,shooting_incidents,Shooting Incidents,year_to_date,percent_change,percent,2026,2023,3,-100.0,-1.0,-100%,,not_checkable,,,wilmington-compstat-v2,validated
weekly-2026-09-06-r1,weekly_compstat,2026-08-31,2026-09-06,1,dbbe45b033ef4cf2fb49ddad08594d713238006b06de55043335d71a6b5a0f9c,5,district,district_12,District 12,shooting_incidents,Shooting Incidents,year_to_date,percent_change,percent,2026,2022,4,-100.0,-1.0,-100%,,not_checkable,,,wilmington-compstat-v2,validated
weekly-2026-09-06-r1,weekly_compstat,2026-08-31,2026-09-06,1,dbbe45b033ef4cf2fb49ddad08594d713238006b06de55043335d71a6b5a0f9c,5,district,district_12,District 12,shooting_incidents,Shooting Incidents,year_to_date,percent_change,percent,2026,2021,5,-100.0,-1.0,-100%,,not_checkable,,,wilmington-compstat-v2,validated
weekly-2026-09-06-r1,weekly_compstat,2026-08-31,2026-09-06,1,dbbe45b033ef4cf2fb49ddad08594d713238006b06de55043335d71a6b5a0f9c,5,district,district_12,District 12,shooting_incidents,Shooting Incidents,year_to_date,percent_change,percent,2026,2020,6,-100.0,-1.0,-100%,,not_checkable,,,wilmington-compstat-v2,validated
weekly-2026-09-06-r1,weekly_compstat,2026-08-31,2026-09-06,1,dbbe45b033ef4cf2fb49ddad08594d713238006b06de55043335d71a6b5a0f9c,5,district,district_12,District 12,shooting_victims,Shooting Victims,last_7_days,count,count,2026,,,0,,0,,not_applicable,,,wilmington-compstat-v2,validated
weekly-2026-09-06-r1,weekly_compstat,2026-08-31,2026-09-06,1,dbbe45b033ef4cf2fb49ddad08594d713238006b06de55043335d71a6b5a0f9c,5,district,district_12,District 12,shooting_victims,Shooting Victims,last_7_days,count,count,2025,,,0,,0,,not_applicable,,,wilmington-compstat-v2,validated
weekly-2026-09-06-r1,weekly_compstat,2026-08-31,2026-09-06,1,dbbe45b033ef4cf2fb49ddad08594d713238006b06de55043335d71a6b5a0f9c,5,district,district_12,District 12,shooting_victims,Shooting Victims,last_7_days,percent_change,percent,2026,2025,1,,,*,,undefined_zero_denominator,,undefined_zero_denominator,wilmington-compstat-v2,validated
weekly-2026-09-06-r1,weekly_compstat,2026-08-31,2026-09-06,1,dbbe45b033ef4cf2fb49ddad08594d713238006b06de55043335d71a6b5a0f9c,5,district,district_12,District 12,shooting_victims,Shooting Victims,last_28_days,count,count,2026,,,0,,0,,not_applicable,,,wilmington-compstat-v2,validated
weekly-2026-09-06-r1,weekly_compstat,2026-08-31,2026-09-06,1,dbbe45b033ef4cf2fb49ddad08594d713238006b06de55043335d71a6b5a0f9c,5,district,district_12,District 12,shooting_victims,Shooting Victims,last_28_days,count,count,2025,,,0,,0,,not_applicable,,,wilmington-compstat-v2,validated
weekly-2026-09-06-r1,weekly_compstat,2026-08-31,2026-09-06,1,dbbe45b033ef4cf2fb49ddad08594d713238006b06de55043335d71a6b5a0f9c,5,district,district_12,District 12,shooting_victims,Shooting Victims,last_28_days,percent_change,percent,2026,2025,1,,,*,,undefined_zero_denominator,,undefined_zero_denominator,wilmington-compstat-v2,validated
weekly-2026-09-06-r1,weekly_compstat,2026-08-31,2026-09-06,1,dbbe45b033ef4cf2fb49ddad08594d713238006b06de55043335d71a6b5a0f9c,5,district,district_12,District 12,shooting_victims,Shooting Victims,year_to_date,count,count,2026,,,0,,0,,not_applicable,,,wilmington-compstat-v2,validated
weekly-2026-09-06-r1,weekly_compstat,2026-08-31,2026-09-06,1,dbbe45b033ef4cf2fb49ddad08594d713238006b06de55043335d71a6b5a0f9c,5,district,district_12,District 12,shooting_victims,Shooting Victims,year_to_date,count,count,2025,,,0,,0,,not_applicable,,,wilmington-compstat-v2,validated
weekly-2026-09-06-r1,weekly_compstat,2026-08-31,2026-09-06,1,dbbe45b033ef4cf2fb49ddad08594d713238006b06de55043335d71a6b5a0f9c,5,district,district_12,District 12,shooting_victims,Shooting Victims,year_to_date,percent_change,percent,2026,2025,1,,,*,,undefined_zero_denominator,,undefined_zero_denominator,wilmington-compstat-v2,validated
weekly-2026-09-06-r1,weekly_compstat,2026-08-31,2026-09-06,1,dbbe45b033ef4cf2fb49ddad08594d713238006b06de55043335d71a6b5a0f9c,5,district,district_12,District 12,shooting_victims,Shooting Victims,year_to_date,percent_change,percent,2026,2024,2,-100.0,-1.0,-100%,,not_checkable,,,wilmington-compstat-v2,validated
weekly-2026-09-06-r1,weekly_compstat,2026-08-31,2026-09-06,1,dbbe45b033ef4cf2fb49ddad08594d713238006b06de55043335d71a6b5a0f9c,5,district,district_12,District 12,shooting_victims,Shooting Victims,year_to_date,percent_change,percent,2026,2023,3,-100.0,-1.0,-100%,,not_checkable,,,wilmington-compstat-v2,validated
weekly-2026-09-06-r1,weekly_compstat,2026-08-31,2026-09-06,1,dbbe45b033ef4cf2fb49ddad08594d713238006b06de55043335d71a6b5a0f9c,5,district,district_12,District 12,shooting_victims,Shooting Victims,year_to_date,percent_change,percent,2026,2022,4,-100.0,-1.0,-100%,,not_checkable,,,wilmington-compstat-v2,validated
weekly-2026-09-06-r1,weekly_compstat,2026-08-31,2026-09-06,1,dbbe45b033ef4cf2fb49ddad08594d713238006b06de55043335d71a6b5a0f9c,5,district,district_12,District 12,shooting_victims,Shooting Victims,year_to_date,percent_change,percent,2026,2021,5,-100.0,-1.0,-100%,,not_checkable,,,wilmington-compstat-v2,validated
weekly-2026-09-06-r1,weekly_compstat,2026-08-31,2026-09-06,1,dbbe45b033ef4cf2fb49ddad08594d713238006b06de55043335d71a6b5a0f9c,5,district,district_12,District 12,shooting_victims,Shooting Victims,year_to_date,percent_change,percent,2026,2020,6,-100.0,-1.0,-100%,,not_checkable,,,wilmington-compstat-v2,validated
weekly-2026-09-06-r1,weekly_compstat,2026-08-31,2026-09-06,1,dbbe45b033ef4cf2fb49ddad08594d713238006b06de55043335d71a6b5a0f9c,5,district,district_12,District 12,juvenile_shooting_incidents,*Juv Shooting Incidents,last_7_days,count,count,2026,,,0,,0,,not_applicable,,,wilmington-compstat-v2,validated
weekly-2026-09-06-r1,weekly_compstat,2026-08-31,2026-09-06,1,dbbe45b033ef4cf2fb49ddad08594d713238006b06de55043335d71a6b5a0f9c,5,district,district_12,District 12,juvenile_shooting_incidents,*Juv Shooting Incidents,last_7_days,count,count,2025,,,0,,0,,not_applicable,,,wilmington-compstat-v2,validated
weekly-2026-09-06-r1,weekly_compstat,2026-08-31,2026-09-06,1,dbbe45b033ef4cf2fb49ddad08594d713238006b06de55043335d71a6b5a0f9c,5,district,district_12,District 12,juvenile_shooting_incidents,*Juv Shooting Incidents,last_7_days,percent_change,percent,2026,2025,1,,,*,,undefined_zero_denominator,,undefined_zero_denominator,wilmington-compstat-v2,validated
weekly-2026-09-06-r1,weekly_compstat,2026-08-31,2026-09-06,1,dbbe45b033ef4cf2fb49ddad08594d713238006b06de55043335d71a6b5a0f9c,5,district,district_12,District 12,juvenile_shooting_incidents,*Juv Shooting Incidents,last_28_days,count,count,2026,,,0,,0,,not_applicable,,,wilmington-compstat-v2,validated
weekly-2026-09-06-r1,weekly_compstat,2026-08-31,2026-09-06,1,dbbe45b033ef4cf2fb49ddad08594d713238006b06de55043335d71a6b5a0f9c,5,district,district_12,District 12,juvenile_shooting_incidents,*Juv Shooting Incidents,last_28_days,count,count,2025,,,0,,0,,not_applicable,,,wilmington-compstat-v2,validated
weekly-2026-09-06-r1,weekly_compstat,2026-08-31,2026-09-06,1,dbbe45b033ef4cf2fb49ddad08594d713238006b06de55043335d71a6b5a0f9c,5,district,district_12,District 12,juvenile_shooting_incidents,*Juv Shooting Incidents,last_28_days,percent_change,percent,2026,2025,1,,,*,,undefined_zero_denominator,,undefined_zero_denominator,wilmington-compstat-v2,validated
weekly-2026-09-06-r1,weekly_compstat,2026-08-31,2026-09-06,1,dbbe45b033ef4cf2fb49ddad08594d713238006b06de55043335d71a6b5a0f9c,5,district,district_12,District 12,juvenile_shooting_incidents,*Juv Shooting Incidents,year_to_date,count,count,2026,,,0,,0,,not_applicable,,,wilmington-compstat-v2,validated
weekly-2026-09-06-r1,weekly_compstat,2026-08-31,2026-09-06,1,dbbe45b033ef4cf2fb49ddad08594d713238006b06de55043335d71a6b5a0f9c,5,district,district_12,District 12,juvenile_shooting_incidents,*Juv Shooting Incidents,year_to_date,count,count,2025,,,0,,0,,not_applicable,,,wilmington-compstat-v2,validated
weekly-2026-09-06-r1,weekly_compstat,2026-08-31,2026-09-06,1,dbbe45b033ef4cf2fb49ddad08594d713238006b06de55043335d71a6b5a0f9c,5,district,district_12,District 12,juvenile_shooting_incidents,*Juv Shooting Incidents,year_to_date,percent_change,percent,2026,2025,1,,,*,,undefined_zero_denominator,,undefined_zero_denominator,wilmington-compstat-v2,validated
weekly-2026-09-06-r1,weekly_compstat,2026-08-31,2026-09-06,1,dbbe45b033ef4cf2fb49ddad08594d713238006b06de55043335d71a6b5a0f9c,5,district,district_12,District 12,juvenile_shooting_incidents,*Juv Shooting Incidents,year_to_date,percent_change,percent,2026,2024,2,,,*,,not_checkable,,undefined_zero_denominator,wilmington-compstat-v2,validated
weekly-2026-09-06-r1,weekly_compstat,2026-08-31,2026-09-06,1,dbbe45b033ef4cf2fb49ddad08594d713238006b06de55043335d71a6b5a0f9c,5,district,district_12,District 12,juvenile_shooting_incidents,*Juv Shooting Incidents,year_to_date,percent_change,percent,2026,2023,3,,,*,,not_checkable,,undefined_zero_denominator,wilmington-compstat-v2,validated
weekly-2026-09-06-r1,weekly_compstat,2026-08-31,2026-09-06,1,dbbe45b033ef4cf2fb49ddad08594d713238006b06de55043335d71a6b5a0f9c,5,district,district_12,District 12,juvenile_shooting_incidents,*Juv Shooting Incidents,year_to_date,percent_change,percent,2026,2022,4,,,*,,not_checkable,,undefined_zero_denominator,wilmington-compstat-v2,validated
weekly-2026-09-06-r1,weekly_compstat,2026-08-31,2026-09-06,1,dbbe45b033ef4cf2fb49ddad08594d713238006b06de55043335d71a6b5a0f9c,5,district,district_12,District 12,juvenile_shooting_incidents,*Juv Shooting Incidents,year_to_date,percent_change,percent,2026,2021,5,,,*,,not_checkable,,undefined_zero_denominator,wilmington-compstat-v2,validated
weekly-2026-09-06-r1,weekly_compstat,2026-08-31,2026-09-06,1,dbbe45b033ef4cf2fb49ddad08594d713238006b06de55043335d71a6b5a0f9c,5,district,district_12,District 12,juvenile_shooting_incidents,*Juv Shooting Incidents,year_to_date,percent_change,percent,2026,2020,6,-100.0,-1.0,-100%,,not_checkable,,,wilmington-compstat-v2,validated
weekly-2026-09-06-r1,weekly_compstat,2026-08-31,2026-09-06,1,dbbe45b033ef4cf2fb49ddad08594d713238006b06de55043335d71a6b5a0f9c,5,district,district_12,District 12,juvenile_shooting_victims,*Juv Shooting Victims,last_7_days,count,count,2026,,,0,,0,,not_applicable,,,wilmington-compstat-v2,validated
weekly-2026-09-06-r1,weekly_compstat,2026-08-31,2026-09-06,1,dbbe45b033ef4cf2fb49ddad08594d713238006b06de55043335d71a6b5a0f9c,5,district,district_12,District 12,juvenile_shooting_victims,*Juv Shooting Victims,last_7_days,count,count,2025,,,0,,0,,not_applicable,,,wilmington-compstat-v2,validated
weekly-2026-09-06-r1,weekly_compstat,2026-08-31,2026-09-06,1,dbbe45b033ef4cf2fb49ddad08594d713238006b06de55043335d71a6b5a0f9c,5,district,district_12,District 12,juvenile_shooting_victims,*Juv Shooting Victims,last_7_days,percent_change,percent,2026,2025,1,,,*,,undefined_zero_denominator,,undefined_zero_denominator,wilmington-compstat-v2,validated
weekly-2026-09-06-r1,weekly_compstat,2026-08-31,2026-09-06,1,dbbe45b033ef4cf2fb49ddad08594d713238006b06de55043335d71a6b5a0f9c,5,district,district_12,District 12,juvenile_shooting_victims,*Juv Shooting Victims,last_28_days,count,count,2026,,,0,,0,,not_applicable,,,wilmington-compstat-v2,validated
weekly-2026-09-06-r1,weekly_compstat,2026-08-31,2026-09-06,1,dbbe45b033ef4cf2fb49ddad08594d713238006b06de55043335d71a6b5a0f9c,5,district,district_12,District 12,juvenile_shooting_victims,*Juv Shooting Victims,last_28_days,count,count,2025,,,0,,0,,not_applicable,,,wilmington-compstat-v2,validated
weekly-2026-09-06-r1,weekly_compstat,2026-08-31,2026-09-06,1,dbbe45b033ef4cf2fb49ddad08594d713238006b06de55043335d71a6b5a0f9c,5,district,district_12,District 12,juvenile_shooting_victims,*Juv Shooting Victims,last_28_days,percent_change,percent,2026,2025,1,,,*,,undefined_zero_denominator,,undefined_zero_denominator,wilmington-compstat-v2,validated
weekly-2026-09-06-r1,weekly_compstat,2026-08-31,2026-09-06,1,dbbe45b033ef4cf2fb49ddad08594d713238006b06de55043335d71a6b5a0f9c,5,district,district_12,District 12,juvenile_shooting_victims,*Juv Shooting Victims,year_to_date,count,count,2026,,,0,,0,,not_applicable,,,wilmington-compstat-v2,validated
weekly-2026-09-06-r1,weekly_compstat,2026-08-31,2026-09-06,1,dbbe45b033ef4cf2fb49ddad08594d713238006b06de55043335d71a6b5a0f9c,5,district,district_12,District 12,juvenile_shooting_victims,*Juv Shooting Victims,year_to_date,count,count,2025,,,0,,0,,not_applicable,,,wilmington-compstat-v2,validated
weekly-2026-09-06-r1,weekly_compstat,2026-08-31,2026-09-06,1,dbbe45b033ef4cf2fb49ddad08594d713238006b06de55043335d71a6b5a0f9c,5,district,district_12,District 12,juvenile_shooting_victims,*Juv Shooting Victims,year_to_date,percent_change,percent,2026,2025,1,,,*,,undefined_zero_denominator,,undefined_zero_denominator,wilmington-compstat-v2,validated
weekly-2026-09-06-r1,weekly_compstat,2026-08-31,2026-09-06,1,dbbe45b033ef4cf2fb49ddad08594d713238006b06de55043335d71a6b5a0f9c,5,district,district_12,District 12,juvenile_shooting_victims,*Juv Shooting Victims,year_to_date,percent_change,percent,2026,2024,2,,,*,,not_checkable,,undefined_zero_denominator,wilmington-compstat-v2,validated
weekly-2026-09-06-r1,weekly_compstat,2026-08-31,2026-09-06,1,dbbe45b033ef4cf2fb49ddad08594d713238006b06de55043335d71a6b5a0f9c,5,district,district_12,District 12,juvenile_shooting_victims,*Juv Shooting Victims,year_to_date,percent_change,percent,2026,2023,3,,,*,,not_checkable,,undefined_zero_denominator,wilmington-compstat-v2,validated
weekly-2026-09-06-r1,weekly_compstat,2026-08-31,2026-09-06,1,dbbe45b033ef4cf2fb49ddad08594d713238006b06de55043335d71a6b5a0f9c,5,district,district_12,District 12,juvenile_shooting_victims,*Juv Shooting Victims,year_to_date,percent_change,percent,2026,2022,4,,,*,,not_checkable,,undefined_zero_denominator,wilmington-compstat-v2,validated
weekly-2026-09-06-r1,weekly_compstat,2026-08-31,2026-09-06,1,dbbe45b033ef4cf2fb49ddad08594d713238006b06de55043335d71a6b5a0f9c,5,district,district_12,District 12,juvenile_shooting_victims,*Juv Shooting Victims,year_to_date,percent_change,percent,2026,2021,5,,,*,,not_checkable,,undefined_zero_denominator,wilmington-compstat-v2,validated
weekly-2026-09-06-r1,weekly_compstat,2026-08-31,2026-09-06,1,dbbe45b033ef4cf2fb49ddad08594d713238006b06de55043335d71a6b5a0f9c,5,district,district_12,District 12,juvenile_shooting_victims,*Juv Shooting Victims,year_to_date,percent_change,percent,2026,2020,6,-100.0,-1.0,-100%,,not_checkable,,,wilmington-compstat-v2,validated
weekly-2026-09-06-r1,weekly_compstat,2026-08-31,2026-09-06,1,dbbe45b033ef4cf2fb49ddad08594d713238006b06de55043335d71a6b5a0f9c,5,district,district_12,District 12,misdemeanor_theft,Theft (Misdemeanor),last_7_days,count,count,2026,,,0,,0,,not_applicable,,,wilmington-compstat-v2,validated
weekly-2026-09-06-r1,weekly_compstat,2026-08-31,2026-09-06,1,dbbe45b033ef4cf2fb49ddad08594d713238006b06de55043335d71a6b5a0f9c,5,district,district_12,District 12,misdemeanor_theft,Theft (Misdemeanor),last_7_days,count,count,2025,,,2,,2,,not_applicable,,,wilmington-compstat-v2,validated
weekly-2026-09-06-r1,weekly_compstat,2026-08-31,2026-09-06,1,dbbe45b033ef4cf2fb49ddad08594d713238006b06de55043335d71a6b5a0f9c,5,district,district_12,District 12,misdemeanor_theft,Theft (Misdemeanor),last_7_days,percent_change,percent,2026,2025,1,-100.0,-1.0,-100%,-100.0,matched,,,wilmington-compstat-v2,validated
weekly-2026-09-06-r1,weekly_compstat,2026-08-31,2026-09-06,1,dbbe45b033ef4cf2fb49ddad08594d713238006b06de55043335d71a6b5a0f9c,5,district,district_12,District 12,misdemeanor_theft,Theft (Misdemeanor),last_28_days,count,count,2026,,,0,,0,,not_applicable,,,wilmington-compstat-v2,validated
weekly-2026-09-06-r1,weekly_compstat,2026-08-31,2026-09-06,1,dbbe45b033ef4cf2fb49ddad08594d713238006b06de55043335d71a6b5a0f9c,5,district,district_12,District 12,misdemeanor_theft,Theft (Misdemeanor),last_28_days,count,count,2025,,,2,,2,,not_applicable,,,wilmington-compstat-v2,validated
weekly-2026-09-06-r1,weekly_compstat,2026-08-31,2026-09-06,1,dbbe45b033ef4cf2fb49ddad08594d713238006b06de55043335d71a6b5a0f9c,5,district,district_12,District 12,misdemeanor_theft,Theft (Misdemeanor),last_28_days,percent_change,percent,2026,2025,1,-100.0,-1.0,-100%,-100.0,matched,,,wilmington-compstat-v2,validated
weekly-2026-09-06-r1,weekly_compstat,2026-08-31,2026-09-06,1,dbbe45b033ef4cf2fb49ddad08594d713238006b06de55043335d71a6b5a0f9c,5,district,district_12,District 12,misdemeanor_theft,Theft (Misdemeanor),year_to_date,count,count,2026,,,20,,20,,not_applicable,,,wilmington-compstat-v2,validated
weekly-2026-09-06-r1,weekly_compstat,2026-08-31,2026-09-06,1,dbbe45b033ef4cf2fb49ddad08594d713238006b06de55043335d71a6b5a0f9c,5,district,district_12,District 12,misdemeanor_theft,Theft (Misdemeanor),year_to_date,count,count,2025,,,18,,18,,not_applicable,,,wilmington-compstat-v2,validated
weekly-2026-09-06-r1,weekly_compstat,2026-08-31,2026-09-06,1,dbbe45b033ef4cf2fb49ddad08594d713238006b06de55043335d71a6b5a0f9c,5,district,district_12,District 12,misdemeanor_theft,Theft (Misdemeanor),year_to_date,percent_change,percent,2026,2025,1,11.0,0.11,11%,11.111111,matched,,,wilmington-compstat-v2,validated
weekly-2026-09-06-r1,weekly_compstat,2026-08-31,2026-09-06,1,dbbe45b033ef4cf2fb49ddad08594d713238006b06de55043335d71a6b5a0f9c,5,district,district_12,District 12,misdemeanor_theft,Theft (Misdemeanor),year_to_date,percent_change,percent,2026,2024,2,-26.0,-0.26,-26%,,not_checkable,,,wilmington-compstat-v2,validated
weekly-2026-09-06-r1,weekly_compstat,2026-08-31,2026-09-06,1,dbbe45b033ef4cf2fb49ddad08594d713238006b06de55043335d71a6b5a0f9c,5,district,district_12,District 12,misdemeanor_theft,Theft (Misdemeanor),year_to_date,percent_change,percent,2026,2023,3,-39.0,-0.39,-39%,,not_checkable,,,wilmington-compstat-v2,validated
weekly-2026-09-06-r1,weekly_compstat,2026-08-31,2026-09-06,1,dbbe45b033ef4cf2fb49ddad08594d713238006b06de55043335d71a6b5a0f9c,5,district,district_12,District 12,misdemeanor_theft,Theft (Misdemeanor),year_to_date,percent_change,percent,2026,2022,4,-44.0,-0.44,-44%,,not_checkable,,,wilmington-compstat-v2,validated
weekly-2026-09-06-r1,weekly_compstat,2026-08-31,2026-09-06,1,dbbe45b033ef4cf2fb49ddad08594d713238006b06de55043335d71a6b5a0f9c,5,district,district_12,District 12,misdemeanor_theft,Theft (Misdemeanor),year_to_date,percent_change,percent,2026,2021,5,-17.0,-0.17,-17%,,not_checkable,,,wilmington-compstat-v2,validated
weekly-2026-09-06-r1,weekly_compstat,2026-08-31,2026-09-06,1,dbbe45b033ef4cf2fb49ddad08594d713238006b06de55043335d71a6b5a0f9c,5,district,district_12,District 12,misdemeanor_theft,Theft (Misdemeanor),year_to_date,percent_change,percent,2026,2020,6,-38.0,-0.38,-38%,,not_checkable,,,wilmington-compstat-v2,validated
weekly-2026-09-06-r1,weekly_compstat,2026-08-31,2026-09-06,1,dbbe45b033ef4cf2fb49ddad08594d713238006b06de55043335d71a6b5a0f9c,7,district,district_13,District 13,murder,Murder,last_7_days,count,count,2026,,,0,,0,,not_applicable,,,wilmington-compstat-v2,validated
weekly-2026-09-06-r1,weekly_compstat,2026-08-31,2026-09-06,1,dbbe45b033ef4cf2fb49ddad08594d713238006b06de55043335d71a6b5a0f9c,7,district,district_13,District 13,murder,Murder,last_7_days,count,count,2025,,,0,,0,,not_applicable,,,wilmington-compstat-v2,validated
weekly-2026-09-06-r1,weekly_compstat,2026-08-31,2026-09-06,1,dbbe45b033ef4cf2fb49ddad08594d713238006b06de55043335d71a6b5a0f9c,7,district,district_13,District 13,murder,Murder,last_7_days,percent_change,percent,2026,2025,1,,,*,,undefined_zero_denominator,,undefined_zero_denominator,wilmington-compstat-v2,validated
weekly-2026-09-06-r1,weekly_compstat,2026-08-31,2026-09-06,1,dbbe45b033ef4cf2fb49ddad08594d713238006b06de55043335d71a6b5a0f9c,7,district,district_13,District 13,murder,Murder,last_28_days,count,count,2026,,,0,,0,,not_applicable,,,wilmington-compstat-v2,validated
weekly-2026-09-06-r1,weekly_compstat,2026-08-31,2026-09-06,1,dbbe45b033ef4cf2fb49ddad08594d713238006b06de55043335d71a6b5a0f9c,7,district,district_13,District 13,murder,Murder,last_28_days,count,count,2025,,,0,,0,,not_applicable,,,wilmington-compstat-v2,validated
weekly-2026-09-06-r1,weekly_compstat,2026-08-31,2026-09-06,1,dbbe45b033ef4cf2fb49ddad08594d713238006b06de55043335d71a6b5a0f9c,7,district,district_13,District 13,murder,Murder,last_28_days,percent_change,percent,2026,2025,1,,,*,,undefined_zero_denominator,,undefined_zero_denominator,wilmington-compstat-v2,validated
weekly-2026-09-06-r1,weekly_compstat,2026-08-31,2026-09-06,1,dbbe45b033ef4cf2fb49ddad08594d713238006b06de55043335d71a6b5a0f9c,7,district,district_13,District 13,murder,Murder,year_to_date,count,count,2026,,,0,,0,,not_applicable,,,wilmington-compstat-v2,validated
weekly-2026-09-06-r1,weekly_compstat,2026-08-31,2026-09-06,1,dbbe45b033ef4cf2fb49ddad08594d713238006b06de55043335d71a6b5a0f9c,7,district,district_13,District 13,murder,Murder,year_to_date,count,count,2025,,,1,,1,,not_applicable,,,wilmington-compstat-v2,validated
weekly-2026-09-06-r1,weekly_compstat,2026-08-31,2026-09-06,1,dbbe45b033ef4cf2fb49ddad08594d713238006b06de55043335d71a6b5a0f9c,7,district,district_13,District 13,murder,Murder,year_to_date,percent_change,percent,2026,2025,1,-100.0,-1.0,-100%,-100.0,matched,,,wilmington-compstat-v2,validated
weekly-2026-09-06-r1,weekly_compstat,2026-08-31,2026-09-06,1,dbbe45b033ef4cf2fb49ddad08594d713238006b06de55043335d71a6b5a0f9c,7,district,district_13,District 13,murder,Murder,year_to_date,percent_change,percent,2026,2024,2,-100.0,-1.0,-100%,,not_checkable,,,wilmington-compstat-v2,validated
weekly-2026-09-06-r1,weekly_compstat,2026-08-31,2026-09-06,1,dbbe45b033ef4cf2fb49ddad08594d713238006b06de55043335d71a6b5a0f9c,7,district,district_13,District 13,murder,Murder,year_to_date,percent_change,percent,2026,2023,3,-100.0,-1.0,-100%,,not_checkable,,,wilmington-compstat-v2,validated
weekly-2026-09-06-r1,weekly_compstat,2026-08-31,2026-09-06,1,dbbe45b033ef4cf2fb49ddad08594d713238006b06de55043335d71a6b5a0f9c,7,district,district_13,District 13,murder,Murder,year_to_date,percent_change,percent,2026,2022,4,,,*,,not_checkable,,undefined_zero_denominator,wilmington-compstat-v2,validated
weekly-2026-09-06-r1,weekly_compstat,2026-08-31,2026-09-06,1,dbbe45b033ef4cf2fb49ddad08594d713238006b06de55043335d71a6b5a0f9c,7,district,district_13,District 13,murder,Murder,year_to_date,percent_change,percent,2026,2021,5,-100.0,-1.0,-100%,,not_checkable,,,wilmington-compstat-v2,validated
weekly-2026-09-06-r1,weekly_compstat,2026-08-31,2026-09-06,1,dbbe45b033ef4cf2fb49ddad08594d713238006b06de55043335d71a6b5a0f9c,7,district,district_13,District 13,murder,Murder,year_to_date,percent_change,percent,2026,2020,6,-100.0,-1.0,-100%,,not_checkable,,,wilmington-compstat-v2,validated
weekly-2026-09-06-r1,weekly_compstat,2026-08-31,2026-09-06,1,dbbe45b033ef4cf2fb49ddad08594d713238006b06de55043335d71a6b5a0f9c,7,district,district_13,District 13,rape,Rape,last_7_days,count,count,2026,,,0,,0,,not_applicable,,,wilmington-compstat-v2,validated
weekly-2026-09-06-r1,weekly_compstat,2026-08-31,2026-09-06,1,dbbe45b033ef4cf2fb49ddad08594d713238006b06de55043335d71a6b5a0f9c,7,district,district_13,District 13,rape,Rape,last_7_days,count,count,2025,,,0,,0,,not_applicable,,,wilmington-compstat-v2,validated
weekly-2026-09-06-r1,weekly_compstat,2026-08-31,2026-09-06,1,dbbe45b033ef4cf2fb49ddad08594d713238006b06de55043335d71a6b5a0f9c,7,district,district_13,District 13,rape,Rape,last_7_days,percent_change,percent,2026,2025,1,,,*,,undefined_zero_denominator,,undefined_zero_denominator,wilmington-compstat-v2,validated
weekly-2026-09-06-r1,weekly_compstat,2026-08-31,2026-09-06,1,dbbe45b033ef4cf2fb49ddad08594d713238006b06de55043335d71a6b5a0f9c,7,district,district_13,District 13,rape,Rape,last_28_days,count,count,2026,,,0,,0,,not_applicable,,,wilmington-compstat-v2,validated
weekly-2026-09-06-r1,weekly_compstat,2026-08-31,2026-09-06,1,dbbe45b033ef4cf2fb49ddad08594d713238006b06de55043335d71a6b5a0f9c,7,district,district_13,District 13,rape,Rape,last_28_days,count,count,2025,,,0,,0,,not_applicable,,,wilmington-compstat-v2,validated
weekly-2026-09-06-r1,weekly_compstat,2026-08-31,2026-09-06,1,dbbe45b033ef4cf2fb49ddad08594d713238006b06de55043335d71a6b5a0f9c,7,district,district_13,District 13,rape,Rape,last_28_days,percent_change,percent,2026,2025,1,,,*,,undefined_zero_denominator,,undefined_zero_denominator,wilmington-compstat-v2,validated
weekly-2026-09-06-r1,weekly_compstat,2026-08-31,2026-09-06,1,dbbe45b033ef4cf2fb49ddad08594d713238006b06de55043335d71a6b5a0f9c,7,district,district_13,District 13,rape,Rape,year_to_date,count,count,2026,,,0,,0,,not_applicable,,,wilmington-compstat-v2,validated
weekly-2026-09-06-r1,weekly_compstat,2026-08-31,2026-09-06,1,dbbe45b033ef4cf2fb49ddad08594d713238006b06de55043335d71a6b5a0f9c,7,district,district_13,District 13,rape,Rape,year_to_date,count,count,2025,,,0,,0,,not_applicable,,,wilmington-compstat-v2,validated
weekly-2026-09-06-r1,weekly_compstat,2026-08-31,2026-09-06,1,dbbe45b033ef4cf2fb49ddad08594d713238006b06de55043335d71a6b5a0f9c,7,district,district_13,District 13,rape,Rape,year_to_date,percent_change,percent,2026,2025,1,,,*,,undefined_zero_denominator,,undefined_zero_denominator,wilmington-compstat-v2,validated
weekly-2026-09-06-r1,weekly_compstat,2026-08-31,2026-09-06,1,dbbe45b033ef4cf2fb49ddad08594d713238006b06de55043335d71a6b5a0f9c,7,district,district_13,District 13,rape,Rape,year_to_date,percent_change,percent,2026,2024,2,-100.0,-1.0,-100%,,not_checkable,,,wilmington-compstat-v2,validated
weekly-2026-09-06-r1,weekly_compstat,2026-08-31,2026-09-06,1,dbbe45b033ef4cf2fb49ddad08594d713238006b06de55043335d71a6b5a0f9c,7,district,district_13,District 13,rape,Rape,year_to_date,percent_change,percent,2026,2023,3,,,*,,not_checkable,,undefined_zero_denominator,wilmington-compstat-v2,validated
weekly-2026-09-06-r1,weekly_compstat,2026-08-31,2026-09-06,1,dbbe45b033ef4cf2fb49ddad08594d713238006b06de55043335d71a6b5a0f9c,7,district,district_13,District 13,rape,Rape,year_to_date,percent_change,percent,2026,2022,4,-100.0,-1.0,-100%,,not_checkable,,,wilmington-compstat-v2,validated
weekly-2026-09-06-r1,weekly_compstat,2026-08-31,2026-09-06,1,dbbe45b033ef4cf2fb49ddad08594d713238006b06de55043335d71a6b5a0f9c,7,district,district_13,District 13,rape,Rape,year_to_date,percent_change,percent,2026,2021,5,,,*,,not_checkable,,undefined_zero_denominator,wilmington-compstat-v2,validated
weekly-2026-09-06-r1,weekly_compstat,2026-08-31,2026-09-06,1,dbbe45b033ef4cf2fb49ddad08594d713238006b06de55043335d71a6b5a0f9c,7,district,district_13,District 13,rape,Rape,year_to_date,percent_change,percent,2026,2020,6,-100.0,-1.0,-100%,,not_checkable,,,wilmington-compstat-v2,validated
weekly-2026-09-06-r1,weekly_compstat,2026-08-31,2026-09-06,1,dbbe45b033ef4cf2fb49ddad08594d713238006b06de55043335d71a6b5a0f9c,7,district,district_13,District 13,robbery,Robbery,last_7_days,count,count,2026,,,0,,0,,not_applicable,,,wilmington-compstat-v2,validated
weekly-2026-09-06-r1,weekly_compstat,2026-08-31,2026-09-06,1,dbbe45b033ef4cf2fb49ddad08594d713238006b06de55043335d71a6b5a0f9c,7,district,district_13,District 13,robbery,Robbery,last_7_days,count,count,2025,,,1,,1,,not_applicable,,,wilmington-compstat-v2,validated
weekly-2026-09-06-r1,weekly_compstat,2026-08-31,2026-09-06,1,dbbe45b033ef4cf2fb49ddad08594d713238006b06de55043335d71a6b5a0f9c,7,district,district_13,District 13,robbery,Robbery,last_7_days,percent_change,percent,2026,2025,1,-100.0,-1.0,-100%,-100.0,matched,,,wilmington-compstat-v2,validated
weekly-2026-09-06-r1,weekly_compstat,2026-08-31,2026-09-06,1,dbbe45b033ef4cf2fb49ddad08594d713238006b06de55043335d71a6b5a0f9c,7,district,district_13,District 13,robbery,Robbery,last_28_days,count,count,2026,,,0,,0,,not_applicable,,,wilmington-compstat-v2,validated
weekly-2026-09-06-r1,weekly_compstat,2026-08-31,2026-09-06,1,dbbe45b033ef4cf2fb49ddad08594d713238006b06de55043335d71a6b5a0f9c,7,district,district_13,District 13,robbery,Robbery,last_28_days,count,count,2025,,,1,,1,,not_applicable,,,wilmington-compstat-v2,validated
weekly-2026-09-06-r1,weekly_compstat,2026-08-31,2026-09-06,1,dbbe45b033ef4cf2fb49ddad08594d713238006b06de55043335d71a6b5a0f9c,7,district,district_13,District 13,robbery,Robbery,last_28_days,percent_change,percent,2026,2025,1,-100.0,-1.0,-100%,-100.0,matched,,,wilmington-compstat-v2,validated
weekly-2026-09-06-r1,weekly_compstat,2026-08-31,2026-09-06,1,dbbe45b033ef4cf2fb49ddad08594d713238006b06de55043335d71a6b5a0f9c,7,district,district_13,District 13,robbery,Robbery,year_to_date,count,count,2026,,,13,,13,,not_applicable,,,wilmington-compstat-v2,validated
weekly-2026-09-06-r1,weekly_compstat,2026-08-31,2026-09-06,1,dbbe45b033ef4cf2fb49ddad08594d713238006b06de55043335d71a6b5a0f9c,7,district,district_13,District 13,robbery,Robbery,year_to_date,count,count,2025,,,9,,9,,not_applicable,,,wilmington-compstat-v2,validated
weekly-2026-09-06-r1,weekly_compstat,2026-08-31,2026-09-06,1,dbbe45b033ef4cf2fb49ddad08594d713238006b06de55043335d71a6b5a0f9c,7,district,district_13,District 13,robbery,Robbery,year_to_date,percent_change,percent,2026,2025,1,44.0,0.44,44%,44.444444,matched,,,wilmington-compstat-v2,validated
weekly-2026-09-06-r1,weekly_compstat,2026-08-31,2026-09-06,1,dbbe45b033ef4cf2fb49ddad08594d713238006b06de55043335d71a6b5a0f9c,7,district,district_13,District 13,robbery,Robbery,year_to_date,percent_change,percent,2026,2024,2,117.0,1.17,117%,,not_checkable,,,wilmington-compstat-v2,validated
weekly-2026-09-06-r1,weekly_compstat,2026-08-31,2026-09-06,1,dbbe45b033ef4cf2fb49ddad08594d713238006b06de55043335d71a6b5a0f9c,7,district,district_13,District 13,robbery,Robbery,year_to_date,percent_change,percent,2026,2023,3,18.0,0.18,18%,,not_checkable,,,wilmington-compstat-v2,validated
weekly-2026-09-06-r1,weekly_compstat,2026-08-31,2026-09-06,1,dbbe45b033ef4cf2fb49ddad08594d713238006b06de55043335d71a6b5a0f9c,7,district,district_13,District 13,robbery,Robbery,year_to_date,percent_change,percent,2026,2022,4,30.0,0.3,30%,,not_checkable,,,wilmington-compstat-v2,validated
weekly-2026-09-06-r1,weekly_compstat,2026-08-31,2026-09-06,1,dbbe45b033ef4cf2fb49ddad08594d713238006b06de55043335d71a6b5a0f9c,7,district,district_13,District 13,robbery,Robbery,year_to_date,percent_change,percent,2026,2021,5,44.0,0.44,44%,,not_checkable,,,wilmington-compstat-v2,validated
weekly-2026-09-06-r1,weekly_compstat,2026-08-31,2026-09-06,1,dbbe45b033ef4cf2fb49ddad08594d713238006b06de55043335d71a6b5a0f9c,7,district,district_13,District 13,robbery,Robbery,year_to_date,percent_change,percent,2026,2020,6,-35.0,-0.35,-35%,,not_checkable,,,wilmington-compstat-v2,validated
weekly-2026-09-06-r1,weekly_compstat,2026-08-31,2026-09-06,1,dbbe45b033ef4cf2fb49ddad08594d713238006b06de55043335d71a6b5a0f9c,7,district,district_13,District 13,aggravated_assault,Agg. Assault,last_7_days,count,count,2026,,,0,,0,,not_applicable,,,wilmington-compstat-v2,validated
weekly-2026-09-06-r1,weekly_compstat,2026-08-31,2026-09-06,1,dbbe45b033ef4cf2fb49ddad08594d713238006b06de55043335d71a6b5a0f9c,7,district,district_13,District 13,aggravated_assault,Agg. Assault,last_7_days,count,count,2025,,,1,,1,,not_applicable,,,wilmington-compstat-v2,validated
weekly-2026-09-06-r1,weekly_compstat,2026-08-31,2026-09-06,1,dbbe45b033ef4cf2fb49ddad08594d713238006b06de55043335d71a6b5a0f9c,7,district,district_13,District 13,aggravated_assault,Agg. Assault,last_7_days,percent_change,percent,2026,2025,1,-100.0,-1.0,-100%,-100.0,matched,,,wilmington-compstat-v2,validated
weekly-2026-09-06-r1,weekly_compstat,2026-08-31,2026-09-06,1,dbbe45b033ef4cf2fb49ddad08594d713238006b06de55043335d71a6b5a0f9c,7,district,district_13,District 13,aggravated_assault,Agg. Assault,last_28_days,count,count,2026,,,5,,5,,not_applicable,,,wilmington-compstat-v2,validated
weekly-2026-09-06-r1,weekly_compstat,2026-08-31,2026-09-06,1,dbbe45b033ef4cf2fb49ddad08594d713238006b06de55043335d71a6b5a0f9c,7,district,district_13,District 13,aggravated_assault,Agg. Assault,last_28_days,count,count,2025,,,4,,4,,not_applicable,,,wilmington-compstat-v2,validated
weekly-2026-09-06-r1,weekly_compstat,2026-08-31,2026-09-06,1,dbbe45b033ef4cf2fb49ddad08594d713238006b06de55043335d71a6b5a0f9c,7,district,district_13,District 13,aggravated_assault,Agg. Assault,last_28_days,percent_change,percent,2026,2025,1,25.0,0.25,25%,25.0,matched,,,wilmington-compstat-v2,validated
weekly-2026-09-06-r1,weekly_compstat,2026-08-31,2026-09-06,1,dbbe45b033ef4cf2fb49ddad08594d713238006b06de55043335d71a6b5a0f9c,7,district,district_13,District 13,aggravated_assault,Agg. Assault,year_to_date,count,count,2026,,,35,,35,,not_applicable,,,wilmington-compstat-v2,validated
weekly-2026-09-06-r1,weekly_compstat,2026-08-31,2026-09-06,1,dbbe45b033ef4cf2fb49ddad08594d713238006b06de55043335d71a6b5a0f9c,7,district,district_13,District 13,aggravated_assault,Agg. Assault,year_to_date,count,count,2025,,,32,,32,,not_applicable,,,wilmington-compstat-v2,validated
weekly-2026-09-06-r1,weekly_compstat,2026-08-31,2026-09-06,1,dbbe45b033ef4cf2fb49ddad08594d713238006b06de55043335d71a6b5a0f9c,7,district,district_13,District 13,aggravated_assault,Agg. Assault,year_to_date,percent_change,percent,2026,2025,1,9.0,0.09,9%,9.375,matched,,,wilmington-compstat-v2,validated
weekly-2026-09-06-r1,weekly_compstat,2026-08-31,2026-09-06,1,dbbe45b033ef4cf2fb49ddad08594d713238006b06de55043335d71a6b5a0f9c,7,district,district_13,District 13,aggravated_assault,Agg. Assault,year_to_date,percent_change,percent,2026,2024,2,25.0,0.25,25%,,not_checkable,,,wilmington-compstat-v2,validated
weekly-2026-09-06-r1,weekly_compstat,2026-08-31,2026-09-06,1,dbbe45b033ef4cf2fb49ddad08594d713238006b06de55043335d71a6b5a0f9c,7,district,district_13,District 13,aggravated_assault,Agg. Assault,year_to_date,percent_change,percent,2026,2023,3,67.0,0.67,67%,,not_checkable,,,wilmington-compstat-v2,validated
weekly-2026-09-06-r1,weekly_compstat,2026-08-31,2026-09-06,1,dbbe45b033ef4cf2fb49ddad08594d713238006b06de55043335d71a6b5a0f9c,7,district,district_13,District 13,aggravated_assault,Agg. Assault,year_to_date,percent_change,percent,2026,2022,4,52.0,0.52,52%,,not_checkable,,,wilmington-compstat-v2,validated
weekly-2026-09-06-r1,weekly_compstat,2026-08-31,2026-09-06,1,dbbe45b033ef4cf2fb49ddad08594d713238006b06de55043335d71a6b5a0f9c,7,district,district_13,District 13,aggravated_assault,Agg. Assault,year_to_date,percent_change,percent,2026,2021,5,3.0,0.03,3%,,not_checkable,,,wilmington-compstat-v2,validated
weekly-2026-09-06-r1,weekly_compstat,2026-08-31,2026-09-06,1,dbbe45b033ef4cf2fb49ddad08594d713238006b06de55043335d71a6b5a0f9c,7,district,district_13,District 13,aggravated_assault,Agg. Assault,year_to_date,percent_change,percent,2026,2020,6,-13.0,-0.13,-13%,,not_checkable,,,wilmington-compstat-v2,validated
weekly-2026-09-06-r1,weekly_compstat,2026-08-31,2026-09-06,1,dbbe45b033ef4cf2fb49ddad08594d713238006b06de55043335d71a6b5a0f9c,7,district,district_13,District 13,burglary,Burglary,last_7_days,count,count,2026,,,0,,0,,not_applicable,,,wilmington-compstat-v2,validated
weekly-2026-09-06-r1,weekly_compstat,2026-08-31,2026-09-06,1,dbbe45b033ef4cf2fb49ddad08594d713238006b06de55043335d71a6b5a0f9c,7,district,district_13,District 13,burglary,Burglary,last_7_days,count,count,2025,,,0,,0,,not_applicable,,,wilmington-compstat-v2,validated
weekly-2026-09-06-r1,weekly_compstat,2026-08-31,2026-09-06,1,dbbe45b033ef4cf2fb49ddad08594d713238006b06de55043335d71a6b5a0f9c,7,district,district_13,District 13,burglary,Burglary,last_7_days,percent_change,percent,2026,2025,1,,,*,,undefined_zero_denominator,,undefined_zero_denominator,wilmington-compstat-v2,validated
weekly-2026-09-06-r1,weekly_compstat,2026-08-31,2026-09-06,1,dbbe45b033ef4cf2fb49ddad08594d713238006b06de55043335d71a6b5a0f9c,7,district,district_13,District 13,burglary,Burglary,last_28_days,count,count,2026,,,0,,0,,not_applicable,,,wilmington-compstat-v2,validated
weekly-2026-09-06-r1,weekly_compstat,2026-08-31,2026-09-06,1,dbbe45b033ef4cf2fb49ddad08594d713238006b06de55043335d71a6b5a0f9c,7,district,district_13,District 13,burglary,Burglary,last_28_days,count,count,2025,,,1,,1,,not_applicable,,,wilmington-compstat-v2,validated
weekly-2026-09-06-r1,weekly_compstat,2026-08-31,2026-09-06,1,dbbe45b033ef4cf2fb49ddad08594d713238006b06de55043335d71a6b5a0f9c,7,district,district_13,District 13,burglary,Burglary,last_28_days,percent_change,percent,2026,2025,1,-100.0,-1.0,-100%,-100.0,matched,,,wilmington-compstat-v2,validated
weekly-2026-09-06-r1,weekly_compstat,2026-08-31,2026-09-06,1,dbbe45b033ef4cf2fb49ddad08594d713238006b06de55043335d71a6b5a0f9c,7,district,district_13,District 13,burglary,Burglary,year_to_date,count,count,2026,,,18,,18,,not_applicable,,,wilmington-compstat-v2,validated
weekly-2026-09-06-r1,weekly_compstat,2026-08-31,2026-09-06,1,dbbe45b033ef4cf2fb49ddad08594d713238006b06de55043335d71a6b5a0f9c,7,district,district_13,District 13,burglary,Burglary,year_to_date,count,count,2025,,,26,,26,,not_applicable,,,wilmington-compstat-v2,validated
weekly-2026-09-06-r1,weekly_compstat,2026-08-31,2026-09-06,1,dbbe45b033ef4cf2fb49ddad08594d713238006b06de55043335d71a6b5a0f9c,7,district,district_13,District 13,burglary,Burglary,year_to_date,percent_change,percent,2026,2025,1,-31.0,-0.31,-31%,-30.769231,matched,,,wilmington-compstat-v2,validated
weekly-2026-09-06-r1,weekly_compstat,2026-08-31,2026-09-06,1,dbbe45b033ef4cf2fb49ddad08594d713238006b06de55043335d71a6b5a0f9c,7,district,district_13,District 13,burglary,Burglary,year_to_date,percent_change,percent,2026,2024,2,6.0,0.06,6%,,not_checkable,,,wilmington-compstat-v2,validated
weekly-2026-09-06-r1,weekly_compstat,2026-08-31,2026-09-06,1,dbbe45b033ef4cf2fb49ddad08594d713238006b06de55043335d71a6b5a0f9c,7,district,district_13,District 13,burglary,Burglary,year_to_date,percent_change,percent,2026,2023,3,13.0,0.13,13%,,not_checkable,,,wilmington-compstat-v2,validated
weekly-2026-09-06-r1,weekly_compstat,2026-08-31,2026-09-06,1,dbbe45b033ef4cf2fb49ddad08594d713238006b06de55043335d71a6b5a0f9c,7,district,district_13,District 13,burglary,Burglary,year_to_date,percent_change,percent,2026,2022,4,-36.0,-0.36,-36%,,not_checkable,,,wilmington-compstat-v2,validated
weekly-2026-09-06-r1,weekly_compstat,2026-08-31,2026-09-06,1,dbbe45b033ef4cf2fb49ddad08594d713238006b06de55043335d71a6b5a0f9c,7,district,district_13,District 13,burglary,Burglary,year_to_date,percent_change,percent,2026,2021,5,-44.0,-0.44,-44%,,not_checkable,,,wilmington-compstat-v2,validated
weekly-2026-09-06-r1,weekly_compstat,2026-08-31,2026-09-06,1,dbbe45b033ef4cf2fb49ddad08594d713238006b06de55043335d71a6b5a0f9c,7,district,district_13,District 13,burglary,Burglary,year_to_date,percent_change,percent,2026,2020,6,-42.0,-0.42,-42%,,not_checkable,,,wilmington-compstat-v2,validated
weekly-2026-09-06-r1,weekly_compstat,2026-08-31,2026-09-06,1,dbbe45b033ef4cf2fb49ddad08594d713238006b06de55043335d71a6b5a0f9c,7,district,district_13,District 13,felony_theft,Felony Theft,last_7_days,count,count,2026,,,0,,0,,not_applicable,,,wilmington-compstat-v2,validated
weekly-2026-09-06-r1,weekly_compstat,2026-08-31,2026-09-06,1,dbbe45b033ef4cf2fb49ddad08594d713238006b06de55043335d71a6b5a0f9c,7,district,district_13,District 13,felony_theft,Felony Theft,last_7_days,count,count,2025,,,0,,0,,not_applicable,,,wilmington-compstat-v2,validated
weekly-2026-09-06-r1,weekly_compstat,2026-08-31,2026-09-06,1,dbbe45b033ef4cf2fb49ddad08594d713238006b06de55043335d71a6b5a0f9c,7,district,district_13,District 13,felony_theft,Felony Theft,last_7_days,percent_change,percent,2026,2025,1,,,*,,undefined_zero_denominator,,undefined_zero_denominator,wilmington-compstat-v2,validated
weekly-2026-09-06-r1,weekly_compstat,2026-08-31,2026-09-06,1,dbbe45b033ef4cf2fb49ddad08594d713238006b06de55043335d71a6b5a0f9c,7,district,district_13,District 13,felony_theft,Felony Theft,last_28_days,count,count,2026,,,1,,1,,not_applicable,,,wilmington-compstat-v2,validated
weekly-2026-09-06-r1,weekly_compstat,2026-08-31,2026-09-06,1,dbbe45b033ef4cf2fb49ddad08594d713238006b06de55043335d71a6b5a0f9c,7,district,district_13,District 13,felony_theft,Felony Theft,last_28_days,count,count,2025,,,0,,0,,not_applicable,,,wilmington-compstat-v2,validated
weekly-2026-09-06-r1,weekly_compstat,2026-08-31,2026-09-06,1,dbbe45b033ef4cf2fb49ddad08594d713238006b06de55043335d71a6b5a0f9c,7,district,district_13,District 13,felony_theft,Felony Theft,last_28_days,percent_change,percent,2026,2025,1,,,*,,undefined_zero_denominator,,undefined_zero_denominator,wilmington-compstat-v2,validated
weekly-2026-09-06-r1,weekly_compstat,2026-08-31,2026-09-06,1,dbbe45b033ef4cf2fb49ddad08594d713238006b06de55043335d71a6b5a0f9c,7,district,district_13,District 13,felony_theft,Felony Theft,year_to_date,count,count,2026,,,16,,16,,not_applicable,,,wilmington-compstat-v2,validated
weekly-2026-09-06-r1,weekly_compstat,2026-08-31,2026-09-06,1,dbbe45b033ef4cf2fb49ddad08594d713238006b06de55043335d71a6b5a0f9c,7,district,district_13,District 13,felony_theft,Felony Theft,year_to_date,count,count,2025,,,11,,11,,not_applicable,,,wilmington-compstat-v2,validated
weekly-2026-09-06-r1,weekly_compstat,2026-08-31,2026-09-06,1,dbbe45b033ef4cf2fb49ddad08594d713238006b06de55043335d71a6b5a0f9c,7,district,district_13,District 13,felony_theft,Felony Theft,year_to_date,percent_change,percent,2026,2025,1,45.0,0.45,45%,45.454545,matched,,,wilmington-compstat-v2,validated
weekly-2026-09-06-r1,weekly_compstat,2026-08-31,2026-09-06,1,dbbe45b033ef4cf2fb49ddad08594d713238006b06de55043335d71a6b5a0f9c,7,district,district_13,District 13,felony_theft,Felony Theft,year_to_date,percent_change,percent,2026,2024,2,100.0,1.0,100%,,not_checkable,,,wilmington-compstat-v2,validated
weekly-2026-09-06-r1,weekly_compstat,2026-08-31,2026-09-06,1,dbbe45b033ef4cf2fb49ddad08594d713238006b06de55043335d71a6b5a0f9c,7,district,district_13,District 13,felony_theft,Felony Theft,year_to_date,percent_change,percent,2026,2023,3,-20.0,-0.2,-20%,,not_checkable,,,wilmington-compstat-v2,validated
weekly-2026-09-06-r1,weekly_compstat,2026-08-31,2026-09-06,1,dbbe45b033ef4cf2fb49ddad08594d713238006b06de55043335d71a6b5a0f9c,7,district,district_13,District 13,felony_theft,Felony Theft,year_to_date,percent_change,percent,2026,2022,4,-6.0,-0.06,-6%,,not_checkable,,,wilmington-compstat-v2,validated
weekly-2026-09-06-r1,weekly_compstat,2026-08-31,2026-09-06,1,dbbe45b033ef4cf2fb49ddad08594d713238006b06de55043335d71a6b5a0f9c,7,district,district_13,District 13,felony_theft,Felony Theft,year_to_date,percent_change,percent,2026,2021,5,60.0,0.6,60%,,not_checkable,,,wilmington-compstat-v2,validated
weekly-2026-09-06-r1,weekly_compstat,2026-08-31,2026-09-06,1,dbbe45b033ef4cf2fb49ddad08594d713238006b06de55043335d71a6b5a0f9c,7,district,district_13,District 13,felony_theft,Felony Theft,year_to_date,percent_change,percent,2026,2020,6,23.0,0.23,23%,,not_checkable,,,wilmington-compstat-v2,validated
weekly-2026-09-06-r1,weekly_compstat,2026-08-31,2026-09-06,1,dbbe45b033ef4cf2fb49ddad08594d713238006b06de55043335d71a6b5a0f9c,7,district,district_13,District 13,auto_theft,Auto Theft,last_7_days,count,count,2026,,,0,,0,,not_applicable,,,wilmington-compstat-v2,validated
weekly-2026-09-06-r1,weekly_compstat,2026-08-31,2026-09-06,1,dbbe45b033ef4cf2fb49ddad08594d713238006b06de55043335d71a6b5a0f9c,7,district,district_13,District 13,auto_theft,Auto Theft,last_7_days,count,count,2025,,,1,,1,,not_applicable,,,wilmington-compstat-v2,validated
weekly-2026-09-06-r1,weekly_compstat,2026-08-31,2026-09-06,1,dbbe45b033ef4cf2fb49ddad08594d713238006b06de55043335d71a6b5a0f9c,7,district,district_13,District 13,auto_theft,Auto Theft,last_7_days,percent_change,percent,2026,2025,1,-100.0,-1.0,-100%,-100.0,matched,,,wilmington-compstat-v2,validated
weekly-2026-09-06-r1,weekly_compstat,2026-08-31,2026-09-06,1,dbbe45b033ef4cf2fb49ddad08594d713238006b06de55043335d71a6b5a0f9c,7,district,district_13,District 13,auto_theft,Auto Theft,last_28_days,count,count,2026,,,1,,1,,not_applicable,,,wilmington-compstat-v2,validated
weekly-2026-09-06-r1,weekly_compstat,2026-08-31,2026-09-06,1,dbbe45b033ef4cf2fb49ddad08594d713238006b06de55043335d71a6b5a0f9c,7,district,district_13,District 13,auto_theft,Auto Theft,last_28_days,count,count,2025,,,5,,5,,not_applicable,,,wilmington-compstat-v2,validated
weekly-2026-09-06-r1,weekly_compstat,2026-08-31,2026-09-06,1,dbbe45b033ef4cf2fb49ddad08594d713238006b06de55043335d71a6b5a0f9c,7,district,district_13,District 13,auto_theft,Auto Theft,last_28_days,percent_change,percent,2026,2025,1,-80.0,-0.8,-80%,-80.0,matched,,,wilmington-compstat-v2,validated
weekly-2026-09-06-r1,weekly_compstat,2026-08-31,2026-09-06,1,dbbe45b033ef4cf2fb49ddad08594d713238006b06de55043335d71a6b5a0f9c,7,district,district_13,District 13,auto_theft,Auto Theft,year_to_date,count,count,2026,,,32,,32,,not_applicable,,,wilmington-compstat-v2,validated
weekly-2026-09-06-r1,weekly_compstat,2026-08-31,2026-09-06,1,dbbe45b033ef4cf2fb49ddad08594d713238006b06de55043335d71a6b5a0f9c,7,district,district_13,District 13,auto_theft,Auto Theft,year_to_date,count,count,2025,,,27,,27,,not_applicable,,,wilmington-compstat-v2,validated
weekly-2026-09-06-r1,weekly_compstat,2026-08-31,2026-09-06,1,dbbe45b033ef4cf2fb49ddad08594d713238006b06de55043335d71a6b5a0f9c,7,district,district_13,District 13,auto_theft,Auto Theft,year_to_date,percent_change,percent,2026,2025,1,19.0,0.19,19%,18.518519,matched,,,wilmington-compstat-v2,validated
weekly-2026-09-06-r1,weekly_compstat,2026-08-31,2026-09-06,1,dbbe45b033ef4cf2fb49ddad08594d713238006b06de55043335d71a6b5a0f9c,7,district,district_13,District 13,auto_theft,Auto Theft,year_to_date,percent_change,percent,2026,2024,2,23.0,0.23,23%,,not_checkable,,,wilmington-compstat-v2,validated
weekly-2026-09-06-r1,weekly_compstat,2026-08-31,2026-09-06,1,dbbe45b033ef4cf2fb49ddad08594d713238006b06de55043335d71a6b5a0f9c,7,district,district_13,District 13,auto_theft,Auto Theft,year_to_date,percent_change,percent,2026,2023,3,3.0,0.03,3%,,not_checkable,,,wilmington-compstat-v2,validated
weekly-2026-09-06-r1,weekly_compstat,2026-08-31,2026-09-06,1,dbbe45b033ef4cf2fb49ddad08594d713238006b06de55043335d71a6b5a0f9c,7,district,district_13,District 13,auto_theft,Auto Theft,year_to_date,percent_change,percent,2026,2022,4,0.0,0.0,0%,,not_checkable,,,wilmington-compstat-v2,validated
weekly-2026-09-06-r1,weekly_compstat,2026-08-31,2026-09-06,1,dbbe45b033ef4cf2fb49ddad08594d713238006b06de55043335d71a6b5a0f9c,7,district,district_13,District 13,auto_theft,Auto Theft,year_to_date,percent_change,percent,2026,2021,5,10.0,0.1,10%,,not_checkable,,,wilmington-compstat-v2,validated
weekly-2026-09-06-r1,weekly_compstat,2026-08-31,2026-09-06,1,dbbe45b033ef4cf2fb49ddad08594d713238006b06de55043335d71a6b5a0f9c,7,district,district_13,District 13,auto_theft,Auto Theft,year_to_date,percent_change,percent,2026,2020,6,33.0,0.33,33%,,not_checkable,,,wilmington-compstat-v2,validated
weekly-2026-09-06-r1,weekly_compstat,2026-08-31,2026-09-06,1,dbbe45b033ef4cf2fb49ddad08594d713238006b06de55043335d71a6b5a0f9c,7,district,district_13,District 13,major_crime_total,TOTAL,last_7_days,count,count,2026,,,0,,0,,not_applicable,,,wilmington-compstat-v2,validated
weekly-2026-09-06-r1,weekly_compstat,2026-08-31,2026-09-06,1,dbbe45b033ef4cf2fb49ddad08594d713238006b06de55043335d71a6b5a0f9c,7,district,district_13,District 13,major_crime_total,TOTAL,last_7_days,count,count,2025,,,3,,3,,not_applicable,,,wilmington-compstat-v2,validated
weekly-2026-09-06-r1,weekly_compstat,2026-08-31,2026-09-06,1,dbbe45b033ef4cf2fb49ddad08594d713238006b06de55043335d71a6b5a0f9c,7,district,district_13,District 13,major_crime_total,TOTAL,last_7_days,percent_change,percent,2026,2025,1,-100.0,-1.0,-100%,-100.0,matched,,,wilmington-compstat-v2,validated
weekly-2026-09-06-r1,weekly_compstat,2026-08-31,2026-09-06,1,dbbe45b033ef4cf2fb49ddad08594d713238006b06de55043335d71a6b5a0f9c,7,district,district_13,District 13,major_crime_total,TOTAL,last_28_days,count,count,2026,,,7,,7,,not_applicable,,,wilmington-compstat-v2,validated
weekly-2026-09-06-r1,weekly_compstat,2026-08-31,2026-09-06,1,dbbe45b033ef4cf2fb49ddad08594d713238006b06de55043335d71a6b5a0f9c,7,district,district_13,District 13,major_crime_total,TOTAL,last_28_days,count,count,2025,,,11,,11,,not_applicable,,,wilmington-compstat-v2,validated
weekly-2026-09-06-r1,weekly_compstat,2026-08-31,2026-09-06,1,dbbe45b033ef4cf2fb49ddad08594d713238006b06de55043335d71a6b5a0f9c,7,district,district_13,District 13,major_crime_total,TOTAL,last_28_days,percent_change,percent,2026,2025,1,-36.0,-0.36,-36%,-36.363636,matched,,,wilmington-compstat-v2,validated
weekly-2026-09-06-r1,weekly_compstat,2026-08-31,2026-09-06,1,dbbe45b033ef4cf2fb49ddad08594d713238006b06de55043335d71a6b5a0f9c,7,district,district_13,District 13,major_crime_total,TOTAL,year_to_date,count,count,2026,,,114,,114,,not_applicable,,,wilmington-compstat-v2,validated
weekly-2026-09-06-r1,weekly_compstat,2026-08-31,2026-09-06,1,dbbe45b033ef4cf2fb49ddad08594d713238006b06de55043335d71a6b5a0f9c,7,district,district_13,District 13,major_crime_total,TOTAL,year_to_date,count,count,2025,,,106,,106,,not_applicable,,,wilmington-compstat-v2,validated
weekly-2026-09-06-r1,weekly_compstat,2026-08-31,2026-09-06,1,dbbe45b033ef4cf2fb49ddad08594d713238006b06de55043335d71a6b5a0f9c,7,district,district_13,District 13,major_crime_total,TOTAL,year_to_date,percent_change,percent,2026,2025,1,8.0,0.08,8%,7.54717,matched,,,wilmington-compstat-v2,validated
weekly-2026-09-06-r1,weekly_compstat,2026-08-31,2026-09-06,1,dbbe45b033ef4cf2fb49ddad08594d713238006b06de55043335d71a6b5a0f9c,7,district,district_13,District 13,major_crime_total,TOTAL,year_to_date,percent_change,percent,2026,2024,2,25.0,0.25,25%,,not_checkable,,,wilmington-compstat-v2,validated
weekly-2026-09-06-r1,weekly_compstat,2026-08-31,2026-09-06,1,dbbe45b033ef4cf2fb49ddad08594d713238006b06de55043335d71a6b5a0f9c,7,district,district_13,District 13,major_crime_total,TOTAL,year_to_date,percent_change,percent,2026,2023,3,10.0,0.1,10%,,not_checkable,,,wilmington-compstat-v2,validated
weekly-2026-09-06-r1,weekly_compstat,2026-08-31,2026-09-06,1,dbbe45b033ef4cf2fb49ddad08594d713238006b06de55043335d71a6b5a0f9c,7,district,district_13,District 13,major_crime_total,TOTAL,year_to_date,percent_change,percent,2026,2022,4,2.0,0.02,2%,,not_checkable,,,wilmington-compstat-v2,validated
weekly-2026-09-06-r1,weekly_compstat,2026-08-31,2026-09-06,1,dbbe45b033ef4cf2fb49ddad08594d713238006b06de55043335d71a6b5a0f9c,7,district,district_13,District 13,major_crime_total,TOTAL,year_to_date,percent_change,percent,2026,2021,5,-3.0,-0.03,-3%,,not_checkable,,,wilmington-compstat-v2,validated
weekly-2026-09-06-r1,weekly_compstat,2026-08-31,2026-09-06,1,dbbe45b033ef4cf2fb49ddad08594d713238006b06de55043335d71a6b5a0f9c,7,district,district_13,District 13,major_crime_total,TOTAL,year_to_date,percent_change,percent,2026,2020,6,-14.0,-0.14,-14%,,not_checkable,,,wilmington-compstat-v2,validated
weekly-2026-09-06-r1,weekly_compstat,2026-08-31,2026-09-06,1,dbbe45b033ef4cf2fb49ddad08594d713238006b06de55043335d71a6b5a0f9c,7,district,district_13,District 13,shooting_incidents,Shooting Incidents,last_7_days,count,count,2026,,,0,,0,,not_applicable,,,wilmington-compstat-v2,validated
weekly-2026-09-06-r1,weekly_compstat,2026-08-31,2026-09-06,1,dbbe45b033ef4cf2fb49ddad08594d713238006b06de55043335d71a6b5a0f9c,7,district,district_13,District 13,shooting_incidents,Shooting Incidents,last_7_days,count,count,2025,,,0,,0,,not_applicable,,,wilmington-compstat-v2,validated
weekly-2026-09-06-r1,weekly_compstat,2026-08-31,2026-09-06,1,dbbe45b033ef4cf2fb49ddad08594d713238006b06de55043335d71a6b5a0f9c,7,district,district_13,District 13,shooting_incidents,Shooting Incidents,last_7_days,percent_change,percent,2026,2025,1,,,*,,undefined_zero_denominator,,undefined_zero_denominator,wilmington-compstat-v2,validated
weekly-2026-09-06-r1,weekly_compstat,2026-08-31,2026-09-06,1,dbbe45b033ef4cf2fb49ddad08594d713238006b06de55043335d71a6b5a0f9c,7,district,district_13,District 13,shooting_incidents,Shooting Incidents,last_28_days,count,count,2026,,,1,,1,,not_applicable,,,wilmington-compstat-v2,validated
weekly-2026-09-06-r1,weekly_compstat,2026-08-31,2026-09-06,1,dbbe45b033ef4cf2fb49ddad08594d713238006b06de55043335d71a6b5a0f9c,7,district,district_13,District 13,shooting_incidents,Shooting Incidents,last_28_days,count,count,2025,,,2,,2,,not_applicable,,,wilmington-compstat-v2,validated
weekly-2026-09-06-r1,weekly_compstat,2026-08-31,2026-09-06,1,dbbe45b033ef4cf2fb49ddad08594d713238006b06de55043335d71a6b5a0f9c,7,district,district_13,District 13,shooting_incidents,Shooting Incidents,last_28_days,percent_change,percent,2026,2025,1,-50.0,-0.5,-50%,-50.0,matched,,,wilmington-compstat-v2,validated
weekly-2026-09-06-r1,weekly_compstat,2026-08-31,2026-09-06,1,dbbe45b033ef4cf2fb49ddad08594d713238006b06de55043335d71a6b5a0f9c,7,district,district_13,District 13,shooting_incidents,Shooting Incidents,year_to_date,count,count,2026,,,8,,8,,not_applicable,,,wilmington-compstat-v2,validated
weekly-2026-09-06-r1,weekly_compstat,2026-08-31,2026-09-06,1,dbbe45b033ef4cf2fb49ddad08594d713238006b06de55043335d71a6b5a0f9c,7,district,district_13,District 13,shooting_incidents,Shooting Incidents,year_to_date,count,count,2025,,,8,,8,,not_applicable,,,wilmington-compstat-v2,validated
weekly-2026-09-06-r1,weekly_compstat,2026-08-31,2026-09-06,1,dbbe45b033ef4cf2fb49ddad08594d713238006b06de55043335d71a6b5a0f9c,7,district,district_13,District 13,shooting_incidents,Shooting Incidents,year_to_date,percent_change,percent,2026,2025,1,0.0,0.0,0%,0.0,matched,,,wilmington-compstat-v2,validated
weekly-2026-09-06-r1,weekly_compstat,2026-08-31,2026-09-06,1,dbbe45b033ef4cf2fb49ddad08594d713238006b06de55043335d71a6b5a0f9c,7,district,district_13,District 13,shooting_incidents,Shooting Incidents,year_to_date,percent_change,percent,2026,2024,2,-38.0,-0.38,-38%,,not_checkable,,,wilmington-compstat-v2,validated
weekly-2026-09-06-r1,weekly_compstat,2026-08-31,2026-09-06,1,dbbe45b033ef4cf2fb49ddad08594d713238006b06de55043335d71a6b5a0f9c,7,district,district_13,District 13,shooting_incidents,Shooting Incidents,year_to_date,percent_change,percent,2026,2023,3,-33.0,-0.33,-33%,,not_checkable,,,wilmington-compstat-v2,validated
weekly-2026-09-06-r1,weekly_compstat,2026-08-31,2026-09-06,1,dbbe45b033ef4cf2fb49ddad08594d713238006b06de55043335d71a6b5a0f9c,7,district,district_13,District 13,shooting_incidents,Shooting Incidents,year_to_date,percent_change,percent,2026,2022,4,-43.0,-0.43,-43%,,not_checkable,,,wilmington-compstat-v2,validated
weekly-2026-09-06-r1,weekly_compstat,2026-08-31,2026-09-06,1,dbbe45b033ef4cf2fb49ddad08594d713238006b06de55043335d71a6b5a0f9c,7,district,district_13,District 13,shooting_incidents,Shooting Incidents,year_to_date,percent_change,percent,2026,2021,5,-11.0,-0.11,-11%,,not_checkable,,,wilmington-compstat-v2,validated
weekly-2026-09-06-r1,weekly_compstat,2026-08-31,2026-09-06,1,dbbe45b033ef4cf2fb49ddad08594d713238006b06de55043335d71a6b5a0f9c,7,district,district_13,District 13,shooting_incidents,Shooting Incidents,year_to_date,percent_change,percent,2026,2020,6,-47.0,-0.47,-47%,,not_checkable,,,wilmington-compstat-v2,validated
weekly-2026-09-06-r1,weekly_compstat,2026-08-31,2026-09-06,1,dbbe45b033ef4cf2fb49ddad08594d713238006b06de55043335d71a6b5a0f9c,7,district,district_13,District 13,shooting_victims,Shooting Victims,last_7_days,count,count,2026,,,0,,0,,not_applicable,,,wilmington-compstat-v2,validated
weekly-2026-09-06-r1,weekly_compstat,2026-08-31,2026-09-06,1,dbbe45b033ef4cf2fb49ddad08594d713238006b06de55043335d71a6b5a0f9c,7,district,district_13,District 13,shooting_victims,Shooting Victims,last_7_days,count,count,2025,,,0,,0,,not_applicable,,,wilmington-compstat-v2,validated
weekly-2026-09-06-r1,weekly_compstat,2026-08-31,2026-09-06,1,dbbe45b033ef4cf2fb49ddad08594d713238006b06de55043335d71a6b5a0f9c,7,district,district_13,District 13,shooting_victims,Shooting Victims,last_7_days,percent_change,percent,2026,2025,1,,,*,,undefined_zero_denominator,,undefined_zero_denominator,wilmington-compstat-v2,validated
weekly-2026-09-06-r1,weekly_compstat,2026-08-31,2026-09-06,1,dbbe45b033ef4cf2fb49ddad08594d713238006b06de55043335d71a6b5a0f9c,7,district,district_13,District 13,shooting_victims,Shooting Victims,last_28_days,count,count,2026,,,1,,1,,not_applicable,,,wilmington-compstat-v2,validated
weekly-2026-09-06-r1,weekly_compstat,2026-08-31,2026-09-06,1,dbbe45b033ef4cf2fb49ddad08594d713238006b06de55043335d71a6b5a0f9c,7,district,district_13,District 13,shooting_victims,Shooting Victims,last_28_days,count,count,2025,,,2,,2,,not_applicable,,,wilmington-compstat-v2,validated
weekly-2026-09-06-r1,weekly_compstat,2026-08-31,2026-09-06,1,dbbe45b033ef4cf2fb49ddad08594d713238006b06de55043335d71a6b5a0f9c,7,district,district_13,District 13,shooting_victims,Shooting Victims,last_28_days,percent_change,percent,2026,2025,1,-50.0,-0.5,-50%,-50.0,matched,,,wilmington-compstat-v2,validated
weekly-2026-09-06-r1,weekly_compstat,2026-08-31,2026-09-06,1,dbbe45b033ef4cf2fb49ddad08594d713238006b06de55043335d71a6b5a0f9c,7,district,district_13,District 13,shooting_victims,Shooting Victims,year_to_date,count,count,2026,,,10,,10,,not_applicable,,,wilmington-compstat-v2,validated
weekly-2026-09-06-r1,weekly_compstat,2026-08-31,2026-09-06,1,dbbe45b033ef4cf2fb49ddad08594d713238006b06de55043335d71a6b5a0f9c,7,district,district_13,District 13,shooting_victims,Shooting Victims,year_to_date,count,count,2025,,,11,,11,,not_applicable,,,wilmington-compstat-v2,validated
weekly-2026-09-06-r1,weekly_compstat,2026-08-31,2026-09-06,1,dbbe45b033ef4cf2fb49ddad08594d713238006b06de55043335d71a6b5a0f9c,7,district,district_13,District 13,shooting_victims,Shooting Victims,year_to_date,percent_change,percent,2026,2025,1,-9.0,-0.09,-9%,-9.090909,matched,,,wilmington-compstat-v2,validated
weekly-2026-09-06-r1,weekly_compstat,2026-08-31,2026-09-06,1,dbbe45b033ef4cf2fb49ddad08594d713238006b06de55043335d71a6b5a0f9c,7,district,district_13,District 13,shooting_victims,Shooting Victims,year_to_date,percent_change,percent,2026,2024,2,-33.0,-0.33,-33%,,not_checkable,,,wilmington-compstat-v2,validated
weekly-2026-09-06-r1,weekly_compstat,2026-08-31,2026-09-06,1,dbbe45b033ef4cf2fb49ddad08594d713238006b06de55043335d71a6b5a0f9c,7,district,district_13,District 13,shooting_victims,Shooting Victims,year_to_date,percent_change,percent,2026,2023,3,-38.0,-0.38,-38%,,not_checkable,,,wilmington-compstat-v2,validated
weekly-2026-09-06-r1,weekly_compstat,2026-08-31,2026-09-06,1,dbbe45b033ef4cf2fb49ddad08594d713238006b06de55043335d71a6b5a0f9c,7,district,district_13,District 13,shooting_victims,Shooting Victims,year_to_date,percent_change,percent,2026,2022,4,-41.0,-0.41,-41%,,not_checkable,,,wilmington-compstat-v2,validated
weekly-2026-09-06-r1,weekly_compstat,2026-08-31,2026-09-06,1,dbbe45b033ef4cf2fb49ddad08594d713238006b06de55043335d71a6b5a0f9c,7,district,district_13,District 13,shooting_victims,Shooting Victims,year_to_date,percent_change,percent,2026,2021,5,-29.0,-0.29,-29%,,not_checkable,,,wilmington-compstat-v2,validated
weekly-2026-09-06-r1,weekly_compstat,2026-08-31,2026-09-06,1,dbbe45b033ef4cf2fb49ddad08594d713238006b06de55043335d71a6b5a0f9c,7,district,district_13,District 13,shooting_victims,Shooting Victims,year_to_date,percent_change,percent,2026,2020,6,-50.0,-0.5,-50%,,not_checkable,,,wilmington-compstat-v2,validated
weekly-2026-09-06-r1,weekly_compstat,2026-08-31,2026-09-06,1,dbbe45b033ef4cf2fb49ddad08594d713238006b06de55043335d71a6b5a0f9c,7,district,district_13,District 13,juvenile_shooting_incidents,*Juv Shooting Incidents,last_7_days,count,count,2026,,,0,,0,,not_applicable,,,wilmington-compstat-v2,validated
weekly-2026-09-06-r1,weekly_compstat,2026-08-31,2026-09-06,1,dbbe45b033ef4cf2fb49ddad08594d713238006b06de55043335d71a6b5a0f9c,7,district,district_13,District 13,juvenile_shooting_incidents,*Juv Shooting Incidents,last_7_days,count,count,2025,,,0,,0,,not_applicable,,,wilmington-compstat-v2,validated
weekly-2026-09-06-r1,weekly_compstat,2026-08-31,2026-09-06,1,dbbe45b033ef4cf2fb49ddad08594d713238006b06de55043335d71a6b5a0f9c,7,district,district_13,District 13,juvenile_shooting_incidents,*Juv Shooting Incidents,last_7_days,percent_change,percent,2026,2025,1,,,*,,undefined_zero_denominator,,undefined_zero_denominator,wilmington-compstat-v2,validated
weekly-2026-09-06-r1,weekly_compstat,2026-08-31,2026-09-06,1,dbbe45b033ef4cf2fb49ddad08594d713238006b06de55043335d71a6b5a0f9c,7,district,district_13,District 13,juvenile_shooting_incidents,*Juv Shooting Incidents,last_28_days,count,count,2026,,,0,,0,,not_applicable,,,wilmington-compstat-v2,validated
weekly-2026-09-06-r1,weekly_compstat,2026-08-31,2026-09-06,1,dbbe45b033ef4cf2fb49ddad08594d713238006b06de55043335d71a6b5a0f9c,7,district,district_13,District 13,juvenile_shooting_incidents,*Juv Shooting Incidents,last_28_days,count,count,2025,,,0,,0,,not_applicable,,,wilmington-compstat-v2,validated
weekly-2026-09-06-r1,weekly_compstat,2026-08-31,2026-09-06,1,dbbe45b033ef4cf2fb49ddad08594d713238006b06de55043335d71a6b5a0f9c,7,district,district_13,District 13,juvenile_shooting_incidents,*Juv Shooting Incidents,last_28_days,percent_change,percent,2026,2025,1,,,*,,undefined_zero_denominator,,undefined_zero_denominator,wilmington-compstat-v2,validated
weekly-2026-09-06-r1,weekly_compstat,2026-08-31,2026-09-06,1,dbbe45b033ef4cf2fb49ddad08594d713238006b06de55043335d71a6b5a0f9c,7,district,district_13,District 13,juvenile_shooting_incidents,*Juv Shooting Incidents,year_to_date,count,count,2026,,,2,,2,,not_applicable,,,wilmington-compstat-v2,validated
weekly-2026-09-06-r1,weekly_compstat,2026-08-31,2026-09-06,1,dbbe45b033ef4cf2fb49ddad08594d713238006b06de55043335d71a6b5a0f9c,7,district,district_13,District 13,juvenile_shooting_incidents,*Juv Shooting Incidents,year_to_date,count,count,2025,,,1,,1,,not_applicable,,,wilmington-compstat-v2,validated
weekly-2026-09-06-r1,weekly_compstat,2026-08-31,2026-09-06,1,dbbe45b033ef4cf2fb49ddad08594d713238006b06de55043335d71a6b5a0f9c,7,district,district_13,District 13,juvenile_shooting_incidents,*Juv Shooting Incidents,year_to_date,percent_change,percent,2026,2025,1,100.0,1.0,100%,100.0,matched,,,wilmington-compstat-v2,validated
weekly-2026-09-06-r1,weekly_compstat,2026-08-31,2026-09-06,1,dbbe45b033ef4cf2fb49ddad08594d713238006b06de55043335d71a6b5a0f9c,7,district,district_13,District 13,juvenile_shooting_incidents,*Juv Shooting Incidents,year_to_date,percent_change,percent,2026,2024,2,0.0,0.0,0%,,not_checkable,,,wilmington-compstat-v2,validated
weekly-2026-09-06-r1,weekly_compstat,2026-08-31,2026-09-06,1,dbbe45b033ef4cf2fb49ddad08594d713238006b06de55043335d71a6b5a0f9c,7,district,district_13,District 13,juvenile_shooting_incidents,*Juv Shooting Incidents,year_to_date,percent_change,percent,2026,2023,3,100.0,1.0,100%,,not_checkable,,,wilmington-compstat-v2,validated
weekly-2026-09-06-r1,weekly_compstat,2026-08-31,2026-09-06,1,dbbe45b033ef4cf2fb49ddad08594d713238006b06de55043335d71a6b5a0f9c,7,district,district_13,District 13,juvenile_shooting_incidents,*Juv Shooting Incidents,year_to_date,percent_change,percent,2026,2022,4,0.0,0.0,0%,,not_checkable,,,wilmington-compstat-v2,validated
weekly-2026-09-06-r1,weekly_compstat,2026-08-31,2026-09-06,1,dbbe45b033ef4cf2fb49ddad08594d713238006b06de55043335d71a6b5a0f9c,7,district,district_13,District 13,juvenile_shooting_incidents,*Juv Shooting Incidents,year_to_date,percent_change,percent,2026,2021,5,,,*,,not_checkable,,undefined_zero_denominator,wilmington-compstat-v2,validated
weekly-2026-09-06-r1,weekly_compstat,2026-08-31,2026-09-06,1,dbbe45b033ef4cf2fb49ddad08594d713238006b06de55043335d71a6b5a0f9c,7,district,district_13,District 13,juvenile_shooting_incidents,*Juv Shooting Incidents,year_to_date,percent_change,percent,2026,2020,6,,,*,,not_checkable,,undefined_zero_denominator,wilmington-compstat-v2,validated
weekly-2026-09-06-r1,weekly_compstat,2026-08-31,2026-09-06,1,dbbe45b033ef4cf2fb49ddad08594d713238006b06de55043335d71a6b5a0f9c,7,district,district_13,District 13,juvenile_shooting_victims,*Juv Shooting Victims,last_7_days,count,count,2026,,,0,,0,,not_applicable,,,wilmington-compstat-v2,validated
weekly-2026-09-06-r1,weekly_compstat,2026-08-31,2026-09-06,1,dbbe45b033ef4cf2fb49ddad08594d713238006b06de55043335d71a6b5a0f9c,7,district,district_13,District 13,juvenile_shooting_victims,*Juv Shooting Victims,last_7_days,count,count,2025,,,0,,0,,not_applicable,,,wilmington-compstat-v2,validated
weekly-2026-09-06-r1,weekly_compstat,2026-08-31,2026-09-06,1,dbbe45b033ef4cf2fb49ddad08594d713238006b06de55043335d71a6b5a0f9c,7,district,district_13,District 13,juvenile_shooting_victims,*Juv Shooting Victims,last_7_days,percent_change,percent,2026,2025,1,,,*,,undefined_zero_denominator,,undefined_zero_denominator,wilmington-compstat-v2,validated
weekly-2026-09-06-r1,weekly_compstat,2026-08-31,2026-09-06,1,dbbe45b033ef4cf2fb49ddad08594d713238006b06de55043335d71a6b5a0f9c,7,district,district_13,District 13,juvenile_shooting_victims,*Juv Shooting Victims,last_28_days,count,count,2026,,,0,,0,,not_applicable,,,wilmington-compstat-v2,validated
weekly-2026-09-06-r1,weekly_compstat,2026-08-31,2026-09-06,1,dbbe45b033ef4cf2fb49ddad08594d713238006b06de55043335d71a6b5a0f9c,7,district,district_13,District 13,juvenile_shooting_victims,*Juv Shooting Victims,last_28_days,count,count,2025,,,0,,0,,not_applicable,,,wilmington-compstat-v2,validated
weekly-2026-09-06-r1,weekly_compstat,2026-08-31,2026-09-06,1,dbbe45b033ef4cf2fb49ddad08594d713238006b06de55043335d71a6b5a0f9c,7,district,district_13,District 13,juvenile_shooting_victims,*Juv Shooting Victims,last_28_days,percent_change,percent,2026,2025,1,,,*,,undefined_zero_denominator,,undefined_zero_denominator,wilmington-compstat-v2,validated
weekly-2026-09-06-r1,weekly_compstat,2026-08-31,2026-09-06,1,dbbe45b033ef4cf2fb49ddad08594d713238006b06de55043335d71a6b5a0f9c,7,district,district_13,District 13,juvenile_shooting_victims,*Juv Shooting Victims,year_to_date,count,count,2026,,,2,,2,,not_applicable,,,wilmington-compstat-v2,validated
weekly-2026-09-06-r1,weekly_compstat,2026-08-31,2026-09-06,1,dbbe45b033ef4cf2fb49ddad08594d713238006b06de55043335d71a6b5a0f9c,7,district,district_13,District 13,juvenile_shooting_victims,*Juv Shooting Victims,year_to_date,count,count,2025,,,1,,1,,not_applicable,,,wilmington-compstat-v2,validated
weekly-2026-09-06-r1,weekly_compstat,2026-08-31,2026-09-06,1,dbbe45b033ef4cf2fb49ddad08594d713238006b06de55043335d71a6b5a0f9c,7,district,district_13,District 13,juvenile_shooting_victims,*Juv Shooting Victims,year_to_date,percent_change,percent,2026,2025,1,100.0,1.0,100%,100.0,matched,,,wilmington-compstat-v2,validated
weekly-2026-09-06-r1,weekly_compstat,2026-08-31,2026-09-06,1,dbbe45b033ef4cf2fb49ddad08594d713238006b06de55043335d71a6b5a0f9c,7,district,district_13,District 13,juvenile_shooting_victims,*Juv Shooting Victims,year_to_date,percent_change,percent,2026,2024,2,0.0,0.0,0%,,not_checkable,,,wilmington-compstat-v2,validated
weekly-2026-09-06-r1,weekly_compstat,2026-08-31,2026-09-06,1,dbbe45b033ef4cf2fb49ddad08594d713238006b06de55043335d71a6b5a0f9c,7,district,district_13,District 13,juvenile_shooting_victims,*Juv Shooting Victims,year_to_date,percent_change,percent,2026,2023,3,100.0,1.0,100%,,not_checkable,,,wilmington-compstat-v2,validated
weekly-2026-09-06-r1,weekly_compstat,2026-08-31,2026-09-06,1,dbbe45b033ef4cf2fb49ddad08594d713238006b06de55043335d71a6b5a0f9c,7,district,district_13,District 13,juvenile_shooting_victims,*Juv Shooting Victims,year_to_date,percent_change,percent,2026,2022,4,-33.0,-0.33,-33%,,not_checkable,,,wilmington-compstat-v2,validated
weekly-2026-09-06-r1,weekly_compstat,2026-08-31,2026-09-06,1,dbbe45b033ef4cf2fb49ddad08594d713238006b06de55043335d71a6b5a0f9c,7,district,district_13,District 13,juvenile_shooting_victims,*Juv Shooting Victims,year_to_date,percent_change,percent,2026,2021,5,,,*,,not_checkable,,undefined_zero_denominator,wilmington-compstat-v2,validated
weekly-2026-09-06-r1,weekly_compstat,2026-08-31,2026-09-06,1,dbbe45b033ef4cf2fb49ddad08594d713238006b06de55043335d71a6b5a0f9c,7,district,district_13,District 13,juvenile_shooting_victims,*Juv Shooting Victims,year_to_date,percent_change,percent,2026,2020,6,,,*,,not_checkable,,undefined_zero_denominator,wilmington-compstat-v2,validated
weekly-2026-09-06-r1,weekly_compstat,2026-08-31,2026-09-06,1,dbbe45b033ef4cf2fb49ddad08594d713238006b06de55043335d71a6b5a0f9c,7,district,district_13,District 13,misdemeanor_theft,Theft (Misdemeanor),last_7_days,count,count,2026,,,3,,3,,not_applicable,,,wilmington-compstat-v2,validated
weekly-2026-09-06-r1,weekly_compstat,2026-08-31,2026-09-06,1,dbbe45b033ef4cf2fb49ddad08594d713238006b06de55043335d71a6b5a0f9c,7,district,district_13,District 13,misdemeanor_theft,Theft (Misdemeanor),last_7_days,count,count,2025,,,0,,0,,not_applicable,,,wilmington-compstat-v2,validated
weekly-2026-09-06-r1,weekly_compstat,2026-08-31,2026-09-06,1,dbbe45b033ef4cf2fb49ddad08594d713238006b06de55043335d71a6b5a0f9c,7,district,district_13,District 13,misdemeanor_theft,Theft (Misdemeanor),last_7_days,percent_change,percent,2026,2025,1,,,*,,undefined_zero_denominator,,undefined_zero_denominator,wilmington-compstat-v2,validated
weekly-2026-09-06-r1,weekly_compstat,2026-08-31,2026-09-06,1,dbbe45b033ef4cf2fb49ddad08594d713238006b06de55043335d71a6b5a0f9c,7,district,district_13,District 13,misdemeanor_theft,Theft (Misdemeanor),last_28_days,count,count,2026,,,6,,6,,not_applicable,,,wilmington-compstat-v2,validated
weekly-2026-09-06-r1,weekly_compstat,2026-08-31,2026-09-06,1,dbbe45b033ef4cf2fb49ddad08594d713238006b06de55043335d71a6b5a0f9c,7,district,district_13,District 13,misdemeanor_theft,Theft (Misdemeanor),last_28_days,count,count,2025,,,1,,1,,not_applicable,,,wilmington-compstat-v2,validated
weekly-2026-09-06-r1,weekly_compstat,2026-08-31,2026-09-06,1,dbbe45b033ef4cf2fb49ddad08594d713238006b06de55043335d71a6b5a0f9c,7,district,district_13,District 13,misdemeanor_theft,Theft (Misdemeanor),last_28_days,percent_change,percent,2026,2025,1,500.0,5.0,500%,500.0,matched,,,wilmington-compstat-v2,validated
weekly-2026-09-06-r1,weekly_compstat,2026-08-31,2026-09-06,1,dbbe45b033ef4cf2fb49ddad08594d713238006b06de55043335d71a6b5a0f9c,7,district,district_13,District 13,misdemeanor_theft,Theft (Misdemeanor),year_to_date,count,count,2026,,,58,,58,,not_applicable,,,wilmington-compstat-v2,validated
weekly-2026-09-06-r1,weekly_compstat,2026-08-31,2026-09-06,1,dbbe45b033ef4cf2fb49ddad08594d713238006b06de55043335d71a6b5a0f9c,7,district,district_13,District 13,misdemeanor_theft,Theft (Misdemeanor),year_to_date,count,count,2025,,,49,,49,,not_applicable,,,wilmington-compstat-v2,validated
weekly-2026-09-06-r1,weekly_compstat,2026-08-31,2026-09-06,1,dbbe45b033ef4cf2fb49ddad08594d713238006b06de55043335d71a6b5a0f9c,7,district,district_13,District 13,misdemeanor_theft,Theft (Misdemeanor),year_to_date,percent_change,percent,2026,2025,1,18.0,0.18,18%,18.367347,matched,,,wilmington-compstat-v2,validated
weekly-2026-09-06-r1,weekly_compstat,2026-08-31,2026-09-06,1,dbbe45b033ef4cf2fb49ddad08594d713238006b06de55043335d71a6b5a0f9c,7,district,district_13,District 13,misdemeanor_theft,Theft (Misdemeanor),year_to_date,percent_change,percent,2026,2024,2,32.0,0.32,32%,,not_checkable,,,wilmington-compstat-v2,validated
weekly-2026-09-06-r1,weekly_compstat,2026-08-31,2026-09-06,1,dbbe45b033ef4cf2fb49ddad08594d713238006b06de55043335d71a6b5a0f9c,7,district,district_13,District 13,misdemeanor_theft,Theft (Misdemeanor),year_to_date,percent_change,percent,2026,2023,3,49.0,0.49,49%,,not_checkable,,,wilmington-compstat-v2,validated
weekly-2026-09-06-r1,weekly_compstat,2026-08-31,2026-09-06,1,dbbe45b033ef4cf2fb49ddad08594d713238006b06de55043335d71a6b5a0f9c,7,district,district_13,District 13,misdemeanor_theft,Theft (Misdemeanor),year_to_date,percent_change,percent,2026,2022,4,21.0,0.21,21%,,not_checkable,,,wilmington-compstat-v2,validated
weekly-2026-09-06-r1,weekly_compstat,2026-08-31,2026-09-06,1,dbbe45b033ef4cf2fb49ddad08594d713238006b06de55043335d71a6b5a0f9c,7,district,district_13,District 13,misdemeanor_theft,Theft (Misdemeanor),year_to_date,percent_change,percent,2026,2021,5,12.0,0.12,12%,,not_checkable,,,wilmington-compstat-v2,validated
weekly-2026-09-06-r1,weekly_compstat,2026-08-31,2026-09-06,1,dbbe45b033ef4cf2fb49ddad08594d713238006b06de55043335d71a6b5a0f9c,7,district,district_13,District 13,misdemeanor_theft,Theft (Misdemeanor),year_to_date,percent_change,percent,2026,2020,6,4.0,0.04,4%,,not_checkable,,,wilmington-compstat-v2,validated
weekly-2026-09-06-r1,weekly_compstat,2026-08-31,2026-09-06,1,dbbe45b033ef4cf2fb49ddad08594d713238006b06de55043335d71a6b5a0f9c,9,district,district_14,District 14,murder,Murder,last_7_days,count,count,2026,,,0,,0,,not_applicable,,,wilmington-compstat-v2,validated
weekly-2026-09-06-r1,weekly_compstat,2026-08-31,2026-09-06,1,dbbe45b033ef4cf2fb49ddad08594d713238006b06de55043335d71a6b5a0f9c,9,district,district_14,District 14,murder,Murder,last_7_days,count,count,2025,,,0,,0,,not_applicable,,,wilmington-compstat-v2,validated
weekly-2026-09-06-r1,weekly_compstat,2026-08-31,2026-09-06,1,dbbe45b033ef4cf2fb49ddad08594d713238006b06de55043335d71a6b5a0f9c,9,district,district_14,District 14,murder,Murder,last_7_days,percent_change,percent,2026,2025,1,,,*,,undefined_zero_denominator,,undefined_zero_denominator,wilmington-compstat-v2,validated
weekly-2026-09-06-r1,weekly_compstat,2026-08-31,2026-09-06,1,dbbe45b033ef4cf2fb49ddad08594d713238006b06de55043335d71a6b5a0f9c,9,district,district_14,District 14,murder,Murder,last_28_days,count,count,2026,,,0,,0,,not_applicable,,,wilmington-compstat-v2,validated
weekly-2026-09-06-r1,weekly_compstat,2026-08-31,2026-09-06,1,dbbe45b033ef4cf2fb49ddad08594d713238006b06de55043335d71a6b5a0f9c,9,district,district_14,District 14,murder,Murder,last_28_days,count,count,2025,,,0,,0,,not_applicable,,,wilmington-compstat-v2,validated
weekly-2026-09-06-r1,weekly_compstat,2026-08-31,2026-09-06,1,dbbe45b033ef4cf2fb49ddad08594d713238006b06de55043335d71a6b5a0f9c,9,district,district_14,District 14,murder,Murder,last_28_days,percent_change,percent,2026,2025,1,,,*,,undefined_zero_denominator,,undefined_zero_denominator,wilmington-compstat-v2,validated
weekly-2026-09-06-r1,weekly_compstat,2026-08-31,2026-09-06,1,dbbe45b033ef4cf2fb49ddad08594d713238006b06de55043335d71a6b5a0f9c,9,district,district_14,District 14,murder,Murder,year_to_date,count,count,2026,,,0,,0,,not_applicable,,,wilmington-compstat-v2,validated
weekly-2026-09-06-r1,weekly_compstat,2026-08-31,2026-09-06,1,dbbe45b033ef4cf2fb49ddad08594d713238006b06de55043335d71a6b5a0f9c,9,district,district_14,District 14,murder,Murder,year_to_date,count,count,2025,,,3,,3,,not_applicable,,,wilmington-compstat-v2,validated
weekly-2026-09-06-r1,weekly_compstat,2026-08-31,2026-09-06,1,dbbe45b033ef4cf2fb49ddad08594d713238006b06de55043335d71a6b5a0f9c,9,district,district_14,District 14,murder,Murder,year_to_date,percent_change,percent,2026,2025,1,-100.0,-1.0,-100%,-100.0,matched,,,wilmington-compstat-v2,validated
weekly-2026-09-06-r1,weekly_compstat,2026-08-31,2026-09-06,1,dbbe45b033ef4cf2fb49ddad08594d713238006b06de55043335d71a6b5a0f9c,9,district,district_14,District 14,murder,Murder,year_to_date,percent_change,percent,2026,2024,2,,,*,,not_checkable,,undefined_zero_denominator,wilmington-compstat-v2,validated
weekly-2026-09-06-r1,weekly_compstat,2026-08-31,2026-09-06,1,dbbe45b033ef4cf2fb49ddad08594d713238006b06de55043335d71a6b5a0f9c,9,district,district_14,District 14,murder,Murder,year_to_date,percent_change,percent,2026,2023,3,,,*,,not_checkable,,undefined_zero_denominator,wilmington-compstat-v2,validated
weekly-2026-09-06-r1,weekly_compstat,2026-08-31,2026-09-06,1,dbbe45b033ef4cf2fb49ddad08594d713238006b06de55043335d71a6b5a0f9c,9,district,district_14,District 14,murder,Murder,year_to_date,percent_change,percent,2026,2022,4,-100.0,-1.0,-100%,,not_checkable,,,wilmington-compstat-v2,validated
weekly-2026-09-06-r1,weekly_compstat,2026-08-31,2026-09-06,1,dbbe45b033ef4cf2fb49ddad08594d713238006b06de55043335d71a6b5a0f9c,9,district,district_14,District 14,murder,Murder,year_to_date,percent_change,percent,2026,2021,5,-100.0,-1.0,-100%,,not_checkable,,,wilmington-compstat-v2,validated
weekly-2026-09-06-r1,weekly_compstat,2026-08-31,2026-09-06,1,dbbe45b033ef4cf2fb49ddad08594d713238006b06de55043335d71a6b5a0f9c,9,district,district_14,District 14,murder,Murder,year_to_date,percent_change,percent,2026,2020,6,,,*,,not_checkable,,undefined_zero_denominator,wilmington-compstat-v2,validated
weekly-2026-09-06-r1,weekly_compstat,2026-08-31,2026-09-06,1,dbbe45b033ef4cf2fb49ddad08594d713238006b06de55043335d71a6b5a0f9c,9,district,district_14,District 14,rape,Rape,last_7_days,count,count,2026,,,0,,0,,not_applicable,,,wilmington-compstat-v2,validated
weekly-2026-09-06-r1,weekly_compstat,2026-08-31,2026-09-06,1,dbbe45b033ef4cf2fb49ddad08594d713238006b06de55043335d71a6b5a0f9c,9,district,district_14,District 14,rape,Rape,last_7_days,count,count,2025,,,0,,0,,not_applicable,,,wilmington-compstat-v2,validated
weekly-2026-09-06-r1,weekly_compstat,2026-08-31,2026-09-06,1,dbbe45b033ef4cf2fb49ddad08594d713238006b06de55043335d71a6b5a0f9c,9,district,district_14,District 14,rape,Rape,last_7_days,percent_change,percent,2026,2025,1,,,*,,undefined_zero_denominator,,undefined_zero_denominator,wilmington-compstat-v2,validated
weekly-2026-09-06-r1,weekly_compstat,2026-08-31,2026-09-06,1,dbbe45b033ef4cf2fb49ddad08594d713238006b06de55043335d71a6b5a0f9c,9,district,district_14,District 14,rape,Rape,last_28_days,count,count,2026,,,0,,0,,not_applicable,,,wilmington-compstat-v2,validated
weekly-2026-09-06-r1,weekly_compstat,2026-08-31,2026-09-06,1,dbbe45b033ef4cf2fb49ddad08594d713238006b06de55043335d71a6b5a0f9c,9,district,district_14,District 14,rape,Rape,last_28_days,count,count,2025,,,0,,0,,not_applicable,,,wilmington-compstat-v2,validated
weekly-2026-09-06-r1,weekly_compstat,2026-08-31,2026-09-06,1,dbbe45b033ef4cf2fb49ddad08594d713238006b06de55043335d71a6b5a0f9c,9,district,district_14,District 14,rape,Rape,last_28_days,percent_change,percent,2026,2025,1,,,*,,undefined_zero_denominator,,undefined_zero_denominator,wilmington-compstat-v2,validated
weekly-2026-09-06-r1,weekly_compstat,2026-08-31,2026-09-06,1,dbbe45b033ef4cf2fb49ddad08594d713238006b06de55043335d71a6b5a0f9c,9,district,district_14,District 14,rape,Rape,year_to_date,count,count,2026,,,0,,0,,not_applicable,,,wilmington-compstat-v2,validated
weekly-2026-09-06-r1,weekly_compstat,2026-08-31,2026-09-06,1,dbbe45b033ef4cf2fb49ddad08594d713238006b06de55043335d71a6b5a0f9c,9,district,district_14,District 14,rape,Rape,year_to_date,count,count,2025,,,1,,1,,not_applicable,,,wilmington-compstat-v2,validated
weekly-2026-09-06-r1,weekly_compstat,2026-08-31,2026-09-06,1,dbbe45b033ef4cf2fb49ddad08594d713238006b06de55043335d71a6b5a0f9c,9,district,district_14,District 14,rape,Rape,year_to_date,percent_change,percent,2026,2025,1,-100.0,-1.0,-100%,-100.0,matched,,,wilmington-compstat-v2,validated
weekly-2026-09-06-r1,weekly_compstat,2026-08-31,2026-09-06,1,dbbe45b033ef4cf2fb49ddad08594d713238006b06de55043335d71a6b5a0f9c,9,district,district_14,District 14,rape,Rape,year_to_date,percent_change,percent,2026,2024,2,,,*,,not_checkable,,undefined_zero_denominator,wilmington-compstat-v2,validated
weekly-2026-09-06-r1,weekly_compstat,2026-08-31,2026-09-06,1,dbbe45b033ef4cf2fb49ddad08594d713238006b06de55043335d71a6b5a0f9c,9,district,district_14,District 14,rape,Rape,year_to_date,percent_change,percent,2026,2023,3,,,*,,not_checkable,,undefined_zero_denominator,wilmington-compstat-v2,validated
weekly-2026-09-06-r1,weekly_compstat,2026-08-31,2026-09-06,1,dbbe45b033ef4cf2fb49ddad08594d713238006b06de55043335d71a6b5a0f9c,9,district,district_14,District 14,rape,Rape,year_to_date,percent_change,percent,2026,2022,4,-100.0,-1.0,-100%,,not_checkable,,,wilmington-compstat-v2,validated
weekly-2026-09-06-r1,weekly_compstat,2026-08-31,2026-09-06,1,dbbe45b033ef4cf2fb49ddad08594d713238006b06de55043335d71a6b5a0f9c,9,district,district_14,District 14,rape,Rape,year_to_date,percent_change,percent,2026,2021,5,-100.0,-1.0,-100%,,not_checkable,,,wilmington-compstat-v2,validated
weekly-2026-09-06-r1,weekly_compstat,2026-08-31,2026-09-06,1,dbbe45b033ef4cf2fb49ddad08594d713238006b06de55043335d71a6b5a0f9c,9,district,district_14,District 14,rape,Rape,year_to_date,percent_change,percent,2026,2020,6,-100.0,-1.0,-100%,,not_checkable,,,wilmington-compstat-v2,validated
weekly-2026-09-06-r1,weekly_compstat,2026-08-31,2026-09-06,1,dbbe45b033ef4cf2fb49ddad08594d713238006b06de55043335d71a6b5a0f9c,9,district,district_14,District 14,robbery,Robbery,last_7_days,count,count,2026,,,0,,0,,not_applicable,,,wilmington-compstat-v2,validated
weekly-2026-09-06-r1,weekly_compstat,2026-08-31,2026-09-06,1,dbbe45b033ef4cf2fb49ddad08594d713238006b06de55043335d71a6b5a0f9c,9,district,district_14,District 14,robbery,Robbery,last_7_days,count,count,2025,,,0,,0,,not_applicable,,,wilmington-compstat-v2,validated
weekly-2026-09-06-r1,weekly_compstat,2026-08-31,2026-09-06,1,dbbe45b033ef4cf2fb49ddad08594d713238006b06de55043335d71a6b5a0f9c,9,district,district_14,District 14,robbery,Robbery,last_7_days,percent_change,percent,2026,2025,1,,,*,,undefined_zero_denominator,,undefined_zero_denominator,wilmington-compstat-v2,validated
weekly-2026-09-06-r1,weekly_compstat,2026-08-31,2026-09-06,1,dbbe45b033ef4cf2fb49ddad08594d713238006b06de55043335d71a6b5a0f9c,9,district,district_14,District 14,robbery,Robbery,last_28_days,count,count,2026,,,0,,0,,not_applicable,,,wilmington-compstat-v2,validated
weekly-2026-09-06-r1,weekly_compstat,2026-08-31,2026-09-06,1,dbbe45b033ef4cf2fb49ddad08594d713238006b06de55043335d71a6b5a0f9c,9,district,district_14,District 14,robbery,Robbery,last_28_days,count,count,2025,,,0,,0,,not_applicable,,,wilmington-compstat-v2,validated
weekly-2026-09-06-r1,weekly_compstat,2026-08-31,2026-09-06,1,dbbe45b033ef4cf2fb49ddad08594d713238006b06de55043335d71a6b5a0f9c,9,district,district_14,District 14,robbery,Robbery,last_28_days,percent_change,percent,2026,2025,1,0.0,0.0,0%,,undefined_zero_denominator,,,wilmington-compstat-v2,validated
weekly-2026-09-06-r1,weekly_compstat,2026-08-31,2026-09-06,1,dbbe45b033ef4cf2fb49ddad08594d713238006b06de55043335d71a6b5a0f9c,9,district,district_14,District 14,robbery,Robbery,year_to_date,count,count,2026,,,6,,6,,not_applicable,,,wilmington-compstat-v2,validated
weekly-2026-09-06-r1,weekly_compstat,2026-08-31,2026-09-06,1,dbbe45b033ef4cf2fb49ddad08594d713238006b06de55043335d71a6b5a0f9c,9,district,district_14,District 14,robbery,Robbery,year_to_date,count,count,2025,,,11,,11,,not_applicable,,,wilmington-compstat-v2,validated
weekly-2026-09-06-r1,weekly_compstat,2026-08-31,2026-09-06,1,dbbe45b033ef4cf2fb49ddad08594d713238006b06de55043335d71a6b5a0f9c,9,district,district_14,District 14,robbery,Robbery,year_to_date,percent_change,percent,2026,2025,1,-45.0,-0.45,-45%,-45.454545,matched,,,wilmington-compstat-v2,validated
weekly-2026-09-06-r1,weekly_compstat,2026-08-31,2026-09-06,1,dbbe45b033ef4cf2fb49ddad08594d713238006b06de55043335d71a6b5a0f9c,9,district,district_14,District 14,robbery,Robbery,year_to_date,percent_change,percent,2026,2024,2,-54.0,-0.54,-54%,,not_checkable,,,wilmington-compstat-v2,validated
weekly-2026-09-06-r1,weekly_compstat,2026-08-31,2026-09-06,1,dbbe45b033ef4cf2fb49ddad08594d713238006b06de55043335d71a6b5a0f9c,9,district,district_14,District 14,robbery,Robbery,year_to_date,percent_change,percent,2026,2023,3,-60.0,-0.6,-60%,,not_checkable,,,wilmington-compstat-v2,validated
weekly-2026-09-06-r1,weekly_compstat,2026-08-31,2026-09-06,1,dbbe45b033ef4cf2fb49ddad08594d713238006b06de55043335d71a6b5a0f9c,9,district,district_14,District 14,robbery,Robbery,year_to_date,percent_change,percent,2026,2022,4,-67.0,-0.67,-67%,,not_checkable,,,wilmington-compstat-v2,validated
weekly-2026-09-06-r1,weekly_compstat,2026-08-31,2026-09-06,1,dbbe45b033ef4cf2fb49ddad08594d713238006b06de55043335d71a6b5a0f9c,9,district,district_14,District 14,robbery,Robbery,year_to_date,percent_change,percent,2026,2021,5,-67.0,-0.67,-67%,,not_checkable,,,wilmington-compstat-v2,validated
weekly-2026-09-06-r1,weekly_compstat,2026-08-31,2026-09-06,1,dbbe45b033ef4cf2fb49ddad08594d713238006b06de55043335d71a6b5a0f9c,9,district,district_14,District 14,robbery,Robbery,year_to_date,percent_change,percent,2026,2020,6,-79.0,-0.79,-79%,,not_checkable,,,wilmington-compstat-v2,validated
weekly-2026-09-06-r1,weekly_compstat,2026-08-31,2026-09-06,1,dbbe45b033ef4cf2fb49ddad08594d713238006b06de55043335d71a6b5a0f9c,9,district,district_14,District 14,aggravated_assault,Agg. Assault,last_7_days,count,count,2026,,,0,,0,,not_applicable,,,wilmington-compstat-v2,validated
weekly-2026-09-06-r1,weekly_compstat,2026-08-31,2026-09-06,1,dbbe45b033ef4cf2fb49ddad08594d713238006b06de55043335d71a6b5a0f9c,9,district,district_14,District 14,aggravated_assault,Agg. Assault,last_7_days,count,count,2025,,,3,,3,,not_applicable,,,wilmington-compstat-v2,validated
weekly-2026-09-06-r1,weekly_compstat,2026-08-31,2026-09-06,1,dbbe45b033ef4cf2fb49ddad08594d713238006b06de55043335d71a6b5a0f9c,9,district,district_14,District 14,aggravated_assault,Agg. Assault,last_7_days,percent_change,percent,2026,2025,1,-100.0,-1.0,-100%,-100.0,matched,,,wilmington-compstat-v2,validated
weekly-2026-09-06-r1,weekly_compstat,2026-08-31,2026-09-06,1,dbbe45b033ef4cf2fb49ddad08594d713238006b06de55043335d71a6b5a0f9c,9,district,district_14,District 14,aggravated_assault,Agg. Assault,last_28_days,count,count,2026,,,3,,3,,not_applicable,,,wilmington-compstat-v2,validated
weekly-2026-09-06-r1,weekly_compstat,2026-08-31,2026-09-06,1,dbbe45b033ef4cf2fb49ddad08594d713238006b06de55043335d71a6b5a0f9c,9,district,district_14,District 14,aggravated_assault,Agg. Assault,last_28_days,count,count,2025,,,8,,8,,not_applicable,,,wilmington-compstat-v2,validated
weekly-2026-09-06-r1,weekly_compstat,2026-08-31,2026-09-06,1,dbbe45b033ef4cf2fb49ddad08594d713238006b06de55043335d71a6b5a0f9c,9,district,district_14,District 14,aggravated_assault,Agg. Assault,last_28_days,percent_change,percent,2026,2025,1,-63.0,-0.63,-63%,-62.5,matched,,,wilmington-compstat-v2,validated
weekly-2026-09-06-r1,weekly_compstat,2026-08-31,2026-09-06,1,dbbe45b033ef4cf2fb49ddad08594d713238006b06de55043335d71a6b5a0f9c,9,district,district_14,District 14,aggravated_assault,Agg. Assault,year_to_date,count,count,2026,,,38,,38,,not_applicable,,,wilmington-compstat-v2,validated
weekly-2026-09-06-r1,weekly_compstat,2026-08-31,2026-09-06,1,dbbe45b033ef4cf2fb49ddad08594d713238006b06de55043335d71a6b5a0f9c,9,district,district_14,District 14,aggravated_assault,Agg. Assault,year_to_date,count,count,2025,,,41,,41,,not_applicable,,,wilmington-compstat-v2,validated
weekly-2026-09-06-r1,weekly_compstat,2026-08-31,2026-09-06,1,dbbe45b033ef4cf2fb49ddad08594d713238006b06de55043335d71a6b5a0f9c,9,district,district_14,District 14,aggravated_assault,Agg. Assault,year_to_date,percent_change,percent,2026,2025,1,-7.0,-0.07,-7%,-7.317073,matched,,,wilmington-compstat-v2,validated
weekly-2026-09-06-r1,weekly_compstat,2026-08-31,2026-09-06,1,dbbe45b033ef4cf2fb49ddad08594d713238006b06de55043335d71a6b5a0f9c,9,district,district_14,District 14,aggravated_assault,Agg. Assault,year_to_date,percent_change,percent,2026,2024,2,-3.0,-0.03,-3%,,not_checkable,,,wilmington-compstat-v2,validated
weekly-2026-09-06-r1,weekly_compstat,2026-08-31,2026-09-06,1,dbbe45b033ef4cf2fb49ddad08594d713238006b06de55043335d71a6b5a0f9c,9,district,district_14,District 14,aggravated_assault,Agg. Assault,year_to_date,percent_change,percent,2026,2023,3,6.0,0.06,6%,,not_checkable,,,wilmington-compstat-v2,validated
weekly-2026-09-06-r1,weekly_compstat,2026-08-31,2026-09-06,1,dbbe45b033ef4cf2fb49ddad08594d713238006b06de55043335d71a6b5a0f9c,9,district,district_14,District 14,aggravated_assault,Agg. Assault,year_to_date,percent_change,percent,2026,2022,4,0.0,0.0,0%,,not_checkable,,,wilmington-compstat-v2,validated
weekly-2026-09-06-r1,weekly_compstat,2026-08-31,2026-09-06,1,dbbe45b033ef4cf2fb49ddad08594d713238006b06de55043335d71a6b5a0f9c,9,district,district_14,District 14,aggravated_assault,Agg. Assault,year_to_date,percent_change,percent,2026,2021,5,-30.0,-0.3,-30%,,not_checkable,,,wilmington-compstat-v2,validated
weekly-2026-09-06-r1,weekly_compstat,2026-08-31,2026-09-06,1,dbbe45b033ef4cf2fb49ddad08594d713238006b06de55043335d71a6b5a0f9c,9,district,district_14,District 14,aggravated_assault,Agg. Assault,year_to_date,percent_change,percent,2026,2020,6,-31.0,-0.31,-31%,,not_checkable,,,wilmington-compstat-v2,validated
weekly-2026-09-06-r1,weekly_compstat,2026-08-31,2026-09-06,1,dbbe45b033ef4cf2fb49ddad08594d713238006b06de55043335d71a6b5a0f9c,9,district,district_14,District 14,burglary,Burglary,last_7_days,count,count,2026,,,1,,1,,not_applicable,,,wilmington-compstat-v2,validated
weekly-2026-09-06-r1,weekly_compstat,2026-08-31,2026-09-06,1,dbbe45b033ef4cf2fb49ddad08594d713238006b06de55043335d71a6b5a0f9c,9,district,district_14,District 14,burglary,Burglary,last_7_days,count,count,2025,,,0,,0,,not_applicable,,,wilmington-compstat-v2,validated
weekly-2026-09-06-r1,weekly_compstat,2026-08-31,2026-09-06,1,dbbe45b033ef4cf2fb49ddad08594d713238006b06de55043335d71a6b5a0f9c,9,district,district_14,District 14,burglary,Burglary,last_7_days,percent_change,percent,2026,2025,1,,,*,,undefined_zero_denominator,,undefined_zero_denominator,wilmington-compstat-v2,validated
weekly-2026-09-06-r1,weekly_compstat,2026-08-31,2026-09-06,1,dbbe45b033ef4cf2fb49ddad08594d713238006b06de55043335d71a6b5a0f9c,9,district,district_14,District 14,burglary,Burglary,last_28_days,count,count,2026,,,3,,3,,not_applicable,,,wilmington-compstat-v2,validated
weekly-2026-09-06-r1,weekly_compstat,2026-08-31,2026-09-06,1,dbbe45b033ef4cf2fb49ddad08594d713238006b06de55043335d71a6b5a0f9c,9,district,district_14,District 14,burglary,Burglary,last_28_days,count,count,2025,,,2,,2,,not_applicable,,,wilmington-compstat-v2,validated
weekly-2026-09-06-r1,weekly_compstat,2026-08-31,2026-09-06,1,dbbe45b033ef4cf2fb49ddad08594d713238006b06de55043335d71a6b5a0f9c,9,district,district_14,District 14,burglary,Burglary,last_28_days,percent_change,percent,2026,2025,1,50.0,0.5,50%,50.0,matched,,,wilmington-compstat-v2,validated
weekly-2026-09-06-r1,weekly_compstat,2026-08-31,2026-09-06,1,dbbe45b033ef4cf2fb49ddad08594d713238006b06de55043335d71a6b5a0f9c,9,district,district_14,District 14,burglary,Burglary,year_to_date,count,count,2026,,,37,,37,,not_applicable,,,wilmington-compstat-v2,validated
weekly-2026-09-06-r1,weekly_compstat,2026-08-31,2026-09-06,1,dbbe45b033ef4cf2fb49ddad08594d713238006b06de55043335d71a6b5a0f9c,9,district,district_14,District 14,burglary,Burglary,year_to_date,count,count,2025,,,46,,46,,not_applicable,,,wilmington-compstat-v2,validated
weekly-2026-09-06-r1,weekly_compstat,2026-08-31,2026-09-06,1,dbbe45b033ef4cf2fb49ddad08594d713238006b06de55043335d71a6b5a0f9c,9,district,district_14,District 14,burglary,Burglary,year_to_date,percent_change,percent,2026,2025,1,-20.0,-0.2,-20%,-19.565217,matched,,,wilmington-compstat-v2,validated
weekly-2026-09-06-r1,weekly_compstat,2026-08-31,2026-09-06,1,dbbe45b033ef4cf2fb49ddad08594d713238006b06de55043335d71a6b5a0f9c,9,district,district_14,District 14,burglary,Burglary,year_to_date,percent_change,percent,2026,2024,2,61.0,0.61,61%,,not_checkable,,,wilmington-compstat-v2,validated
weekly-2026-09-06-r1,weekly_compstat,2026-08-31,2026-09-06,1,dbbe45b033ef4cf2fb49ddad08594d713238006b06de55043335d71a6b5a0f9c,9,district,district_14,District 14,burglary,Burglary,year_to_date,percent_change,percent,2026,2023,3,28.0,0.28,28%,,not_checkable,,,wilmington-compstat-v2,validated
weekly-2026-09-06-r1,weekly_compstat,2026-08-31,2026-09-06,1,dbbe45b033ef4cf2fb49ddad08594d713238006b06de55043335d71a6b5a0f9c,9,district,district_14,District 14,burglary,Burglary,year_to_date,percent_change,percent,2026,2022,4,-14.0,-0.14,-14%,,not_checkable,,,wilmington-compstat-v2,validated
weekly-2026-09-06-r1,weekly_compstat,2026-08-31,2026-09-06,1,dbbe45b033ef4cf2fb49ddad08594d713238006b06de55043335d71a6b5a0f9c,9,district,district_14,District 14,burglary,Burglary,year_to_date,percent_change,percent,2026,2021,5,3.0,0.03,3%,,not_checkable,,,wilmington-compstat-v2,validated
weekly-2026-09-06-r1,weekly_compstat,2026-08-31,2026-09-06,1,dbbe45b033ef4cf2fb49ddad08594d713238006b06de55043335d71a6b5a0f9c,9,district,district_14,District 14,burglary,Burglary,year_to_date,percent_change,percent,2026,2020,6,-16.0,-0.16,-16%,,not_checkable,,,wilmington-compstat-v2,validated
weekly-2026-09-06-r1,weekly_compstat,2026-08-31,2026-09-06,1,dbbe45b033ef4cf2fb49ddad08594d713238006b06de55043335d71a6b5a0f9c,9,district,district_14,District 14,felony_theft,Felony Theft,last_7_days,count,count,2026,,,1,,1,,not_applicable,,,wilmington-compstat-v2,validated
weekly-2026-09-06-r1,weekly_compstat,2026-08-31,2026-09-06,1,dbbe45b033ef4cf2fb49ddad08594d713238006b06de55043335d71a6b5a0f9c,9,district,district_14,District 14,felony_theft,Felony Theft,last_7_days,count,count,2025,,,2,,2,,not_applicable,,,wilmington-compstat-v2,validated
weekly-2026-09-06-r1,weekly_compstat,2026-08-31,2026-09-06,1,dbbe45b033ef4cf2fb49ddad08594d713238006b06de55043335d71a6b5a0f9c,9,district,district_14,District 14,felony_theft,Felony Theft,last_7_days,percent_change,percent,2026,2025,1,-50.0,-0.5,-50%,-50.0,matched,,,wilmington-compstat-v2,validated
weekly-2026-09-06-r1,weekly_compstat,2026-08-31,2026-09-06,1,dbbe45b033ef4cf2fb49ddad08594d713238006b06de55043335d71a6b5a0f9c,9,district,district_14,District 14,felony_theft,Felony Theft,last_28_days,count,count,2026,,,2,,2,,not_applicable,,,wilmington-compstat-v2,validated
weekly-2026-09-06-r1,weekly_compstat,2026-08-31,2026-09-06,1,dbbe45b033ef4cf2fb49ddad08594d713238006b06de55043335d71a6b5a0f9c,9,district,district_14,District 14,felony_theft,Felony Theft,last_28_days,count,count,2025,,,4,,4,,not_applicable,,,wilmington-compstat-v2,validated
weekly-2026-09-06-r1,weekly_compstat,2026-08-31,2026-09-06,1,dbbe45b033ef4cf2fb49ddad08594d713238006b06de55043335d71a6b5a0f9c,9,district,district_14,District 14,felony_theft,Felony Theft,last_28_days,percent_change,percent,2026,2025,1,-50.0,-0.5,-50%,-50.0,matched,,,wilmington-compstat-v2,validated
weekly-2026-09-06-r1,weekly_compstat,2026-08-31,2026-09-06,1,dbbe45b033ef4cf2fb49ddad08594d713238006b06de55043335d71a6b5a0f9c,9,district,district_14,District 14,felony_theft,Felony Theft,year_to_date,count,count,2026,,,29,,29,,not_applicable,,,wilmington-compstat-v2,validated
weekly-2026-09-06-r1,weekly_compstat,2026-08-31,2026-09-06,1,dbbe45b033ef4cf2fb49ddad08594d713238006b06de55043335d71a6b5a0f9c,9,district,district_14,District 14,felony_theft,Felony Theft,year_to_date,count,count,2025,,,30,,30,,not_applicable,,,wilmington-compstat-v2,validated
weekly-2026-09-06-r1,weekly_compstat,2026-08-31,2026-09-06,1,dbbe45b033ef4cf2fb49ddad08594d713238006b06de55043335d71a6b5a0f9c,9,district,district_14,District 14,felony_theft,Felony Theft,year_to_date,percent_change,percent,2026,2025,1,-3.0,-0.03,-3%,-3.333333,matched,,,wilmington-compstat-v2,validated
weekly-2026-09-06-r1,weekly_compstat,2026-08-31,2026-09-06,1,dbbe45b033ef4cf2fb49ddad08594d713238006b06de55043335d71a6b5a0f9c,9,district,district_14,District 14,felony_theft,Felony Theft,year_to_date,percent_change,percent,2026,2024,2,12.0,0.12,12%,,not_checkable,,,wilmington-compstat-v2,validated
weekly-2026-09-06-r1,weekly_compstat,2026-08-31,2026-09-06,1,dbbe45b033ef4cf2fb49ddad08594d713238006b06de55043335d71a6b5a0f9c,9,district,district_14,District 14,felony_theft,Felony Theft,year_to_date,percent_change,percent,2026,2023,3,-3.0,-0.03,-3%,,not_checkable,,,wilmington-compstat-v2,validated
weekly-2026-09-06-r1,weekly_compstat,2026-08-31,2026-09-06,1,dbbe45b033ef4cf2fb49ddad08594d713238006b06de55043335d71a6b5a0f9c,9,district,district_14,District 14,felony_theft,Felony Theft,year_to_date,percent_change,percent,2026,2022,4,-22.0,-0.22,-22%,,not_checkable,,,wilmington-compstat-v2,validated
weekly-2026-09-06-r1,weekly_compstat,2026-08-31,2026-09-06,1,dbbe45b033ef4cf2fb49ddad08594d713238006b06de55043335d71a6b5a0f9c,9,district,district_14,District 14,felony_theft,Felony Theft,year_to_date,percent_change,percent,2026,2021,5,-26.0,-0.26,-26%,,not_checkable,,,wilmington-compstat-v2,validated
weekly-2026-09-06-r1,weekly_compstat,2026-08-31,2026-09-06,1,dbbe45b033ef4cf2fb49ddad08594d713238006b06de55043335d71a6b5a0f9c,9,district,district_14,District 14,felony_theft,Felony Theft,year_to_date,percent_change,percent,2026,2020,6,32.0,0.32,32%,,not_checkable,,,wilmington-compstat-v2,validated
weekly-2026-09-06-r1,weekly_compstat,2026-08-31,2026-09-06,1,dbbe45b033ef4cf2fb49ddad08594d713238006b06de55043335d71a6b5a0f9c,9,district,district_14,District 14,auto_theft,Auto Theft,last_7_days,count,count,2026,,,1,,1,,not_applicable,,,wilmington-compstat-v2,validated
weekly-2026-09-06-r1,weekly_compstat,2026-08-31,2026-09-06,1,dbbe45b033ef4cf2fb49ddad08594d713238006b06de55043335d71a6b5a0f9c,9,district,district_14,District 14,auto_theft,Auto Theft,last_7_days,count,count,2025,,,0,,0,,not_applicable,,,wilmington-compstat-v2,validated
weekly-2026-09-06-r1,weekly_compstat,2026-08-31,2026-09-06,1,dbbe45b033ef4cf2fb49ddad08594d713238006b06de55043335d71a6b5a0f9c,9,district,district_14,District 14,auto_theft,Auto Theft,last_7_days,percent_change,percent,2026,2025,1,,,*,,undefined_zero_denominator,,undefined_zero_denominator,wilmington-compstat-v2,validated
weekly-2026-09-06-r1,weekly_compstat,2026-08-31,2026-09-06,1,dbbe45b033ef4cf2fb49ddad08594d713238006b06de55043335d71a6b5a0f9c,9,district,district_14,District 14,auto_theft,Auto Theft,last_28_days,count,count,2026,,,7,,7,,not_applicable,,,wilmington-compstat-v2,validated
weekly-2026-09-06-r1,weekly_compstat,2026-08-31,2026-09-06,1,dbbe45b033ef4cf2fb49ddad08594d713238006b06de55043335d71a6b5a0f9c,9,district,district_14,District 14,auto_theft,Auto Theft,last_28_days,count,count,2025,,,3,,3,,not_applicable,,,wilmington-compstat-v2,validated
weekly-2026-09-06-r1,weekly_compstat,2026-08-31,2026-09-06,1,dbbe45b033ef4cf2fb49ddad08594d713238006b06de55043335d71a6b5a0f9c,9,district,district_14,District 14,auto_theft,Auto Theft,last_28_days,percent_change,percent,2026,2025,1,133.0,1.33,133%,133.333333,matched,,,wilmington-compstat-v2,validated
weekly-2026-09-06-r1,weekly_compstat,2026-08-31,2026-09-06,1,dbbe45b033ef4cf2fb49ddad08594d713238006b06de55043335d71a6b5a0f9c,9,district,district_14,District 14,auto_theft,Auto Theft,year_to_date,count,count,2026,,,48,,48,,not_applicable,,,wilmington-compstat-v2,validated
weekly-2026-09-06-r1,weekly_compstat,2026-08-31,2026-09-06,1,dbbe45b033ef4cf2fb49ddad08594d713238006b06de55043335d71a6b5a0f9c,9,district,district_14,District 14,auto_theft,Auto Theft,year_to_date,count,count,2025,,,67,,67,,not_applicable,,,wilmington-compstat-v2,validated
weekly-2026-09-06-r1,weekly_compstat,2026-08-31,2026-09-06,1,dbbe45b033ef4cf2fb49ddad08594d713238006b06de55043335d71a6b5a0f9c,9,district,district_14,District 14,auto_theft,Auto Theft,year_to_date,percent_change,percent,2026,2025,1,-28.0,-0.28,-28%,-28.358209,matched,,,wilmington-compstat-v2,validated
weekly-2026-09-06-r1,weekly_compstat,2026-08-31,2026-09-06,1,dbbe45b033ef4cf2fb49ddad08594d713238006b06de55043335d71a6b5a0f9c,9,district,district_14,District 14,auto_theft,Auto Theft,year_to_date,percent_change,percent,2026,2024,2,-31.0,-0.31,-31%,,not_checkable,,,wilmington-compstat-v2,validated
weekly-2026-09-06-r1,weekly_compstat,2026-08-31,2026-09-06,1,dbbe45b033ef4cf2fb49ddad08594d713238006b06de55043335d71a6b5a0f9c,9,district,district_14,District 14,auto_theft,Auto Theft,year_to_date,percent_change,percent,2026,2023,3,-21.0,-0.21,-21%,,not_checkable,,,wilmington-compstat-v2,validated
weekly-2026-09-06-r1,weekly_compstat,2026-08-31,2026-09-06,1,dbbe45b033ef4cf2fb49ddad08594d713238006b06de55043335d71a6b5a0f9c,9,district,district_14,District 14,auto_theft,Auto Theft,year_to_date,percent_change,percent,2026,2022,4,4.0,0.04,4%,,not_checkable,,,wilmington-compstat-v2,validated
weekly-2026-09-06-r1,weekly_compstat,2026-08-31,2026-09-06,1,dbbe45b033ef4cf2fb49ddad08594d713238006b06de55043335d71a6b5a0f9c,9,district,district_14,District 14,auto_theft,Auto Theft,year_to_date,percent_change,percent,2026,2021,5,17.0,0.17,17%,,not_checkable,,,wilmington-compstat-v2,validated
weekly-2026-09-06-r1,weekly_compstat,2026-08-31,2026-09-06,1,dbbe45b033ef4cf2fb49ddad08594d713238006b06de55043335d71a6b5a0f9c,9,district,district_14,District 14,auto_theft,Auto Theft,year_to_date,percent_change,percent,2026,2020,6,-16.0,-0.16,-16%,,not_checkable,,,wilmington-compstat-v2,validated
weekly-2026-09-06-r1,weekly_compstat,2026-08-31,2026-09-06,1,dbbe45b033ef4cf2fb49ddad08594d713238006b06de55043335d71a6b5a0f9c,9,district,district_14,District 14,major_crime_total,TOTAL,last_7_days,count,count,2026,,,3,,3,,not_applicable,,,wilmington-compstat-v2,validated
weekly-2026-09-06-r1,weekly_compstat,2026-08-31,2026-09-06,1,dbbe45b033ef4cf2fb49ddad08594d713238006b06de55043335d71a6b5a0f9c,9,district,district_14,District 14,major_crime_total,TOTAL,last_7_days,count,count,2025,,,5,,5,,not_applicable,,,wilmington-compstat-v2,validated
weekly-2026-09-06-r1,weekly_compstat,2026-08-31,2026-09-06,1,dbbe45b033ef4cf2fb49ddad08594d713238006b06de55043335d71a6b5a0f9c,9,district,district_14,District 14,major_crime_total,TOTAL,last_7_days,percent_change,percent,2026,2025,1,-40.0,-0.4,-40%,-40.0,matched,,,wilmington-compstat-v2,validated
weekly-2026-09-06-r1,weekly_compstat,2026-08-31,2026-09-06,1,dbbe45b033ef4cf2fb49ddad08594d713238006b06de55043335d71a6b5a0f9c,9,district,district_14,District 14,major_crime_total,TOTAL,last_28_days,count,count,2026,,,15,,15,,not_applicable,,,wilmington-compstat-v2,validated
weekly-2026-09-06-r1,weekly_compstat,2026-08-31,2026-09-06,1,dbbe45b033ef4cf2fb49ddad08594d713238006b06de55043335d71a6b5a0f9c,9,district,district_14,District 14,major_crime_total,TOTAL,last_28_days,count,count,2025,,,17,,17,,not_applicable,,,wilmington-compstat-v2,validated
weekly-2026-09-06-r1,weekly_compstat,2026-08-31,2026-09-06,1,dbbe45b033ef4cf2fb49ddad08594d713238006b06de55043335d71a6b5a0f9c,9,district,district_14,District 14,major_crime_total,TOTAL,last_28_days,percent_change,percent,2026,2025,1,-12.0,-0.12,-12%,-11.764706,matched,,,wilmington-compstat-v2,validated
weekly-2026-09-06-r1,weekly_compstat,2026-08-31,2026-09-06,1,dbbe45b033ef4cf2fb49ddad08594d713238006b06de55043335d71a6b5a0f9c,9,district,district_14,District 14,major_crime_total,TOTAL,year_to_date,count,count,2026,,,158,,158,,not_applicable,,,wilmington-compstat-v2,validated
weekly-2026-09-06-r1,weekly_compstat,2026-08-31,2026-09-06,1,dbbe45b033ef4cf2fb49ddad08594d713238006b06de55043335d71a6b5a0f9c,9,district,district_14,District 14,major_crime_total,TOTAL,year_to_date,count,count,2025,,,199,,199,,not_applicable,,,wilmington-compstat-v2,validated
weekly-2026-09-06-r1,weekly_compstat,2026-08-31,2026-09-06,1,dbbe45b033ef4cf2fb49ddad08594d713238006b06de55043335d71a6b5a0f9c,9,district,district_14,District 14,major_crime_total,TOTAL,year_to_date,percent_change,percent,2026,2025,1,-21.0,-0.21,-21%,-20.603015,matched,,,wilmington-compstat-v2,validated
weekly-2026-09-06-r1,weekly_compstat,2026-08-31,2026-09-06,1,dbbe45b033ef4cf2fb49ddad08594d713238006b06de55043335d71a6b5a0f9c,9,district,district_14,District 14,major_crime_total,TOTAL,year_to_date,percent_change,percent,2026,2024,2,-8.0,-0.08,-8%,,not_checkable,,,wilmington-compstat-v2,validated
weekly-2026-09-06-r1,weekly_compstat,2026-08-31,2026-09-06,1,dbbe45b033ef4cf2fb49ddad08594d713238006b06de55043335d71a6b5a0f9c,9,district,district_14,District 14,major_crime_total,TOTAL,year_to_date,percent_change,percent,2026,2023,3,-8.0,-0.08,-8%,,not_checkable,,,wilmington-compstat-v2,validated
weekly-2026-09-06-r1,weekly_compstat,2026-08-31,2026-09-06,1,dbbe45b033ef4cf2fb49ddad08594d713238006b06de55043335d71a6b5a0f9c,9,district,district_14,District 14,major_crime_total,TOTAL,year_to_date,percent_change,percent,2026,2022,4,-15.0,-0.15,-15%,,not_checkable,,,wilmington-compstat-v2,validated
weekly-2026-09-06-r1,weekly_compstat,2026-08-31,2026-09-06,1,dbbe45b033ef4cf2fb49ddad08594d713238006b06de55043335d71a6b5a0f9c,9,district,district_14,District 14,major_crime_total,TOTAL,year_to_date,percent_change,percent,2026,2021,5,-19.0,-0.19,-19%,,not_checkable,,,wilmington-compstat-v2,validated
weekly-2026-09-06-r1,weekly_compstat,2026-08-31,2026-09-06,1,dbbe45b033ef4cf2fb49ddad08594d713238006b06de55043335d71a6b5a0f9c,9,district,district_14,District 14,major_crime_total,TOTAL,year_to_date,percent_change,percent,2026,2020,6,-25.0,-0.25,-25%,,not_checkable,,,wilmington-compstat-v2,validated
weekly-2026-09-06-r1,weekly_compstat,2026-08-31,2026-09-06,1,dbbe45b033ef4cf2fb49ddad08594d713238006b06de55043335d71a6b5a0f9c,9,district,district_14,District 14,shooting_incidents,Shooting Incidents,last_7_days,count,count,2026,,,0,,0,,not_applicable,,,wilmington-compstat-v2,validated
weekly-2026-09-06-r1,weekly_compstat,2026-08-31,2026-09-06,1,dbbe45b033ef4cf2fb49ddad08594d713238006b06de55043335d71a6b5a0f9c,9,district,district_14,District 14,shooting_incidents,Shooting Incidents,last_7_days,count,count,2025,,,0,,0,,not_applicable,,,wilmington-compstat-v2,validated
weekly-2026-09-06-r1,weekly_compstat,2026-08-31,2026-09-06,1,dbbe45b033ef4cf2fb49ddad08594d713238006b06de55043335d71a6b5a0f9c,9,district,district_14,District 14,shooting_incidents,Shooting Incidents,last_7_days,percent_change,percent,2026,2025,1,,,*,,undefined_zero_denominator,,undefined_zero_denominator,wilmington-compstat-v2,validated
weekly-2026-09-06-r1,weekly_compstat,2026-08-31,2026-09-06,1,dbbe45b033ef4cf2fb49ddad08594d713238006b06de55043335d71a6b5a0f9c,9,district,district_14,District 14,shooting_incidents,Shooting Incidents,last_28_days,count,count,2026,,,1,,1,,not_applicable,,,wilmington-compstat-v2,validated
weekly-2026-09-06-r1,weekly_compstat,2026-08-31,2026-09-06,1,dbbe45b033ef4cf2fb49ddad08594d713238006b06de55043335d71a6b5a0f9c,9,district,district_14,District 14,shooting_incidents,Shooting Incidents,last_28_days,count,count,2025,,,0,,0,,not_applicable,,,wilmington-compstat-v2,validated
weekly-2026-09-06-r1,weekly_compstat,2026-08-31,2026-09-06,1,dbbe45b033ef4cf2fb49ddad08594d713238006b06de55043335d71a6b5a0f9c,9,district,district_14,District 14,shooting_incidents,Shooting Incidents,last_28_days,percent_change,percent,2026,2025,1,,,*,,undefined_zero_denominator,,undefined_zero_denominator,wilmington-compstat-v2,validated
weekly-2026-09-06-r1,weekly_compstat,2026-08-31,2026-09-06,1,dbbe45b033ef4cf2fb49ddad08594d713238006b06de55043335d71a6b5a0f9c,9,district,district_14,District 14,shooting_incidents,Shooting Incidents,year_to_date,count,count,2026,,,5,,5,,not_applicable,,,wilmington-compstat-v2,validated
weekly-2026-09-06-r1,weekly_compstat,2026-08-31,2026-09-06,1,dbbe45b033ef4cf2fb49ddad08594d713238006b06de55043335d71a6b5a0f9c,9,district,district_14,District 14,shooting_incidents,Shooting Incidents,year_to_date,count,count,2025,,,5,,5,,not_applicable,,,wilmington-compstat-v2,validated
weekly-2026-09-06-r1,weekly_compstat,2026-08-31,2026-09-06,1,dbbe45b033ef4cf2fb49ddad08594d713238006b06de55043335d71a6b5a0f9c,9,district,district_14,District 14,shooting_incidents,Shooting Incidents,year_to_date,percent_change,percent,2026,2025,1,0.0,0.0,0%,0.0,matched,,,wilmington-compstat-v2,validated
weekly-2026-09-06-r1,weekly_compstat,2026-08-31,2026-09-06,1,dbbe45b033ef4cf2fb49ddad08594d713238006b06de55043335d71a6b5a0f9c,9,district,district_14,District 14,shooting_incidents,Shooting Incidents,year_to_date,percent_change,percent,2026,2024,2,25.0,0.25,25%,,not_checkable,,,wilmington-compstat-v2,validated
weekly-2026-09-06-r1,weekly_compstat,2026-08-31,2026-09-06,1,dbbe45b033ef4cf2fb49ddad08594d713238006b06de55043335d71a6b5a0f9c,9,district,district_14,District 14,shooting_incidents,Shooting Incidents,year_to_date,percent_change,percent,2026,2023,3,-17.0,-0.17,-17%,,not_checkable,,,wilmington-compstat-v2,validated
weekly-2026-09-06-r1,weekly_compstat,2026-08-31,2026-09-06,1,dbbe45b033ef4cf2fb49ddad08594d713238006b06de55043335d71a6b5a0f9c,9,district,district_14,District 14,shooting_incidents,Shooting Incidents,year_to_date,percent_change,percent,2026,2022,4,-50.0,-0.5,-50%,,not_checkable,,,wilmington-compstat-v2,validated
weekly-2026-09-06-r1,weekly_compstat,2026-08-31,2026-09-06,1,dbbe45b033ef4cf2fb49ddad08594d713238006b06de55043335d71a6b5a0f9c,9,district,district_14,District 14,shooting_incidents,Shooting Incidents,year_to_date,percent_change,percent,2026,2021,5,-69.0,-0.69,-69%,,not_checkable,,,wilmington-compstat-v2,validated
weekly-2026-09-06-r1,weekly_compstat,2026-08-31,2026-09-06,1,dbbe45b033ef4cf2fb49ddad08594d713238006b06de55043335d71a6b5a0f9c,9,district,district_14,District 14,shooting_incidents,Shooting Incidents,year_to_date,percent_change,percent,2026,2020,6,-74.0,-0.74,-74%,,not_checkable,,,wilmington-compstat-v2,validated
weekly-2026-09-06-r1,weekly_compstat,2026-08-31,2026-09-06,1,dbbe45b033ef4cf2fb49ddad08594d713238006b06de55043335d71a6b5a0f9c,9,district,district_14,District 14,shooting_victims,Shooting Victims,last_7_days,count,count,2026,,,0,,0,,not_applicable,,,wilmington-compstat-v2,validated
weekly-2026-09-06-r1,weekly_compstat,2026-08-31,2026-09-06,1,dbbe45b033ef4cf2fb49ddad08594d713238006b06de55043335d71a6b5a0f9c,9,district,district_14,District 14,shooting_victims,Shooting Victims,last_7_days,count,count,2025,,,0,,0,,not_applicable,,,wilmington-compstat-v2,validated
weekly-2026-09-06-r1,weekly_compstat,2026-08-31,2026-09-06,1,dbbe45b033ef4cf2fb49ddad08594d713238006b06de55043335d71a6b5a0f9c,9,district,district_14,District 14,shooting_victims,Shooting Victims,last_7_days,percent_change,percent,2026,2025,1,,,*,,undefined_zero_denominator,,undefined_zero_denominator,wilmington-compstat-v2,validated
weekly-2026-09-06-r1,weekly_compstat,2026-08-31,2026-09-06,1,dbbe45b033ef4cf2fb49ddad08594d713238006b06de55043335d71a6b5a0f9c,9,district,district_14,District 14,shooting_victims,Shooting Victims,last_28_days,count,count,2026,,,1,,1,,not_applicable,,,wilmington-compstat-v2,validated
weekly-2026-09-06-r1,weekly_compstat,2026-08-31,2026-09-06,1,dbbe45b033ef4cf2fb49ddad08594d713238006b06de55043335d71a6b5a0f9c,9,district,district_14,District 14,shooting_victims,Shooting Victims,last_28_days,count,count,2025,,,0,,0,,not_applicable,,,wilmington-compstat-v2,validated
weekly-2026-09-06-r1,weekly_compstat,2026-08-31,2026-09-06,1,dbbe45b033ef4cf2fb49ddad08594d713238006b06de55043335d71a6b5a0f9c,9,district,district_14,District 14,shooting_victims,Shooting Victims,last_28_days,percent_change,percent,2026,2025,1,,,*,,undefined_zero_denominator,,undefined_zero_denominator,wilmington-compstat-v2,validated
weekly-2026-09-06-r1,weekly_compstat,2026-08-31,2026-09-06,1,dbbe45b033ef4cf2fb49ddad08594d713238006b06de55043335d71a6b5a0f9c,9,district,district_14,District 14,shooting_victims,Shooting Victims,year_to_date,count,count,2026,,,5,,5,,not_applicable,,,wilmington-compstat-v2,validated
weekly-2026-09-06-r1,weekly_compstat,2026-08-31,2026-09-06,1,dbbe45b033ef4cf2fb49ddad08594d713238006b06de55043335d71a6b5a0f9c,9,district,district_14,District 14,shooting_victims,Shooting Victims,year_to_date,count,count,2025,,,6,,6,,not_applicable,,,wilmington-compstat-v2,validated
weekly-2026-09-06-r1,weekly_compstat,2026-08-31,2026-09-06,1,dbbe45b033ef4cf2fb49ddad08594d713238006b06de55043335d71a6b5a0f9c,9,district,district_14,District 14,shooting_victims,Shooting Victims,year_to_date,percent_change,percent,2026,2025,1,-17.0,-0.17,-17%,-16.666667,matched,,,wilmington-compstat-v2,validated
weekly-2026-09-06-r1,weekly_compstat,2026-08-31,2026-09-06,1,dbbe45b033ef4cf2fb49ddad08594d713238006b06de55043335d71a6b5a0f9c,9,district,district_14,District 14,shooting_victims,Shooting Victims,year_to_date,percent_change,percent,2026,2024,2,-17.0,-0.17,-17%,,not_checkable,,,wilmington-compstat-v2,validated
weekly-2026-09-06-r1,weekly_compstat,2026-08-31,2026-09-06,1,dbbe45b033ef4cf2fb49ddad08594d713238006b06de55043335d71a6b5a0f9c,9,district,district_14,District 14,shooting_victims,Shooting Victims,year_to_date,percent_change,percent,2026,2023,3,-17.0,-0.17,-17%,,not_checkable,,,wilmington-compstat-v2,validated
weekly-2026-09-06-r1,weekly_compstat,2026-08-31,2026-09-06,1,dbbe45b033ef4cf2fb49ddad08594d713238006b06de55043335d71a6b5a0f9c,9,district,district_14,District 14,shooting_victims,Shooting Victims,year_to_date,percent_change,percent,2026,2022,4,-67.0,-0.67,-67%,,not_checkable,,,wilmington-compstat-v2,validated
weekly-2026-09-06-r1,weekly_compstat,2026-08-31,2026-09-06,1,dbbe45b033ef4cf2fb49ddad08594d713238006b06de55043335d71a6b5a0f9c,9,district,district_14,District 14,shooting_victims,Shooting Victims,year_to_date,percent_change,percent,2026,2021,5,-74.0,-0.74,-74%,,not_checkable,,,wilmington-compstat-v2,validated
weekly-2026-09-06-r1,weekly_compstat,2026-08-31,2026-09-06,1,dbbe45b033ef4cf2fb49ddad08594d713238006b06de55043335d71a6b5a0f9c,9,district,district_14,District 14,shooting_victims,Shooting Victims,year_to_date,percent_change,percent,2026,2020,6,-76.0,-0.76,-76%,,not_checkable,,,wilmington-compstat-v2,validated
weekly-2026-09-06-r1,weekly_compstat,2026-08-31,2026-09-06,1,dbbe45b033ef4cf2fb49ddad08594d713238006b06de55043335d71a6b5a0f9c,9,district,district_14,District 14,juvenile_shooting_incidents,*Juv Shooting Incidents,last_7_days,count,count,2026,,,0,,0,,not_applicable,,,wilmington-compstat-v2,validated
weekly-2026-09-06-r1,weekly_compstat,2026-08-31,2026-09-06,1,dbbe45b033ef4cf2fb49ddad08594d713238006b06de55043335d71a6b5a0f9c,9,district,district_14,District 14,juvenile_shooting_incidents,*Juv Shooting Incidents,last_7_days,count,count,2025,,,0,,0,,not_applicable,,,wilmington-compstat-v2,validated
weekly-2026-09-06-r1,weekly_compstat,2026-08-31,2026-09-06,1,dbbe45b033ef4cf2fb49ddad08594d713238006b06de55043335d71a6b5a0f9c,9,district,district_14,District 14,juvenile_shooting_incidents,*Juv Shooting Incidents,last_7_days,percent_change,percent,2026,2025,1,,,*,,undefined_zero_denominator,,undefined_zero_denominator,wilmington-compstat-v2,validated
weekly-2026-09-06-r1,weekly_compstat,2026-08-31,2026-09-06,1,dbbe45b033ef4cf2fb49ddad08594d713238006b06de55043335d71a6b5a0f9c,9,district,district_14,District 14,juvenile_shooting_incidents,*Juv Shooting Incidents,last_28_days,count,count,2026,,,0,,0,,not_applicable,,,wilmington-compstat-v2,validated
weekly-2026-09-06-r1,weekly_compstat,2026-08-31,2026-09-06,1,dbbe45b033ef4cf2fb49ddad08594d713238006b06de55043335d71a6b5a0f9c,9,district,district_14,District 14,juvenile_shooting_incidents,*Juv Shooting Incidents,last_28_days,count,count,2025,,,0,,0,,not_applicable,,,wilmington-compstat-v2,validated
weekly-2026-09-06-r1,weekly_compstat,2026-08-31,2026-09-06,1,dbbe45b033ef4cf2fb49ddad08594d713238006b06de55043335d71a6b5a0f9c,9,district,district_14,District 14,juvenile_shooting_incidents,*Juv Shooting Incidents,last_28_days,percent_change,percent,2026,2025,1,,,*,,undefined_zero_denominator,,undefined_zero_denominator,wilmington-compstat-v2,validated
weekly-2026-09-06-r1,weekly_compstat,2026-08-31,2026-09-06,1,dbbe45b033ef4cf2fb49ddad08594d713238006b06de55043335d71a6b5a0f9c,9,district,district_14,District 14,juvenile_shooting_incidents,*Juv Shooting Incidents,year_to_date,count,count,2026,,,0,,0,,not_applicable,,,wilmington-compstat-v2,validated
weekly-2026-09-06-r1,weekly_compstat,2026-08-31,2026-09-06,1,dbbe45b033ef4cf2fb49ddad08594d713238006b06de55043335d71a6b5a0f9c,9,district,district_14,District 14,juvenile_shooting_incidents,*Juv Shooting Incidents,year_to_date,count,count,2025,,,1,,1,,not_applicable,,,wilmington-compstat-v2,validated
weekly-2026-09-06-r1,weekly_compstat,2026-08-31,2026-09-06,1,dbbe45b033ef4cf2fb49ddad08594d713238006b06de55043335d71a6b5a0f9c,9,district,district_14,District 14,juvenile_shooting_incidents,*Juv Shooting Incidents,year_to_date,percent_change,percent,2026,2025,1,-100.0,-1.0,-100%,-100.0,matched,,,wilmington-compstat-v2,validated
weekly-2026-09-06-r1,weekly_compstat,2026-08-31,2026-09-06,1,dbbe45b033ef4cf2fb49ddad08594d713238006b06de55043335d71a6b5a0f9c,9,district,district_14,District 14,juvenile_shooting_incidents,*Juv Shooting Incidents,year_to_date,percent_change,percent,2026,2024,2,-100.0,-1.0,-100%,,not_checkable,,,wilmington-compstat-v2,validated
weekly-2026-09-06-r1,weekly_compstat,2026-08-31,2026-09-06,1,dbbe45b033ef4cf2fb49ddad08594d713238006b06de55043335d71a6b5a0f9c,9,district,district_14,District 14,juvenile_shooting_incidents,*Juv Shooting Incidents,year_to_date,percent_change,percent,2026,2023,3,-100.0,-1.0,-100%,,not_checkable,,,wilmington-compstat-v2,validated
weekly-2026-09-06-r1,weekly_compstat,2026-08-31,2026-09-06,1,dbbe45b033ef4cf2fb49ddad08594d713238006b06de55043335d71a6b5a0f9c,9,district,district_14,District 14,juvenile_shooting_incidents,*Juv Shooting Incidents,year_to_date,percent_change,percent,2026,2022,4,-100.0,-1.0,-100%,,not_checkable,,,wilmington-compstat-v2,validated
weekly-2026-09-06-r1,weekly_compstat,2026-08-31,2026-09-06,1,dbbe45b033ef4cf2fb49ddad08594d713238006b06de55043335d71a6b5a0f9c,9,district,district_14,District 14,juvenile_shooting_incidents,*Juv Shooting Incidents,year_to_date,percent_change,percent,2026,2021,5,-100.0,-1.0,-100%,,not_checkable,,,wilmington-compstat-v2,validated
weekly-2026-09-06-r1,weekly_compstat,2026-08-31,2026-09-06,1,dbbe45b033ef4cf2fb49ddad08594d713238006b06de55043335d71a6b5a0f9c,9,district,district_14,District 14,juvenile_shooting_incidents,*Juv Shooting Incidents,year_to_date,percent_change,percent,2026,2020,6,-100.0,-1.0,-100%,,not_checkable,,,wilmington-compstat-v2,validated
weekly-2026-09-06-r1,weekly_compstat,2026-08-31,2026-09-06,1,dbbe45b033ef4cf2fb49ddad08594d713238006b06de55043335d71a6b5a0f9c,9,district,district_14,District 14,juvenile_shooting_victims,*Juv Shooting Victims,last_7_days,count,count,2026,,,0,,0,,not_applicable,,,wilmington-compstat-v2,validated
weekly-2026-09-06-r1,weekly_compstat,2026-08-31,2026-09-06,1,dbbe45b033ef4cf2fb49ddad08594d713238006b06de55043335d71a6b5a0f9c,9,district,district_14,District 14,juvenile_shooting_victims,*Juv Shooting Victims,last_7_days,count,count,2025,,,0,,0,,not_applicable,,,wilmington-compstat-v2,validated
weekly-2026-09-06-r1,weekly_compstat,2026-08-31,2026-09-06,1,dbbe45b033ef4cf2fb49ddad08594d713238006b06de55043335d71a6b5a0f9c,9,district,district_14,District 14,juvenile_shooting_victims,*Juv Shooting Victims,last_7_days,percent_change,percent,2026,2025,1,,,*,,undefined_zero_denominator,,undefined_zero_denominator,wilmington-compstat-v2,validated
weekly-2026-09-06-r1,weekly_compstat,2026-08-31,2026-09-06,1,dbbe45b033ef4cf2fb49ddad08594d713238006b06de55043335d71a6b5a0f9c,9,district,district_14,District 14,juvenile_shooting_victims,*Juv Shooting Victims,last_28_days,count,count,2026,,,0,,0,,not_applicable,,,wilmington-compstat-v2,validated
weekly-2026-09-06-r1,weekly_compstat,2026-08-31,2026-09-06,1,dbbe45b033ef4cf2fb49ddad08594d713238006b06de55043335d71a6b5a0f9c,9,district,district_14,District 14,juvenile_shooting_victims,*Juv Shooting Victims,last_28_days,count,count,2025,,,0,,0,,not_applicable,,,wilmington-compstat-v2,validated
weekly-2026-09-06-r1,weekly_compstat,2026-08-31,2026-09-06,1,dbbe45b033ef4cf2fb49ddad08594d713238006b06de55043335d71a6b5a0f9c,9,district,district_14,District 14,juvenile_shooting_victims,*Juv Shooting Victims,last_28_days,percent_change,percent,2026,2025,1,,,*,,undefined_zero_denominator,,undefined_zero_denominator,wilmington-compstat-v2,validated
weekly-2026-09-06-r1,weekly_compstat,2026-08-31,2026-09-06,1,dbbe45b033ef4cf2fb49ddad08594d713238006b06de55043335d71a6b5a0f9c,9,district,district_14,District 14,juvenile_shooting_victims,*Juv Shooting Victims,year_to_date,count,count,2026,,,0,,0,,not_applicable,,,wilmington-compstat-v2,validated
weekly-2026-09-06-r1,weekly_compstat,2026-08-31,2026-09-06,1,dbbe45b033ef4cf2fb49ddad08594d713238006b06de55043335d71a6b5a0f9c,9,district,district_14,District 14,juvenile_shooting_victims,*Juv Shooting Victims,year_to_date,count,count,2025,,,1,,1,,not_applicable,,,wilmington-compstat-v2,validated
weekly-2026-09-06-r1,weekly_compstat,2026-08-31,2026-09-06,1,dbbe45b033ef4cf2fb49ddad08594d713238006b06de55043335d71a6b5a0f9c,9,district,district_14,District 14,juvenile_shooting_victims,*Juv Shooting Victims,year_to_date,percent_change,percent,2026,2025,1,-100.0,-1.0,-100%,-100.0,matched,,,wilmington-compstat-v2,validated
weekly-2026-09-06-r1,weekly_compstat,2026-08-31,2026-09-06,1,dbbe45b033ef4cf2fb49ddad08594d713238006b06de55043335d71a6b5a0f9c,9,district,district_14,District 14,juvenile_shooting_victims,*Juv Shooting Victims,year_to_date,percent_change,percent,2026,2024,2,-100.0,-1.0,-100%,,not_checkable,,,wilmington-compstat-v2,validated
weekly-2026-09-06-r1,weekly_compstat,2026-08-31,2026-09-06,1,dbbe45b033ef4cf2fb49ddad08594d713238006b06de55043335d71a6b5a0f9c,9,district,district_14,District 14,juvenile_shooting_victims,*Juv Shooting Victims,year_to_date,percent_change,percent,2026,2023,3,-100.0,-1.0,-100%,,not_checkable,,,wilmington-compstat-v2,validated
weekly-2026-09-06-r1,weekly_compstat,2026-08-31,2026-09-06,1,dbbe45b033ef4cf2fb49ddad08594d713238006b06de55043335d71a6b5a0f9c,9,district,district_14,District 14,juvenile_shooting_victims,*Juv Shooting Victims,year_to_date,percent_change,percent,2026,2022,4,-100.0,-1.0,-100%,,not_checkable,,,wilmington-compstat-v2,validated
weekly-2026-09-06-r1,weekly_compstat,2026-08-31,2026-09-06,1,dbbe45b033ef4cf2fb49ddad08594d713238006b06de55043335d71a6b5a0f9c,9,district,district_14,District 14,juvenile_shooting_victims,*Juv Shooting Victims,year_to_date,percent_change,percent,2026,2021,5,-100.0,-1.0,-100%,,not_checkable,,,wilmington-compstat-v2,validated
weekly-2026-09-06-r1,weekly_compstat,2026-08-31,2026-09-06,1,dbbe45b033ef4cf2fb49ddad08594d713238006b06de55043335d71a6b5a0f9c,9,district,district_14,District 14,juvenile_shooting_victims,*Juv Shooting Victims,year_to_date,percent_change,percent,2026,2020,6,-100.0,-1.0,-100%,,not_checkable,,,wilmington-compstat-v2,validated
weekly-2026-09-06-r1,weekly_compstat,2026-08-31,2026-09-06,1,dbbe45b033ef4cf2fb49ddad08594d713238006b06de55043335d71a6b5a0f9c,9,district,district_14,District 14,misdemeanor_theft,Theft (Misdemeanor),last_7_days,count,count,2026,,,5,,5,,not_applicable,,,wilmington-compstat-v2,validated
weekly-2026-09-06-r1,weekly_compstat,2026-08-31,2026-09-06,1,dbbe45b033ef4cf2fb49ddad08594d713238006b06de55043335d71a6b5a0f9c,9,district,district_14,District 14,misdemeanor_theft,Theft (Misdemeanor),last_7_days,count,count,2025,,,3,,3,,not_applicable,,,wilmington-compstat-v2,validated
weekly-2026-09-06-r1,weekly_compstat,2026-08-31,2026-09-06,1,dbbe45b033ef4cf2fb49ddad08594d713238006b06de55043335d71a6b5a0f9c,9,district,district_14,District 14,misdemeanor_theft,Theft (Misdemeanor),last_7_days,percent_change,percent,2026,2025,1,67.0,0.67,67%,66.666667,matched,,,wilmington-compstat-v2,validated
weekly-2026-09-06-r1,weekly_compstat,2026-08-31,2026-09-06,1,dbbe45b033ef4cf2fb49ddad08594d713238006b06de55043335d71a6b5a0f9c,9,district,district_14,District 14,misdemeanor_theft,Theft (Misdemeanor),last_28_days,count,count,2026,,,13,,13,,not_applicable,,,wilmington-compstat-v2,validated
weekly-2026-09-06-r1,weekly_compstat,2026-08-31,2026-09-06,1,dbbe45b033ef4cf2fb49ddad08594d713238006b06de55043335d71a6b5a0f9c,9,district,district_14,District 14,misdemeanor_theft,Theft (Misdemeanor),last_28_days,count,count,2025,,,14,,14,,not_applicable,,,wilmington-compstat-v2,validated
weekly-2026-09-06-r1,weekly_compstat,2026-08-31,2026-09-06,1,dbbe45b033ef4cf2fb49ddad08594d713238006b06de55043335d71a6b5a0f9c,9,district,district_14,District 14,misdemeanor_theft,Theft (Misdemeanor),last_28_days,percent_change,percent,2026,2025,1,-7.0,-0.07,-7%,-7.142857,matched,,,wilmington-compstat-v2,validated
weekly-2026-09-06-r1,weekly_compstat,2026-08-31,2026-09-06,1,dbbe45b033ef4cf2fb49ddad08594d713238006b06de55043335d71a6b5a0f9c,9,district,district_14,District 14,misdemeanor_theft,Theft (Misdemeanor),year_to_date,count,count,2026,,,114,,114,,not_applicable,,,wilmington-compstat-v2,validated
weekly-2026-09-06-r1,weekly_compstat,2026-08-31,2026-09-06,1,dbbe45b033ef4cf2fb49ddad08594d713238006b06de55043335d71a6b5a0f9c,9,district,district_14,District 14,misdemeanor_theft,Theft (Misdemeanor),year_to_date,count,count,2025,,,85,,85,,not_applicable,,,wilmington-compstat-v2,validated
weekly-2026-09-06-r1,weekly_compstat,2026-08-31,2026-09-06,1,dbbe45b033ef4cf2fb49ddad08594d713238006b06de55043335d71a6b5a0f9c,9,district,district_14,District 14,misdemeanor_theft,Theft (Misdemeanor),year_to_date,percent_change,percent,2026,2025,1,34.0,0.34,34%,34.117647,matched,,,wilmington-compstat-v2,validated
weekly-2026-09-06-r1,weekly_compstat,2026-08-31,2026-09-06,1,dbbe45b033ef4cf2fb49ddad08594d713238006b06de55043335d71a6b5a0f9c,9,district,district_14,District 14,misdemeanor_theft,Theft (Misdemeanor),year_to_date,percent_change,percent,2026,2024,2,41.0,0.41,41%,,not_checkable,,,wilmington-compstat-v2,validated
weekly-2026-09-06-r1,weekly_compstat,2026-08-31,2026-09-06,1,dbbe45b033ef4cf2fb49ddad08594d713238006b06de55043335d71a6b5a0f9c,9,district,district_14,District 14,misdemeanor_theft,Theft (Misdemeanor),year_to_date,percent_change,percent,2026,2023,3,44.0,0.44,44%,,not_checkable,,,wilmington-compstat-v2,validated
weekly-2026-09-06-r1,weekly_compstat,2026-08-31,2026-09-06,1,dbbe45b033ef4cf2fb49ddad08594d713238006b06de55043335d71a6b5a0f9c,9,district,district_14,District 14,misdemeanor_theft,Theft (Misdemeanor),year_to_date,percent_change,percent,2026,2022,4,4.0,0.04,4%,,not_checkable,,,wilmington-compstat-v2,validated
weekly-2026-09-06-r1,weekly_compstat,2026-08-31,2026-09-06,1,dbbe45b033ef4cf2fb49ddad08594d713238006b06de55043335d71a6b5a0f9c,9,district,district_14,District 14,misdemeanor_theft,Theft (Misdemeanor),year_to_date,percent_change,percent,2026,2021,5,31.0,0.31,31%,,not_checkable,,,wilmington-compstat-v2,validated
weekly-2026-09-06-r1,weekly_compstat,2026-08-31,2026-09-06,1,dbbe45b033ef4cf2fb49ddad08594d713238006b06de55043335d71a6b5a0f9c,9,district,district_14,District 14,misdemeanor_theft,Theft (Misdemeanor),year_to_date,percent_change,percent,2026,2020,6,1.0,0.01,1%,,not_checkable,,,wilmington-compstat-v2,validated
weekly-2026-09-06-r1,weekly_compstat,2026-08-31,2026-09-06,1,dbbe45b033ef4cf2fb49ddad08594d713238006b06de55043335d71a6b5a0f9c,11,sector,sector_2,Sector 2,murder,Murder,last_7_days,count,count,2026,,,0,,0,,not_applicable,,,wilmington-compstat-v2,validated
weekly-2026-09-06-r1,weekly_compstat,2026-08-31,2026-09-06,1,dbbe45b033ef4cf2fb49ddad08594d713238006b06de55043335d71a6b5a0f9c,11,sector,sector_2,Sector 2,murder,Murder,last_7_days,count,count,2025,,,0,,0,,not_applicable,,,wilmington-compstat-v2,validated
weekly-2026-09-06-r1,weekly_compstat,2026-08-31,2026-09-06,1,dbbe45b033ef4cf2fb49ddad08594d713238006b06de55043335d71a6b5a0f9c,11,sector,sector_2,Sector 2,murder,Murder,last_7_days,percent_change,percent,2026,2025,1,,,*,,undefined_zero_denominator,,undefined_zero_denominator,wilmington-compstat-v2,validated
weekly-2026-09-06-r1,weekly_compstat,2026-08-31,2026-09-06,1,dbbe45b033ef4cf2fb49ddad08594d713238006b06de55043335d71a6b5a0f9c,11,sector,sector_2,Sector 2,murder,Murder,last_28_days,count,count,2026,,,0,,0,,not_applicable,,,wilmington-compstat-v2,validated
weekly-2026-09-06-r1,weekly_compstat,2026-08-31,2026-09-06,1,dbbe45b033ef4cf2fb49ddad08594d713238006b06de55043335d71a6b5a0f9c,11,sector,sector_2,Sector 2,murder,Murder,last_28_days,count,count,2025,,,1,,1,,not_applicable,,,wilmington-compstat-v2,validated
weekly-2026-09-06-r1,weekly_compstat,2026-08-31,2026-09-06,1,dbbe45b033ef4cf2fb49ddad08594d713238006b06de55043335d71a6b5a0f9c,11,sector,sector_2,Sector 2,murder,Murder,last_28_days,percent_change,percent,2026,2025,1,-100.0,-1.0,-100%,-100.0,matched,,,wilmington-compstat-v2,validated
weekly-2026-09-06-r1,weekly_compstat,2026-08-31,2026-09-06,1,dbbe45b033ef4cf2fb49ddad08594d713238006b06de55043335d71a6b5a0f9c,11,sector,sector_2,Sector 2,murder,Murder,year_to_date,count,count,2026,,,5,,5,,not_applicable,,,wilmington-compstat-v2,validated
weekly-2026-09-06-r1,weekly_compstat,2026-08-31,2026-09-06,1,dbbe45b033ef4cf2fb49ddad08594d713238006b06de55043335d71a6b5a0f9c,11,sector,sector_2,Sector 2,murder,Murder,year_to_date,count,count,2025,,,4,,4,,not_applicable,,,wilmington-compstat-v2,validated
weekly-2026-09-06-r1,weekly_compstat,2026-08-31,2026-09-06,1,dbbe45b033ef4cf2fb49ddad08594d713238006b06de55043335d71a6b5a0f9c,11,sector,sector_2,Sector 2,murder,Murder,year_to_date,percent_change,percent,2026,2025,1,25.0,0.25,25%,25.0,matched,,,wilmington-compstat-v2,validated
weekly-2026-09-06-r1,weekly_compstat,2026-08-31,2026-09-06,1,dbbe45b033ef4cf2fb49ddad08594d713238006b06de55043335d71a6b5a0f9c,11,sector,sector_2,Sector 2,murder,Murder,year_to_date,percent_change,percent,2026,2024,2,0.0,0.0,0%,,not_checkable,,,wilmington-compstat-v2,validated
weekly-2026-09-06-r1,weekly_compstat,2026-08-31,2026-09-06,1,dbbe45b033ef4cf2fb49ddad08594d713238006b06de55043335d71a6b5a0f9c,11,sector,sector_2,Sector 2,murder,Murder,year_to_date,percent_change,percent,2026,2023,3,150.0,1.5,150%,,not_checkable,,,wilmington-compstat-v2,validated
weekly-2026-09-06-r1,weekly_compstat,2026-08-31,2026-09-06,1,dbbe45b033ef4cf2fb49ddad08594d713238006b06de55043335d71a6b5a0f9c,11,sector,sector_2,Sector 2,murder,Murder,year_to_date,percent_change,percent,2026,2022,4,0.0,0.0,0%,,not_checkable,,,wilmington-compstat-v2,validated
weekly-2026-09-06-r1,weekly_compstat,2026-08-31,2026-09-06,1,dbbe45b033ef4cf2fb49ddad08594d713238006b06de55043335d71a6b5a0f9c,11,sector,sector_2,Sector 2,murder,Murder,year_to_date,percent_change,percent,2026,2021,5,-29.0,-0.29,-29%,,not_checkable,,,wilmington-compstat-v2,validated
weekly-2026-09-06-r1,weekly_compstat,2026-08-31,2026-09-06,1,dbbe45b033ef4cf2fb49ddad08594d713238006b06de55043335d71a6b5a0f9c,11,sector,sector_2,Sector 2,murder,Murder,year_to_date,percent_change,percent,2026,2020,6,-50.0,-0.5,-50%,,not_checkable,,,wilmington-compstat-v2,validated
weekly-2026-09-06-r1,weekly_compstat,2026-08-31,2026-09-06,1,dbbe45b033ef4cf2fb49ddad08594d713238006b06de55043335d71a6b5a0f9c,11,sector,sector_2,Sector 2,rape,Rape,last_7_days,count,count,2026,,,0,,0,,not_applicable,,,wilmington-compstat-v2,validated
weekly-2026-09-06-r1,weekly_compstat,2026-08-31,2026-09-06,1,dbbe45b033ef4cf2fb49ddad08594d713238006b06de55043335d71a6b5a0f9c,11,sector,sector_2,Sector 2,rape,Rape,last_7_days,count,count,2025,,,0,,0,,not_applicable,,,wilmington-compstat-v2,validated
weekly-2026-09-06-r1,weekly_compstat,2026-08-31,2026-09-06,1,dbbe45b033ef4cf2fb49ddad08594d713238006b06de55043335d71a6b5a0f9c,11,sector,sector_2,Sector 2,rape,Rape,last_7_days,percent_change,percent,2026,2025,1,,,*,,undefined_zero_denominator,,undefined_zero_denominator,wilmington-compstat-v2,validated
weekly-2026-09-06-r1,weekly_compstat,2026-08-31,2026-09-06,1,dbbe45b033ef4cf2fb49ddad08594d713238006b06de55043335d71a6b5a0f9c,11,sector,sector_2,Sector 2,rape,Rape,last_28_days,count,count,2026,,,0,,0,,not_applicable,,,wilmington-compstat-v2,validated
weekly-2026-09-06-r1,weekly_compstat,2026-08-31,2026-09-06,1,dbbe45b033ef4cf2fb49ddad08594d713238006b06de55043335d71a6b5a0f9c,11,sector,sector_2,Sector 2,rape,Rape,last_28_days,count,count,2025,,,0,,0,,not_applicable,,,wilmington-compstat-v2,validated
weekly-2026-09-06-r1,weekly_compstat,2026-08-31,2026-09-06,1,dbbe45b033ef4cf2fb49ddad08594d713238006b06de55043335d71a6b5a0f9c,11,sector,sector_2,Sector 2,rape,Rape,last_28_days,percent_change,percent,2026,2025,1,,,*,,undefined_zero_denominator,,undefined_zero_denominator,wilmington-compstat-v2,validated
weekly-2026-09-06-r1,weekly_compstat,2026-08-31,2026-09-06,1,dbbe45b033ef4cf2fb49ddad08594d713238006b06de55043335d71a6b5a0f9c,11,sector,sector_2,Sector 2,rape,Rape,year_to_date,count,count,2026,,,0,,0,,not_applicable,,,wilmington-compstat-v2,validated
weekly-2026-09-06-r1,weekly_compstat,2026-08-31,2026-09-06,1,dbbe45b033ef4cf2fb49ddad08594d713238006b06de55043335d71a6b5a0f9c,11,sector,sector_2,Sector 2,rape,Rape,year_to_date,count,count,2025,,,0,,0,,not_applicable,,,wilmington-compstat-v2,validated
weekly-2026-09-06-r1,weekly_compstat,2026-08-31,2026-09-06,1,dbbe45b033ef4cf2fb49ddad08594d713238006b06de55043335d71a6b5a0f9c,11,sector,sector_2,Sector 2,rape,Rape,year_to_date,percent_change,percent,2026,2025,1,,,*,,undefined_zero_denominator,,undefined_zero_denominator,wilmington-compstat-v2,validated
weekly-2026-09-06-r1,weekly_compstat,2026-08-31,2026-09-06,1,dbbe45b033ef4cf2fb49ddad08594d713238006b06de55043335d71a6b5a0f9c,11,sector,sector_2,Sector 2,rape,Rape,year_to_date,percent_change,percent,2026,2024,2,,,*,,not_checkable,,undefined_zero_denominator,wilmington-compstat-v2,validated
weekly-2026-09-06-r1,weekly_compstat,2026-08-31,2026-09-06,1,dbbe45b033ef4cf2fb49ddad08594d713238006b06de55043335d71a6b5a0f9c,11,sector,sector_2,Sector 2,rape,Rape,year_to_date,percent_change,percent,2026,2023,3,,,*,,not_checkable,,undefined_zero_denominator,wilmington-compstat-v2,validated
weekly-2026-09-06-r1,weekly_compstat,2026-08-31,2026-09-06,1,dbbe45b033ef4cf2fb49ddad08594d713238006b06de55043335d71a6b5a0f9c,11,sector,sector_2,Sector 2,rape,Rape,year_to_date,percent_change,percent,2026,2022,4,-100.0,-1.0,-100%,,not_checkable,,,wilmington-compstat-v2,validated
weekly-2026-09-06-r1,weekly_compstat,2026-08-31,2026-09-06,1,dbbe45b033ef4cf2fb49ddad08594d713238006b06de55043335d71a6b5a0f9c,11,sector,sector_2,Sector 2,rape,Rape,year_to_date,percent_change,percent,2026,2021,5,-100.0,-1.0,-100%,,not_checkable,,,wilmington-compstat-v2,validated
weekly-2026-09-06-r1,weekly_compstat,2026-08-31,2026-09-06,1,dbbe45b033ef4cf2fb49ddad08594d713238006b06de55043335d71a6b5a0f9c,11,sector,sector_2,Sector 2,rape,Rape,year_to_date,percent_change,percent,2026,2020,6,-100.0,-1.0,-100%,,not_checkable,,,wilmington-compstat-v2,validated
weekly-2026-09-06-r1,weekly_compstat,2026-08-31,2026-09-06,1,dbbe45b033ef4cf2fb49ddad08594d713238006b06de55043335d71a6b5a0f9c,11,sector,sector_2,Sector 2,robbery,Robbery,last_7_days,count,count,2026,,,5,,5,,not_applicable,,,wilmington-compstat-v2,validated
weekly-2026-09-06-r1,weekly_compstat,2026-08-31,2026-09-06,1,dbbe45b033ef4cf2fb49ddad08594d713238006b06de55043335d71a6b5a0f9c,11,sector,sector_2,Sector 2,robbery,Robbery,last_7_days,count,count,2025,,,2,,2,,not_applicable,,,wilmington-compstat-v2,validated
weekly-2026-09-06-r1,weekly_compstat,2026-08-31,2026-09-06,1,dbbe45b033ef4cf2fb49ddad08594d713238006b06de55043335d71a6b5a0f9c,11,sector,sector_2,Sector 2,robbery,Robbery,last_7_days,percent_change,percent,2026,2025,1,150.0,1.5,150%,150.0,matched,,,wilmington-compstat-v2,validated
weekly-2026-09-06-r1,weekly_compstat,2026-08-31,2026-09-06,1,dbbe45b033ef4cf2fb49ddad08594d713238006b06de55043335d71a6b5a0f9c,11,sector,sector_2,Sector 2,robbery,Robbery,last_28_days,count,count,2026,,,6,,6,,not_applicable,,,wilmington-compstat-v2,validated
weekly-2026-09-06-r1,weekly_compstat,2026-08-31,2026-09-06,1,dbbe45b033ef4cf2fb49ddad08594d713238006b06de55043335d71a6b5a0f9c,11,sector,sector_2,Sector 2,robbery,Robbery,last_28_days,count,count,2025,,,8,,8,,not_applicable,,,wilmington-compstat-v2,validated
weekly-2026-09-06-r1,weekly_compstat,2026-08-31,2026-09-06,1,dbbe45b033ef4cf2fb49ddad08594d713238006b06de55043335d71a6b5a0f9c,11,sector,sector_2,Sector 2,robbery,Robbery,last_28_days,percent_change,percent,2026,2025,1,-25.0,-0.25,-25%,-25.0,matched,,,wilmington-compstat-v2,validated
weekly-2026-09-06-r1,weekly_compstat,2026-08-31,2026-09-06,1,dbbe45b033ef4cf2fb49ddad08594d713238006b06de55043335d71a6b5a0f9c,11,sector,sector_2,Sector 2,robbery,Robbery,year_to_date,count,count,2026,,,65,,65,,not_applicable,,,wilmington-compstat-v2,validated
weekly-2026-09-06-r1,weekly_compstat,2026-08-31,2026-09-06,1,dbbe45b033ef4cf2fb49ddad08594d713238006b06de55043335d71a6b5a0f9c,11,sector,sector_2,Sector 2,robbery,Robbery,year_to_date,count,count,2025,,,65,,65,,not_applicable,,,wilmington-compstat-v2,validated
weekly-2026-09-06-r1,weekly_compstat,2026-08-31,2026-09-06,1,dbbe45b033ef4cf2fb49ddad08594d713238006b06de55043335d71a6b5a0f9c,11,sector,sector_2,Sector 2,robbery,Robbery,year_to_date,percent_change,percent,2026,2025,1,0.0,0.0,0%,0.0,matched,,,wilmington-compstat-v2,validated
weekly-2026-09-06-r1,weekly_compstat,2026-08-31,2026-09-06,1,dbbe45b033ef4cf2fb49ddad08594d713238006b06de55043335d71a6b5a0f9c,11,sector,sector_2,Sector 2,robbery,Robbery,year_to_date,percent_change,percent,2026,2024,2,14.0,0.14,14%,,not_checkable,,,wilmington-compstat-v2,validated
weekly-2026-09-06-r1,weekly_compstat,2026-08-31,2026-09-06,1,dbbe45b033ef4cf2fb49ddad08594d713238006b06de55043335d71a6b5a0f9c,11,sector,sector_2,Sector 2,robbery,Robbery,year_to_date,percent_change,percent,2026,2023,3,0.0,0.0,0%,,not_checkable,,,wilmington-compstat-v2,validated
weekly-2026-09-06-r1,weekly_compstat,2026-08-31,2026-09-06,1,dbbe45b033ef4cf2fb49ddad08594d713238006b06de55043335d71a6b5a0f9c,11,sector,sector_2,Sector 2,robbery,Robbery,year_to_date,percent_change,percent,2026,2022,4,16.0,0.16,16%,,not_checkable,,,wilmington-compstat-v2,validated
weekly-2026-09-06-r1,weekly_compstat,2026-08-31,2026-09-06,1,dbbe45b033ef4cf2fb49ddad08594d713238006b06de55043335d71a6b5a0f9c,11,sector,sector_2,Sector 2,robbery,Robbery,year_to_date,percent_change,percent,2026,2021,5,63.0,0.63,63%,,not_checkable,,,wilmington-compstat-v2,validated
weekly-2026-09-06-r1,weekly_compstat,2026-08-31,2026-09-06,1,dbbe45b033ef4cf2fb49ddad08594d713238006b06de55043335d71a6b5a0f9c,11,sector,sector_2,Sector 2,robbery,Robbery,year_to_date,percent_change,percent,2026,2020,6,3.0,0.03,3%,,not_checkable,,,wilmington-compstat-v2,validated
weekly-2026-09-06-r1,weekly_compstat,2026-08-31,2026-09-06,1,dbbe45b033ef4cf2fb49ddad08594d713238006b06de55043335d71a6b5a0f9c,11,sector,sector_2,Sector 2,aggravated_assault,Agg. Assault,last_7_days,count,count,2026,,,9,,9,,not_applicable,,,wilmington-compstat-v2,validated
weekly-2026-09-06-r1,weekly_compstat,2026-08-31,2026-09-06,1,dbbe45b033ef4cf2fb49ddad08594d713238006b06de55043335d71a6b5a0f9c,11,sector,sector_2,Sector 2,aggravated_assault,Agg. Assault,last_7_days,count,count,2025,,,1,,1,,not_applicable,,,wilmington-compstat-v2,validated
weekly-2026-09-06-r1,weekly_compstat,2026-08-31,2026-09-06,1,dbbe45b033ef4cf2fb49ddad08594d713238006b06de55043335d71a6b5a0f9c,11,sector,sector_2,Sector 2,aggravated_assault,Agg. Assault,last_7_days,percent_change,percent,2026,2025,1,800.0,8.0,800%,800.0,matched,,,wilmington-compstat-v2,validated
weekly-2026-09-06-r1,weekly_compstat,2026-08-31,2026-09-06,1,dbbe45b033ef4cf2fb49ddad08594d713238006b06de55043335d71a6b5a0f9c,11,sector,sector_2,Sector 2,aggravated_assault,Agg. Assault,last_28_days,count,count,2026,,,23,,23,,not_applicable,,,wilmington-compstat-v2,validated
weekly-2026-09-06-r1,weekly_compstat,2026-08-31,2026-09-06,1,dbbe45b033ef4cf2fb49ddad08594d713238006b06de55043335d71a6b5a0f9c,11,sector,sector_2,Sector 2,aggravated_assault,Agg. Assault,last_28_days,count,count,2025,,,9,,9,,not_applicable,,,wilmington-compstat-v2,validated
weekly-2026-09-06-r1,weekly_compstat,2026-08-31,2026-09-06,1,dbbe45b033ef4cf2fb49ddad08594d713238006b06de55043335d71a6b5a0f9c,11,sector,sector_2,Sector 2,aggravated_assault,Agg. Assault,last_28_days,percent_change,percent,2026,2025,1,156.0,1.56,156%,155.555556,matched,,,wilmington-compstat-v2,validated
weekly-2026-09-06-r1,weekly_compstat,2026-08-31,2026-09-06,1,dbbe45b033ef4cf2fb49ddad08594d713238006b06de55043335d71a6b5a0f9c,11,sector,sector_2,Sector 2,aggravated_assault,Agg. Assault,year_to_date,count,count,2026,,,120,,120,,not_applicable,,,wilmington-compstat-v2,validated
weekly-2026-09-06-r1,weekly_compstat,2026-08-31,2026-09-06,1,dbbe45b033ef4cf2fb49ddad08594d713238006b06de55043335d71a6b5a0f9c,11,sector,sector_2,Sector 2,aggravated_assault,Agg. Assault,year_to_date,count,count,2025,,,94,,94,,not_applicable,,,wilmington-compstat-v2,validated
weekly-2026-09-06-r1,weekly_compstat,2026-08-31,2026-09-06,1,dbbe45b033ef4cf2fb49ddad08594d713238006b06de55043335d71a6b5a0f9c,11,sector,sector_2,Sector 2,aggravated_assault,Agg. Assault,year_to_date,percent_change,percent,2026,2025,1,28.0,0.28,28%,27.659574,matched,,,wilmington-compstat-v2,validated
weekly-2026-09-06-r1,weekly_compstat,2026-08-31,2026-09-06,1,dbbe45b033ef4cf2fb49ddad08594d713238006b06de55043335d71a6b5a0f9c,11,sector,sector_2,Sector 2,aggravated_assault,Agg. Assault,year_to_date,percent_change,percent,2026,2024,2,26.0,0.26,26%,,not_checkable,,,wilmington-compstat-v2,validated
weekly-2026-09-06-r1,weekly_compstat,2026-08-31,2026-09-06,1,dbbe45b033ef4cf2fb49ddad08594d713238006b06de55043335d71a6b5a0f9c,11,sector,sector_2,Sector 2,aggravated_assault,Agg. Assault,year_to_date,percent_change,percent,2026,2023,3,-9.0,-0.09,-9%,,not_checkable,,,wilmington-compstat-v2,validated
weekly-2026-09-06-r1,weekly_compstat,2026-08-31,2026-09-06,1,dbbe45b033ef4cf2fb49ddad08594d713238006b06de55043335d71a6b5a0f9c,11,sector,sector_2,Sector 2,aggravated_assault,Agg. Assault,year_to_date,percent_change,percent,2026,2022,4,17.0,0.17,17%,,not_checkable,,,wilmington-compstat-v2,validated
weekly-2026-09-06-r1,weekly_compstat,2026-08-31,2026-09-06,1,dbbe45b033ef4cf2fb49ddad08594d713238006b06de55043335d71a6b5a0f9c,11,sector,sector_2,Sector 2,aggravated_assault,Agg. Assault,year_to_date,percent_change,percent,2026,2021,5,-4.0,-0.04,-4%,,not_checkable,,,wilmington-compstat-v2,validated
weekly-2026-09-06-r1,weekly_compstat,2026-08-31,2026-09-06,1,dbbe45b033ef4cf2fb49ddad08594d713238006b06de55043335d71a6b5a0f9c,11,sector,sector_2,Sector 2,aggravated_assault,Agg. Assault,year_to_date,percent_change,percent,2026,2020,6,7.0,0.07,7%,,not_checkable,,,wilmington-compstat-v2,validated
weekly-2026-09-06-r1,weekly_compstat,2026-08-31,2026-09-06,1,dbbe45b033ef4cf2fb49ddad08594d713238006b06de55043335d71a6b5a0f9c,11,sector,sector_2,Sector 2,burglary,Burglary,last_7_days,count,count,2026,,,0,,0,,not_applicable,,,wilmington-compstat-v2,validated
weekly-2026-09-06-r1,weekly_compstat,2026-08-31,2026-09-06,1,dbbe45b033ef4cf2fb49ddad08594d713238006b06de55043335d71a6b5a0f9c,11,sector,sector_2,Sector 2,burglary,Burglary,last_7_days,count,count,2025,,,1,,1,,not_applicable,,,wilmington-compstat-v2,validated
weekly-2026-09-06-r1,weekly_compstat,2026-08-31,2026-09-06,1,dbbe45b033ef4cf2fb49ddad08594d713238006b06de55043335d71a6b5a0f9c,11,sector,sector_2,Sector 2,burglary,Burglary,last_7_days,percent_change,percent,2026,2025,1,-100.0,-1.0,-100%,-100.0,matched,,,wilmington-compstat-v2,validated
weekly-2026-09-06-r1,weekly_compstat,2026-08-31,2026-09-06,1,dbbe45b033ef4cf2fb49ddad08594d713238006b06de55043335d71a6b5a0f9c,11,sector,sector_2,Sector 2,burglary,Burglary,last_28_days,count,count,2026,,,8,,8,,not_applicable,,,wilmington-compstat-v2,validated
weekly-2026-09-06-r1,weekly_compstat,2026-08-31,2026-09-06,1,dbbe45b033ef4cf2fb49ddad08594d713238006b06de55043335d71a6b5a0f9c,11,sector,sector_2,Sector 2,burglary,Burglary,last_28_days,count,count,2025,,,14,,14,,not_applicable,,,wilmington-compstat-v2,validated
weekly-2026-09-06-r1,weekly_compstat,2026-08-31,2026-09-06,1,dbbe45b033ef4cf2fb49ddad08594d713238006b06de55043335d71a6b5a0f9c,11,sector,sector_2,Sector 2,burglary,Burglary,last_28_days,percent_change,percent,2026,2025,1,-43.0,-0.43,-43%,-42.857143,matched,,,wilmington-compstat-v2,validated
weekly-2026-09-06-r1,weekly_compstat,2026-08-31,2026-09-06,1,dbbe45b033ef4cf2fb49ddad08594d713238006b06de55043335d71a6b5a0f9c,11,sector,sector_2,Sector 2,burglary,Burglary,year_to_date,count,count,2026,,,84,,84,,not_applicable,,,wilmington-compstat-v2,validated
weekly-2026-09-06-r1,weekly_compstat,2026-08-31,2026-09-06,1,dbbe45b033ef4cf2fb49ddad08594d713238006b06de55043335d71a6b5a0f9c,11,sector,sector_2,Sector 2,burglary,Burglary,year_to_date,count,count,2025,,,91,,91,,not_applicable,,,wilmington-compstat-v2,validated
weekly-2026-09-06-r1,weekly_compstat,2026-08-31,2026-09-06,1,dbbe45b033ef4cf2fb49ddad08594d713238006b06de55043335d71a6b5a0f9c,11,sector,sector_2,Sector 2,burglary,Burglary,year_to_date,percent_change,percent,2026,2025,1,-8.0,-0.08,-8%,-7.692308,matched,,,wilmington-compstat-v2,validated
weekly-2026-09-06-r1,weekly_compstat,2026-08-31,2026-09-06,1,dbbe45b033ef4cf2fb49ddad08594d713238006b06de55043335d71a6b5a0f9c,11,sector,sector_2,Sector 2,burglary,Burglary,year_to_date,percent_change,percent,2026,2024,2,-7.0,-0.07,-7%,,not_checkable,,,wilmington-compstat-v2,validated
weekly-2026-09-06-r1,weekly_compstat,2026-08-31,2026-09-06,1,dbbe45b033ef4cf2fb49ddad08594d713238006b06de55043335d71a6b5a0f9c,11,sector,sector_2,Sector 2,burglary,Burglary,year_to_date,percent_change,percent,2026,2023,3,-13.0,-0.13,-13%,,not_checkable,,,wilmington-compstat-v2,validated
weekly-2026-09-06-r1,weekly_compstat,2026-08-31,2026-09-06,1,dbbe45b033ef4cf2fb49ddad08594d713238006b06de55043335d71a6b5a0f9c,11,sector,sector_2,Sector 2,burglary,Burglary,year_to_date,percent_change,percent,2026,2022,4,2.0,0.02,2%,,not_checkable,,,wilmington-compstat-v2,validated
weekly-2026-09-06-r1,weekly_compstat,2026-08-31,2026-09-06,1,dbbe45b033ef4cf2fb49ddad08594d713238006b06de55043335d71a6b5a0f9c,11,sector,sector_2,Sector 2,burglary,Burglary,year_to_date,percent_change,percent,2026,2021,5,-16.0,-0.16,-16%,,not_checkable,,,wilmington-compstat-v2,validated
weekly-2026-09-06-r1,weekly_compstat,2026-08-31,2026-09-06,1,dbbe45b033ef4cf2fb49ddad08594d713238006b06de55043335d71a6b5a0f9c,11,sector,sector_2,Sector 2,burglary,Burglary,year_to_date,percent_change,percent,2026,2020,6,-30.0,-0.3,-30%,,not_checkable,,,wilmington-compstat-v2,validated
weekly-2026-09-06-r1,weekly_compstat,2026-08-31,2026-09-06,1,dbbe45b033ef4cf2fb49ddad08594d713238006b06de55043335d71a6b5a0f9c,11,sector,sector_2,Sector 2,felony_theft,Felony Theft,last_7_days,count,count,2026,,,4,,4,,not_applicable,,,wilmington-compstat-v2,validated
weekly-2026-09-06-r1,weekly_compstat,2026-08-31,2026-09-06,1,dbbe45b033ef4cf2fb49ddad08594d713238006b06de55043335d71a6b5a0f9c,11,sector,sector_2,Sector 2,felony_theft,Felony Theft,last_7_days,count,count,2025,,,3,,3,,not_applicable,,,wilmington-compstat-v2,validated
weekly-2026-09-06-r1,weekly_compstat,2026-08-31,2026-09-06,1,dbbe45b033ef4cf2fb49ddad08594d713238006b06de55043335d71a6b5a0f9c,11,sector,sector_2,Sector 2,felony_theft,Felony Theft,last_7_days,percent_change,percent,2026,2025,1,33.0,0.33,33%,33.333333,matched,,,wilmington-compstat-v2,validated
weekly-2026-09-06-r1,weekly_compstat,2026-08-31,2026-09-06,1,dbbe45b033ef4cf2fb49ddad08594d713238006b06de55043335d71a6b5a0f9c,11,sector,sector_2,Sector 2,felony_theft,Felony Theft,last_28_days,count,count,2026,,,14,,14,,not_applicable,,,wilmington-compstat-v2,validated
weekly-2026-09-06-r1,weekly_compstat,2026-08-31,2026-09-06,1,dbbe45b033ef4cf2fb49ddad08594d713238006b06de55043335d71a6b5a0f9c,11,sector,sector_2,Sector 2,felony_theft,Felony Theft,last_28_days,count,count,2025,,,10,,10,,not_applicable,,,wilmington-compstat-v2,validated
weekly-2026-09-06-r1,weekly_compstat,2026-08-31,2026-09-06,1,dbbe45b033ef4cf2fb49ddad08594d713238006b06de55043335d71a6b5a0f9c,11,sector,sector_2,Sector 2,felony_theft,Felony Theft,last_28_days,percent_change,percent,2026,2025,1,40.0,0.4,40%,40.0,matched,,,wilmington-compstat-v2,validated
weekly-2026-09-06-r1,weekly_compstat,2026-08-31,2026-09-06,1,dbbe45b033ef4cf2fb49ddad08594d713238006b06de55043335d71a6b5a0f9c,11,sector,sector_2,Sector 2,felony_theft,Felony Theft,year_to_date,count,count,2026,,,62,,62,,not_applicable,,,wilmington-compstat-v2,validated
weekly-2026-09-06-r1,weekly_compstat,2026-08-31,2026-09-06,1,dbbe45b033ef4cf2fb49ddad08594d713238006b06de55043335d71a6b5a0f9c,11,sector,sector_2,Sector 2,felony_theft,Felony Theft,year_to_date,count,count,2025,,,67,,67,,not_applicable,,,wilmington-compstat-v2,validated
weekly-2026-09-06-r1,weekly_compstat,2026-08-31,2026-09-06,1,dbbe45b033ef4cf2fb49ddad08594d713238006b06de55043335d71a6b5a0f9c,11,sector,sector_2,Sector 2,felony_theft,Felony Theft,year_to_date,percent_change,percent,2026,2025,1,-7.0,-0.07,-7%,-7.462687,matched,,,wilmington-compstat-v2,validated
weekly-2026-09-06-r1,weekly_compstat,2026-08-31,2026-09-06,1,dbbe45b033ef4cf2fb49ddad08594d713238006b06de55043335d71a6b5a0f9c,11,sector,sector_2,Sector 2,felony_theft,Felony Theft,year_to_date,percent_change,percent,2026,2024,2,-19.0,-0.19,-19%,,not_checkable,,,wilmington-compstat-v2,validated
weekly-2026-09-06-r1,weekly_compstat,2026-08-31,2026-09-06,1,dbbe45b033ef4cf2fb49ddad08594d713238006b06de55043335d71a6b5a0f9c,11,sector,sector_2,Sector 2,felony_theft,Felony Theft,year_to_date,percent_change,percent,2026,2023,3,-15.0,-0.15,-15%,,not_checkable,,,wilmington-compstat-v2,validated
weekly-2026-09-06-r1,weekly_compstat,2026-08-31,2026-09-06,1,dbbe45b033ef4cf2fb49ddad08594d713238006b06de55043335d71a6b5a0f9c,11,sector,sector_2,Sector 2,felony_theft,Felony Theft,year_to_date,percent_change,percent,2026,2022,4,-23.0,-0.23,-23%,,not_checkable,,,wilmington-compstat-v2,validated
weekly-2026-09-06-r1,weekly_compstat,2026-08-31,2026-09-06,1,dbbe45b033ef4cf2fb49ddad08594d713238006b06de55043335d71a6b5a0f9c,11,sector,sector_2,Sector 2,felony_theft,Felony Theft,year_to_date,percent_change,percent,2026,2021,5,17.0,0.17,17%,,not_checkable,,,wilmington-compstat-v2,validated
weekly-2026-09-06-r1,weekly_compstat,2026-08-31,2026-09-06,1,dbbe45b033ef4cf2fb49ddad08594d713238006b06de55043335d71a6b5a0f9c,11,sector,sector_2,Sector 2,felony_theft,Felony Theft,year_to_date,percent_change,percent,2026,2020,6,19.0,0.19,19%,,not_checkable,,,wilmington-compstat-v2,validated
weekly-2026-09-06-r1,weekly_compstat,2026-08-31,2026-09-06,1,dbbe45b033ef4cf2fb49ddad08594d713238006b06de55043335d71a6b5a0f9c,11,sector,sector_2,Sector 2,auto_theft,Auto Theft,last_7_days,count,count,2026,,,1,,1,,not_applicable,,,wilmington-compstat-v2,validated
weekly-2026-09-06-r1,weekly_compstat,2026-08-31,2026-09-06,1,dbbe45b033ef4cf2fb49ddad08594d713238006b06de55043335d71a6b5a0f9c,11,sector,sector_2,Sector 2,auto_theft,Auto Theft,last_7_days,count,count,2025,,,5,,5,,not_applicable,,,wilmington-compstat-v2,validated
weekly-2026-09-06-r1,weekly_compstat,2026-08-31,2026-09-06,1,dbbe45b033ef4cf2fb49ddad08594d713238006b06de55043335d71a6b5a0f9c,11,sector,sector_2,Sector 2,auto_theft,Auto Theft,last_7_days,percent_change,percent,2026,2025,1,-80.0,-0.8,-80%,-80.0,matched,,,wilmington-compstat-v2,validated
weekly-2026-09-06-r1,weekly_compstat,2026-08-31,2026-09-06,1,dbbe45b033ef4cf2fb49ddad08594d713238006b06de55043335d71a6b5a0f9c,11,sector,sector_2,Sector 2,auto_theft,Auto Theft,last_28_days,count,count,2026,,,9,,9,,not_applicable,,,wilmington-compstat-v2,validated
weekly-2026-09-06-r1,weekly_compstat,2026-08-31,2026-09-06,1,dbbe45b033ef4cf2fb49ddad08594d713238006b06de55043335d71a6b5a0f9c,11,sector,sector_2,Sector 2,auto_theft,Auto Theft,last_28_days,count,count,2025,,,10,,10,,not_applicable,,,wilmington-compstat-v2,validated
weekly-2026-09-06-r1,weekly_compstat,2026-08-31,2026-09-06,1,dbbe45b033ef4cf2fb49ddad08594d713238006b06de55043335d71a6b5a0f9c,11,sector,sector_2,Sector 2,auto_theft,Auto Theft,last_28_days,percent_change,percent,2026,2025,1,-10.0,-0.1,-10%,-10.0,matched,,,wilmington-compstat-v2,validated
weekly-2026-09-06-r1,weekly_compstat,2026-08-31,2026-09-06,1,dbbe45b033ef4cf2fb49ddad08594d713238006b06de55043335d71a6b5a0f9c,11,sector,sector_2,Sector 2,auto_theft,Auto Theft,year_to_date,count,count,2026,,,48,,48,,not_applicable,,,wilmington-compstat-v2,validated
weekly-2026-09-06-r1,weekly_compstat,2026-08-31,2026-09-06,1,dbbe45b033ef4cf2fb49ddad08594d713238006b06de55043335d71a6b5a0f9c,11,sector,sector_2,Sector 2,auto_theft,Auto Theft,year_to_date,count,count,2025,,,62,,62,,not_applicable,,,wilmington-compstat-v2,validated
weekly-2026-09-06-r1,weekly_compstat,2026-08-31,2026-09-06,1,dbbe45b033ef4cf2fb49ddad08594d713238006b06de55043335d71a6b5a0f9c,11,sector,sector_2,Sector 2,auto_theft,Auto Theft,year_to_date,percent_change,percent,2026,2025,1,-23.0,-0.23,-23%,-22.580645,matched,,,wilmington-compstat-v2,validated
weekly-2026-09-06-r1,weekly_compstat,2026-08-31,2026-09-06,1,dbbe45b033ef4cf2fb49ddad08594d713238006b06de55043335d71a6b5a0f9c,11,sector,sector_2,Sector 2,auto_theft,Auto Theft,year_to_date,percent_change,percent,2026,2024,2,-38.0,-0.38,-38%,,not_checkable,,,wilmington-compstat-v2,validated
weekly-2026-09-06-r1,weekly_compstat,2026-08-31,2026-09-06,1,dbbe45b033ef4cf2fb49ddad08594d713238006b06de55043335d71a6b5a0f9c,11,sector,sector_2,Sector 2,auto_theft,Auto Theft,year_to_date,percent_change,percent,2026,2023,3,-51.0,-0.51,-51%,,not_checkable,,,wilmington-compstat-v2,validated
weekly-2026-09-06-r1,weekly_compstat,2026-08-31,2026-09-06,1,dbbe45b033ef4cf2fb49ddad08594d713238006b06de55043335d71a6b5a0f9c,11,sector,sector_2,Sector 2,auto_theft,Auto Theft,year_to_date,percent_change,percent,2026,2022,4,-21.0,-0.21,-21%,,not_checkable,,,wilmington-compstat-v2,validated
weekly-2026-09-06-r1,weekly_compstat,2026-08-31,2026-09-06,1,dbbe45b033ef4cf2fb49ddad08594d713238006b06de55043335d71a6b5a0f9c,11,sector,sector_2,Sector 2,auto_theft,Auto Theft,year_to_date,percent_change,percent,2026,2021,5,-38.0,-0.38,-38%,,not_checkable,,,wilmington-compstat-v2,validated
weekly-2026-09-06-r1,weekly_compstat,2026-08-31,2026-09-06,1,dbbe45b033ef4cf2fb49ddad08594d713238006b06de55043335d71a6b5a0f9c,11,sector,sector_2,Sector 2,auto_theft,Auto Theft,year_to_date,percent_change,percent,2026,2020,6,-41.0,-0.41,-41%,,not_checkable,,,wilmington-compstat-v2,validated
weekly-2026-09-06-r1,weekly_compstat,2026-08-31,2026-09-06,1,dbbe45b033ef4cf2fb49ddad08594d713238006b06de55043335d71a6b5a0f9c,11,sector,sector_2,Sector 2,major_crime_total,TOTAL,last_7_days,count,count,2026,,,19,,19,,not_applicable,,,wilmington-compstat-v2,validated
weekly-2026-09-06-r1,weekly_compstat,2026-08-31,2026-09-06,1,dbbe45b033ef4cf2fb49ddad08594d713238006b06de55043335d71a6b5a0f9c,11,sector,sector_2,Sector 2,major_crime_total,TOTAL,last_7_days,count,count,2025,,,12,,12,,not_applicable,,,wilmington-compstat-v2,validated
weekly-2026-09-06-r1,weekly_compstat,2026-08-31,2026-09-06,1,dbbe45b033ef4cf2fb49ddad08594d713238006b06de55043335d71a6b5a0f9c,11,sector,sector_2,Sector 2,major_crime_total,TOTAL,last_7_days,percent_change,percent,2026,2025,1,58.0,0.58,58%,58.333333,matched,,,wilmington-compstat-v2,validated
weekly-2026-09-06-r1,weekly_compstat,2026-08-31,2026-09-06,1,dbbe45b033ef4cf2fb49ddad08594d713238006b06de55043335d71a6b5a0f9c,11,sector,sector_2,Sector 2,major_crime_total,TOTAL,last_28_days,count,count,2026,,,60,,60,,not_applicable,,,wilmington-compstat-v2,validated
weekly-2026-09-06-r1,weekly_compstat,2026-08-31,2026-09-06,1,dbbe45b033ef4cf2fb49ddad08594d713238006b06de55043335d71a6b5a0f9c,11,sector,sector_2,Sector 2,major_crime_total,TOTAL,last_28_days,count,count,2025,,,52,,52,,not_applicable,,,wilmington-compstat-v2,validated
weekly-2026-09-06-r1,weekly_compstat,2026-08-31,2026-09-06,1,dbbe45b033ef4cf2fb49ddad08594d713238006b06de55043335d71a6b5a0f9c,11,sector,sector_2,Sector 2,major_crime_total,TOTAL,last_28_days,percent_change,percent,2026,2025,1,15.0,0.15,15%,15.384615,matched,,,wilmington-compstat-v2,validated
weekly-2026-09-06-r1,weekly_compstat,2026-08-31,2026-09-06,1,dbbe45b033ef4cf2fb49ddad08594d713238006b06de55043335d71a6b5a0f9c,11,sector,sector_2,Sector 2,major_crime_total,TOTAL,year_to_date,count,count,2026,,,384,,384,,not_applicable,,,wilmington-compstat-v2,validated
weekly-2026-09-06-r1,weekly_compstat,2026-08-31,2026-09-06,1,dbbe45b033ef4cf2fb49ddad08594d713238006b06de55043335d71a6b5a0f9c,11,sector,sector_2,Sector 2,major_crime_total,TOTAL,year_to_date,count,count,2025,,,383,,383,,not_applicable,,,wilmington-compstat-v2,validated
weekly-2026-09-06-r1,weekly_compstat,2026-08-31,2026-09-06,1,dbbe45b033ef4cf2fb49ddad08594d713238006b06de55043335d71a6b5a0f9c,11,sector,sector_2,Sector 2,major_crime_total,TOTAL,year_to_date,percent_change,percent,2026,2025,1,0.0,0.0,0%,0.261097,matched,,,wilmington-compstat-v2,validated
weekly-2026-09-06-r1,weekly_compstat,2026-08-31,2026-09-06,1,dbbe45b033ef4cf2fb49ddad08594d713238006b06de55043335d71a6b5a0f9c,11,sector,sector_2,Sector 2,major_crime_total,TOTAL,year_to_date,percent_change,percent,2026,2024,2,-4.0,-0.04,-4%,,not_checkable,,,wilmington-compstat-v2,validated
weekly-2026-09-06-r1,weekly_compstat,2026-08-31,2026-09-06,1,dbbe45b033ef4cf2fb49ddad08594d713238006b06de55043335d71a6b5a0f9c,11,sector,sector_2,Sector 2,major_crime_total,TOTAL,year_to_date,percent_change,percent,2026,2023,3,-17.0,-0.17,-17%,,not_checkable,,,wilmington-compstat-v2,validated
weekly-2026-09-06-r1,weekly_compstat,2026-08-31,2026-09-06,1,dbbe45b033ef4cf2fb49ddad08594d713238006b06de55043335d71a6b5a0f9c,11,sector,sector_2,Sector 2,major_crime_total,TOTAL,year_to_date,percent_change,percent,2026,2022,4,-2.0,-0.02,-2%,,not_checkable,,,wilmington-compstat-v2,validated
weekly-2026-09-06-r1,weekly_compstat,2026-08-31,2026-09-06,1,dbbe45b033ef4cf2fb49ddad08594d713238006b06de55043335d71a6b5a0f9c,11,sector,sector_2,Sector 2,major_crime_total,TOTAL,year_to_date,percent_change,percent,2026,2021,5,-5.0,-0.05,-5%,,not_checkable,,,wilmington-compstat-v2,validated
weekly-2026-09-06-r1,weekly_compstat,2026-08-31,2026-09-06,1,dbbe45b033ef4cf2fb49ddad08594d713238006b06de55043335d71a6b5a0f9c,11,sector,sector_2,Sector 2,major_crime_total,TOTAL,year_to_date,percent_change,percent,2026,2020,6,-13.0,-0.13,-13%,,not_checkable,,,wilmington-compstat-v2,validated
weekly-2026-09-06-r1,weekly_compstat,2026-08-31,2026-09-06,1,dbbe45b033ef4cf2fb49ddad08594d713238006b06de55043335d71a6b5a0f9c,11,sector,sector_2,Sector 2,shooting_incidents,Shooting Incidents,last_7_days,count,count,2026,,,2,,2,,not_applicable,,,wilmington-compstat-v2,validated
weekly-2026-09-06-r1,weekly_compstat,2026-08-31,2026-09-06,1,dbbe45b033ef4cf2fb49ddad08594d713238006b06de55043335d71a6b5a0f9c,11,sector,sector_2,Sector 2,shooting_incidents,Shooting Incidents,last_7_days,count,count,2025,,,0,,0,,not_applicable,,,wilmington-compstat-v2,validated
weekly-2026-09-06-r1,weekly_compstat,2026-08-31,2026-09-06,1,dbbe45b033ef4cf2fb49ddad08594d713238006b06de55043335d71a6b5a0f9c,11,sector,sector_2,Sector 2,shooting_incidents,Shooting Incidents,last_7_days,percent_change,percent,2026,2025,1,,,*,,undefined_zero_denominator,,undefined_zero_denominator,wilmington-compstat-v2,validated
weekly-2026-09-06-r1,weekly_compstat,2026-08-31,2026-09-06,1,dbbe45b033ef4cf2fb49ddad08594d713238006b06de55043335d71a6b5a0f9c,11,sector,sector_2,Sector 2,shooting_incidents,Shooting Incidents,last_28_days,count,count,2026,,,4,,4,,not_applicable,,,wilmington-compstat-v2,validated
weekly-2026-09-06-r1,weekly_compstat,2026-08-31,2026-09-06,1,dbbe45b033ef4cf2fb49ddad08594d713238006b06de55043335d71a6b5a0f9c,11,sector,sector_2,Sector 2,shooting_incidents,Shooting Incidents,last_28_days,count,count,2025,,,2,,2,,not_applicable,,,wilmington-compstat-v2,validated
weekly-2026-09-06-r1,weekly_compstat,2026-08-31,2026-09-06,1,dbbe45b033ef4cf2fb49ddad08594d713238006b06de55043335d71a6b5a0f9c,11,sector,sector_2,Sector 2,shooting_incidents,Shooting Incidents,last_28_days,percent_change,percent,2026,2025,1,100.0,1.0,100%,100.0,matched,,,wilmington-compstat-v2,validated
weekly-2026-09-06-r1,weekly_compstat,2026-08-31,2026-09-06,1,dbbe45b033ef4cf2fb49ddad08594d713238006b06de55043335d71a6b5a0f9c,11,sector,sector_2,Sector 2,shooting_incidents,Shooting Incidents,year_to_date,count,count,2026,,,20,,20,,not_applicable,,,wilmington-compstat-v2,validated
weekly-2026-09-06-r1,weekly_compstat,2026-08-31,2026-09-06,1,dbbe45b033ef4cf2fb49ddad08594d713238006b06de55043335d71a6b5a0f9c,11,sector,sector_2,Sector 2,shooting_incidents,Shooting Incidents,year_to_date,count,count,2025,,,12,,12,,not_applicable,,,wilmington-compstat-v2,validated
weekly-2026-09-06-r1,weekly_compstat,2026-08-31,2026-09-06,1,dbbe45b033ef4cf2fb49ddad08594d713238006b06de55043335d71a6b5a0f9c,11,sector,sector_2,Sector 2,shooting_incidents,Shooting Incidents,year_to_date,percent_change,percent,2026,2025,1,67.0,0.67,67%,66.666667,matched,,,wilmington-compstat-v2,validated
weekly-2026-09-06-r1,weekly_compstat,2026-08-31,2026-09-06,1,dbbe45b033ef4cf2fb49ddad08594d713238006b06de55043335d71a6b5a0f9c,11,sector,sector_2,Sector 2,shooting_incidents,Shooting Incidents,year_to_date,percent_change,percent,2026,2024,2,-23.0,-0.23,-23%,,not_checkable,,,wilmington-compstat-v2,validated
weekly-2026-09-06-r1,weekly_compstat,2026-08-31,2026-09-06,1,dbbe45b033ef4cf2fb49ddad08594d713238006b06de55043335d71a6b5a0f9c,11,sector,sector_2,Sector 2,shooting_incidents,Shooting Incidents,year_to_date,percent_change,percent,2026,2023,3,-5.0,-0.05,-5%,,not_checkable,,,wilmington-compstat-v2,validated
weekly-2026-09-06-r1,weekly_compstat,2026-08-31,2026-09-06,1,dbbe45b033ef4cf2fb49ddad08594d713238006b06de55043335d71a6b5a0f9c,11,sector,sector_2,Sector 2,shooting_incidents,Shooting Incidents,year_to_date,percent_change,percent,2026,2022,4,-9.0,-0.09,-9%,,not_checkable,,,wilmington-compstat-v2,validated
weekly-2026-09-06-r1,weekly_compstat,2026-08-31,2026-09-06,1,dbbe45b033ef4cf2fb49ddad08594d713238006b06de55043335d71a6b5a0f9c,11,sector,sector_2,Sector 2,shooting_incidents,Shooting Incidents,year_to_date,percent_change,percent,2026,2021,5,-39.0,-0.39,-39%,,not_checkable,,,wilmington-compstat-v2,validated
weekly-2026-09-06-r1,weekly_compstat,2026-08-31,2026-09-06,1,dbbe45b033ef4cf2fb49ddad08594d713238006b06de55043335d71a6b5a0f9c,11,sector,sector_2,Sector 2,shooting_incidents,Shooting Incidents,year_to_date,percent_change,percent,2026,2020,6,-47.0,-0.47,-47%,,not_checkable,,,wilmington-compstat-v2,validated
weekly-2026-09-06-r1,weekly_compstat,2026-08-31,2026-09-06,1,dbbe45b033ef4cf2fb49ddad08594d713238006b06de55043335d71a6b5a0f9c,11,sector,sector_2,Sector 2,shooting_victims,Shooting Victims,last_7_days,count,count,2026,,,4,,4,,not_applicable,,,wilmington-compstat-v2,validated
weekly-2026-09-06-r1,weekly_compstat,2026-08-31,2026-09-06,1,dbbe45b033ef4cf2fb49ddad08594d713238006b06de55043335d71a6b5a0f9c,11,sector,sector_2,Sector 2,shooting_victims,Shooting Victims,last_7_days,count,count,2025,,,0,,0,,not_applicable,,,wilmington-compstat-v2,validated
weekly-2026-09-06-r1,weekly_compstat,2026-08-31,2026-09-06,1,dbbe45b033ef4cf2fb49ddad08594d713238006b06de55043335d71a6b5a0f9c,11,sector,sector_2,Sector 2,shooting_victims,Shooting Victims,last_7_days,percent_change,percent,2026,2025,1,,,*,,undefined_zero_denominator,,undefined_zero_denominator,wilmington-compstat-v2,validated
weekly-2026-09-06-r1,weekly_compstat,2026-08-31,2026-09-06,1,dbbe45b033ef4cf2fb49ddad08594d713238006b06de55043335d71a6b5a0f9c,11,sector,sector_2,Sector 2,shooting_victims,Shooting Victims,last_28_days,count,count,2026,,,9,,9,,not_applicable,,,wilmington-compstat-v2,validated
weekly-2026-09-06-r1,weekly_compstat,2026-08-31,2026-09-06,1,dbbe45b033ef4cf2fb49ddad08594d713238006b06de55043335d71a6b5a0f9c,11,sector,sector_2,Sector 2,shooting_victims,Shooting Victims,last_28_days,count,count,2025,,,3,,3,,not_applicable,,,wilmington-compstat-v2,validated
weekly-2026-09-06-r1,weekly_compstat,2026-08-31,2026-09-06,1,dbbe45b033ef4cf2fb49ddad08594d713238006b06de55043335d71a6b5a0f9c,11,sector,sector_2,Sector 2,shooting_victims,Shooting Victims,last_28_days,percent_change,percent,2026,2025,1,200.0,2.0,200%,200.0,matched,,,wilmington-compstat-v2,validated
weekly-2026-09-06-r1,weekly_compstat,2026-08-31,2026-09-06,1,dbbe45b033ef4cf2fb49ddad08594d713238006b06de55043335d71a6b5a0f9c,11,sector,sector_2,Sector 2,shooting_victims,Shooting Victims,year_to_date,count,count,2026,,,29,,29,,not_applicable,,,wilmington-compstat-v2,validated
weekly-2026-09-06-r1,weekly_compstat,2026-08-31,2026-09-06,1,dbbe45b033ef4cf2fb49ddad08594d713238006b06de55043335d71a6b5a0f9c,11,sector,sector_2,Sector 2,shooting_victims,Shooting Victims,year_to_date,count,count,2025,,,14,,14,,not_applicable,,,wilmington-compstat-v2,validated
weekly-2026-09-06-r1,weekly_compstat,2026-08-31,2026-09-06,1,dbbe45b033ef4cf2fb49ddad08594d713238006b06de55043335d71a6b5a0f9c,11,sector,sector_2,Sector 2,shooting_victims,Shooting Victims,year_to_date,percent_change,percent,2026,2025,1,107.0,1.07,107%,107.142857,matched,,,wilmington-compstat-v2,validated
weekly-2026-09-06-r1,weekly_compstat,2026-08-31,2026-09-06,1,dbbe45b033ef4cf2fb49ddad08594d713238006b06de55043335d71a6b5a0f9c,11,sector,sector_2,Sector 2,shooting_victims,Shooting Victims,year_to_date,percent_change,percent,2026,2024,2,0.0,0.0,0%,,not_checkable,,,wilmington-compstat-v2,validated
weekly-2026-09-06-r1,weekly_compstat,2026-08-31,2026-09-06,1,dbbe45b033ef4cf2fb49ddad08594d713238006b06de55043335d71a6b5a0f9c,11,sector,sector_2,Sector 2,shooting_victims,Shooting Victims,year_to_date,percent_change,percent,2026,2023,3,4.0,0.04,4%,,not_checkable,,,wilmington-compstat-v2,validated
weekly-2026-09-06-r1,weekly_compstat,2026-08-31,2026-09-06,1,dbbe45b033ef4cf2fb49ddad08594d713238006b06de55043335d71a6b5a0f9c,11,sector,sector_2,Sector 2,shooting_victims,Shooting Victims,year_to_date,percent_change,percent,2026,2022,4,4.0,0.04,4%,,not_checkable,,,wilmington-compstat-v2,validated
weekly-2026-09-06-r1,weekly_compstat,2026-08-31,2026-09-06,1,dbbe45b033ef4cf2fb49ddad08594d713238006b06de55043335d71a6b5a0f9c,11,sector,sector_2,Sector 2,shooting_victims,Shooting Victims,year_to_date,percent_change,percent,2026,2021,5,-38.0,-0.38,-38%,,not_checkable,,,wilmington-compstat-v2,validated
weekly-2026-09-06-r1,weekly_compstat,2026-08-31,2026-09-06,1,dbbe45b033ef4cf2fb49ddad08594d713238006b06de55043335d71a6b5a0f9c,11,sector,sector_2,Sector 2,shooting_victims,Shooting Victims,year_to_date,percent_change,percent,2026,2020,6,-40.0,-0.4,-40%,,not_checkable,,,wilmington-compstat-v2,validated
weekly-2026-09-06-r1,weekly_compstat,2026-08-31,2026-09-06,1,dbbe45b033ef4cf2fb49ddad08594d713238006b06de55043335d71a6b5a0f9c,11,sector,sector_2,Sector 2,juvenile_shooting_incidents,*Juv Shooting Incidents,last_7_days,count,count,2026,,,0,,0,,not_applicable,,,wilmington-compstat-v2,validated
weekly-2026-09-06-r1,weekly_compstat,2026-08-31,2026-09-06,1,dbbe45b033ef4cf2fb49ddad08594d713238006b06de55043335d71a6b5a0f9c,11,sector,sector_2,Sector 2,juvenile_shooting_incidents,*Juv Shooting Incidents,last_7_days,count,count,2025,,,0,,0,,not_applicable,,,wilmington-compstat-v2,validated
weekly-2026-09-06-r1,weekly_compstat,2026-08-31,2026-09-06,1,dbbe45b033ef4cf2fb49ddad08594d713238006b06de55043335d71a6b5a0f9c,11,sector,sector_2,Sector 2,juvenile_shooting_incidents,*Juv Shooting Incidents,last_7_days,percent_change,percent,2026,2025,1,,,*,,undefined_zero_denominator,,undefined_zero_denominator,wilmington-compstat-v2,validated
weekly-2026-09-06-r1,weekly_compstat,2026-08-31,2026-09-06,1,dbbe45b033ef4cf2fb49ddad08594d713238006b06de55043335d71a6b5a0f9c,11,sector,sector_2,Sector 2,juvenile_shooting_incidents,*Juv Shooting Incidents,last_28_days,count,count,2026,,,0,,0,,not_applicable,,,wilmington-compstat-v2,validated
weekly-2026-09-06-r1,weekly_compstat,2026-08-31,2026-09-06,1,dbbe45b033ef4cf2fb49ddad08594d713238006b06de55043335d71a6b5a0f9c,11,sector,sector_2,Sector 2,juvenile_shooting_incidents,*Juv Shooting Incidents,last_28_days,count,count,2025,,,0,,0,,not_applicable,,,wilmington-compstat-v2,validated
weekly-2026-09-06-r1,weekly_compstat,2026-08-31,2026-09-06,1,dbbe45b033ef4cf2fb49ddad08594d713238006b06de55043335d71a6b5a0f9c,11,sector,sector_2,Sector 2,juvenile_shooting_incidents,*Juv Shooting Incidents,last_28_days,percent_change,percent,2026,2025,1,,,*,,undefined_zero_denominator,,undefined_zero_denominator,wilmington-compstat-v2,validated
weekly-2026-09-06-r1,weekly_compstat,2026-08-31,2026-09-06,1,dbbe45b033ef4cf2fb49ddad08594d713238006b06de55043335d71a6b5a0f9c,11,sector,sector_2,Sector 2,juvenile_shooting_incidents,*Juv Shooting Incidents,year_to_date,count,count,2026,,,6,,6,,not_applicable,,,wilmington-compstat-v2,validated
weekly-2026-09-06-r1,weekly_compstat,2026-08-31,2026-09-06,1,dbbe45b033ef4cf2fb49ddad08594d713238006b06de55043335d71a6b5a0f9c,11,sector,sector_2,Sector 2,juvenile_shooting_incidents,*Juv Shooting Incidents,year_to_date,count,count,2025,,,0,,0,,not_applicable,,,wilmington-compstat-v2,validated
weekly-2026-09-06-r1,weekly_compstat,2026-08-31,2026-09-06,1,dbbe45b033ef4cf2fb49ddad08594d713238006b06de55043335d71a6b5a0f9c,11,sector,sector_2,Sector 2,juvenile_shooting_incidents,*Juv Shooting Incidents,year_to_date,percent_change,percent,2026,2025,1,,,*,,undefined_zero_denominator,,undefined_zero_denominator,wilmington-compstat-v2,validated
weekly-2026-09-06-r1,weekly_compstat,2026-08-31,2026-09-06,1,dbbe45b033ef4cf2fb49ddad08594d713238006b06de55043335d71a6b5a0f9c,11,sector,sector_2,Sector 2,juvenile_shooting_incidents,*Juv Shooting Incidents,year_to_date,percent_change,percent,2026,2024,2,100.0,1.0,100%,,not_checkable,,,wilmington-compstat-v2,validated
weekly-2026-09-06-r1,weekly_compstat,2026-08-31,2026-09-06,1,dbbe45b033ef4cf2fb49ddad08594d713238006b06de55043335d71a6b5a0f9c,11,sector,sector_2,Sector 2,juvenile_shooting_incidents,*Juv Shooting Incidents,year_to_date,percent_change,percent,2026,2023,3,50.0,0.5,50%,,not_checkable,,,wilmington-compstat-v2,validated
weekly-2026-09-06-r1,weekly_compstat,2026-08-31,2026-09-06,1,dbbe45b033ef4cf2fb49ddad08594d713238006b06de55043335d71a6b5a0f9c,11,sector,sector_2,Sector 2,juvenile_shooting_incidents,*Juv Shooting Incidents,year_to_date,percent_change,percent,2026,2022,4,100.0,1.0,100%,,not_checkable,,,wilmington-compstat-v2,validated
weekly-2026-09-06-r1,weekly_compstat,2026-08-31,2026-09-06,1,dbbe45b033ef4cf2fb49ddad08594d713238006b06de55043335d71a6b5a0f9c,11,sector,sector_2,Sector 2,juvenile_shooting_incidents,*Juv Shooting Incidents,year_to_date,percent_change,percent,2026,2021,5,50.0,0.5,50%,,not_checkable,,,wilmington-compstat-v2,validated
weekly-2026-09-06-r1,weekly_compstat,2026-08-31,2026-09-06,1,dbbe45b033ef4cf2fb49ddad08594d713238006b06de55043335d71a6b5a0f9c,11,sector,sector_2,Sector 2,juvenile_shooting_incidents,*Juv Shooting Incidents,year_to_date,percent_change,percent,2026,2020,6,-45.0,-0.45,-45%,,not_checkable,,,wilmington-compstat-v2,validated
weekly-2026-09-06-r1,weekly_compstat,2026-08-31,2026-09-06,1,dbbe45b033ef4cf2fb49ddad08594d713238006b06de55043335d71a6b5a0f9c,11,sector,sector_2,Sector 2,juvenile_shooting_victims,*Juv Shooting Victims,last_7_days,count,count,2026,,,0,,0,,not_applicable,,,wilmington-compstat-v2,validated
weekly-2026-09-06-r1,weekly_compstat,2026-08-31,2026-09-06,1,dbbe45b033ef4cf2fb49ddad08594d713238006b06de55043335d71a6b5a0f9c,11,sector,sector_2,Sector 2,juvenile_shooting_victims,*Juv Shooting Victims,last_7_days,count,count,2025,,,0,,0,,not_applicable,,,wilmington-compstat-v2,validated
weekly-2026-09-06-r1,weekly_compstat,2026-08-31,2026-09-06,1,dbbe45b033ef4cf2fb49ddad08594d713238006b06de55043335d71a6b5a0f9c,11,sector,sector_2,Sector 2,juvenile_shooting_victims,*Juv Shooting Victims,last_7_days,percent_change,percent,2026,2025,1,,,*,,undefined_zero_denominator,,undefined_zero_denominator,wilmington-compstat-v2,validated
weekly-2026-09-06-r1,weekly_compstat,2026-08-31,2026-09-06,1,dbbe45b033ef4cf2fb49ddad08594d713238006b06de55043335d71a6b5a0f9c,11,sector,sector_2,Sector 2,juvenile_shooting_victims,*Juv Shooting Victims,last_28_days,count,count,2026,,,0,,0,,not_applicable,,,wilmington-compstat-v2,validated
weekly-2026-09-06-r1,weekly_compstat,2026-08-31,2026-09-06,1,dbbe45b033ef4cf2fb49ddad08594d713238006b06de55043335d71a6b5a0f9c,11,sector,sector_2,Sector 2,juvenile_shooting_victims,*Juv Shooting Victims,last_28_days,count,count,2025,,,0,,0,,not_applicable,,,wilmington-compstat-v2,validated
weekly-2026-09-06-r1,weekly_compstat,2026-08-31,2026-09-06,1,dbbe45b033ef4cf2fb49ddad08594d713238006b06de55043335d71a6b5a0f9c,11,sector,sector_2,Sector 2,juvenile_shooting_victims,*Juv Shooting Victims,last_28_days,percent_change,percent,2026,2025,1,,,*,,undefined_zero_denominator,,undefined_zero_denominator,wilmington-compstat-v2,validated
weekly-2026-09-06-r1,weekly_compstat,2026-08-31,2026-09-06,1,dbbe45b033ef4cf2fb49ddad08594d713238006b06de55043335d71a6b5a0f9c,11,sector,sector_2,Sector 2,juvenile_shooting_victims,*Juv Shooting Victims,year_to_date,count,count,2026,,,6,,6,,not_applicable,,,wilmington-compstat-v2,validated
weekly-2026-09-06-r1,weekly_compstat,2026-08-31,2026-09-06,1,dbbe45b033ef4cf2fb49ddad08594d713238006b06de55043335d71a6b5a0f9c,11,sector,sector_2,Sector 2,juvenile_shooting_victims,*Juv Shooting Victims,year_to_date,count,count,2025,,,0,,0,,not_applicable,,,wilmington-compstat-v2,validated
weekly-2026-09-06-r1,weekly_compstat,2026-08-31,2026-09-06,1,dbbe45b033ef4cf2fb49ddad08594d713238006b06de55043335d71a6b5a0f9c,11,sector,sector_2,Sector 2,juvenile_shooting_victims,*Juv Shooting Victims,year_to_date,percent_change,percent,2026,2025,1,,,*,,undefined_zero_denominator,,undefined_zero_denominator,wilmington-compstat-v2,validated
weekly-2026-09-06-r1,weekly_compstat,2026-08-31,2026-09-06,1,dbbe45b033ef4cf2fb49ddad08594d713238006b06de55043335d71a6b5a0f9c,11,sector,sector_2,Sector 2,juvenile_shooting_victims,*Juv Shooting Victims,year_to_date,percent_change,percent,2026,2024,2,100.0,1.0,100%,,not_checkable,,,wilmington-compstat-v2,validated
weekly-2026-09-06-r1,weekly_compstat,2026-08-31,2026-09-06,1,dbbe45b033ef4cf2fb49ddad08594d713238006b06de55043335d71a6b5a0f9c,11,sector,sector_2,Sector 2,juvenile_shooting_victims,*Juv Shooting Victims,year_to_date,percent_change,percent,2026,2023,3,20.0,0.2,20%,,not_checkable,,,wilmington-compstat-v2,validated
weekly-2026-09-06-r1,weekly_compstat,2026-08-31,2026-09-06,1,dbbe45b033ef4cf2fb49ddad08594d713238006b06de55043335d71a6b5a0f9c,11,sector,sector_2,Sector 2,juvenile_shooting_victims,*Juv Shooting Victims,year_to_date,percent_change,percent,2026,2022,4,50.0,0.5,50%,,not_checkable,,,wilmington-compstat-v2,validated
weekly-2026-09-06-r1,weekly_compstat,2026-08-31,2026-09-06,1,dbbe45b033ef4cf2fb49ddad08594d713238006b06de55043335d71a6b5a0f9c,11,sector,sector_2,Sector 2,juvenile_shooting_victims,*Juv Shooting Victims,year_to_date,percent_change,percent,2026,2021,5,50.0,0.5,50%,,not_checkable,,,wilmington-compstat-v2,validated
weekly-2026-09-06-r1,weekly_compstat,2026-08-31,2026-09-06,1,dbbe45b033ef4cf2fb49ddad08594d713238006b06de55043335d71a6b5a0f9c,11,sector,sector_2,Sector 2,juvenile_shooting_victims,*Juv Shooting Victims,year_to_date,percent_change,percent,2026,2020,6,-60.0,-0.6,-60%,,not_checkable,,,wilmington-compstat-v2,validated
weekly-2026-09-06-r1,weekly_compstat,2026-08-31,2026-09-06,1,dbbe45b033ef4cf2fb49ddad08594d713238006b06de55043335d71a6b5a0f9c,11,sector,sector_2,Sector 2,misdemeanor_theft,Theft (Misdemeanor),last_7_days,count,count,2026,,,12,,12,,not_applicable,,,wilmington-compstat-v2,validated
weekly-2026-09-06-r1,weekly_compstat,2026-08-31,2026-09-06,1,dbbe45b033ef4cf2fb49ddad08594d713238006b06de55043335d71a6b5a0f9c,11,sector,sector_2,Sector 2,misdemeanor_theft,Theft (Misdemeanor),last_7_days,count,count,2025,,,4,,4,,not_applicable,,,wilmington-compstat-v2,validated
weekly-2026-09-06-r1,weekly_compstat,2026-08-31,2026-09-06,1,dbbe45b033ef4cf2fb49ddad08594d713238006b06de55043335d71a6b5a0f9c,11,sector,sector_2,Sector 2,misdemeanor_theft,Theft (Misdemeanor),last_7_days,percent_change,percent,2026,2025,1,200.0,2.0,200%,200.0,matched,,,wilmington-compstat-v2,validated
weekly-2026-09-06-r1,weekly_compstat,2026-08-31,2026-09-06,1,dbbe45b033ef4cf2fb49ddad08594d713238006b06de55043335d71a6b5a0f9c,11,sector,sector_2,Sector 2,misdemeanor_theft,Theft (Misdemeanor),last_28_days,count,count,2026,,,33,,33,,not_applicable,,,wilmington-compstat-v2,validated
weekly-2026-09-06-r1,weekly_compstat,2026-08-31,2026-09-06,1,dbbe45b033ef4cf2fb49ddad08594d713238006b06de55043335d71a6b5a0f9c,11,sector,sector_2,Sector 2,misdemeanor_theft,Theft (Misdemeanor),last_28_days,count,count,2025,,,26,,26,,not_applicable,,,wilmington-compstat-v2,validated
weekly-2026-09-06-r1,weekly_compstat,2026-08-31,2026-09-06,1,dbbe45b033ef4cf2fb49ddad08594d713238006b06de55043335d71a6b5a0f9c,11,sector,sector_2,Sector 2,misdemeanor_theft,Theft (Misdemeanor),last_28_days,percent_change,percent,2026,2025,1,27.0,0.27,27%,26.923077,matched,,,wilmington-compstat-v2,validated
weekly-2026-09-06-r1,weekly_compstat,2026-08-31,2026-09-06,1,dbbe45b033ef4cf2fb49ddad08594d713238006b06de55043335d71a6b5a0f9c,11,sector,sector_2,Sector 2,misdemeanor_theft,Theft (Misdemeanor),year_to_date,count,count,2026,,,247,,247,,not_applicable,,,wilmington-compstat-v2,validated
weekly-2026-09-06-r1,weekly_compstat,2026-08-31,2026-09-06,1,dbbe45b033ef4cf2fb49ddad08594d713238006b06de55043335d71a6b5a0f9c,11,sector,sector_2,Sector 2,misdemeanor_theft,Theft (Misdemeanor),year_to_date,count,count,2025,,,248,,248,,not_applicable,,,wilmington-compstat-v2,validated
weekly-2026-09-06-r1,weekly_compstat,2026-08-31,2026-09-06,1,dbbe45b033ef4cf2fb49ddad08594d713238006b06de55043335d71a6b5a0f9c,11,sector,sector_2,Sector 2,misdemeanor_theft,Theft (Misdemeanor),year_to_date,percent_change,percent,2026,2025,1,0.0,0.0,0%,-0.403226,matched,,,wilmington-compstat-v2,validated
weekly-2026-09-06-r1,weekly_compstat,2026-08-31,2026-09-06,1,dbbe45b033ef4cf2fb49ddad08594d713238006b06de55043335d71a6b5a0f9c,11,sector,sector_2,Sector 2,misdemeanor_theft,Theft (Misdemeanor),year_to_date,percent_change,percent,2026,2024,2,0.0,0.0,0%,,not_checkable,,,wilmington-compstat-v2,validated
weekly-2026-09-06-r1,weekly_compstat,2026-08-31,2026-09-06,1,dbbe45b033ef4cf2fb49ddad08594d713238006b06de55043335d71a6b5a0f9c,11,sector,sector_2,Sector 2,misdemeanor_theft,Theft (Misdemeanor),year_to_date,percent_change,percent,2026,2023,3,0.0,0.0,0%,,not_checkable,,,wilmington-compstat-v2,validated
weekly-2026-09-06-r1,weekly_compstat,2026-08-31,2026-09-06,1,dbbe45b033ef4cf2fb49ddad08594d713238006b06de55043335d71a6b5a0f9c,11,sector,sector_2,Sector 2,misdemeanor_theft,Theft (Misdemeanor),year_to_date,percent_change,percent,2026,2022,4,-13.0,-0.13,-13%,,not_checkable,,,wilmington-compstat-v2,validated
weekly-2026-09-06-r1,weekly_compstat,2026-08-31,2026-09-06,1,dbbe45b033ef4cf2fb49ddad08594d713238006b06de55043335d71a6b5a0f9c,11,sector,sector_2,Sector 2,misdemeanor_theft,Theft (Misdemeanor),year_to_date,percent_change,percent,2026,2021,5,-17.0,-0.17,-17%,,not_checkable,,,wilmington-compstat-v2,validated
weekly-2026-09-06-r1,weekly_compstat,2026-08-31,2026-09-06,1,dbbe45b033ef4cf2fb49ddad08594d713238006b06de55043335d71a6b5a0f9c,11,sector,sector_2,Sector 2,misdemeanor_theft,Theft (Misdemeanor),year_to_date,percent_change,percent,2026,2020,6,-10.0,-0.1,-10%,,not_checkable,,,wilmington-compstat-v2,validated
weekly-2026-09-06-r1,weekly_compstat,2026-08-31,2026-09-06,1,dbbe45b033ef4cf2fb49ddad08594d713238006b06de55043335d71a6b5a0f9c,13,district,district_10,District 10,murder,Murder,last_7_days,count,count,2026,,,0,,0,,not_applicable,,,wilmington-compstat-v2,validated
weekly-2026-09-06-r1,weekly_compstat,2026-08-31,2026-09-06,1,dbbe45b033ef4cf2fb49ddad08594d713238006b06de55043335d71a6b5a0f9c,13,district,district_10,District 10,murder,Murder,last_7_days,count,count,2025,,,0,,0,,not_applicable,,,wilmington-compstat-v2,validated
weekly-2026-09-06-r1,weekly_compstat,2026-08-31,2026-09-06,1,dbbe45b033ef4cf2fb49ddad08594d713238006b06de55043335d71a6b5a0f9c,13,district,district_10,District 10,murder,Murder,last_7_days,percent_change,percent,2026,2025,1,,,*,,undefined_zero_denominator,,undefined_zero_denominator,wilmington-compstat-v2,validated
weekly-2026-09-06-r1,weekly_compstat,2026-08-31,2026-09-06,1,dbbe45b033ef4cf2fb49ddad08594d713238006b06de55043335d71a6b5a0f9c,13,district,district_10,District 10,murder,Murder,last_28_days,count,count,2026,,,0,,0,,not_applicable,,,wilmington-compstat-v2,validated
weekly-2026-09-06-r1,weekly_compstat,2026-08-31,2026-09-06,1,dbbe45b033ef4cf2fb49ddad08594d713238006b06de55043335d71a6b5a0f9c,13,district,district_10,District 10,murder,Murder,last_28_days,count,count,2025,,,0,,0,,not_applicable,,,wilmington-compstat-v2,validated
weekly-2026-09-06-r1,weekly_compstat,2026-08-31,2026-09-06,1,dbbe45b033ef4cf2fb49ddad08594d713238006b06de55043335d71a6b5a0f9c,13,district,district_10,District 10,murder,Murder,last_28_days,percent_change,percent,2026,2025,1,,,*,,undefined_zero_denominator,,undefined_zero_denominator,wilmington-compstat-v2,validated
weekly-2026-09-06-r1,weekly_compstat,2026-08-31,2026-09-06,1,dbbe45b033ef4cf2fb49ddad08594d713238006b06de55043335d71a6b5a0f9c,13,district,district_10,District 10,murder,Murder,year_to_date,count,count,2026,,,1,,1,,not_applicable,,,wilmington-compstat-v2,validated
weekly-2026-09-06-r1,weekly_compstat,2026-08-31,2026-09-06,1,dbbe45b033ef4cf2fb49ddad08594d713238006b06de55043335d71a6b5a0f9c,13,district,district_10,District 10,murder,Murder,year_to_date,count,count,2025,,,1,,1,,not_applicable,,,wilmington-compstat-v2,validated
weekly-2026-09-06-r1,weekly_compstat,2026-08-31,2026-09-06,1,dbbe45b033ef4cf2fb49ddad08594d713238006b06de55043335d71a6b5a0f9c,13,district,district_10,District 10,murder,Murder,year_to_date,percent_change,percent,2026,2025,1,0.0,0.0,0%,0.0,matched,,,wilmington-compstat-v2,validated
weekly-2026-09-06-r1,weekly_compstat,2026-08-31,2026-09-06,1,dbbe45b033ef4cf2fb49ddad08594d713238006b06de55043335d71a6b5a0f9c,13,district,district_10,District 10,murder,Murder,year_to_date,percent_change,percent,2026,2024,2,0.0,0.0,0%,,not_checkable,,,wilmington-compstat-v2,validated
weekly-2026-09-06-r1,weekly_compstat,2026-08-31,2026-09-06,1,dbbe45b033ef4cf2fb49ddad08594d713238006b06de55043335d71a6b5a0f9c,13,district,district_10,District 10,murder,Murder,year_to_date,percent_change,percent,2026,2023,3,,,*,,not_checkable,,undefined_zero_denominator,wilmington-compstat-v2,validated
weekly-2026-09-06-r1,weekly_compstat,2026-08-31,2026-09-06,1,dbbe45b033ef4cf2fb49ddad08594d713238006b06de55043335d71a6b5a0f9c,13,district,district_10,District 10,murder,Murder,year_to_date,percent_change,percent,2026,2022,4,0.0,0.0,0%,,not_checkable,,,wilmington-compstat-v2,validated
weekly-2026-09-06-r1,weekly_compstat,2026-08-31,2026-09-06,1,dbbe45b033ef4cf2fb49ddad08594d713238006b06de55043335d71a6b5a0f9c,13,district,district_10,District 10,murder,Murder,year_to_date,percent_change,percent,2026,2021,5,0.0,0.0,0%,,not_checkable,,,wilmington-compstat-v2,validated
weekly-2026-09-06-r1,weekly_compstat,2026-08-31,2026-09-06,1,dbbe45b033ef4cf2fb49ddad08594d713238006b06de55043335d71a6b5a0f9c,13,district,district_10,District 10,murder,Murder,year_to_date,percent_change,percent,2026,2020,6,,,*,,not_checkable,,undefined_zero_denominator,wilmington-compstat-v2,validated
weekly-2026-09-06-r1,weekly_compstat,2026-08-31,2026-09-06,1,dbbe45b033ef4cf2fb49ddad08594d713238006b06de55043335d71a6b5a0f9c,13,district,district_10,District 10,rape,Rape,last_7_days,count,count,2026,,,0,,0,,not_applicable,,,wilmington-compstat-v2,validated
weekly-2026-09-06-r1,weekly_compstat,2026-08-31,2026-09-06,1,dbbe45b033ef4cf2fb49ddad08594d713238006b06de55043335d71a6b5a0f9c,13,district,district_10,District 10,rape,Rape,last_7_days,count,count,2025,,,0,,0,,not_applicable,,,wilmington-compstat-v2,validated
weekly-2026-09-06-r1,weekly_compstat,2026-08-31,2026-09-06,1,dbbe45b033ef4cf2fb49ddad08594d713238006b06de55043335d71a6b5a0f9c,13,district,district_10,District 10,rape,Rape,last_7_days,percent_change,percent,2026,2025,1,,,*,,undefined_zero_denominator,,undefined_zero_denominator,wilmington-compstat-v2,validated
weekly-2026-09-06-r1,weekly_compstat,2026-08-31,2026-09-06,1,dbbe45b033ef4cf2fb49ddad08594d713238006b06de55043335d71a6b5a0f9c,13,district,district_10,District 10,rape,Rape,last_28_days,count,count,2026,,,0,,0,,not_applicable,,,wilmington-compstat-v2,validated
weekly-2026-09-06-r1,weekly_compstat,2026-08-31,2026-09-06,1,dbbe45b033ef4cf2fb49ddad08594d713238006b06de55043335d71a6b5a0f9c,13,district,district_10,District 10,rape,Rape,last_28_days,count,count,2025,,,0,,0,,not_applicable,,,wilmington-compstat-v2,validated
weekly-2026-09-06-r1,weekly_compstat,2026-08-31,2026-09-06,1,dbbe45b033ef4cf2fb49ddad08594d713238006b06de55043335d71a6b5a0f9c,13,district,district_10,District 10,rape,Rape,last_28_days,percent_change,percent,2026,2025,1,,,*,,undefined_zero_denominator,,undefined_zero_denominator,wilmington-compstat-v2,validated
weekly-2026-09-06-r1,weekly_compstat,2026-08-31,2026-09-06,1,dbbe45b033ef4cf2fb49ddad08594d713238006b06de55043335d71a6b5a0f9c,13,district,district_10,District 10,rape,Rape,year_to_date,count,count,2026,,,0,,0,,not_applicable,,,wilmington-compstat-v2,validated
weekly-2026-09-06-r1,weekly_compstat,2026-08-31,2026-09-06,1,dbbe45b033ef4cf2fb49ddad08594d713238006b06de55043335d71a6b5a0f9c,13,district,district_10,District 10,rape,Rape,year_to_date,count,count,2025,,,0,,0,,not_applicable,,,wilmington-compstat-v2,validated
weekly-2026-09-06-r1,weekly_compstat,2026-08-31,2026-09-06,1,dbbe45b033ef4cf2fb49ddad08594d713238006b06de55043335d71a6b5a0f9c,13,district,district_10,District 10,rape,Rape,year_to_date,percent_change,percent,2026,2025,1,,,*,,undefined_zero_denominator,,undefined_zero_denominator,wilmington-compstat-v2,validated
weekly-2026-09-06-r1,weekly_compstat,2026-08-31,2026-09-06,1,dbbe45b033ef4cf2fb49ddad08594d713238006b06de55043335d71a6b5a0f9c,13,district,district_10,District 10,rape,Rape,year_to_date,percent_change,percent,2026,2024,2,,,*,,not_checkable,,undefined_zero_denominator,wilmington-compstat-v2,validated
weekly-2026-09-06-r1,weekly_compstat,2026-08-31,2026-09-06,1,dbbe45b033ef4cf2fb49ddad08594d713238006b06de55043335d71a6b5a0f9c,13,district,district_10,District 10,rape,Rape,year_to_date,percent_change,percent,2026,2023,3,,,*,,not_checkable,,undefined_zero_denominator,wilmington-compstat-v2,validated
weekly-2026-09-06-r1,weekly_compstat,2026-08-31,2026-09-06,1,dbbe45b033ef4cf2fb49ddad08594d713238006b06de55043335d71a6b5a0f9c,13,district,district_10,District 10,rape,Rape,year_to_date,percent_change,percent,2026,2022,4,-100.0,-1.0,-100%,,not_checkable,,,wilmington-compstat-v2,validated
weekly-2026-09-06-r1,weekly_compstat,2026-08-31,2026-09-06,1,dbbe45b033ef4cf2fb49ddad08594d713238006b06de55043335d71a6b5a0f9c,13,district,district_10,District 10,rape,Rape,year_to_date,percent_change,percent,2026,2021,5,,,*,,not_checkable,,undefined_zero_denominator,wilmington-compstat-v2,validated
weekly-2026-09-06-r1,weekly_compstat,2026-08-31,2026-09-06,1,dbbe45b033ef4cf2fb49ddad08594d713238006b06de55043335d71a6b5a0f9c,13,district,district_10,District 10,rape,Rape,year_to_date,percent_change,percent,2026,2020,6,,,*,,not_checkable,,undefined_zero_denominator,wilmington-compstat-v2,validated
weekly-2026-09-06-r1,weekly_compstat,2026-08-31,2026-09-06,1,dbbe45b033ef4cf2fb49ddad08594d713238006b06de55043335d71a6b5a0f9c,13,district,district_10,District 10,robbery,Robbery,last_7_days,count,count,2026,,,0,,0,,not_applicable,,,wilmington-compstat-v2,validated
weekly-2026-09-06-r1,weekly_compstat,2026-08-31,2026-09-06,1,dbbe45b033ef4cf2fb49ddad08594d713238006b06de55043335d71a6b5a0f9c,13,district,district_10,District 10,robbery,Robbery,last_7_days,count,count,2025,,,0,,0,,not_applicable,,,wilmington-compstat-v2,validated
weekly-2026-09-06-r1,weekly_compstat,2026-08-31,2026-09-06,1,dbbe45b033ef4cf2fb49ddad08594d713238006b06de55043335d71a6b5a0f9c,13,district,district_10,District 10,robbery,Robbery,last_7_days,percent_change,percent,2026,2025,1,,,*,,undefined_zero_denominator,,undefined_zero_denominator,wilmington-compstat-v2,validated
weekly-2026-09-06-r1,weekly_compstat,2026-08-31,2026-09-06,1,dbbe45b033ef4cf2fb49ddad08594d713238006b06de55043335d71a6b5a0f9c,13,district,district_10,District 10,robbery,Robbery,last_28_days,count,count,2026,,,1,,1,,not_applicable,,,wilmington-compstat-v2,validated
weekly-2026-09-06-r1,weekly_compstat,2026-08-31,2026-09-06,1,dbbe45b033ef4cf2fb49ddad08594d713238006b06de55043335d71a6b5a0f9c,13,district,district_10,District 10,robbery,Robbery,last_28_days,count,count,2025,,,1,,1,,not_applicable,,,wilmington-compstat-v2,validated
weekly-2026-09-06-r1,weekly_compstat,2026-08-31,2026-09-06,1,dbbe45b033ef4cf2fb49ddad08594d713238006b06de55043335d71a6b5a0f9c,13,district,district_10,District 10,robbery,Robbery,last_28_days,percent_change,percent,2026,2025,1,0.0,0.0,0%,0.0,matched,,,wilmington-compstat-v2,validated
weekly-2026-09-06-r1,weekly_compstat,2026-08-31,2026-09-06,1,dbbe45b033ef4cf2fb49ddad08594d713238006b06de55043335d71a6b5a0f9c,13,district,district_10,District 10,robbery,Robbery,year_to_date,count,count,2026,,,8,,8,,not_applicable,,,wilmington-compstat-v2,validated
weekly-2026-09-06-r1,weekly_compstat,2026-08-31,2026-09-06,1,dbbe45b033ef4cf2fb49ddad08594d713238006b06de55043335d71a6b5a0f9c,13,district,district_10,District 10,robbery,Robbery,year_to_date,count,count,2025,,,13,,13,,not_applicable,,,wilmington-compstat-v2,validated
weekly-2026-09-06-r1,weekly_compstat,2026-08-31,2026-09-06,1,dbbe45b033ef4cf2fb49ddad08594d713238006b06de55043335d71a6b5a0f9c,13,district,district_10,District 10,robbery,Robbery,year_to_date,percent_change,percent,2026,2025,1,-38.0,-0.38,-38%,-38.461538,matched,,,wilmington-compstat-v2,validated
weekly-2026-09-06-r1,weekly_compstat,2026-08-31,2026-09-06,1,dbbe45b033ef4cf2fb49ddad08594d713238006b06de55043335d71a6b5a0f9c,13,district,district_10,District 10,robbery,Robbery,year_to_date,percent_change,percent,2026,2024,2,-33.0,-0.33,-33%,,not_checkable,,,wilmington-compstat-v2,validated
weekly-2026-09-06-r1,weekly_compstat,2026-08-31,2026-09-06,1,dbbe45b033ef4cf2fb49ddad08594d713238006b06de55043335d71a6b5a0f9c,13,district,district_10,District 10,robbery,Robbery,year_to_date,percent_change,percent,2026,2023,3,60.0,0.6,60%,,not_checkable,,,wilmington-compstat-v2,validated
weekly-2026-09-06-r1,weekly_compstat,2026-08-31,2026-09-06,1,dbbe45b033ef4cf2fb49ddad08594d713238006b06de55043335d71a6b5a0f9c,13,district,district_10,District 10,robbery,Robbery,year_to_date,percent_change,percent,2026,2022,4,14.0,0.14,14%,,not_checkable,,,wilmington-compstat-v2,validated
weekly-2026-09-06-r1,weekly_compstat,2026-08-31,2026-09-06,1,dbbe45b033ef4cf2fb49ddad08594d713238006b06de55043335d71a6b5a0f9c,13,district,district_10,District 10,robbery,Robbery,year_to_date,percent_change,percent,2026,2021,5,100.0,1.0,100%,,not_checkable,,,wilmington-compstat-v2,validated
weekly-2026-09-06-r1,weekly_compstat,2026-08-31,2026-09-06,1,dbbe45b033ef4cf2fb49ddad08594d713238006b06de55043335d71a6b5a0f9c,13,district,district_10,District 10,robbery,Robbery,year_to_date,percent_change,percent,2026,2020,6,0.0,0.0,0%,,not_checkable,,,wilmington-compstat-v2,validated
weekly-2026-09-06-r1,weekly_compstat,2026-08-31,2026-09-06,1,dbbe45b033ef4cf2fb49ddad08594d713238006b06de55043335d71a6b5a0f9c,13,district,district_10,District 10,aggravated_assault,Agg. Assault,last_7_days,count,count,2026,,,3,,3,,not_applicable,,,wilmington-compstat-v2,validated
weekly-2026-09-06-r1,weekly_compstat,2026-08-31,2026-09-06,1,dbbe45b033ef4cf2fb49ddad08594d713238006b06de55043335d71a6b5a0f9c,13,district,district_10,District 10,aggravated_assault,Agg. Assault,last_7_days,count,count,2025,,,0,,0,,not_applicable,,,wilmington-compstat-v2,validated
weekly-2026-09-06-r1,weekly_compstat,2026-08-31,2026-09-06,1,dbbe45b033ef4cf2fb49ddad08594d713238006b06de55043335d71a6b5a0f9c,13,district,district_10,District 10,aggravated_assault,Agg. Assault,last_7_days,percent_change,percent,2026,2025,1,,,*,,undefined_zero_denominator,,undefined_zero_denominator,wilmington-compstat-v2,validated
weekly-2026-09-06-r1,weekly_compstat,2026-08-31,2026-09-06,1,dbbe45b033ef4cf2fb49ddad08594d713238006b06de55043335d71a6b5a0f9c,13,district,district_10,District 10,aggravated_assault,Agg. Assault,last_28_days,count,count,2026,,,4,,4,,not_applicable,,,wilmington-compstat-v2,validated
weekly-2026-09-06-r1,weekly_compstat,2026-08-31,2026-09-06,1,dbbe45b033ef4cf2fb49ddad08594d713238006b06de55043335d71a6b5a0f9c,13,district,district_10,District 10,aggravated_assault,Agg. Assault,last_28_days,count,count,2025,,,0,,0,,not_applicable,,,wilmington-compstat-v2,validated
weekly-2026-09-06-r1,weekly_compstat,2026-08-31,2026-09-06,1,dbbe45b033ef4cf2fb49ddad08594d713238006b06de55043335d71a6b5a0f9c,13,district,district_10,District 10,aggravated_assault,Agg. Assault,last_28_days,percent_change,percent,2026,2025,1,,,*,,undefined_zero_denominator,,undefined_zero_denominator,wilmington-compstat-v2,validated
weekly-2026-09-06-r1,weekly_compstat,2026-08-31,2026-09-06,1,dbbe45b033ef4cf2fb49ddad08594d713238006b06de55043335d71a6b5a0f9c,13,district,district_10,District 10,aggravated_assault,Agg. Assault,year_to_date,count,count,2026,,,14,,14,,not_applicable,,,wilmington-compstat-v2,validated
weekly-2026-09-06-r1,weekly_compstat,2026-08-31,2026-09-06,1,dbbe45b033ef4cf2fb49ddad08594d713238006b06de55043335d71a6b5a0f9c,13,district,district_10,District 10,aggravated_assault,Agg. Assault,year_to_date,count,count,2025,,,6,,6,,not_applicable,,,wilmington-compstat-v2,validated
weekly-2026-09-06-r1,weekly_compstat,2026-08-31,2026-09-06,1,dbbe45b033ef4cf2fb49ddad08594d713238006b06de55043335d71a6b5a0f9c,13,district,district_10,District 10,aggravated_assault,Agg. Assault,year_to_date,percent_change,percent,2026,2025,1,133.0,1.33,133%,133.333333,matched,,,wilmington-compstat-v2,validated
weekly-2026-09-06-r1,weekly_compstat,2026-08-31,2026-09-06,1,dbbe45b033ef4cf2fb49ddad08594d713238006b06de55043335d71a6b5a0f9c,13,district,district_10,District 10,aggravated_assault,Agg. Assault,year_to_date,percent_change,percent,2026,2024,2,75.0,0.75,75%,,not_checkable,,,wilmington-compstat-v2,validated
weekly-2026-09-06-r1,weekly_compstat,2026-08-31,2026-09-06,1,dbbe45b033ef4cf2fb49ddad08594d713238006b06de55043335d71a6b5a0f9c,13,district,district_10,District 10,aggravated_assault,Agg. Assault,year_to_date,percent_change,percent,2026,2023,3,-13.0,-0.13,-13%,,not_checkable,,,wilmington-compstat-v2,validated
weekly-2026-09-06-r1,weekly_compstat,2026-08-31,2026-09-06,1,dbbe45b033ef4cf2fb49ddad08594d713238006b06de55043335d71a6b5a0f9c,13,district,district_10,District 10,aggravated_assault,Agg. Assault,year_to_date,percent_change,percent,2026,2022,4,40.0,0.4,40%,,not_checkable,,,wilmington-compstat-v2,validated
weekly-2026-09-06-r1,weekly_compstat,2026-08-31,2026-09-06,1,dbbe45b033ef4cf2fb49ddad08594d713238006b06de55043335d71a6b5a0f9c,13,district,district_10,District 10,aggravated_assault,Agg. Assault,year_to_date,percent_change,percent,2026,2021,5,-30.0,-0.3,-30%,,not_checkable,,,wilmington-compstat-v2,validated
weekly-2026-09-06-r1,weekly_compstat,2026-08-31,2026-09-06,1,dbbe45b033ef4cf2fb49ddad08594d713238006b06de55043335d71a6b5a0f9c,13,district,district_10,District 10,aggravated_assault,Agg. Assault,year_to_date,percent_change,percent,2026,2020,6,27.0,0.27,27%,,not_checkable,,,wilmington-compstat-v2,validated
weekly-2026-09-06-r1,weekly_compstat,2026-08-31,2026-09-06,1,dbbe45b033ef4cf2fb49ddad08594d713238006b06de55043335d71a6b5a0f9c,13,district,district_10,District 10,burglary,Burglary,last_7_days,count,count,2026,,,0,,0,,not_applicable,,,wilmington-compstat-v2,validated
weekly-2026-09-06-r1,weekly_compstat,2026-08-31,2026-09-06,1,dbbe45b033ef4cf2fb49ddad08594d713238006b06de55043335d71a6b5a0f9c,13,district,district_10,District 10,burglary,Burglary,last_7_days,count,count,2025,,,1,,1,,not_applicable,,,wilmington-compstat-v2,validated
weekly-2026-09-06-r1,weekly_compstat,2026-08-31,2026-09-06,1,dbbe45b033ef4cf2fb49ddad08594d713238006b06de55043335d71a6b5a0f9c,13,district,district_10,District 10,burglary,Burglary,last_7_days,percent_change,percent,2026,2025,1,-100.0,-1.0,-100%,-100.0,matched,,,wilmington-compstat-v2,validated
weekly-2026-09-06-r1,weekly_compstat,2026-08-31,2026-09-06,1,dbbe45b033ef4cf2fb49ddad08594d713238006b06de55043335d71a6b5a0f9c,13,district,district_10,District 10,burglary,Burglary,last_28_days,count,count,2026,,,1,,1,,not_applicable,,,wilmington-compstat-v2,validated
weekly-2026-09-06-r1,weekly_compstat,2026-08-31,2026-09-06,1,dbbe45b033ef4cf2fb49ddad08594d713238006b06de55043335d71a6b5a0f9c,13,district,district_10,District 10,burglary,Burglary,last_28_days,count,count,2025,,,1,,1,,not_applicable,,,wilmington-compstat-v2,validated
weekly-2026-09-06-r1,weekly_compstat,2026-08-31,2026-09-06,1,dbbe45b033ef4cf2fb49ddad08594d713238006b06de55043335d71a6b5a0f9c,13,district,district_10,District 10,burglary,Burglary,last_28_days,percent_change,percent,2026,2025,1,0.0,0.0,0%,0.0,matched,,,wilmington-compstat-v2,validated
weekly-2026-09-06-r1,weekly_compstat,2026-08-31,2026-09-06,1,dbbe45b033ef4cf2fb49ddad08594d713238006b06de55043335d71a6b5a0f9c,13,district,district_10,District 10,burglary,Burglary,year_to_date,count,count,2026,,,6,,6,,not_applicable,,,wilmington-compstat-v2,validated
weekly-2026-09-06-r1,weekly_compstat,2026-08-31,2026-09-06,1,dbbe45b033ef4cf2fb49ddad08594d713238006b06de55043335d71a6b5a0f9c,13,district,district_10,District 10,burglary,Burglary,year_to_date,count,count,2025,,,8,,8,,not_applicable,,,wilmington-compstat-v2,validated
weekly-2026-09-06-r1,weekly_compstat,2026-08-31,2026-09-06,1,dbbe45b033ef4cf2fb49ddad08594d713238006b06de55043335d71a6b5a0f9c,13,district,district_10,District 10,burglary,Burglary,year_to_date,percent_change,percent,2026,2025,1,-25.0,-0.25,-25%,-25.0,matched,,,wilmington-compstat-v2,validated
weekly-2026-09-06-r1,weekly_compstat,2026-08-31,2026-09-06,1,dbbe45b033ef4cf2fb49ddad08594d713238006b06de55043335d71a6b5a0f9c,13,district,district_10,District 10,burglary,Burglary,year_to_date,percent_change,percent,2026,2024,2,-33.0,-0.33,-33%,,not_checkable,,,wilmington-compstat-v2,validated
weekly-2026-09-06-r1,weekly_compstat,2026-08-31,2026-09-06,1,dbbe45b033ef4cf2fb49ddad08594d713238006b06de55043335d71a6b5a0f9c,13,district,district_10,District 10,burglary,Burglary,year_to_date,percent_change,percent,2026,2023,3,-60.0,-0.6,-60%,,not_checkable,,,wilmington-compstat-v2,validated
weekly-2026-09-06-r1,weekly_compstat,2026-08-31,2026-09-06,1,dbbe45b033ef4cf2fb49ddad08594d713238006b06de55043335d71a6b5a0f9c,13,district,district_10,District 10,burglary,Burglary,year_to_date,percent_change,percent,2026,2022,4,20.0,0.2,20%,,not_checkable,,,wilmington-compstat-v2,validated
weekly-2026-09-06-r1,weekly_compstat,2026-08-31,2026-09-06,1,dbbe45b033ef4cf2fb49ddad08594d713238006b06de55043335d71a6b5a0f9c,13,district,district_10,District 10,burglary,Burglary,year_to_date,percent_change,percent,2026,2021,5,-45.0,-0.45,-45%,,not_checkable,,,wilmington-compstat-v2,validated
weekly-2026-09-06-r1,weekly_compstat,2026-08-31,2026-09-06,1,dbbe45b033ef4cf2fb49ddad08594d713238006b06de55043335d71a6b5a0f9c,13,district,district_10,District 10,burglary,Burglary,year_to_date,percent_change,percent,2026,2020,6,-63.0,-0.63,-63%,,not_checkable,,,wilmington-compstat-v2,validated
weekly-2026-09-06-r1,weekly_compstat,2026-08-31,2026-09-06,1,dbbe45b033ef4cf2fb49ddad08594d713238006b06de55043335d71a6b5a0f9c,13,district,district_10,District 10,felony_theft,Felony Theft,last_7_days,count,count,2026,,,0,,0,,not_applicable,,,wilmington-compstat-v2,validated
weekly-2026-09-06-r1,weekly_compstat,2026-08-31,2026-09-06,1,dbbe45b033ef4cf2fb49ddad08594d713238006b06de55043335d71a6b5a0f9c,13,district,district_10,District 10,felony_theft,Felony Theft,last_7_days,count,count,2025,,,1,,1,,not_applicable,,,wilmington-compstat-v2,validated
weekly-2026-09-06-r1,weekly_compstat,2026-08-31,2026-09-06,1,dbbe45b033ef4cf2fb49ddad08594d713238006b06de55043335d71a6b5a0f9c,13,district,district_10,District 10,felony_theft,Felony Theft,last_7_days,percent_change,percent,2026,2025,1,-100.0,-1.0,-100%,-100.0,matched,,,wilmington-compstat-v2,validated
weekly-2026-09-06-r1,weekly_compstat,2026-08-31,2026-09-06,1,dbbe45b033ef4cf2fb49ddad08594d713238006b06de55043335d71a6b5a0f9c,13,district,district_10,District 10,felony_theft,Felony Theft,last_28_days,count,count,2026,,,0,,0,,not_applicable,,,wilmington-compstat-v2,validated
weekly-2026-09-06-r1,weekly_compstat,2026-08-31,2026-09-06,1,dbbe45b033ef4cf2fb49ddad08594d713238006b06de55043335d71a6b5a0f9c,13,district,district_10,District 10,felony_theft,Felony Theft,last_28_days,count,count,2025,,,3,,3,,not_applicable,,,wilmington-compstat-v2,validated
weekly-2026-09-06-r1,weekly_compstat,2026-08-31,2026-09-06,1,dbbe45b033ef4cf2fb49ddad08594d713238006b06de55043335d71a6b5a0f9c,13,district,district_10,District 10,felony_theft,Felony Theft,last_28_days,percent_change,percent,2026,2025,1,-100.0,-1.0,-100%,-100.0,matched,,,wilmington-compstat-v2,validated
weekly-2026-09-06-r1,weekly_compstat,2026-08-31,2026-09-06,1,dbbe45b033ef4cf2fb49ddad08594d713238006b06de55043335d71a6b5a0f9c,13,district,district_10,District 10,felony_theft,Felony Theft,year_to_date,count,count,2026,,,11,,11,,not_applicable,,,wilmington-compstat-v2,validated
weekly-2026-09-06-r1,weekly_compstat,2026-08-31,2026-09-06,1,dbbe45b033ef4cf2fb49ddad08594d713238006b06de55043335d71a6b5a0f9c,13,district,district_10,District 10,felony_theft,Felony Theft,year_to_date,count,count,2025,,,8,,8,,not_applicable,,,wilmington-compstat-v2,validated
weekly-2026-09-06-r1,weekly_compstat,2026-08-31,2026-09-06,1,dbbe45b033ef4cf2fb49ddad08594d713238006b06de55043335d71a6b5a0f9c,13,district,district_10,District 10,felony_theft,Felony Theft,year_to_date,percent_change,percent,2026,2025,1,38.0,0.38,38%,37.5,matched,,,wilmington-compstat-v2,validated
weekly-2026-09-06-r1,weekly_compstat,2026-08-31,2026-09-06,1,dbbe45b033ef4cf2fb49ddad08594d713238006b06de55043335d71a6b5a0f9c,13,district,district_10,District 10,felony_theft,Felony Theft,year_to_date,percent_change,percent,2026,2024,2,38.0,0.38,38%,,not_checkable,,,wilmington-compstat-v2,validated
weekly-2026-09-06-r1,weekly_compstat,2026-08-31,2026-09-06,1,dbbe45b033ef4cf2fb49ddad08594d713238006b06de55043335d71a6b5a0f9c,13,district,district_10,District 10,felony_theft,Felony Theft,year_to_date,percent_change,percent,2026,2023,3,0.0,0.0,0%,,not_checkable,,,wilmington-compstat-v2,validated
weekly-2026-09-06-r1,weekly_compstat,2026-08-31,2026-09-06,1,dbbe45b033ef4cf2fb49ddad08594d713238006b06de55043335d71a6b5a0f9c,13,district,district_10,District 10,felony_theft,Felony Theft,year_to_date,percent_change,percent,2026,2022,4,-35.0,-0.35,-35%,,not_checkable,,,wilmington-compstat-v2,validated
weekly-2026-09-06-r1,weekly_compstat,2026-08-31,2026-09-06,1,dbbe45b033ef4cf2fb49ddad08594d713238006b06de55043335d71a6b5a0f9c,13,district,district_10,District 10,felony_theft,Felony Theft,year_to_date,percent_change,percent,2026,2021,5,0.0,0.0,0%,,not_checkable,,,wilmington-compstat-v2,validated
weekly-2026-09-06-r1,weekly_compstat,2026-08-31,2026-09-06,1,dbbe45b033ef4cf2fb49ddad08594d713238006b06de55043335d71a6b5a0f9c,13,district,district_10,District 10,felony_theft,Felony Theft,year_to_date,percent_change,percent,2026,2020,6,450.0,4.5,450%,,not_checkable,,,wilmington-compstat-v2,validated
weekly-2026-09-06-r1,weekly_compstat,2026-08-31,2026-09-06,1,dbbe45b033ef4cf2fb49ddad08594d713238006b06de55043335d71a6b5a0f9c,13,district,district_10,District 10,auto_theft,Auto Theft,last_7_days,count,count,2026,,,0,,0,,not_applicable,,,wilmington-compstat-v2,validated
weekly-2026-09-06-r1,weekly_compstat,2026-08-31,2026-09-06,1,dbbe45b033ef4cf2fb49ddad08594d713238006b06de55043335d71a6b5a0f9c,13,district,district_10,District 10,auto_theft,Auto Theft,last_7_days,count,count,2025,,,2,,2,,not_applicable,,,wilmington-compstat-v2,validated
weekly-2026-09-06-r1,weekly_compstat,2026-08-31,2026-09-06,1,dbbe45b033ef4cf2fb49ddad08594d713238006b06de55043335d71a6b5a0f9c,13,district,district_10,District 10,auto_theft,Auto Theft,last_7_days,percent_change,percent,2026,2025,1,-100.0,-1.0,-100%,-100.0,matched,,,wilmington-compstat-v2,validated
weekly-2026-09-06-r1,weekly_compstat,2026-08-31,2026-09-06,1,dbbe45b033ef4cf2fb49ddad08594d713238006b06de55043335d71a6b5a0f9c,13,district,district_10,District 10,auto_theft,Auto Theft,last_28_days,count,count,2026,,,1,,1,,not_applicable,,,wilmington-compstat-v2,validated
weekly-2026-09-06-r1,weekly_compstat,2026-08-31,2026-09-06,1,dbbe45b033ef4cf2fb49ddad08594d713238006b06de55043335d71a6b5a0f9c,13,district,district_10,District 10,auto_theft,Auto Theft,last_28_days,count,count,2025,,,2,,2,,not_applicable,,,wilmington-compstat-v2,validated
weekly-2026-09-06-r1,weekly_compstat,2026-08-31,2026-09-06,1,dbbe45b033ef4cf2fb49ddad08594d713238006b06de55043335d71a6b5a0f9c,13,district,district_10,District 10,auto_theft,Auto Theft,last_28_days,percent_change,percent,2026,2025,1,-50.0,-0.5,-50%,-50.0,matched,,,wilmington-compstat-v2,validated
weekly-2026-09-06-r1,weekly_compstat,2026-08-31,2026-09-06,1,dbbe45b033ef4cf2fb49ddad08594d713238006b06de55043335d71a6b5a0f9c,13,district,district_10,District 10,auto_theft,Auto Theft,year_to_date,count,count,2026,,,3,,3,,not_applicable,,,wilmington-compstat-v2,validated
weekly-2026-09-06-r1,weekly_compstat,2026-08-31,2026-09-06,1,dbbe45b033ef4cf2fb49ddad08594d713238006b06de55043335d71a6b5a0f9c,13,district,district_10,District 10,auto_theft,Auto Theft,year_to_date,count,count,2025,,,15,,15,,not_applicable,,,wilmington-compstat-v2,validated
weekly-2026-09-06-r1,weekly_compstat,2026-08-31,2026-09-06,1,dbbe45b033ef4cf2fb49ddad08594d713238006b06de55043335d71a6b5a0f9c,13,district,district_10,District 10,auto_theft,Auto Theft,year_to_date,percent_change,percent,2026,2025,1,-80.0,-0.8,-80%,-80.0,matched,,,wilmington-compstat-v2,validated
weekly-2026-09-06-r1,weekly_compstat,2026-08-31,2026-09-06,1,dbbe45b033ef4cf2fb49ddad08594d713238006b06de55043335d71a6b5a0f9c,13,district,district_10,District 10,auto_theft,Auto Theft,year_to_date,percent_change,percent,2026,2024,2,-75.0,-0.75,-75%,,not_checkable,,,wilmington-compstat-v2,validated
weekly-2026-09-06-r1,weekly_compstat,2026-08-31,2026-09-06,1,dbbe45b033ef4cf2fb49ddad08594d713238006b06de55043335d71a6b5a0f9c,13,district,district_10,District 10,auto_theft,Auto Theft,year_to_date,percent_change,percent,2026,2023,3,-89.0,-0.89,-89%,,not_checkable,,,wilmington-compstat-v2,validated
weekly-2026-09-06-r1,weekly_compstat,2026-08-31,2026-09-06,1,dbbe45b033ef4cf2fb49ddad08594d713238006b06de55043335d71a6b5a0f9c,13,district,district_10,District 10,auto_theft,Auto Theft,year_to_date,percent_change,percent,2026,2022,4,-63.0,-0.63,-63%,,not_checkable,,,wilmington-compstat-v2,validated
weekly-2026-09-06-r1,weekly_compstat,2026-08-31,2026-09-06,1,dbbe45b033ef4cf2fb49ddad08594d713238006b06de55043335d71a6b5a0f9c,13,district,district_10,District 10,auto_theft,Auto Theft,year_to_date,percent_change,percent,2026,2021,5,-70.0,-0.7,-70%,,not_checkable,,,wilmington-compstat-v2,validated
weekly-2026-09-06-r1,weekly_compstat,2026-08-31,2026-09-06,1,dbbe45b033ef4cf2fb49ddad08594d713238006b06de55043335d71a6b5a0f9c,13,district,district_10,District 10,auto_theft,Auto Theft,year_to_date,percent_change,percent,2026,2020,6,-80.0,-0.8,-80%,,not_checkable,,,wilmington-compstat-v2,validated
weekly-2026-09-06-r1,weekly_compstat,2026-08-31,2026-09-06,1,dbbe45b033ef4cf2fb49ddad08594d713238006b06de55043335d71a6b5a0f9c,13,district,district_10,District 10,major_crime_total,TOTAL,last_7_days,count,count,2026,,,3,,3,,not_applicable,,,wilmington-compstat-v2,validated
weekly-2026-09-06-r1,weekly_compstat,2026-08-31,2026-09-06,1,dbbe45b033ef4cf2fb49ddad08594d713238006b06de55043335d71a6b5a0f9c,13,district,district_10,District 10,major_crime_total,TOTAL,last_7_days,count,count,2025,,,4,,4,,not_applicable,,,wilmington-compstat-v2,validated
weekly-2026-09-06-r1,weekly_compstat,2026-08-31,2026-09-06,1,dbbe45b033ef4cf2fb49ddad08594d713238006b06de55043335d71a6b5a0f9c,13,district,district_10,District 10,major_crime_total,TOTAL,last_7_days,percent_change,percent,2026,2025,1,-25.0,-0.25,-25%,-25.0,matched,,,wilmington-compstat-v2,validated
weekly-2026-09-06-r1,weekly_compstat,2026-08-31,2026-09-06,1,dbbe45b033ef4cf2fb49ddad08594d713238006b06de55043335d71a6b5a0f9c,13,district,district_10,District 10,major_crime_total,TOTAL,last_28_days,count,count,2026,,,7,,7,,not_applicable,,,wilmington-compstat-v2,validated
weekly-2026-09-06-r1,weekly_compstat,2026-08-31,2026-09-06,1,dbbe45b033ef4cf2fb49ddad08594d713238006b06de55043335d71a6b5a0f9c,13,district,district_10,District 10,major_crime_total,TOTAL,last_28_days,count,count,2025,,,7,,7,,not_applicable,,,wilmington-compstat-v2,validated
weekly-2026-09-06-r1,weekly_compstat,2026-08-31,2026-09-06,1,dbbe45b033ef4cf2fb49ddad08594d713238006b06de55043335d71a6b5a0f9c,13,district,district_10,District 10,major_crime_total,TOTAL,last_28_days,percent_change,percent,2026,2025,1,0.0,0.0,0%,0.0,matched,,,wilmington-compstat-v2,validated
weekly-2026-09-06-r1,weekly_compstat,2026-08-31,2026-09-06,1,dbbe45b033ef4cf2fb49ddad08594d713238006b06de55043335d71a6b5a0f9c,13,district,district_10,District 10,major_crime_total,TOTAL,year_to_date,count,count,2026,,,43,,43,,not_applicable,,,wilmington-compstat-v2,validated
weekly-2026-09-06-r1,weekly_compstat,2026-08-31,2026-09-06,1,dbbe45b033ef4cf2fb49ddad08594d713238006b06de55043335d71a6b5a0f9c,13,district,district_10,District 10,major_crime_total,TOTAL,year_to_date,count,count,2025,,,51,,51,,not_applicable,,,wilmington-compstat-v2,validated
weekly-2026-09-06-r1,weekly_compstat,2026-08-31,2026-09-06,1,dbbe45b033ef4cf2fb49ddad08594d713238006b06de55043335d71a6b5a0f9c,13,district,district_10,District 10,major_crime_total,TOTAL,year_to_date,percent_change,percent,2026,2025,1,-16.0,-0.16,-16%,-15.686275,matched,,,wilmington-compstat-v2,validated
weekly-2026-09-06-r1,weekly_compstat,2026-08-31,2026-09-06,1,dbbe45b033ef4cf2fb49ddad08594d713238006b06de55043335d71a6b5a0f9c,13,district,district_10,District 10,major_crime_total,TOTAL,year_to_date,percent_change,percent,2026,2024,2,-14.0,-0.14,-14%,,not_checkable,,,wilmington-compstat-v2,validated
weekly-2026-09-06-r1,weekly_compstat,2026-08-31,2026-09-06,1,dbbe45b033ef4cf2fb49ddad08594d713238006b06de55043335d71a6b5a0f9c,13,district,district_10,District 10,major_crime_total,TOTAL,year_to_date,percent_change,percent,2026,2023,3,-43.0,-0.43,-43%,,not_checkable,,,wilmington-compstat-v2,validated
weekly-2026-09-06-r1,weekly_compstat,2026-08-31,2026-09-06,1,dbbe45b033ef4cf2fb49ddad08594d713238006b06de55043335d71a6b5a0f9c,13,district,district_10,District 10,major_crime_total,TOTAL,year_to_date,percent_change,percent,2026,2022,4,-12.0,-0.12,-12%,,not_checkable,,,wilmington-compstat-v2,validated
weekly-2026-09-06-r1,weekly_compstat,2026-08-31,2026-09-06,1,dbbe45b033ef4cf2fb49ddad08594d713238006b06de55043335d71a6b5a0f9c,13,district,district_10,District 10,major_crime_total,TOTAL,year_to_date,percent_change,percent,2026,2021,5,-25.0,-0.25,-25%,,not_checkable,,,wilmington-compstat-v2,validated
weekly-2026-09-06-r1,weekly_compstat,2026-08-31,2026-09-06,1,dbbe45b033ef4cf2fb49ddad08594d713238006b06de55043335d71a6b5a0f9c,13,district,district_10,District 10,major_crime_total,TOTAL,year_to_date,percent_change,percent,2026,2020,6,-17.0,-0.17,-17%,,not_checkable,,,wilmington-compstat-v2,validated
weekly-2026-09-06-r1,weekly_compstat,2026-08-31,2026-09-06,1,dbbe45b033ef4cf2fb49ddad08594d713238006b06de55043335d71a6b5a0f9c,13,district,district_10,District 10,shooting_incidents,Shooting Incidents,last_7_days,count,count,2026,,,1,,1,,not_applicable,,,wilmington-compstat-v2,validated
weekly-2026-09-06-r1,weekly_compstat,2026-08-31,2026-09-06,1,dbbe45b033ef4cf2fb49ddad08594d713238006b06de55043335d71a6b5a0f9c,13,district,district_10,District 10,shooting_incidents,Shooting Incidents,last_7_days,count,count,2025,,,0,,0,,not_applicable,,,wilmington-compstat-v2,validated
weekly-2026-09-06-r1,weekly_compstat,2026-08-31,2026-09-06,1,dbbe45b033ef4cf2fb49ddad08594d713238006b06de55043335d71a6b5a0f9c,13,district,district_10,District 10,shooting_incidents,Shooting Incidents,last_7_days,percent_change,percent,2026,2025,1,,,*,,undefined_zero_denominator,,undefined_zero_denominator,wilmington-compstat-v2,validated
weekly-2026-09-06-r1,weekly_compstat,2026-08-31,2026-09-06,1,dbbe45b033ef4cf2fb49ddad08594d713238006b06de55043335d71a6b5a0f9c,13,district,district_10,District 10,shooting_incidents,Shooting Incidents,last_28_days,count,count,2026,,,1,,1,,not_applicable,,,wilmington-compstat-v2,validated
weekly-2026-09-06-r1,weekly_compstat,2026-08-31,2026-09-06,1,dbbe45b033ef4cf2fb49ddad08594d713238006b06de55043335d71a6b5a0f9c,13,district,district_10,District 10,shooting_incidents,Shooting Incidents,last_28_days,count,count,2025,,,0,,0,,not_applicable,,,wilmington-compstat-v2,validated
weekly-2026-09-06-r1,weekly_compstat,2026-08-31,2026-09-06,1,dbbe45b033ef4cf2fb49ddad08594d713238006b06de55043335d71a6b5a0f9c,13,district,district_10,District 10,shooting_incidents,Shooting Incidents,last_28_days,percent_change,percent,2026,2025,1,,,*,,undefined_zero_denominator,,undefined_zero_denominator,wilmington-compstat-v2,validated
weekly-2026-09-06-r1,weekly_compstat,2026-08-31,2026-09-06,1,dbbe45b033ef4cf2fb49ddad08594d713238006b06de55043335d71a6b5a0f9c,13,district,district_10,District 10,shooting_incidents,Shooting Incidents,year_to_date,count,count,2026,,,3,,3,,not_applicable,,,wilmington-compstat-v2,validated
weekly-2026-09-06-r1,weekly_compstat,2026-08-31,2026-09-06,1,dbbe45b033ef4cf2fb49ddad08594d713238006b06de55043335d71a6b5a0f9c,13,district,district_10,District 10,shooting_incidents,Shooting Incidents,year_to_date,count,count,2025,,,2,,2,,not_applicable,,,wilmington-compstat-v2,validated
weekly-2026-09-06-r1,weekly_compstat,2026-08-31,2026-09-06,1,dbbe45b033ef4cf2fb49ddad08594d713238006b06de55043335d71a6b5a0f9c,13,district,district_10,District 10,shooting_incidents,Shooting Incidents,year_to_date,percent_change,percent,2026,2025,1,50.0,0.5,50%,50.0,matched,,,wilmington-compstat-v2,validated
weekly-2026-09-06-r1,weekly_compstat,2026-08-31,2026-09-06,1,dbbe45b033ef4cf2fb49ddad08594d713238006b06de55043335d71a6b5a0f9c,13,district,district_10,District 10,shooting_incidents,Shooting Incidents,year_to_date,percent_change,percent,2026,2024,2,0.0,0.0,0%,,not_checkable,,,wilmington-compstat-v2,validated
weekly-2026-09-06-r1,weekly_compstat,2026-08-31,2026-09-06,1,dbbe45b033ef4cf2fb49ddad08594d713238006b06de55043335d71a6b5a0f9c,13,district,district_10,District 10,shooting_incidents,Shooting Incidents,year_to_date,percent_change,percent,2026,2023,3,0.0,0.0,0%,,not_checkable,,,wilmington-compstat-v2,validated
weekly-2026-09-06-r1,weekly_compstat,2026-08-31,2026-09-06,1,dbbe45b033ef4cf2fb49ddad08594d713238006b06de55043335d71a6b5a0f9c,13,district,district_10,District 10,shooting_incidents,Shooting Incidents,year_to_date,percent_change,percent,2026,2022,4,50.0,0.5,50%,,not_checkable,,,wilmington-compstat-v2,validated
weekly-2026-09-06-r1,weekly_compstat,2026-08-31,2026-09-06,1,dbbe45b033ef4cf2fb49ddad08594d713238006b06de55043335d71a6b5a0f9c,13,district,district_10,District 10,shooting_incidents,Shooting Incidents,year_to_date,percent_change,percent,2026,2021,5,-40.0,-0.4,-40%,,not_checkable,,,wilmington-compstat-v2,validated
weekly-2026-09-06-r1,weekly_compstat,2026-08-31,2026-09-06,1,dbbe45b033ef4cf2fb49ddad08594d713238006b06de55043335d71a6b5a0f9c,13,district,district_10,District 10,shooting_incidents,Shooting Incidents,year_to_date,percent_change,percent,2026,2020,6,50.0,0.5,50%,,not_checkable,,,wilmington-compstat-v2,validated
weekly-2026-09-06-r1,weekly_compstat,2026-08-31,2026-09-06,1,dbbe45b033ef4cf2fb49ddad08594d713238006b06de55043335d71a6b5a0f9c,13,district,district_10,District 10,shooting_victims,Shooting Victims,last_7_days,count,count,2026,,,3,,3,,not_applicable,,,wilmington-compstat-v2,validated
weekly-2026-09-06-r1,weekly_compstat,2026-08-31,2026-09-06,1,dbbe45b033ef4cf2fb49ddad08594d713238006b06de55043335d71a6b5a0f9c,13,district,district_10,District 10,shooting_victims,Shooting Victims,last_7_days,count,count,2025,,,0,,0,,not_applicable,,,wilmington-compstat-v2,validated
weekly-2026-09-06-r1,weekly_compstat,2026-08-31,2026-09-06,1,dbbe45b033ef4cf2fb49ddad08594d713238006b06de55043335d71a6b5a0f9c,13,district,district_10,District 10,shooting_victims,Shooting Victims,last_7_days,percent_change,percent,2026,2025,1,,,*,,undefined_zero_denominator,,undefined_zero_denominator,wilmington-compstat-v2,validated
weekly-2026-09-06-r1,weekly_compstat,2026-08-31,2026-09-06,1,dbbe45b033ef4cf2fb49ddad08594d713238006b06de55043335d71a6b5a0f9c,13,district,district_10,District 10,shooting_victims,Shooting Victims,last_28_days,count,count,2026,,,3,,3,,not_applicable,,,wilmington-compstat-v2,validated
weekly-2026-09-06-r1,weekly_compstat,2026-08-31,2026-09-06,1,dbbe45b033ef4cf2fb49ddad08594d713238006b06de55043335d71a6b5a0f9c,13,district,district_10,District 10,shooting_victims,Shooting Victims,last_28_days,count,count,2025,,,0,,0,,not_applicable,,,wilmington-compstat-v2,validated
weekly-2026-09-06-r1,weekly_compstat,2026-08-31,2026-09-06,1,dbbe45b033ef4cf2fb49ddad08594d713238006b06de55043335d71a6b5a0f9c,13,district,district_10,District 10,shooting_victims,Shooting Victims,last_28_days,percent_change,percent,2026,2025,1,,,*,,undefined_zero_denominator,,undefined_zero_denominator,wilmington-compstat-v2,validated
weekly-2026-09-06-r1,weekly_compstat,2026-08-31,2026-09-06,1,dbbe45b033ef4cf2fb49ddad08594d713238006b06de55043335d71a6b5a0f9c,13,district,district_10,District 10,shooting_victims,Shooting Victims,year_to_date,count,count,2026,,,5,,5,,not_applicable,,,wilmington-compstat-v2,validated
weekly-2026-09-06-r1,weekly_compstat,2026-08-31,2026-09-06,1,dbbe45b033ef4cf2fb49ddad08594d713238006b06de55043335d71a6b5a0f9c,13,district,district_10,District 10,shooting_victims,Shooting Victims,year_to_date,count,count,2025,,,2,,2,,not_applicable,,,wilmington-compstat-v2,validated
weekly-2026-09-06-r1,weekly_compstat,2026-08-31,2026-09-06,1,dbbe45b033ef4cf2fb49ddad08594d713238006b06de55043335d71a6b5a0f9c,13,district,district_10,District 10,shooting_victims,Shooting Victims,year_to_date,percent_change,percent,2026,2025,1,150.0,1.5,150%,150.0,matched,,,wilmington-compstat-v2,validated
weekly-2026-09-06-r1,weekly_compstat,2026-08-31,2026-09-06,1,dbbe45b033ef4cf2fb49ddad08594d713238006b06de55043335d71a6b5a0f9c,13,district,district_10,District 10,shooting_victims,Shooting Victims,year_to_date,percent_change,percent,2026,2024,2,25.0,0.25,25%,,not_checkable,,,wilmington-compstat-v2,validated
weekly-2026-09-06-r1,weekly_compstat,2026-08-31,2026-09-06,1,dbbe45b033ef4cf2fb49ddad08594d713238006b06de55043335d71a6b5a0f9c,13,district,district_10,District 10,shooting_victims,Shooting Victims,year_to_date,percent_change,percent,2026,2023,3,-17.0,-0.17,-17%,,not_checkable,,,wilmington-compstat-v2,validated
weekly-2026-09-06-r1,weekly_compstat,2026-08-31,2026-09-06,1,dbbe45b033ef4cf2fb49ddad08594d713238006b06de55043335d71a6b5a0f9c,13,district,district_10,District 10,shooting_victims,Shooting Victims,year_to_date,percent_change,percent,2026,2022,4,150.0,1.5,150%,,not_checkable,,,wilmington-compstat-v2,validated
weekly-2026-09-06-r1,weekly_compstat,2026-08-31,2026-09-06,1,dbbe45b033ef4cf2fb49ddad08594d713238006b06de55043335d71a6b5a0f9c,13,district,district_10,District 10,shooting_victims,Shooting Victims,year_to_date,percent_change,percent,2026,2021,5,-17.0,-0.17,-17%,,not_checkable,,,wilmington-compstat-v2,validated
weekly-2026-09-06-r1,weekly_compstat,2026-08-31,2026-09-06,1,dbbe45b033ef4cf2fb49ddad08594d713238006b06de55043335d71a6b5a0f9c,13,district,district_10,District 10,shooting_victims,Shooting Victims,year_to_date,percent_change,percent,2026,2020,6,150.0,1.5,150%,,not_checkable,,,wilmington-compstat-v2,validated
weekly-2026-09-06-r1,weekly_compstat,2026-08-31,2026-09-06,1,dbbe45b033ef4cf2fb49ddad08594d713238006b06de55043335d71a6b5a0f9c,13,district,district_10,District 10,juvenile_shooting_incidents,*Juv Shooting Incidents,last_7_days,count,count,2026,,,0,,0,,not_applicable,,,wilmington-compstat-v2,validated
weekly-2026-09-06-r1,weekly_compstat,2026-08-31,2026-09-06,1,dbbe45b033ef4cf2fb49ddad08594d713238006b06de55043335d71a6b5a0f9c,13,district,district_10,District 10,juvenile_shooting_incidents,*Juv Shooting Incidents,last_7_days,count,count,2025,,,0,,0,,not_applicable,,,wilmington-compstat-v2,validated
weekly-2026-09-06-r1,weekly_compstat,2026-08-31,2026-09-06,1,dbbe45b033ef4cf2fb49ddad08594d713238006b06de55043335d71a6b5a0f9c,13,district,district_10,District 10,juvenile_shooting_incidents,*Juv Shooting Incidents,last_7_days,percent_change,percent,2026,2025,1,,,*,,undefined_zero_denominator,,undefined_zero_denominator,wilmington-compstat-v2,validated
weekly-2026-09-06-r1,weekly_compstat,2026-08-31,2026-09-06,1,dbbe45b033ef4cf2fb49ddad08594d713238006b06de55043335d71a6b5a0f9c,13,district,district_10,District 10,juvenile_shooting_incidents,*Juv Shooting Incidents,last_28_days,count,count,2026,,,0,,0,,not_applicable,,,wilmington-compstat-v2,validated
weekly-2026-09-06-r1,weekly_compstat,2026-08-31,2026-09-06,1,dbbe45b033ef4cf2fb49ddad08594d713238006b06de55043335d71a6b5a0f9c,13,district,district_10,District 10,juvenile_shooting_incidents,*Juv Shooting Incidents,last_28_days,count,count,2025,,,0,,0,,not_applicable,,,wilmington-compstat-v2,validated
weekly-2026-09-06-r1,weekly_compstat,2026-08-31,2026-09-06,1,dbbe45b033ef4cf2fb49ddad08594d713238006b06de55043335d71a6b5a0f9c,13,district,district_10,District 10,juvenile_shooting_incidents,*Juv Shooting Incidents,last_28_days,percent_change,percent,2026,2025,1,,,*,,undefined_zero_denominator,,undefined_zero_denominator,wilmington-compstat-v2,validated
weekly-2026-09-06-r1,weekly_compstat,2026-08-31,2026-09-06,1,dbbe45b033ef4cf2fb49ddad08594d713238006b06de55043335d71a6b5a0f9c,13,district,district_10,District 10,juvenile_shooting_incidents,*Juv Shooting Incidents,year_to_date,count,count,2026,,,1,,1,,not_applicable,,,wilmington-compstat-v2,validated
weekly-2026-09-06-r1,weekly_compstat,2026-08-31,2026-09-06,1,dbbe45b033ef4cf2fb49ddad08594d713238006b06de55043335d71a6b5a0f9c,13,district,district_10,District 10,juvenile_shooting_incidents,*Juv Shooting Incidents,year_to_date,count,count,2025,,,0,,0,,not_applicable,,,wilmington-compstat-v2,validated
weekly-2026-09-06-r1,weekly_compstat,2026-08-31,2026-09-06,1,dbbe45b033ef4cf2fb49ddad08594d713238006b06de55043335d71a6b5a0f9c,13,district,district_10,District 10,juvenile_shooting_incidents,*Juv Shooting Incidents,year_to_date,percent_change,percent,2026,2025,1,,,*,,undefined_zero_denominator,,undefined_zero_denominator,wilmington-compstat-v2,validated
weekly-2026-09-06-r1,weekly_compstat,2026-08-31,2026-09-06,1,dbbe45b033ef4cf2fb49ddad08594d713238006b06de55043335d71a6b5a0f9c,13,district,district_10,District 10,juvenile_shooting_incidents,*Juv Shooting Incidents,year_to_date,percent_change,percent,2026,2024,2,0.0,0.0,0%,,not_checkable,,,wilmington-compstat-v2,validated
weekly-2026-09-06-r1,weekly_compstat,2026-08-31,2026-09-06,1,dbbe45b033ef4cf2fb49ddad08594d713238006b06de55043335d71a6b5a0f9c,13,district,district_10,District 10,juvenile_shooting_incidents,*Juv Shooting Incidents,year_to_date,percent_change,percent,2026,2023,3,,,*,,not_checkable,,undefined_zero_denominator,wilmington-compstat-v2,validated
weekly-2026-09-06-r1,weekly_compstat,2026-08-31,2026-09-06,1,dbbe45b033ef4cf2fb49ddad08594d713238006b06de55043335d71a6b5a0f9c,13,district,district_10,District 10,juvenile_shooting_incidents,*Juv Shooting Incidents,year_to_date,percent_change,percent,2026,2022,4,,,*,,not_checkable,,undefined_zero_denominator,wilmington-compstat-v2,validated
weekly-2026-09-06-r1,weekly_compstat,2026-08-31,2026-09-06,1,dbbe45b033ef4cf2fb49ddad08594d713238006b06de55043335d71a6b5a0f9c,13,district,district_10,District 10,juvenile_shooting_incidents,*Juv Shooting Incidents,year_to_date,percent_change,percent,2026,2021,5,0.0,0.0,0%,,not_checkable,,,wilmington-compstat-v2,validated
weekly-2026-09-06-r1,weekly_compstat,2026-08-31,2026-09-06,1,dbbe45b033ef4cf2fb49ddad08594d713238006b06de55043335d71a6b5a0f9c,13,district,district_10,District 10,juvenile_shooting_incidents,*Juv Shooting Incidents,year_to_date,percent_change,percent,2026,2020,6,0.0,0.0,0%,,not_checkable,,,wilmington-compstat-v2,validated
weekly-2026-09-06-r1,weekly_compstat,2026-08-31,2026-09-06,1,dbbe45b033ef4cf2fb49ddad08594d713238006b06de55043335d71a6b5a0f9c,13,district,district_10,District 10,juvenile_shooting_victims,*Juv Shooting Victims,last_7_days,count,count,2026,,,0,,0,,not_applicable,,,wilmington-compstat-v2,validated
weekly-2026-09-06-r1,weekly_compstat,2026-08-31,2026-09-06,1,dbbe45b033ef4cf2fb49ddad08594d713238006b06de55043335d71a6b5a0f9c,13,district,district_10,District 10,juvenile_shooting_victims,*Juv Shooting Victims,last_7_days,count,count,2025,,,0,,0,,not_applicable,,,wilmington-compstat-v2,validated
weekly-2026-09-06-r1,weekly_compstat,2026-08-31,2026-09-06,1,dbbe45b033ef4cf2fb49ddad08594d713238006b06de55043335d71a6b5a0f9c,13,district,district_10,District 10,juvenile_shooting_victims,*Juv Shooting Victims,last_7_days,percent_change,percent,2026,2025,1,,,*,,undefined_zero_denominator,,undefined_zero_denominator,wilmington-compstat-v2,validated
weekly-2026-09-06-r1,weekly_compstat,2026-08-31,2026-09-06,1,dbbe45b033ef4cf2fb49ddad08594d713238006b06de55043335d71a6b5a0f9c,13,district,district_10,District 10,juvenile_shooting_victims,*Juv Shooting Victims,last_28_days,count,count,2026,,,0,,0,,not_applicable,,,wilmington-compstat-v2,validated
weekly-2026-09-06-r1,weekly_compstat,2026-08-31,2026-09-06,1,dbbe45b033ef4cf2fb49ddad08594d713238006b06de55043335d71a6b5a0f9c,13,district,district_10,District 10,juvenile_shooting_victims,*Juv Shooting Victims,last_28_days,count,count,2025,,,0,,0,,not_applicable,,,wilmington-compstat-v2,validated
weekly-2026-09-06-r1,weekly_compstat,2026-08-31,2026-09-06,1,dbbe45b033ef4cf2fb49ddad08594d713238006b06de55043335d71a6b5a0f9c,13,district,district_10,District 10,juvenile_shooting_victims,*Juv Shooting Victims,last_28_days,percent_change,percent,2026,2025,1,,,*,,undefined_zero_denominator,,undefined_zero_denominator,wilmington-compstat-v2,validated
weekly-2026-09-06-r1,weekly_compstat,2026-08-31,2026-09-06,1,dbbe45b033ef4cf2fb49ddad08594d713238006b06de55043335d71a6b5a0f9c,13,district,district_10,District 10,juvenile_shooting_victims,*Juv Shooting Victims,year_to_date,count,count,2026,,,1,,1,,not_applicable,,,wilmington-compstat-v2,validated
weekly-2026-09-06-r1,weekly_compstat,2026-08-31,2026-09-06,1,dbbe45b033ef4cf2fb49ddad08594d713238006b06de55043335d71a6b5a0f9c,13,district,district_10,District 10,juvenile_shooting_victims,*Juv Shooting Victims,year_to_date,count,count,2025,,,0,,0,,not_applicable,,,wilmington-compstat-v2,validated
weekly-2026-09-06-r1,weekly_compstat,2026-08-31,2026-09-06,1,dbbe45b033ef4cf2fb49ddad08594d713238006b06de55043335d71a6b5a0f9c,13,district,district_10,District 10,juvenile_shooting_victims,*Juv Shooting Victims,year_to_date,percent_change,percent,2026,2025,1,,,*,,undefined_zero_denominator,,undefined_zero_denominator,wilmington-compstat-v2,validated
weekly-2026-09-06-r1,weekly_compstat,2026-08-31,2026-09-06,1,dbbe45b033ef4cf2fb49ddad08594d713238006b06de55043335d71a6b5a0f9c,13,district,district_10,District 10,juvenile_shooting_victims,*Juv Shooting Victims,year_to_date,percent_change,percent,2026,2024,2,0.0,0.0,0%,,not_checkable,,,wilmington-compstat-v2,validated
weekly-2026-09-06-r1,weekly_compstat,2026-08-31,2026-09-06,1,dbbe45b033ef4cf2fb49ddad08594d713238006b06de55043335d71a6b5a0f9c,13,district,district_10,District 10,juvenile_shooting_victims,*Juv Shooting Victims,year_to_date,percent_change,percent,2026,2023,3,,,*,,not_checkable,,undefined_zero_denominator,wilmington-compstat-v2,validated
weekly-2026-09-06-r1,weekly_compstat,2026-08-31,2026-09-06,1,dbbe45b033ef4cf2fb49ddad08594d713238006b06de55043335d71a6b5a0f9c,13,district,district_10,District 10,juvenile_shooting_victims,*Juv Shooting Victims,year_to_date,percent_change,percent,2026,2022,4,,,*,,not_checkable,,undefined_zero_denominator,wilmington-compstat-v2,validated
weekly-2026-09-06-r1,weekly_compstat,2026-08-31,2026-09-06,1,dbbe45b033ef4cf2fb49ddad08594d713238006b06de55043335d71a6b5a0f9c,13,district,district_10,District 10,juvenile_shooting_victims,*Juv Shooting Victims,year_to_date,percent_change,percent,2026,2021,5,0.0,0.0,0%,,not_checkable,,,wilmington-compstat-v2,validated
weekly-2026-09-06-r1,weekly_compstat,2026-08-31,2026-09-06,1,dbbe45b033ef4cf2fb49ddad08594d713238006b06de55043335d71a6b5a0f9c,13,district,district_10,District 10,juvenile_shooting_victims,*Juv Shooting Victims,year_to_date,percent_change,percent,2026,2020,6,0.0,0.0,0%,,not_checkable,,,wilmington-compstat-v2,validated
weekly-2026-09-06-r1,weekly_compstat,2026-08-31,2026-09-06,1,dbbe45b033ef4cf2fb49ddad08594d713238006b06de55043335d71a6b5a0f9c,13,district,district_10,District 10,misdemeanor_theft,Theft (Misdemeanor),last_7_days,count,count,2026,,,0,,0,,not_applicable,,,wilmington-compstat-v2,validated
weekly-2026-09-06-r1,weekly_compstat,2026-08-31,2026-09-06,1,dbbe45b033ef4cf2fb49ddad08594d713238006b06de55043335d71a6b5a0f9c,13,district,district_10,District 10,misdemeanor_theft,Theft (Misdemeanor),last_7_days,count,count,2025,,,1,,1,,not_applicable,,,wilmington-compstat-v2,validated
weekly-2026-09-06-r1,weekly_compstat,2026-08-31,2026-09-06,1,dbbe45b033ef4cf2fb49ddad08594d713238006b06de55043335d71a6b5a0f9c,13,district,district_10,District 10,misdemeanor_theft,Theft (Misdemeanor),last_7_days,percent_change,percent,2026,2025,1,-100.0,-1.0,-100%,-100.0,matched,,,wilmington-compstat-v2,validated
weekly-2026-09-06-r1,weekly_compstat,2026-08-31,2026-09-06,1,dbbe45b033ef4cf2fb49ddad08594d713238006b06de55043335d71a6b5a0f9c,13,district,district_10,District 10,misdemeanor_theft,Theft (Misdemeanor),last_28_days,count,count,2026,,,5,,5,,not_applicable,,,wilmington-compstat-v2,validated
weekly-2026-09-06-r1,weekly_compstat,2026-08-31,2026-09-06,1,dbbe45b033ef4cf2fb49ddad08594d713238006b06de55043335d71a6b5a0f9c,13,district,district_10,District 10,misdemeanor_theft,Theft (Misdemeanor),last_28_days,count,count,2025,,,6,,6,,not_applicable,,,wilmington-compstat-v2,validated
weekly-2026-09-06-r1,weekly_compstat,2026-08-31,2026-09-06,1,dbbe45b033ef4cf2fb49ddad08594d713238006b06de55043335d71a6b5a0f9c,13,district,district_10,District 10,misdemeanor_theft,Theft (Misdemeanor),last_28_days,percent_change,percent,2026,2025,1,-17.0,-0.17,-17%,-16.666667,matched,,,wilmington-compstat-v2,validated
weekly-2026-09-06-r1,weekly_compstat,2026-08-31,2026-09-06,1,dbbe45b033ef4cf2fb49ddad08594d713238006b06de55043335d71a6b5a0f9c,13,district,district_10,District 10,misdemeanor_theft,Theft (Misdemeanor),year_to_date,count,count,2026,,,33,,33,,not_applicable,,,wilmington-compstat-v2,validated
weekly-2026-09-06-r1,weekly_compstat,2026-08-31,2026-09-06,1,dbbe45b033ef4cf2fb49ddad08594d713238006b06de55043335d71a6b5a0f9c,13,district,district_10,District 10,misdemeanor_theft,Theft (Misdemeanor),year_to_date,count,count,2025,,,33,,33,,not_applicable,,,wilmington-compstat-v2,validated
weekly-2026-09-06-r1,weekly_compstat,2026-08-31,2026-09-06,1,dbbe45b033ef4cf2fb49ddad08594d713238006b06de55043335d71a6b5a0f9c,13,district,district_10,District 10,misdemeanor_theft,Theft (Misdemeanor),year_to_date,percent_change,percent,2026,2025,1,0.0,0.0,0%,0.0,matched,,,wilmington-compstat-v2,validated
weekly-2026-09-06-r1,weekly_compstat,2026-08-31,2026-09-06,1,dbbe45b033ef4cf2fb49ddad08594d713238006b06de55043335d71a6b5a0f9c,13,district,district_10,District 10,misdemeanor_theft,Theft (Misdemeanor),year_to_date,percent_change,percent,2026,2024,2,27.0,0.27,27%,,not_checkable,,,wilmington-compstat-v2,validated
weekly-2026-09-06-r1,weekly_compstat,2026-08-31,2026-09-06,1,dbbe45b033ef4cf2fb49ddad08594d713238006b06de55043335d71a6b5a0f9c,13,district,district_10,District 10,misdemeanor_theft,Theft (Misdemeanor),year_to_date,percent_change,percent,2026,2023,3,-8.0,-0.08,-8%,,not_checkable,,,wilmington-compstat-v2,validated
weekly-2026-09-06-r1,weekly_compstat,2026-08-31,2026-09-06,1,dbbe45b033ef4cf2fb49ddad08594d713238006b06de55043335d71a6b5a0f9c,13,district,district_10,District 10,misdemeanor_theft,Theft (Misdemeanor),year_to_date,percent_change,percent,2026,2022,4,-15.0,-0.15,-15%,,not_checkable,,,wilmington-compstat-v2,validated
weekly-2026-09-06-r1,weekly_compstat,2026-08-31,2026-09-06,1,dbbe45b033ef4cf2fb49ddad08594d713238006b06de55043335d71a6b5a0f9c,13,district,district_10,District 10,misdemeanor_theft,Theft (Misdemeanor),year_to_date,percent_change,percent,2026,2021,5,-28.0,-0.28,-28%,,not_checkable,,,wilmington-compstat-v2,validated
weekly-2026-09-06-r1,weekly_compstat,2026-08-31,2026-09-06,1,dbbe45b033ef4cf2fb49ddad08594d713238006b06de55043335d71a6b5a0f9c,13,district,district_10,District 10,misdemeanor_theft,Theft (Misdemeanor),year_to_date,percent_change,percent,2026,2020,6,-3.0,-0.03,-3%,,not_checkable,,,wilmington-compstat-v2,validated
weekly-2026-09-06-r1,weekly_compstat,2026-08-31,2026-09-06,1,dbbe45b033ef4cf2fb49ddad08594d713238006b06de55043335d71a6b5a0f9c,15,district,district_11,District 11,murder,Murder,last_7_days,count,count,2026,,,0,,0,,not_applicable,,,wilmington-compstat-v2,validated
weekly-2026-09-06-r1,weekly_compstat,2026-08-31,2026-09-06,1,dbbe45b033ef4cf2fb49ddad08594d713238006b06de55043335d71a6b5a0f9c,15,district,district_11,District 11,murder,Murder,last_7_days,count,count,2025,,,0,,0,,not_applicable,,,wilmington-compstat-v2,validated
weekly-2026-09-06-r1,weekly_compstat,2026-08-31,2026-09-06,1,dbbe45b033ef4cf2fb49ddad08594d713238006b06de55043335d71a6b5a0f9c,15,district,district_11,District 11,murder,Murder,last_7_days,percent_change,percent,2026,2025,1,,,*,,undefined_zero_denominator,,undefined_zero_denominator,wilmington-compstat-v2,validated
weekly-2026-09-06-r1,weekly_compstat,2026-08-31,2026-09-06,1,dbbe45b033ef4cf2fb49ddad08594d713238006b06de55043335d71a6b5a0f9c,15,district,district_11,District 11,murder,Murder,last_28_days,count,count,2026,,,0,,0,,not_applicable,,,wilmington-compstat-v2,validated
weekly-2026-09-06-r1,weekly_compstat,2026-08-31,2026-09-06,1,dbbe45b033ef4cf2fb49ddad08594d713238006b06de55043335d71a6b5a0f9c,15,district,district_11,District 11,murder,Murder,last_28_days,count,count,2025,,,0,,0,,not_applicable,,,wilmington-compstat-v2,validated
weekly-2026-09-06-r1,weekly_compstat,2026-08-31,2026-09-06,1,dbbe45b033ef4cf2fb49ddad08594d713238006b06de55043335d71a6b5a0f9c,15,district,district_11,District 11,murder,Murder,last_28_days,percent_change,percent,2026,2025,1,,,*,,undefined_zero_denominator,,undefined_zero_denominator,wilmington-compstat-v2,validated
weekly-2026-09-06-r1,weekly_compstat,2026-08-31,2026-09-06,1,dbbe45b033ef4cf2fb49ddad08594d713238006b06de55043335d71a6b5a0f9c,15,district,district_11,District 11,murder,Murder,year_to_date,count,count,2026,,,0,,0,,not_applicable,,,wilmington-compstat-v2,validated
weekly-2026-09-06-r1,weekly_compstat,2026-08-31,2026-09-06,1,dbbe45b033ef4cf2fb49ddad08594d713238006b06de55043335d71a6b5a0f9c,15,district,district_11,District 11,murder,Murder,year_to_date,count,count,2025,,,0,,0,,not_applicable,,,wilmington-compstat-v2,validated
weekly-2026-09-06-r1,weekly_compstat,2026-08-31,2026-09-06,1,dbbe45b033ef4cf2fb49ddad08594d713238006b06de55043335d71a6b5a0f9c,15,district,district_11,District 11,murder,Murder,year_to_date,percent_change,percent,2026,2025,1,,,*,,undefined_zero_denominator,,undefined_zero_denominator,wilmington-compstat-v2,validated
weekly-2026-09-06-r1,weekly_compstat,2026-08-31,2026-09-06,1,dbbe45b033ef4cf2fb49ddad08594d713238006b06de55043335d71a6b5a0f9c,15,district,district_11,District 11,murder,Murder,year_to_date,percent_change,percent,2026,2024,2,-100.0,-1.0,-100%,,not_checkable,,,wilmington-compstat-v2,validated
weekly-2026-09-06-r1,weekly_compstat,2026-08-31,2026-09-06,1,dbbe45b033ef4cf2fb49ddad08594d713238006b06de55043335d71a6b5a0f9c,15,district,district_11,District 11,murder,Murder,year_to_date,percent_change,percent,2026,2023,3,-100.0,-1.0,-100%,,not_checkable,,,wilmington-compstat-v2,validated
weekly-2026-09-06-r1,weekly_compstat,2026-08-31,2026-09-06,1,dbbe45b033ef4cf2fb49ddad08594d713238006b06de55043335d71a6b5a0f9c,15,district,district_11,District 11,murder,Murder,year_to_date,percent_change,percent,2026,2022,4,-100.0,-1.0,-100%,,not_checkable,,,wilmington-compstat-v2,validated
weekly-2026-09-06-r1,weekly_compstat,2026-08-31,2026-09-06,1,dbbe45b033ef4cf2fb49ddad08594d713238006b06de55043335d71a6b5a0f9c,15,district,district_11,District 11,murder,Murder,year_to_date,percent_change,percent,2026,2021,5,-100.0,-1.0,-100%,,not_checkable,,,wilmington-compstat-v2,validated
weekly-2026-09-06-r1,weekly_compstat,2026-08-31,2026-09-06,1,dbbe45b033ef4cf2fb49ddad08594d713238006b06de55043335d71a6b5a0f9c,15,district,district_11,District 11,murder,Murder,year_to_date,percent_change,percent,2026,2020,6,-100.0,-1.0,-100%,,not_checkable,,,wilmington-compstat-v2,validated
weekly-2026-09-06-r1,weekly_compstat,2026-08-31,2026-09-06,1,dbbe45b033ef4cf2fb49ddad08594d713238006b06de55043335d71a6b5a0f9c,15,district,district_11,District 11,rape,Rape,last_7_days,count,count,2026,,,0,,0,,not_applicable,,,wilmington-compstat-v2,validated
weekly-2026-09-06-r1,weekly_compstat,2026-08-31,2026-09-06,1,dbbe45b033ef4cf2fb49ddad08594d713238006b06de55043335d71a6b5a0f9c,15,district,district_11,District 11,rape,Rape,last_7_days,count,count,2025,,,0,,0,,not_applicable,,,wilmington-compstat-v2,validated
weekly-2026-09-06-r1,weekly_compstat,2026-08-31,2026-09-06,1,dbbe45b033ef4cf2fb49ddad08594d713238006b06de55043335d71a6b5a0f9c,15,district,district_11,District 11,rape,Rape,last_7_days,percent_change,percent,2026,2025,1,,,*,,undefined_zero_denominator,,undefined_zero_denominator,wilmington-compstat-v2,validated
weekly-2026-09-06-r1,weekly_compstat,2026-08-31,2026-09-06,1,dbbe45b033ef4cf2fb49ddad08594d713238006b06de55043335d71a6b5a0f9c,15,district,district_11,District 11,rape,Rape,last_28_days,count,count,2026,,,0,,0,,not_applicable,,,wilmington-compstat-v2,validated
weekly-2026-09-06-r1,weekly_compstat,2026-08-31,2026-09-06,1,dbbe45b033ef4cf2fb49ddad08594d713238006b06de55043335d71a6b5a0f9c,15,district,district_11,District 11,rape,Rape,last_28_days,count,count,2025,,,0,,0,,not_applicable,,,wilmington-compstat-v2,validated
weekly-2026-09-06-r1,weekly_compstat,2026-08-31,2026-09-06,1,dbbe45b033ef4cf2fb49ddad08594d713238006b06de55043335d71a6b5a0f9c,15,district,district_11,District 11,rape,Rape,last_28_days,percent_change,percent,2026,2025,1,,,*,,undefined_zero_denominator,,undefined_zero_denominator,wilmington-compstat-v2,validated
weekly-2026-09-06-r1,weekly_compstat,2026-08-31,2026-09-06,1,dbbe45b033ef4cf2fb49ddad08594d713238006b06de55043335d71a6b5a0f9c,15,district,district_11,District 11,rape,Rape,year_to_date,count,count,2026,,,0,,0,,not_applicable,,,wilmington-compstat-v2,validated
weekly-2026-09-06-r1,weekly_compstat,2026-08-31,2026-09-06,1,dbbe45b033ef4cf2fb49ddad08594d713238006b06de55043335d71a6b5a0f9c,15,district,district_11,District 11,rape,Rape,year_to_date,count,count,2025,,,0,,0,,not_applicable,,,wilmington-compstat-v2,validated
weekly-2026-09-06-r1,weekly_compstat,2026-08-31,2026-09-06,1,dbbe45b033ef4cf2fb49ddad08594d713238006b06de55043335d71a6b5a0f9c,15,district,district_11,District 11,rape,Rape,year_to_date,percent_change,percent,2026,2025,1,,,*,,undefined_zero_denominator,,undefined_zero_denominator,wilmington-compstat-v2,validated
weekly-2026-09-06-r1,weekly_compstat,2026-08-31,2026-09-06,1,dbbe45b033ef4cf2fb49ddad08594d713238006b06de55043335d71a6b5a0f9c,15,district,district_11,District 11,rape,Rape,year_to_date,percent_change,percent,2026,2024,2,,,*,,not_checkable,,undefined_zero_denominator,wilmington-compstat-v2,validated
weekly-2026-09-06-r1,weekly_compstat,2026-08-31,2026-09-06,1,dbbe45b033ef4cf2fb49ddad08594d713238006b06de55043335d71a6b5a0f9c,15,district,district_11,District 11,rape,Rape,year_to_date,percent_change,percent,2026,2023,3,,,*,,not_checkable,,undefined_zero_denominator,wilmington-compstat-v2,validated
weekly-2026-09-06-r1,weekly_compstat,2026-08-31,2026-09-06,1,dbbe45b033ef4cf2fb49ddad08594d713238006b06de55043335d71a6b5a0f9c,15,district,district_11,District 11,rape,Rape,year_to_date,percent_change,percent,2026,2022,4,-100.0,-1.0,-100%,,not_checkable,,,wilmington-compstat-v2,validated
weekly-2026-09-06-r1,weekly_compstat,2026-08-31,2026-09-06,1,dbbe45b033ef4cf2fb49ddad08594d713238006b06de55043335d71a6b5a0f9c,15,district,district_11,District 11,rape,Rape,year_to_date,percent_change,percent,2026,2021,5,,,*,,not_checkable,,undefined_zero_denominator,wilmington-compstat-v2,validated
weekly-2026-09-06-r1,weekly_compstat,2026-08-31,2026-09-06,1,dbbe45b033ef4cf2fb49ddad08594d713238006b06de55043335d71a6b5a0f9c,15,district,district_11,District 11,rape,Rape,year_to_date,percent_change,percent,2026,2020,6,,,*,,not_checkable,,undefined_zero_denominator,wilmington-compstat-v2,validated
weekly-2026-09-06-r1,weekly_compstat,2026-08-31,2026-09-06,1,dbbe45b033ef4cf2fb49ddad08594d713238006b06de55043335d71a6b5a0f9c,15,district,district_11,District 11,robbery,Robbery,last_7_days,count,count,2026,,,1,,1,,not_applicable,,,wilmington-compstat-v2,validated
weekly-2026-09-06-r1,weekly_compstat,2026-08-31,2026-09-06,1,dbbe45b033ef4cf2fb49ddad08594d713238006b06de55043335d71a6b5a0f9c,15,district,district_11,District 11,robbery,Robbery,last_7_days,count,count,2025,,,1,,1,,not_applicable,,,wilmington-compstat-v2,validated
weekly-2026-09-06-r1,weekly_compstat,2026-08-31,2026-09-06,1,dbbe45b033ef4cf2fb49ddad08594d713238006b06de55043335d71a6b5a0f9c,15,district,district_11,District 11,robbery,Robbery,last_7_days,percent_change,percent,2026,2025,1,0.0,0.0,0%,0.0,matched,,,wilmington-compstat-v2,validated
weekly-2026-09-06-r1,weekly_compstat,2026-08-31,2026-09-06,1,dbbe45b033ef4cf2fb49ddad08594d713238006b06de55043335d71a6b5a0f9c,15,district,district_11,District 11,robbery,Robbery,last_28_days,count,count,2026,,,1,,1,,not_applicable,,,wilmington-compstat-v2,validated
weekly-2026-09-06-r1,weekly_compstat,2026-08-31,2026-09-06,1,dbbe45b033ef4cf2fb49ddad08594d713238006b06de55043335d71a6b5a0f9c,15,district,district_11,District 11,robbery,Robbery,last_28_days,count,count,2025,,,3,,3,,not_applicable,,,wilmington-compstat-v2,validated
weekly-2026-09-06-r1,weekly_compstat,2026-08-31,2026-09-06,1,dbbe45b033ef4cf2fb49ddad08594d713238006b06de55043335d71a6b5a0f9c,15,district,district_11,District 11,robbery,Robbery,last_28_days,percent_change,percent,2026,2025,1,-67.0,-0.67,-67%,-66.666667,matched,,,wilmington-compstat-v2,validated
weekly-2026-09-06-r1,weekly_compstat,2026-08-31,2026-09-06,1,dbbe45b033ef4cf2fb49ddad08594d713238006b06de55043335d71a6b5a0f9c,15,district,district_11,District 11,robbery,Robbery,year_to_date,count,count,2026,,,17,,17,,not_applicable,,,wilmington-compstat-v2,validated
weekly-2026-09-06-r1,weekly_compstat,2026-08-31,2026-09-06,1,dbbe45b033ef4cf2fb49ddad08594d713238006b06de55043335d71a6b5a0f9c,15,district,district_11,District 11,robbery,Robbery,year_to_date,count,count,2025,,,18,,18,,not_applicable,,,wilmington-compstat-v2,validated
weekly-2026-09-06-r1,weekly_compstat,2026-08-31,2026-09-06,1,dbbe45b033ef4cf2fb49ddad08594d713238006b06de55043335d71a6b5a0f9c,15,district,district_11,District 11,robbery,Robbery,year_to_date,percent_change,percent,2026,2025,1,-6.0,-0.06,-6%,-5.555556,matched,,,wilmington-compstat-v2,validated
weekly-2026-09-06-r1,weekly_compstat,2026-08-31,2026-09-06,1,dbbe45b033ef4cf2fb49ddad08594d713238006b06de55043335d71a6b5a0f9c,15,district,district_11,District 11,robbery,Robbery,year_to_date,percent_change,percent,2026,2024,2,55.0,0.55,55%,,not_checkable,,,wilmington-compstat-v2,validated
weekly-2026-09-06-r1,weekly_compstat,2026-08-31,2026-09-06,1,dbbe45b033ef4cf2fb49ddad08594d713238006b06de55043335d71a6b5a0f9c,15,district,district_11,District 11,robbery,Robbery,year_to_date,percent_change,percent,2026,2023,3,-11.0,-0.11,-11%,,not_checkable,,,wilmington-compstat-v2,validated
weekly-2026-09-06-r1,weekly_compstat,2026-08-31,2026-09-06,1,dbbe45b033ef4cf2fb49ddad08594d713238006b06de55043335d71a6b5a0f9c,15,district,district_11,District 11,robbery,Robbery,year_to_date,percent_change,percent,2026,2022,4,-15.0,-0.15,-15%,,not_checkable,,,wilmington-compstat-v2,validated
weekly-2026-09-06-r1,weekly_compstat,2026-08-31,2026-09-06,1,dbbe45b033ef4cf2fb49ddad08594d713238006b06de55043335d71a6b5a0f9c,15,district,district_11,District 11,robbery,Robbery,year_to_date,percent_change,percent,2026,2021,5,13.0,0.13,13%,,not_checkable,,,wilmington-compstat-v2,validated
weekly-2026-09-06-r1,weekly_compstat,2026-08-31,2026-09-06,1,dbbe45b033ef4cf2fb49ddad08594d713238006b06de55043335d71a6b5a0f9c,15,district,district_11,District 11,robbery,Robbery,year_to_date,percent_change,percent,2026,2020,6,-29.0,-0.29,-29%,,not_checkable,,,wilmington-compstat-v2,validated
weekly-2026-09-06-r1,weekly_compstat,2026-08-31,2026-09-06,1,dbbe45b033ef4cf2fb49ddad08594d713238006b06de55043335d71a6b5a0f9c,15,district,district_11,District 11,aggravated_assault,Agg. Assault,last_7_days,count,count,2026,,,3,,3,,not_applicable,,,wilmington-compstat-v2,validated
weekly-2026-09-06-r1,weekly_compstat,2026-08-31,2026-09-06,1,dbbe45b033ef4cf2fb49ddad08594d713238006b06de55043335d71a6b5a0f9c,15,district,district_11,District 11,aggravated_assault,Agg. Assault,last_7_days,count,count,2025,,,0,,0,,not_applicable,,,wilmington-compstat-v2,validated
weekly-2026-09-06-r1,weekly_compstat,2026-08-31,2026-09-06,1,dbbe45b033ef4cf2fb49ddad08594d713238006b06de55043335d71a6b5a0f9c,15,district,district_11,District 11,aggravated_assault,Agg. Assault,last_7_days,percent_change,percent,2026,2025,1,,,*,,undefined_zero_denominator,,undefined_zero_denominator,wilmington-compstat-v2,validated
weekly-2026-09-06-r1,weekly_compstat,2026-08-31,2026-09-06,1,dbbe45b033ef4cf2fb49ddad08594d713238006b06de55043335d71a6b5a0f9c,15,district,district_11,District 11,aggravated_assault,Agg. Assault,last_28_days,count,count,2026,,,9,,9,,not_applicable,,,wilmington-compstat-v2,validated
weekly-2026-09-06-r1,weekly_compstat,2026-08-31,2026-09-06,1,dbbe45b033ef4cf2fb49ddad08594d713238006b06de55043335d71a6b5a0f9c,15,district,district_11,District 11,aggravated_assault,Agg. Assault,last_28_days,count,count,2025,,,2,,2,,not_applicable,,,wilmington-compstat-v2,validated
weekly-2026-09-06-r1,weekly_compstat,2026-08-31,2026-09-06,1,dbbe45b033ef4cf2fb49ddad08594d713238006b06de55043335d71a6b5a0f9c,15,district,district_11,District 11,aggravated_assault,Agg. Assault,last_28_days,percent_change,percent,2026,2025,1,350.0,3.5,350%,350.0,matched,,,wilmington-compstat-v2,validated
weekly-2026-09-06-r1,weekly_compstat,2026-08-31,2026-09-06,1,dbbe45b033ef4cf2fb49ddad08594d713238006b06de55043335d71a6b5a0f9c,15,district,district_11,District 11,aggravated_assault,Agg. Assault,year_to_date,count,count,2026,,,54,,54,,not_applicable,,,wilmington-compstat-v2,validated
weekly-2026-09-06-r1,weekly_compstat,2026-08-31,2026-09-06,1,dbbe45b033ef4cf2fb49ddad08594d713238006b06de55043335d71a6b5a0f9c,15,district,district_11,District 11,aggravated_assault,Agg. Assault,year_to_date,count,count,2025,,,47,,47,,not_applicable,,,wilmington-compstat-v2,validated
weekly-2026-09-06-r1,weekly_compstat,2026-08-31,2026-09-06,1,dbbe45b033ef4cf2fb49ddad08594d713238006b06de55043335d71a6b5a0f9c,15,district,district_11,District 11,aggravated_assault,Agg. Assault,year_to_date,percent_change,percent,2026,2025,1,15.0,0.15,15%,14.893617,matched,,,wilmington-compstat-v2,validated
weekly-2026-09-06-r1,weekly_compstat,2026-08-31,2026-09-06,1,dbbe45b033ef4cf2fb49ddad08594d713238006b06de55043335d71a6b5a0f9c,15,district,district_11,District 11,aggravated_assault,Agg. Assault,year_to_date,percent_change,percent,2026,2024,2,26.0,0.26,26%,,not_checkable,,,wilmington-compstat-v2,validated
weekly-2026-09-06-r1,weekly_compstat,2026-08-31,2026-09-06,1,dbbe45b033ef4cf2fb49ddad08594d713238006b06de55043335d71a6b5a0f9c,15,district,district_11,District 11,aggravated_assault,Agg. Assault,year_to_date,percent_change,percent,2026,2023,3,8.0,0.08,8%,,not_checkable,,,wilmington-compstat-v2,validated
weekly-2026-09-06-r1,weekly_compstat,2026-08-31,2026-09-06,1,dbbe45b033ef4cf2fb49ddad08594d713238006b06de55043335d71a6b5a0f9c,15,district,district_11,District 11,aggravated_assault,Agg. Assault,year_to_date,percent_change,percent,2026,2022,4,20.0,0.2,20%,,not_checkable,,,wilmington-compstat-v2,validated
weekly-2026-09-06-r1,weekly_compstat,2026-08-31,2026-09-06,1,dbbe45b033ef4cf2fb49ddad08594d713238006b06de55043335d71a6b5a0f9c,15,district,district_11,District 11,aggravated_assault,Agg. Assault,year_to_date,percent_change,percent,2026,2021,5,10.0,0.1,10%,,not_checkable,,,wilmington-compstat-v2,validated
weekly-2026-09-06-r1,weekly_compstat,2026-08-31,2026-09-06,1,dbbe45b033ef4cf2fb49ddad08594d713238006b06de55043335d71a6b5a0f9c,15,district,district_11,District 11,aggravated_assault,Agg. Assault,year_to_date,percent_change,percent,2026,2020,6,13.0,0.13,13%,,not_checkable,,,wilmington-compstat-v2,validated
weekly-2026-09-06-r1,weekly_compstat,2026-08-31,2026-09-06,1,dbbe45b033ef4cf2fb49ddad08594d713238006b06de55043335d71a6b5a0f9c,15,district,district_11,District 11,burglary,Burglary,last_7_days,count,count,2026,,,0,,0,,not_applicable,,,wilmington-compstat-v2,validated
weekly-2026-09-06-r1,weekly_compstat,2026-08-31,2026-09-06,1,dbbe45b033ef4cf2fb49ddad08594d713238006b06de55043335d71a6b5a0f9c,15,district,district_11,District 11,burglary,Burglary,last_7_days,count,count,2025,,,0,,0,,not_applicable,,,wilmington-compstat-v2,validated
weekly-2026-09-06-r1,weekly_compstat,2026-08-31,2026-09-06,1,dbbe45b033ef4cf2fb49ddad08594d713238006b06de55043335d71a6b5a0f9c,15,district,district_11,District 11,burglary,Burglary,last_7_days,percent_change,percent,2026,2025,1,,,*,,undefined_zero_denominator,,undefined_zero_denominator,wilmington-compstat-v2,validated
weekly-2026-09-06-r1,weekly_compstat,2026-08-31,2026-09-06,1,dbbe45b033ef4cf2fb49ddad08594d713238006b06de55043335d71a6b5a0f9c,15,district,district_11,District 11,burglary,Burglary,last_28_days,count,count,2026,,,5,,5,,not_applicable,,,wilmington-compstat-v2,validated
weekly-2026-09-06-r1,weekly_compstat,2026-08-31,2026-09-06,1,dbbe45b033ef4cf2fb49ddad08594d713238006b06de55043335d71a6b5a0f9c,15,district,district_11,District 11,burglary,Burglary,last_28_days,count,count,2025,,,12,,12,,not_applicable,,,wilmington-compstat-v2,validated
weekly-2026-09-06-r1,weekly_compstat,2026-08-31,2026-09-06,1,dbbe45b033ef4cf2fb49ddad08594d713238006b06de55043335d71a6b5a0f9c,15,district,district_11,District 11,burglary,Burglary,last_28_days,percent_change,percent,2026,2025,1,-58.0,-0.58,-58%,-58.333333,matched,,,wilmington-compstat-v2,validated
weekly-2026-09-06-r1,weekly_compstat,2026-08-31,2026-09-06,1,dbbe45b033ef4cf2fb49ddad08594d713238006b06de55043335d71a6b5a0f9c,15,district,district_11,District 11,burglary,Burglary,year_to_date,count,count,2026,,,43,,43,,not_applicable,,,wilmington-compstat-v2,validated
weekly-2026-09-06-r1,weekly_compstat,2026-08-31,2026-09-06,1,dbbe45b033ef4cf2fb49ddad08594d713238006b06de55043335d71a6b5a0f9c,15,district,district_11,District 11,burglary,Burglary,year_to_date,count,count,2025,,,47,,47,,not_applicable,,,wilmington-compstat-v2,validated
weekly-2026-09-06-r1,weekly_compstat,2026-08-31,2026-09-06,1,dbbe45b033ef4cf2fb49ddad08594d713238006b06de55043335d71a6b5a0f9c,15,district,district_11,District 11,burglary,Burglary,year_to_date,percent_change,percent,2026,2025,1,-9.0,-0.09,-9%,-8.510638,matched,,,wilmington-compstat-v2,validated
weekly-2026-09-06-r1,weekly_compstat,2026-08-31,2026-09-06,1,dbbe45b033ef4cf2fb49ddad08594d713238006b06de55043335d71a6b5a0f9c,15,district,district_11,District 11,burglary,Burglary,year_to_date,percent_change,percent,2026,2024,2,19.0,0.19,19%,,not_checkable,,,wilmington-compstat-v2,validated
weekly-2026-09-06-r1,weekly_compstat,2026-08-31,2026-09-06,1,dbbe45b033ef4cf2fb49ddad08594d713238006b06de55043335d71a6b5a0f9c,15,district,district_11,District 11,burglary,Burglary,year_to_date,percent_change,percent,2026,2023,3,48.0,0.48,48%,,not_checkable,,,wilmington-compstat-v2,validated
weekly-2026-09-06-r1,weekly_compstat,2026-08-31,2026-09-06,1,dbbe45b033ef4cf2fb49ddad08594d713238006b06de55043335d71a6b5a0f9c,15,district,district_11,District 11,burglary,Burglary,year_to_date,percent_change,percent,2026,2022,4,23.0,0.23,23%,,not_checkable,,,wilmington-compstat-v2,validated
weekly-2026-09-06-r1,weekly_compstat,2026-08-31,2026-09-06,1,dbbe45b033ef4cf2fb49ddad08594d713238006b06de55043335d71a6b5a0f9c,15,district,district_11,District 11,burglary,Burglary,year_to_date,percent_change,percent,2026,2021,5,23.0,0.23,23%,,not_checkable,,,wilmington-compstat-v2,validated
weekly-2026-09-06-r1,weekly_compstat,2026-08-31,2026-09-06,1,dbbe45b033ef4cf2fb49ddad08594d713238006b06de55043335d71a6b5a0f9c,15,district,district_11,District 11,burglary,Burglary,year_to_date,percent_change,percent,2026,2020,6,-23.0,-0.23,-23%,,not_checkable,,,wilmington-compstat-v2,validated
weekly-2026-09-06-r1,weekly_compstat,2026-08-31,2026-09-06,1,dbbe45b033ef4cf2fb49ddad08594d713238006b06de55043335d71a6b5a0f9c,15,district,district_11,District 11,felony_theft,Felony Theft,last_7_days,count,count,2026,,,3,,3,,not_applicable,,,wilmington-compstat-v2,validated
weekly-2026-09-06-r1,weekly_compstat,2026-08-31,2026-09-06,1,dbbe45b033ef4cf2fb49ddad08594d713238006b06de55043335d71a6b5a0f9c,15,district,district_11,District 11,felony_theft,Felony Theft,last_7_days,count,count,2025,,,2,,2,,not_applicable,,,wilmington-compstat-v2,validated
weekly-2026-09-06-r1,weekly_compstat,2026-08-31,2026-09-06,1,dbbe45b033ef4cf2fb49ddad08594d713238006b06de55043335d71a6b5a0f9c,15,district,district_11,District 11,felony_theft,Felony Theft,last_7_days,percent_change,percent,2026,2025,1,50.0,0.5,50%,50.0,matched,,,wilmington-compstat-v2,validated
weekly-2026-09-06-r1,weekly_compstat,2026-08-31,2026-09-06,1,dbbe45b033ef4cf2fb49ddad08594d713238006b06de55043335d71a6b5a0f9c,15,district,district_11,District 11,felony_theft,Felony Theft,last_28_days,count,count,2026,,,5,,5,,not_applicable,,,wilmington-compstat-v2,validated
weekly-2026-09-06-r1,weekly_compstat,2026-08-31,2026-09-06,1,dbbe45b033ef4cf2fb49ddad08594d713238006b06de55043335d71a6b5a0f9c,15,district,district_11,District 11,felony_theft,Felony Theft,last_28_days,count,count,2025,,,6,,6,,not_applicable,,,wilmington-compstat-v2,validated
weekly-2026-09-06-r1,weekly_compstat,2026-08-31,2026-09-06,1,dbbe45b033ef4cf2fb49ddad08594d713238006b06de55043335d71a6b5a0f9c,15,district,district_11,District 11,felony_theft,Felony Theft,last_28_days,percent_change,percent,2026,2025,1,-17.0,-0.17,-17%,-16.666667,matched,,,wilmington-compstat-v2,validated
weekly-2026-09-06-r1,weekly_compstat,2026-08-31,2026-09-06,1,dbbe45b033ef4cf2fb49ddad08594d713238006b06de55043335d71a6b5a0f9c,15,district,district_11,District 11,felony_theft,Felony Theft,year_to_date,count,count,2026,,,22,,22,,not_applicable,,,wilmington-compstat-v2,validated
weekly-2026-09-06-r1,weekly_compstat,2026-08-31,2026-09-06,1,dbbe45b033ef4cf2fb49ddad08594d713238006b06de55043335d71a6b5a0f9c,15,district,district_11,District 11,felony_theft,Felony Theft,year_to_date,count,count,2025,,,25,,25,,not_applicable,,,wilmington-compstat-v2,validated
weekly-2026-09-06-r1,weekly_compstat,2026-08-31,2026-09-06,1,dbbe45b033ef4cf2fb49ddad08594d713238006b06de55043335d71a6b5a0f9c,15,district,district_11,District 11,felony_theft,Felony Theft,year_to_date,percent_change,percent,2026,2025,1,-12.0,-0.12,-12%,-12.0,matched,,,wilmington-compstat-v2,validated
weekly-2026-09-06-r1,weekly_compstat,2026-08-31,2026-09-06,1,dbbe45b033ef4cf2fb49ddad08594d713238006b06de55043335d71a6b5a0f9c,15,district,district_11,District 11,felony_theft,Felony Theft,year_to_date,percent_change,percent,2026,2024,2,-24.0,-0.24,-24%,,not_checkable,,,wilmington-compstat-v2,validated
weekly-2026-09-06-r1,weekly_compstat,2026-08-31,2026-09-06,1,dbbe45b033ef4cf2fb49ddad08594d713238006b06de55043335d71a6b5a0f9c,15,district,district_11,District 11,felony_theft,Felony Theft,year_to_date,percent_change,percent,2026,2023,3,-4.0,-0.04,-4%,,not_checkable,,,wilmington-compstat-v2,validated
weekly-2026-09-06-r1,weekly_compstat,2026-08-31,2026-09-06,1,dbbe45b033ef4cf2fb49ddad08594d713238006b06de55043335d71a6b5a0f9c,15,district,district_11,District 11,felony_theft,Felony Theft,year_to_date,percent_change,percent,2026,2022,4,-15.0,-0.15,-15%,,not_checkable,,,wilmington-compstat-v2,validated
weekly-2026-09-06-r1,weekly_compstat,2026-08-31,2026-09-06,1,dbbe45b033ef4cf2fb49ddad08594d713238006b06de55043335d71a6b5a0f9c,15,district,district_11,District 11,felony_theft,Felony Theft,year_to_date,percent_change,percent,2026,2021,5,83.0,0.83,83%,,not_checkable,,,wilmington-compstat-v2,validated
weekly-2026-09-06-r1,weekly_compstat,2026-08-31,2026-09-06,1,dbbe45b033ef4cf2fb49ddad08594d713238006b06de55043335d71a6b5a0f9c,15,district,district_11,District 11,felony_theft,Felony Theft,year_to_date,percent_change,percent,2026,2020,6,0.0,0.0,0%,,not_checkable,,,wilmington-compstat-v2,validated
weekly-2026-09-06-r1,weekly_compstat,2026-08-31,2026-09-06,1,dbbe45b033ef4cf2fb49ddad08594d713238006b06de55043335d71a6b5a0f9c,15,district,district_11,District 11,auto_theft,Auto Theft,last_7_days,count,count,2026,,,1,,1,,not_applicable,,,wilmington-compstat-v2,validated
weekly-2026-09-06-r1,weekly_compstat,2026-08-31,2026-09-06,1,dbbe45b033ef4cf2fb49ddad08594d713238006b06de55043335d71a6b5a0f9c,15,district,district_11,District 11,auto_theft,Auto Theft,last_7_days,count,count,2025,,,1,,1,,not_applicable,,,wilmington-compstat-v2,validated
weekly-2026-09-06-r1,weekly_compstat,2026-08-31,2026-09-06,1,dbbe45b033ef4cf2fb49ddad08594d713238006b06de55043335d71a6b5a0f9c,15,district,district_11,District 11,auto_theft,Auto Theft,last_7_days,percent_change,percent,2026,2025,1,0.0,0.0,0%,0.0,matched,,,wilmington-compstat-v2,validated
weekly-2026-09-06-r1,weekly_compstat,2026-08-31,2026-09-06,1,dbbe45b033ef4cf2fb49ddad08594d713238006b06de55043335d71a6b5a0f9c,15,district,district_11,District 11,auto_theft,Auto Theft,last_28_days,count,count,2026,,,4,,4,,not_applicable,,,wilmington-compstat-v2,validated
weekly-2026-09-06-r1,weekly_compstat,2026-08-31,2026-09-06,1,dbbe45b033ef4cf2fb49ddad08594d713238006b06de55043335d71a6b5a0f9c,15,district,district_11,District 11,auto_theft,Auto Theft,last_28_days,count,count,2025,,,5,,5,,not_applicable,,,wilmington-compstat-v2,validated
weekly-2026-09-06-r1,weekly_compstat,2026-08-31,2026-09-06,1,dbbe45b033ef4cf2fb49ddad08594d713238006b06de55043335d71a6b5a0f9c,15,district,district_11,District 11,auto_theft,Auto Theft,last_28_days,percent_change,percent,2026,2025,1,-20.0,-0.2,-20%,-20.0,matched,,,wilmington-compstat-v2,validated
weekly-2026-09-06-r1,weekly_compstat,2026-08-31,2026-09-06,1,dbbe45b033ef4cf2fb49ddad08594d713238006b06de55043335d71a6b5a0f9c,15,district,district_11,District 11,auto_theft,Auto Theft,year_to_date,count,count,2026,,,20,,20,,not_applicable,,,wilmington-compstat-v2,validated
weekly-2026-09-06-r1,weekly_compstat,2026-08-31,2026-09-06,1,dbbe45b033ef4cf2fb49ddad08594d713238006b06de55043335d71a6b5a0f9c,15,district,district_11,District 11,auto_theft,Auto Theft,year_to_date,count,count,2025,,,23,,23,,not_applicable,,,wilmington-compstat-v2,validated
weekly-2026-09-06-r1,weekly_compstat,2026-08-31,2026-09-06,1,dbbe45b033ef4cf2fb49ddad08594d713238006b06de55043335d71a6b5a0f9c,15,district,district_11,District 11,auto_theft,Auto Theft,year_to_date,percent_change,percent,2026,2025,1,-13.0,-0.13,-13%,-13.043478,matched,,,wilmington-compstat-v2,validated
weekly-2026-09-06-r1,weekly_compstat,2026-08-31,2026-09-06,1,dbbe45b033ef4cf2fb49ddad08594d713238006b06de55043335d71a6b5a0f9c,15,district,district_11,District 11,auto_theft,Auto Theft,year_to_date,percent_change,percent,2026,2024,2,-29.0,-0.29,-29%,,not_checkable,,,wilmington-compstat-v2,validated
weekly-2026-09-06-r1,weekly_compstat,2026-08-31,2026-09-06,1,dbbe45b033ef4cf2fb49ddad08594d713238006b06de55043335d71a6b5a0f9c,15,district,district_11,District 11,auto_theft,Auto Theft,year_to_date,percent_change,percent,2026,2023,3,-26.0,-0.26,-26%,,not_checkable,,,wilmington-compstat-v2,validated
weekly-2026-09-06-r1,weekly_compstat,2026-08-31,2026-09-06,1,dbbe45b033ef4cf2fb49ddad08594d713238006b06de55043335d71a6b5a0f9c,15,district,district_11,District 11,auto_theft,Auto Theft,year_to_date,percent_change,percent,2026,2022,4,-20.0,-0.2,-20%,,not_checkable,,,wilmington-compstat-v2,validated
weekly-2026-09-06-r1,weekly_compstat,2026-08-31,2026-09-06,1,dbbe45b033ef4cf2fb49ddad08594d713238006b06de55043335d71a6b5a0f9c,15,district,district_11,District 11,auto_theft,Auto Theft,year_to_date,percent_change,percent,2026,2021,5,-20.0,-0.2,-20%,,not_checkable,,,wilmington-compstat-v2,validated
weekly-2026-09-06-r1,weekly_compstat,2026-08-31,2026-09-06,1,dbbe45b033ef4cf2fb49ddad08594d713238006b06de55043335d71a6b5a0f9c,15,district,district_11,District 11,auto_theft,Auto Theft,year_to_date,percent_change,percent,2026,2020,6,-43.0,-0.43,-43%,,not_checkable,,,wilmington-compstat-v2,validated
weekly-2026-09-06-r1,weekly_compstat,2026-08-31,2026-09-06,1,dbbe45b033ef4cf2fb49ddad08594d713238006b06de55043335d71a6b5a0f9c,15,district,district_11,District 11,major_crime_total,TOTAL,last_7_days,count,count,2026,,,8,,8,,not_applicable,,,wilmington-compstat-v2,validated
weekly-2026-09-06-r1,weekly_compstat,2026-08-31,2026-09-06,1,dbbe45b033ef4cf2fb49ddad08594d713238006b06de55043335d71a6b5a0f9c,15,district,district_11,District 11,major_crime_total,TOTAL,last_7_days,count,count,2025,,,4,,4,,not_applicable,,,wilmington-compstat-v2,validated
weekly-2026-09-06-r1,weekly_compstat,2026-08-31,2026-09-06,1,dbbe45b033ef4cf2fb49ddad08594d713238006b06de55043335d71a6b5a0f9c,15,district,district_11,District 11,major_crime_total,TOTAL,last_7_days,percent_change,percent,2026,2025,1,100.0,1.0,100%,100.0,matched,,,wilmington-compstat-v2,validated
weekly-2026-09-06-r1,weekly_compstat,2026-08-31,2026-09-06,1,dbbe45b033ef4cf2fb49ddad08594d713238006b06de55043335d71a6b5a0f9c,15,district,district_11,District 11,major_crime_total,TOTAL,last_28_days,count,count,2026,,,24,,24,,not_applicable,,,wilmington-compstat-v2,validated
weekly-2026-09-06-r1,weekly_compstat,2026-08-31,2026-09-06,1,dbbe45b033ef4cf2fb49ddad08594d713238006b06de55043335d71a6b5a0f9c,15,district,district_11,District 11,major_crime_total,TOTAL,last_28_days,count,count,2025,,,28,,28,,not_applicable,,,wilmington-compstat-v2,validated
weekly-2026-09-06-r1,weekly_compstat,2026-08-31,2026-09-06,1,dbbe45b033ef4cf2fb49ddad08594d713238006b06de55043335d71a6b5a0f9c,15,district,district_11,District 11,major_crime_total,TOTAL,last_28_days,percent_change,percent,2026,2025,1,-14.0,-0.14,-14%,-14.285714,matched,,,wilmington-compstat-v2,validated
weekly-2026-09-06-r1,weekly_compstat,2026-08-31,2026-09-06,1,dbbe45b033ef4cf2fb49ddad08594d713238006b06de55043335d71a6b5a0f9c,15,district,district_11,District 11,major_crime_total,TOTAL,year_to_date,count,count,2026,,,156,,156,,not_applicable,,,wilmington-compstat-v2,validated
weekly-2026-09-06-r1,weekly_compstat,2026-08-31,2026-09-06,1,dbbe45b033ef4cf2fb49ddad08594d713238006b06de55043335d71a6b5a0f9c,15,district,district_11,District 11,major_crime_total,TOTAL,year_to_date,count,count,2025,,,160,,160,,not_applicable,,,wilmington-compstat-v2,validated
weekly-2026-09-06-r1,weekly_compstat,2026-08-31,2026-09-06,1,dbbe45b033ef4cf2fb49ddad08594d713238006b06de55043335d71a6b5a0f9c,15,district,district_11,District 11,major_crime_total,TOTAL,year_to_date,percent_change,percent,2026,2025,1,-3.0,-0.03,-3%,-2.5,matched,,,wilmington-compstat-v2,validated
weekly-2026-09-06-r1,weekly_compstat,2026-08-31,2026-09-06,1,dbbe45b033ef4cf2fb49ddad08594d713238006b06de55043335d71a6b5a0f9c,15,district,district_11,District 11,major_crime_total,TOTAL,year_to_date,percent_change,percent,2026,2024,2,4.0,0.04,4%,,not_checkable,,,wilmington-compstat-v2,validated
weekly-2026-09-06-r1,weekly_compstat,2026-08-31,2026-09-06,1,dbbe45b033ef4cf2fb49ddad08594d713238006b06de55043335d71a6b5a0f9c,15,district,district_11,District 11,major_crime_total,TOTAL,year_to_date,percent_change,percent,2026,2023,3,4.0,0.04,4%,,not_checkable,,,wilmington-compstat-v2,validated
weekly-2026-09-06-r1,weekly_compstat,2026-08-31,2026-09-06,1,dbbe45b033ef4cf2fb49ddad08594d713238006b06de55043335d71a6b5a0f9c,15,district,district_11,District 11,major_crime_total,TOTAL,year_to_date,percent_change,percent,2026,2022,4,1.0,0.01,1%,,not_checkable,,,wilmington-compstat-v2,validated
weekly-2026-09-06-r1,weekly_compstat,2026-08-31,2026-09-06,1,dbbe45b033ef4cf2fb49ddad08594d713238006b06de55043335d71a6b5a0f9c,15,district,district_11,District 11,major_crime_total,TOTAL,year_to_date,percent_change,percent,2026,2021,5,12.0,0.12,12%,,not_checkable,,,wilmington-compstat-v2,validated
weekly-2026-09-06-r1,weekly_compstat,2026-08-31,2026-09-06,1,dbbe45b033ef4cf2fb49ddad08594d713238006b06de55043335d71a6b5a0f9c,15,district,district_11,District 11,major_crime_total,TOTAL,year_to_date,percent_change,percent,2026,2020,6,-18.0,-0.18,-18%,,not_checkable,,,wilmington-compstat-v2,validated
weekly-2026-09-06-r1,weekly_compstat,2026-08-31,2026-09-06,1,dbbe45b033ef4cf2fb49ddad08594d713238006b06de55043335d71a6b5a0f9c,15,district,district_11,District 11,shooting_incidents,Shooting Incidents,last_7_days,count,count,2026,,,0,,0,,not_applicable,,,wilmington-compstat-v2,validated
weekly-2026-09-06-r1,weekly_compstat,2026-08-31,2026-09-06,1,dbbe45b033ef4cf2fb49ddad08594d713238006b06de55043335d71a6b5a0f9c,15,district,district_11,District 11,shooting_incidents,Shooting Incidents,last_7_days,count,count,2025,,,0,,0,,not_applicable,,,wilmington-compstat-v2,validated
weekly-2026-09-06-r1,weekly_compstat,2026-08-31,2026-09-06,1,dbbe45b033ef4cf2fb49ddad08594d713238006b06de55043335d71a6b5a0f9c,15,district,district_11,District 11,shooting_incidents,Shooting Incidents,last_7_days,percent_change,percent,2026,2025,1,,,*,,undefined_zero_denominator,,undefined_zero_denominator,wilmington-compstat-v2,validated
weekly-2026-09-06-r1,weekly_compstat,2026-08-31,2026-09-06,1,dbbe45b033ef4cf2fb49ddad08594d713238006b06de55043335d71a6b5a0f9c,15,district,district_11,District 11,shooting_incidents,Shooting Incidents,last_28_days,count,count,2026,,,2,,2,,not_applicable,,,wilmington-compstat-v2,validated
weekly-2026-09-06-r1,weekly_compstat,2026-08-31,2026-09-06,1,dbbe45b033ef4cf2fb49ddad08594d713238006b06de55043335d71a6b5a0f9c,15,district,district_11,District 11,shooting_incidents,Shooting Incidents,last_28_days,count,count,2025,,,0,,0,,not_applicable,,,wilmington-compstat-v2,validated
weekly-2026-09-06-r1,weekly_compstat,2026-08-31,2026-09-06,1,dbbe45b033ef4cf2fb49ddad08594d713238006b06de55043335d71a6b5a0f9c,15,district,district_11,District 11,shooting_incidents,Shooting Incidents,last_28_days,percent_change,percent,2026,2025,1,,,*,,undefined_zero_denominator,,undefined_zero_denominator,wilmington-compstat-v2,validated
weekly-2026-09-06-r1,weekly_compstat,2026-08-31,2026-09-06,1,dbbe45b033ef4cf2fb49ddad08594d713238006b06de55043335d71a6b5a0f9c,15,district,district_11,District 11,shooting_incidents,Shooting Incidents,year_to_date,count,count,2026,,,5,,5,,not_applicable,,,wilmington-compstat-v2,validated
weekly-2026-09-06-r1,weekly_compstat,2026-08-31,2026-09-06,1,dbbe45b033ef4cf2fb49ddad08594d713238006b06de55043335d71a6b5a0f9c,15,district,district_11,District 11,shooting_incidents,Shooting Incidents,year_to_date,count,count,2025,,,5,,5,,not_applicable,,,wilmington-compstat-v2,validated
weekly-2026-09-06-r1,weekly_compstat,2026-08-31,2026-09-06,1,dbbe45b033ef4cf2fb49ddad08594d713238006b06de55043335d71a6b5a0f9c,15,district,district_11,District 11,shooting_incidents,Shooting Incidents,year_to_date,percent_change,percent,2026,2025,1,0.0,0.0,0%,0.0,matched,,,wilmington-compstat-v2,validated
weekly-2026-09-06-r1,weekly_compstat,2026-08-31,2026-09-06,1,dbbe45b033ef4cf2fb49ddad08594d713238006b06de55043335d71a6b5a0f9c,15,district,district_11,District 11,shooting_incidents,Shooting Incidents,year_to_date,percent_change,percent,2026,2024,2,-29.0,-0.29,-29%,,not_checkable,,,wilmington-compstat-v2,validated
weekly-2026-09-06-r1,weekly_compstat,2026-08-31,2026-09-06,1,dbbe45b033ef4cf2fb49ddad08594d713238006b06de55043335d71a6b5a0f9c,15,district,district_11,District 11,shooting_incidents,Shooting Incidents,year_to_date,percent_change,percent,2026,2023,3,-29.0,-0.29,-29%,,not_checkable,,,wilmington-compstat-v2,validated
weekly-2026-09-06-r1,weekly_compstat,2026-08-31,2026-09-06,1,dbbe45b033ef4cf2fb49ddad08594d713238006b06de55043335d71a6b5a0f9c,15,district,district_11,District 11,shooting_incidents,Shooting Incidents,year_to_date,percent_change,percent,2026,2022,4,-17.0,-0.17,-17%,,not_checkable,,,wilmington-compstat-v2,validated
weekly-2026-09-06-r1,weekly_compstat,2026-08-31,2026-09-06,1,dbbe45b033ef4cf2fb49ddad08594d713238006b06de55043335d71a6b5a0f9c,15,district,district_11,District 11,shooting_incidents,Shooting Incidents,year_to_date,percent_change,percent,2026,2021,5,-58.0,-0.58,-58%,,not_checkable,,,wilmington-compstat-v2,validated
weekly-2026-09-06-r1,weekly_compstat,2026-08-31,2026-09-06,1,dbbe45b033ef4cf2fb49ddad08594d713238006b06de55043335d71a6b5a0f9c,15,district,district_11,District 11,shooting_incidents,Shooting Incidents,year_to_date,percent_change,percent,2026,2020,6,-69.0,-0.69,-69%,,not_checkable,,,wilmington-compstat-v2,validated
weekly-2026-09-06-r1,weekly_compstat,2026-08-31,2026-09-06,1,dbbe45b033ef4cf2fb49ddad08594d713238006b06de55043335d71a6b5a0f9c,15,district,district_11,District 11,shooting_victims,Shooting Victims,last_7_days,count,count,2026,,,0,,0,,not_applicable,,,wilmington-compstat-v2,validated
weekly-2026-09-06-r1,weekly_compstat,2026-08-31,2026-09-06,1,dbbe45b033ef4cf2fb49ddad08594d713238006b06de55043335d71a6b5a0f9c,15,district,district_11,District 11,shooting_victims,Shooting Victims,last_7_days,count,count,2025,,,0,,0,,not_applicable,,,wilmington-compstat-v2,validated
weekly-2026-09-06-r1,weekly_compstat,2026-08-31,2026-09-06,1,dbbe45b033ef4cf2fb49ddad08594d713238006b06de55043335d71a6b5a0f9c,15,district,district_11,District 11,shooting_victims,Shooting Victims,last_7_days,percent_change,percent,2026,2025,1,,,*,,undefined_zero_denominator,,undefined_zero_denominator,wilmington-compstat-v2,validated
weekly-2026-09-06-r1,weekly_compstat,2026-08-31,2026-09-06,1,dbbe45b033ef4cf2fb49ddad08594d713238006b06de55043335d71a6b5a0f9c,15,district,district_11,District 11,shooting_victims,Shooting Victims,last_28_days,count,count,2026,,,5,,5,,not_applicable,,,wilmington-compstat-v2,validated
weekly-2026-09-06-r1,weekly_compstat,2026-08-31,2026-09-06,1,dbbe45b033ef4cf2fb49ddad08594d713238006b06de55043335d71a6b5a0f9c,15,district,district_11,District 11,shooting_victims,Shooting Victims,last_28_days,count,count,2025,,,0,,0,,not_applicable,,,wilmington-compstat-v2,validated
weekly-2026-09-06-r1,weekly_compstat,2026-08-31,2026-09-06,1,dbbe45b033ef4cf2fb49ddad08594d713238006b06de55043335d71a6b5a0f9c,15,district,district_11,District 11,shooting_victims,Shooting Victims,last_28_days,percent_change,percent,2026,2025,1,,,*,,undefined_zero_denominator,,undefined_zero_denominator,wilmington-compstat-v2,validated
weekly-2026-09-06-r1,weekly_compstat,2026-08-31,2026-09-06,1,dbbe45b033ef4cf2fb49ddad08594d713238006b06de55043335d71a6b5a0f9c,15,district,district_11,District 11,shooting_victims,Shooting Victims,year_to_date,count,count,2026,,,8,,8,,not_applicable,,,wilmington-compstat-v2,validated
weekly-2026-09-06-r1,weekly_compstat,2026-08-31,2026-09-06,1,dbbe45b033ef4cf2fb49ddad08594d713238006b06de55043335d71a6b5a0f9c,15,district,district_11,District 11,shooting_victims,Shooting Victims,year_to_date,count,count,2025,,,6,,6,,not_applicable,,,wilmington-compstat-v2,validated
weekly-2026-09-06-r1,weekly_compstat,2026-08-31,2026-09-06,1,dbbe45b033ef4cf2fb49ddad08594d713238006b06de55043335d71a6b5a0f9c,15,district,district_11,District 11,shooting_victims,Shooting Victims,year_to_date,percent_change,percent,2026,2025,1,33.0,0.33,33%,33.333333,matched,,,wilmington-compstat-v2,validated
weekly-2026-09-06-r1,weekly_compstat,2026-08-31,2026-09-06,1,dbbe45b033ef4cf2fb49ddad08594d713238006b06de55043335d71a6b5a0f9c,15,district,district_11,District 11,shooting_victims,Shooting Victims,year_to_date,percent_change,percent,2026,2024,2,14.0,0.14,14%,,not_checkable,,,wilmington-compstat-v2,validated
weekly-2026-09-06-r1,weekly_compstat,2026-08-31,2026-09-06,1,dbbe45b033ef4cf2fb49ddad08594d713238006b06de55043335d71a6b5a0f9c,15,district,district_11,District 11,shooting_victims,Shooting Victims,year_to_date,percent_change,percent,2026,2023,3,-20.0,-0.2,-20%,,not_checkable,,,wilmington-compstat-v2,validated
weekly-2026-09-06-r1,weekly_compstat,2026-08-31,2026-09-06,1,dbbe45b033ef4cf2fb49ddad08594d713238006b06de55043335d71a6b5a0f9c,15,district,district_11,District 11,shooting_victims,Shooting Victims,year_to_date,percent_change,percent,2026,2022,4,-11.0,-0.11,-11%,,not_checkable,,,wilmington-compstat-v2,validated
weekly-2026-09-06-r1,weekly_compstat,2026-08-31,2026-09-06,1,dbbe45b033ef4cf2fb49ddad08594d713238006b06de55043335d71a6b5a0f9c,15,district,district_11,District 11,shooting_victims,Shooting Victims,year_to_date,percent_change,percent,2026,2021,5,-60.0,-0.6,-60%,,not_checkable,,,wilmington-compstat-v2,validated
weekly-2026-09-06-r1,weekly_compstat,2026-08-31,2026-09-06,1,dbbe45b033ef4cf2fb49ddad08594d713238006b06de55043335d71a6b5a0f9c,15,district,district_11,District 11,shooting_victims,Shooting Victims,year_to_date,percent_change,percent,2026,2020,6,-65.0,-0.65,-65%,,not_checkable,,,wilmington-compstat-v2,validated
weekly-2026-09-06-r1,weekly_compstat,2026-08-31,2026-09-06,1,dbbe45b033ef4cf2fb49ddad08594d713238006b06de55043335d71a6b5a0f9c,15,district,district_11,District 11,juvenile_shooting_incidents,*Juv Shooting Incidents,last_7_days,count,count,2026,,,0,,0,,not_applicable,,,wilmington-compstat-v2,validated
weekly-2026-09-06-r1,weekly_compstat,2026-08-31,2026-09-06,1,dbbe45b033ef4cf2fb49ddad08594d713238006b06de55043335d71a6b5a0f9c,15,district,district_11,District 11,juvenile_shooting_incidents,*Juv Shooting Incidents,last_7_days,count,count,2025,,,0,,0,,not_applicable,,,wilmington-compstat-v2,validated
weekly-2026-09-06-r1,weekly_compstat,2026-08-31,2026-09-06,1,dbbe45b033ef4cf2fb49ddad08594d713238006b06de55043335d71a6b5a0f9c,15,district,district_11,District 11,juvenile_shooting_incidents,*Juv Shooting Incidents,last_7_days,percent_change,percent,2026,2025,1,,,*,,undefined_zero_denominator,,undefined_zero_denominator,wilmington-compstat-v2,validated
weekly-2026-09-06-r1,weekly_compstat,2026-08-31,2026-09-06,1,dbbe45b033ef4cf2fb49ddad08594d713238006b06de55043335d71a6b5a0f9c,15,district,district_11,District 11,juvenile_shooting_incidents,*Juv Shooting Incidents,last_28_days,count,count,2026,,,0,,0,,not_applicable,,,wilmington-compstat-v2,validated
weekly-2026-09-06-r1,weekly_compstat,2026-08-31,2026-09-06,1,dbbe45b033ef4cf2fb49ddad08594d713238006b06de55043335d71a6b5a0f9c,15,district,district_11,District 11,juvenile_shooting_incidents,*Juv Shooting Incidents,last_28_days,count,count,2025,,,0,,0,,not_applicable,,,wilmington-compstat-v2,validated
weekly-2026-09-06-r1,weekly_compstat,2026-08-31,2026-09-06,1,dbbe45b033ef4cf2fb49ddad08594d713238006b06de55043335d71a6b5a0f9c,15,district,district_11,District 11,juvenile_shooting_incidents,*Juv Shooting Incidents,last_28_days,percent_change,percent,2026,2025,1,,,*,,undefined_zero_denominator,,undefined_zero_denominator,wilmington-compstat-v2,validated
weekly-2026-09-06-r1,weekly_compstat,2026-08-31,2026-09-06,1,dbbe45b033ef4cf2fb49ddad08594d713238006b06de55043335d71a6b5a0f9c,15,district,district_11,District 11,juvenile_shooting_incidents,*Juv Shooting Incidents,year_to_date,count,count,2026,,,2,,2,,not_applicable,,,wilmington-compstat-v2,validated
weekly-2026-09-06-r1,weekly_compstat,2026-08-31,2026-09-06,1,dbbe45b033ef4cf2fb49ddad08594d713238006b06de55043335d71a6b5a0f9c,15,district,district_11,District 11,juvenile_shooting_incidents,*Juv Shooting Incidents,year_to_date,count,count,2025,,,0,,0,,not_applicable,,,wilmington-compstat-v2,validated
weekly-2026-09-06-r1,weekly_compstat,2026-08-31,2026-09-06,1,dbbe45b033ef4cf2fb49ddad08594d713238006b06de55043335d71a6b5a0f9c,15,district,district_11,District 11,juvenile_shooting_incidents,*Juv Shooting Incidents,year_to_date,percent_change,percent,2026,2025,1,,,*,,undefined_zero_denominator,,undefined_zero_denominator,wilmington-compstat-v2,validated
weekly-2026-09-06-r1,weekly_compstat,2026-08-31,2026-09-06,1,dbbe45b033ef4cf2fb49ddad08594d713238006b06de55043335d71a6b5a0f9c,15,district,district_11,District 11,juvenile_shooting_incidents,*Juv Shooting Incidents,year_to_date,percent_change,percent,2026,2024,2,,,*,,not_checkable,,undefined_zero_denominator,wilmington-compstat-v2,validated
weekly-2026-09-06-r1,weekly_compstat,2026-08-31,2026-09-06,1,dbbe45b033ef4cf2fb49ddad08594d713238006b06de55043335d71a6b5a0f9c,15,district,district_11,District 11,juvenile_shooting_incidents,*Juv Shooting Incidents,year_to_date,percent_change,percent,2026,2023,3,0.0,0.0,0%,,not_checkable,,,wilmington-compstat-v2,validated
weekly-2026-09-06-r1,weekly_compstat,2026-08-31,2026-09-06,1,dbbe45b033ef4cf2fb49ddad08594d713238006b06de55043335d71a6b5a0f9c,15,district,district_11,District 11,juvenile_shooting_incidents,*Juv Shooting Incidents,year_to_date,percent_change,percent,2026,2022,4,100.0,1.0,100%,,not_checkable,,,wilmington-compstat-v2,validated
weekly-2026-09-06-r1,weekly_compstat,2026-08-31,2026-09-06,1,dbbe45b033ef4cf2fb49ddad08594d713238006b06de55043335d71a6b5a0f9c,15,district,district_11,District 11,juvenile_shooting_incidents,*Juv Shooting Incidents,year_to_date,percent_change,percent,2026,2021,5,0.0,0.0,0%,,not_checkable,,,wilmington-compstat-v2,validated
weekly-2026-09-06-r1,weekly_compstat,2026-08-31,2026-09-06,1,dbbe45b033ef4cf2fb49ddad08594d713238006b06de55043335d71a6b5a0f9c,15,district,district_11,District 11,juvenile_shooting_incidents,*Juv Shooting Incidents,year_to_date,percent_change,percent,2026,2020,6,-67.0,-0.67,-67%,,not_checkable,,,wilmington-compstat-v2,validated
weekly-2026-09-06-r1,weekly_compstat,2026-08-31,2026-09-06,1,dbbe45b033ef4cf2fb49ddad08594d713238006b06de55043335d71a6b5a0f9c,15,district,district_11,District 11,juvenile_shooting_victims,*Juv Shooting Victims,last_7_days,count,count,2026,,,0,,0,,not_applicable,,,wilmington-compstat-v2,validated
weekly-2026-09-06-r1,weekly_compstat,2026-08-31,2026-09-06,1,dbbe45b033ef4cf2fb49ddad08594d713238006b06de55043335d71a6b5a0f9c,15,district,district_11,District 11,juvenile_shooting_victims,*Juv Shooting Victims,last_7_days,count,count,2025,,,0,,0,,not_applicable,,,wilmington-compstat-v2,validated
weekly-2026-09-06-r1,weekly_compstat,2026-08-31,2026-09-06,1,dbbe45b033ef4cf2fb49ddad08594d713238006b06de55043335d71a6b5a0f9c,15,district,district_11,District 11,juvenile_shooting_victims,*Juv Shooting Victims,last_7_days,percent_change,percent,2026,2025,1,,,*,,undefined_zero_denominator,,undefined_zero_denominator,wilmington-compstat-v2,validated
weekly-2026-09-06-r1,weekly_compstat,2026-08-31,2026-09-06,1,dbbe45b033ef4cf2fb49ddad08594d713238006b06de55043335d71a6b5a0f9c,15,district,district_11,District 11,juvenile_shooting_victims,*Juv Shooting Victims,last_28_days,count,count,2026,,,0,,0,,not_applicable,,,wilmington-compstat-v2,validated
weekly-2026-09-06-r1,weekly_compstat,2026-08-31,2026-09-06,1,dbbe45b033ef4cf2fb49ddad08594d713238006b06de55043335d71a6b5a0f9c,15,district,district_11,District 11,juvenile_shooting_victims,*Juv Shooting Victims,last_28_days,count,count,2025,,,0,,0,,not_applicable,,,wilmington-compstat-v2,validated
weekly-2026-09-06-r1,weekly_compstat,2026-08-31,2026-09-06,1,dbbe45b033ef4cf2fb49ddad08594d713238006b06de55043335d71a6b5a0f9c,15,district,district_11,District 11,juvenile_shooting_victims,*Juv Shooting Victims,last_28_days,percent_change,percent,2026,2025,1,,,*,,undefined_zero_denominator,,undefined_zero_denominator,wilmington-compstat-v2,validated
weekly-2026-09-06-r1,weekly_compstat,2026-08-31,2026-09-06,1,dbbe45b033ef4cf2fb49ddad08594d713238006b06de55043335d71a6b5a0f9c,15,district,district_11,District 11,juvenile_shooting_victims,*Juv Shooting Victims,year_to_date,count,count,2026,,,2,,2,,not_applicable,,,wilmington-compstat-v2,validated
weekly-2026-09-06-r1,weekly_compstat,2026-08-31,2026-09-06,1,dbbe45b033ef4cf2fb49ddad08594d713238006b06de55043335d71a6b5a0f9c,15,district,district_11,District 11,juvenile_shooting_victims,*Juv Shooting Victims,year_to_date,count,count,2025,,,0,,0,,not_applicable,,,wilmington-compstat-v2,validated
weekly-2026-09-06-r1,weekly_compstat,2026-08-31,2026-09-06,1,dbbe45b033ef4cf2fb49ddad08594d713238006b06de55043335d71a6b5a0f9c,15,district,district_11,District 11,juvenile_shooting_victims,*Juv Shooting Victims,year_to_date,percent_change,percent,2026,2025,1,,,*,,undefined_zero_denominator,,undefined_zero_denominator,wilmington-compstat-v2,validated
weekly-2026-09-06-r1,weekly_compstat,2026-08-31,2026-09-06,1,dbbe45b033ef4cf2fb49ddad08594d713238006b06de55043335d71a6b5a0f9c,15,district,district_11,District 11,juvenile_shooting_victims,*Juv Shooting Victims,year_to_date,percent_change,percent,2026,2024,2,,,*,,not_checkable,,undefined_zero_denominator,wilmington-compstat-v2,validated
weekly-2026-09-06-r1,weekly_compstat,2026-08-31,2026-09-06,1,dbbe45b033ef4cf2fb49ddad08594d713238006b06de55043335d71a6b5a0f9c,15,district,district_11,District 11,juvenile_shooting_victims,*Juv Shooting Victims,year_to_date,percent_change,percent,2026,2023,3,-33.0,-0.33,-33%,,not_checkable,,,wilmington-compstat-v2,validated
weekly-2026-09-06-r1,weekly_compstat,2026-08-31,2026-09-06,1,dbbe45b033ef4cf2fb49ddad08594d713238006b06de55043335d71a6b5a0f9c,15,district,district_11,District 11,juvenile_shooting_victims,*Juv Shooting Victims,year_to_date,percent_change,percent,2026,2022,4,0.0,0.0,0%,,not_checkable,,,wilmington-compstat-v2,validated
weekly-2026-09-06-r1,weekly_compstat,2026-08-31,2026-09-06,1,dbbe45b033ef4cf2fb49ddad08594d713238006b06de55043335d71a6b5a0f9c,15,district,district_11,District 11,juvenile_shooting_victims,*Juv Shooting Victims,year_to_date,percent_change,percent,2026,2021,5,0.0,0.0,0%,,not_checkable,,,wilmington-compstat-v2,validated
weekly-2026-09-06-r1,weekly_compstat,2026-08-31,2026-09-06,1,dbbe45b033ef4cf2fb49ddad08594d713238006b06de55043335d71a6b5a0f9c,15,district,district_11,District 11,juvenile_shooting_victims,*Juv Shooting Victims,year_to_date,percent_change,percent,2026,2020,6,-80.0,-0.8,-80%,,not_checkable,,,wilmington-compstat-v2,validated
weekly-2026-09-06-r1,weekly_compstat,2026-08-31,2026-09-06,1,dbbe45b033ef4cf2fb49ddad08594d713238006b06de55043335d71a6b5a0f9c,15,district,district_11,District 11,misdemeanor_theft,Theft (Misdemeanor),last_7_days,count,count,2026,,,3,,3,,not_applicable,,,wilmington-compstat-v2,validated
weekly-2026-09-06-r1,weekly_compstat,2026-08-31,2026-09-06,1,dbbe45b033ef4cf2fb49ddad08594d713238006b06de55043335d71a6b5a0f9c,15,district,district_11,District 11,misdemeanor_theft,Theft (Misdemeanor),last_7_days,count,count,2025,,,2,,2,,not_applicable,,,wilmington-compstat-v2,validated
weekly-2026-09-06-r1,weekly_compstat,2026-08-31,2026-09-06,1,dbbe45b033ef4cf2fb49ddad08594d713238006b06de55043335d71a6b5a0f9c,15,district,district_11,District 11,misdemeanor_theft,Theft (Misdemeanor),last_7_days,percent_change,percent,2026,2025,1,50.0,0.5,50%,50.0,matched,,,wilmington-compstat-v2,validated
weekly-2026-09-06-r1,weekly_compstat,2026-08-31,2026-09-06,1,dbbe45b033ef4cf2fb49ddad08594d713238006b06de55043335d71a6b5a0f9c,15,district,district_11,District 11,misdemeanor_theft,Theft (Misdemeanor),last_28_days,count,count,2026,,,10,,10,,not_applicable,,,wilmington-compstat-v2,validated
weekly-2026-09-06-r1,weekly_compstat,2026-08-31,2026-09-06,1,dbbe45b033ef4cf2fb49ddad08594d713238006b06de55043335d71a6b5a0f9c,15,district,district_11,District 11,misdemeanor_theft,Theft (Misdemeanor),last_28_days,count,count,2025,,,12,,12,,not_applicable,,,wilmington-compstat-v2,validated
weekly-2026-09-06-r1,weekly_compstat,2026-08-31,2026-09-06,1,dbbe45b033ef4cf2fb49ddad08594d713238006b06de55043335d71a6b5a0f9c,15,district,district_11,District 11,misdemeanor_theft,Theft (Misdemeanor),last_28_days,percent_change,percent,2026,2025,1,-17.0,-0.17,-17%,-16.666667,matched,,,wilmington-compstat-v2,validated
weekly-2026-09-06-r1,weekly_compstat,2026-08-31,2026-09-06,1,dbbe45b033ef4cf2fb49ddad08594d713238006b06de55043335d71a6b5a0f9c,15,district,district_11,District 11,misdemeanor_theft,Theft (Misdemeanor),year_to_date,count,count,2026,,,85,,85,,not_applicable,,,wilmington-compstat-v2,validated
weekly-2026-09-06-r1,weekly_compstat,2026-08-31,2026-09-06,1,dbbe45b033ef4cf2fb49ddad08594d713238006b06de55043335d71a6b5a0f9c,15,district,district_11,District 11,misdemeanor_theft,Theft (Misdemeanor),year_to_date,count,count,2025,,,78,,78,,not_applicable,,,wilmington-compstat-v2,validated
weekly-2026-09-06-r1,weekly_compstat,2026-08-31,2026-09-06,1,dbbe45b033ef4cf2fb49ddad08594d713238006b06de55043335d71a6b5a0f9c,15,district,district_11,District 11,misdemeanor_theft,Theft (Misdemeanor),year_to_date,percent_change,percent,2026,2025,1,9.0,0.09,9%,8.974359,matched,,,wilmington-compstat-v2,validated
weekly-2026-09-06-r1,weekly_compstat,2026-08-31,2026-09-06,1,dbbe45b033ef4cf2fb49ddad08594d713238006b06de55043335d71a6b5a0f9c,15,district,district_11,District 11,misdemeanor_theft,Theft (Misdemeanor),year_to_date,percent_change,percent,2026,2024,2,1.0,0.01,1%,,not_checkable,,,wilmington-compstat-v2,validated
weekly-2026-09-06-r1,weekly_compstat,2026-08-31,2026-09-06,1,dbbe45b033ef4cf2fb49ddad08594d713238006b06de55043335d71a6b5a0f9c,15,district,district_11,District 11,misdemeanor_theft,Theft (Misdemeanor),year_to_date,percent_change,percent,2026,2023,3,13.0,0.13,13%,,not_checkable,,,wilmington-compstat-v2,validated
weekly-2026-09-06-r1,weekly_compstat,2026-08-31,2026-09-06,1,dbbe45b033ef4cf2fb49ddad08594d713238006b06de55043335d71a6b5a0f9c,15,district,district_11,District 11,misdemeanor_theft,Theft (Misdemeanor),year_to_date,percent_change,percent,2026,2022,4,5.0,0.05,5%,,not_checkable,,,wilmington-compstat-v2,validated
weekly-2026-09-06-r1,weekly_compstat,2026-08-31,2026-09-06,1,dbbe45b033ef4cf2fb49ddad08594d713238006b06de55043335d71a6b5a0f9c,15,district,district_11,District 11,misdemeanor_theft,Theft (Misdemeanor),year_to_date,percent_change,percent,2026,2021,5,21.0,0.21,21%,,not_checkable,,,wilmington-compstat-v2,validated
weekly-2026-09-06-r1,weekly_compstat,2026-08-31,2026-09-06,1,dbbe45b033ef4cf2fb49ddad08594d713238006b06de55043335d71a6b5a0f9c,15,district,district_11,District 11,misdemeanor_theft,Theft (Misdemeanor),year_to_date,percent_change,percent,2026,2020,6,-2.0,-0.02,-2%,,not_checkable,,,wilmington-compstat-v2,validated
weekly-2026-09-06-r1,weekly_compstat,2026-08-31,2026-09-06,1,dbbe45b033ef4cf2fb49ddad08594d713238006b06de55043335d71a6b5a0f9c,17,district,district_16,District 16,murder,Murder,last_7_days,count,count,2026,,,0,,0,,not_applicable,,,wilmington-compstat-v2,validated
weekly-2026-09-06-r1,weekly_compstat,2026-08-31,2026-09-06,1,dbbe45b033ef4cf2fb49ddad08594d713238006b06de55043335d71a6b5a0f9c,17,district,district_16,District 16,murder,Murder,last_7_days,count,count,2025,,,0,,0,,not_applicable,,,wilmington-compstat-v2,validated
weekly-2026-09-06-r1,weekly_compstat,2026-08-31,2026-09-06,1,dbbe45b033ef4cf2fb49ddad08594d713238006b06de55043335d71a6b5a0f9c,17,district,district_16,District 16,murder,Murder,last_7_days,percent_change,percent,2026,2025,1,,,*,,undefined_zero_denominator,,undefined_zero_denominator,wilmington-compstat-v2,validated
weekly-2026-09-06-r1,weekly_compstat,2026-08-31,2026-09-06,1,dbbe45b033ef4cf2fb49ddad08594d713238006b06de55043335d71a6b5a0f9c,17,district,district_16,District 16,murder,Murder,last_28_days,count,count,2026,,,0,,0,,not_applicable,,,wilmington-compstat-v2,validated
weekly-2026-09-06-r1,weekly_compstat,2026-08-31,2026-09-06,1,dbbe45b033ef4cf2fb49ddad08594d713238006b06de55043335d71a6b5a0f9c,17,district,district_16,District 16,murder,Murder,last_28_days,count,count,2025,,,1,,1,,not_applicable,,,wilmington-compstat-v2,validated
weekly-2026-09-06-r1,weekly_compstat,2026-08-31,2026-09-06,1,dbbe45b033ef4cf2fb49ddad08594d713238006b06de55043335d71a6b5a0f9c,17,district,district_16,District 16,murder,Murder,last_28_days,percent_change,percent,2026,2025,1,-100.0,-1.0,-100%,-100.0,matched,,,wilmington-compstat-v2,validated
weekly-2026-09-06-r1,weekly_compstat,2026-08-31,2026-09-06,1,dbbe45b033ef4cf2fb49ddad08594d713238006b06de55043335d71a6b5a0f9c,17,district,district_16,District 16,murder,Murder,year_to_date,count,count,2026,,,4,,4,,not_applicable,,,wilmington-compstat-v2,validated
weekly-2026-09-06-r1,weekly_compstat,2026-08-31,2026-09-06,1,dbbe45b033ef4cf2fb49ddad08594d713238006b06de55043335d71a6b5a0f9c,17,district,district_16,District 16,murder,Murder,year_to_date,count,count,2025,,,3,,3,,not_applicable,,,wilmington-compstat-v2,validated
weekly-2026-09-06-r1,weekly_compstat,2026-08-31,2026-09-06,1,dbbe45b033ef4cf2fb49ddad08594d713238006b06de55043335d71a6b5a0f9c,17,district,district_16,District 16,murder,Murder,year_to_date,percent_change,percent,2026,2025,1,33.0,0.33,33%,33.333333,matched,,,wilmington-compstat-v2,validated
weekly-2026-09-06-r1,weekly_compstat,2026-08-31,2026-09-06,1,dbbe45b033ef4cf2fb49ddad08594d713238006b06de55043335d71a6b5a0f9c,17,district,district_16,District 16,murder,Murder,year_to_date,percent_change,percent,2026,2024,2,300.0,3.0,300%,,not_checkable,,,wilmington-compstat-v2,validated
weekly-2026-09-06-r1,weekly_compstat,2026-08-31,2026-09-06,1,dbbe45b033ef4cf2fb49ddad08594d713238006b06de55043335d71a6b5a0f9c,17,district,district_16,District 16,murder,Murder,year_to_date,percent_change,percent,2026,2023,3,,,*,,not_checkable,,undefined_zero_denominator,wilmington-compstat-v2,validated
weekly-2026-09-06-r1,weekly_compstat,2026-08-31,2026-09-06,1,dbbe45b033ef4cf2fb49ddad08594d713238006b06de55043335d71a6b5a0f9c,17,district,district_16,District 16,murder,Murder,year_to_date,percent_change,percent,2026,2022,4,33.0,0.33,33%,,not_checkable,,,wilmington-compstat-v2,validated
weekly-2026-09-06-r1,weekly_compstat,2026-08-31,2026-09-06,1,dbbe45b033ef4cf2fb49ddad08594d713238006b06de55043335d71a6b5a0f9c,17,district,district_16,District 16,murder,Murder,year_to_date,percent_change,percent,2026,2021,5,33.0,0.33,33%,,not_checkable,,,wilmington-compstat-v2,validated
weekly-2026-09-06-r1,weekly_compstat,2026-08-31,2026-09-06,1,dbbe45b033ef4cf2fb49ddad08594d713238006b06de55043335d71a6b5a0f9c,17,district,district_16,District 16,murder,Murder,year_to_date,percent_change,percent,2026,2020,6,0.0,0.0,0%,,not_checkable,,,wilmington-compstat-v2,validated
weekly-2026-09-06-r1,weekly_compstat,2026-08-31,2026-09-06,1,dbbe45b033ef4cf2fb49ddad08594d713238006b06de55043335d71a6b5a0f9c,17,district,district_16,District 16,rape,Rape,last_7_days,count,count,2026,,,0,,0,,not_applicable,,,wilmington-compstat-v2,validated
weekly-2026-09-06-r1,weekly_compstat,2026-08-31,2026-09-06,1,dbbe45b033ef4cf2fb49ddad08594d713238006b06de55043335d71a6b5a0f9c,17,district,district_16,District 16,rape,Rape,last_7_days,count,count,2025,,,0,,0,,not_applicable,,,wilmington-compstat-v2,validated
weekly-2026-09-06-r1,weekly_compstat,2026-08-31,2026-09-06,1,dbbe45b033ef4cf2fb49ddad08594d713238006b06de55043335d71a6b5a0f9c,17,district,district_16,District 16,rape,Rape,last_7_days,percent_change,percent,2026,2025,1,,,*,,undefined_zero_denominator,,undefined_zero_denominator,wilmington-compstat-v2,validated
weekly-2026-09-06-r1,weekly_compstat,2026-08-31,2026-09-06,1,dbbe45b033ef4cf2fb49ddad08594d713238006b06de55043335d71a6b5a0f9c,17,district,district_16,District 16,rape,Rape,last_28_days,count,count,2026,,,0,,0,,not_applicable,,,wilmington-compstat-v2,validated
weekly-2026-09-06-r1,weekly_compstat,2026-08-31,2026-09-06,1,dbbe45b033ef4cf2fb49ddad08594d713238006b06de55043335d71a6b5a0f9c,17,district,district_16,District 16,rape,Rape,last_28_days,count,count,2025,,,0,,0,,not_applicable,,,wilmington-compstat-v2,validated
weekly-2026-09-06-r1,weekly_compstat,2026-08-31,2026-09-06,1,dbbe45b033ef4cf2fb49ddad08594d713238006b06de55043335d71a6b5a0f9c,17,district,district_16,District 16,rape,Rape,last_28_days,percent_change,percent,2026,2025,1,,,*,,undefined_zero_denominator,,undefined_zero_denominator,wilmington-compstat-v2,validated
weekly-2026-09-06-r1,weekly_compstat,2026-08-31,2026-09-06,1,dbbe45b033ef4cf2fb49ddad08594d713238006b06de55043335d71a6b5a0f9c,17,district,district_16,District 16,rape,Rape,year_to_date,count,count,2026,,,0,,0,,not_applicable,,,wilmington-compstat-v2,validated
weekly-2026-09-06-r1,weekly_compstat,2026-08-31,2026-09-06,1,dbbe45b033ef4cf2fb49ddad08594d713238006b06de55043335d71a6b5a0f9c,17,district,district_16,District 16,rape,Rape,year_to_date,count,count,2025,,,0,,0,,not_applicable,,,wilmington-compstat-v2,validated
weekly-2026-09-06-r1,weekly_compstat,2026-08-31,2026-09-06,1,dbbe45b033ef4cf2fb49ddad08594d713238006b06de55043335d71a6b5a0f9c,17,district,district_16,District 16,rape,Rape,year_to_date,percent_change,percent,2026,2025,1,,,*,,undefined_zero_denominator,,undefined_zero_denominator,wilmington-compstat-v2,validated
weekly-2026-09-06-r1,weekly_compstat,2026-08-31,2026-09-06,1,dbbe45b033ef4cf2fb49ddad08594d713238006b06de55043335d71a6b5a0f9c,17,district,district_16,District 16,rape,Rape,year_to_date,percent_change,percent,2026,2024,2,,,*,,not_checkable,,undefined_zero_denominator,wilmington-compstat-v2,validated
weekly-2026-09-06-r1,weekly_compstat,2026-08-31,2026-09-06,1,dbbe45b033ef4cf2fb49ddad08594d713238006b06de55043335d71a6b5a0f9c,17,district,district_16,District 16,rape,Rape,year_to_date,percent_change,percent,2026,2023,3,,,*,,not_checkable,,undefined_zero_denominator,wilmington-compstat-v2,validated
weekly-2026-09-06-r1,weekly_compstat,2026-08-31,2026-09-06,1,dbbe45b033ef4cf2fb49ddad08594d713238006b06de55043335d71a6b5a0f9c,17,district,district_16,District 16,rape,Rape,year_to_date,percent_change,percent,2026,2022,4,,,*,,not_checkable,,undefined_zero_denominator,wilmington-compstat-v2,validated
weekly-2026-09-06-r1,weekly_compstat,2026-08-31,2026-09-06,1,dbbe45b033ef4cf2fb49ddad08594d713238006b06de55043335d71a6b5a0f9c,17,district,district_16,District 16,rape,Rape,year_to_date,percent_change,percent,2026,2021,5,-100.0,-1.0,-100%,,not_checkable,,,wilmington-compstat-v2,validated
weekly-2026-09-06-r1,weekly_compstat,2026-08-31,2026-09-06,1,dbbe45b033ef4cf2fb49ddad08594d713238006b06de55043335d71a6b5a0f9c,17,district,district_16,District 16,rape,Rape,year_to_date,percent_change,percent,2026,2020,6,-100.0,-1.0,-100%,,not_checkable,,,wilmington-compstat-v2,validated
weekly-2026-09-06-r1,weekly_compstat,2026-08-31,2026-09-06,1,dbbe45b033ef4cf2fb49ddad08594d713238006b06de55043335d71a6b5a0f9c,17,district,district_16,District 16,robbery,Robbery,last_7_days,count,count,2026,,,4,,4,,not_applicable,,,wilmington-compstat-v2,validated
weekly-2026-09-06-r1,weekly_compstat,2026-08-31,2026-09-06,1,dbbe45b033ef4cf2fb49ddad08594d713238006b06de55043335d71a6b5a0f9c,17,district,district_16,District 16,robbery,Robbery,last_7_days,count,count,2025,,,1,,1,,not_applicable,,,wilmington-compstat-v2,validated
weekly-2026-09-06-r1,weekly_compstat,2026-08-31,2026-09-06,1,dbbe45b033ef4cf2fb49ddad08594d713238006b06de55043335d71a6b5a0f9c,17,district,district_16,District 16,robbery,Robbery,last_7_days,percent_change,percent,2026,2025,1,300.0,3.0,300%,300.0,matched,,,wilmington-compstat-v2,validated
weekly-2026-09-06-r1,weekly_compstat,2026-08-31,2026-09-06,1,dbbe45b033ef4cf2fb49ddad08594d713238006b06de55043335d71a6b5a0f9c,17,district,district_16,District 16,robbery,Robbery,last_28_days,count,count,2026,,,4,,4,,not_applicable,,,wilmington-compstat-v2,validated
weekly-2026-09-06-r1,weekly_compstat,2026-08-31,2026-09-06,1,dbbe45b033ef4cf2fb49ddad08594d713238006b06de55043335d71a6b5a0f9c,17,district,district_16,District 16,robbery,Robbery,last_28_days,count,count,2025,,,4,,4,,not_applicable,,,wilmington-compstat-v2,validated
weekly-2026-09-06-r1,weekly_compstat,2026-08-31,2026-09-06,1,dbbe45b033ef4cf2fb49ddad08594d713238006b06de55043335d71a6b5a0f9c,17,district,district_16,District 16,robbery,Robbery,last_28_days,percent_change,percent,2026,2025,1,0.0,0.0,0%,0.0,matched,,,wilmington-compstat-v2,validated
weekly-2026-09-06-r1,weekly_compstat,2026-08-31,2026-09-06,1,dbbe45b033ef4cf2fb49ddad08594d713238006b06de55043335d71a6b5a0f9c,17,district,district_16,District 16,robbery,Robbery,year_to_date,count,count,2026,,,40,,40,,not_applicable,,,wilmington-compstat-v2,validated
weekly-2026-09-06-r1,weekly_compstat,2026-08-31,2026-09-06,1,dbbe45b033ef4cf2fb49ddad08594d713238006b06de55043335d71a6b5a0f9c,17,district,district_16,District 16,robbery,Robbery,year_to_date,count,count,2025,,,34,,34,,not_applicable,,,wilmington-compstat-v2,validated
weekly-2026-09-06-r1,weekly_compstat,2026-08-31,2026-09-06,1,dbbe45b033ef4cf2fb49ddad08594d713238006b06de55043335d71a6b5a0f9c,17,district,district_16,District 16,robbery,Robbery,year_to_date,percent_change,percent,2026,2025,1,18.0,0.18,18%,17.647059,matched,,,wilmington-compstat-v2,validated
weekly-2026-09-06-r1,weekly_compstat,2026-08-31,2026-09-06,1,dbbe45b033ef4cf2fb49ddad08594d713238006b06de55043335d71a6b5a0f9c,17,district,district_16,District 16,robbery,Robbery,year_to_date,percent_change,percent,2026,2024,2,18.0,0.18,18%,,not_checkable,,,wilmington-compstat-v2,validated
weekly-2026-09-06-r1,weekly_compstat,2026-08-31,2026-09-06,1,dbbe45b033ef4cf2fb49ddad08594d713238006b06de55043335d71a6b5a0f9c,17,district,district_16,District 16,robbery,Robbery,year_to_date,percent_change,percent,2026,2023,3,-2.0,-0.02,-2%,,not_checkable,,,wilmington-compstat-v2,validated
weekly-2026-09-06-r1,weekly_compstat,2026-08-31,2026-09-06,1,dbbe45b033ef4cf2fb49ddad08594d713238006b06de55043335d71a6b5a0f9c,17,district,district_16,District 16,robbery,Robbery,year_to_date,percent_change,percent,2026,2022,4,38.0,0.38,38%,,not_checkable,,,wilmington-compstat-v2,validated
weekly-2026-09-06-r1,weekly_compstat,2026-08-31,2026-09-06,1,dbbe45b033ef4cf2fb49ddad08594d713238006b06de55043335d71a6b5a0f9c,17,district,district_16,District 16,robbery,Robbery,year_to_date,percent_change,percent,2026,2021,5,90.0,0.9,90%,,not_checkable,,,wilmington-compstat-v2,validated
weekly-2026-09-06-r1,weekly_compstat,2026-08-31,2026-09-06,1,dbbe45b033ef4cf2fb49ddad08594d713238006b06de55043335d71a6b5a0f9c,17,district,district_16,District 16,robbery,Robbery,year_to_date,percent_change,percent,2026,2020,6,29.0,0.29,29%,,not_checkable,,,wilmington-compstat-v2,validated
weekly-2026-09-06-r1,weekly_compstat,2026-08-31,2026-09-06,1,dbbe45b033ef4cf2fb49ddad08594d713238006b06de55043335d71a6b5a0f9c,17,district,district_16,District 16,aggravated_assault,Agg. Assault,last_7_days,count,count,2026,,,3,,3,,not_applicable,,,wilmington-compstat-v2,validated
weekly-2026-09-06-r1,weekly_compstat,2026-08-31,2026-09-06,1,dbbe45b033ef4cf2fb49ddad08594d713238006b06de55043335d71a6b5a0f9c,17,district,district_16,District 16,aggravated_assault,Agg. Assault,last_7_days,count,count,2025,,,1,,1,,not_applicable,,,wilmington-compstat-v2,validated
weekly-2026-09-06-r1,weekly_compstat,2026-08-31,2026-09-06,1,dbbe45b033ef4cf2fb49ddad08594d713238006b06de55043335d71a6b5a0f9c,17,district,district_16,District 16,aggravated_assault,Agg. Assault,last_7_days,percent_change,percent,2026,2025,1,200.0,2.0,200%,200.0,matched,,,wilmington-compstat-v2,validated
weekly-2026-09-06-r1,weekly_compstat,2026-08-31,2026-09-06,1,dbbe45b033ef4cf2fb49ddad08594d713238006b06de55043335d71a6b5a0f9c,17,district,district_16,District 16,aggravated_assault,Agg. Assault,last_28_days,count,count,2026,,,10,,10,,not_applicable,,,wilmington-compstat-v2,validated
weekly-2026-09-06-r1,weekly_compstat,2026-08-31,2026-09-06,1,dbbe45b033ef4cf2fb49ddad08594d713238006b06de55043335d71a6b5a0f9c,17,district,district_16,District 16,aggravated_assault,Agg. Assault,last_28_days,count,count,2025,,,7,,7,,not_applicable,,,wilmington-compstat-v2,validated
weekly-2026-09-06-r1,weekly_compstat,2026-08-31,2026-09-06,1,dbbe45b033ef4cf2fb49ddad08594d713238006b06de55043335d71a6b5a0f9c,17,district,district_16,District 16,aggravated_assault,Agg. Assault,last_28_days,percent_change,percent,2026,2025,1,43.0,0.43,43%,42.857143,matched,,,wilmington-compstat-v2,validated
weekly-2026-09-06-r1,weekly_compstat,2026-08-31,2026-09-06,1,dbbe45b033ef4cf2fb49ddad08594d713238006b06de55043335d71a6b5a0f9c,17,district,district_16,District 16,aggravated_assault,Agg. Assault,year_to_date,count,count,2026,,,52,,52,,not_applicable,,,wilmington-compstat-v2,validated
weekly-2026-09-06-r1,weekly_compstat,2026-08-31,2026-09-06,1,dbbe45b033ef4cf2fb49ddad08594d713238006b06de55043335d71a6b5a0f9c,17,district,district_16,District 16,aggravated_assault,Agg. Assault,year_to_date,count,count,2025,,,41,,41,,not_applicable,,,wilmington-compstat-v2,validated
weekly-2026-09-06-r1,weekly_compstat,2026-08-31,2026-09-06,1,dbbe45b033ef4cf2fb49ddad08594d713238006b06de55043335d71a6b5a0f9c,17,district,district_16,District 16,aggravated_assault,Agg. Assault,year_to_date,percent_change,percent,2026,2025,1,27.0,0.27,27%,26.829268,matched,,,wilmington-compstat-v2,validated
weekly-2026-09-06-r1,weekly_compstat,2026-08-31,2026-09-06,1,dbbe45b033ef4cf2fb49ddad08594d713238006b06de55043335d71a6b5a0f9c,17,district,district_16,District 16,aggravated_assault,Agg. Assault,year_to_date,percent_change,percent,2026,2024,2,18.0,0.18,18%,,not_checkable,,,wilmington-compstat-v2,validated
weekly-2026-09-06-r1,weekly_compstat,2026-08-31,2026-09-06,1,dbbe45b033ef4cf2fb49ddad08594d713238006b06de55043335d71a6b5a0f9c,17,district,district_16,District 16,aggravated_assault,Agg. Assault,year_to_date,percent_change,percent,2026,2023,3,-21.0,-0.21,-21%,,not_checkable,,,wilmington-compstat-v2,validated
weekly-2026-09-06-r1,weekly_compstat,2026-08-31,2026-09-06,1,dbbe45b033ef4cf2fb49ddad08594d713238006b06de55043335d71a6b5a0f9c,17,district,district_16,District 16,aggravated_assault,Agg. Assault,year_to_date,percent_change,percent,2026,2022,4,8.0,0.08,8%,,not_checkable,,,wilmington-compstat-v2,validated
weekly-2026-09-06-r1,weekly_compstat,2026-08-31,2026-09-06,1,dbbe45b033ef4cf2fb49ddad08594d713238006b06de55043335d71a6b5a0f9c,17,district,district_16,District 16,aggravated_assault,Agg. Assault,year_to_date,percent_change,percent,2026,2021,5,-7.0,-0.07,-7%,,not_checkable,,,wilmington-compstat-v2,validated
weekly-2026-09-06-r1,weekly_compstat,2026-08-31,2026-09-06,1,dbbe45b033ef4cf2fb49ddad08594d713238006b06de55043335d71a6b5a0f9c,17,district,district_16,District 16,aggravated_assault,Agg. Assault,year_to_date,percent_change,percent,2026,2020,6,-2.0,-0.02,-2%,,not_checkable,,,wilmington-compstat-v2,validated
weekly-2026-09-06-r1,weekly_compstat,2026-08-31,2026-09-06,1,dbbe45b033ef4cf2fb49ddad08594d713238006b06de55043335d71a6b5a0f9c,17,district,district_16,District 16,burglary,Burglary,last_7_days,count,count,2026,,,0,,0,,not_applicable,,,wilmington-compstat-v2,validated
weekly-2026-09-06-r1,weekly_compstat,2026-08-31,2026-09-06,1,dbbe45b033ef4cf2fb49ddad08594d713238006b06de55043335d71a6b5a0f9c,17,district,district_16,District 16,burglary,Burglary,last_7_days,count,count,2025,,,0,,0,,not_applicable,,,wilmington-compstat-v2,validated
weekly-2026-09-06-r1,weekly_compstat,2026-08-31,2026-09-06,1,dbbe45b033ef4cf2fb49ddad08594d713238006b06de55043335d71a6b5a0f9c,17,district,district_16,District 16,burglary,Burglary,last_7_days,percent_change,percent,2026,2025,1,,,*,,undefined_zero_denominator,,undefined_zero_denominator,wilmington-compstat-v2,validated
weekly-2026-09-06-r1,weekly_compstat,2026-08-31,2026-09-06,1,dbbe45b033ef4cf2fb49ddad08594d713238006b06de55043335d71a6b5a0f9c,17,district,district_16,District 16,burglary,Burglary,last_28_days,count,count,2026,,,2,,2,,not_applicable,,,wilmington-compstat-v2,validated
weekly-2026-09-06-r1,weekly_compstat,2026-08-31,2026-09-06,1,dbbe45b033ef4cf2fb49ddad08594d713238006b06de55043335d71a6b5a0f9c,17,district,district_16,District 16,burglary,Burglary,last_28_days,count,count,2025,,,1,,1,,not_applicable,,,wilmington-compstat-v2,validated
weekly-2026-09-06-r1,weekly_compstat,2026-08-31,2026-09-06,1,dbbe45b033ef4cf2fb49ddad08594d713238006b06de55043335d71a6b5a0f9c,17,district,district_16,District 16,burglary,Burglary,last_28_days,percent_change,percent,2026,2025,1,100.0,1.0,100%,100.0,matched,,,wilmington-compstat-v2,validated
weekly-2026-09-06-r1,weekly_compstat,2026-08-31,2026-09-06,1,dbbe45b033ef4cf2fb49ddad08594d713238006b06de55043335d71a6b5a0f9c,17,district,district_16,District 16,burglary,Burglary,year_to_date,count,count,2026,,,35,,35,,not_applicable,,,wilmington-compstat-v2,validated
weekly-2026-09-06-r1,weekly_compstat,2026-08-31,2026-09-06,1,dbbe45b033ef4cf2fb49ddad08594d713238006b06de55043335d71a6b5a0f9c,17,district,district_16,District 16,burglary,Burglary,year_to_date,count,count,2025,,,36,,36,,not_applicable,,,wilmington-compstat-v2,validated
weekly-2026-09-06-r1,weekly_compstat,2026-08-31,2026-09-06,1,dbbe45b033ef4cf2fb49ddad08594d713238006b06de55043335d71a6b5a0f9c,17,district,district_16,District 16,burglary,Burglary,year_to_date,percent_change,percent,2026,2025,1,-3.0,-0.03,-3%,-2.777778,matched,,,wilmington-compstat-v2,validated
weekly-2026-09-06-r1,weekly_compstat,2026-08-31,2026-09-06,1,dbbe45b033ef4cf2fb49ddad08594d713238006b06de55043335d71a6b5a0f9c,17,district,district_16,District 16,burglary,Burglary,year_to_date,percent_change,percent,2026,2024,2,-22.0,-0.22,-22%,,not_checkable,,,wilmington-compstat-v2,validated
weekly-2026-09-06-r1,weekly_compstat,2026-08-31,2026-09-06,1,dbbe45b033ef4cf2fb49ddad08594d713238006b06de55043335d71a6b5a0f9c,17,district,district_16,District 16,burglary,Burglary,year_to_date,percent_change,percent,2026,2023,3,-33.0,-0.33,-33%,,not_checkable,,,wilmington-compstat-v2,validated
weekly-2026-09-06-r1,weekly_compstat,2026-08-31,2026-09-06,1,dbbe45b033ef4cf2fb49ddad08594d713238006b06de55043335d71a6b5a0f9c,17,district,district_16,District 16,burglary,Burglary,year_to_date,percent_change,percent,2026,2022,4,-17.0,-0.17,-17%,,not_checkable,,,wilmington-compstat-v2,validated
weekly-2026-09-06-r1,weekly_compstat,2026-08-31,2026-09-06,1,dbbe45b033ef4cf2fb49ddad08594d713238006b06de55043335d71a6b5a0f9c,17,district,district_16,District 16,burglary,Burglary,year_to_date,percent_change,percent,2026,2021,5,-35.0,-0.35,-35%,,not_checkable,,,wilmington-compstat-v2,validated
weekly-2026-09-06-r1,weekly_compstat,2026-08-31,2026-09-06,1,dbbe45b033ef4cf2fb49ddad08594d713238006b06de55043335d71a6b5a0f9c,17,district,district_16,District 16,burglary,Burglary,year_to_date,percent_change,percent,2026,2020,6,-27.0,-0.27,-27%,,not_checkable,,,wilmington-compstat-v2,validated
weekly-2026-09-06-r1,weekly_compstat,2026-08-31,2026-09-06,1,dbbe45b033ef4cf2fb49ddad08594d713238006b06de55043335d71a6b5a0f9c,17,district,district_16,District 16,felony_theft,Felony Theft,last_7_days,count,count,2026,,,1,,1,,not_applicable,,,wilmington-compstat-v2,validated
weekly-2026-09-06-r1,weekly_compstat,2026-08-31,2026-09-06,1,dbbe45b033ef4cf2fb49ddad08594d713238006b06de55043335d71a6b5a0f9c,17,district,district_16,District 16,felony_theft,Felony Theft,last_7_days,count,count,2025,,,0,,0,,not_applicable,,,wilmington-compstat-v2,validated
weekly-2026-09-06-r1,weekly_compstat,2026-08-31,2026-09-06,1,dbbe45b033ef4cf2fb49ddad08594d713238006b06de55043335d71a6b5a0f9c,17,district,district_16,District 16,felony_theft,Felony Theft,last_7_days,percent_change,percent,2026,2025,1,,,*,,undefined_zero_denominator,,undefined_zero_denominator,wilmington-compstat-v2,validated
weekly-2026-09-06-r1,weekly_compstat,2026-08-31,2026-09-06,1,dbbe45b033ef4cf2fb49ddad08594d713238006b06de55043335d71a6b5a0f9c,17,district,district_16,District 16,felony_theft,Felony Theft,last_28_days,count,count,2026,,,9,,9,,not_applicable,,,wilmington-compstat-v2,validated
weekly-2026-09-06-r1,weekly_compstat,2026-08-31,2026-09-06,1,dbbe45b033ef4cf2fb49ddad08594d713238006b06de55043335d71a6b5a0f9c,17,district,district_16,District 16,felony_theft,Felony Theft,last_28_days,count,count,2025,,,1,,1,,not_applicable,,,wilmington-compstat-v2,validated
weekly-2026-09-06-r1,weekly_compstat,2026-08-31,2026-09-06,1,dbbe45b033ef4cf2fb49ddad08594d713238006b06de55043335d71a6b5a0f9c,17,district,district_16,District 16,felony_theft,Felony Theft,last_28_days,percent_change,percent,2026,2025,1,800.0,8.0,800%,800.0,matched,,,wilmington-compstat-v2,validated
weekly-2026-09-06-r1,weekly_compstat,2026-08-31,2026-09-06,1,dbbe45b033ef4cf2fb49ddad08594d713238006b06de55043335d71a6b5a0f9c,17,district,district_16,District 16,felony_theft,Felony Theft,year_to_date,count,count,2026,,,29,,29,,not_applicable,,,wilmington-compstat-v2,validated
weekly-2026-09-06-r1,weekly_compstat,2026-08-31,2026-09-06,1,dbbe45b033ef4cf2fb49ddad08594d713238006b06de55043335d71a6b5a0f9c,17,district,district_16,District 16,felony_theft,Felony Theft,year_to_date,count,count,2025,,,34,,34,,not_applicable,,,wilmington-compstat-v2,validated
weekly-2026-09-06-r1,weekly_compstat,2026-08-31,2026-09-06,1,dbbe45b033ef4cf2fb49ddad08594d713238006b06de55043335d71a6b5a0f9c,17,district,district_16,District 16,felony_theft,Felony Theft,year_to_date,percent_change,percent,2026,2025,1,-15.0,-0.15,-15%,-14.705882,matched,,,wilmington-compstat-v2,validated
weekly-2026-09-06-r1,weekly_compstat,2026-08-31,2026-09-06,1,dbbe45b033ef4cf2fb49ddad08594d713238006b06de55043335d71a6b5a0f9c,17,district,district_16,District 16,felony_theft,Felony Theft,year_to_date,percent_change,percent,2026,2024,2,-28.0,-0.28,-28%,,not_checkable,,,wilmington-compstat-v2,validated
weekly-2026-09-06-r1,weekly_compstat,2026-08-31,2026-09-06,1,dbbe45b033ef4cf2fb49ddad08594d713238006b06de55043335d71a6b5a0f9c,17,district,district_16,District 16,felony_theft,Felony Theft,year_to_date,percent_change,percent,2026,2023,3,-26.0,-0.26,-26%,,not_checkable,,,wilmington-compstat-v2,validated
weekly-2026-09-06-r1,weekly_compstat,2026-08-31,2026-09-06,1,dbbe45b033ef4cf2fb49ddad08594d713238006b06de55043335d71a6b5a0f9c,17,district,district_16,District 16,felony_theft,Felony Theft,year_to_date,percent_change,percent,2026,2022,4,-22.0,-0.22,-22%,,not_checkable,,,wilmington-compstat-v2,validated
weekly-2026-09-06-r1,weekly_compstat,2026-08-31,2026-09-06,1,dbbe45b033ef4cf2fb49ddad08594d713238006b06de55043335d71a6b5a0f9c,17,district,district_16,District 16,felony_theft,Felony Theft,year_to_date,percent_change,percent,2026,2021,5,-3.0,-0.03,-3%,,not_checkable,,,wilmington-compstat-v2,validated
weekly-2026-09-06-r1,weekly_compstat,2026-08-31,2026-09-06,1,dbbe45b033ef4cf2fb49ddad08594d713238006b06de55043335d71a6b5a0f9c,17,district,district_16,District 16,felony_theft,Felony Theft,year_to_date,percent_change,percent,2026,2020,6,4.0,0.04,4%,,not_checkable,,,wilmington-compstat-v2,validated
weekly-2026-09-06-r1,weekly_compstat,2026-08-31,2026-09-06,1,dbbe45b033ef4cf2fb49ddad08594d713238006b06de55043335d71a6b5a0f9c,17,district,district_16,District 16,auto_theft,Auto Theft,last_7_days,count,count,2026,,,0,,0,,not_applicable,,,wilmington-compstat-v2,validated
weekly-2026-09-06-r1,weekly_compstat,2026-08-31,2026-09-06,1,dbbe45b033ef4cf2fb49ddad08594d713238006b06de55043335d71a6b5a0f9c,17,district,district_16,District 16,auto_theft,Auto Theft,last_7_days,count,count,2025,,,2,,2,,not_applicable,,,wilmington-compstat-v2,validated
weekly-2026-09-06-r1,weekly_compstat,2026-08-31,2026-09-06,1,dbbe45b033ef4cf2fb49ddad08594d713238006b06de55043335d71a6b5a0f9c,17,district,district_16,District 16,auto_theft,Auto Theft,last_7_days,percent_change,percent,2026,2025,1,-100.0,-1.0,-100%,-100.0,matched,,,wilmington-compstat-v2,validated
weekly-2026-09-06-r1,weekly_compstat,2026-08-31,2026-09-06,1,dbbe45b033ef4cf2fb49ddad08594d713238006b06de55043335d71a6b5a0f9c,17,district,district_16,District 16,auto_theft,Auto Theft,last_28_days,count,count,2026,,,4,,4,,not_applicable,,,wilmington-compstat-v2,validated
weekly-2026-09-06-r1,weekly_compstat,2026-08-31,2026-09-06,1,dbbe45b033ef4cf2fb49ddad08594d713238006b06de55043335d71a6b5a0f9c,17,district,district_16,District 16,auto_theft,Auto Theft,last_28_days,count,count,2025,,,3,,3,,not_applicable,,,wilmington-compstat-v2,validated
weekly-2026-09-06-r1,weekly_compstat,2026-08-31,2026-09-06,1,dbbe45b033ef4cf2fb49ddad08594d713238006b06de55043335d71a6b5a0f9c,17,district,district_16,District 16,auto_theft,Auto Theft,last_28_days,percent_change,percent,2026,2025,1,33.0,0.33,33%,33.333333,matched,,,wilmington-compstat-v2,validated
weekly-2026-09-06-r1,weekly_compstat,2026-08-31,2026-09-06,1,dbbe45b033ef4cf2fb49ddad08594d713238006b06de55043335d71a6b5a0f9c,17,district,district_16,District 16,auto_theft,Auto Theft,year_to_date,count,count,2026,,,25,,25,,not_applicable,,,wilmington-compstat-v2,validated
weekly-2026-09-06-r1,weekly_compstat,2026-08-31,2026-09-06,1,dbbe45b033ef4cf2fb49ddad08594d713238006b06de55043335d71a6b5a0f9c,17,district,district_16,District 16,auto_theft,Auto Theft,year_to_date,count,count,2025,,,24,,24,,not_applicable,,,wilmington-compstat-v2,validated
weekly-2026-09-06-r1,weekly_compstat,2026-08-31,2026-09-06,1,dbbe45b033ef4cf2fb49ddad08594d713238006b06de55043335d71a6b5a0f9c,17,district,district_16,District 16,auto_theft,Auto Theft,year_to_date,percent_change,percent,2026,2025,1,4.0,0.04,4%,4.166667,matched,,,wilmington-compstat-v2,validated
weekly-2026-09-06-r1,weekly_compstat,2026-08-31,2026-09-06,1,dbbe45b033ef4cf2fb49ddad08594d713238006b06de55043335d71a6b5a0f9c,17,district,district_16,District 16,auto_theft,Auto Theft,year_to_date,percent_change,percent,2026,2024,2,-34.0,-0.34,-34%,,not_checkable,,,wilmington-compstat-v2,validated
weekly-2026-09-06-r1,weekly_compstat,2026-08-31,2026-09-06,1,dbbe45b033ef4cf2fb49ddad08594d713238006b06de55043335d71a6b5a0f9c,17,district,district_16,District 16,auto_theft,Auto Theft,year_to_date,percent_change,percent,2026,2023,3,-40.0,-0.4,-40%,,not_checkable,,,wilmington-compstat-v2,validated
weekly-2026-09-06-r1,weekly_compstat,2026-08-31,2026-09-06,1,dbbe45b033ef4cf2fb49ddad08594d713238006b06de55043335d71a6b5a0f9c,17,district,district_16,District 16,auto_theft,Auto Theft,year_to_date,percent_change,percent,2026,2022,4,-11.0,-0.11,-11%,,not_checkable,,,wilmington-compstat-v2,validated
weekly-2026-09-06-r1,weekly_compstat,2026-08-31,2026-09-06,1,dbbe45b033ef4cf2fb49ddad08594d713238006b06de55043335d71a6b5a0f9c,17,district,district_16,District 16,auto_theft,Auto Theft,year_to_date,percent_change,percent,2026,2021,5,-40.0,-0.4,-40%,,not_checkable,,,wilmington-compstat-v2,validated
weekly-2026-09-06-r1,weekly_compstat,2026-08-31,2026-09-06,1,dbbe45b033ef4cf2fb49ddad08594d713238006b06de55043335d71a6b5a0f9c,17,district,district_16,District 16,auto_theft,Auto Theft,year_to_date,percent_change,percent,2026,2020,6,-22.0,-0.22,-22%,,not_checkable,,,wilmington-compstat-v2,validated
weekly-2026-09-06-r1,weekly_compstat,2026-08-31,2026-09-06,1,dbbe45b033ef4cf2fb49ddad08594d713238006b06de55043335d71a6b5a0f9c,17,district,district_16,District 16,major_crime_total,TOTAL,last_7_days,count,count,2026,,,8,,8,,not_applicable,,,wilmington-compstat-v2,validated
weekly-2026-09-06-r1,weekly_compstat,2026-08-31,2026-09-06,1,dbbe45b033ef4cf2fb49ddad08594d713238006b06de55043335d71a6b5a0f9c,17,district,district_16,District 16,major_crime_total,TOTAL,last_7_days,count,count,2025,,,4,,4,,not_applicable,,,wilmington-compstat-v2,validated
weekly-2026-09-06-r1,weekly_compstat,2026-08-31,2026-09-06,1,dbbe45b033ef4cf2fb49ddad08594d713238006b06de55043335d71a6b5a0f9c,17,district,district_16,District 16,major_crime_total,TOTAL,last_7_days,percent_change,percent,2026,2025,1,100.0,1.0,100%,100.0,matched,,,wilmington-compstat-v2,validated
weekly-2026-09-06-r1,weekly_compstat,2026-08-31,2026-09-06,1,dbbe45b033ef4cf2fb49ddad08594d713238006b06de55043335d71a6b5a0f9c,17,district,district_16,District 16,major_crime_total,TOTAL,last_28_days,count,count,2026,,,29,,29,,not_applicable,,,wilmington-compstat-v2,validated
weekly-2026-09-06-r1,weekly_compstat,2026-08-31,2026-09-06,1,dbbe45b033ef4cf2fb49ddad08594d713238006b06de55043335d71a6b5a0f9c,17,district,district_16,District 16,major_crime_total,TOTAL,last_28_days,count,count,2025,,,17,,17,,not_applicable,,,wilmington-compstat-v2,validated
weekly-2026-09-06-r1,weekly_compstat,2026-08-31,2026-09-06,1,dbbe45b033ef4cf2fb49ddad08594d713238006b06de55043335d71a6b5a0f9c,17,district,district_16,District 16,major_crime_total,TOTAL,last_28_days,percent_change,percent,2026,2025,1,71.0,0.71,71%,70.588235,matched,,,wilmington-compstat-v2,validated
weekly-2026-09-06-r1,weekly_compstat,2026-08-31,2026-09-06,1,dbbe45b033ef4cf2fb49ddad08594d713238006b06de55043335d71a6b5a0f9c,17,district,district_16,District 16,major_crime_total,TOTAL,year_to_date,count,count,2026,,,185,,185,,not_applicable,,,wilmington-compstat-v2,validated
weekly-2026-09-06-r1,weekly_compstat,2026-08-31,2026-09-06,1,dbbe45b033ef4cf2fb49ddad08594d713238006b06de55043335d71a6b5a0f9c,17,district,district_16,District 16,major_crime_total,TOTAL,year_to_date,count,count,2025,,,172,,172,,not_applicable,,,wilmington-compstat-v2,validated
weekly-2026-09-06-r1,weekly_compstat,2026-08-31,2026-09-06,1,dbbe45b033ef4cf2fb49ddad08594d713238006b06de55043335d71a6b5a0f9c,17,district,district_16,District 16,major_crime_total,TOTAL,year_to_date,percent_change,percent,2026,2025,1,8.0,0.08,8%,7.55814,matched,,,wilmington-compstat-v2,validated
weekly-2026-09-06-r1,weekly_compstat,2026-08-31,2026-09-06,1,dbbe45b033ef4cf2fb49ddad08594d713238006b06de55043335d71a6b5a0f9c,17,district,district_16,District 16,major_crime_total,TOTAL,year_to_date,percent_change,percent,2026,2024,2,-8.0,-0.08,-8%,,not_checkable,,,wilmington-compstat-v2,validated
weekly-2026-09-06-r1,weekly_compstat,2026-08-31,2026-09-06,1,dbbe45b033ef4cf2fb49ddad08594d713238006b06de55043335d71a6b5a0f9c,17,district,district_16,District 16,major_crime_total,TOTAL,year_to_date,percent_change,percent,2026,2023,3,-23.0,-0.23,-23%,,not_checkable,,,wilmington-compstat-v2,validated
weekly-2026-09-06-r1,weekly_compstat,2026-08-31,2026-09-06,1,dbbe45b033ef4cf2fb49ddad08594d713238006b06de55043335d71a6b5a0f9c,17,district,district_16,District 16,major_crime_total,TOTAL,year_to_date,percent_change,percent,2026,2022,4,-1.0,-0.01,-1%,,not_checkable,,,wilmington-compstat-v2,validated
weekly-2026-09-06-r1,weekly_compstat,2026-08-31,2026-09-06,1,dbbe45b033ef4cf2fb49ddad08594d713238006b06de55043335d71a6b5a0f9c,17,district,district_16,District 16,major_crime_total,TOTAL,year_to_date,percent_change,percent,2026,2021,5,-11.0,-0.11,-11%,,not_checkable,,,wilmington-compstat-v2,validated
weekly-2026-09-06-r1,weekly_compstat,2026-08-31,2026-09-06,1,dbbe45b033ef4cf2fb49ddad08594d713238006b06de55043335d71a6b5a0f9c,17,district,district_16,District 16,major_crime_total,TOTAL,year_to_date,percent_change,percent,2026,2020,6,-7.0,-0.07,-7%,,not_checkable,,,wilmington-compstat-v2,validated
weekly-2026-09-06-r1,weekly_compstat,2026-08-31,2026-09-06,1,dbbe45b033ef4cf2fb49ddad08594d713238006b06de55043335d71a6b5a0f9c,17,district,district_16,District 16,shooting_incidents,Shooting Incidents,last_7_days,count,count,2026,,,1,,1,,not_applicable,,,wilmington-compstat-v2,validated
weekly-2026-09-06-r1,weekly_compstat,2026-08-31,2026-09-06,1,dbbe45b033ef4cf2fb49ddad08594d713238006b06de55043335d71a6b5a0f9c,17,district,district_16,District 16,shooting_incidents,Shooting Incidents,last_7_days,count,count,2025,,,0,,0,,not_applicable,,,wilmington-compstat-v2,validated
weekly-2026-09-06-r1,weekly_compstat,2026-08-31,2026-09-06,1,dbbe45b033ef4cf2fb49ddad08594d713238006b06de55043335d71a6b5a0f9c,17,district,district_16,District 16,shooting_incidents,Shooting Incidents,last_7_days,percent_change,percent,2026,2025,1,,,*,,undefined_zero_denominator,,undefined_zero_denominator,wilmington-compstat-v2,validated
weekly-2026-09-06-r1,weekly_compstat,2026-08-31,2026-09-06,1,dbbe45b033ef4cf2fb49ddad08594d713238006b06de55043335d71a6b5a0f9c,17,district,district_16,District 16,shooting_incidents,Shooting Incidents,last_28_days,count,count,2026,,,1,,1,,not_applicable,,,wilmington-compstat-v2,validated
weekly-2026-09-06-r1,weekly_compstat,2026-08-31,2026-09-06,1,dbbe45b033ef4cf2fb49ddad08594d713238006b06de55043335d71a6b5a0f9c,17,district,district_16,District 16,shooting_incidents,Shooting Incidents,last_28_days,count,count,2025,,,2,,2,,not_applicable,,,wilmington-compstat-v2,validated
weekly-2026-09-06-r1,weekly_compstat,2026-08-31,2026-09-06,1,dbbe45b033ef4cf2fb49ddad08594d713238006b06de55043335d71a6b5a0f9c,17,district,district_16,District 16,shooting_incidents,Shooting Incidents,last_28_days,percent_change,percent,2026,2025,1,-50.0,-0.5,-50%,-50.0,matched,,,wilmington-compstat-v2,validated
weekly-2026-09-06-r1,weekly_compstat,2026-08-31,2026-09-06,1,dbbe45b033ef4cf2fb49ddad08594d713238006b06de55043335d71a6b5a0f9c,17,district,district_16,District 16,shooting_incidents,Shooting Incidents,year_to_date,count,count,2026,,,12,,12,,not_applicable,,,wilmington-compstat-v2,validated
weekly-2026-09-06-r1,weekly_compstat,2026-08-31,2026-09-06,1,dbbe45b033ef4cf2fb49ddad08594d713238006b06de55043335d71a6b5a0f9c,17,district,district_16,District 16,shooting_incidents,Shooting Incidents,year_to_date,count,count,2025,,,5,,5,,not_applicable,,,wilmington-compstat-v2,validated
weekly-2026-09-06-r1,weekly_compstat,2026-08-31,2026-09-06,1,dbbe45b033ef4cf2fb49ddad08594d713238006b06de55043335d71a6b5a0f9c,17,district,district_16,District 16,shooting_incidents,Shooting Incidents,year_to_date,percent_change,percent,2026,2025,1,140.0,1.4,140%,140.0,matched,,,wilmington-compstat-v2,validated
weekly-2026-09-06-r1,weekly_compstat,2026-08-31,2026-09-06,1,dbbe45b033ef4cf2fb49ddad08594d713238006b06de55043335d71a6b5a0f9c,17,district,district_16,District 16,shooting_incidents,Shooting Incidents,year_to_date,percent_change,percent,2026,2024,2,-25.0,-0.25,-25%,,not_checkable,,,wilmington-compstat-v2,validated
weekly-2026-09-06-r1,weekly_compstat,2026-08-31,2026-09-06,1,dbbe45b033ef4cf2fb49ddad08594d713238006b06de55043335d71a6b5a0f9c,17,district,district_16,District 16,shooting_incidents,Shooting Incidents,year_to_date,percent_change,percent,2026,2023,3,9.0,0.09,9%,,not_checkable,,,wilmington-compstat-v2,validated
weekly-2026-09-06-r1,weekly_compstat,2026-08-31,2026-09-06,1,dbbe45b033ef4cf2fb49ddad08594d713238006b06de55043335d71a6b5a0f9c,17,district,district_16,District 16,shooting_incidents,Shooting Incidents,year_to_date,percent_change,percent,2026,2022,4,-14.0,-0.14,-14%,,not_checkable,,,wilmington-compstat-v2,validated
weekly-2026-09-06-r1,weekly_compstat,2026-08-31,2026-09-06,1,dbbe45b033ef4cf2fb49ddad08594d713238006b06de55043335d71a6b5a0f9c,17,district,district_16,District 16,shooting_incidents,Shooting Incidents,year_to_date,percent_change,percent,2026,2021,5,-25.0,-0.25,-25%,,not_checkable,,,wilmington-compstat-v2,validated
weekly-2026-09-06-r1,weekly_compstat,2026-08-31,2026-09-06,1,dbbe45b033ef4cf2fb49ddad08594d713238006b06de55043335d71a6b5a0f9c,17,district,district_16,District 16,shooting_incidents,Shooting Incidents,year_to_date,percent_change,percent,2026,2020,6,-40.0,-0.4,-40%,,not_checkable,,,wilmington-compstat-v2,validated
weekly-2026-09-06-r1,weekly_compstat,2026-08-31,2026-09-06,1,dbbe45b033ef4cf2fb49ddad08594d713238006b06de55043335d71a6b5a0f9c,17,district,district_16,District 16,shooting_victims,Shooting Victims,last_7_days,count,count,2026,,,1,,1,,not_applicable,,,wilmington-compstat-v2,validated
weekly-2026-09-06-r1,weekly_compstat,2026-08-31,2026-09-06,1,dbbe45b033ef4cf2fb49ddad08594d713238006b06de55043335d71a6b5a0f9c,17,district,district_16,District 16,shooting_victims,Shooting Victims,last_7_days,count,count,2025,,,0,,0,,not_applicable,,,wilmington-compstat-v2,validated
weekly-2026-09-06-r1,weekly_compstat,2026-08-31,2026-09-06,1,dbbe45b033ef4cf2fb49ddad08594d713238006b06de55043335d71a6b5a0f9c,17,district,district_16,District 16,shooting_victims,Shooting Victims,last_7_days,percent_change,percent,2026,2025,1,,,*,,undefined_zero_denominator,,undefined_zero_denominator,wilmington-compstat-v2,validated
weekly-2026-09-06-r1,weekly_compstat,2026-08-31,2026-09-06,1,dbbe45b033ef4cf2fb49ddad08594d713238006b06de55043335d71a6b5a0f9c,17,district,district_16,District 16,shooting_victims,Shooting Victims,last_28_days,count,count,2026,,,1,,1,,not_applicable,,,wilmington-compstat-v2,validated
weekly-2026-09-06-r1,weekly_compstat,2026-08-31,2026-09-06,1,dbbe45b033ef4cf2fb49ddad08594d713238006b06de55043335d71a6b5a0f9c,17,district,district_16,District 16,shooting_victims,Shooting Victims,last_28_days,count,count,2025,,,3,,3,,not_applicable,,,wilmington-compstat-v2,validated
weekly-2026-09-06-r1,weekly_compstat,2026-08-31,2026-09-06,1,dbbe45b033ef4cf2fb49ddad08594d713238006b06de55043335d71a6b5a0f9c,17,district,district_16,District 16,shooting_victims,Shooting Victims,last_28_days,percent_change,percent,2026,2025,1,-67.0,-0.67,-67%,-66.666667,matched,,,wilmington-compstat-v2,validated
weekly-2026-09-06-r1,weekly_compstat,2026-08-31,2026-09-06,1,dbbe45b033ef4cf2fb49ddad08594d713238006b06de55043335d71a6b5a0f9c,17,district,district_16,District 16,shooting_victims,Shooting Victims,year_to_date,count,count,2026,,,16,,16,,not_applicable,,,wilmington-compstat-v2,validated
weekly-2026-09-06-r1,weekly_compstat,2026-08-31,2026-09-06,1,dbbe45b033ef4cf2fb49ddad08594d713238006b06de55043335d71a6b5a0f9c,17,district,district_16,District 16,shooting_victims,Shooting Victims,year_to_date,count,count,2025,,,6,,6,,not_applicable,,,wilmington-compstat-v2,validated
weekly-2026-09-06-r1,weekly_compstat,2026-08-31,2026-09-06,1,dbbe45b033ef4cf2fb49ddad08594d713238006b06de55043335d71a6b5a0f9c,17,district,district_16,District 16,shooting_victims,Shooting Victims,year_to_date,percent_change,percent,2026,2025,1,167.0,1.67,167%,166.666667,matched,,,wilmington-compstat-v2,validated
weekly-2026-09-06-r1,weekly_compstat,2026-08-31,2026-09-06,1,dbbe45b033ef4cf2fb49ddad08594d713238006b06de55043335d71a6b5a0f9c,17,district,district_16,District 16,shooting_victims,Shooting Victims,year_to_date,percent_change,percent,2026,2024,2,-11.0,-0.11,-11%,,not_checkable,,,wilmington-compstat-v2,validated
weekly-2026-09-06-r1,weekly_compstat,2026-08-31,2026-09-06,1,dbbe45b033ef4cf2fb49ddad08594d713238006b06de55043335d71a6b5a0f9c,17,district,district_16,District 16,shooting_victims,Shooting Victims,year_to_date,percent_change,percent,2026,2023,3,33.0,0.33,33%,,not_checkable,,,wilmington-compstat-v2,validated
weekly-2026-09-06-r1,weekly_compstat,2026-08-31,2026-09-06,1,dbbe45b033ef4cf2fb49ddad08594d713238006b06de55043335d71a6b5a0f9c,17,district,district_16,District 16,shooting_victims,Shooting Victims,year_to_date,percent_change,percent,2026,2022,4,-6.0,-0.06,-6%,,not_checkable,,,wilmington-compstat-v2,validated
weekly-2026-09-06-r1,weekly_compstat,2026-08-31,2026-09-06,1,dbbe45b033ef4cf2fb49ddad08594d713238006b06de55043335d71a6b5a0f9c,17,district,district_16,District 16,shooting_victims,Shooting Victims,year_to_date,percent_change,percent,2026,2021,5,-24.0,-0.24,-24%,,not_checkable,,,wilmington-compstat-v2,validated
weekly-2026-09-06-r1,weekly_compstat,2026-08-31,2026-09-06,1,dbbe45b033ef4cf2fb49ddad08594d713238006b06de55043335d71a6b5a0f9c,17,district,district_16,District 16,shooting_victims,Shooting Victims,year_to_date,percent_change,percent,2026,2020,6,-30.0,-0.3,-30%,,not_checkable,,,wilmington-compstat-v2,validated
weekly-2026-09-06-r1,weekly_compstat,2026-08-31,2026-09-06,1,dbbe45b033ef4cf2fb49ddad08594d713238006b06de55043335d71a6b5a0f9c,17,district,district_16,District 16,juvenile_shooting_incidents,*Juv Shooting Incidents,last_7_days,count,count,2026,,,0,,0,,not_applicable,,,wilmington-compstat-v2,validated
weekly-2026-09-06-r1,weekly_compstat,2026-08-31,2026-09-06,1,dbbe45b033ef4cf2fb49ddad08594d713238006b06de55043335d71a6b5a0f9c,17,district,district_16,District 16,juvenile_shooting_incidents,*Juv Shooting Incidents,last_7_days,count,count,2025,,,0,,0,,not_applicable,,,wilmington-compstat-v2,validated
weekly-2026-09-06-r1,weekly_compstat,2026-08-31,2026-09-06,1,dbbe45b033ef4cf2fb49ddad08594d713238006b06de55043335d71a6b5a0f9c,17,district,district_16,District 16,juvenile_shooting_incidents,*Juv Shooting Incidents,last_7_days,percent_change,percent,2026,2025,1,,,*,,undefined_zero_denominator,,undefined_zero_denominator,wilmington-compstat-v2,validated
weekly-2026-09-06-r1,weekly_compstat,2026-08-31,2026-09-06,1,dbbe45b033ef4cf2fb49ddad08594d713238006b06de55043335d71a6b5a0f9c,17,district,district_16,District 16,juvenile_shooting_incidents,*Juv Shooting Incidents,last_28_days,count,count,2026,,,0,,0,,not_applicable,,,wilmington-compstat-v2,validated
weekly-2026-09-06-r1,weekly_compstat,2026-08-31,2026-09-06,1,dbbe45b033ef4cf2fb49ddad08594d713238006b06de55043335d71a6b5a0f9c,17,district,district_16,District 16,juvenile_shooting_incidents,*Juv Shooting Incidents,last_28_days,count,count,2025,,,0,,0,,not_applicable,,,wilmington-compstat-v2,validated
weekly-2026-09-06-r1,weekly_compstat,2026-08-31,2026-09-06,1,dbbe45b033ef4cf2fb49ddad08594d713238006b06de55043335d71a6b5a0f9c,17,district,district_16,District 16,juvenile_shooting_incidents,*Juv Shooting Incidents,last_28_days,percent_change,percent,2026,2025,1,,,*,,undefined_zero_denominator,,undefined_zero_denominator,wilmington-compstat-v2,validated
weekly-2026-09-06-r1,weekly_compstat,2026-08-31,2026-09-06,1,dbbe45b033ef4cf2fb49ddad08594d713238006b06de55043335d71a6b5a0f9c,17,district,district_16,District 16,juvenile_shooting_incidents,*Juv Shooting Incidents,year_to_date,count,count,2026,,,3,,3,,not_applicable,,,wilmington-compstat-v2,validated
weekly-2026-09-06-r1,weekly_compstat,2026-08-31,2026-09-06,1,dbbe45b033ef4cf2fb49ddad08594d713238006b06de55043335d71a6b5a0f9c,17,district,district_16,District 16,juvenile_shooting_incidents,*Juv Shooting Incidents,year_to_date,count,count,2025,,,0,,0,,not_applicable,,,wilmington-compstat-v2,validated
weekly-2026-09-06-r1,weekly_compstat,2026-08-31,2026-09-06,1,dbbe45b033ef4cf2fb49ddad08594d713238006b06de55043335d71a6b5a0f9c,17,district,district_16,District 16,juvenile_shooting_incidents,*Juv Shooting Incidents,year_to_date,percent_change,percent,2026,2025,1,,,*,,undefined_zero_denominator,,undefined_zero_denominator,wilmington-compstat-v2,validated
weekly-2026-09-06-r1,weekly_compstat,2026-08-31,2026-09-06,1,dbbe45b033ef4cf2fb49ddad08594d713238006b06de55043335d71a6b5a0f9c,17,district,district_16,District 16,juvenile_shooting_incidents,*Juv Shooting Incidents,year_to_date,percent_change,percent,2026,2024,2,50.0,0.5,50%,,not_checkable,,,wilmington-compstat-v2,validated
weekly-2026-09-06-r1,weekly_compstat,2026-08-31,2026-09-06,1,dbbe45b033ef4cf2fb49ddad08594d713238006b06de55043335d71a6b5a0f9c,17,district,district_16,District 16,juvenile_shooting_incidents,*Juv Shooting Incidents,year_to_date,percent_change,percent,2026,2023,3,50.0,0.5,50%,,not_checkable,,,wilmington-compstat-v2,validated
weekly-2026-09-06-r1,weekly_compstat,2026-08-31,2026-09-06,1,dbbe45b033ef4cf2fb49ddad08594d713238006b06de55043335d71a6b5a0f9c,17,district,district_16,District 16,juvenile_shooting_incidents,*Juv Shooting Incidents,year_to_date,percent_change,percent,2026,2022,4,50.0,0.5,50%,,not_checkable,,,wilmington-compstat-v2,validated
weekly-2026-09-06-r1,weekly_compstat,2026-08-31,2026-09-06,1,dbbe45b033ef4cf2fb49ddad08594d713238006b06de55043335d71a6b5a0f9c,17,district,district_16,District 16,juvenile_shooting_incidents,*Juv Shooting Incidents,year_to_date,percent_change,percent,2026,2021,5,200.0,2.0,200%,,not_checkable,,,wilmington-compstat-v2,validated
weekly-2026-09-06-r1,weekly_compstat,2026-08-31,2026-09-06,1,dbbe45b033ef4cf2fb49ddad08594d713238006b06de55043335d71a6b5a0f9c,17,district,district_16,District 16,juvenile_shooting_incidents,*Juv Shooting Incidents,year_to_date,percent_change,percent,2026,2020,6,-25.0,-0.25,-25%,,not_checkable,,,wilmington-compstat-v2,validated
weekly-2026-09-06-r1,weekly_compstat,2026-08-31,2026-09-06,1,dbbe45b033ef4cf2fb49ddad08594d713238006b06de55043335d71a6b5a0f9c,17,district,district_16,District 16,juvenile_shooting_victims,*Juv Shooting Victims,last_7_days,count,count,2026,,,0,,0,,not_applicable,,,wilmington-compstat-v2,validated
weekly-2026-09-06-r1,weekly_compstat,2026-08-31,2026-09-06,1,dbbe45b033ef4cf2fb49ddad08594d713238006b06de55043335d71a6b5a0f9c,17,district,district_16,District 16,juvenile_shooting_victims,*Juv Shooting Victims,last_7_days,count,count,2025,,,0,,0,,not_applicable,,,wilmington-compstat-v2,validated
weekly-2026-09-06-r1,weekly_compstat,2026-08-31,2026-09-06,1,dbbe45b033ef4cf2fb49ddad08594d713238006b06de55043335d71a6b5a0f9c,17,district,district_16,District 16,juvenile_shooting_victims,*Juv Shooting Victims,last_7_days,percent_change,percent,2026,2025,1,,,*,,undefined_zero_denominator,,undefined_zero_denominator,wilmington-compstat-v2,validated
weekly-2026-09-06-r1,weekly_compstat,2026-08-31,2026-09-06,1,dbbe45b033ef4cf2fb49ddad08594d713238006b06de55043335d71a6b5a0f9c,17,district,district_16,District 16,juvenile_shooting_victims,*Juv Shooting Victims,last_28_days,count,count,2026,,,0,,0,,not_applicable,,,wilmington-compstat-v2,validated
weekly-2026-09-06-r1,weekly_compstat,2026-08-31,2026-09-06,1,dbbe45b033ef4cf2fb49ddad08594d713238006b06de55043335d71a6b5a0f9c,17,district,district_16,District 16,juvenile_shooting_victims,*Juv Shooting Victims,last_28_days,count,count,2025,,,0,,0,,not_applicable,,,wilmington-compstat-v2,validated
weekly-2026-09-06-r1,weekly_compstat,2026-08-31,2026-09-06,1,dbbe45b033ef4cf2fb49ddad08594d713238006b06de55043335d71a6b5a0f9c,17,district,district_16,District 16,juvenile_shooting_victims,*Juv Shooting Victims,last_28_days,percent_change,percent,2026,2025,1,,,*,,undefined_zero_denominator,,undefined_zero_denominator,wilmington-compstat-v2,validated
weekly-2026-09-06-r1,weekly_compstat,2026-08-31,2026-09-06,1,dbbe45b033ef4cf2fb49ddad08594d713238006b06de55043335d71a6b5a0f9c,17,district,district_16,District 16,juvenile_shooting_victims,*Juv Shooting Victims,year_to_date,count,count,2026,,,3,,3,,not_applicable,,,wilmington-compstat-v2,validated
weekly-2026-09-06-r1,weekly_compstat,2026-08-31,2026-09-06,1,dbbe45b033ef4cf2fb49ddad08594d713238006b06de55043335d71a6b5a0f9c,17,district,district_16,District 16,juvenile_shooting_victims,*Juv Shooting Victims,year_to_date,count,count,2025,,,0,,0,,not_applicable,,,wilmington-compstat-v2,validated
weekly-2026-09-06-r1,weekly_compstat,2026-08-31,2026-09-06,1,dbbe45b033ef4cf2fb49ddad08594d713238006b06de55043335d71a6b5a0f9c,17,district,district_16,District 16,juvenile_shooting_victims,*Juv Shooting Victims,year_to_date,percent_change,percent,2026,2025,1,,,*,,undefined_zero_denominator,,undefined_zero_denominator,wilmington-compstat-v2,validated
weekly-2026-09-06-r1,weekly_compstat,2026-08-31,2026-09-06,1,dbbe45b033ef4cf2fb49ddad08594d713238006b06de55043335d71a6b5a0f9c,17,district,district_16,District 16,juvenile_shooting_victims,*Juv Shooting Victims,year_to_date,percent_change,percent,2026,2024,2,50.0,0.5,50%,,not_checkable,,,wilmington-compstat-v2,validated
weekly-2026-09-06-r1,weekly_compstat,2026-08-31,2026-09-06,1,dbbe45b033ef4cf2fb49ddad08594d713238006b06de55043335d71a6b5a0f9c,17,district,district_16,District 16,juvenile_shooting_victims,*Juv Shooting Victims,year_to_date,percent_change,percent,2026,2023,3,50.0,0.5,50%,,not_checkable,,,wilmington-compstat-v2,validated
weekly-2026-09-06-r1,weekly_compstat,2026-08-31,2026-09-06,1,dbbe45b033ef4cf2fb49ddad08594d713238006b06de55043335d71a6b5a0f9c,17,district,district_16,District 16,juvenile_shooting_victims,*Juv Shooting Victims,year_to_date,percent_change,percent,2026,2022,4,50.0,0.5,50%,,not_checkable,,,wilmington-compstat-v2,validated
weekly-2026-09-06-r1,weekly_compstat,2026-08-31,2026-09-06,1,dbbe45b033ef4cf2fb49ddad08594d713238006b06de55043335d71a6b5a0f9c,17,district,district_16,District 16,juvenile_shooting_victims,*Juv Shooting Victims,year_to_date,percent_change,percent,2026,2021,5,200.0,2.0,200%,,not_checkable,,,wilmington-compstat-v2,validated
weekly-2026-09-06-r1,weekly_compstat,2026-08-31,2026-09-06,1,dbbe45b033ef4cf2fb49ddad08594d713238006b06de55043335d71a6b5a0f9c,17,district,district_16,District 16,juvenile_shooting_victims,*Juv Shooting Victims,year_to_date,percent_change,percent,2026,2020,6,-25.0,-0.25,-25%,,not_checkable,,,wilmington-compstat-v2,validated
weekly-2026-09-06-r1,weekly_compstat,2026-08-31,2026-09-06,1,dbbe45b033ef4cf2fb49ddad08594d713238006b06de55043335d71a6b5a0f9c,17,district,district_16,District 16,misdemeanor_theft,Theft (Misdemeanor),last_7_days,count,count,2026,,,9,,9,,not_applicable,,,wilmington-compstat-v2,validated
weekly-2026-09-06-r1,weekly_compstat,2026-08-31,2026-09-06,1,dbbe45b033ef4cf2fb49ddad08594d713238006b06de55043335d71a6b5a0f9c,17,district,district_16,District 16,misdemeanor_theft,Theft (Misdemeanor),last_7_days,count,count,2025,,,1,,1,,not_applicable,,,wilmington-compstat-v2,validated
weekly-2026-09-06-r1,weekly_compstat,2026-08-31,2026-09-06,1,dbbe45b033ef4cf2fb49ddad08594d713238006b06de55043335d71a6b5a0f9c,17,district,district_16,District 16,misdemeanor_theft,Theft (Misdemeanor),last_7_days,percent_change,percent,2026,2025,1,800.0,8.0,800%,800.0,matched,,,wilmington-compstat-v2,validated
weekly-2026-09-06-r1,weekly_compstat,2026-08-31,2026-09-06,1,dbbe45b033ef4cf2fb49ddad08594d713238006b06de55043335d71a6b5a0f9c,17,district,district_16,District 16,misdemeanor_theft,Theft (Misdemeanor),last_28_days,count,count,2026,,,18,,18,,not_applicable,,,wilmington-compstat-v2,validated
weekly-2026-09-06-r1,weekly_compstat,2026-08-31,2026-09-06,1,dbbe45b033ef4cf2fb49ddad08594d713238006b06de55043335d71a6b5a0f9c,17,district,district_16,District 16,misdemeanor_theft,Theft (Misdemeanor),last_28_days,count,count,2025,,,8,,8,,not_applicable,,,wilmington-compstat-v2,validated
weekly-2026-09-06-r1,weekly_compstat,2026-08-31,2026-09-06,1,dbbe45b033ef4cf2fb49ddad08594d713238006b06de55043335d71a6b5a0f9c,17,district,district_16,District 16,misdemeanor_theft,Theft (Misdemeanor),last_28_days,percent_change,percent,2026,2025,1,125.0,1.25,125%,125.0,matched,,,wilmington-compstat-v2,validated
weekly-2026-09-06-r1,weekly_compstat,2026-08-31,2026-09-06,1,dbbe45b033ef4cf2fb49ddad08594d713238006b06de55043335d71a6b5a0f9c,17,district,district_16,District 16,misdemeanor_theft,Theft (Misdemeanor),year_to_date,count,count,2026,,,129,,129,,not_applicable,,,wilmington-compstat-v2,validated
weekly-2026-09-06-r1,weekly_compstat,2026-08-31,2026-09-06,1,dbbe45b033ef4cf2fb49ddad08594d713238006b06de55043335d71a6b5a0f9c,17,district,district_16,District 16,misdemeanor_theft,Theft (Misdemeanor),year_to_date,count,count,2025,,,137,,137,,not_applicable,,,wilmington-compstat-v2,validated
weekly-2026-09-06-r1,weekly_compstat,2026-08-31,2026-09-06,1,dbbe45b033ef4cf2fb49ddad08594d713238006b06de55043335d71a6b5a0f9c,17,district,district_16,District 16,misdemeanor_theft,Theft (Misdemeanor),year_to_date,percent_change,percent,2026,2025,1,-6.0,-0.06,-6%,-5.839416,matched,,,wilmington-compstat-v2,validated
weekly-2026-09-06-r1,weekly_compstat,2026-08-31,2026-09-06,1,dbbe45b033ef4cf2fb49ddad08594d713238006b06de55043335d71a6b5a0f9c,17,district,district_16,District 16,misdemeanor_theft,Theft (Misdemeanor),year_to_date,percent_change,percent,2026,2024,2,-5.0,-0.05,-5%,,not_checkable,,,wilmington-compstat-v2,validated
weekly-2026-09-06-r1,weekly_compstat,2026-08-31,2026-09-06,1,dbbe45b033ef4cf2fb49ddad08594d713238006b06de55043335d71a6b5a0f9c,17,district,district_16,District 16,misdemeanor_theft,Theft (Misdemeanor),year_to_date,percent_change,percent,2026,2023,3,-6.0,-0.06,-6%,,not_checkable,,,wilmington-compstat-v2,validated
weekly-2026-09-06-r1,weekly_compstat,2026-08-31,2026-09-06,1,dbbe45b033ef4cf2fb49ddad08594d713238006b06de55043335d71a6b5a0f9c,17,district,district_16,District 16,misdemeanor_theft,Theft (Misdemeanor),year_to_date,percent_change,percent,2026,2022,4,-21.0,-0.21,-21%,,not_checkable,,,wilmington-compstat-v2,validated
weekly-2026-09-06-r1,weekly_compstat,2026-08-31,2026-09-06,1,dbbe45b033ef4cf2fb49ddad08594d713238006b06de55043335d71a6b5a0f9c,17,district,district_16,District 16,misdemeanor_theft,Theft (Misdemeanor),year_to_date,percent_change,percent,2026,2021,5,-28.0,-0.28,-28%,,not_checkable,,,wilmington-compstat-v2,validated
weekly-2026-09-06-r1,weekly_compstat,2026-08-31,2026-09-06,1,dbbe45b033ef4cf2fb49ddad08594d713238006b06de55043335d71a6b5a0f9c,17,district,district_16,District 16,misdemeanor_theft,Theft (Misdemeanor),year_to_date,percent_change,percent,2026,2020,6,-16.0,-0.16,-16%,,not_checkable,,,wilmington-compstat-v2,validated
weekly-2026-09-06-r1,weekly_compstat,2026-08-31,2026-09-06,1,dbbe45b033ef4cf2fb49ddad08594d713238006b06de55043335d71a6b5a0f9c,19,sector,sector_3,Sector 3,murder,Murder,last_7_days,count,count,2026,,,0,,0,,not_applicable,,,wilmington-compstat-v2,validated
weekly-2026-09-06-r1,weekly_compstat,2026-08-31,2026-09-06,1,dbbe45b033ef4cf2fb49ddad08594d713238006b06de55043335d71a6b5a0f9c,19,sector,sector_3,Sector 3,murder,Murder,last_7_days,count,count,2025,,,1,,1,,not_applicable,,,wilmington-compstat-v2,validated
weekly-2026-09-06-r1,weekly_compstat,2026-08-31,2026-09-06,1,dbbe45b033ef4cf2fb49ddad08594d713238006b06de55043335d71a6b5a0f9c,19,sector,sector_3,Sector 3,murder,Murder,last_7_days,percent_change,percent,2026,2025,1,-100.0,-1.0,-100%,-100.0,matched,,,wilmington-compstat-v2,validated
weekly-2026-09-06-r1,weekly_compstat,2026-08-31,2026-09-06,1,dbbe45b033ef4cf2fb49ddad08594d713238006b06de55043335d71a6b5a0f9c,19,sector,sector_3,Sector 3,murder,Murder,last_28_days,count,count,2026,,,0,,0,,not_applicable,,,wilmington-compstat-v2,validated
weekly-2026-09-06-r1,weekly_compstat,2026-08-31,2026-09-06,1,dbbe45b033ef4cf2fb49ddad08594d713238006b06de55043335d71a6b5a0f9c,19,sector,sector_3,Sector 3,murder,Murder,last_28_days,count,count,2025,,,1,,1,,not_applicable,,,wilmington-compstat-v2,validated
weekly-2026-09-06-r1,weekly_compstat,2026-08-31,2026-09-06,1,dbbe45b033ef4cf2fb49ddad08594d713238006b06de55043335d71a6b5a0f9c,19,sector,sector_3,Sector 3,murder,Murder,last_28_days,percent_change,percent,2026,2025,1,-100.0,-1.0,-100%,-100.0,matched,,,wilmington-compstat-v2,validated
weekly-2026-09-06-r1,weekly_compstat,2026-08-31,2026-09-06,1,dbbe45b033ef4cf2fb49ddad08594d713238006b06de55043335d71a6b5a0f9c,19,sector,sector_3,Sector 3,murder,Murder,year_to_date,count,count,2026,,,2,,2,,not_applicable,,,wilmington-compstat-v2,validated
weekly-2026-09-06-r1,weekly_compstat,2026-08-31,2026-09-06,1,dbbe45b033ef4cf2fb49ddad08594d713238006b06de55043335d71a6b5a0f9c,19,sector,sector_3,Sector 3,murder,Murder,year_to_date,count,count,2025,,,3,,3,,not_applicable,,,wilmington-compstat-v2,validated
weekly-2026-09-06-r1,weekly_compstat,2026-08-31,2026-09-06,1,dbbe45b033ef4cf2fb49ddad08594d713238006b06de55043335d71a6b5a0f9c,19,sector,sector_3,Sector 3,murder,Murder,year_to_date,percent_change,percent,2026,2025,1,-33.0,-0.33,-33%,-33.333333,matched,,,wilmington-compstat-v2,validated
weekly-2026-09-06-r1,weekly_compstat,2026-08-31,2026-09-06,1,dbbe45b033ef4cf2fb49ddad08594d713238006b06de55043335d71a6b5a0f9c,19,sector,sector_3,Sector 3,murder,Murder,year_to_date,percent_change,percent,2026,2024,2,-60.0,-0.6,-60%,,not_checkable,,,wilmington-compstat-v2,validated
weekly-2026-09-06-r1,weekly_compstat,2026-08-31,2026-09-06,1,dbbe45b033ef4cf2fb49ddad08594d713238006b06de55043335d71a6b5a0f9c,19,sector,sector_3,Sector 3,murder,Murder,year_to_date,percent_change,percent,2026,2023,3,-33.0,-0.33,-33%,,not_checkable,,,wilmington-compstat-v2,validated
weekly-2026-09-06-r1,weekly_compstat,2026-08-31,2026-09-06,1,dbbe45b033ef4cf2fb49ddad08594d713238006b06de55043335d71a6b5a0f9c,19,sector,sector_3,Sector 3,murder,Murder,year_to_date,percent_change,percent,2026,2022,4,-60.0,-0.6,-60%,,not_checkable,,,wilmington-compstat-v2,validated
weekly-2026-09-06-r1,weekly_compstat,2026-08-31,2026-09-06,1,dbbe45b033ef4cf2fb49ddad08594d713238006b06de55043335d71a6b5a0f9c,19,sector,sector_3,Sector 3,murder,Murder,year_to_date,percent_change,percent,2026,2021,5,-60.0,-0.6,-60%,,not_checkable,,,wilmington-compstat-v2,validated
weekly-2026-09-06-r1,weekly_compstat,2026-08-31,2026-09-06,1,dbbe45b033ef4cf2fb49ddad08594d713238006b06de55043335d71a6b5a0f9c,19,sector,sector_3,Sector 3,murder,Murder,year_to_date,percent_change,percent,2026,2020,6,-50.0,-0.5,-50%,,not_checkable,,,wilmington-compstat-v2,validated
weekly-2026-09-06-r1,weekly_compstat,2026-08-31,2026-09-06,1,dbbe45b033ef4cf2fb49ddad08594d713238006b06de55043335d71a6b5a0f9c,19,sector,sector_3,Sector 3,rape,Rape,last_7_days,count,count,2026,,,1,,1,,not_applicable,,,wilmington-compstat-v2,validated
weekly-2026-09-06-r1,weekly_compstat,2026-08-31,2026-09-06,1,dbbe45b033ef4cf2fb49ddad08594d713238006b06de55043335d71a6b5a0f9c,19,sector,sector_3,Sector 3,rape,Rape,last_7_days,count,count,2025,,,0,,0,,not_applicable,,,wilmington-compstat-v2,validated
weekly-2026-09-06-r1,weekly_compstat,2026-08-31,2026-09-06,1,dbbe45b033ef4cf2fb49ddad08594d713238006b06de55043335d71a6b5a0f9c,19,sector,sector_3,Sector 3,rape,Rape,last_7_days,percent_change,percent,2026,2025,1,,,*,,undefined_zero_denominator,,undefined_zero_denominator,wilmington-compstat-v2,validated
weekly-2026-09-06-r1,weekly_compstat,2026-08-31,2026-09-06,1,dbbe45b033ef4cf2fb49ddad08594d713238006b06de55043335d71a6b5a0f9c,19,sector,sector_3,Sector 3,rape,Rape,last_28_days,count,count,2026,,,1,,1,,not_applicable,,,wilmington-compstat-v2,validated
weekly-2026-09-06-r1,weekly_compstat,2026-08-31,2026-09-06,1,dbbe45b033ef4cf2fb49ddad08594d713238006b06de55043335d71a6b5a0f9c,19,sector,sector_3,Sector 3,rape,Rape,last_28_days,count,count,2025,,,0,,0,,not_applicable,,,wilmington-compstat-v2,validated
weekly-2026-09-06-r1,weekly_compstat,2026-08-31,2026-09-06,1,dbbe45b033ef4cf2fb49ddad08594d713238006b06de55043335d71a6b5a0f9c,19,sector,sector_3,Sector 3,rape,Rape,last_28_days,percent_change,percent,2026,2025,1,,,*,,undefined_zero_denominator,,undefined_zero_denominator,wilmington-compstat-v2,validated
weekly-2026-09-06-r1,weekly_compstat,2026-08-31,2026-09-06,1,dbbe45b033ef4cf2fb49ddad08594d713238006b06de55043335d71a6b5a0f9c,19,sector,sector_3,Sector 3,rape,Rape,year_to_date,count,count,2026,,,4,,4,,not_applicable,,,wilmington-compstat-v2,validated
weekly-2026-09-06-r1,weekly_compstat,2026-08-31,2026-09-06,1,dbbe45b033ef4cf2fb49ddad08594d713238006b06de55043335d71a6b5a0f9c,19,sector,sector_3,Sector 3,rape,Rape,year_to_date,count,count,2025,,,0,,0,,not_applicable,,,wilmington-compstat-v2,validated
weekly-2026-09-06-r1,weekly_compstat,2026-08-31,2026-09-06,1,dbbe45b033ef4cf2fb49ddad08594d713238006b06de55043335d71a6b5a0f9c,19,sector,sector_3,Sector 3,rape,Rape,year_to_date,percent_change,percent,2026,2025,1,,,*,,undefined_zero_denominator,,undefined_zero_denominator,wilmington-compstat-v2,validated
weekly-2026-09-06-r1,weekly_compstat,2026-08-31,2026-09-06,1,dbbe45b033ef4cf2fb49ddad08594d713238006b06de55043335d71a6b5a0f9c,19,sector,sector_3,Sector 3,rape,Rape,year_to_date,percent_change,percent,2026,2024,2,300.0,3.0,300%,,not_checkable,,,wilmington-compstat-v2,validated
weekly-2026-09-06-r1,weekly_compstat,2026-08-31,2026-09-06,1,dbbe45b033ef4cf2fb49ddad08594d713238006b06de55043335d71a6b5a0f9c,19,sector,sector_3,Sector 3,rape,Rape,year_to_date,percent_change,percent,2026,2023,3,33.0,0.33,33%,,not_checkable,,,wilmington-compstat-v2,validated
weekly-2026-09-06-r1,weekly_compstat,2026-08-31,2026-09-06,1,dbbe45b033ef4cf2fb49ddad08594d713238006b06de55043335d71a6b5a0f9c,19,sector,sector_3,Sector 3,rape,Rape,year_to_date,percent_change,percent,2026,2022,4,100.0,1.0,100%,,not_checkable,,,wilmington-compstat-v2,validated
weekly-2026-09-06-r1,weekly_compstat,2026-08-31,2026-09-06,1,dbbe45b033ef4cf2fb49ddad08594d713238006b06de55043335d71a6b5a0f9c,19,sector,sector_3,Sector 3,rape,Rape,year_to_date,percent_change,percent,2026,2021,5,100.0,1.0,100%,,not_checkable,,,wilmington-compstat-v2,validated
weekly-2026-09-06-r1,weekly_compstat,2026-08-31,2026-09-06,1,dbbe45b033ef4cf2fb49ddad08594d713238006b06de55043335d71a6b5a0f9c,19,sector,sector_3,Sector 3,rape,Rape,year_to_date,percent_change,percent,2026,2020,6,,,*,,not_checkable,,undefined_zero_denominator,wilmington-compstat-v2,validated
weekly-2026-09-06-r1,weekly_compstat,2026-08-31,2026-09-06,1,dbbe45b033ef4cf2fb49ddad08594d713238006b06de55043335d71a6b5a0f9c,19,sector,sector_3,Sector 3,robbery,Robbery,last_7_days,count,count,2026,,,1,,1,,not_applicable,,,wilmington-compstat-v2,validated
weekly-2026-09-06-r1,weekly_compstat,2026-08-31,2026-09-06,1,dbbe45b033ef4cf2fb49ddad08594d713238006b06de55043335d71a6b5a0f9c,19,sector,sector_3,Sector 3,robbery,Robbery,last_7_days,count,count,2025,,,1,,1,,not_applicable,,,wilmington-compstat-v2,validated
weekly-2026-09-06-r1,weekly_compstat,2026-08-31,2026-09-06,1,dbbe45b033ef4cf2fb49ddad08594d713238006b06de55043335d71a6b5a0f9c,19,sector,sector_3,Sector 3,robbery,Robbery,last_7_days,percent_change,percent,2026,2025,1,0.0,0.0,0%,0.0,matched,,,wilmington-compstat-v2,validated
weekly-2026-09-06-r1,weekly_compstat,2026-08-31,2026-09-06,1,dbbe45b033ef4cf2fb49ddad08594d713238006b06de55043335d71a6b5a0f9c,19,sector,sector_3,Sector 3,robbery,Robbery,last_28_days,count,count,2026,,,5,,5,,not_applicable,,,wilmington-compstat-v2,validated
weekly-2026-09-06-r1,weekly_compstat,2026-08-31,2026-09-06,1,dbbe45b033ef4cf2fb49ddad08594d713238006b06de55043335d71a6b5a0f9c,19,sector,sector_3,Sector 3,robbery,Robbery,last_28_days,count,count,2025,,,3,,3,,not_applicable,,,wilmington-compstat-v2,validated
weekly-2026-09-06-r1,weekly_compstat,2026-08-31,2026-09-06,1,dbbe45b033ef4cf2fb49ddad08594d713238006b06de55043335d71a6b5a0f9c,19,sector,sector_3,Sector 3,robbery,Robbery,last_28_days,percent_change,percent,2026,2025,1,67.0,0.67,67%,66.666667,matched,,,wilmington-compstat-v2,validated
weekly-2026-09-06-r1,weekly_compstat,2026-08-31,2026-09-06,1,dbbe45b033ef4cf2fb49ddad08594d713238006b06de55043335d71a6b5a0f9c,19,sector,sector_3,Sector 3,robbery,Robbery,year_to_date,count,count,2026,,,53,,53,,not_applicable,,,wilmington-compstat-v2,validated
weekly-2026-09-06-r1,weekly_compstat,2026-08-31,2026-09-06,1,dbbe45b033ef4cf2fb49ddad08594d713238006b06de55043335d71a6b5a0f9c,19,sector,sector_3,Sector 3,robbery,Robbery,year_to_date,count,count,2025,,,45,,45,,not_applicable,,,wilmington-compstat-v2,validated
weekly-2026-09-06-r1,weekly_compstat,2026-08-31,2026-09-06,1,dbbe45b033ef4cf2fb49ddad08594d713238006b06de55043335d71a6b5a0f9c,19,sector,sector_3,Sector 3,robbery,Robbery,year_to_date,percent_change,percent,2026,2025,1,18.0,0.18,18%,17.777778,matched,,,wilmington-compstat-v2,validated
weekly-2026-09-06-r1,weekly_compstat,2026-08-31,2026-09-06,1,dbbe45b033ef4cf2fb49ddad08594d713238006b06de55043335d71a6b5a0f9c,19,sector,sector_3,Sector 3,robbery,Robbery,year_to_date,percent_change,percent,2026,2024,2,61.0,0.61,61%,,not_checkable,,,wilmington-compstat-v2,validated
weekly-2026-09-06-r1,weekly_compstat,2026-08-31,2026-09-06,1,dbbe45b033ef4cf2fb49ddad08594d713238006b06de55043335d71a6b5a0f9c,19,sector,sector_3,Sector 3,robbery,Robbery,year_to_date,percent_change,percent,2026,2023,3,6.0,0.06,6%,,not_checkable,,,wilmington-compstat-v2,validated
weekly-2026-09-06-r1,weekly_compstat,2026-08-31,2026-09-06,1,dbbe45b033ef4cf2fb49ddad08594d713238006b06de55043335d71a6b5a0f9c,19,sector,sector_3,Sector 3,robbery,Robbery,year_to_date,percent_change,percent,2026,2022,4,-16.0,-0.16,-16%,,not_checkable,,,wilmington-compstat-v2,validated
weekly-2026-09-06-r1,weekly_compstat,2026-08-31,2026-09-06,1,dbbe45b033ef4cf2fb49ddad08594d713238006b06de55043335d71a6b5a0f9c,19,sector,sector_3,Sector 3,robbery,Robbery,year_to_date,percent_change,percent,2026,2021,5,4.0,0.04,4%,,not_checkable,,,wilmington-compstat-v2,validated
weekly-2026-09-06-r1,weekly_compstat,2026-08-31,2026-09-06,1,dbbe45b033ef4cf2fb49ddad08594d713238006b06de55043335d71a6b5a0f9c,19,sector,sector_3,Sector 3,robbery,Robbery,year_to_date,percent_change,percent,2026,2020,6,-9.0,-0.09,-9%,,not_checkable,,,wilmington-compstat-v2,validated
weekly-2026-09-06-r1,weekly_compstat,2026-08-31,2026-09-06,1,dbbe45b033ef4cf2fb49ddad08594d713238006b06de55043335d71a6b5a0f9c,19,sector,sector_3,Sector 3,aggravated_assault,Agg. Assault,last_7_days,count,count,2026,,,1,,1,,not_applicable,,,wilmington-compstat-v2,validated
weekly-2026-09-06-r1,weekly_compstat,2026-08-31,2026-09-06,1,dbbe45b033ef4cf2fb49ddad08594d713238006b06de55043335d71a6b5a0f9c,19,sector,sector_3,Sector 3,aggravated_assault,Agg. Assault,last_7_days,count,count,2025,,,6,,6,,not_applicable,,,wilmington-compstat-v2,validated
weekly-2026-09-06-r1,weekly_compstat,2026-08-31,2026-09-06,1,dbbe45b033ef4cf2fb49ddad08594d713238006b06de55043335d71a6b5a0f9c,19,sector,sector_3,Sector 3,aggravated_assault,Agg. Assault,last_7_days,percent_change,percent,2026,2025,1,-83.0,-0.83,-83%,-83.333333,matched,,,wilmington-compstat-v2,validated
weekly-2026-09-06-r1,weekly_compstat,2026-08-31,2026-09-06,1,dbbe45b033ef4cf2fb49ddad08594d713238006b06de55043335d71a6b5a0f9c,19,sector,sector_3,Sector 3,aggravated_assault,Agg. Assault,last_28_days,count,count,2026,,,9,,9,,not_applicable,,,wilmington-compstat-v2,validated
weekly-2026-09-06-r1,weekly_compstat,2026-08-31,2026-09-06,1,dbbe45b033ef4cf2fb49ddad08594d713238006b06de55043335d71a6b5a0f9c,19,sector,sector_3,Sector 3,aggravated_assault,Agg. Assault,last_28_days,count,count,2025,,,17,,17,,not_applicable,,,wilmington-compstat-v2,validated
weekly-2026-09-06-r1,weekly_compstat,2026-08-31,2026-09-06,1,dbbe45b033ef4cf2fb49ddad08594d713238006b06de55043335d71a6b5a0f9c,19,sector,sector_3,Sector 3,aggravated_assault,Agg. Assault,last_28_days,percent_change,percent,2026,2025,1,-47.0,-0.47,-47%,-47.058824,matched,,,wilmington-compstat-v2,validated
weekly-2026-09-06-r1,weekly_compstat,2026-08-31,2026-09-06,1,dbbe45b033ef4cf2fb49ddad08594d713238006b06de55043335d71a6b5a0f9c,19,sector,sector_3,Sector 3,aggravated_assault,Agg. Assault,year_to_date,count,count,2026,,,98,,98,,not_applicable,,,wilmington-compstat-v2,validated
weekly-2026-09-06-r1,weekly_compstat,2026-08-31,2026-09-06,1,dbbe45b033ef4cf2fb49ddad08594d713238006b06de55043335d71a6b5a0f9c,19,sector,sector_3,Sector 3,aggravated_assault,Agg. Assault,year_to_date,count,count,2025,,,112,,112,,not_applicable,,,wilmington-compstat-v2,validated
weekly-2026-09-06-r1,weekly_compstat,2026-08-31,2026-09-06,1,dbbe45b033ef4cf2fb49ddad08594d713238006b06de55043335d71a6b5a0f9c,19,sector,sector_3,Sector 3,aggravated_assault,Agg. Assault,year_to_date,percent_change,percent,2026,2025,1,-13.0,-0.13,-13%,-12.5,matched,,,wilmington-compstat-v2,validated
weekly-2026-09-06-r1,weekly_compstat,2026-08-31,2026-09-06,1,dbbe45b033ef4cf2fb49ddad08594d713238006b06de55043335d71a6b5a0f9c,19,sector,sector_3,Sector 3,aggravated_assault,Agg. Assault,year_to_date,percent_change,percent,2026,2024,2,8.0,0.08,8%,,not_checkable,,,wilmington-compstat-v2,validated
weekly-2026-09-06-r1,weekly_compstat,2026-08-31,2026-09-06,1,dbbe45b033ef4cf2fb49ddad08594d713238006b06de55043335d71a6b5a0f9c,19,sector,sector_3,Sector 3,aggravated_assault,Agg. Assault,year_to_date,percent_change,percent,2026,2023,3,9.0,0.09,9%,,not_checkable,,,wilmington-compstat-v2,validated
weekly-2026-09-06-r1,weekly_compstat,2026-08-31,2026-09-06,1,dbbe45b033ef4cf2fb49ddad08594d713238006b06de55043335d71a6b5a0f9c,19,sector,sector_3,Sector 3,aggravated_assault,Agg. Assault,year_to_date,percent_change,percent,2026,2022,4,23.0,0.23,23%,,not_checkable,,,wilmington-compstat-v2,validated
weekly-2026-09-06-r1,weekly_compstat,2026-08-31,2026-09-06,1,dbbe45b033ef4cf2fb49ddad08594d713238006b06de55043335d71a6b5a0f9c,19,sector,sector_3,Sector 3,aggravated_assault,Agg. Assault,year_to_date,percent_change,percent,2026,2021,5,-6.0,-0.06,-6%,,not_checkable,,,wilmington-compstat-v2,validated
weekly-2026-09-06-r1,weekly_compstat,2026-08-31,2026-09-06,1,dbbe45b033ef4cf2fb49ddad08594d713238006b06de55043335d71a6b5a0f9c,19,sector,sector_3,Sector 3,aggravated_assault,Agg. Assault,year_to_date,percent_change,percent,2026,2020,6,15.0,0.15,15%,,not_checkable,,,wilmington-compstat-v2,validated
weekly-2026-09-06-r1,weekly_compstat,2026-08-31,2026-09-06,1,dbbe45b033ef4cf2fb49ddad08594d713238006b06de55043335d71a6b5a0f9c,19,sector,sector_3,Sector 3,burglary,Burglary,last_7_days,count,count,2026,,,0,,0,,not_applicable,,,wilmington-compstat-v2,validated
weekly-2026-09-06-r1,weekly_compstat,2026-08-31,2026-09-06,1,dbbe45b033ef4cf2fb49ddad08594d713238006b06de55043335d71a6b5a0f9c,19,sector,sector_3,Sector 3,burglary,Burglary,last_7_days,count,count,2025,,,3,,3,,not_applicable,,,wilmington-compstat-v2,validated
weekly-2026-09-06-r1,weekly_compstat,2026-08-31,2026-09-06,1,dbbe45b033ef4cf2fb49ddad08594d713238006b06de55043335d71a6b5a0f9c,19,sector,sector_3,Sector 3,burglary,Burglary,last_7_days,percent_change,percent,2026,2025,1,-100.0,-1.0,-100%,-100.0,matched,,,wilmington-compstat-v2,validated
weekly-2026-09-06-r1,weekly_compstat,2026-08-31,2026-09-06,1,dbbe45b033ef4cf2fb49ddad08594d713238006b06de55043335d71a6b5a0f9c,19,sector,sector_3,Sector 3,burglary,Burglary,last_28_days,count,count,2026,,,7,,7,,not_applicable,,,wilmington-compstat-v2,validated
weekly-2026-09-06-r1,weekly_compstat,2026-08-31,2026-09-06,1,dbbe45b033ef4cf2fb49ddad08594d713238006b06de55043335d71a6b5a0f9c,19,sector,sector_3,Sector 3,burglary,Burglary,last_28_days,count,count,2025,,,9,,9,,not_applicable,,,wilmington-compstat-v2,validated
weekly-2026-09-06-r1,weekly_compstat,2026-08-31,2026-09-06,1,dbbe45b033ef4cf2fb49ddad08594d713238006b06de55043335d71a6b5a0f9c,19,sector,sector_3,Sector 3,burglary,Burglary,last_28_days,percent_change,percent,2026,2025,1,-22.0,-0.22,-22%,-22.222222,matched,,,wilmington-compstat-v2,validated
weekly-2026-09-06-r1,weekly_compstat,2026-08-31,2026-09-06,1,dbbe45b033ef4cf2fb49ddad08594d713238006b06de55043335d71a6b5a0f9c,19,sector,sector_3,Sector 3,burglary,Burglary,year_to_date,count,count,2026,,,91,,91,,not_applicable,,,wilmington-compstat-v2,validated
weekly-2026-09-06-r1,weekly_compstat,2026-08-31,2026-09-06,1,dbbe45b033ef4cf2fb49ddad08594d713238006b06de55043335d71a6b5a0f9c,19,sector,sector_3,Sector 3,burglary,Burglary,year_to_date,count,count,2025,,,85,,85,,not_applicable,,,wilmington-compstat-v2,validated
weekly-2026-09-06-r1,weekly_compstat,2026-08-31,2026-09-06,1,dbbe45b033ef4cf2fb49ddad08594d713238006b06de55043335d71a6b5a0f9c,19,sector,sector_3,Sector 3,burglary,Burglary,year_to_date,percent_change,percent,2026,2025,1,7.0,0.07,7%,7.058824,matched,,,wilmington-compstat-v2,validated
weekly-2026-09-06-r1,weekly_compstat,2026-08-31,2026-09-06,1,dbbe45b033ef4cf2fb49ddad08594d713238006b06de55043335d71a6b5a0f9c,19,sector,sector_3,Sector 3,burglary,Burglary,year_to_date,percent_change,percent,2026,2024,2,14.0,0.14,14%,,not_checkable,,,wilmington-compstat-v2,validated
weekly-2026-09-06-r1,weekly_compstat,2026-08-31,2026-09-06,1,dbbe45b033ef4cf2fb49ddad08594d713238006b06de55043335d71a6b5a0f9c,19,sector,sector_3,Sector 3,burglary,Burglary,year_to_date,percent_change,percent,2026,2023,3,-8.0,-0.08,-8%,,not_checkable,,,wilmington-compstat-v2,validated
weekly-2026-09-06-r1,weekly_compstat,2026-08-31,2026-09-06,1,dbbe45b033ef4cf2fb49ddad08594d713238006b06de55043335d71a6b5a0f9c,19,sector,sector_3,Sector 3,burglary,Burglary,year_to_date,percent_change,percent,2026,2022,4,-20.0,-0.2,-20%,,not_checkable,,,wilmington-compstat-v2,validated
weekly-2026-09-06-r1,weekly_compstat,2026-08-31,2026-09-06,1,dbbe45b033ef4cf2fb49ddad08594d713238006b06de55043335d71a6b5a0f9c,19,sector,sector_3,Sector 3,burglary,Burglary,year_to_date,percent_change,percent,2026,2021,5,-28.0,-0.28,-28%,,not_checkable,,,wilmington-compstat-v2,validated
weekly-2026-09-06-r1,weekly_compstat,2026-08-31,2026-09-06,1,dbbe45b033ef4cf2fb49ddad08594d713238006b06de55043335d71a6b5a0f9c,19,sector,sector_3,Sector 3,burglary,Burglary,year_to_date,percent_change,percent,2026,2020,6,-38.0,-0.38,-38%,,not_checkable,,,wilmington-compstat-v2,validated
weekly-2026-09-06-r1,weekly_compstat,2026-08-31,2026-09-06,1,dbbe45b033ef4cf2fb49ddad08594d713238006b06de55043335d71a6b5a0f9c,19,sector,sector_3,Sector 3,felony_theft,Felony Theft,last_7_days,count,count,2026,,,0,,0,,not_applicable,,,wilmington-compstat-v2,validated
weekly-2026-09-06-r1,weekly_compstat,2026-08-31,2026-09-06,1,dbbe45b033ef4cf2fb49ddad08594d713238006b06de55043335d71a6b5a0f9c,19,sector,sector_3,Sector 3,felony_theft,Felony Theft,last_7_days,count,count,2025,,,2,,2,,not_applicable,,,wilmington-compstat-v2,validated
weekly-2026-09-06-r1,weekly_compstat,2026-08-31,2026-09-06,1,dbbe45b033ef4cf2fb49ddad08594d713238006b06de55043335d71a6b5a0f9c,19,sector,sector_3,Sector 3,felony_theft,Felony Theft,last_7_days,percent_change,percent,2026,2025,1,-100.0,-1.0,-100%,-100.0,matched,,,wilmington-compstat-v2,validated
weekly-2026-09-06-r1,weekly_compstat,2026-08-31,2026-09-06,1,dbbe45b033ef4cf2fb49ddad08594d713238006b06de55043335d71a6b5a0f9c,19,sector,sector_3,Sector 3,felony_theft,Felony Theft,last_28_days,count,count,2026,,,4,,4,,not_applicable,,,wilmington-compstat-v2,validated
weekly-2026-09-06-r1,weekly_compstat,2026-08-31,2026-09-06,1,dbbe45b033ef4cf2fb49ddad08594d713238006b06de55043335d71a6b5a0f9c,19,sector,sector_3,Sector 3,felony_theft,Felony Theft,last_28_days,count,count,2025,,,6,,6,,not_applicable,,,wilmington-compstat-v2,validated
weekly-2026-09-06-r1,weekly_compstat,2026-08-31,2026-09-06,1,dbbe45b033ef4cf2fb49ddad08594d713238006b06de55043335d71a6b5a0f9c,19,sector,sector_3,Sector 3,felony_theft,Felony Theft,last_28_days,percent_change,percent,2026,2025,1,-33.0,-0.33,-33%,-33.333333,matched,,,wilmington-compstat-v2,validated
weekly-2026-09-06-r1,weekly_compstat,2026-08-31,2026-09-06,1,dbbe45b033ef4cf2fb49ddad08594d713238006b06de55043335d71a6b5a0f9c,19,sector,sector_3,Sector 3,felony_theft,Felony Theft,year_to_date,count,count,2026,,,45,,45,,not_applicable,,,wilmington-compstat-v2,validated
weekly-2026-09-06-r1,weekly_compstat,2026-08-31,2026-09-06,1,dbbe45b033ef4cf2fb49ddad08594d713238006b06de55043335d71a6b5a0f9c,19,sector,sector_3,Sector 3,felony_theft,Felony Theft,year_to_date,count,count,2025,,,57,,57,,not_applicable,,,wilmington-compstat-v2,validated
weekly-2026-09-06-r1,weekly_compstat,2026-08-31,2026-09-06,1,dbbe45b033ef4cf2fb49ddad08594d713238006b06de55043335d71a6b5a0f9c,19,sector,sector_3,Sector 3,felony_theft,Felony Theft,year_to_date,percent_change,percent,2026,2025,1,-21.0,-0.21,-21%,-21.052632,matched,,,wilmington-compstat-v2,validated
weekly-2026-09-06-r1,weekly_compstat,2026-08-31,2026-09-06,1,dbbe45b033ef4cf2fb49ddad08594d713238006b06de55043335d71a6b5a0f9c,19,sector,sector_3,Sector 3,felony_theft,Felony Theft,year_to_date,percent_change,percent,2026,2024,2,-25.0,-0.25,-25%,,not_checkable,,,wilmington-compstat-v2,validated
weekly-2026-09-06-r1,weekly_compstat,2026-08-31,2026-09-06,1,dbbe45b033ef4cf2fb49ddad08594d713238006b06de55043335d71a6b5a0f9c,19,sector,sector_3,Sector 3,felony_theft,Felony Theft,year_to_date,percent_change,percent,2026,2023,3,-43.0,-0.43,-43%,,not_checkable,,,wilmington-compstat-v2,validated
weekly-2026-09-06-r1,weekly_compstat,2026-08-31,2026-09-06,1,dbbe45b033ef4cf2fb49ddad08594d713238006b06de55043335d71a6b5a0f9c,19,sector,sector_3,Sector 3,felony_theft,Felony Theft,year_to_date,percent_change,percent,2026,2022,4,-41.0,-0.41,-41%,,not_checkable,,,wilmington-compstat-v2,validated
weekly-2026-09-06-r1,weekly_compstat,2026-08-31,2026-09-06,1,dbbe45b033ef4cf2fb49ddad08594d713238006b06de55043335d71a6b5a0f9c,19,sector,sector_3,Sector 3,felony_theft,Felony Theft,year_to_date,percent_change,percent,2026,2021,5,-53.0,-0.53,-53%,,not_checkable,,,wilmington-compstat-v2,validated
weekly-2026-09-06-r1,weekly_compstat,2026-08-31,2026-09-06,1,dbbe45b033ef4cf2fb49ddad08594d713238006b06de55043335d71a6b5a0f9c,19,sector,sector_3,Sector 3,felony_theft,Felony Theft,year_to_date,percent_change,percent,2026,2020,6,-22.0,-0.22,-22%,,not_checkable,,,wilmington-compstat-v2,validated
weekly-2026-09-06-r1,weekly_compstat,2026-08-31,2026-09-06,1,dbbe45b033ef4cf2fb49ddad08594d713238006b06de55043335d71a6b5a0f9c,19,sector,sector_3,Sector 3,auto_theft,Auto Theft,last_7_days,count,count,2026,,,0,,0,,not_applicable,,,wilmington-compstat-v2,validated
weekly-2026-09-06-r1,weekly_compstat,2026-08-31,2026-09-06,1,dbbe45b033ef4cf2fb49ddad08594d713238006b06de55043335d71a6b5a0f9c,19,sector,sector_3,Sector 3,auto_theft,Auto Theft,last_7_days,count,count,2025,,,3,,3,,not_applicable,,,wilmington-compstat-v2,validated
weekly-2026-09-06-r1,weekly_compstat,2026-08-31,2026-09-06,1,dbbe45b033ef4cf2fb49ddad08594d713238006b06de55043335d71a6b5a0f9c,19,sector,sector_3,Sector 3,auto_theft,Auto Theft,last_7_days,percent_change,percent,2026,2025,1,-100.0,-1.0,-100%,-100.0,matched,,,wilmington-compstat-v2,validated
weekly-2026-09-06-r1,weekly_compstat,2026-08-31,2026-09-06,1,dbbe45b033ef4cf2fb49ddad08594d713238006b06de55043335d71a6b5a0f9c,19,sector,sector_3,Sector 3,auto_theft,Auto Theft,last_28_days,count,count,2026,,,4,,4,,not_applicable,,,wilmington-compstat-v2,validated
weekly-2026-09-06-r1,weekly_compstat,2026-08-31,2026-09-06,1,dbbe45b033ef4cf2fb49ddad08594d713238006b06de55043335d71a6b5a0f9c,19,sector,sector_3,Sector 3,auto_theft,Auto Theft,last_28_days,count,count,2025,,,12,,12,,not_applicable,,,wilmington-compstat-v2,validated
weekly-2026-09-06-r1,weekly_compstat,2026-08-31,2026-09-06,1,dbbe45b033ef4cf2fb49ddad08594d713238006b06de55043335d71a6b5a0f9c,19,sector,sector_3,Sector 3,auto_theft,Auto Theft,last_28_days,percent_change,percent,2026,2025,1,-67.0,-0.67,-67%,-66.666667,matched,,,wilmington-compstat-v2,validated
weekly-2026-09-06-r1,weekly_compstat,2026-08-31,2026-09-06,1,dbbe45b033ef4cf2fb49ddad08594d713238006b06de55043335d71a6b5a0f9c,19,sector,sector_3,Sector 3,auto_theft,Auto Theft,year_to_date,count,count,2026,,,65,,65,,not_applicable,,,wilmington-compstat-v2,validated
weekly-2026-09-06-r1,weekly_compstat,2026-08-31,2026-09-06,1,dbbe45b033ef4cf2fb49ddad08594d713238006b06de55043335d71a6b5a0f9c,19,sector,sector_3,Sector 3,auto_theft,Auto Theft,year_to_date,count,count,2025,,,123,,123,,not_applicable,,,wilmington-compstat-v2,validated
weekly-2026-09-06-r1,weekly_compstat,2026-08-31,2026-09-06,1,dbbe45b033ef4cf2fb49ddad08594d713238006b06de55043335d71a6b5a0f9c,19,sector,sector_3,Sector 3,auto_theft,Auto Theft,year_to_date,percent_change,percent,2026,2025,1,-47.0,-0.47,-47%,-47.154472,matched,,,wilmington-compstat-v2,validated
weekly-2026-09-06-r1,weekly_compstat,2026-08-31,2026-09-06,1,dbbe45b033ef4cf2fb49ddad08594d713238006b06de55043335d71a6b5a0f9c,19,sector,sector_3,Sector 3,auto_theft,Auto Theft,year_to_date,percent_change,percent,2026,2024,2,-55.0,-0.55,-55%,,not_checkable,,,wilmington-compstat-v2,validated
weekly-2026-09-06-r1,weekly_compstat,2026-08-31,2026-09-06,1,dbbe45b033ef4cf2fb49ddad08594d713238006b06de55043335d71a6b5a0f9c,19,sector,sector_3,Sector 3,auto_theft,Auto Theft,year_to_date,percent_change,percent,2026,2023,3,-53.0,-0.53,-53%,,not_checkable,,,wilmington-compstat-v2,validated
weekly-2026-09-06-r1,weekly_compstat,2026-08-31,2026-09-06,1,dbbe45b033ef4cf2fb49ddad08594d713238006b06de55043335d71a6b5a0f9c,19,sector,sector_3,Sector 3,auto_theft,Auto Theft,year_to_date,percent_change,percent,2026,2022,4,-33.0,-0.33,-33%,,not_checkable,,,wilmington-compstat-v2,validated
weekly-2026-09-06-r1,weekly_compstat,2026-08-31,2026-09-06,1,dbbe45b033ef4cf2fb49ddad08594d713238006b06de55043335d71a6b5a0f9c,19,sector,sector_3,Sector 3,auto_theft,Auto Theft,year_to_date,percent_change,percent,2026,2021,5,-42.0,-0.42,-42%,,not_checkable,,,wilmington-compstat-v2,validated
weekly-2026-09-06-r1,weekly_compstat,2026-08-31,2026-09-06,1,dbbe45b033ef4cf2fb49ddad08594d713238006b06de55043335d71a6b5a0f9c,19,sector,sector_3,Sector 3,auto_theft,Auto Theft,year_to_date,percent_change,percent,2026,2020,6,-28.0,-0.28,-28%,,not_checkable,,,wilmington-compstat-v2,validated
weekly-2026-09-06-r1,weekly_compstat,2026-08-31,2026-09-06,1,dbbe45b033ef4cf2fb49ddad08594d713238006b06de55043335d71a6b5a0f9c,19,sector,sector_3,Sector 3,major_crime_total,TOTAL,last_7_days,count,count,2026,,,3,,3,,not_applicable,,,wilmington-compstat-v2,validated
weekly-2026-09-06-r1,weekly_compstat,2026-08-31,2026-09-06,1,dbbe45b033ef4cf2fb49ddad08594d713238006b06de55043335d71a6b5a0f9c,19,sector,sector_3,Sector 3,major_crime_total,TOTAL,last_7_days,count,count,2025,,,16,,16,,not_applicable,,,wilmington-compstat-v2,validated
weekly-2026-09-06-r1,weekly_compstat,2026-08-31,2026-09-06,1,dbbe45b033ef4cf2fb49ddad08594d713238006b06de55043335d71a6b5a0f9c,19,sector,sector_3,Sector 3,major_crime_total,TOTAL,last_7_days,percent_change,percent,2026,2025,1,-81.0,-0.81,-81%,-81.25,matched,,,wilmington-compstat-v2,validated
weekly-2026-09-06-r1,weekly_compstat,2026-08-31,2026-09-06,1,dbbe45b033ef4cf2fb49ddad08594d713238006b06de55043335d71a6b5a0f9c,19,sector,sector_3,Sector 3,major_crime_total,TOTAL,last_28_days,count,count,2026,,,30,,30,,not_applicable,,,wilmington-compstat-v2,validated
weekly-2026-09-06-r1,weekly_compstat,2026-08-31,2026-09-06,1,dbbe45b033ef4cf2fb49ddad08594d713238006b06de55043335d71a6b5a0f9c,19,sector,sector_3,Sector 3,major_crime_total,TOTAL,last_28_days,count,count,2025,,,48,,48,,not_applicable,,,wilmington-compstat-v2,validated
weekly-2026-09-06-r1,weekly_compstat,2026-08-31,2026-09-06,1,dbbe45b033ef4cf2fb49ddad08594d713238006b06de55043335d71a6b5a0f9c,19,sector,sector_3,Sector 3,major_crime_total,TOTAL,last_28_days,percent_change,percent,2026,2025,1,-38.0,-0.38,-38%,-37.5,matched,,,wilmington-compstat-v2,validated
weekly-2026-09-06-r1,weekly_compstat,2026-08-31,2026-09-06,1,dbbe45b033ef4cf2fb49ddad08594d713238006b06de55043335d71a6b5a0f9c,19,sector,sector_3,Sector 3,major_crime_total,TOTAL,year_to_date,count,count,2026,,,358,,358,,not_applicable,,,wilmington-compstat-v2,validated
weekly-2026-09-06-r1,weekly_compstat,2026-08-31,2026-09-06,1,dbbe45b033ef4cf2fb49ddad08594d713238006b06de55043335d71a6b5a0f9c,19,sector,sector_3,Sector 3,major_crime_total,TOTAL,year_to_date,count,count,2025,,,425,,425,,not_applicable,,,wilmington-compstat-v2,validated
weekly-2026-09-06-r1,weekly_compstat,2026-08-31,2026-09-06,1,dbbe45b033ef4cf2fb49ddad08594d713238006b06de55043335d71a6b5a0f9c,19,sector,sector_3,Sector 3,major_crime_total,TOTAL,year_to_date,percent_change,percent,2026,2025,1,-16.0,-0.16,-16%,-15.764706,matched,,,wilmington-compstat-v2,validated
weekly-2026-09-06-r1,weekly_compstat,2026-08-31,2026-09-06,1,dbbe45b033ef4cf2fb49ddad08594d713238006b06de55043335d71a6b5a0f9c,19,sector,sector_3,Sector 3,major_crime_total,TOTAL,year_to_date,percent_change,percent,2026,2024,2,-13.0,-0.13,-13%,,not_checkable,,,wilmington-compstat-v2,validated
weekly-2026-09-06-r1,weekly_compstat,2026-08-31,2026-09-06,1,dbbe45b033ef4cf2fb49ddad08594d713238006b06de55043335d71a6b5a0f9c,19,sector,sector_3,Sector 3,major_crime_total,TOTAL,year_to_date,percent_change,percent,2026,2023,3,-22.0,-0.22,-22%,,not_checkable,,,wilmington-compstat-v2,validated
weekly-2026-09-06-r1,weekly_compstat,2026-08-31,2026-09-06,1,dbbe45b033ef4cf2fb49ddad08594d713238006b06de55043335d71a6b5a0f9c,19,sector,sector_3,Sector 3,major_crime_total,TOTAL,year_to_date,percent_change,percent,2026,2022,4,-18.0,-0.18,-18%,,not_checkable,,,wilmington-compstat-v2,validated
weekly-2026-09-06-r1,weekly_compstat,2026-08-31,2026-09-06,1,dbbe45b033ef4cf2fb49ddad08594d713238006b06de55043335d71a6b5a0f9c,19,sector,sector_3,Sector 3,major_crime_total,TOTAL,year_to_date,percent_change,percent,2026,2021,5,-28.0,-0.28,-28%,,not_checkable,,,wilmington-compstat-v2,validated
weekly-2026-09-06-r1,weekly_compstat,2026-08-31,2026-09-06,1,dbbe45b033ef4cf2fb49ddad08594d713238006b06de55043335d71a6b5a0f9c,19,sector,sector_3,Sector 3,major_crime_total,TOTAL,year_to_date,percent_change,percent,2026,2020,6,-19.0,-0.19,-19%,,not_checkable,,,wilmington-compstat-v2,validated
weekly-2026-09-06-r1,weekly_compstat,2026-08-31,2026-09-06,1,dbbe45b033ef4cf2fb49ddad08594d713238006b06de55043335d71a6b5a0f9c,19,sector,sector_3,Sector 3,shooting_incidents,Shooting Incidents,last_7_days,count,count,2026,,,0,,0,,not_applicable,,,wilmington-compstat-v2,validated
weekly-2026-09-06-r1,weekly_compstat,2026-08-31,2026-09-06,1,dbbe45b033ef4cf2fb49ddad08594d713238006b06de55043335d71a6b5a0f9c,19,sector,sector_3,Sector 3,shooting_incidents,Shooting Incidents,last_7_days,count,count,2025,,,4,,4,,not_applicable,,,wilmington-compstat-v2,validated
weekly-2026-09-06-r1,weekly_compstat,2026-08-31,2026-09-06,1,dbbe45b033ef4cf2fb49ddad08594d713238006b06de55043335d71a6b5a0f9c,19,sector,sector_3,Sector 3,shooting_incidents,Shooting Incidents,last_7_days,percent_change,percent,2026,2025,1,-100.0,-1.0,-100%,-100.0,matched,,,wilmington-compstat-v2,validated
weekly-2026-09-06-r1,weekly_compstat,2026-08-31,2026-09-06,1,dbbe45b033ef4cf2fb49ddad08594d713238006b06de55043335d71a6b5a0f9c,19,sector,sector_3,Sector 3,shooting_incidents,Shooting Incidents,last_28_days,count,count,2026,,,1,,1,,not_applicable,,,wilmington-compstat-v2,validated
weekly-2026-09-06-r1,weekly_compstat,2026-08-31,2026-09-06,1,dbbe45b033ef4cf2fb49ddad08594d713238006b06de55043335d71a6b5a0f9c,19,sector,sector_3,Sector 3,shooting_incidents,Shooting Incidents,last_28_days,count,count,2025,,,4,,4,,not_applicable,,,wilmington-compstat-v2,validated
weekly-2026-09-06-r1,weekly_compstat,2026-08-31,2026-09-06,1,dbbe45b033ef4cf2fb49ddad08594d713238006b06de55043335d71a6b5a0f9c,19,sector,sector_3,Sector 3,shooting_incidents,Shooting Incidents,last_28_days,percent_change,percent,2026,2025,1,-75.0,-0.75,-75%,-75.0,matched,,,wilmington-compstat-v2,validated
weekly-2026-09-06-r1,weekly_compstat,2026-08-31,2026-09-06,1,dbbe45b033ef4cf2fb49ddad08594d713238006b06de55043335d71a6b5a0f9c,19,sector,sector_3,Sector 3,shooting_incidents,Shooting Incidents,year_to_date,count,count,2026,,,14,,14,,not_applicable,,,wilmington-compstat-v2,validated
weekly-2026-09-06-r1,weekly_compstat,2026-08-31,2026-09-06,1,dbbe45b033ef4cf2fb49ddad08594d713238006b06de55043335d71a6b5a0f9c,19,sector,sector_3,Sector 3,shooting_incidents,Shooting Incidents,year_to_date,count,count,2025,,,17,,17,,not_applicable,,,wilmington-compstat-v2,validated
weekly-2026-09-06-r1,weekly_compstat,2026-08-31,2026-09-06,1,dbbe45b033ef4cf2fb49ddad08594d713238006b06de55043335d71a6b5a0f9c,19,sector,sector_3,Sector 3,shooting_incidents,Shooting Incidents,year_to_date,percent_change,percent,2026,2025,1,-18.0,-0.18,-18%,-17.647059,matched,,,wilmington-compstat-v2,validated
weekly-2026-09-06-r1,weekly_compstat,2026-08-31,2026-09-06,1,dbbe45b033ef4cf2fb49ddad08594d713238006b06de55043335d71a6b5a0f9c,19,sector,sector_3,Sector 3,shooting_incidents,Shooting Incidents,year_to_date,percent_change,percent,2026,2024,2,0.0,0.0,0%,,not_checkable,,,wilmington-compstat-v2,validated
weekly-2026-09-06-r1,weekly_compstat,2026-08-31,2026-09-06,1,dbbe45b033ef4cf2fb49ddad08594d713238006b06de55043335d71a6b5a0f9c,19,sector,sector_3,Sector 3,shooting_incidents,Shooting Incidents,year_to_date,percent_change,percent,2026,2023,3,-33.0,-0.33,-33%,,not_checkable,,,wilmington-compstat-v2,validated
weekly-2026-09-06-r1,weekly_compstat,2026-08-31,2026-09-06,1,dbbe45b033ef4cf2fb49ddad08594d713238006b06de55043335d71a6b5a0f9c,19,sector,sector_3,Sector 3,shooting_incidents,Shooting Incidents,year_to_date,percent_change,percent,2026,2022,4,-7.0,-0.07,-7%,,not_checkable,,,wilmington-compstat-v2,validated
weekly-2026-09-06-r1,weekly_compstat,2026-08-31,2026-09-06,1,dbbe45b033ef4cf2fb49ddad08594d713238006b06de55043335d71a6b5a0f9c,19,sector,sector_3,Sector 3,shooting_incidents,Shooting Incidents,year_to_date,percent_change,percent,2026,2021,5,-13.0,-0.13,-13%,,not_checkable,,,wilmington-compstat-v2,validated
weekly-2026-09-06-r1,weekly_compstat,2026-08-31,2026-09-06,1,dbbe45b033ef4cf2fb49ddad08594d713238006b06de55043335d71a6b5a0f9c,19,sector,sector_3,Sector 3,shooting_incidents,Shooting Incidents,year_to_date,percent_change,percent,2026,2020,6,-26.0,-0.26,-26%,,not_checkable,,,wilmington-compstat-v2,validated
weekly-2026-09-06-r1,weekly_compstat,2026-08-31,2026-09-06,1,dbbe45b033ef4cf2fb49ddad08594d713238006b06de55043335d71a6b5a0f9c,19,sector,sector_3,Sector 3,shooting_victims,Shooting Victims,last_7_days,count,count,2026,,,0,,0,,not_applicable,,,wilmington-compstat-v2,validated
weekly-2026-09-06-r1,weekly_compstat,2026-08-31,2026-09-06,1,dbbe45b033ef4cf2fb49ddad08594d713238006b06de55043335d71a6b5a0f9c,19,sector,sector_3,Sector 3,shooting_victims,Shooting Victims,last_7_days,count,count,2025,,,5,,5,,not_applicable,,,wilmington-compstat-v2,validated
weekly-2026-09-06-r1,weekly_compstat,2026-08-31,2026-09-06,1,dbbe45b033ef4cf2fb49ddad08594d713238006b06de55043335d71a6b5a0f9c,19,sector,sector_3,Sector 3,shooting_victims,Shooting Victims,last_7_days,percent_change,percent,2026,2025,1,-100.0,-1.0,-100%,-100.0,matched,,,wilmington-compstat-v2,validated
weekly-2026-09-06-r1,weekly_compstat,2026-08-31,2026-09-06,1,dbbe45b033ef4cf2fb49ddad08594d713238006b06de55043335d71a6b5a0f9c,19,sector,sector_3,Sector 3,shooting_victims,Shooting Victims,last_28_days,count,count,2026,,,2,,2,,not_applicable,,,wilmington-compstat-v2,validated
weekly-2026-09-06-r1,weekly_compstat,2026-08-31,2026-09-06,1,dbbe45b033ef4cf2fb49ddad08594d713238006b06de55043335d71a6b5a0f9c,19,sector,sector_3,Sector 3,shooting_victims,Shooting Victims,last_28_days,count,count,2025,,,5,,5,,not_applicable,,,wilmington-compstat-v2,validated
weekly-2026-09-06-r1,weekly_compstat,2026-08-31,2026-09-06,1,dbbe45b033ef4cf2fb49ddad08594d713238006b06de55043335d71a6b5a0f9c,19,sector,sector_3,Sector 3,shooting_victims,Shooting Victims,last_28_days,percent_change,percent,2026,2025,1,-60.0,-0.6,-60%,-60.0,matched,,,wilmington-compstat-v2,validated
weekly-2026-09-06-r1,weekly_compstat,2026-08-31,2026-09-06,1,dbbe45b033ef4cf2fb49ddad08594d713238006b06de55043335d71a6b5a0f9c,19,sector,sector_3,Sector 3,shooting_victims,Shooting Victims,year_to_date,count,count,2026,,,19,,19,,not_applicable,,,wilmington-compstat-v2,validated
weekly-2026-09-06-r1,weekly_compstat,2026-08-31,2026-09-06,1,dbbe45b033ef4cf2fb49ddad08594d713238006b06de55043335d71a6b5a0f9c,19,sector,sector_3,Sector 3,shooting_victims,Shooting Victims,year_to_date,count,count,2025,,,22,,22,,not_applicable,,,wilmington-compstat-v2,validated
weekly-2026-09-06-r1,weekly_compstat,2026-08-31,2026-09-06,1,dbbe45b033ef4cf2fb49ddad08594d713238006b06de55043335d71a6b5a0f9c,19,sector,sector_3,Sector 3,shooting_victims,Shooting Victims,year_to_date,percent_change,percent,2026,2025,1,-14.0,-0.14,-14%,-13.636364,matched,,,wilmington-compstat-v2,validated
weekly-2026-09-06-r1,weekly_compstat,2026-08-31,2026-09-06,1,dbbe45b033ef4cf2fb49ddad08594d713238006b06de55043335d71a6b5a0f9c,19,sector,sector_3,Sector 3,shooting_victims,Shooting Victims,year_to_date,percent_change,percent,2026,2024,2,19.0,0.19,19%,,not_checkable,,,wilmington-compstat-v2,validated
weekly-2026-09-06-r1,weekly_compstat,2026-08-31,2026-09-06,1,dbbe45b033ef4cf2fb49ddad08594d713238006b06de55043335d71a6b5a0f9c,19,sector,sector_3,Sector 3,shooting_victims,Shooting Victims,year_to_date,percent_change,percent,2026,2023,3,-24.0,-0.24,-24%,,not_checkable,,,wilmington-compstat-v2,validated
weekly-2026-09-06-r1,weekly_compstat,2026-08-31,2026-09-06,1,dbbe45b033ef4cf2fb49ddad08594d713238006b06de55043335d71a6b5a0f9c,19,sector,sector_3,Sector 3,shooting_victims,Shooting Victims,year_to_date,percent_change,percent,2026,2022,4,6.0,0.06,6%,,not_checkable,,,wilmington-compstat-v2,validated
weekly-2026-09-06-r1,weekly_compstat,2026-08-31,2026-09-06,1,dbbe45b033ef4cf2fb49ddad08594d713238006b06de55043335d71a6b5a0f9c,19,sector,sector_3,Sector 3,shooting_victims,Shooting Victims,year_to_date,percent_change,percent,2026,2021,5,6.0,0.06,6%,,not_checkable,,,wilmington-compstat-v2,validated
weekly-2026-09-06-r1,weekly_compstat,2026-08-31,2026-09-06,1,dbbe45b033ef4cf2fb49ddad08594d713238006b06de55043335d71a6b5a0f9c,19,sector,sector_3,Sector 3,shooting_victims,Shooting Victims,year_to_date,percent_change,percent,2026,2020,6,-30.0,-0.3,-30%,,not_checkable,,,wilmington-compstat-v2,validated
weekly-2026-09-06-r1,weekly_compstat,2026-08-31,2026-09-06,1,dbbe45b033ef4cf2fb49ddad08594d713238006b06de55043335d71a6b5a0f9c,19,sector,sector_3,Sector 3,juvenile_shooting_incidents,*Juv Shooting Incidents,last_7_days,count,count,2026,,,0,,0,,not_applicable,,,wilmington-compstat-v2,validated
weekly-2026-09-06-r1,weekly_compstat,2026-08-31,2026-09-06,1,dbbe45b033ef4cf2fb49ddad08594d713238006b06de55043335d71a6b5a0f9c,19,sector,sector_3,Sector 3,juvenile_shooting_incidents,*Juv Shooting Incidents,last_7_days,count,count,2025,,,1,,1,,not_applicable,,,wilmington-compstat-v2,validated
weekly-2026-09-06-r1,weekly_compstat,2026-08-31,2026-09-06,1,dbbe45b033ef4cf2fb49ddad08594d713238006b06de55043335d71a6b5a0f9c,19,sector,sector_3,Sector 3,juvenile_shooting_incidents,*Juv Shooting Incidents,last_7_days,percent_change,percent,2026,2025,1,-100.0,-1.0,-100%,-100.0,matched,,,wilmington-compstat-v2,validated
weekly-2026-09-06-r1,weekly_compstat,2026-08-31,2026-09-06,1,dbbe45b033ef4cf2fb49ddad08594d713238006b06de55043335d71a6b5a0f9c,19,sector,sector_3,Sector 3,juvenile_shooting_incidents,*Juv Shooting Incidents,last_28_days,count,count,2026,,,0,,0,,not_applicable,,,wilmington-compstat-v2,validated
weekly-2026-09-06-r1,weekly_compstat,2026-08-31,2026-09-06,1,dbbe45b033ef4cf2fb49ddad08594d713238006b06de55043335d71a6b5a0f9c,19,sector,sector_3,Sector 3,juvenile_shooting_incidents,*Juv Shooting Incidents,last_28_days,count,count,2025,,,1,,1,,not_applicable,,,wilmington-compstat-v2,validated
weekly-2026-09-06-r1,weekly_compstat,2026-08-31,2026-09-06,1,dbbe45b033ef4cf2fb49ddad08594d713238006b06de55043335d71a6b5a0f9c,19,sector,sector_3,Sector 3,juvenile_shooting_incidents,*Juv Shooting Incidents,last_28_days,percent_change,percent,2026,2025,1,-100.0,-1.0,-100%,-100.0,matched,,,wilmington-compstat-v2,validated
weekly-2026-09-06-r1,weekly_compstat,2026-08-31,2026-09-06,1,dbbe45b033ef4cf2fb49ddad08594d713238006b06de55043335d71a6b5a0f9c,19,sector,sector_3,Sector 3,juvenile_shooting_incidents,*Juv Shooting Incidents,year_to_date,count,count,2026,,,4,,4,,not_applicable,,,wilmington-compstat-v2,validated
weekly-2026-09-06-r1,weekly_compstat,2026-08-31,2026-09-06,1,dbbe45b033ef4cf2fb49ddad08594d713238006b06de55043335d71a6b5a0f9c,19,sector,sector_3,Sector 3,juvenile_shooting_incidents,*Juv Shooting Incidents,year_to_date,count,count,2025,,,5,,5,,not_applicable,,,wilmington-compstat-v2,validated
weekly-2026-09-06-r1,weekly_compstat,2026-08-31,2026-09-06,1,dbbe45b033ef4cf2fb49ddad08594d713238006b06de55043335d71a6b5a0f9c,19,sector,sector_3,Sector 3,juvenile_shooting_incidents,*Juv Shooting Incidents,year_to_date,percent_change,percent,2026,2025,1,-20.0,-0.2,-20%,-20.0,matched,,,wilmington-compstat-v2,validated
weekly-2026-09-06-r1,weekly_compstat,2026-08-31,2026-09-06,1,dbbe45b033ef4cf2fb49ddad08594d713238006b06de55043335d71a6b5a0f9c,19,sector,sector_3,Sector 3,juvenile_shooting_incidents,*Juv Shooting Incidents,year_to_date,percent_change,percent,2026,2024,2,33.0,0.33,33%,,not_checkable,,,wilmington-compstat-v2,validated
weekly-2026-09-06-r1,weekly_compstat,2026-08-31,2026-09-06,1,dbbe45b033ef4cf2fb49ddad08594d713238006b06de55043335d71a6b5a0f9c,19,sector,sector_3,Sector 3,juvenile_shooting_incidents,*Juv Shooting Incidents,year_to_date,percent_change,percent,2026,2023,3,33.0,0.33,33%,,not_checkable,,,wilmington-compstat-v2,validated
weekly-2026-09-06-r1,weekly_compstat,2026-08-31,2026-09-06,1,dbbe45b033ef4cf2fb49ddad08594d713238006b06de55043335d71a6b5a0f9c,19,sector,sector_3,Sector 3,juvenile_shooting_incidents,*Juv Shooting Incidents,year_to_date,percent_change,percent,2026,2022,4,-20.0,-0.2,-20%,,not_checkable,,,wilmington-compstat-v2,validated
weekly-2026-09-06-r1,weekly_compstat,2026-08-31,2026-09-06,1,dbbe45b033ef4cf2fb49ddad08594d713238006b06de55043335d71a6b5a0f9c,19,sector,sector_3,Sector 3,juvenile_shooting_incidents,*Juv Shooting Incidents,year_to_date,percent_change,percent,2026,2021,5,100.0,1.0,100%,,not_checkable,,,wilmington-compstat-v2,validated
weekly-2026-09-06-r1,weekly_compstat,2026-08-31,2026-09-06,1,dbbe45b033ef4cf2fb49ddad08594d713238006b06de55043335d71a6b5a0f9c,19,sector,sector_3,Sector 3,juvenile_shooting_incidents,*Juv Shooting Incidents,year_to_date,percent_change,percent,2026,2020,6,-43.0,-0.43,-43%,,not_checkable,,,wilmington-compstat-v2,validated
weekly-2026-09-06-r1,weekly_compstat,2026-08-31,2026-09-06,1,dbbe45b033ef4cf2fb49ddad08594d713238006b06de55043335d71a6b5a0f9c,19,sector,sector_3,Sector 3,juvenile_shooting_victims,*Juv Shooting Victims,last_7_days,count,count,2026,,,0,,0,,not_applicable,,,wilmington-compstat-v2,validated
weekly-2026-09-06-r1,weekly_compstat,2026-08-31,2026-09-06,1,dbbe45b033ef4cf2fb49ddad08594d713238006b06de55043335d71a6b5a0f9c,19,sector,sector_3,Sector 3,juvenile_shooting_victims,*Juv Shooting Victims,last_7_days,count,count,2025,,,1,,1,,not_applicable,,,wilmington-compstat-v2,validated
weekly-2026-09-06-r1,weekly_compstat,2026-08-31,2026-09-06,1,dbbe45b033ef4cf2fb49ddad08594d713238006b06de55043335d71a6b5a0f9c,19,sector,sector_3,Sector 3,juvenile_shooting_victims,*Juv Shooting Victims,last_7_days,percent_change,percent,2026,2025,1,-100.0,-1.0,-100%,-100.0,matched,,,wilmington-compstat-v2,validated
weekly-2026-09-06-r1,weekly_compstat,2026-08-31,2026-09-06,1,dbbe45b033ef4cf2fb49ddad08594d713238006b06de55043335d71a6b5a0f9c,19,sector,sector_3,Sector 3,juvenile_shooting_victims,*Juv Shooting Victims,last_28_days,count,count,2026,,,0,,0,,not_applicable,,,wilmington-compstat-v2,validated
weekly-2026-09-06-r1,weekly_compstat,2026-08-31,2026-09-06,1,dbbe45b033ef4cf2fb49ddad08594d713238006b06de55043335d71a6b5a0f9c,19,sector,sector_3,Sector 3,juvenile_shooting_victims,*Juv Shooting Victims,last_28_days,count,count,2025,,,1,,1,,not_applicable,,,wilmington-compstat-v2,validated
weekly-2026-09-06-r1,weekly_compstat,2026-08-31,2026-09-06,1,dbbe45b033ef4cf2fb49ddad08594d713238006b06de55043335d71a6b5a0f9c,19,sector,sector_3,Sector 3,juvenile_shooting_victims,*Juv Shooting Victims,last_28_days,percent_change,percent,2026,2025,1,-100.0,-1.0,-100%,-100.0,matched,,,wilmington-compstat-v2,validated
weekly-2026-09-06-r1,weekly_compstat,2026-08-31,2026-09-06,1,dbbe45b033ef4cf2fb49ddad08594d713238006b06de55043335d71a6b5a0f9c,19,sector,sector_3,Sector 3,juvenile_shooting_victims,*Juv Shooting Victims,year_to_date,count,count,2026,,,4,,4,,not_applicable,,,wilmington-compstat-v2,validated
weekly-2026-09-06-r1,weekly_compstat,2026-08-31,2026-09-06,1,dbbe45b033ef4cf2fb49ddad08594d713238006b06de55043335d71a6b5a0f9c,19,sector,sector_3,Sector 3,juvenile_shooting_victims,*Juv Shooting Victims,year_to_date,count,count,2025,,,5,,5,,not_applicable,,,wilmington-compstat-v2,validated
weekly-2026-09-06-r1,weekly_compstat,2026-08-31,2026-09-06,1,dbbe45b033ef4cf2fb49ddad08594d713238006b06de55043335d71a6b5a0f9c,19,sector,sector_3,Sector 3,juvenile_shooting_victims,*Juv Shooting Victims,year_to_date,percent_change,percent,2026,2025,1,-20.0,-0.2,-20%,-20.0,matched,,,wilmington-compstat-v2,validated
weekly-2026-09-06-r1,weekly_compstat,2026-08-31,2026-09-06,1,dbbe45b033ef4cf2fb49ddad08594d713238006b06de55043335d71a6b5a0f9c,19,sector,sector_3,Sector 3,juvenile_shooting_victims,*Juv Shooting Victims,year_to_date,percent_change,percent,2026,2024,2,33.0,0.33,33%,,not_checkable,,,wilmington-compstat-v2,validated
weekly-2026-09-06-r1,weekly_compstat,2026-08-31,2026-09-06,1,dbbe45b033ef4cf2fb49ddad08594d713238006b06de55043335d71a6b5a0f9c,19,sector,sector_3,Sector 3,juvenile_shooting_victims,*Juv Shooting Victims,year_to_date,percent_change,percent,2026,2023,3,33.0,0.33,33%,,not_checkable,,,wilmington-compstat-v2,validated
weekly-2026-09-06-r1,weekly_compstat,2026-08-31,2026-09-06,1,dbbe45b033ef4cf2fb49ddad08594d713238006b06de55043335d71a6b5a0f9c,19,sector,sector_3,Sector 3,juvenile_shooting_victims,*Juv Shooting Victims,year_to_date,percent_change,percent,2026,2022,4,-43.0,-0.43,-43%,,not_checkable,,,wilmington-compstat-v2,validated
weekly-2026-09-06-r1,weekly_compstat,2026-08-31,2026-09-06,1,dbbe45b033ef4cf2fb49ddad08594d713238006b06de55043335d71a6b5a0f9c,19,sector,sector_3,Sector 3,juvenile_shooting_victims,*Juv Shooting Victims,year_to_date,percent_change,percent,2026,2021,5,100.0,1.0,100%,,not_checkable,,,wilmington-compstat-v2,validated
weekly-2026-09-06-r1,weekly_compstat,2026-08-31,2026-09-06,1,dbbe45b033ef4cf2fb49ddad08594d713238006b06de55043335d71a6b5a0f9c,19,sector,sector_3,Sector 3,juvenile_shooting_victims,*Juv Shooting Victims,year_to_date,percent_change,percent,2026,2020,6,-43.0,-0.43,-43%,,not_checkable,,,wilmington-compstat-v2,validated
weekly-2026-09-06-r1,weekly_compstat,2026-08-31,2026-09-06,1,dbbe45b033ef4cf2fb49ddad08594d713238006b06de55043335d71a6b5a0f9c,19,sector,sector_3,Sector 3,misdemeanor_theft,Theft (Misdemeanor),last_7_days,count,count,2026,,,10,,10,,not_applicable,,,wilmington-compstat-v2,validated
weekly-2026-09-06-r1,weekly_compstat,2026-08-31,2026-09-06,1,dbbe45b033ef4cf2fb49ddad08594d713238006b06de55043335d71a6b5a0f9c,19,sector,sector_3,Sector 3,misdemeanor_theft,Theft (Misdemeanor),last_7_days,count,count,2025,,,9,,9,,not_applicable,,,wilmington-compstat-v2,validated
weekly-2026-09-06-r1,weekly_compstat,2026-08-31,2026-09-06,1,dbbe45b033ef4cf2fb49ddad08594d713238006b06de55043335d71a6b5a0f9c,19,sector,sector_3,Sector 3,misdemeanor_theft,Theft (Misdemeanor),last_7_days,percent_change,percent,2026,2025,1,11.0,0.11,11%,11.111111,matched,,,wilmington-compstat-v2,validated
weekly-2026-09-06-r1,weekly_compstat,2026-08-31,2026-09-06,1,dbbe45b033ef4cf2fb49ddad08594d713238006b06de55043335d71a6b5a0f9c,19,sector,sector_3,Sector 3,misdemeanor_theft,Theft (Misdemeanor),last_28_days,count,count,2026,,,35,,35,,not_applicable,,,wilmington-compstat-v2,validated
weekly-2026-09-06-r1,weekly_compstat,2026-08-31,2026-09-06,1,dbbe45b033ef4cf2fb49ddad08594d713238006b06de55043335d71a6b5a0f9c,19,sector,sector_3,Sector 3,misdemeanor_theft,Theft (Misdemeanor),last_28_days,count,count,2025,,,33,,33,,not_applicable,,,wilmington-compstat-v2,validated
weekly-2026-09-06-r1,weekly_compstat,2026-08-31,2026-09-06,1,dbbe45b033ef4cf2fb49ddad08594d713238006b06de55043335d71a6b5a0f9c,19,sector,sector_3,Sector 3,misdemeanor_theft,Theft (Misdemeanor),last_28_days,percent_change,percent,2026,2025,1,6.0,0.06,6%,6.060606,matched,,,wilmington-compstat-v2,validated
weekly-2026-09-06-r1,weekly_compstat,2026-08-31,2026-09-06,1,dbbe45b033ef4cf2fb49ddad08594d713238006b06de55043335d71a6b5a0f9c,19,sector,sector_3,Sector 3,misdemeanor_theft,Theft (Misdemeanor),year_to_date,count,count,2026,,,227,,227,,not_applicable,,,wilmington-compstat-v2,validated
weekly-2026-09-06-r1,weekly_compstat,2026-08-31,2026-09-06,1,dbbe45b033ef4cf2fb49ddad08594d713238006b06de55043335d71a6b5a0f9c,19,sector,sector_3,Sector 3,misdemeanor_theft,Theft (Misdemeanor),year_to_date,count,count,2025,,,250,,250,,not_applicable,,,wilmington-compstat-v2,validated
weekly-2026-09-06-r1,weekly_compstat,2026-08-31,2026-09-06,1,dbbe45b033ef4cf2fb49ddad08594d713238006b06de55043335d71a6b5a0f9c,19,sector,sector_3,Sector 3,misdemeanor_theft,Theft (Misdemeanor),year_to_date,percent_change,percent,2026,2025,1,-9.0,-0.09,-9%,-9.2,matched,,,wilmington-compstat-v2,validated
weekly-2026-09-06-r1,weekly_compstat,2026-08-31,2026-09-06,1,dbbe45b033ef4cf2fb49ddad08594d713238006b06de55043335d71a6b5a0f9c,19,sector,sector_3,Sector 3,misdemeanor_theft,Theft (Misdemeanor),year_to_date,percent_change,percent,2026,2024,2,-23.0,-0.23,-23%,,not_checkable,,,wilmington-compstat-v2,validated
weekly-2026-09-06-r1,weekly_compstat,2026-08-31,2026-09-06,1,dbbe45b033ef4cf2fb49ddad08594d713238006b06de55043335d71a6b5a0f9c,19,sector,sector_3,Sector 3,misdemeanor_theft,Theft (Misdemeanor),year_to_date,percent_change,percent,2026,2023,3,-37.0,-0.37,-37%,,not_checkable,,,wilmington-compstat-v2,validated
weekly-2026-09-06-r1,weekly_compstat,2026-08-31,2026-09-06,1,dbbe45b033ef4cf2fb49ddad08594d713238006b06de55043335d71a6b5a0f9c,19,sector,sector_3,Sector 3,misdemeanor_theft,Theft (Misdemeanor),year_to_date,percent_change,percent,2026,2022,4,-26.0,-0.26,-26%,,not_checkable,,,wilmington-compstat-v2,validated
weekly-2026-09-06-r1,weekly_compstat,2026-08-31,2026-09-06,1,dbbe45b033ef4cf2fb49ddad08594d713238006b06de55043335d71a6b5a0f9c,19,sector,sector_3,Sector 3,misdemeanor_theft,Theft (Misdemeanor),year_to_date,percent_change,percent,2026,2021,5,-41.0,-0.41,-41%,,not_checkable,,,wilmington-compstat-v2,validated
weekly-2026-09-06-r1,weekly_compstat,2026-08-31,2026-09-06,1,dbbe45b033ef4cf2fb49ddad08594d713238006b06de55043335d71a6b5a0f9c,19,sector,sector_3,Sector 3,misdemeanor_theft,Theft (Misdemeanor),year_to_date,percent_change,percent,2026,2020,6,-42.0,-0.42,-42%,,not_checkable,,,wilmington-compstat-v2,validated
weekly-2026-09-06-r1,weekly_compstat,2026-08-31,2026-09-06,1,dbbe45b033ef4cf2fb49ddad08594d713238006b06de55043335d71a6b5a0f9c,21,district,district_17,District 17,murder,Murder,last_7_days,count,count,2026,,,0,,0,,not_applicable,,,wilmington-compstat-v2,validated
weekly-2026-09-06-r1,weekly_compstat,2026-08-31,2026-09-06,1,dbbe45b033ef4cf2fb49ddad08594d713238006b06de55043335d71a6b5a0f9c,21,district,district_17,District 17,murder,Murder,last_7_days,count,count,2025,,,1,,1,,not_applicable,,,wilmington-compstat-v2,validated
weekly-2026-09-06-r1,weekly_compstat,2026-08-31,2026-09-06,1,dbbe45b033ef4cf2fb49ddad08594d713238006b06de55043335d71a6b5a0f9c,21,district,district_17,District 17,murder,Murder,last_7_days,percent_change,percent,2026,2025,1,-100.0,-1.0,-100%,-100.0,matched,,,wilmington-compstat-v2,validated
weekly-2026-09-06-r1,weekly_compstat,2026-08-31,2026-09-06,1,dbbe45b033ef4cf2fb49ddad08594d713238006b06de55043335d71a6b5a0f9c,21,district,district_17,District 17,murder,Murder,last_28_days,count,count,2026,,,0,,0,,not_applicable,,,wilmington-compstat-v2,validated
weekly-2026-09-06-r1,weekly_compstat,2026-08-31,2026-09-06,1,dbbe45b033ef4cf2fb49ddad08594d713238006b06de55043335d71a6b5a0f9c,21,district,district_17,District 17,murder,Murder,last_28_days,count,count,2025,,,1,,1,,not_applicable,,,wilmington-compstat-v2,validated
weekly-2026-09-06-r1,weekly_compstat,2026-08-31,2026-09-06,1,dbbe45b033ef4cf2fb49ddad08594d713238006b06de55043335d71a6b5a0f9c,21,district,district_17,District 17,murder,Murder,last_28_days,percent_change,percent,2026,2025,1,-100.0,-1.0,-100%,-100.0,matched,,,wilmington-compstat-v2,validated
weekly-2026-09-06-r1,weekly_compstat,2026-08-31,2026-09-06,1,dbbe45b033ef4cf2fb49ddad08594d713238006b06de55043335d71a6b5a0f9c,21,district,district_17,District 17,murder,Murder,year_to_date,count,count,2026,,,1,,1,,not_applicable,,,wilmington-compstat-v2,validated
weekly-2026-09-06-r1,weekly_compstat,2026-08-31,2026-09-06,1,dbbe45b033ef4cf2fb49ddad08594d713238006b06de55043335d71a6b5a0f9c,21,district,district_17,District 17,murder,Murder,year_to_date,count,count,2025,,,1,,1,,not_applicable,,,wilmington-compstat-v2,validated
weekly-2026-09-06-r1,weekly_compstat,2026-08-31,2026-09-06,1,dbbe45b033ef4cf2fb49ddad08594d713238006b06de55043335d71a6b5a0f9c,21,district,district_17,District 17,murder,Murder,year_to_date,percent_change,percent,2026,2025,1,0.0,0.0,0%,0.0,matched,,,wilmington-compstat-v2,validated
weekly-2026-09-06-r1,weekly_compstat,2026-08-31,2026-09-06,1,dbbe45b033ef4cf2fb49ddad08594d713238006b06de55043335d71a6b5a0f9c,21,district,district_17,District 17,murder,Murder,year_to_date,percent_change,percent,2026,2024,2,-67.0,-0.67,-67%,,not_checkable,,,wilmington-compstat-v2,validated
weekly-2026-09-06-r1,weekly_compstat,2026-08-31,2026-09-06,1,dbbe45b033ef4cf2fb49ddad08594d713238006b06de55043335d71a6b5a0f9c,21,district,district_17,District 17,murder,Murder,year_to_date,percent_change,percent,2026,2023,3,-67.0,-0.67,-67%,,not_checkable,,,wilmington-compstat-v2,validated
weekly-2026-09-06-r1,weekly_compstat,2026-08-31,2026-09-06,1,dbbe45b033ef4cf2fb49ddad08594d713238006b06de55043335d71a6b5a0f9c,21,district,district_17,District 17,murder,Murder,year_to_date,percent_change,percent,2026,2022,4,-67.0,-0.67,-67%,,not_checkable,,,wilmington-compstat-v2,validated
weekly-2026-09-06-r1,weekly_compstat,2026-08-31,2026-09-06,1,dbbe45b033ef4cf2fb49ddad08594d713238006b06de55043335d71a6b5a0f9c,21,district,district_17,District 17,murder,Murder,year_to_date,percent_change,percent,2026,2021,5,-67.0,-0.67,-67%,,not_checkable,,,wilmington-compstat-v2,validated
weekly-2026-09-06-r1,weekly_compstat,2026-08-31,2026-09-06,1,dbbe45b033ef4cf2fb49ddad08594d713238006b06de55043335d71a6b5a0f9c,21,district,district_17,District 17,murder,Murder,year_to_date,percent_change,percent,2026,2020,6,-67.0,-0.67,-67%,,not_checkable,,,wilmington-compstat-v2,validated
weekly-2026-09-06-r1,weekly_compstat,2026-08-31,2026-09-06,1,dbbe45b033ef4cf2fb49ddad08594d713238006b06de55043335d71a6b5a0f9c,21,district,district_17,District 17,rape,Rape,last_7_days,count,count,2026,,,1,,1,,not_applicable,,,wilmington-compstat-v2,validated
weekly-2026-09-06-r1,weekly_compstat,2026-08-31,2026-09-06,1,dbbe45b033ef4cf2fb49ddad08594d713238006b06de55043335d71a6b5a0f9c,21,district,district_17,District 17,rape,Rape,last_7_days,count,count,2025,,,0,,0,,not_applicable,,,wilmington-compstat-v2,validated
weekly-2026-09-06-r1,weekly_compstat,2026-08-31,2026-09-06,1,dbbe45b033ef4cf2fb49ddad08594d713238006b06de55043335d71a6b5a0f9c,21,district,district_17,District 17,rape,Rape,last_7_days,percent_change,percent,2026,2025,1,,,*,,undefined_zero_denominator,,undefined_zero_denominator,wilmington-compstat-v2,validated
weekly-2026-09-06-r1,weekly_compstat,2026-08-31,2026-09-06,1,dbbe45b033ef4cf2fb49ddad08594d713238006b06de55043335d71a6b5a0f9c,21,district,district_17,District 17,rape,Rape,last_28_days,count,count,2026,,,1,,1,,not_applicable,,,wilmington-compstat-v2,validated
weekly-2026-09-06-r1,weekly_compstat,2026-08-31,2026-09-06,1,dbbe45b033ef4cf2fb49ddad08594d713238006b06de55043335d71a6b5a0f9c,21,district,district_17,District 17,rape,Rape,last_28_days,count,count,2025,,,0,,0,,not_applicable,,,wilmington-compstat-v2,validated
weekly-2026-09-06-r1,weekly_compstat,2026-08-31,2026-09-06,1,dbbe45b033ef4cf2fb49ddad08594d713238006b06de55043335d71a6b5a0f9c,21,district,district_17,District 17,rape,Rape,last_28_days,percent_change,percent,2026,2025,1,,,*,,undefined_zero_denominator,,undefined_zero_denominator,wilmington-compstat-v2,validated
weekly-2026-09-06-r1,weekly_compstat,2026-08-31,2026-09-06,1,dbbe45b033ef4cf2fb49ddad08594d713238006b06de55043335d71a6b5a0f9c,21,district,district_17,District 17,rape,Rape,year_to_date,count,count,2026,,,2,,2,,not_applicable,,,wilmington-compstat-v2,validated
weekly-2026-09-06-r1,weekly_compstat,2026-08-31,2026-09-06,1,dbbe45b033ef4cf2fb49ddad08594d713238006b06de55043335d71a6b5a0f9c,21,district,district_17,District 17,rape,Rape,year_to_date,count,count,2025,,,0,,0,,not_applicable,,,wilmington-compstat-v2,validated
weekly-2026-09-06-r1,weekly_compstat,2026-08-31,2026-09-06,1,dbbe45b033ef4cf2fb49ddad08594d713238006b06de55043335d71a6b5a0f9c,21,district,district_17,District 17,rape,Rape,year_to_date,percent_change,percent,2026,2025,1,,,*,,undefined_zero_denominator,,undefined_zero_denominator,wilmington-compstat-v2,validated
weekly-2026-09-06-r1,weekly_compstat,2026-08-31,2026-09-06,1,dbbe45b033ef4cf2fb49ddad08594d713238006b06de55043335d71a6b5a0f9c,21,district,district_17,District 17,rape,Rape,year_to_date,percent_change,percent,2026,2024,2,100.0,1.0,100%,,not_checkable,,,wilmington-compstat-v2,validated
weekly-2026-09-06-r1,weekly_compstat,2026-08-31,2026-09-06,1,dbbe45b033ef4cf2fb49ddad08594d713238006b06de55043335d71a6b5a0f9c,21,district,district_17,District 17,rape,Rape,year_to_date,percent_change,percent,2026,2023,3,100.0,1.0,100%,,not_checkable,,,wilmington-compstat-v2,validated
weekly-2026-09-06-r1,weekly_compstat,2026-08-31,2026-09-06,1,dbbe45b033ef4cf2fb49ddad08594d713238006b06de55043335d71a6b5a0f9c,21,district,district_17,District 17,rape,Rape,year_to_date,percent_change,percent,2026,2022,4,100.0,1.0,100%,,not_checkable,,,wilmington-compstat-v2,validated
weekly-2026-09-06-r1,weekly_compstat,2026-08-31,2026-09-06,1,dbbe45b033ef4cf2fb49ddad08594d713238006b06de55043335d71a6b5a0f9c,21,district,district_17,District 17,rape,Rape,year_to_date,percent_change,percent,2026,2021,5,0.0,0.0,0%,,not_checkable,,,wilmington-compstat-v2,validated
weekly-2026-09-06-r1,weekly_compstat,2026-08-31,2026-09-06,1,dbbe45b033ef4cf2fb49ddad08594d713238006b06de55043335d71a6b5a0f9c,21,district,district_17,District 17,rape,Rape,year_to_date,percent_change,percent,2026,2020,6,,,*,,not_checkable,,undefined_zero_denominator,wilmington-compstat-v2,validated
weekly-2026-09-06-r1,weekly_compstat,2026-08-31,2026-09-06,1,dbbe45b033ef4cf2fb49ddad08594d713238006b06de55043335d71a6b5a0f9c,21,district,district_17,District 17,robbery,Robbery,last_7_days,count,count,2026,,,0,,0,,not_applicable,,,wilmington-compstat-v2,validated
weekly-2026-09-06-r1,weekly_compstat,2026-08-31,2026-09-06,1,dbbe45b033ef4cf2fb49ddad08594d713238006b06de55043335d71a6b5a0f9c,21,district,district_17,District 17,robbery,Robbery,last_7_days,count,count,2025,,,1,,1,,not_applicable,,,wilmington-compstat-v2,validated
weekly-2026-09-06-r1,weekly_compstat,2026-08-31,2026-09-06,1,dbbe45b033ef4cf2fb49ddad08594d713238006b06de55043335d71a6b5a0f9c,21,district,district_17,District 17,robbery,Robbery,last_7_days,percent_change,percent,2026,2025,1,-100.0,-1.0,-100%,-100.0,matched,,,wilmington-compstat-v2,validated
weekly-2026-09-06-r1,weekly_compstat,2026-08-31,2026-09-06,1,dbbe45b033ef4cf2fb49ddad08594d713238006b06de55043335d71a6b5a0f9c,21,district,district_17,District 17,robbery,Robbery,last_28_days,count,count,2026,,,3,,3,,not_applicable,,,wilmington-compstat-v2,validated
weekly-2026-09-06-r1,weekly_compstat,2026-08-31,2026-09-06,1,dbbe45b033ef4cf2fb49ddad08594d713238006b06de55043335d71a6b5a0f9c,21,district,district_17,District 17,robbery,Robbery,last_28_days,count,count,2025,,,2,,2,,not_applicable,,,wilmington-compstat-v2,validated
weekly-2026-09-06-r1,weekly_compstat,2026-08-31,2026-09-06,1,dbbe45b033ef4cf2fb49ddad08594d713238006b06de55043335d71a6b5a0f9c,21,district,district_17,District 17,robbery,Robbery,last_28_days,percent_change,percent,2026,2025,1,50.0,0.5,50%,50.0,matched,,,wilmington-compstat-v2,validated
weekly-2026-09-06-r1,weekly_compstat,2026-08-31,2026-09-06,1,dbbe45b033ef4cf2fb49ddad08594d713238006b06de55043335d71a6b5a0f9c,21,district,district_17,District 17,robbery,Robbery,year_to_date,count,count,2026,,,25,,25,,not_applicable,,,wilmington-compstat-v2,validated
weekly-2026-09-06-r1,weekly_compstat,2026-08-31,2026-09-06,1,dbbe45b033ef4cf2fb49ddad08594d713238006b06de55043335d71a6b5a0f9c,21,district,district_17,District 17,robbery,Robbery,year_to_date,count,count,2025,,,31,,31,,not_applicable,,,wilmington-compstat-v2,validated
weekly-2026-09-06-r1,weekly_compstat,2026-08-31,2026-09-06,1,dbbe45b033ef4cf2fb49ddad08594d713238006b06de55043335d71a6b5a0f9c,21,district,district_17,District 17,robbery,Robbery,year_to_date,percent_change,percent,2026,2025,1,-19.0,-0.19,-19%,-19.354839,matched,,,wilmington-compstat-v2,validated
weekly-2026-09-06-r1,weekly_compstat,2026-08-31,2026-09-06,1,dbbe45b033ef4cf2fb49ddad08594d713238006b06de55043335d71a6b5a0f9c,21,district,district_17,District 17,robbery,Robbery,year_to_date,percent_change,percent,2026,2024,2,79.0,0.79,79%,,not_checkable,,,wilmington-compstat-v2,validated
weekly-2026-09-06-r1,weekly_compstat,2026-08-31,2026-09-06,1,dbbe45b033ef4cf2fb49ddad08594d713238006b06de55043335d71a6b5a0f9c,21,district,district_17,District 17,robbery,Robbery,year_to_date,percent_change,percent,2026,2023,3,39.0,0.39,39%,,not_checkable,,,wilmington-compstat-v2,validated
weekly-2026-09-06-r1,weekly_compstat,2026-08-31,2026-09-06,1,dbbe45b033ef4cf2fb49ddad08594d713238006b06de55043335d71a6b5a0f9c,21,district,district_17,District 17,robbery,Robbery,year_to_date,percent_change,percent,2026,2022,4,-17.0,-0.17,-17%,,not_checkable,,,wilmington-compstat-v2,validated
weekly-2026-09-06-r1,weekly_compstat,2026-08-31,2026-09-06,1,dbbe45b033ef4cf2fb49ddad08594d713238006b06de55043335d71a6b5a0f9c,21,district,district_17,District 17,robbery,Robbery,year_to_date,percent_change,percent,2026,2021,5,-17.0,-0.17,-17%,,not_checkable,,,wilmington-compstat-v2,validated
weekly-2026-09-06-r1,weekly_compstat,2026-08-31,2026-09-06,1,dbbe45b033ef4cf2fb49ddad08594d713238006b06de55043335d71a6b5a0f9c,21,district,district_17,District 17,robbery,Robbery,year_to_date,percent_change,percent,2026,2020,6,-7.0,-0.07,-7%,,not_checkable,,,wilmington-compstat-v2,validated
weekly-2026-09-06-r1,weekly_compstat,2026-08-31,2026-09-06,1,dbbe45b033ef4cf2fb49ddad08594d713238006b06de55043335d71a6b5a0f9c,21,district,district_17,District 17,aggravated_assault,Agg. Assault,last_7_days,count,count,2026,,,0,,0,,not_applicable,,,wilmington-compstat-v2,validated
weekly-2026-09-06-r1,weekly_compstat,2026-08-31,2026-09-06,1,dbbe45b033ef4cf2fb49ddad08594d713238006b06de55043335d71a6b5a0f9c,21,district,district_17,District 17,aggravated_assault,Agg. Assault,last_7_days,count,count,2025,,,6,,6,,not_applicable,,,wilmington-compstat-v2,validated
weekly-2026-09-06-r1,weekly_compstat,2026-08-31,2026-09-06,1,dbbe45b033ef4cf2fb49ddad08594d713238006b06de55043335d71a6b5a0f9c,21,district,district_17,District 17,aggravated_assault,Agg. Assault,last_7_days,percent_change,percent,2026,2025,1,-100.0,-1.0,-100%,-100.0,matched,,,wilmington-compstat-v2,validated
weekly-2026-09-06-r1,weekly_compstat,2026-08-31,2026-09-06,1,dbbe45b033ef4cf2fb49ddad08594d713238006b06de55043335d71a6b5a0f9c,21,district,district_17,District 17,aggravated_assault,Agg. Assault,last_28_days,count,count,2026,,,5,,5,,not_applicable,,,wilmington-compstat-v2,validated
weekly-2026-09-06-r1,weekly_compstat,2026-08-31,2026-09-06,1,dbbe45b033ef4cf2fb49ddad08594d713238006b06de55043335d71a6b5a0f9c,21,district,district_17,District 17,aggravated_assault,Agg. Assault,last_28_days,count,count,2025,,,10,,10,,not_applicable,,,wilmington-compstat-v2,validated
weekly-2026-09-06-r1,weekly_compstat,2026-08-31,2026-09-06,1,dbbe45b033ef4cf2fb49ddad08594d713238006b06de55043335d71a6b5a0f9c,21,district,district_17,District 17,aggravated_assault,Agg. Assault,last_28_days,percent_change,percent,2026,2025,1,-50.0,-0.5,-50%,-50.0,matched,,,wilmington-compstat-v2,validated
weekly-2026-09-06-r1,weekly_compstat,2026-08-31,2026-09-06,1,dbbe45b033ef4cf2fb49ddad08594d713238006b06de55043335d71a6b5a0f9c,21,district,district_17,District 17,aggravated_assault,Agg. Assault,year_to_date,count,count,2026,,,52,,52,,not_applicable,,,wilmington-compstat-v2,validated
weekly-2026-09-06-r1,weekly_compstat,2026-08-31,2026-09-06,1,dbbe45b033ef4cf2fb49ddad08594d713238006b06de55043335d71a6b5a0f9c,21,district,district_17,District 17,aggravated_assault,Agg. Assault,year_to_date,count,count,2025,,,60,,60,,not_applicable,,,wilmington-compstat-v2,validated
weekly-2026-09-06-r1,weekly_compstat,2026-08-31,2026-09-06,1,dbbe45b033ef4cf2fb49ddad08594d713238006b06de55043335d71a6b5a0f9c,21,district,district_17,District 17,aggravated_assault,Agg. Assault,year_to_date,percent_change,percent,2026,2025,1,-13.0,-0.13,-13%,-13.333333,matched,,,wilmington-compstat-v2,validated
weekly-2026-09-06-r1,weekly_compstat,2026-08-31,2026-09-06,1,dbbe45b033ef4cf2fb49ddad08594d713238006b06de55043335d71a6b5a0f9c,21,district,district_17,District 17,aggravated_assault,Agg. Assault,year_to_date,percent_change,percent,2026,2024,2,37.0,0.37,37%,,not_checkable,,,wilmington-compstat-v2,validated
weekly-2026-09-06-r1,weekly_compstat,2026-08-31,2026-09-06,1,dbbe45b033ef4cf2fb49ddad08594d713238006b06de55043335d71a6b5a0f9c,21,district,district_17,District 17,aggravated_assault,Agg. Assault,year_to_date,percent_change,percent,2026,2023,3,11.0,0.11,11%,,not_checkable,,,wilmington-compstat-v2,validated
weekly-2026-09-06-r1,weekly_compstat,2026-08-31,2026-09-06,1,dbbe45b033ef4cf2fb49ddad08594d713238006b06de55043335d71a6b5a0f9c,21,district,district_17,District 17,aggravated_assault,Agg. Assault,year_to_date,percent_change,percent,2026,2022,4,-7.0,-0.07,-7%,,not_checkable,,,wilmington-compstat-v2,validated
weekly-2026-09-06-r1,weekly_compstat,2026-08-31,2026-09-06,1,dbbe45b033ef4cf2fb49ddad08594d713238006b06de55043335d71a6b5a0f9c,21,district,district_17,District 17,aggravated_assault,Agg. Assault,year_to_date,percent_change,percent,2026,2021,5,-29.0,-0.29,-29%,,not_checkable,,,wilmington-compstat-v2,validated
weekly-2026-09-06-r1,weekly_compstat,2026-08-31,2026-09-06,1,dbbe45b033ef4cf2fb49ddad08594d713238006b06de55043335d71a6b5a0f9c,21,district,district_17,District 17,aggravated_assault,Agg. Assault,year_to_date,percent_change,percent,2026,2020,6,-2.0,-0.02,-2%,,not_checkable,,,wilmington-compstat-v2,validated
weekly-2026-09-06-r1,weekly_compstat,2026-08-31,2026-09-06,1,dbbe45b033ef4cf2fb49ddad08594d713238006b06de55043335d71a6b5a0f9c,21,district,district_17,District 17,burglary,Burglary,last_7_days,count,count,2026,,,0,,0,,not_applicable,,,wilmington-compstat-v2,validated
weekly-2026-09-06-r1,weekly_compstat,2026-08-31,2026-09-06,1,dbbe45b033ef4cf2fb49ddad08594d713238006b06de55043335d71a6b5a0f9c,21,district,district_17,District 17,burglary,Burglary,last_7_days,count,count,2025,,,1,,1,,not_applicable,,,wilmington-compstat-v2,validated
weekly-2026-09-06-r1,weekly_compstat,2026-08-31,2026-09-06,1,dbbe45b033ef4cf2fb49ddad08594d713238006b06de55043335d71a6b5a0f9c,21,district,district_17,District 17,burglary,Burglary,last_7_days,percent_change,percent,2026,2025,1,-100.0,-1.0,-100%,-100.0,matched,,,wilmington-compstat-v2,validated
weekly-2026-09-06-r1,weekly_compstat,2026-08-31,2026-09-06,1,dbbe45b033ef4cf2fb49ddad08594d713238006b06de55043335d71a6b5a0f9c,21,district,district_17,District 17,burglary,Burglary,last_28_days,count,count,2026,,,5,,5,,not_applicable,,,wilmington-compstat-v2,validated
weekly-2026-09-06-r1,weekly_compstat,2026-08-31,2026-09-06,1,dbbe45b033ef4cf2fb49ddad08594d713238006b06de55043335d71a6b5a0f9c,21,district,district_17,District 17,burglary,Burglary,last_28_days,count,count,2025,,,5,,5,,not_applicable,,,wilmington-compstat-v2,validated
weekly-2026-09-06-r1,weekly_compstat,2026-08-31,2026-09-06,1,dbbe45b033ef4cf2fb49ddad08594d713238006b06de55043335d71a6b5a0f9c,21,district,district_17,District 17,burglary,Burglary,last_28_days,percent_change,percent,2026,2025,1,0.0,0.0,0%,0.0,matched,,,wilmington-compstat-v2,validated
weekly-2026-09-06-r1,weekly_compstat,2026-08-31,2026-09-06,1,dbbe45b033ef4cf2fb49ddad08594d713238006b06de55043335d71a6b5a0f9c,21,district,district_17,District 17,burglary,Burglary,year_to_date,count,count,2026,,,29,,29,,not_applicable,,,wilmington-compstat-v2,validated
weekly-2026-09-06-r1,weekly_compstat,2026-08-31,2026-09-06,1,dbbe45b033ef4cf2fb49ddad08594d713238006b06de55043335d71a6b5a0f9c,21,district,district_17,District 17,burglary,Burglary,year_to_date,count,count,2025,,,32,,32,,not_applicable,,,wilmington-compstat-v2,validated
weekly-2026-09-06-r1,weekly_compstat,2026-08-31,2026-09-06,1,dbbe45b033ef4cf2fb49ddad08594d713238006b06de55043335d71a6b5a0f9c,21,district,district_17,District 17,burglary,Burglary,year_to_date,percent_change,percent,2026,2025,1,-9.0,-0.09,-9%,-9.375,matched,,,wilmington-compstat-v2,validated
weekly-2026-09-06-r1,weekly_compstat,2026-08-31,2026-09-06,1,dbbe45b033ef4cf2fb49ddad08594d713238006b06de55043335d71a6b5a0f9c,21,district,district_17,District 17,burglary,Burglary,year_to_date,percent_change,percent,2026,2024,2,-29.0,-0.29,-29%,,not_checkable,,,wilmington-compstat-v2,validated
weekly-2026-09-06-r1,weekly_compstat,2026-08-31,2026-09-06,1,dbbe45b033ef4cf2fb49ddad08594d713238006b06de55043335d71a6b5a0f9c,21,district,district_17,District 17,burglary,Burglary,year_to_date,percent_change,percent,2026,2023,3,-28.0,-0.28,-28%,,not_checkable,,,wilmington-compstat-v2,validated
weekly-2026-09-06-r1,weekly_compstat,2026-08-31,2026-09-06,1,dbbe45b033ef4cf2fb49ddad08594d713238006b06de55043335d71a6b5a0f9c,21,district,district_17,District 17,burglary,Burglary,year_to_date,percent_change,percent,2026,2022,4,-42.0,-0.42,-42%,,not_checkable,,,wilmington-compstat-v2,validated
weekly-2026-09-06-r1,weekly_compstat,2026-08-31,2026-09-06,1,dbbe45b033ef4cf2fb49ddad08594d713238006b06de55043335d71a6b5a0f9c,21,district,district_17,District 17,burglary,Burglary,year_to_date,percent_change,percent,2026,2021,5,-31.0,-0.31,-31%,,not_checkable,,,wilmington-compstat-v2,validated
weekly-2026-09-06-r1,weekly_compstat,2026-08-31,2026-09-06,1,dbbe45b033ef4cf2fb49ddad08594d713238006b06de55043335d71a6b5a0f9c,21,district,district_17,District 17,burglary,Burglary,year_to_date,percent_change,percent,2026,2020,6,-55.0,-0.55,-55%,,not_checkable,,,wilmington-compstat-v2,validated
weekly-2026-09-06-r1,weekly_compstat,2026-08-31,2026-09-06,1,dbbe45b033ef4cf2fb49ddad08594d713238006b06de55043335d71a6b5a0f9c,21,district,district_17,District 17,felony_theft,Felony Theft,last_7_days,count,count,2026,,,0,,0,,not_applicable,,,wilmington-compstat-v2,validated
weekly-2026-09-06-r1,weekly_compstat,2026-08-31,2026-09-06,1,dbbe45b033ef4cf2fb49ddad08594d713238006b06de55043335d71a6b5a0f9c,21,district,district_17,District 17,felony_theft,Felony Theft,last_7_days,count,count,2025,,,0,,0,,not_applicable,,,wilmington-compstat-v2,validated
weekly-2026-09-06-r1,weekly_compstat,2026-08-31,2026-09-06,1,dbbe45b033ef4cf2fb49ddad08594d713238006b06de55043335d71a6b5a0f9c,21,district,district_17,District 17,felony_theft,Felony Theft,last_7_days,percent_change,percent,2026,2025,1,,,*,,undefined_zero_denominator,,undefined_zero_denominator,wilmington-compstat-v2,validated
weekly-2026-09-06-r1,weekly_compstat,2026-08-31,2026-09-06,1,dbbe45b033ef4cf2fb49ddad08594d713238006b06de55043335d71a6b5a0f9c,21,district,district_17,District 17,felony_theft,Felony Theft,last_28_days,count,count,2026,,,1,,1,,not_applicable,,,wilmington-compstat-v2,validated
weekly-2026-09-06-r1,weekly_compstat,2026-08-31,2026-09-06,1,dbbe45b033ef4cf2fb49ddad08594d713238006b06de55043335d71a6b5a0f9c,21,district,district_17,District 17,felony_theft,Felony Theft,last_28_days,count,count,2025,,,0,,0,,not_applicable,,,wilmington-compstat-v2,validated
weekly-2026-09-06-r1,weekly_compstat,2026-08-31,2026-09-06,1,dbbe45b033ef4cf2fb49ddad08594d713238006b06de55043335d71a6b5a0f9c,21,district,district_17,District 17,felony_theft,Felony Theft,last_28_days,percent_change,percent,2026,2025,1,,,*,,undefined_zero_denominator,,undefined_zero_denominator,wilmington-compstat-v2,validated
weekly-2026-09-06-r1,weekly_compstat,2026-08-31,2026-09-06,1,dbbe45b033ef4cf2fb49ddad08594d713238006b06de55043335d71a6b5a0f9c,21,district,district_17,District 17,felony_theft,Felony Theft,year_to_date,count,count,2026,,,10,,10,,not_applicable,,,wilmington-compstat-v2,validated
weekly-2026-09-06-r1,weekly_compstat,2026-08-31,2026-09-06,1,dbbe45b033ef4cf2fb49ddad08594d713238006b06de55043335d71a6b5a0f9c,21,district,district_17,District 17,felony_theft,Felony Theft,year_to_date,count,count,2025,,,18,,18,,not_applicable,,,wilmington-compstat-v2,validated
weekly-2026-09-06-r1,weekly_compstat,2026-08-31,2026-09-06,1,dbbe45b033ef4cf2fb49ddad08594d713238006b06de55043335d71a6b5a0f9c,21,district,district_17,District 17,felony_theft,Felony Theft,year_to_date,percent_change,percent,2026,2025,1,-44.0,-0.44,-44%,-44.444444,matched,,,wilmington-compstat-v2,validated
weekly-2026-09-06-r1,weekly_compstat,2026-08-31,2026-09-06,1,dbbe45b033ef4cf2fb49ddad08594d713238006b06de55043335d71a6b5a0f9c,21,district,district_17,District 17,felony_theft,Felony Theft,year_to_date,percent_change,percent,2026,2024,2,-38.0,-0.38,-38%,,not_checkable,,,wilmington-compstat-v2,validated
weekly-2026-09-06-r1,weekly_compstat,2026-08-31,2026-09-06,1,dbbe45b033ef4cf2fb49ddad08594d713238006b06de55043335d71a6b5a0f9c,21,district,district_17,District 17,felony_theft,Felony Theft,year_to_date,percent_change,percent,2026,2023,3,-66.0,-0.66,-66%,,not_checkable,,,wilmington-compstat-v2,validated
weekly-2026-09-06-r1,weekly_compstat,2026-08-31,2026-09-06,1,dbbe45b033ef4cf2fb49ddad08594d713238006b06de55043335d71a6b5a0f9c,21,district,district_17,District 17,felony_theft,Felony Theft,year_to_date,percent_change,percent,2026,2022,4,-60.0,-0.6,-60%,,not_checkable,,,wilmington-compstat-v2,validated
weekly-2026-09-06-r1,weekly_compstat,2026-08-31,2026-09-06,1,dbbe45b033ef4cf2fb49ddad08594d713238006b06de55043335d71a6b5a0f9c,21,district,district_17,District 17,felony_theft,Felony Theft,year_to_date,percent_change,percent,2026,2021,5,-55.0,-0.55,-55%,,not_checkable,,,wilmington-compstat-v2,validated
weekly-2026-09-06-r1,weekly_compstat,2026-08-31,2026-09-06,1,dbbe45b033ef4cf2fb49ddad08594d713238006b06de55043335d71a6b5a0f9c,21,district,district_17,District 17,felony_theft,Felony Theft,year_to_date,percent_change,percent,2026,2020,6,-57.0,-0.57,-57%,,not_checkable,,,wilmington-compstat-v2,validated
weekly-2026-09-06-r1,weekly_compstat,2026-08-31,2026-09-06,1,dbbe45b033ef4cf2fb49ddad08594d713238006b06de55043335d71a6b5a0f9c,21,district,district_17,District 17,auto_theft,Auto Theft,last_7_days,count,count,2026,,,0,,0,,not_applicable,,,wilmington-compstat-v2,validated
weekly-2026-09-06-r1,weekly_compstat,2026-08-31,2026-09-06,1,dbbe45b033ef4cf2fb49ddad08594d713238006b06de55043335d71a6b5a0f9c,21,district,district_17,District 17,auto_theft,Auto Theft,last_7_days,count,count,2025,,,0,,0,,not_applicable,,,wilmington-compstat-v2,validated
weekly-2026-09-06-r1,weekly_compstat,2026-08-31,2026-09-06,1,dbbe45b033ef4cf2fb49ddad08594d713238006b06de55043335d71a6b5a0f9c,21,district,district_17,District 17,auto_theft,Auto Theft,last_7_days,percent_change,percent,2026,2025,1,,,*,,undefined_zero_denominator,,undefined_zero_denominator,wilmington-compstat-v2,validated
weekly-2026-09-06-r1,weekly_compstat,2026-08-31,2026-09-06,1,dbbe45b033ef4cf2fb49ddad08594d713238006b06de55043335d71a6b5a0f9c,21,district,district_17,District 17,auto_theft,Auto Theft,last_28_days,count,count,2026,,,1,,1,,not_applicable,,,wilmington-compstat-v2,validated
weekly-2026-09-06-r1,weekly_compstat,2026-08-31,2026-09-06,1,dbbe45b033ef4cf2fb49ddad08594d713238006b06de55043335d71a6b5a0f9c,21,district,district_17,District 17,auto_theft,Auto Theft,last_28_days,count,count,2025,,,4,,4,,not_applicable,,,wilmington-compstat-v2,validated
weekly-2026-09-06-r1,weekly_compstat,2026-08-31,2026-09-06,1,dbbe45b033ef4cf2fb49ddad08594d713238006b06de55043335d71a6b5a0f9c,21,district,district_17,District 17,auto_theft,Auto Theft,last_28_days,percent_change,percent,2026,2025,1,-75.0,-0.75,-75%,-75.0,matched,,,wilmington-compstat-v2,validated
weekly-2026-09-06-r1,weekly_compstat,2026-08-31,2026-09-06,1,dbbe45b033ef4cf2fb49ddad08594d713238006b06de55043335d71a6b5a0f9c,21,district,district_17,District 17,auto_theft,Auto Theft,year_to_date,count,count,2026,,,23,,23,,not_applicable,,,wilmington-compstat-v2,validated
weekly-2026-09-06-r1,weekly_compstat,2026-08-31,2026-09-06,1,dbbe45b033ef4cf2fb49ddad08594d713238006b06de55043335d71a6b5a0f9c,21,district,district_17,District 17,auto_theft,Auto Theft,year_to_date,count,count,2025,,,55,,55,,not_applicable,,,wilmington-compstat-v2,validated
weekly-2026-09-06-r1,weekly_compstat,2026-08-31,2026-09-06,1,dbbe45b033ef4cf2fb49ddad08594d713238006b06de55043335d71a6b5a0f9c,21,district,district_17,District 17,auto_theft,Auto Theft,year_to_date,percent_change,percent,2026,2025,1,-58.0,-0.58,-58%,-58.181818,matched,,,wilmington-compstat-v2,validated
weekly-2026-09-06-r1,weekly_compstat,2026-08-31,2026-09-06,1,dbbe45b033ef4cf2fb49ddad08594d713238006b06de55043335d71a6b5a0f9c,21,district,district_17,District 17,auto_theft,Auto Theft,year_to_date,percent_change,percent,2026,2024,2,-62.0,-0.62,-62%,,not_checkable,,,wilmington-compstat-v2,validated
weekly-2026-09-06-r1,weekly_compstat,2026-08-31,2026-09-06,1,dbbe45b033ef4cf2fb49ddad08594d713238006b06de55043335d71a6b5a0f9c,21,district,district_17,District 17,auto_theft,Auto Theft,year_to_date,percent_change,percent,2026,2023,3,-49.0,-0.49,-49%,,not_checkable,,,wilmington-compstat-v2,validated
weekly-2026-09-06-r1,weekly_compstat,2026-08-31,2026-09-06,1,dbbe45b033ef4cf2fb49ddad08594d713238006b06de55043335d71a6b5a0f9c,21,district,district_17,District 17,auto_theft,Auto Theft,year_to_date,percent_change,percent,2026,2022,4,-32.0,-0.32,-32%,,not_checkable,,,wilmington-compstat-v2,validated
weekly-2026-09-06-r1,weekly_compstat,2026-08-31,2026-09-06,1,dbbe45b033ef4cf2fb49ddad08594d713238006b06de55043335d71a6b5a0f9c,21,district,district_17,District 17,auto_theft,Auto Theft,year_to_date,percent_change,percent,2026,2021,5,-56.0,-0.56,-56%,,not_checkable,,,wilmington-compstat-v2,validated
weekly-2026-09-06-r1,weekly_compstat,2026-08-31,2026-09-06,1,dbbe45b033ef4cf2fb49ddad08594d713238006b06de55043335d71a6b5a0f9c,21,district,district_17,District 17,auto_theft,Auto Theft,year_to_date,percent_change,percent,2026,2020,6,-44.0,-0.44,-44%,,not_checkable,,,wilmington-compstat-v2,validated
weekly-2026-09-06-r1,weekly_compstat,2026-08-31,2026-09-06,1,dbbe45b033ef4cf2fb49ddad08594d713238006b06de55043335d71a6b5a0f9c,21,district,district_17,District 17,major_crime_total,TOTAL,last_7_days,count,count,2026,,,1,,1,,not_applicable,,,wilmington-compstat-v2,validated
weekly-2026-09-06-r1,weekly_compstat,2026-08-31,2026-09-06,1,dbbe45b033ef4cf2fb49ddad08594d713238006b06de55043335d71a6b5a0f9c,21,district,district_17,District 17,major_crime_total,TOTAL,last_7_days,count,count,2025,,,9,,9,,not_applicable,,,wilmington-compstat-v2,validated
weekly-2026-09-06-r1,weekly_compstat,2026-08-31,2026-09-06,1,dbbe45b033ef4cf2fb49ddad08594d713238006b06de55043335d71a6b5a0f9c,21,district,district_17,District 17,major_crime_total,TOTAL,last_7_days,percent_change,percent,2026,2025,1,-89.0,-0.89,-89%,-88.888889,matched,,,wilmington-compstat-v2,validated
weekly-2026-09-06-r1,weekly_compstat,2026-08-31,2026-09-06,1,dbbe45b033ef4cf2fb49ddad08594d713238006b06de55043335d71a6b5a0f9c,21,district,district_17,District 17,major_crime_total,TOTAL,last_28_days,count,count,2026,,,16,,16,,not_applicable,,,wilmington-compstat-v2,validated
weekly-2026-09-06-r1,weekly_compstat,2026-08-31,2026-09-06,1,dbbe45b033ef4cf2fb49ddad08594d713238006b06de55043335d71a6b5a0f9c,21,district,district_17,District 17,major_crime_total,TOTAL,last_28_days,count,count,2025,,,22,,22,,not_applicable,,,wilmington-compstat-v2,validated
weekly-2026-09-06-r1,weekly_compstat,2026-08-31,2026-09-06,1,dbbe45b033ef4cf2fb49ddad08594d713238006b06de55043335d71a6b5a0f9c,21,district,district_17,District 17,major_crime_total,TOTAL,last_28_days,percent_change,percent,2026,2025,1,-27.0,-0.27,-27%,-27.272727,matched,,,wilmington-compstat-v2,validated
weekly-2026-09-06-r1,weekly_compstat,2026-08-31,2026-09-06,1,dbbe45b033ef4cf2fb49ddad08594d713238006b06de55043335d71a6b5a0f9c,21,district,district_17,District 17,major_crime_total,TOTAL,year_to_date,count,count,2026,,,142,,142,,not_applicable,,,wilmington-compstat-v2,validated
weekly-2026-09-06-r1,weekly_compstat,2026-08-31,2026-09-06,1,dbbe45b033ef4cf2fb49ddad08594d713238006b06de55043335d71a6b5a0f9c,21,district,district_17,District 17,major_crime_total,TOTAL,year_to_date,count,count,2025,,,197,,197,,not_applicable,,,wilmington-compstat-v2,validated
weekly-2026-09-06-r1,weekly_compstat,2026-08-31,2026-09-06,1,dbbe45b033ef4cf2fb49ddad08594d713238006b06de55043335d71a6b5a0f9c,21,district,district_17,District 17,major_crime_total,TOTAL,year_to_date,percent_change,percent,2026,2025,1,-28.0,-0.28,-28%,-27.918782,matched,,,wilmington-compstat-v2,validated
weekly-2026-09-06-r1,weekly_compstat,2026-08-31,2026-09-06,1,dbbe45b033ef4cf2fb49ddad08594d713238006b06de55043335d71a6b5a0f9c,21,district,district_17,District 17,major_crime_total,TOTAL,year_to_date,percent_change,percent,2026,2024,2,-18.0,-0.18,-18%,,not_checkable,,,wilmington-compstat-v2,validated
weekly-2026-09-06-r1,weekly_compstat,2026-08-31,2026-09-06,1,dbbe45b033ef4cf2fb49ddad08594d713238006b06de55043335d71a6b5a0f9c,21,district,district_17,District 17,major_crime_total,TOTAL,year_to_date,percent_change,percent,2026,2023,3,-22.0,-0.22,-22%,,not_checkable,,,wilmington-compstat-v2,validated
weekly-2026-09-06-r1,weekly_compstat,2026-08-31,2026-09-06,1,dbbe45b033ef4cf2fb49ddad08594d713238006b06de55043335d71a6b5a0f9c,21,district,district_17,District 17,major_crime_total,TOTAL,year_to_date,percent_change,percent,2026,2022,4,-29.0,-0.29,-29%,,not_checkable,,,wilmington-compstat-v2,validated
weekly-2026-09-06-r1,weekly_compstat,2026-08-31,2026-09-06,1,dbbe45b033ef4cf2fb49ddad08594d713238006b06de55043335d71a6b5a0f9c,21,district,district_17,District 17,major_crime_total,TOTAL,year_to_date,percent_change,percent,2026,2021,5,-37.0,-0.37,-37%,,not_checkable,,,wilmington-compstat-v2,validated
weekly-2026-09-06-r1,weekly_compstat,2026-08-31,2026-09-06,1,dbbe45b033ef4cf2fb49ddad08594d713238006b06de55043335d71a6b5a0f9c,21,district,district_17,District 17,major_crime_total,TOTAL,year_to_date,percent_change,percent,2026,2020,6,-33.0,-0.33,-33%,,not_checkable,,,wilmington-compstat-v2,validated
weekly-2026-09-06-r1,weekly_compstat,2026-08-31,2026-09-06,1,dbbe45b033ef4cf2fb49ddad08594d713238006b06de55043335d71a6b5a0f9c,21,district,district_17,District 17,shooting_incidents,Shooting Incidents,last_7_days,count,count,2026,,,0,,0,,not_applicable,,,wilmington-compstat-v2,validated
weekly-2026-09-06-r1,weekly_compstat,2026-08-31,2026-09-06,1,dbbe45b033ef4cf2fb49ddad08594d713238006b06de55043335d71a6b5a0f9c,21,district,district_17,District 17,shooting_incidents,Shooting Incidents,last_7_days,count,count,2025,,,4,,4,,not_applicable,,,wilmington-compstat-v2,validated
weekly-2026-09-06-r1,weekly_compstat,2026-08-31,2026-09-06,1,dbbe45b033ef4cf2fb49ddad08594d713238006b06de55043335d71a6b5a0f9c,21,district,district_17,District 17,shooting_incidents,Shooting Incidents,last_7_days,percent_change,percent,2026,2025,1,-100.0,-1.0,-100%,-100.0,matched,,,wilmington-compstat-v2,validated
weekly-2026-09-06-r1,weekly_compstat,2026-08-31,2026-09-06,1,dbbe45b033ef4cf2fb49ddad08594d713238006b06de55043335d71a6b5a0f9c,21,district,district_17,District 17,shooting_incidents,Shooting Incidents,last_28_days,count,count,2026,,,0,,0,,not_applicable,,,wilmington-compstat-v2,validated
weekly-2026-09-06-r1,weekly_compstat,2026-08-31,2026-09-06,1,dbbe45b033ef4cf2fb49ddad08594d713238006b06de55043335d71a6b5a0f9c,21,district,district_17,District 17,shooting_incidents,Shooting Incidents,last_28_days,count,count,2025,,,4,,4,,not_applicable,,,wilmington-compstat-v2,validated
weekly-2026-09-06-r1,weekly_compstat,2026-08-31,2026-09-06,1,dbbe45b033ef4cf2fb49ddad08594d713238006b06de55043335d71a6b5a0f9c,21,district,district_17,District 17,shooting_incidents,Shooting Incidents,last_28_days,percent_change,percent,2026,2025,1,-100.0,-1.0,-100%,-100.0,matched,,,wilmington-compstat-v2,validated
weekly-2026-09-06-r1,weekly_compstat,2026-08-31,2026-09-06,1,dbbe45b033ef4cf2fb49ddad08594d713238006b06de55043335d71a6b5a0f9c,21,district,district_17,District 17,shooting_incidents,Shooting Incidents,year_to_date,count,count,2026,,,7,,7,,not_applicable,,,wilmington-compstat-v2,validated
weekly-2026-09-06-r1,weekly_compstat,2026-08-31,2026-09-06,1,dbbe45b033ef4cf2fb49ddad08594d713238006b06de55043335d71a6b5a0f9c,21,district,district_17,District 17,shooting_incidents,Shooting Incidents,year_to_date,count,count,2025,,,11,,11,,not_applicable,,,wilmington-compstat-v2,validated
weekly-2026-09-06-r1,weekly_compstat,2026-08-31,2026-09-06,1,dbbe45b033ef4cf2fb49ddad08594d713238006b06de55043335d71a6b5a0f9c,21,district,district_17,District 17,shooting_incidents,Shooting Incidents,year_to_date,percent_change,percent,2026,2025,1,-36.0,-0.36,-36%,-36.363636,matched,,,wilmington-compstat-v2,validated
weekly-2026-09-06-r1,weekly_compstat,2026-08-31,2026-09-06,1,dbbe45b033ef4cf2fb49ddad08594d713238006b06de55043335d71a6b5a0f9c,21,district,district_17,District 17,shooting_incidents,Shooting Incidents,year_to_date,percent_change,percent,2026,2024,2,-30.0,-0.3,-30%,,not_checkable,,,wilmington-compstat-v2,validated
weekly-2026-09-06-r1,weekly_compstat,2026-08-31,2026-09-06,1,dbbe45b033ef4cf2fb49ddad08594d713238006b06de55043335d71a6b5a0f9c,21,district,district_17,District 17,shooting_incidents,Shooting Incidents,year_to_date,percent_change,percent,2026,2023,3,-42.0,-0.42,-42%,,not_checkable,,,wilmington-compstat-v2,validated
weekly-2026-09-06-r1,weekly_compstat,2026-08-31,2026-09-06,1,dbbe45b033ef4cf2fb49ddad08594d713238006b06de55043335d71a6b5a0f9c,21,district,district_17,District 17,shooting_incidents,Shooting Incidents,year_to_date,percent_change,percent,2026,2022,4,-50.0,-0.5,-50%,,not_checkable,,,wilmington-compstat-v2,validated
weekly-2026-09-06-r1,weekly_compstat,2026-08-31,2026-09-06,1,dbbe45b033ef4cf2fb49ddad08594d713238006b06de55043335d71a6b5a0f9c,21,district,district_17,District 17,shooting_incidents,Shooting Incidents,year_to_date,percent_change,percent,2026,2021,5,-42.0,-0.42,-42%,,not_checkable,,,wilmington-compstat-v2,validated
weekly-2026-09-06-r1,weekly_compstat,2026-08-31,2026-09-06,1,dbbe45b033ef4cf2fb49ddad08594d713238006b06de55043335d71a6b5a0f9c,21,district,district_17,District 17,shooting_incidents,Shooting Incidents,year_to_date,percent_change,percent,2026,2020,6,-22.0,-0.22,-22%,,not_checkable,,,wilmington-compstat-v2,validated
weekly-2026-09-06-r1,weekly_compstat,2026-08-31,2026-09-06,1,dbbe45b033ef4cf2fb49ddad08594d713238006b06de55043335d71a6b5a0f9c,21,district,district_17,District 17,shooting_victims,Shooting Victims,last_7_days,count,count,2026,,,0,,0,,not_applicable,,,wilmington-compstat-v2,validated
weekly-2026-09-06-r1,weekly_compstat,2026-08-31,2026-09-06,1,dbbe45b033ef4cf2fb49ddad08594d713238006b06de55043335d71a6b5a0f9c,21,district,district_17,District 17,shooting_victims,Shooting Victims,last_7_days,count,count,2025,,,5,,5,,not_applicable,,,wilmington-compstat-v2,validated
weekly-2026-09-06-r1,weekly_compstat,2026-08-31,2026-09-06,1,dbbe45b033ef4cf2fb49ddad08594d713238006b06de55043335d71a6b5a0f9c,21,district,district_17,District 17,shooting_victims,Shooting Victims,last_7_days,percent_change,percent,2026,2025,1,-100.0,-1.0,-100%,-100.0,matched,,,wilmington-compstat-v2,validated
weekly-2026-09-06-r1,weekly_compstat,2026-08-31,2026-09-06,1,dbbe45b033ef4cf2fb49ddad08594d713238006b06de55043335d71a6b5a0f9c,21,district,district_17,District 17,shooting_victims,Shooting Victims,last_28_days,count,count,2026,,,0,,0,,not_applicable,,,wilmington-compstat-v2,validated
weekly-2026-09-06-r1,weekly_compstat,2026-08-31,2026-09-06,1,dbbe45b033ef4cf2fb49ddad08594d713238006b06de55043335d71a6b5a0f9c,21,district,district_17,District 17,shooting_victims,Shooting Victims,last_28_days,count,count,2025,,,5,,5,,not_applicable,,,wilmington-compstat-v2,validated
weekly-2026-09-06-r1,weekly_compstat,2026-08-31,2026-09-06,1,dbbe45b033ef4cf2fb49ddad08594d713238006b06de55043335d71a6b5a0f9c,21,district,district_17,District 17,shooting_victims,Shooting Victims,last_28_days,percent_change,percent,2026,2025,1,-100.0,-1.0,-100%,-100.0,matched,,,wilmington-compstat-v2,validated
weekly-2026-09-06-r1,weekly_compstat,2026-08-31,2026-09-06,1,dbbe45b033ef4cf2fb49ddad08594d713238006b06de55043335d71a6b5a0f9c,21,district,district_17,District 17,shooting_victims,Shooting Victims,year_to_date,count,count,2026,,,9,,9,,not_applicable,,,wilmington-compstat-v2,validated
weekly-2026-09-06-r1,weekly_compstat,2026-08-31,2026-09-06,1,dbbe45b033ef4cf2fb49ddad08594d713238006b06de55043335d71a6b5a0f9c,21,district,district_17,District 17,shooting_victims,Shooting Victims,year_to_date,count,count,2025,,,13,,13,,not_applicable,,,wilmington-compstat-v2,validated
weekly-2026-09-06-r1,weekly_compstat,2026-08-31,2026-09-06,1,dbbe45b033ef4cf2fb49ddad08594d713238006b06de55043335d71a6b5a0f9c,21,district,district_17,District 17,shooting_victims,Shooting Victims,year_to_date,percent_change,percent,2026,2025,1,-31.0,-0.31,-31%,-30.769231,matched,,,wilmington-compstat-v2,validated
weekly-2026-09-06-r1,weekly_compstat,2026-08-31,2026-09-06,1,dbbe45b033ef4cf2fb49ddad08594d713238006b06de55043335d71a6b5a0f9c,21,district,district_17,District 17,shooting_victims,Shooting Victims,year_to_date,percent_change,percent,2026,2024,2,-25.0,-0.25,-25%,,not_checkable,,,wilmington-compstat-v2,validated
weekly-2026-09-06-r1,weekly_compstat,2026-08-31,2026-09-06,1,dbbe45b033ef4cf2fb49ddad08594d713238006b06de55043335d71a6b5a0f9c,21,district,district_17,District 17,shooting_victims,Shooting Victims,year_to_date,percent_change,percent,2026,2023,3,-44.0,-0.44,-44%,,not_checkable,,,wilmington-compstat-v2,validated
weekly-2026-09-06-r1,weekly_compstat,2026-08-31,2026-09-06,1,dbbe45b033ef4cf2fb49ddad08594d713238006b06de55043335d71a6b5a0f9c,21,district,district_17,District 17,shooting_victims,Shooting Victims,year_to_date,percent_change,percent,2026,2022,4,-47.0,-0.47,-47%,,not_checkable,,,wilmington-compstat-v2,validated
weekly-2026-09-06-r1,weekly_compstat,2026-08-31,2026-09-06,1,dbbe45b033ef4cf2fb49ddad08594d713238006b06de55043335d71a6b5a0f9c,21,district,district_17,District 17,shooting_victims,Shooting Victims,year_to_date,percent_change,percent,2026,2021,5,-36.0,-0.36,-36%,,not_checkable,,,wilmington-compstat-v2,validated
weekly-2026-09-06-r1,weekly_compstat,2026-08-31,2026-09-06,1,dbbe45b033ef4cf2fb49ddad08594d713238006b06de55043335d71a6b5a0f9c,21,district,district_17,District 17,shooting_victims,Shooting Victims,year_to_date,percent_change,percent,2026,2020,6,-36.0,-0.36,-36%,,not_checkable,,,wilmington-compstat-v2,validated
weekly-2026-09-06-r1,weekly_compstat,2026-08-31,2026-09-06,1,dbbe45b033ef4cf2fb49ddad08594d713238006b06de55043335d71a6b5a0f9c,21,district,district_17,District 17,juvenile_shooting_incidents,*Juv Shooting Incidents,last_7_days,count,count,2026,,,0,,0,,not_applicable,,,wilmington-compstat-v2,validated
weekly-2026-09-06-r1,weekly_compstat,2026-08-31,2026-09-06,1,dbbe45b033ef4cf2fb49ddad08594d713238006b06de55043335d71a6b5a0f9c,21,district,district_17,District 17,juvenile_shooting_incidents,*Juv Shooting Incidents,last_7_days,count,count,2025,,,1,,1,,not_applicable,,,wilmington-compstat-v2,validated
weekly-2026-09-06-r1,weekly_compstat,2026-08-31,2026-09-06,1,dbbe45b033ef4cf2fb49ddad08594d713238006b06de55043335d71a6b5a0f9c,21,district,district_17,District 17,juvenile_shooting_incidents,*Juv Shooting Incidents,last_7_days,percent_change,percent,2026,2025,1,-100.0,-1.0,-100%,-100.0,matched,,,wilmington-compstat-v2,validated
weekly-2026-09-06-r1,weekly_compstat,2026-08-31,2026-09-06,1,dbbe45b033ef4cf2fb49ddad08594d713238006b06de55043335d71a6b5a0f9c,21,district,district_17,District 17,juvenile_shooting_incidents,*Juv Shooting Incidents,last_28_days,count,count,2026,,,0,,0,,not_applicable,,,wilmington-compstat-v2,validated
weekly-2026-09-06-r1,weekly_compstat,2026-08-31,2026-09-06,1,dbbe45b033ef4cf2fb49ddad08594d713238006b06de55043335d71a6b5a0f9c,21,district,district_17,District 17,juvenile_shooting_incidents,*Juv Shooting Incidents,last_28_days,count,count,2025,,,1,,1,,not_applicable,,,wilmington-compstat-v2,validated
weekly-2026-09-06-r1,weekly_compstat,2026-08-31,2026-09-06,1,dbbe45b033ef4cf2fb49ddad08594d713238006b06de55043335d71a6b5a0f9c,21,district,district_17,District 17,juvenile_shooting_incidents,*Juv Shooting Incidents,last_28_days,percent_change,percent,2026,2025,1,-100.0,-1.0,-100%,-100.0,matched,,,wilmington-compstat-v2,validated
weekly-2026-09-06-r1,weekly_compstat,2026-08-31,2026-09-06,1,dbbe45b033ef4cf2fb49ddad08594d713238006b06de55043335d71a6b5a0f9c,21,district,district_17,District 17,juvenile_shooting_incidents,*Juv Shooting Incidents,year_to_date,count,count,2026,,,1,,1,,not_applicable,,,wilmington-compstat-v2,validated
weekly-2026-09-06-r1,weekly_compstat,2026-08-31,2026-09-06,1,dbbe45b033ef4cf2fb49ddad08594d713238006b06de55043335d71a6b5a0f9c,21,district,district_17,District 17,juvenile_shooting_incidents,*Juv Shooting Incidents,year_to_date,count,count,2025,,,4,,4,,not_applicable,,,wilmington-compstat-v2,validated
weekly-2026-09-06-r1,weekly_compstat,2026-08-31,2026-09-06,1,dbbe45b033ef4cf2fb49ddad08594d713238006b06de55043335d71a6b5a0f9c,21,district,district_17,District 17,juvenile_shooting_incidents,*Juv Shooting Incidents,year_to_date,percent_change,percent,2026,2025,1,-75.0,-0.75,-75%,-75.0,matched,,,wilmington-compstat-v2,validated
weekly-2026-09-06-r1,weekly_compstat,2026-08-31,2026-09-06,1,dbbe45b033ef4cf2fb49ddad08594d713238006b06de55043335d71a6b5a0f9c,21,district,district_17,District 17,juvenile_shooting_incidents,*Juv Shooting Incidents,year_to_date,percent_change,percent,2026,2024,2,-50.0,-0.5,-50%,,not_checkable,,,wilmington-compstat-v2,validated
weekly-2026-09-06-r1,weekly_compstat,2026-08-31,2026-09-06,1,dbbe45b033ef4cf2fb49ddad08594d713238006b06de55043335d71a6b5a0f9c,21,district,district_17,District 17,juvenile_shooting_incidents,*Juv Shooting Incidents,year_to_date,percent_change,percent,2026,2023,3,-67.0,-0.67,-67%,,not_checkable,,,wilmington-compstat-v2,validated
weekly-2026-09-06-r1,weekly_compstat,2026-08-31,2026-09-06,1,dbbe45b033ef4cf2fb49ddad08594d713238006b06de55043335d71a6b5a0f9c,21,district,district_17,District 17,juvenile_shooting_incidents,*Juv Shooting Incidents,year_to_date,percent_change,percent,2026,2022,4,-80.0,-0.8,-80%,,not_checkable,,,wilmington-compstat-v2,validated
weekly-2026-09-06-r1,weekly_compstat,2026-08-31,2026-09-06,1,dbbe45b033ef4cf2fb49ddad08594d713238006b06de55043335d71a6b5a0f9c,21,district,district_17,District 17,juvenile_shooting_incidents,*Juv Shooting Incidents,year_to_date,percent_change,percent,2026,2021,5,-50.0,-0.5,-50%,,not_checkable,,,wilmington-compstat-v2,validated
weekly-2026-09-06-r1,weekly_compstat,2026-08-31,2026-09-06,1,dbbe45b033ef4cf2fb49ddad08594d713238006b06de55043335d71a6b5a0f9c,21,district,district_17,District 17,juvenile_shooting_incidents,*Juv Shooting Incidents,year_to_date,percent_change,percent,2026,2020,6,-75.0,-0.75,-75%,,not_checkable,,,wilmington-compstat-v2,validated
weekly-2026-09-06-r1,weekly_compstat,2026-08-31,2026-09-06,1,dbbe45b033ef4cf2fb49ddad08594d713238006b06de55043335d71a6b5a0f9c,21,district,district_17,District 17,juvenile_shooting_victims,*Juv Shooting Victims,last_7_days,count,count,2026,,,0,,0,,not_applicable,,,wilmington-compstat-v2,validated
weekly-2026-09-06-r1,weekly_compstat,2026-08-31,2026-09-06,1,dbbe45b033ef4cf2fb49ddad08594d713238006b06de55043335d71a6b5a0f9c,21,district,district_17,District 17,juvenile_shooting_victims,*Juv Shooting Victims,last_7_days,count,count,2025,,,1,,1,,not_applicable,,,wilmington-compstat-v2,validated
weekly-2026-09-06-r1,weekly_compstat,2026-08-31,2026-09-06,1,dbbe45b033ef4cf2fb49ddad08594d713238006b06de55043335d71a6b5a0f9c,21,district,district_17,District 17,juvenile_shooting_victims,*Juv Shooting Victims,last_7_days,percent_change,percent,2026,2025,1,-100.0,-1.0,-100%,-100.0,matched,,,wilmington-compstat-v2,validated
weekly-2026-09-06-r1,weekly_compstat,2026-08-31,2026-09-06,1,dbbe45b033ef4cf2fb49ddad08594d713238006b06de55043335d71a6b5a0f9c,21,district,district_17,District 17,juvenile_shooting_victims,*Juv Shooting Victims,last_28_days,count,count,2026,,,0,,0,,not_applicable,,,wilmington-compstat-v2,validated
weekly-2026-09-06-r1,weekly_compstat,2026-08-31,2026-09-06,1,dbbe45b033ef4cf2fb49ddad08594d713238006b06de55043335d71a6b5a0f9c,21,district,district_17,District 17,juvenile_shooting_victims,*Juv Shooting Victims,last_28_days,count,count,2025,,,1,,1,,not_applicable,,,wilmington-compstat-v2,validated
weekly-2026-09-06-r1,weekly_compstat,2026-08-31,2026-09-06,1,dbbe45b033ef4cf2fb49ddad08594d713238006b06de55043335d71a6b5a0f9c,21,district,district_17,District 17,juvenile_shooting_victims,*Juv Shooting Victims,last_28_days,percent_change,percent,2026,2025,1,-100.0,-1.0,-100%,-100.0,matched,,,wilmington-compstat-v2,validated
weekly-2026-09-06-r1,weekly_compstat,2026-08-31,2026-09-06,1,dbbe45b033ef4cf2fb49ddad08594d713238006b06de55043335d71a6b5a0f9c,21,district,district_17,District 17,juvenile_shooting_victims,*Juv Shooting Victims,year_to_date,count,count,2026,,,1,,1,,not_applicable,,,wilmington-compstat-v2,validated
weekly-2026-09-06-r1,weekly_compstat,2026-08-31,2026-09-06,1,dbbe45b033ef4cf2fb49ddad08594d713238006b06de55043335d71a6b5a0f9c,21,district,district_17,District 17,juvenile_shooting_victims,*Juv Shooting Victims,year_to_date,count,count,2025,,,4,,4,,not_applicable,,,wilmington-compstat-v2,validated
weekly-2026-09-06-r1,weekly_compstat,2026-08-31,2026-09-06,1,dbbe45b033ef4cf2fb49ddad08594d713238006b06de55043335d71a6b5a0f9c,21,district,district_17,District 17,juvenile_shooting_victims,*Juv Shooting Victims,year_to_date,percent_change,percent,2026,2025,1,-75.0,-0.75,-75%,-75.0,matched,,,wilmington-compstat-v2,validated
weekly-2026-09-06-r1,weekly_compstat,2026-08-31,2026-09-06,1,dbbe45b033ef4cf2fb49ddad08594d713238006b06de55043335d71a6b5a0f9c,21,district,district_17,District 17,juvenile_shooting_victims,*Juv Shooting Victims,year_to_date,percent_change,percent,2026,2024,2,-50.0,-0.5,-50%,,not_checkable,,,wilmington-compstat-v2,validated
weekly-2026-09-06-r1,weekly_compstat,2026-08-31,2026-09-06,1,dbbe45b033ef4cf2fb49ddad08594d713238006b06de55043335d71a6b5a0f9c,21,district,district_17,District 17,juvenile_shooting_victims,*Juv Shooting Victims,year_to_date,percent_change,percent,2026,2023,3,-67.0,-0.67,-67%,,not_checkable,,,wilmington-compstat-v2,validated
weekly-2026-09-06-r1,weekly_compstat,2026-08-31,2026-09-06,1,dbbe45b033ef4cf2fb49ddad08594d713238006b06de55043335d71a6b5a0f9c,21,district,district_17,District 17,juvenile_shooting_victims,*Juv Shooting Victims,year_to_date,percent_change,percent,2026,2022,4,-86.0,-0.86,-86%,,not_checkable,,,wilmington-compstat-v2,validated
weekly-2026-09-06-r1,weekly_compstat,2026-08-31,2026-09-06,1,dbbe45b033ef4cf2fb49ddad08594d713238006b06de55043335d71a6b5a0f9c,21,district,district_17,District 17,juvenile_shooting_victims,*Juv Shooting Victims,year_to_date,percent_change,percent,2026,2021,5,-50.0,-0.5,-50%,,not_checkable,,,wilmington-compstat-v2,validated
weekly-2026-09-06-r1,weekly_compstat,2026-08-31,2026-09-06,1,dbbe45b033ef4cf2fb49ddad08594d713238006b06de55043335d71a6b5a0f9c,21,district,district_17,District 17,juvenile_shooting_victims,*Juv Shooting Victims,year_to_date,percent_change,percent,2026,2020,6,-75.0,-0.75,-75%,,not_checkable,,,wilmington-compstat-v2,validated
weekly-2026-09-06-r1,weekly_compstat,2026-08-31,2026-09-06,1,dbbe45b033ef4cf2fb49ddad08594d713238006b06de55043335d71a6b5a0f9c,21,district,district_17,District 17,misdemeanor_theft,Theft (Misdemeanor),last_7_days,count,count,2026,,,3,,3,,not_applicable,,,wilmington-compstat-v2,validated
weekly-2026-09-06-r1,weekly_compstat,2026-08-31,2026-09-06,1,dbbe45b033ef4cf2fb49ddad08594d713238006b06de55043335d71a6b5a0f9c,21,district,district_17,District 17,misdemeanor_theft,Theft (Misdemeanor),last_7_days,count,count,2025,,,3,,3,,not_applicable,,,wilmington-compstat-v2,validated
weekly-2026-09-06-r1,weekly_compstat,2026-08-31,2026-09-06,1,dbbe45b033ef4cf2fb49ddad08594d713238006b06de55043335d71a6b5a0f9c,21,district,district_17,District 17,misdemeanor_theft,Theft (Misdemeanor),last_7_days,percent_change,percent,2026,2025,1,0.0,0.0,0%,0.0,matched,,,wilmington-compstat-v2,validated
weekly-2026-09-06-r1,weekly_compstat,2026-08-31,2026-09-06,1,dbbe45b033ef4cf2fb49ddad08594d713238006b06de55043335d71a6b5a0f9c,21,district,district_17,District 17,misdemeanor_theft,Theft (Misdemeanor),last_28_days,count,count,2026,,,9,,9,,not_applicable,,,wilmington-compstat-v2,validated
weekly-2026-09-06-r1,weekly_compstat,2026-08-31,2026-09-06,1,dbbe45b033ef4cf2fb49ddad08594d713238006b06de55043335d71a6b5a0f9c,21,district,district_17,District 17,misdemeanor_theft,Theft (Misdemeanor),last_28_days,count,count,2025,,,7,,7,,not_applicable,,,wilmington-compstat-v2,validated
weekly-2026-09-06-r1,weekly_compstat,2026-08-31,2026-09-06,1,dbbe45b033ef4cf2fb49ddad08594d713238006b06de55043335d71a6b5a0f9c,21,district,district_17,District 17,misdemeanor_theft,Theft (Misdemeanor),last_28_days,percent_change,percent,2026,2025,1,29.0,0.29,29%,28.571429,matched,,,wilmington-compstat-v2,validated
weekly-2026-09-06-r1,weekly_compstat,2026-08-31,2026-09-06,1,dbbe45b033ef4cf2fb49ddad08594d713238006b06de55043335d71a6b5a0f9c,21,district,district_17,District 17,misdemeanor_theft,Theft (Misdemeanor),year_to_date,count,count,2026,,,63,,63,,not_applicable,,,wilmington-compstat-v2,validated
weekly-2026-09-06-r1,weekly_compstat,2026-08-31,2026-09-06,1,dbbe45b033ef4cf2fb49ddad08594d713238006b06de55043335d71a6b5a0f9c,21,district,district_17,District 17,misdemeanor_theft,Theft (Misdemeanor),year_to_date,count,count,2025,,,76,,76,,not_applicable,,,wilmington-compstat-v2,validated
weekly-2026-09-06-r1,weekly_compstat,2026-08-31,2026-09-06,1,dbbe45b033ef4cf2fb49ddad08594d713238006b06de55043335d71a6b5a0f9c,21,district,district_17,District 17,misdemeanor_theft,Theft (Misdemeanor),year_to_date,percent_change,percent,2026,2025,1,-17.0,-0.17,-17%,-17.105263,matched,,,wilmington-compstat-v2,validated
weekly-2026-09-06-r1,weekly_compstat,2026-08-31,2026-09-06,1,dbbe45b033ef4cf2fb49ddad08594d713238006b06de55043335d71a6b5a0f9c,21,district,district_17,District 17,misdemeanor_theft,Theft (Misdemeanor),year_to_date,percent_change,percent,2026,2024,2,-26.0,-0.26,-26%,,not_checkable,,,wilmington-compstat-v2,validated
weekly-2026-09-06-r1,weekly_compstat,2026-08-31,2026-09-06,1,dbbe45b033ef4cf2fb49ddad08594d713238006b06de55043335d71a6b5a0f9c,21,district,district_17,District 17,misdemeanor_theft,Theft (Misdemeanor),year_to_date,percent_change,percent,2026,2023,3,-19.0,-0.19,-19%,,not_checkable,,,wilmington-compstat-v2,validated
weekly-2026-09-06-r1,weekly_compstat,2026-08-31,2026-09-06,1,dbbe45b033ef4cf2fb49ddad08594d713238006b06de55043335d71a6b5a0f9c,21,district,district_17,District 17,misdemeanor_theft,Theft (Misdemeanor),year_to_date,percent_change,percent,2026,2022,4,-38.0,-0.38,-38%,,not_checkable,,,wilmington-compstat-v2,validated
weekly-2026-09-06-r1,weekly_compstat,2026-08-31,2026-09-06,1,dbbe45b033ef4cf2fb49ddad08594d713238006b06de55043335d71a6b5a0f9c,21,district,district_17,District 17,misdemeanor_theft,Theft (Misdemeanor),year_to_date,percent_change,percent,2026,2021,5,-51.0,-0.51,-51%,,not_checkable,,,wilmington-compstat-v2,validated
weekly-2026-09-06-r1,weekly_compstat,2026-08-31,2026-09-06,1,dbbe45b033ef4cf2fb49ddad08594d713238006b06de55043335d71a6b5a0f9c,21,district,district_17,District 17,misdemeanor_theft,Theft (Misdemeanor),year_to_date,percent_change,percent,2026,2020,6,-40.0,-0.4,-40%,,not_checkable,,,wilmington-compstat-v2,validated
weekly-2026-09-06-r1,weekly_compstat,2026-08-31,2026-09-06,1,dbbe45b033ef4cf2fb49ddad08594d713238006b06de55043335d71a6b5a0f9c,23,district,district_18,District 18,murder,Murder,last_7_days,count,count,2026,,,0,,0,,not_applicable,,,wilmington-compstat-v2,validated
weekly-2026-09-06-r1,weekly_compstat,2026-08-31,2026-09-06,1,dbbe45b033ef4cf2fb49ddad08594d713238006b06de55043335d71a6b5a0f9c,23,district,district_18,District 18,murder,Murder,last_7_days,count,count,2025,,,0,,0,,not_applicable,,,wilmington-compstat-v2,validated
weekly-2026-09-06-r1,weekly_compstat,2026-08-31,2026-09-06,1,dbbe45b033ef4cf2fb49ddad08594d713238006b06de55043335d71a6b5a0f9c,23,district,district_18,District 18,murder,Murder,last_7_days,percent_change,percent,2026,2025,1,,,*,,undefined_zero_denominator,,undefined_zero_denominator,wilmington-compstat-v2,validated
weekly-2026-09-06-r1,weekly_compstat,2026-08-31,2026-09-06,1,dbbe45b033ef4cf2fb49ddad08594d713238006b06de55043335d71a6b5a0f9c,23,district,district_18,District 18,murder,Murder,last_28_days,count,count,2026,,,0,,0,,not_applicable,,,wilmington-compstat-v2,validated
weekly-2026-09-06-r1,weekly_compstat,2026-08-31,2026-09-06,1,dbbe45b033ef4cf2fb49ddad08594d713238006b06de55043335d71a6b5a0f9c,23,district,district_18,District 18,murder,Murder,last_28_days,count,count,2025,,,0,,0,,not_applicable,,,wilmington-compstat-v2,validated
weekly-2026-09-06-r1,weekly_compstat,2026-08-31,2026-09-06,1,dbbe45b033ef4cf2fb49ddad08594d713238006b06de55043335d71a6b5a0f9c,23,district,district_18,District 18,murder,Murder,last_28_days,percent_change,percent,2026,2025,1,,,*,,undefined_zero_denominator,,undefined_zero_denominator,wilmington-compstat-v2,validated
weekly-2026-09-06-r1,weekly_compstat,2026-08-31,2026-09-06,1,dbbe45b033ef4cf2fb49ddad08594d713238006b06de55043335d71a6b5a0f9c,23,district,district_18,District 18,murder,Murder,year_to_date,count,count,2026,,,1,,1,,not_applicable,,,wilmington-compstat-v2,validated
weekly-2026-09-06-r1,weekly_compstat,2026-08-31,2026-09-06,1,dbbe45b033ef4cf2fb49ddad08594d713238006b06de55043335d71a6b5a0f9c,23,district,district_18,District 18,murder,Murder,year_to_date,count,count,2025,,,2,,2,,not_applicable,,,wilmington-compstat-v2,validated
weekly-2026-09-06-r1,weekly_compstat,2026-08-31,2026-09-06,1,dbbe45b033ef4cf2fb49ddad08594d713238006b06de55043335d71a6b5a0f9c,23,district,district_18,District 18,murder,Murder,year_to_date,percent_change,percent,2026,2025,1,-50.0,-0.5,-50%,-50.0,matched,,,wilmington-compstat-v2,validated
weekly-2026-09-06-r1,weekly_compstat,2026-08-31,2026-09-06,1,dbbe45b033ef4cf2fb49ddad08594d713238006b06de55043335d71a6b5a0f9c,23,district,district_18,District 18,murder,Murder,year_to_date,percent_change,percent,2026,2024,2,-50.0,-0.5,-50%,,not_checkable,,,wilmington-compstat-v2,validated
weekly-2026-09-06-r1,weekly_compstat,2026-08-31,2026-09-06,1,dbbe45b033ef4cf2fb49ddad08594d713238006b06de55043335d71a6b5a0f9c,23,district,district_18,District 18,murder,Murder,year_to_date,percent_change,percent,2026,2023,3,,,*,,not_checkable,,undefined_zero_denominator,wilmington-compstat-v2,validated
weekly-2026-09-06-r1,weekly_compstat,2026-08-31,2026-09-06,1,dbbe45b033ef4cf2fb49ddad08594d713238006b06de55043335d71a6b5a0f9c,23,district,district_18,District 18,murder,Murder,year_to_date,percent_change,percent,2026,2022,4,0.0,0.0,0%,,not_checkable,,,wilmington-compstat-v2,validated
weekly-2026-09-06-r1,weekly_compstat,2026-08-31,2026-09-06,1,dbbe45b033ef4cf2fb49ddad08594d713238006b06de55043335d71a6b5a0f9c,23,district,district_18,District 18,murder,Murder,year_to_date,percent_change,percent,2026,2021,5,-50.0,-0.5,-50%,,not_checkable,,,wilmington-compstat-v2,validated
weekly-2026-09-06-r1,weekly_compstat,2026-08-31,2026-09-06,1,dbbe45b033ef4cf2fb49ddad08594d713238006b06de55043335d71a6b5a0f9c,23,district,district_18,District 18,murder,Murder,year_to_date,percent_change,percent,2026,2020,6,0.0,0.0,0%,,not_checkable,,,wilmington-compstat-v2,validated
weekly-2026-09-06-r1,weekly_compstat,2026-08-31,2026-09-06,1,dbbe45b033ef4cf2fb49ddad08594d713238006b06de55043335d71a6b5a0f9c,23,district,district_18,District 18,rape,Rape,last_7_days,count,count,2026,,,0,,0,,not_applicable,,,wilmington-compstat-v2,validated
weekly-2026-09-06-r1,weekly_compstat,2026-08-31,2026-09-06,1,dbbe45b033ef4cf2fb49ddad08594d713238006b06de55043335d71a6b5a0f9c,23,district,district_18,District 18,rape,Rape,last_7_days,count,count,2025,,,0,,0,,not_applicable,,,wilmington-compstat-v2,validated
weekly-2026-09-06-r1,weekly_compstat,2026-08-31,2026-09-06,1,dbbe45b033ef4cf2fb49ddad08594d713238006b06de55043335d71a6b5a0f9c,23,district,district_18,District 18,rape,Rape,last_7_days,percent_change,percent,2026,2025,1,,,*,,undefined_zero_denominator,,undefined_zero_denominator,wilmington-compstat-v2,validated
weekly-2026-09-06-r1,weekly_compstat,2026-08-31,2026-09-06,1,dbbe45b033ef4cf2fb49ddad08594d713238006b06de55043335d71a6b5a0f9c,23,district,district_18,District 18,rape,Rape,last_28_days,count,count,2026,,,0,,0,,not_applicable,,,wilmington-compstat-v2,validated
weekly-2026-09-06-r1,weekly_compstat,2026-08-31,2026-09-06,1,dbbe45b033ef4cf2fb49ddad08594d713238006b06de55043335d71a6b5a0f9c,23,district,district_18,District 18,rape,Rape,last_28_days,count,count,2025,,,0,,0,,not_applicable,,,wilmington-compstat-v2,validated
weekly-2026-09-06-r1,weekly_compstat,2026-08-31,2026-09-06,1,dbbe45b033ef4cf2fb49ddad08594d713238006b06de55043335d71a6b5a0f9c,23,district,district_18,District 18,rape,Rape,last_28_days,percent_change,percent,2026,2025,1,,,*,,undefined_zero_denominator,,undefined_zero_denominator,wilmington-compstat-v2,validated
weekly-2026-09-06-r1,weekly_compstat,2026-08-31,2026-09-06,1,dbbe45b033ef4cf2fb49ddad08594d713238006b06de55043335d71a6b5a0f9c,23,district,district_18,District 18,rape,Rape,year_to_date,count,count,2026,,,2,,2,,not_applicable,,,wilmington-compstat-v2,validated
weekly-2026-09-06-r1,weekly_compstat,2026-08-31,2026-09-06,1,dbbe45b033ef4cf2fb49ddad08594d713238006b06de55043335d71a6b5a0f9c,23,district,district_18,District 18,rape,Rape,year_to_date,count,count,2025,,,0,,0,,not_applicable,,,wilmington-compstat-v2,validated
weekly-2026-09-06-r1,weekly_compstat,2026-08-31,2026-09-06,1,dbbe45b033ef4cf2fb49ddad08594d713238006b06de55043335d71a6b5a0f9c,23,district,district_18,District 18,rape,Rape,year_to_date,percent_change,percent,2026,2025,1,,,*,,undefined_zero_denominator,,undefined_zero_denominator,wilmington-compstat-v2,validated
weekly-2026-09-06-r1,weekly_compstat,2026-08-31,2026-09-06,1,dbbe45b033ef4cf2fb49ddad08594d713238006b06de55043335d71a6b5a0f9c,23,district,district_18,District 18,rape,Rape,year_to_date,percent_change,percent,2026,2024,2,,,*,,not_checkable,,undefined_zero_denominator,wilmington-compstat-v2,validated
weekly-2026-09-06-r1,weekly_compstat,2026-08-31,2026-09-06,1,dbbe45b033ef4cf2fb49ddad08594d713238006b06de55043335d71a6b5a0f9c,23,district,district_18,District 18,rape,Rape,year_to_date,percent_change,percent,2026,2023,3,0.0,0.0,0%,,not_checkable,,,wilmington-compstat-v2,validated
weekly-2026-09-06-r1,weekly_compstat,2026-08-31,2026-09-06,1,dbbe45b033ef4cf2fb49ddad08594d713238006b06de55043335d71a6b5a0f9c,23,district,district_18,District 18,rape,Rape,year_to_date,percent_change,percent,2026,2022,4,100.0,1.0,100%,,not_checkable,,,wilmington-compstat-v2,validated
weekly-2026-09-06-r1,weekly_compstat,2026-08-31,2026-09-06,1,dbbe45b033ef4cf2fb49ddad08594d713238006b06de55043335d71a6b5a0f9c,23,district,district_18,District 18,rape,Rape,year_to_date,percent_change,percent,2026,2021,5,,,*,,not_checkable,,undefined_zero_denominator,wilmington-compstat-v2,validated
weekly-2026-09-06-r1,weekly_compstat,2026-08-31,2026-09-06,1,dbbe45b033ef4cf2fb49ddad08594d713238006b06de55043335d71a6b5a0f9c,23,district,district_18,District 18,rape,Rape,year_to_date,percent_change,percent,2026,2020,6,,,*,,not_checkable,,undefined_zero_denominator,wilmington-compstat-v2,validated
weekly-2026-09-06-r1,weekly_compstat,2026-08-31,2026-09-06,1,dbbe45b033ef4cf2fb49ddad08594d713238006b06de55043335d71a6b5a0f9c,23,district,district_18,District 18,robbery,Robbery,last_7_days,count,count,2026,,,0,,0,,not_applicable,,,wilmington-compstat-v2,validated
weekly-2026-09-06-r1,weekly_compstat,2026-08-31,2026-09-06,1,dbbe45b033ef4cf2fb49ddad08594d713238006b06de55043335d71a6b5a0f9c,23,district,district_18,District 18,robbery,Robbery,last_7_days,count,count,2025,,,0,,0,,not_applicable,,,wilmington-compstat-v2,validated
weekly-2026-09-06-r1,weekly_compstat,2026-08-31,2026-09-06,1,dbbe45b033ef4cf2fb49ddad08594d713238006b06de55043335d71a6b5a0f9c,23,district,district_18,District 18,robbery,Robbery,last_7_days,percent_change,percent,2026,2025,1,,,*,,undefined_zero_denominator,,undefined_zero_denominator,wilmington-compstat-v2,validated
weekly-2026-09-06-r1,weekly_compstat,2026-08-31,2026-09-06,1,dbbe45b033ef4cf2fb49ddad08594d713238006b06de55043335d71a6b5a0f9c,23,district,district_18,District 18,robbery,Robbery,last_28_days,count,count,2026,,,1,,1,,not_applicable,,,wilmington-compstat-v2,validated
weekly-2026-09-06-r1,weekly_compstat,2026-08-31,2026-09-06,1,dbbe45b033ef4cf2fb49ddad08594d713238006b06de55043335d71a6b5a0f9c,23,district,district_18,District 18,robbery,Robbery,last_28_days,count,count,2025,,,0,,0,,not_applicable,,,wilmington-compstat-v2,validated
weekly-2026-09-06-r1,weekly_compstat,2026-08-31,2026-09-06,1,dbbe45b033ef4cf2fb49ddad08594d713238006b06de55043335d71a6b5a0f9c,23,district,district_18,District 18,robbery,Robbery,last_28_days,percent_change,percent,2026,2025,1,,,*,,undefined_zero_denominator,,undefined_zero_denominator,wilmington-compstat-v2,validated
weekly-2026-09-06-r1,weekly_compstat,2026-08-31,2026-09-06,1,dbbe45b033ef4cf2fb49ddad08594d713238006b06de55043335d71a6b5a0f9c,23,district,district_18,District 18,robbery,Robbery,year_to_date,count,count,2026,,,18,,18,,not_applicable,,,wilmington-compstat-v2,validated
weekly-2026-09-06-r1,weekly_compstat,2026-08-31,2026-09-06,1,dbbe45b033ef4cf2fb49ddad08594d713238006b06de55043335d71a6b5a0f9c,23,district,district_18,District 18,robbery,Robbery,year_to_date,count,count,2025,,,9,,9,,not_applicable,,,wilmington-compstat-v2,validated
weekly-2026-09-06-r1,weekly_compstat,2026-08-31,2026-09-06,1,dbbe45b033ef4cf2fb49ddad08594d713238006b06de55043335d71a6b5a0f9c,23,district,district_18,District 18,robbery,Robbery,year_to_date,percent_change,percent,2026,2025,1,100.0,1.0,100%,100.0,matched,,,wilmington-compstat-v2,validated
weekly-2026-09-06-r1,weekly_compstat,2026-08-31,2026-09-06,1,dbbe45b033ef4cf2fb49ddad08594d713238006b06de55043335d71a6b5a0f9c,23,district,district_18,District 18,robbery,Robbery,year_to_date,percent_change,percent,2026,2024,2,29.0,0.29,29%,,not_checkable,,,wilmington-compstat-v2,validated
weekly-2026-09-06-r1,weekly_compstat,2026-08-31,2026-09-06,1,dbbe45b033ef4cf2fb49ddad08594d713238006b06de55043335d71a6b5a0f9c,23,district,district_18,District 18,robbery,Robbery,year_to_date,percent_change,percent,2026,2023,3,-28.0,-0.28,-28%,,not_checkable,,,wilmington-compstat-v2,validated
weekly-2026-09-06-r1,weekly_compstat,2026-08-31,2026-09-06,1,dbbe45b033ef4cf2fb49ddad08594d713238006b06de55043335d71a6b5a0f9c,23,district,district_18,District 18,robbery,Robbery,year_to_date,percent_change,percent,2026,2022,4,-22.0,-0.22,-22%,,not_checkable,,,wilmington-compstat-v2,validated
weekly-2026-09-06-r1,weekly_compstat,2026-08-31,2026-09-06,1,dbbe45b033ef4cf2fb49ddad08594d713238006b06de55043335d71a6b5a0f9c,23,district,district_18,District 18,robbery,Robbery,year_to_date,percent_change,percent,2026,2021,5,13.0,0.13,13%,,not_checkable,,,wilmington-compstat-v2,validated
weekly-2026-09-06-r1,weekly_compstat,2026-08-31,2026-09-06,1,dbbe45b033ef4cf2fb49ddad08594d713238006b06de55043335d71a6b5a0f9c,23,district,district_18,District 18,robbery,Robbery,year_to_date,percent_change,percent,2026,2020,6,-31.0,-0.31,-31%,,not_checkable,,,wilmington-compstat-v2,validated
weekly-2026-09-06-r1,weekly_compstat,2026-08-31,2026-09-06,1,dbbe45b033ef4cf2fb49ddad08594d713238006b06de55043335d71a6b5a0f9c,23,district,district_18,District 18,aggravated_assault,Agg. Assault,last_7_days,count,count,2026,,,0,,0,,not_applicable,,,wilmington-compstat-v2,validated
weekly-2026-09-06-r1,weekly_compstat,2026-08-31,2026-09-06,1,dbbe45b033ef4cf2fb49ddad08594d713238006b06de55043335d71a6b5a0f9c,23,district,district_18,District 18,aggravated_assault,Agg. Assault,last_7_days,count,count,2025,,,0,,0,,not_applicable,,,wilmington-compstat-v2,validated
weekly-2026-09-06-r1,weekly_compstat,2026-08-31,2026-09-06,1,dbbe45b033ef4cf2fb49ddad08594d713238006b06de55043335d71a6b5a0f9c,23,district,district_18,District 18,aggravated_assault,Agg. Assault,last_7_days,percent_change,percent,2026,2025,1,,,*,,undefined_zero_denominator,,undefined_zero_denominator,wilmington-compstat-v2,validated
weekly-2026-09-06-r1,weekly_compstat,2026-08-31,2026-09-06,1,dbbe45b033ef4cf2fb49ddad08594d713238006b06de55043335d71a6b5a0f9c,23,district,district_18,District 18,aggravated_assault,Agg. Assault,last_28_days,count,count,2026,,,2,,2,,not_applicable,,,wilmington-compstat-v2,validated
weekly-2026-09-06-r1,weekly_compstat,2026-08-31,2026-09-06,1,dbbe45b033ef4cf2fb49ddad08594d713238006b06de55043335d71a6b5a0f9c,23,district,district_18,District 18,aggravated_assault,Agg. Assault,last_28_days,count,count,2025,,,6,,6,,not_applicable,,,wilmington-compstat-v2,validated
weekly-2026-09-06-r1,weekly_compstat,2026-08-31,2026-09-06,1,dbbe45b033ef4cf2fb49ddad08594d713238006b06de55043335d71a6b5a0f9c,23,district,district_18,District 18,aggravated_assault,Agg. Assault,last_28_days,percent_change,percent,2026,2025,1,-67.0,-0.67,-67%,-66.666667,matched,,,wilmington-compstat-v2,validated
weekly-2026-09-06-r1,weekly_compstat,2026-08-31,2026-09-06,1,dbbe45b033ef4cf2fb49ddad08594d713238006b06de55043335d71a6b5a0f9c,23,district,district_18,District 18,aggravated_assault,Agg. Assault,year_to_date,count,count,2026,,,31,,31,,not_applicable,,,wilmington-compstat-v2,validated
weekly-2026-09-06-r1,weekly_compstat,2026-08-31,2026-09-06,1,dbbe45b033ef4cf2fb49ddad08594d713238006b06de55043335d71a6b5a0f9c,23,district,district_18,District 18,aggravated_assault,Agg. Assault,year_to_date,count,count,2025,,,38,,38,,not_applicable,,,wilmington-compstat-v2,validated
weekly-2026-09-06-r1,weekly_compstat,2026-08-31,2026-09-06,1,dbbe45b033ef4cf2fb49ddad08594d713238006b06de55043335d71a6b5a0f9c,23,district,district_18,District 18,aggravated_assault,Agg. Assault,year_to_date,percent_change,percent,2026,2025,1,-18.0,-0.18,-18%,-18.421053,matched,,,wilmington-compstat-v2,validated
weekly-2026-09-06-r1,weekly_compstat,2026-08-31,2026-09-06,1,dbbe45b033ef4cf2fb49ddad08594d713238006b06de55043335d71a6b5a0f9c,23,district,district_18,District 18,aggravated_assault,Agg. Assault,year_to_date,percent_change,percent,2026,2024,2,-3.0,-0.03,-3%,,not_checkable,,,wilmington-compstat-v2,validated
weekly-2026-09-06-r1,weekly_compstat,2026-08-31,2026-09-06,1,dbbe45b033ef4cf2fb49ddad08594d713238006b06de55043335d71a6b5a0f9c,23,district,district_18,District 18,aggravated_assault,Agg. Assault,year_to_date,percent_change,percent,2026,2023,3,-14.0,-0.14,-14%,,not_checkable,,,wilmington-compstat-v2,validated
weekly-2026-09-06-r1,weekly_compstat,2026-08-31,2026-09-06,1,dbbe45b033ef4cf2fb49ddad08594d713238006b06de55043335d71a6b5a0f9c,23,district,district_18,District 18,aggravated_assault,Agg. Assault,year_to_date,percent_change,percent,2026,2022,4,72.0,0.72,72%,,not_checkable,,,wilmington-compstat-v2,validated
weekly-2026-09-06-r1,weekly_compstat,2026-08-31,2026-09-06,1,dbbe45b033ef4cf2fb49ddad08594d713238006b06de55043335d71a6b5a0f9c,23,district,district_18,District 18,aggravated_assault,Agg. Assault,year_to_date,percent_change,percent,2026,2021,5,19.0,0.19,19%,,not_checkable,,,wilmington-compstat-v2,validated
weekly-2026-09-06-r1,weekly_compstat,2026-08-31,2026-09-06,1,dbbe45b033ef4cf2fb49ddad08594d713238006b06de55043335d71a6b5a0f9c,23,district,district_18,District 18,aggravated_assault,Agg. Assault,year_to_date,percent_change,percent,2026,2020,6,29.0,0.29,29%,,not_checkable,,,wilmington-compstat-v2,validated
weekly-2026-09-06-r1,weekly_compstat,2026-08-31,2026-09-06,1,dbbe45b033ef4cf2fb49ddad08594d713238006b06de55043335d71a6b5a0f9c,23,district,district_18,District 18,burglary,Burglary,last_7_days,count,count,2026,,,0,,0,,not_applicable,,,wilmington-compstat-v2,validated
weekly-2026-09-06-r1,weekly_compstat,2026-08-31,2026-09-06,1,dbbe45b033ef4cf2fb49ddad08594d713238006b06de55043335d71a6b5a0f9c,23,district,district_18,District 18,burglary,Burglary,last_7_days,count,count,2025,,,2,,2,,not_applicable,,,wilmington-compstat-v2,validated
weekly-2026-09-06-r1,weekly_compstat,2026-08-31,2026-09-06,1,dbbe45b033ef4cf2fb49ddad08594d713238006b06de55043335d71a6b5a0f9c,23,district,district_18,District 18,burglary,Burglary,last_7_days,percent_change,percent,2026,2025,1,-100.0,-1.0,-100%,-100.0,matched,,,wilmington-compstat-v2,validated
weekly-2026-09-06-r1,weekly_compstat,2026-08-31,2026-09-06,1,dbbe45b033ef4cf2fb49ddad08594d713238006b06de55043335d71a6b5a0f9c,23,district,district_18,District 18,burglary,Burglary,last_28_days,count,count,2026,,,2,,2,,not_applicable,,,wilmington-compstat-v2,validated
weekly-2026-09-06-r1,weekly_compstat,2026-08-31,2026-09-06,1,dbbe45b033ef4cf2fb49ddad08594d713238006b06de55043335d71a6b5a0f9c,23,district,district_18,District 18,burglary,Burglary,last_28_days,count,count,2025,,,3,,3,,not_applicable,,,wilmington-compstat-v2,validated
weekly-2026-09-06-r1,weekly_compstat,2026-08-31,2026-09-06,1,dbbe45b033ef4cf2fb49ddad08594d713238006b06de55043335d71a6b5a0f9c,23,district,district_18,District 18,burglary,Burglary,last_28_days,percent_change,percent,2026,2025,1,-33.0,-0.33,-33%,-33.333333,matched,,,wilmington-compstat-v2,validated
weekly-2026-09-06-r1,weekly_compstat,2026-08-31,2026-09-06,1,dbbe45b033ef4cf2fb49ddad08594d713238006b06de55043335d71a6b5a0f9c,23,district,district_18,District 18,burglary,Burglary,year_to_date,count,count,2026,,,38,,38,,not_applicable,,,wilmington-compstat-v2,validated
weekly-2026-09-06-r1,weekly_compstat,2026-08-31,2026-09-06,1,dbbe45b033ef4cf2fb49ddad08594d713238006b06de55043335d71a6b5a0f9c,23,district,district_18,District 18,burglary,Burglary,year_to_date,count,count,2025,,,36,,36,,not_applicable,,,wilmington-compstat-v2,validated
weekly-2026-09-06-r1,weekly_compstat,2026-08-31,2026-09-06,1,dbbe45b033ef4cf2fb49ddad08594d713238006b06de55043335d71a6b5a0f9c,23,district,district_18,District 18,burglary,Burglary,year_to_date,percent_change,percent,2026,2025,1,6.0,0.06,6%,5.555556,matched,,,wilmington-compstat-v2,validated
weekly-2026-09-06-r1,weekly_compstat,2026-08-31,2026-09-06,1,dbbe45b033ef4cf2fb49ddad08594d713238006b06de55043335d71a6b5a0f9c,23,district,district_18,District 18,burglary,Burglary,year_to_date,percent_change,percent,2026,2024,2,52.0,0.52,52%,,not_checkable,,,wilmington-compstat-v2,validated
weekly-2026-09-06-r1,weekly_compstat,2026-08-31,2026-09-06,1,dbbe45b033ef4cf2fb49ddad08594d713238006b06de55043335d71a6b5a0f9c,23,district,district_18,District 18,burglary,Burglary,year_to_date,percent_change,percent,2026,2023,3,6.0,0.06,6%,,not_checkable,,,wilmington-compstat-v2,validated
weekly-2026-09-06-r1,weekly_compstat,2026-08-31,2026-09-06,1,dbbe45b033ef4cf2fb49ddad08594d713238006b06de55043335d71a6b5a0f9c,23,district,district_18,District 18,burglary,Burglary,year_to_date,percent_change,percent,2026,2022,4,-10.0,-0.1,-10%,,not_checkable,,,wilmington-compstat-v2,validated
weekly-2026-09-06-r1,weekly_compstat,2026-08-31,2026-09-06,1,dbbe45b033ef4cf2fb49ddad08594d713238006b06de55043335d71a6b5a0f9c,23,district,district_18,District 18,burglary,Burglary,year_to_date,percent_change,percent,2026,2021,5,-30.0,-0.3,-30%,,not_checkable,,,wilmington-compstat-v2,validated
weekly-2026-09-06-r1,weekly_compstat,2026-08-31,2026-09-06,1,dbbe45b033ef4cf2fb49ddad08594d713238006b06de55043335d71a6b5a0f9c,23,district,district_18,District 18,burglary,Burglary,year_to_date,percent_change,percent,2026,2020,6,-21.0,-0.21,-21%,,not_checkable,,,wilmington-compstat-v2,validated
weekly-2026-09-06-r1,weekly_compstat,2026-08-31,2026-09-06,1,dbbe45b033ef4cf2fb49ddad08594d713238006b06de55043335d71a6b5a0f9c,23,district,district_18,District 18,felony_theft,Felony Theft,last_7_days,count,count,2026,,,0,,0,,not_applicable,,,wilmington-compstat-v2,validated
weekly-2026-09-06-r1,weekly_compstat,2026-08-31,2026-09-06,1,dbbe45b033ef4cf2fb49ddad08594d713238006b06de55043335d71a6b5a0f9c,23,district,district_18,District 18,felony_theft,Felony Theft,last_7_days,count,count,2025,,,1,,1,,not_applicable,,,wilmington-compstat-v2,validated
weekly-2026-09-06-r1,weekly_compstat,2026-08-31,2026-09-06,1,dbbe45b033ef4cf2fb49ddad08594d713238006b06de55043335d71a6b5a0f9c,23,district,district_18,District 18,felony_theft,Felony Theft,last_7_days,percent_change,percent,2026,2025,1,-100.0,-1.0,-100%,-100.0,matched,,,wilmington-compstat-v2,validated
weekly-2026-09-06-r1,weekly_compstat,2026-08-31,2026-09-06,1,dbbe45b033ef4cf2fb49ddad08594d713238006b06de55043335d71a6b5a0f9c,23,district,district_18,District 18,felony_theft,Felony Theft,last_28_days,count,count,2026,,,2,,2,,not_applicable,,,wilmington-compstat-v2,validated
weekly-2026-09-06-r1,weekly_compstat,2026-08-31,2026-09-06,1,dbbe45b033ef4cf2fb49ddad08594d713238006b06de55043335d71a6b5a0f9c,23,district,district_18,District 18,felony_theft,Felony Theft,last_28_days,count,count,2025,,,4,,4,,not_applicable,,,wilmington-compstat-v2,validated
weekly-2026-09-06-r1,weekly_compstat,2026-08-31,2026-09-06,1,dbbe45b033ef4cf2fb49ddad08594d713238006b06de55043335d71a6b5a0f9c,23,district,district_18,District 18,felony_theft,Felony Theft,last_28_days,percent_change,percent,2026,2025,1,-50.0,-0.5,-50%,-50.0,matched,,,wilmington-compstat-v2,validated
weekly-2026-09-06-r1,weekly_compstat,2026-08-31,2026-09-06,1,dbbe45b033ef4cf2fb49ddad08594d713238006b06de55043335d71a6b5a0f9c,23,district,district_18,District 18,felony_theft,Felony Theft,year_to_date,count,count,2026,,,22,,22,,not_applicable,,,wilmington-compstat-v2,validated
weekly-2026-09-06-r1,weekly_compstat,2026-08-31,2026-09-06,1,dbbe45b033ef4cf2fb49ddad08594d713238006b06de55043335d71a6b5a0f9c,23,district,district_18,District 18,felony_theft,Felony Theft,year_to_date,count,count,2025,,,19,,19,,not_applicable,,,wilmington-compstat-v2,validated
weekly-2026-09-06-r1,weekly_compstat,2026-08-31,2026-09-06,1,dbbe45b033ef4cf2fb49ddad08594d713238006b06de55043335d71a6b5a0f9c,23,district,district_18,District 18,felony_theft,Felony Theft,year_to_date,percent_change,percent,2026,2025,1,16.0,0.16,16%,15.789474,matched,,,wilmington-compstat-v2,validated
weekly-2026-09-06-r1,weekly_compstat,2026-08-31,2026-09-06,1,dbbe45b033ef4cf2fb49ddad08594d713238006b06de55043335d71a6b5a0f9c,23,district,district_18,District 18,felony_theft,Felony Theft,year_to_date,percent_change,percent,2026,2024,2,-8.0,-0.08,-8%,,not_checkable,,,wilmington-compstat-v2,validated
weekly-2026-09-06-r1,weekly_compstat,2026-08-31,2026-09-06,1,dbbe45b033ef4cf2fb49ddad08594d713238006b06de55043335d71a6b5a0f9c,23,district,district_18,District 18,felony_theft,Felony Theft,year_to_date,percent_change,percent,2026,2023,3,-29.0,-0.29,-29%,,not_checkable,,,wilmington-compstat-v2,validated
weekly-2026-09-06-r1,weekly_compstat,2026-08-31,2026-09-06,1,dbbe45b033ef4cf2fb49ddad08594d713238006b06de55043335d71a6b5a0f9c,23,district,district_18,District 18,felony_theft,Felony Theft,year_to_date,percent_change,percent,2026,2022,4,-39.0,-0.39,-39%,,not_checkable,,,wilmington-compstat-v2,validated
weekly-2026-09-06-r1,weekly_compstat,2026-08-31,2026-09-06,1,dbbe45b033ef4cf2fb49ddad08594d713238006b06de55043335d71a6b5a0f9c,23,district,district_18,District 18,felony_theft,Felony Theft,year_to_date,percent_change,percent,2026,2021,5,-53.0,-0.53,-53%,,not_checkable,,,wilmington-compstat-v2,validated
weekly-2026-09-06-r1,weekly_compstat,2026-08-31,2026-09-06,1,dbbe45b033ef4cf2fb49ddad08594d713238006b06de55043335d71a6b5a0f9c,23,district,district_18,District 18,felony_theft,Felony Theft,year_to_date,percent_change,percent,2026,2020,6,100.0,1.0,100%,,not_checkable,,,wilmington-compstat-v2,validated
weekly-2026-09-06-r1,weekly_compstat,2026-08-31,2026-09-06,1,dbbe45b033ef4cf2fb49ddad08594d713238006b06de55043335d71a6b5a0f9c,23,district,district_18,District 18,auto_theft,Auto Theft,last_7_days,count,count,2026,,,0,,0,,not_applicable,,,wilmington-compstat-v2,validated
weekly-2026-09-06-r1,weekly_compstat,2026-08-31,2026-09-06,1,dbbe45b033ef4cf2fb49ddad08594d713238006b06de55043335d71a6b5a0f9c,23,district,district_18,District 18,auto_theft,Auto Theft,last_7_days,count,count,2025,,,2,,2,,not_applicable,,,wilmington-compstat-v2,validated
weekly-2026-09-06-r1,weekly_compstat,2026-08-31,2026-09-06,1,dbbe45b033ef4cf2fb49ddad08594d713238006b06de55043335d71a6b5a0f9c,23,district,district_18,District 18,auto_theft,Auto Theft,last_7_days,percent_change,percent,2026,2025,1,-100.0,-1.0,-100%,-100.0,matched,,,wilmington-compstat-v2,validated
weekly-2026-09-06-r1,weekly_compstat,2026-08-31,2026-09-06,1,dbbe45b033ef4cf2fb49ddad08594d713238006b06de55043335d71a6b5a0f9c,23,district,district_18,District 18,auto_theft,Auto Theft,last_28_days,count,count,2026,,,1,,1,,not_applicable,,,wilmington-compstat-v2,validated
weekly-2026-09-06-r1,weekly_compstat,2026-08-31,2026-09-06,1,dbbe45b033ef4cf2fb49ddad08594d713238006b06de55043335d71a6b5a0f9c,23,district,district_18,District 18,auto_theft,Auto Theft,last_28_days,count,count,2025,,,4,,4,,not_applicable,,,wilmington-compstat-v2,validated
weekly-2026-09-06-r1,weekly_compstat,2026-08-31,2026-09-06,1,dbbe45b033ef4cf2fb49ddad08594d713238006b06de55043335d71a6b5a0f9c,23,district,district_18,District 18,auto_theft,Auto Theft,last_28_days,percent_change,percent,2026,2025,1,-75.0,-0.75,-75%,-75.0,matched,,,wilmington-compstat-v2,validated
weekly-2026-09-06-r1,weekly_compstat,2026-08-31,2026-09-06,1,dbbe45b033ef4cf2fb49ddad08594d713238006b06de55043335d71a6b5a0f9c,23,district,district_18,District 18,auto_theft,Auto Theft,year_to_date,count,count,2026,,,19,,19,,not_applicable,,,wilmington-compstat-v2,validated
weekly-2026-09-06-r1,weekly_compstat,2026-08-31,2026-09-06,1,dbbe45b033ef4cf2fb49ddad08594d713238006b06de55043335d71a6b5a0f9c,23,district,district_18,District 18,auto_theft,Auto Theft,year_to_date,count,count,2025,,,43,,43,,not_applicable,,,wilmington-compstat-v2,validated
weekly-2026-09-06-r1,weekly_compstat,2026-08-31,2026-09-06,1,dbbe45b033ef4cf2fb49ddad08594d713238006b06de55043335d71a6b5a0f9c,23,district,district_18,District 18,auto_theft,Auto Theft,year_to_date,percent_change,percent,2026,2025,1,-56.0,-0.56,-56%,-55.813953,matched,,,wilmington-compstat-v2,validated
weekly-2026-09-06-r1,weekly_compstat,2026-08-31,2026-09-06,1,dbbe45b033ef4cf2fb49ddad08594d713238006b06de55043335d71a6b5a0f9c,23,district,district_18,District 18,auto_theft,Auto Theft,year_to_date,percent_change,percent,2026,2024,2,-66.0,-0.66,-66%,,not_checkable,,,wilmington-compstat-v2,validated
weekly-2026-09-06-r1,weekly_compstat,2026-08-31,2026-09-06,1,dbbe45b033ef4cf2fb49ddad08594d713238006b06de55043335d71a6b5a0f9c,23,district,district_18,District 18,auto_theft,Auto Theft,year_to_date,percent_change,percent,2026,2023,3,-72.0,-0.72,-72%,,not_checkable,,,wilmington-compstat-v2,validated
weekly-2026-09-06-r1,weekly_compstat,2026-08-31,2026-09-06,1,dbbe45b033ef4cf2fb49ddad08594d713238006b06de55043335d71a6b5a0f9c,23,district,district_18,District 18,auto_theft,Auto Theft,year_to_date,percent_change,percent,2026,2022,4,-60.0,-0.6,-60%,,not_checkable,,,wilmington-compstat-v2,validated
weekly-2026-09-06-r1,weekly_compstat,2026-08-31,2026-09-06,1,dbbe45b033ef4cf2fb49ddad08594d713238006b06de55043335d71a6b5a0f9c,23,district,district_18,District 18,auto_theft,Auto Theft,year_to_date,percent_change,percent,2026,2021,5,-58.0,-0.58,-58%,,not_checkable,,,wilmington-compstat-v2,validated
weekly-2026-09-06-r1,weekly_compstat,2026-08-31,2026-09-06,1,dbbe45b033ef4cf2fb49ddad08594d713238006b06de55043335d71a6b5a0f9c,23,district,district_18,District 18,auto_theft,Auto Theft,year_to_date,percent_change,percent,2026,2020,6,-27.0,-0.27,-27%,,not_checkable,,,wilmington-compstat-v2,validated
weekly-2026-09-06-r1,weekly_compstat,2026-08-31,2026-09-06,1,dbbe45b033ef4cf2fb49ddad08594d713238006b06de55043335d71a6b5a0f9c,23,district,district_18,District 18,major_crime_total,TOTAL,last_7_days,count,count,2026,,,0,,0,,not_applicable,,,wilmington-compstat-v2,validated
weekly-2026-09-06-r1,weekly_compstat,2026-08-31,2026-09-06,1,dbbe45b033ef4cf2fb49ddad08594d713238006b06de55043335d71a6b5a0f9c,23,district,district_18,District 18,major_crime_total,TOTAL,last_7_days,count,count,2025,,,5,,5,,not_applicable,,,wilmington-compstat-v2,validated
weekly-2026-09-06-r1,weekly_compstat,2026-08-31,2026-09-06,1,dbbe45b033ef4cf2fb49ddad08594d713238006b06de55043335d71a6b5a0f9c,23,district,district_18,District 18,major_crime_total,TOTAL,last_7_days,percent_change,percent,2026,2025,1,-100.0,-1.0,-100%,-100.0,matched,,,wilmington-compstat-v2,validated
weekly-2026-09-06-r1,weekly_compstat,2026-08-31,2026-09-06,1,dbbe45b033ef4cf2fb49ddad08594d713238006b06de55043335d71a6b5a0f9c,23,district,district_18,District 18,major_crime_total,TOTAL,last_28_days,count,count,2026,,,8,,8,,not_applicable,,,wilmington-compstat-v2,validated
weekly-2026-09-06-r1,weekly_compstat,2026-08-31,2026-09-06,1,dbbe45b033ef4cf2fb49ddad08594d713238006b06de55043335d71a6b5a0f9c,23,district,district_18,District 18,major_crime_total,TOTAL,last_28_days,count,count,2025,,,17,,17,,not_applicable,,,wilmington-compstat-v2,validated
weekly-2026-09-06-r1,weekly_compstat,2026-08-31,2026-09-06,1,dbbe45b033ef4cf2fb49ddad08594d713238006b06de55043335d71a6b5a0f9c,23,district,district_18,District 18,major_crime_total,TOTAL,last_28_days,percent_change,percent,2026,2025,1,-53.0,-0.53,-53%,-52.941176,matched,,,wilmington-compstat-v2,validated
weekly-2026-09-06-r1,weekly_compstat,2026-08-31,2026-09-06,1,dbbe45b033ef4cf2fb49ddad08594d713238006b06de55043335d71a6b5a0f9c,23,district,district_18,District 18,major_crime_total,TOTAL,year_to_date,count,count,2026,,,131,,131,,not_applicable,,,wilmington-compstat-v2,validated
weekly-2026-09-06-r1,weekly_compstat,2026-08-31,2026-09-06,1,dbbe45b033ef4cf2fb49ddad08594d713238006b06de55043335d71a6b5a0f9c,23,district,district_18,District 18,major_crime_total,TOTAL,year_to_date,count,count,2025,,,147,,147,,not_applicable,,,wilmington-compstat-v2,validated
weekly-2026-09-06-r1,weekly_compstat,2026-08-31,2026-09-06,1,dbbe45b033ef4cf2fb49ddad08594d713238006b06de55043335d71a6b5a0f9c,23,district,district_18,District 18,major_crime_total,TOTAL,year_to_date,percent_change,percent,2026,2025,1,-11.0,-0.11,-11%,-10.884354,matched,,,wilmington-compstat-v2,validated
weekly-2026-09-06-r1,weekly_compstat,2026-08-31,2026-09-06,1,dbbe45b033ef4cf2fb49ddad08594d713238006b06de55043335d71a6b5a0f9c,23,district,district_18,District 18,major_crime_total,TOTAL,year_to_date,percent_change,percent,2026,2024,2,-14.0,-0.14,-14%,,not_checkable,,,wilmington-compstat-v2,validated
weekly-2026-09-06-r1,weekly_compstat,2026-08-31,2026-09-06,1,dbbe45b033ef4cf2fb49ddad08594d713238006b06de55043335d71a6b5a0f9c,23,district,district_18,District 18,major_crime_total,TOTAL,year_to_date,percent_change,percent,2026,2023,3,-34.0,-0.34,-34%,,not_checkable,,,wilmington-compstat-v2,validated
weekly-2026-09-06-r1,weekly_compstat,2026-08-31,2026-09-06,1,dbbe45b033ef4cf2fb49ddad08594d713238006b06de55043335d71a6b5a0f9c,23,district,district_18,District 18,major_crime_total,TOTAL,year_to_date,percent_change,percent,2026,2022,4,-22.0,-0.22,-22%,,not_checkable,,,wilmington-compstat-v2,validated
weekly-2026-09-06-r1,weekly_compstat,2026-08-31,2026-09-06,1,dbbe45b033ef4cf2fb49ddad08594d713238006b06de55043335d71a6b5a0f9c,23,district,district_18,District 18,major_crime_total,TOTAL,year_to_date,percent_change,percent,2026,2021,5,-31.0,-0.31,-31%,,not_checkable,,,wilmington-compstat-v2,validated
weekly-2026-09-06-r1,weekly_compstat,2026-08-31,2026-09-06,1,dbbe45b033ef4cf2fb49ddad08594d713238006b06de55043335d71a6b5a0f9c,23,district,district_18,District 18,major_crime_total,TOTAL,year_to_date,percent_change,percent,2026,2020,6,-4.0,-0.04,-4%,,not_checkable,,,wilmington-compstat-v2,validated
weekly-2026-09-06-r1,weekly_compstat,2026-08-31,2026-09-06,1,dbbe45b033ef4cf2fb49ddad08594d713238006b06de55043335d71a6b5a0f9c,23,district,district_18,District 18,shooting_incidents,Shooting Incidents,last_7_days,count,count,2026,,,0,,0,,not_applicable,,,wilmington-compstat-v2,validated
weekly-2026-09-06-r1,weekly_compstat,2026-08-31,2026-09-06,1,dbbe45b033ef4cf2fb49ddad08594d713238006b06de55043335d71a6b5a0f9c,23,district,district_18,District 18,shooting_incidents,Shooting Incidents,last_7_days,count,count,2025,,,0,,0,,not_applicable,,,wilmington-compstat-v2,validated
weekly-2026-09-06-r1,weekly_compstat,2026-08-31,2026-09-06,1,dbbe45b033ef4cf2fb49ddad08594d713238006b06de55043335d71a6b5a0f9c,23,district,district_18,District 18,shooting_incidents,Shooting Incidents,last_7_days,percent_change,percent,2026,2025,1,,,*,,undefined_zero_denominator,,undefined_zero_denominator,wilmington-compstat-v2,validated
weekly-2026-09-06-r1,weekly_compstat,2026-08-31,2026-09-06,1,dbbe45b033ef4cf2fb49ddad08594d713238006b06de55043335d71a6b5a0f9c,23,district,district_18,District 18,shooting_incidents,Shooting Incidents,last_28_days,count,count,2026,,,1,,1,,not_applicable,,,wilmington-compstat-v2,validated
weekly-2026-09-06-r1,weekly_compstat,2026-08-31,2026-09-06,1,dbbe45b033ef4cf2fb49ddad08594d713238006b06de55043335d71a6b5a0f9c,23,district,district_18,District 18,shooting_incidents,Shooting Incidents,last_28_days,count,count,2025,,,0,,0,,not_applicable,,,wilmington-compstat-v2,validated
weekly-2026-09-06-r1,weekly_compstat,2026-08-31,2026-09-06,1,dbbe45b033ef4cf2fb49ddad08594d713238006b06de55043335d71a6b5a0f9c,23,district,district_18,District 18,shooting_incidents,Shooting Incidents,last_28_days,percent_change,percent,2026,2025,1,,,*,,undefined_zero_denominator,,undefined_zero_denominator,wilmington-compstat-v2,validated
weekly-2026-09-06-r1,weekly_compstat,2026-08-31,2026-09-06,1,dbbe45b033ef4cf2fb49ddad08594d713238006b06de55043335d71a6b5a0f9c,23,district,district_18,District 18,shooting_incidents,Shooting Incidents,year_to_date,count,count,2026,,,5,,5,,not_applicable,,,wilmington-compstat-v2,validated
weekly-2026-09-06-r1,weekly_compstat,2026-08-31,2026-09-06,1,dbbe45b033ef4cf2fb49ddad08594d713238006b06de55043335d71a6b5a0f9c,23,district,district_18,District 18,shooting_incidents,Shooting Incidents,year_to_date,count,count,2025,,,4,,4,,not_applicable,,,wilmington-compstat-v2,validated
weekly-2026-09-06-r1,weekly_compstat,2026-08-31,2026-09-06,1,dbbe45b033ef4cf2fb49ddad08594d713238006b06de55043335d71a6b5a0f9c,23,district,district_18,District 18,shooting_incidents,Shooting Incidents,year_to_date,percent_change,percent,2026,2025,1,25.0,0.25,25%,25.0,matched,,,wilmington-compstat-v2,validated
weekly-2026-09-06-r1,weekly_compstat,2026-08-31,2026-09-06,1,dbbe45b033ef4cf2fb49ddad08594d713238006b06de55043335d71a6b5a0f9c,23,district,district_18,District 18,shooting_incidents,Shooting Incidents,year_to_date,percent_change,percent,2026,2024,2,67.0,0.67,67%,,not_checkable,,,wilmington-compstat-v2,validated
weekly-2026-09-06-r1,weekly_compstat,2026-08-31,2026-09-06,1,dbbe45b033ef4cf2fb49ddad08594d713238006b06de55043335d71a6b5a0f9c,23,district,district_18,District 18,shooting_incidents,Shooting Incidents,year_to_date,percent_change,percent,2026,2023,3,0.0,0.0,0%,,not_checkable,,,wilmington-compstat-v2,validated
weekly-2026-09-06-r1,weekly_compstat,2026-08-31,2026-09-06,1,dbbe45b033ef4cf2fb49ddad08594d713238006b06de55043335d71a6b5a0f9c,23,district,district_18,District 18,shooting_incidents,Shooting Incidents,year_to_date,percent_change,percent,2026,2022,4,400.0,4.0,400%,,not_checkable,,,wilmington-compstat-v2,validated
weekly-2026-09-06-r1,weekly_compstat,2026-08-31,2026-09-06,1,dbbe45b033ef4cf2fb49ddad08594d713238006b06de55043335d71a6b5a0f9c,23,district,district_18,District 18,shooting_incidents,Shooting Incidents,year_to_date,percent_change,percent,2026,2021,5,25.0,0.25,25%,,not_checkable,,,wilmington-compstat-v2,validated
weekly-2026-09-06-r1,weekly_compstat,2026-08-31,2026-09-06,1,dbbe45b033ef4cf2fb49ddad08594d713238006b06de55043335d71a6b5a0f9c,23,district,district_18,District 18,shooting_incidents,Shooting Incidents,year_to_date,percent_change,percent,2026,2020,6,-38.0,-0.38,-38%,,not_checkable,,,wilmington-compstat-v2,validated
weekly-2026-09-06-r1,weekly_compstat,2026-08-31,2026-09-06,1,dbbe45b033ef4cf2fb49ddad08594d713238006b06de55043335d71a6b5a0f9c,23,district,district_18,District 18,shooting_victims,Shooting Victims,last_7_days,count,count,2026,,,0,,0,,not_applicable,,,wilmington-compstat-v2,validated
weekly-2026-09-06-r1,weekly_compstat,2026-08-31,2026-09-06,1,dbbe45b033ef4cf2fb49ddad08594d713238006b06de55043335d71a6b5a0f9c,23,district,district_18,District 18,shooting_victims,Shooting Victims,last_7_days,count,count,2025,,,0,,0,,not_applicable,,,wilmington-compstat-v2,validated
weekly-2026-09-06-r1,weekly_compstat,2026-08-31,2026-09-06,1,dbbe45b033ef4cf2fb49ddad08594d713238006b06de55043335d71a6b5a0f9c,23,district,district_18,District 18,shooting_victims,Shooting Victims,last_7_days,percent_change,percent,2026,2025,1,,,*,,undefined_zero_denominator,,undefined_zero_denominator,wilmington-compstat-v2,validated
weekly-2026-09-06-r1,weekly_compstat,2026-08-31,2026-09-06,1,dbbe45b033ef4cf2fb49ddad08594d713238006b06de55043335d71a6b5a0f9c,23,district,district_18,District 18,shooting_victims,Shooting Victims,last_28_days,count,count,2026,,,2,,2,,not_applicable,,,wilmington-compstat-v2,validated
weekly-2026-09-06-r1,weekly_compstat,2026-08-31,2026-09-06,1,dbbe45b033ef4cf2fb49ddad08594d713238006b06de55043335d71a6b5a0f9c,23,district,district_18,District 18,shooting_victims,Shooting Victims,last_28_days,count,count,2025,,,0,,0,,not_applicable,,,wilmington-compstat-v2,validated
weekly-2026-09-06-r1,weekly_compstat,2026-08-31,2026-09-06,1,dbbe45b033ef4cf2fb49ddad08594d713238006b06de55043335d71a6b5a0f9c,23,district,district_18,District 18,shooting_victims,Shooting Victims,last_28_days,percent_change,percent,2026,2025,1,,,*,,undefined_zero_denominator,,undefined_zero_denominator,wilmington-compstat-v2,validated
weekly-2026-09-06-r1,weekly_compstat,2026-08-31,2026-09-06,1,dbbe45b033ef4cf2fb49ddad08594d713238006b06de55043335d71a6b5a0f9c,23,district,district_18,District 18,shooting_victims,Shooting Victims,year_to_date,count,count,2026,,,7,,7,,not_applicable,,,wilmington-compstat-v2,validated
weekly-2026-09-06-r1,weekly_compstat,2026-08-31,2026-09-06,1,dbbe45b033ef4cf2fb49ddad08594d713238006b06de55043335d71a6b5a0f9c,23,district,district_18,District 18,shooting_victims,Shooting Victims,year_to_date,count,count,2025,,,7,,7,,not_applicable,,,wilmington-compstat-v2,validated
weekly-2026-09-06-r1,weekly_compstat,2026-08-31,2026-09-06,1,dbbe45b033ef4cf2fb49ddad08594d713238006b06de55043335d71a6b5a0f9c,23,district,district_18,District 18,shooting_victims,Shooting Victims,year_to_date,percent_change,percent,2026,2025,1,0.0,0.0,0%,0.0,matched,,,wilmington-compstat-v2,validated
weekly-2026-09-06-r1,weekly_compstat,2026-08-31,2026-09-06,1,dbbe45b033ef4cf2fb49ddad08594d713238006b06de55043335d71a6b5a0f9c,23,district,district_18,District 18,shooting_victims,Shooting Victims,year_to_date,percent_change,percent,2026,2024,2,133.0,1.33,133%,,not_checkable,,,wilmington-compstat-v2,validated
weekly-2026-09-06-r1,weekly_compstat,2026-08-31,2026-09-06,1,dbbe45b033ef4cf2fb49ddad08594d713238006b06de55043335d71a6b5a0f9c,23,district,district_18,District 18,shooting_victims,Shooting Victims,year_to_date,percent_change,percent,2026,2023,3,40.0,0.4,40%,,not_checkable,,,wilmington-compstat-v2,validated
weekly-2026-09-06-r1,weekly_compstat,2026-08-31,2026-09-06,1,dbbe45b033ef4cf2fb49ddad08594d713238006b06de55043335d71a6b5a0f9c,23,district,district_18,District 18,shooting_victims,Shooting Victims,year_to_date,percent_change,percent,2026,2022,4,600.0,6.0,600%,,not_checkable,,,wilmington-compstat-v2,validated
weekly-2026-09-06-r1,weekly_compstat,2026-08-31,2026-09-06,1,dbbe45b033ef4cf2fb49ddad08594d713238006b06de55043335d71a6b5a0f9c,23,district,district_18,District 18,shooting_victims,Shooting Victims,year_to_date,percent_change,percent,2026,2021,5,75.0,0.75,75%,,not_checkable,,,wilmington-compstat-v2,validated
weekly-2026-09-06-r1,weekly_compstat,2026-08-31,2026-09-06,1,dbbe45b033ef4cf2fb49ddad08594d713238006b06de55043335d71a6b5a0f9c,23,district,district_18,District 18,shooting_victims,Shooting Victims,year_to_date,percent_change,percent,2026,2020,6,-36.0,-0.36,-36%,,not_checkable,,,wilmington-compstat-v2,validated
weekly-2026-09-06-r1,weekly_compstat,2026-08-31,2026-09-06,1,dbbe45b033ef4cf2fb49ddad08594d713238006b06de55043335d71a6b5a0f9c,23,district,district_18,District 18,juvenile_shooting_incidents,*Juv Shooting Incidents,last_7_days,count,count,2026,,,0,,0,,not_applicable,,,wilmington-compstat-v2,validated
weekly-2026-09-06-r1,weekly_compstat,2026-08-31,2026-09-06,1,dbbe45b033ef4cf2fb49ddad08594d713238006b06de55043335d71a6b5a0f9c,23,district,district_18,District 18,juvenile_shooting_incidents,*Juv Shooting Incidents,last_7_days,count,count,2025,,,0,,0,,not_applicable,,,wilmington-compstat-v2,validated
weekly-2026-09-06-r1,weekly_compstat,2026-08-31,2026-09-06,1,dbbe45b033ef4cf2fb49ddad08594d713238006b06de55043335d71a6b5a0f9c,23,district,district_18,District 18,juvenile_shooting_incidents,*Juv Shooting Incidents,last_7_days,percent_change,percent,2026,2025,1,,,*,,undefined_zero_denominator,,undefined_zero_denominator,wilmington-compstat-v2,validated
weekly-2026-09-06-r1,weekly_compstat,2026-08-31,2026-09-06,1,dbbe45b033ef4cf2fb49ddad08594d713238006b06de55043335d71a6b5a0f9c,23,district,district_18,District 18,juvenile_shooting_incidents,*Juv Shooting Incidents,last_28_days,count,count,2026,,,0,,0,,not_applicable,,,wilmington-compstat-v2,validated
weekly-2026-09-06-r1,weekly_compstat,2026-08-31,2026-09-06,1,dbbe45b033ef4cf2fb49ddad08594d713238006b06de55043335d71a6b5a0f9c,23,district,district_18,District 18,juvenile_shooting_incidents,*Juv Shooting Incidents,last_28_days,count,count,2025,,,0,,0,,not_applicable,,,wilmington-compstat-v2,validated
weekly-2026-09-06-r1,weekly_compstat,2026-08-31,2026-09-06,1,dbbe45b033ef4cf2fb49ddad08594d713238006b06de55043335d71a6b5a0f9c,23,district,district_18,District 18,juvenile_shooting_incidents,*Juv Shooting Incidents,last_28_days,percent_change,percent,2026,2025,1,,,*,,undefined_zero_denominator,,undefined_zero_denominator,wilmington-compstat-v2,validated
weekly-2026-09-06-r1,weekly_compstat,2026-08-31,2026-09-06,1,dbbe45b033ef4cf2fb49ddad08594d713238006b06de55043335d71a6b5a0f9c,23,district,district_18,District 18,juvenile_shooting_incidents,*Juv Shooting Incidents,year_to_date,count,count,2026,,,2,,2,,not_applicable,,,wilmington-compstat-v2,validated
weekly-2026-09-06-r1,weekly_compstat,2026-08-31,2026-09-06,1,dbbe45b033ef4cf2fb49ddad08594d713238006b06de55043335d71a6b5a0f9c,23,district,district_18,District 18,juvenile_shooting_incidents,*Juv Shooting Incidents,year_to_date,count,count,2025,,,1,,1,,not_applicable,,,wilmington-compstat-v2,validated
weekly-2026-09-06-r1,weekly_compstat,2026-08-31,2026-09-06,1,dbbe45b033ef4cf2fb49ddad08594d713238006b06de55043335d71a6b5a0f9c,23,district,district_18,District 18,juvenile_shooting_incidents,*Juv Shooting Incidents,year_to_date,percent_change,percent,2026,2025,1,100.0,1.0,100%,100.0,matched,,,wilmington-compstat-v2,validated
weekly-2026-09-06-r1,weekly_compstat,2026-08-31,2026-09-06,1,dbbe45b033ef4cf2fb49ddad08594d713238006b06de55043335d71a6b5a0f9c,23,district,district_18,District 18,juvenile_shooting_incidents,*Juv Shooting Incidents,year_to_date,percent_change,percent,2026,2024,2,100.0,1.0,100%,,not_checkable,,,wilmington-compstat-v2,validated
weekly-2026-09-06-r1,weekly_compstat,2026-08-31,2026-09-06,1,dbbe45b033ef4cf2fb49ddad08594d713238006b06de55043335d71a6b5a0f9c,23,district,district_18,District 18,juvenile_shooting_incidents,*Juv Shooting Incidents,year_to_date,percent_change,percent,2026,2023,3,,,*,,not_checkable,,undefined_zero_denominator,wilmington-compstat-v2,validated
weekly-2026-09-06-r1,weekly_compstat,2026-08-31,2026-09-06,1,dbbe45b033ef4cf2fb49ddad08594d713238006b06de55043335d71a6b5a0f9c,23,district,district_18,District 18,juvenile_shooting_incidents,*Juv Shooting Incidents,year_to_date,percent_change,percent,2026,2022,4,,,*,,not_checkable,,undefined_zero_denominator,wilmington-compstat-v2,validated
weekly-2026-09-06-r1,weekly_compstat,2026-08-31,2026-09-06,1,dbbe45b033ef4cf2fb49ddad08594d713238006b06de55043335d71a6b5a0f9c,23,district,district_18,District 18,juvenile_shooting_incidents,*Juv Shooting Incidents,year_to_date,percent_change,percent,2026,2021,5,,,*,,not_checkable,,undefined_zero_denominator,wilmington-compstat-v2,validated
weekly-2026-09-06-r1,weekly_compstat,2026-08-31,2026-09-06,1,dbbe45b033ef4cf2fb49ddad08594d713238006b06de55043335d71a6b5a0f9c,23,district,district_18,District 18,juvenile_shooting_incidents,*Juv Shooting Incidents,year_to_date,percent_change,percent,2026,2020,6,0.0,0.0,0%,,not_checkable,,,wilmington-compstat-v2,validated
weekly-2026-09-06-r1,weekly_compstat,2026-08-31,2026-09-06,1,dbbe45b033ef4cf2fb49ddad08594d713238006b06de55043335d71a6b5a0f9c,23,district,district_18,District 18,juvenile_shooting_victims,*Juv Shooting Victims,last_7_days,count,count,2026,,,0,,0,,not_applicable,,,wilmington-compstat-v2,validated
weekly-2026-09-06-r1,weekly_compstat,2026-08-31,2026-09-06,1,dbbe45b033ef4cf2fb49ddad08594d713238006b06de55043335d71a6b5a0f9c,23,district,district_18,District 18,juvenile_shooting_victims,*Juv Shooting Victims,last_7_days,count,count,2025,,,0,,0,,not_applicable,,,wilmington-compstat-v2,validated
weekly-2026-09-06-r1,weekly_compstat,2026-08-31,2026-09-06,1,dbbe45b033ef4cf2fb49ddad08594d713238006b06de55043335d71a6b5a0f9c,23,district,district_18,District 18,juvenile_shooting_victims,*Juv Shooting Victims,last_7_days,percent_change,percent,2026,2025,1,,,*,,undefined_zero_denominator,,undefined_zero_denominator,wilmington-compstat-v2,validated
weekly-2026-09-06-r1,weekly_compstat,2026-08-31,2026-09-06,1,dbbe45b033ef4cf2fb49ddad08594d713238006b06de55043335d71a6b5a0f9c,23,district,district_18,District 18,juvenile_shooting_victims,*Juv Shooting Victims,last_28_days,count,count,2026,,,0,,0,,not_applicable,,,wilmington-compstat-v2,validated
weekly-2026-09-06-r1,weekly_compstat,2026-08-31,2026-09-06,1,dbbe45b033ef4cf2fb49ddad08594d713238006b06de55043335d71a6b5a0f9c,23,district,district_18,District 18,juvenile_shooting_victims,*Juv Shooting Victims,last_28_days,count,count,2025,,,0,,0,,not_applicable,,,wilmington-compstat-v2,validated
weekly-2026-09-06-r1,weekly_compstat,2026-08-31,2026-09-06,1,dbbe45b033ef4cf2fb49ddad08594d713238006b06de55043335d71a6b5a0f9c,23,district,district_18,District 18,juvenile_shooting_victims,*Juv Shooting Victims,last_28_days,percent_change,percent,2026,2025,1,,,*,,undefined_zero_denominator,,undefined_zero_denominator,wilmington-compstat-v2,validated
weekly-2026-09-06-r1,weekly_compstat,2026-08-31,2026-09-06,1,dbbe45b033ef4cf2fb49ddad08594d713238006b06de55043335d71a6b5a0f9c,23,district,district_18,District 18,juvenile_shooting_victims,*Juv Shooting Victims,year_to_date,count,count,2026,,,2,,2,,not_applicable,,,wilmington-compstat-v2,validated
weekly-2026-09-06-r1,weekly_compstat,2026-08-31,2026-09-06,1,dbbe45b033ef4cf2fb49ddad08594d713238006b06de55043335d71a6b5a0f9c,23,district,district_18,District 18,juvenile_shooting_victims,*Juv Shooting Victims,year_to_date,count,count,2025,,,1,,1,,not_applicable,,,wilmington-compstat-v2,validated
weekly-2026-09-06-r1,weekly_compstat,2026-08-31,2026-09-06,1,dbbe45b033ef4cf2fb49ddad08594d713238006b06de55043335d71a6b5a0f9c,23,district,district_18,District 18,juvenile_shooting_victims,*Juv Shooting Victims,year_to_date,percent_change,percent,2026,2025,1,100.0,1.0,100%,100.0,matched,,,wilmington-compstat-v2,validated
weekly-2026-09-06-r1,weekly_compstat,2026-08-31,2026-09-06,1,dbbe45b033ef4cf2fb49ddad08594d713238006b06de55043335d71a6b5a0f9c,23,district,district_18,District 18,juvenile_shooting_victims,*Juv Shooting Victims,year_to_date,percent_change,percent,2026,2024,2,100.0,1.0,100%,,not_checkable,,,wilmington-compstat-v2,validated
weekly-2026-09-06-r1,weekly_compstat,2026-08-31,2026-09-06,1,dbbe45b033ef4cf2fb49ddad08594d713238006b06de55043335d71a6b5a0f9c,23,district,district_18,District 18,juvenile_shooting_victims,*Juv Shooting Victims,year_to_date,percent_change,percent,2026,2023,3,,,*,,not_checkable,,undefined_zero_denominator,wilmington-compstat-v2,validated
weekly-2026-09-06-r1,weekly_compstat,2026-08-31,2026-09-06,1,dbbe45b033ef4cf2fb49ddad08594d713238006b06de55043335d71a6b5a0f9c,23,district,district_18,District 18,juvenile_shooting_victims,*Juv Shooting Victims,year_to_date,percent_change,percent,2026,2022,4,,,*,,not_checkable,,undefined_zero_denominator,wilmington-compstat-v2,validated
weekly-2026-09-06-r1,weekly_compstat,2026-08-31,2026-09-06,1,dbbe45b033ef4cf2fb49ddad08594d713238006b06de55043335d71a6b5a0f9c,23,district,district_18,District 18,juvenile_shooting_victims,*Juv Shooting Victims,year_to_date,percent_change,percent,2026,2021,5,,,*,,not_checkable,,undefined_zero_denominator,wilmington-compstat-v2,validated
weekly-2026-09-06-r1,weekly_compstat,2026-08-31,2026-09-06,1,dbbe45b033ef4cf2fb49ddad08594d713238006b06de55043335d71a6b5a0f9c,23,district,district_18,District 18,juvenile_shooting_victims,*Juv Shooting Victims,year_to_date,percent_change,percent,2026,2020,6,0.0,0.0,0%,,not_checkable,,,wilmington-compstat-v2,validated
weekly-2026-09-06-r1,weekly_compstat,2026-08-31,2026-09-06,1,dbbe45b033ef4cf2fb49ddad08594d713238006b06de55043335d71a6b5a0f9c,23,district,district_18,District 18,misdemeanor_theft,Theft (Misdemeanor),last_7_days,count,count,2026,,,6,,6,,not_applicable,,,wilmington-compstat-v2,validated
weekly-2026-09-06-r1,weekly_compstat,2026-08-31,2026-09-06,1,dbbe45b033ef4cf2fb49ddad08594d713238006b06de55043335d71a6b5a0f9c,23,district,district_18,District 18,misdemeanor_theft,Theft (Misdemeanor),last_7_days,count,count,2025,,,4,,4,,not_applicable,,,wilmington-compstat-v2,validated
weekly-2026-09-06-r1,weekly_compstat,2026-08-31,2026-09-06,1,dbbe45b033ef4cf2fb49ddad08594d713238006b06de55043335d71a6b5a0f9c,23,district,district_18,District 18,misdemeanor_theft,Theft (Misdemeanor),last_7_days,percent_change,percent,2026,2025,1,50.0,0.5,50%,50.0,matched,,,wilmington-compstat-v2,validated
weekly-2026-09-06-r1,weekly_compstat,2026-08-31,2026-09-06,1,dbbe45b033ef4cf2fb49ddad08594d713238006b06de55043335d71a6b5a0f9c,23,district,district_18,District 18,misdemeanor_theft,Theft (Misdemeanor),last_28_days,count,count,2026,,,19,,19,,not_applicable,,,wilmington-compstat-v2,validated
weekly-2026-09-06-r1,weekly_compstat,2026-08-31,2026-09-06,1,dbbe45b033ef4cf2fb49ddad08594d713238006b06de55043335d71a6b5a0f9c,23,district,district_18,District 18,misdemeanor_theft,Theft (Misdemeanor),last_28_days,count,count,2025,,,15,,15,,not_applicable,,,wilmington-compstat-v2,validated
weekly-2026-09-06-r1,weekly_compstat,2026-08-31,2026-09-06,1,dbbe45b033ef4cf2fb49ddad08594d713238006b06de55043335d71a6b5a0f9c,23,district,district_18,District 18,misdemeanor_theft,Theft (Misdemeanor),last_28_days,percent_change,percent,2026,2025,1,27.0,0.27,27%,26.666667,matched,,,wilmington-compstat-v2,validated
weekly-2026-09-06-r1,weekly_compstat,2026-08-31,2026-09-06,1,dbbe45b033ef4cf2fb49ddad08594d713238006b06de55043335d71a6b5a0f9c,23,district,district_18,District 18,misdemeanor_theft,Theft (Misdemeanor),year_to_date,count,count,2026,,,113,,113,,not_applicable,,,wilmington-compstat-v2,validated
weekly-2026-09-06-r1,weekly_compstat,2026-08-31,2026-09-06,1,dbbe45b033ef4cf2fb49ddad08594d713238006b06de55043335d71a6b5a0f9c,23,district,district_18,District 18,misdemeanor_theft,Theft (Misdemeanor),year_to_date,count,count,2025,,,103,,103,,not_applicable,,,wilmington-compstat-v2,validated
weekly-2026-09-06-r1,weekly_compstat,2026-08-31,2026-09-06,1,dbbe45b033ef4cf2fb49ddad08594d713238006b06de55043335d71a6b5a0f9c,23,district,district_18,District 18,misdemeanor_theft,Theft (Misdemeanor),year_to_date,percent_change,percent,2026,2025,1,10.0,0.1,10%,9.708738,matched,,,wilmington-compstat-v2,validated
weekly-2026-09-06-r1,weekly_compstat,2026-08-31,2026-09-06,1,dbbe45b033ef4cf2fb49ddad08594d713238006b06de55043335d71a6b5a0f9c,23,district,district_18,District 18,misdemeanor_theft,Theft (Misdemeanor),year_to_date,percent_change,percent,2026,2024,2,-20.0,-0.2,-20%,,not_checkable,,,wilmington-compstat-v2,validated
weekly-2026-09-06-r1,weekly_compstat,2026-08-31,2026-09-06,1,dbbe45b033ef4cf2fb49ddad08594d713238006b06de55043335d71a6b5a0f9c,23,district,district_18,District 18,misdemeanor_theft,Theft (Misdemeanor),year_to_date,percent_change,percent,2026,2023,3,-43.0,-0.43,-43%,,not_checkable,,,wilmington-compstat-v2,validated
weekly-2026-09-06-r1,weekly_compstat,2026-08-31,2026-09-06,1,dbbe45b033ef4cf2fb49ddad08594d713238006b06de55043335d71a6b5a0f9c,23,district,district_18,District 18,misdemeanor_theft,Theft (Misdemeanor),year_to_date,percent_change,percent,2026,2022,4,-12.0,-0.12,-12%,,not_checkable,,,wilmington-compstat-v2,validated
weekly-2026-09-06-r1,weekly_compstat,2026-08-31,2026-09-06,1,dbbe45b033ef4cf2fb49ddad08594d713238006b06de55043335d71a6b5a0f9c,23,district,district_18,District 18,misdemeanor_theft,Theft (Misdemeanor),year_to_date,percent_change,percent,2026,2021,5,-36.0,-0.36,-36%,,not_checkable,,,wilmington-compstat-v2,validated
weekly-2026-09-06-r1,weekly_compstat,2026-08-31,2026-09-06,1,dbbe45b033ef4cf2fb49ddad08594d713238006b06de55043335d71a6b5a0f9c,23,district,district_18,District 18,misdemeanor_theft,Theft (Misdemeanor),year_to_date,percent_change,percent,2026,2020,6,-46.0,-0.46,-46%,,not_checkable,,,wilmington-compstat-v2,validated
weekly-2026-09-06-r1,weekly_compstat,2026-08-31,2026-09-06,1,dbbe45b033ef4cf2fb49ddad08594d713238006b06de55043335d71a6b5a0f9c,25,district,district_19,District 19,murder,Murder,last_7_days,count,count,2026,,,0,,0,,not_applicable,,,wilmington-compstat-v2,validated
weekly-2026-09-06-r1,weekly_compstat,2026-08-31,2026-09-06,1,dbbe45b033ef4cf2fb49ddad08594d713238006b06de55043335d71a6b5a0f9c,25,district,district_19,District 19,murder,Murder,last_7_days,count,count,2025,,,0,,0,,not_applicable,,,wilmington-compstat-v2,validated
weekly-2026-09-06-r1,weekly_compstat,2026-08-31,2026-09-06,1,dbbe45b033ef4cf2fb49ddad08594d713238006b06de55043335d71a6b5a0f9c,25,district,district_19,District 19,murder,Murder,last_7_days,percent_change,percent,2026,2025,1,,,*,,undefined_zero_denominator,,undefined_zero_denominator,wilmington-compstat-v2,validated
weekly-2026-09-06-r1,weekly_compstat,2026-08-31,2026-09-06,1,dbbe45b033ef4cf2fb49ddad08594d713238006b06de55043335d71a6b5a0f9c,25,district,district_19,District 19,murder,Murder,last_28_days,count,count,2026,,,0,,0,,not_applicable,,,wilmington-compstat-v2,validated
weekly-2026-09-06-r1,weekly_compstat,2026-08-31,2026-09-06,1,dbbe45b033ef4cf2fb49ddad08594d713238006b06de55043335d71a6b5a0f9c,25,district,district_19,District 19,murder,Murder,last_28_days,count,count,2025,,,0,,0,,not_applicable,,,wilmington-compstat-v2,validated
weekly-2026-09-06-r1,weekly_compstat,2026-08-31,2026-09-06,1,dbbe45b033ef4cf2fb49ddad08594d713238006b06de55043335d71a6b5a0f9c,25,district,district_19,District 19,murder,Murder,last_28_days,percent_change,percent,2026,2025,1,,,*,,undefined_zero_denominator,,undefined_zero_denominator,wilmington-compstat-v2,validated
weekly-2026-09-06-r1,weekly_compstat,2026-08-31,2026-09-06,1,dbbe45b033ef4cf2fb49ddad08594d713238006b06de55043335d71a6b5a0f9c,25,district,district_19,District 19,murder,Murder,year_to_date,count,count,2026,,,0,,0,,not_applicable,,,wilmington-compstat-v2,validated
weekly-2026-09-06-r1,weekly_compstat,2026-08-31,2026-09-06,1,dbbe45b033ef4cf2fb49ddad08594d713238006b06de55043335d71a6b5a0f9c,25,district,district_19,District 19,murder,Murder,year_to_date,count,count,2025,,,0,,0,,not_applicable,,,wilmington-compstat-v2,validated
weekly-2026-09-06-r1,weekly_compstat,2026-08-31,2026-09-06,1,dbbe45b033ef4cf2fb49ddad08594d713238006b06de55043335d71a6b5a0f9c,25,district,district_19,District 19,murder,Murder,year_to_date,percent_change,percent,2026,2025,1,,,*,,undefined_zero_denominator,,undefined_zero_denominator,wilmington-compstat-v2,validated
weekly-2026-09-06-r1,weekly_compstat,2026-08-31,2026-09-06,1,dbbe45b033ef4cf2fb49ddad08594d713238006b06de55043335d71a6b5a0f9c,25,district,district_19,District 19,murder,Murder,year_to_date,percent_change,percent,2026,2024,2,,,*,,not_checkable,,undefined_zero_denominator,wilmington-compstat-v2,validated
weekly-2026-09-06-r1,weekly_compstat,2026-08-31,2026-09-06,1,dbbe45b033ef4cf2fb49ddad08594d713238006b06de55043335d71a6b5a0f9c,25,district,district_19,District 19,murder,Murder,year_to_date,percent_change,percent,2026,2023,3,,,*,,not_checkable,,undefined_zero_denominator,wilmington-compstat-v2,validated
weekly-2026-09-06-r1,weekly_compstat,2026-08-31,2026-09-06,1,dbbe45b033ef4cf2fb49ddad08594d713238006b06de55043335d71a6b5a0f9c,25,district,district_19,District 19,murder,Murder,year_to_date,percent_change,percent,2026,2022,4,-100.0,-1.0,-100%,,not_checkable,,,wilmington-compstat-v2,validated
weekly-2026-09-06-r1,weekly_compstat,2026-08-31,2026-09-06,1,dbbe45b033ef4cf2fb49ddad08594d713238006b06de55043335d71a6b5a0f9c,25,district,district_19,District 19,murder,Murder,year_to_date,percent_change,percent,2026,2021,5,,,*,,not_checkable,,undefined_zero_denominator,wilmington-compstat-v2,validated
weekly-2026-09-06-r1,weekly_compstat,2026-08-31,2026-09-06,1,dbbe45b033ef4cf2fb49ddad08594d713238006b06de55043335d71a6b5a0f9c,25,district,district_19,District 19,murder,Murder,year_to_date,percent_change,percent,2026,2020,6,,,*,,not_checkable,,undefined_zero_denominator,wilmington-compstat-v2,validated
weekly-2026-09-06-r1,weekly_compstat,2026-08-31,2026-09-06,1,dbbe45b033ef4cf2fb49ddad08594d713238006b06de55043335d71a6b5a0f9c,25,district,district_19,District 19,rape,Rape,last_7_days,count,count,2026,,,0,,0,,not_applicable,,,wilmington-compstat-v2,validated
weekly-2026-09-06-r1,weekly_compstat,2026-08-31,2026-09-06,1,dbbe45b033ef4cf2fb49ddad08594d713238006b06de55043335d71a6b5a0f9c,25,district,district_19,District 19,rape,Rape,last_7_days,count,count,2025,,,0,,0,,not_applicable,,,wilmington-compstat-v2,validated
weekly-2026-09-06-r1,weekly_compstat,2026-08-31,2026-09-06,1,dbbe45b033ef4cf2fb49ddad08594d713238006b06de55043335d71a6b5a0f9c,25,district,district_19,District 19,rape,Rape,last_7_days,percent_change,percent,2026,2025,1,,,*,,undefined_zero_denominator,,undefined_zero_denominator,wilmington-compstat-v2,validated
weekly-2026-09-06-r1,weekly_compstat,2026-08-31,2026-09-06,1,dbbe45b033ef4cf2fb49ddad08594d713238006b06de55043335d71a6b5a0f9c,25,district,district_19,District 19,rape,Rape,last_28_days,count,count,2026,,,0,,0,,not_applicable,,,wilmington-compstat-v2,validated
weekly-2026-09-06-r1,weekly_compstat,2026-08-31,2026-09-06,1,dbbe45b033ef4cf2fb49ddad08594d713238006b06de55043335d71a6b5a0f9c,25,district,district_19,District 19,rape,Rape,last_28_days,count,count,2025,,,0,,0,,not_applicable,,,wilmington-compstat-v2,validated
weekly-2026-09-06-r1,weekly_compstat,2026-08-31,2026-09-06,1,dbbe45b033ef4cf2fb49ddad08594d713238006b06de55043335d71a6b5a0f9c,25,district,district_19,District 19,rape,Rape,last_28_days,percent_change,percent,2026,2025,1,,,*,,undefined_zero_denominator,,undefined_zero_denominator,wilmington-compstat-v2,validated
weekly-2026-09-06-r1,weekly_compstat,2026-08-31,2026-09-06,1,dbbe45b033ef4cf2fb49ddad08594d713238006b06de55043335d71a6b5a0f9c,25,district,district_19,District 19,rape,Rape,year_to_date,count,count,2026,,,0,,0,,not_applicable,,,wilmington-compstat-v2,validated
weekly-2026-09-06-r1,weekly_compstat,2026-08-31,2026-09-06,1,dbbe45b033ef4cf2fb49ddad08594d713238006b06de55043335d71a6b5a0f9c,25,district,district_19,District 19,rape,Rape,year_to_date,count,count,2025,,,0,,0,,not_applicable,,,wilmington-compstat-v2,validated
weekly-2026-09-06-r1,weekly_compstat,2026-08-31,2026-09-06,1,dbbe45b033ef4cf2fb49ddad08594d713238006b06de55043335d71a6b5a0f9c,25,district,district_19,District 19,rape,Rape,year_to_date,percent_change,percent,2026,2025,1,,,*,,undefined_zero_denominator,,undefined_zero_denominator,wilmington-compstat-v2,validated
weekly-2026-09-06-r1,weekly_compstat,2026-08-31,2026-09-06,1,dbbe45b033ef4cf2fb49ddad08594d713238006b06de55043335d71a6b5a0f9c,25,district,district_19,District 19,rape,Rape,year_to_date,percent_change,percent,2026,2024,2,,,*,,not_checkable,,undefined_zero_denominator,wilmington-compstat-v2,validated
weekly-2026-09-06-r1,weekly_compstat,2026-08-31,2026-09-06,1,dbbe45b033ef4cf2fb49ddad08594d713238006b06de55043335d71a6b5a0f9c,25,district,district_19,District 19,rape,Rape,year_to_date,percent_change,percent,2026,2023,3,,,*,,not_checkable,,undefined_zero_denominator,wilmington-compstat-v2,validated
weekly-2026-09-06-r1,weekly_compstat,2026-08-31,2026-09-06,1,dbbe45b033ef4cf2fb49ddad08594d713238006b06de55043335d71a6b5a0f9c,25,district,district_19,District 19,rape,Rape,year_to_date,percent_change,percent,2026,2022,4,,,*,,not_checkable,,undefined_zero_denominator,wilmington-compstat-v2,validated
weekly-2026-09-06-r1,weekly_compstat,2026-08-31,2026-09-06,1,dbbe45b033ef4cf2fb49ddad08594d713238006b06de55043335d71a6b5a0f9c,25,district,district_19,District 19,rape,Rape,year_to_date,percent_change,percent,2026,2021,5,,,*,,not_checkable,,undefined_zero_denominator,wilmington-compstat-v2,validated
weekly-2026-09-06-r1,weekly_compstat,2026-08-31,2026-09-06,1,dbbe45b033ef4cf2fb49ddad08594d713238006b06de55043335d71a6b5a0f9c,25,district,district_19,District 19,rape,Rape,year_to_date,percent_change,percent,2026,2020,6,,,*,,not_checkable,,undefined_zero_denominator,wilmington-compstat-v2,validated
weekly-2026-09-06-r1,weekly_compstat,2026-08-31,2026-09-06,1,dbbe45b033ef4cf2fb49ddad08594d713238006b06de55043335d71a6b5a0f9c,25,district,district_19,District 19,robbery,Robbery,last_7_days,count,count,2026,,,1,,1,,not_applicable,,,wilmington-compstat-v2,validated
weekly-2026-09-06-r1,weekly_compstat,2026-08-31,2026-09-06,1,dbbe45b033ef4cf2fb49ddad08594d713238006b06de55043335d71a6b5a0f9c,25,district,district_19,District 19,robbery,Robbery,last_7_days,count,count,2025,,,0,,0,,not_applicable,,,wilmington-compstat-v2,validated
weekly-2026-09-06-r1,weekly_compstat,2026-08-31,2026-09-06,1,dbbe45b033ef4cf2fb49ddad08594d713238006b06de55043335d71a6b5a0f9c,25,district,district_19,District 19,robbery,Robbery,last_7_days,percent_change,percent,2026,2025,1,,,*,,undefined_zero_denominator,,undefined_zero_denominator,wilmington-compstat-v2,validated
weekly-2026-09-06-r1,weekly_compstat,2026-08-31,2026-09-06,1,dbbe45b033ef4cf2fb49ddad08594d713238006b06de55043335d71a6b5a0f9c,25,district,district_19,District 19,robbery,Robbery,last_28_days,count,count,2026,,,1,,1,,not_applicable,,,wilmington-compstat-v2,validated
weekly-2026-09-06-r1,weekly_compstat,2026-08-31,2026-09-06,1,dbbe45b033ef4cf2fb49ddad08594d713238006b06de55043335d71a6b5a0f9c,25,district,district_19,District 19,robbery,Robbery,last_28_days,count,count,2025,,,1,,1,,not_applicable,,,wilmington-compstat-v2,validated
weekly-2026-09-06-r1,weekly_compstat,2026-08-31,2026-09-06,1,dbbe45b033ef4cf2fb49ddad08594d713238006b06de55043335d71a6b5a0f9c,25,district,district_19,District 19,robbery,Robbery,last_28_days,percent_change,percent,2026,2025,1,0.0,0.0,0%,0.0,matched,,,wilmington-compstat-v2,validated
weekly-2026-09-06-r1,weekly_compstat,2026-08-31,2026-09-06,1,dbbe45b033ef4cf2fb49ddad08594d713238006b06de55043335d71a6b5a0f9c,25,district,district_19,District 19,robbery,Robbery,year_to_date,count,count,2026,,,10,,10,,not_applicable,,,wilmington-compstat-v2,validated
weekly-2026-09-06-r1,weekly_compstat,2026-08-31,2026-09-06,1,dbbe45b033ef4cf2fb49ddad08594d713238006b06de55043335d71a6b5a0f9c,25,district,district_19,District 19,robbery,Robbery,year_to_date,count,count,2025,,,5,,5,,not_applicable,,,wilmington-compstat-v2,validated
weekly-2026-09-06-r1,weekly_compstat,2026-08-31,2026-09-06,1,dbbe45b033ef4cf2fb49ddad08594d713238006b06de55043335d71a6b5a0f9c,25,district,district_19,District 19,robbery,Robbery,year_to_date,percent_change,percent,2026,2025,1,100.0,1.0,100%,100.0,matched,,,wilmington-compstat-v2,validated
weekly-2026-09-06-r1,weekly_compstat,2026-08-31,2026-09-06,1,dbbe45b033ef4cf2fb49ddad08594d713238006b06de55043335d71a6b5a0f9c,25,district,district_19,District 19,robbery,Robbery,year_to_date,percent_change,percent,2026,2024,2,100.0,1.0,100%,,not_checkable,,,wilmington-compstat-v2,validated
weekly-2026-09-06-r1,weekly_compstat,2026-08-31,2026-09-06,1,dbbe45b033ef4cf2fb49ddad08594d713238006b06de55043335d71a6b5a0f9c,25,district,district_19,District 19,robbery,Robbery,year_to_date,percent_change,percent,2026,2023,3,43.0,0.43,43%,,not_checkable,,,wilmington-compstat-v2,validated
weekly-2026-09-06-r1,weekly_compstat,2026-08-31,2026-09-06,1,dbbe45b033ef4cf2fb49ddad08594d713238006b06de55043335d71a6b5a0f9c,25,district,district_19,District 19,robbery,Robbery,year_to_date,percent_change,percent,2026,2022,4,0.0,0.0,0%,,not_checkable,,,wilmington-compstat-v2,validated
weekly-2026-09-06-r1,weekly_compstat,2026-08-31,2026-09-06,1,dbbe45b033ef4cf2fb49ddad08594d713238006b06de55043335d71a6b5a0f9c,25,district,district_19,District 19,robbery,Robbery,year_to_date,percent_change,percent,2026,2021,5,100.0,1.0,100%,,not_checkable,,,wilmington-compstat-v2,validated
weekly-2026-09-06-r1,weekly_compstat,2026-08-31,2026-09-06,1,dbbe45b033ef4cf2fb49ddad08594d713238006b06de55043335d71a6b5a0f9c,25,district,district_19,District 19,robbery,Robbery,year_to_date,percent_change,percent,2026,2020,6,100.0,1.0,100%,,not_checkable,,,wilmington-compstat-v2,validated
weekly-2026-09-06-r1,weekly_compstat,2026-08-31,2026-09-06,1,dbbe45b033ef4cf2fb49ddad08594d713238006b06de55043335d71a6b5a0f9c,25,district,district_19,District 19,aggravated_assault,Agg. Assault,last_7_days,count,count,2026,,,1,,1,,not_applicable,,,wilmington-compstat-v2,validated
weekly-2026-09-06-r1,weekly_compstat,2026-08-31,2026-09-06,1,dbbe45b033ef4cf2fb49ddad08594d713238006b06de55043335d71a6b5a0f9c,25,district,district_19,District 19,aggravated_assault,Agg. Assault,last_7_days,count,count,2025,,,0,,0,,not_applicable,,,wilmington-compstat-v2,validated
weekly-2026-09-06-r1,weekly_compstat,2026-08-31,2026-09-06,1,dbbe45b033ef4cf2fb49ddad08594d713238006b06de55043335d71a6b5a0f9c,25,district,district_19,District 19,aggravated_assault,Agg. Assault,last_7_days,percent_change,percent,2026,2025,1,,,*,,undefined_zero_denominator,,undefined_zero_denominator,wilmington-compstat-v2,validated
weekly-2026-09-06-r1,weekly_compstat,2026-08-31,2026-09-06,1,dbbe45b033ef4cf2fb49ddad08594d713238006b06de55043335d71a6b5a0f9c,25,district,district_19,District 19,aggravated_assault,Agg. Assault,last_28_days,count,count,2026,,,2,,2,,not_applicable,,,wilmington-compstat-v2,validated
weekly-2026-09-06-r1,weekly_compstat,2026-08-31,2026-09-06,1,dbbe45b033ef4cf2fb49ddad08594d713238006b06de55043335d71a6b5a0f9c,25,district,district_19,District 19,aggravated_assault,Agg. Assault,last_28_days,count,count,2025,,,1,,1,,not_applicable,,,wilmington-compstat-v2,validated
weekly-2026-09-06-r1,weekly_compstat,2026-08-31,2026-09-06,1,dbbe45b033ef4cf2fb49ddad08594d713238006b06de55043335d71a6b5a0f9c,25,district,district_19,District 19,aggravated_assault,Agg. Assault,last_28_days,percent_change,percent,2026,2025,1,100.0,1.0,100%,100.0,matched,,,wilmington-compstat-v2,validated
weekly-2026-09-06-r1,weekly_compstat,2026-08-31,2026-09-06,1,dbbe45b033ef4cf2fb49ddad08594d713238006b06de55043335d71a6b5a0f9c,25,district,district_19,District 19,aggravated_assault,Agg. Assault,year_to_date,count,count,2026,,,15,,15,,not_applicable,,,wilmington-compstat-v2,validated
weekly-2026-09-06-r1,weekly_compstat,2026-08-31,2026-09-06,1,dbbe45b033ef4cf2fb49ddad08594d713238006b06de55043335d71a6b5a0f9c,25,district,district_19,District 19,aggravated_assault,Agg. Assault,year_to_date,count,count,2025,,,14,,14,,not_applicable,,,wilmington-compstat-v2,validated
weekly-2026-09-06-r1,weekly_compstat,2026-08-31,2026-09-06,1,dbbe45b033ef4cf2fb49ddad08594d713238006b06de55043335d71a6b5a0f9c,25,district,district_19,District 19,aggravated_assault,Agg. Assault,year_to_date,percent_change,percent,2026,2025,1,7.0,0.07,7%,7.142857,matched,,,wilmington-compstat-v2,validated
weekly-2026-09-06-r1,weekly_compstat,2026-08-31,2026-09-06,1,dbbe45b033ef4cf2fb49ddad08594d713238006b06de55043335d71a6b5a0f9c,25,district,district_19,District 19,aggravated_assault,Agg. Assault,year_to_date,percent_change,percent,2026,2024,2,-29.0,-0.29,-29%,,not_checkable,,,wilmington-compstat-v2,validated
weekly-2026-09-06-r1,weekly_compstat,2026-08-31,2026-09-06,1,dbbe45b033ef4cf2fb49ddad08594d713238006b06de55043335d71a6b5a0f9c,25,district,district_19,District 19,aggravated_assault,Agg. Assault,year_to_date,percent_change,percent,2026,2023,3,114.0,1.14,114%,,not_checkable,,,wilmington-compstat-v2,validated
weekly-2026-09-06-r1,weekly_compstat,2026-08-31,2026-09-06,1,dbbe45b033ef4cf2fb49ddad08594d713238006b06de55043335d71a6b5a0f9c,25,district,district_19,District 19,aggravated_assault,Agg. Assault,year_to_date,percent_change,percent,2026,2022,4,150.0,1.5,150%,,not_checkable,,,wilmington-compstat-v2,validated
weekly-2026-09-06-r1,weekly_compstat,2026-08-31,2026-09-06,1,dbbe45b033ef4cf2fb49ddad08594d713238006b06de55043335d71a6b5a0f9c,25,district,district_19,District 19,aggravated_assault,Agg. Assault,year_to_date,percent_change,percent,2026,2021,5,200.0,2.0,200%,,not_checkable,,,wilmington-compstat-v2,validated
weekly-2026-09-06-r1,weekly_compstat,2026-08-31,2026-09-06,1,dbbe45b033ef4cf2fb49ddad08594d713238006b06de55043335d71a6b5a0f9c,25,district,district_19,District 19,aggravated_assault,Agg. Assault,year_to_date,percent_change,percent,2026,2020,6,88.0,0.88,88%,,not_checkable,,,wilmington-compstat-v2,validated
weekly-2026-09-06-r1,weekly_compstat,2026-08-31,2026-09-06,1,dbbe45b033ef4cf2fb49ddad08594d713238006b06de55043335d71a6b5a0f9c,25,district,district_19,District 19,burglary,Burglary,last_7_days,count,count,2026,,,0,,0,,not_applicable,,,wilmington-compstat-v2,validated
weekly-2026-09-06-r1,weekly_compstat,2026-08-31,2026-09-06,1,dbbe45b033ef4cf2fb49ddad08594d713238006b06de55043335d71a6b5a0f9c,25,district,district_19,District 19,burglary,Burglary,last_7_days,count,count,2025,,,0,,0,,not_applicable,,,wilmington-compstat-v2,validated
weekly-2026-09-06-r1,weekly_compstat,2026-08-31,2026-09-06,1,dbbe45b033ef4cf2fb49ddad08594d713238006b06de55043335d71a6b5a0f9c,25,district,district_19,District 19,burglary,Burglary,last_7_days,percent_change,percent,2026,2025,1,,,*,,undefined_zero_denominator,,undefined_zero_denominator,wilmington-compstat-v2,validated
weekly-2026-09-06-r1,weekly_compstat,2026-08-31,2026-09-06,1,dbbe45b033ef4cf2fb49ddad08594d713238006b06de55043335d71a6b5a0f9c,25,district,district_19,District 19,burglary,Burglary,last_28_days,count,count,2026,,,0,,0,,not_applicable,,,wilmington-compstat-v2,validated
weekly-2026-09-06-r1,weekly_compstat,2026-08-31,2026-09-06,1,dbbe45b033ef4cf2fb49ddad08594d713238006b06de55043335d71a6b5a0f9c,25,district,district_19,District 19,burglary,Burglary,last_28_days,count,count,2025,,,1,,1,,not_applicable,,,wilmington-compstat-v2,validated
weekly-2026-09-06-r1,weekly_compstat,2026-08-31,2026-09-06,1,dbbe45b033ef4cf2fb49ddad08594d713238006b06de55043335d71a6b5a0f9c,25,district,district_19,District 19,burglary,Burglary,last_28_days,percent_change,percent,2026,2025,1,-100.0,-1.0,-100%,-100.0,matched,,,wilmington-compstat-v2,validated
weekly-2026-09-06-r1,weekly_compstat,2026-08-31,2026-09-06,1,dbbe45b033ef4cf2fb49ddad08594d713238006b06de55043335d71a6b5a0f9c,25,district,district_19,District 19,burglary,Burglary,year_to_date,count,count,2026,,,24,,24,,not_applicable,,,wilmington-compstat-v2,validated
weekly-2026-09-06-r1,weekly_compstat,2026-08-31,2026-09-06,1,dbbe45b033ef4cf2fb49ddad08594d713238006b06de55043335d71a6b5a0f9c,25,district,district_19,District 19,burglary,Burglary,year_to_date,count,count,2025,,,17,,17,,not_applicable,,,wilmington-compstat-v2,validated
weekly-2026-09-06-r1,weekly_compstat,2026-08-31,2026-09-06,1,dbbe45b033ef4cf2fb49ddad08594d713238006b06de55043335d71a6b5a0f9c,25,district,district_19,District 19,burglary,Burglary,year_to_date,percent_change,percent,2026,2025,1,41.0,0.41,41%,41.176471,matched,,,wilmington-compstat-v2,validated
weekly-2026-09-06-r1,weekly_compstat,2026-08-31,2026-09-06,1,dbbe45b033ef4cf2fb49ddad08594d713238006b06de55043335d71a6b5a0f9c,25,district,district_19,District 19,burglary,Burglary,year_to_date,percent_change,percent,2026,2024,2,71.0,0.71,71%,,not_checkable,,,wilmington-compstat-v2,validated
weekly-2026-09-06-r1,weekly_compstat,2026-08-31,2026-09-06,1,dbbe45b033ef4cf2fb49ddad08594d713238006b06de55043335d71a6b5a0f9c,25,district,district_19,District 19,burglary,Burglary,year_to_date,percent_change,percent,2026,2023,3,4.0,0.04,4%,,not_checkable,,,wilmington-compstat-v2,validated
weekly-2026-09-06-r1,weekly_compstat,2026-08-31,2026-09-06,1,dbbe45b033ef4cf2fb49ddad08594d713238006b06de55043335d71a6b5a0f9c,25,district,district_19,District 19,burglary,Burglary,year_to_date,percent_change,percent,2026,2022,4,9.0,0.09,9%,,not_checkable,,,wilmington-compstat-v2,validated
weekly-2026-09-06-r1,weekly_compstat,2026-08-31,2026-09-06,1,dbbe45b033ef4cf2fb49ddad08594d713238006b06de55043335d71a6b5a0f9c,25,district,district_19,District 19,burglary,Burglary,year_to_date,percent_change,percent,2026,2021,5,-20.0,-0.2,-20%,,not_checkable,,,wilmington-compstat-v2,validated
weekly-2026-09-06-r1,weekly_compstat,2026-08-31,2026-09-06,1,dbbe45b033ef4cf2fb49ddad08594d713238006b06de55043335d71a6b5a0f9c,25,district,district_19,District 19,burglary,Burglary,year_to_date,percent_change,percent,2026,2020,6,-29.0,-0.29,-29%,,not_checkable,,,wilmington-compstat-v2,validated
weekly-2026-09-06-r1,weekly_compstat,2026-08-31,2026-09-06,1,dbbe45b033ef4cf2fb49ddad08594d713238006b06de55043335d71a6b5a0f9c,25,district,district_19,District 19,felony_theft,Felony Theft,last_7_days,count,count,2026,,,0,,0,,not_applicable,,,wilmington-compstat-v2,validated
weekly-2026-09-06-r1,weekly_compstat,2026-08-31,2026-09-06,1,dbbe45b033ef4cf2fb49ddad08594d713238006b06de55043335d71a6b5a0f9c,25,district,district_19,District 19,felony_theft,Felony Theft,last_7_days,count,count,2025,,,1,,1,,not_applicable,,,wilmington-compstat-v2,validated
weekly-2026-09-06-r1,weekly_compstat,2026-08-31,2026-09-06,1,dbbe45b033ef4cf2fb49ddad08594d713238006b06de55043335d71a6b5a0f9c,25,district,district_19,District 19,felony_theft,Felony Theft,last_7_days,percent_change,percent,2026,2025,1,-100.0,-1.0,-100%,-100.0,matched,,,wilmington-compstat-v2,validated
weekly-2026-09-06-r1,weekly_compstat,2026-08-31,2026-09-06,1,dbbe45b033ef4cf2fb49ddad08594d713238006b06de55043335d71a6b5a0f9c,25,district,district_19,District 19,felony_theft,Felony Theft,last_28_days,count,count,2026,,,1,,1,,not_applicable,,,wilmington-compstat-v2,validated
weekly-2026-09-06-r1,weekly_compstat,2026-08-31,2026-09-06,1,dbbe45b033ef4cf2fb49ddad08594d713238006b06de55043335d71a6b5a0f9c,25,district,district_19,District 19,felony_theft,Felony Theft,last_28_days,count,count,2025,,,2,,2,,not_applicable,,,wilmington-compstat-v2,validated
weekly-2026-09-06-r1,weekly_compstat,2026-08-31,2026-09-06,1,dbbe45b033ef4cf2fb49ddad08594d713238006b06de55043335d71a6b5a0f9c,25,district,district_19,District 19,felony_theft,Felony Theft,last_28_days,percent_change,percent,2026,2025,1,-50.0,-0.5,-50%,-50.0,matched,,,wilmington-compstat-v2,validated
weekly-2026-09-06-r1,weekly_compstat,2026-08-31,2026-09-06,1,dbbe45b033ef4cf2fb49ddad08594d713238006b06de55043335d71a6b5a0f9c,25,district,district_19,District 19,felony_theft,Felony Theft,year_to_date,count,count,2026,,,13,,13,,not_applicable,,,wilmington-compstat-v2,validated
weekly-2026-09-06-r1,weekly_compstat,2026-08-31,2026-09-06,1,dbbe45b033ef4cf2fb49ddad08594d713238006b06de55043335d71a6b5a0f9c,25,district,district_19,District 19,felony_theft,Felony Theft,year_to_date,count,count,2025,,,20,,20,,not_applicable,,,wilmington-compstat-v2,validated
weekly-2026-09-06-r1,weekly_compstat,2026-08-31,2026-09-06,1,dbbe45b033ef4cf2fb49ddad08594d713238006b06de55043335d71a6b5a0f9c,25,district,district_19,District 19,felony_theft,Felony Theft,year_to_date,percent_change,percent,2026,2025,1,-35.0,-0.35,-35%,-35.0,matched,,,wilmington-compstat-v2,validated
weekly-2026-09-06-r1,weekly_compstat,2026-08-31,2026-09-06,1,dbbe45b033ef4cf2fb49ddad08594d713238006b06de55043335d71a6b5a0f9c,25,district,district_19,District 19,felony_theft,Felony Theft,year_to_date,percent_change,percent,2026,2024,2,-35.0,-0.35,-35%,,not_checkable,,,wilmington-compstat-v2,validated
weekly-2026-09-06-r1,weekly_compstat,2026-08-31,2026-09-06,1,dbbe45b033ef4cf2fb49ddad08594d713238006b06de55043335d71a6b5a0f9c,25,district,district_19,District 19,felony_theft,Felony Theft,year_to_date,percent_change,percent,2026,2023,3,-32.0,-0.32,-32%,,not_checkable,,,wilmington-compstat-v2,validated
weekly-2026-09-06-r1,weekly_compstat,2026-08-31,2026-09-06,1,dbbe45b033ef4cf2fb49ddad08594d713238006b06de55043335d71a6b5a0f9c,25,district,district_19,District 19,felony_theft,Felony Theft,year_to_date,percent_change,percent,2026,2022,4,-13.0,-0.13,-13%,,not_checkable,,,wilmington-compstat-v2,validated
weekly-2026-09-06-r1,weekly_compstat,2026-08-31,2026-09-06,1,dbbe45b033ef4cf2fb49ddad08594d713238006b06de55043335d71a6b5a0f9c,25,district,district_19,District 19,felony_theft,Felony Theft,year_to_date,percent_change,percent,2026,2021,5,-50.0,-0.5,-50%,,not_checkable,,,wilmington-compstat-v2,validated
weekly-2026-09-06-r1,weekly_compstat,2026-08-31,2026-09-06,1,dbbe45b033ef4cf2fb49ddad08594d713238006b06de55043335d71a6b5a0f9c,25,district,district_19,District 19,felony_theft,Felony Theft,year_to_date,percent_change,percent,2026,2020,6,-46.0,-0.46,-46%,,not_checkable,,,wilmington-compstat-v2,validated
weekly-2026-09-06-r1,weekly_compstat,2026-08-31,2026-09-06,1,dbbe45b033ef4cf2fb49ddad08594d713238006b06de55043335d71a6b5a0f9c,25,district,district_19,District 19,auto_theft,Auto Theft,last_7_days,count,count,2026,,,0,,0,,not_applicable,,,wilmington-compstat-v2,validated
weekly-2026-09-06-r1,weekly_compstat,2026-08-31,2026-09-06,1,dbbe45b033ef4cf2fb49ddad08594d713238006b06de55043335d71a6b5a0f9c,25,district,district_19,District 19,auto_theft,Auto Theft,last_7_days,count,count,2025,,,1,,1,,not_applicable,,,wilmington-compstat-v2,validated
weekly-2026-09-06-r1,weekly_compstat,2026-08-31,2026-09-06,1,dbbe45b033ef4cf2fb49ddad08594d713238006b06de55043335d71a6b5a0f9c,25,district,district_19,District 19,auto_theft,Auto Theft,last_7_days,percent_change,percent,2026,2025,1,-100.0,-1.0,-100%,-100.0,matched,,,wilmington-compstat-v2,validated
weekly-2026-09-06-r1,weekly_compstat,2026-08-31,2026-09-06,1,dbbe45b033ef4cf2fb49ddad08594d713238006b06de55043335d71a6b5a0f9c,25,district,district_19,District 19,auto_theft,Auto Theft,last_28_days,count,count,2026,,,2,,2,,not_applicable,,,wilmington-compstat-v2,validated
weekly-2026-09-06-r1,weekly_compstat,2026-08-31,2026-09-06,1,dbbe45b033ef4cf2fb49ddad08594d713238006b06de55043335d71a6b5a0f9c,25,district,district_19,District 19,auto_theft,Auto Theft,last_28_days,count,count,2025,,,4,,4,,not_applicable,,,wilmington-compstat-v2,validated
weekly-2026-09-06-r1,weekly_compstat,2026-08-31,2026-09-06,1,dbbe45b033ef4cf2fb49ddad08594d713238006b06de55043335d71a6b5a0f9c,25,district,district_19,District 19,auto_theft,Auto Theft,last_28_days,percent_change,percent,2026,2025,1,-50.0,-0.5,-50%,-50.0,matched,,,wilmington-compstat-v2,validated
weekly-2026-09-06-r1,weekly_compstat,2026-08-31,2026-09-06,1,dbbe45b033ef4cf2fb49ddad08594d713238006b06de55043335d71a6b5a0f9c,25,district,district_19,District 19,auto_theft,Auto Theft,year_to_date,count,count,2026,,,23,,23,,not_applicable,,,wilmington-compstat-v2,validated
weekly-2026-09-06-r1,weekly_compstat,2026-08-31,2026-09-06,1,dbbe45b033ef4cf2fb49ddad08594d713238006b06de55043335d71a6b5a0f9c,25,district,district_19,District 19,auto_theft,Auto Theft,year_to_date,count,count,2025,,,25,,25,,not_applicable,,,wilmington-compstat-v2,validated
weekly-2026-09-06-r1,weekly_compstat,2026-08-31,2026-09-06,1,dbbe45b033ef4cf2fb49ddad08594d713238006b06de55043335d71a6b5a0f9c,25,district,district_19,District 19,auto_theft,Auto Theft,year_to_date,percent_change,percent,2026,2025,1,-8.0,-0.08,-8%,-8.0,matched,,,wilmington-compstat-v2,validated
weekly-2026-09-06-r1,weekly_compstat,2026-08-31,2026-09-06,1,dbbe45b033ef4cf2fb49ddad08594d713238006b06de55043335d71a6b5a0f9c,25,district,district_19,District 19,auto_theft,Auto Theft,year_to_date,percent_change,percent,2026,2024,2,-12.0,-0.12,-12%,,not_checkable,,,wilmington-compstat-v2,validated
weekly-2026-09-06-r1,weekly_compstat,2026-08-31,2026-09-06,1,dbbe45b033ef4cf2fb49ddad08594d713238006b06de55043335d71a6b5a0f9c,25,district,district_19,District 19,auto_theft,Auto Theft,year_to_date,percent_change,percent,2026,2023,3,-8.0,-0.08,-8%,,not_checkable,,,wilmington-compstat-v2,validated
weekly-2026-09-06-r1,weekly_compstat,2026-08-31,2026-09-06,1,dbbe45b033ef4cf2fb49ddad08594d713238006b06de55043335d71a6b5a0f9c,25,district,district_19,District 19,auto_theft,Auto Theft,year_to_date,percent_change,percent,2026,2022,4,44.0,0.44,44%,,not_checkable,,,wilmington-compstat-v2,validated
weekly-2026-09-06-r1,weekly_compstat,2026-08-31,2026-09-06,1,dbbe45b033ef4cf2fb49ddad08594d713238006b06de55043335d71a6b5a0f9c,25,district,district_19,District 19,auto_theft,Auto Theft,year_to_date,percent_change,percent,2026,2021,5,53.0,0.53,53%,,not_checkable,,,wilmington-compstat-v2,validated
weekly-2026-09-06-r1,weekly_compstat,2026-08-31,2026-09-06,1,dbbe45b033ef4cf2fb49ddad08594d713238006b06de55043335d71a6b5a0f9c,25,district,district_19,District 19,auto_theft,Auto Theft,year_to_date,percent_change,percent,2026,2020,6,0.0,0.0,0%,,not_checkable,,,wilmington-compstat-v2,validated
weekly-2026-09-06-r1,weekly_compstat,2026-08-31,2026-09-06,1,dbbe45b033ef4cf2fb49ddad08594d713238006b06de55043335d71a6b5a0f9c,25,district,district_19,District 19,major_crime_total,TOTAL,last_7_days,count,count,2026,,,2,,2,,not_applicable,,,wilmington-compstat-v2,validated
weekly-2026-09-06-r1,weekly_compstat,2026-08-31,2026-09-06,1,dbbe45b033ef4cf2fb49ddad08594d713238006b06de55043335d71a6b5a0f9c,25,district,district_19,District 19,major_crime_total,TOTAL,last_7_days,count,count,2025,,,2,,2,,not_applicable,,,wilmington-compstat-v2,validated
weekly-2026-09-06-r1,weekly_compstat,2026-08-31,2026-09-06,1,dbbe45b033ef4cf2fb49ddad08594d713238006b06de55043335d71a6b5a0f9c,25,district,district_19,District 19,major_crime_total,TOTAL,last_7_days,percent_change,percent,2026,2025,1,0.0,0.0,0%,0.0,matched,,,wilmington-compstat-v2,validated
weekly-2026-09-06-r1,weekly_compstat,2026-08-31,2026-09-06,1,dbbe45b033ef4cf2fb49ddad08594d713238006b06de55043335d71a6b5a0f9c,25,district,district_19,District 19,major_crime_total,TOTAL,last_28_days,count,count,2026,,,6,,6,,not_applicable,,,wilmington-compstat-v2,validated
weekly-2026-09-06-r1,weekly_compstat,2026-08-31,2026-09-06,1,dbbe45b033ef4cf2fb49ddad08594d713238006b06de55043335d71a6b5a0f9c,25,district,district_19,District 19,major_crime_total,TOTAL,last_28_days,count,count,2025,,,9,,9,,not_applicable,,,wilmington-compstat-v2,validated
weekly-2026-09-06-r1,weekly_compstat,2026-08-31,2026-09-06,1,dbbe45b033ef4cf2fb49ddad08594d713238006b06de55043335d71a6b5a0f9c,25,district,district_19,District 19,major_crime_total,TOTAL,last_28_days,percent_change,percent,2026,2025,1,-33.0,-0.33,-33%,-33.333333,matched,,,wilmington-compstat-v2,validated
weekly-2026-09-06-r1,weekly_compstat,2026-08-31,2026-09-06,1,dbbe45b033ef4cf2fb49ddad08594d713238006b06de55043335d71a6b5a0f9c,25,district,district_19,District 19,major_crime_total,TOTAL,year_to_date,count,count,2026,,,85,,85,,not_applicable,,,wilmington-compstat-v2,validated
weekly-2026-09-06-r1,weekly_compstat,2026-08-31,2026-09-06,1,dbbe45b033ef4cf2fb49ddad08594d713238006b06de55043335d71a6b5a0f9c,25,district,district_19,District 19,major_crime_total,TOTAL,year_to_date,count,count,2025,,,81,,81,,not_applicable,,,wilmington-compstat-v2,validated
weekly-2026-09-06-r1,weekly_compstat,2026-08-31,2026-09-06,1,dbbe45b033ef4cf2fb49ddad08594d713238006b06de55043335d71a6b5a0f9c,25,district,district_19,District 19,major_crime_total,TOTAL,year_to_date,percent_change,percent,2026,2025,1,5.0,0.05,5%,4.938272,matched,,,wilmington-compstat-v2,validated
weekly-2026-09-06-r1,weekly_compstat,2026-08-31,2026-09-06,1,dbbe45b033ef4cf2fb49ddad08594d713238006b06de55043335d71a6b5a0f9c,25,district,district_19,District 19,major_crime_total,TOTAL,year_to_date,percent_change,percent,2026,2024,2,-1.0,-0.01,-1%,,not_checkable,,,wilmington-compstat-v2,validated
weekly-2026-09-06-r1,weekly_compstat,2026-08-31,2026-09-06,1,dbbe45b033ef4cf2fb49ddad08594d713238006b06de55043335d71a6b5a0f9c,25,district,district_19,District 19,major_crime_total,TOTAL,year_to_date,percent_change,percent,2026,2023,3,5.0,0.05,5%,,not_checkable,,,wilmington-compstat-v2,validated
weekly-2026-09-06-r1,weekly_compstat,2026-08-31,2026-09-06,1,dbbe45b033ef4cf2fb49ddad08594d713238006b06de55043335d71a6b5a0f9c,25,district,district_19,District 19,major_crime_total,TOTAL,year_to_date,percent_change,percent,2026,2022,4,21.0,0.21,21%,,not_checkable,,,wilmington-compstat-v2,validated
weekly-2026-09-06-r1,weekly_compstat,2026-08-31,2026-09-06,1,dbbe45b033ef4cf2fb49ddad08594d713238006b06de55043335d71a6b5a0f9c,25,district,district_19,District 19,major_crime_total,TOTAL,year_to_date,percent_change,percent,2026,2021,5,5.0,0.05,5%,,not_checkable,,,wilmington-compstat-v2,validated
weekly-2026-09-06-r1,weekly_compstat,2026-08-31,2026-09-06,1,dbbe45b033ef4cf2fb49ddad08594d713238006b06de55043335d71a6b5a0f9c,25,district,district_19,District 19,major_crime_total,TOTAL,year_to_date,percent_change,percent,2026,2020,6,-10.0,-0.1,-10%,,not_checkable,,,wilmington-compstat-v2,validated
weekly-2026-09-06-r1,weekly_compstat,2026-08-31,2026-09-06,1,dbbe45b033ef4cf2fb49ddad08594d713238006b06de55043335d71a6b5a0f9c,25,district,district_19,District 19,shooting_incidents,Shooting Incidents,last_7_days,count,count,2026,,,0,,0,,not_applicable,,,wilmington-compstat-v2,validated
weekly-2026-09-06-r1,weekly_compstat,2026-08-31,2026-09-06,1,dbbe45b033ef4cf2fb49ddad08594d713238006b06de55043335d71a6b5a0f9c,25,district,district_19,District 19,shooting_incidents,Shooting Incidents,last_7_days,count,count,2025,,,0,,0,,not_applicable,,,wilmington-compstat-v2,validated
weekly-2026-09-06-r1,weekly_compstat,2026-08-31,2026-09-06,1,dbbe45b033ef4cf2fb49ddad08594d713238006b06de55043335d71a6b5a0f9c,25,district,district_19,District 19,shooting_incidents,Shooting Incidents,last_7_days,percent_change,percent,2026,2025,1,,,*,,undefined_zero_denominator,,undefined_zero_denominator,wilmington-compstat-v2,validated
weekly-2026-09-06-r1,weekly_compstat,2026-08-31,2026-09-06,1,dbbe45b033ef4cf2fb49ddad08594d713238006b06de55043335d71a6b5a0f9c,25,district,district_19,District 19,shooting_incidents,Shooting Incidents,last_28_days,count,count,2026,,,0,,0,,not_applicable,,,wilmington-compstat-v2,validated
weekly-2026-09-06-r1,weekly_compstat,2026-08-31,2026-09-06,1,dbbe45b033ef4cf2fb49ddad08594d713238006b06de55043335d71a6b5a0f9c,25,district,district_19,District 19,shooting_incidents,Shooting Incidents,last_28_days,count,count,2025,,,0,,0,,not_applicable,,,wilmington-compstat-v2,validated
weekly-2026-09-06-r1,weekly_compstat,2026-08-31,2026-09-06,1,dbbe45b033ef4cf2fb49ddad08594d713238006b06de55043335d71a6b5a0f9c,25,district,district_19,District 19,shooting_incidents,Shooting Incidents,last_28_days,percent_change,percent,2026,2025,1,,,*,,undefined_zero_denominator,,undefined_zero_denominator,wilmington-compstat-v2,validated
weekly-2026-09-06-r1,weekly_compstat,2026-08-31,2026-09-06,1,dbbe45b033ef4cf2fb49ddad08594d713238006b06de55043335d71a6b5a0f9c,25,district,district_19,District 19,shooting_incidents,Shooting Incidents,year_to_date,count,count,2026,,,2,,2,,not_applicable,,,wilmington-compstat-v2,validated
weekly-2026-09-06-r1,weekly_compstat,2026-08-31,2026-09-06,1,dbbe45b033ef4cf2fb49ddad08594d713238006b06de55043335d71a6b5a0f9c,25,district,district_19,District 19,shooting_incidents,Shooting Incidents,year_to_date,count,count,2025,,,2,,2,,not_applicable,,,wilmington-compstat-v2,validated
weekly-2026-09-06-r1,weekly_compstat,2026-08-31,2026-09-06,1,dbbe45b033ef4cf2fb49ddad08594d713238006b06de55043335d71a6b5a0f9c,25,district,district_19,District 19,shooting_incidents,Shooting Incidents,year_to_date,percent_change,percent,2026,2025,1,0.0,0.0,0%,0.0,matched,,,wilmington-compstat-v2,validated
weekly-2026-09-06-r1,weekly_compstat,2026-08-31,2026-09-06,1,dbbe45b033ef4cf2fb49ddad08594d713238006b06de55043335d71a6b5a0f9c,25,district,district_19,District 19,shooting_incidents,Shooting Incidents,year_to_date,percent_change,percent,2026,2024,2,100.0,1.0,100%,,not_checkable,,,wilmington-compstat-v2,validated
weekly-2026-09-06-r1,weekly_compstat,2026-08-31,2026-09-06,1,dbbe45b033ef4cf2fb49ddad08594d713238006b06de55043335d71a6b5a0f9c,25,district,district_19,District 19,shooting_incidents,Shooting Incidents,year_to_date,percent_change,percent,2026,2023,3,-50.0,-0.5,-50%,,not_checkable,,,wilmington-compstat-v2,validated
weekly-2026-09-06-r1,weekly_compstat,2026-08-31,2026-09-06,1,dbbe45b033ef4cf2fb49ddad08594d713238006b06de55043335d71a6b5a0f9c,25,district,district_19,District 19,shooting_incidents,Shooting Incidents,year_to_date,percent_change,percent,2026,2022,4,,,*,,not_checkable,,undefined_zero_denominator,wilmington-compstat-v2,validated
weekly-2026-09-06-r1,weekly_compstat,2026-08-31,2026-09-06,1,dbbe45b033ef4cf2fb49ddad08594d713238006b06de55043335d71a6b5a0f9c,25,district,district_19,District 19,shooting_incidents,Shooting Incidents,year_to_date,percent_change,percent,2026,2021,5,,,*,,not_checkable,,undefined_zero_denominator,wilmington-compstat-v2,validated
weekly-2026-09-06-r1,weekly_compstat,2026-08-31,2026-09-06,1,dbbe45b033ef4cf2fb49ddad08594d713238006b06de55043335d71a6b5a0f9c,25,district,district_19,District 19,shooting_incidents,Shooting Incidents,year_to_date,percent_change,percent,2026,2020,6,0.0,0.0,0%,,not_checkable,,,wilmington-compstat-v2,validated
weekly-2026-09-06-r1,weekly_compstat,2026-08-31,2026-09-06,1,dbbe45b033ef4cf2fb49ddad08594d713238006b06de55043335d71a6b5a0f9c,25,district,district_19,District 19,shooting_victims,Shooting Victims,last_7_days,count,count,2026,,,0,,0,,not_applicable,,,wilmington-compstat-v2,validated
weekly-2026-09-06-r1,weekly_compstat,2026-08-31,2026-09-06,1,dbbe45b033ef4cf2fb49ddad08594d713238006b06de55043335d71a6b5a0f9c,25,district,district_19,District 19,shooting_victims,Shooting Victims,last_7_days,count,count,2025,,,0,,0,,not_applicable,,,wilmington-compstat-v2,validated
weekly-2026-09-06-r1,weekly_compstat,2026-08-31,2026-09-06,1,dbbe45b033ef4cf2fb49ddad08594d713238006b06de55043335d71a6b5a0f9c,25,district,district_19,District 19,shooting_victims,Shooting Victims,last_7_days,percent_change,percent,2026,2025,1,,,*,,undefined_zero_denominator,,undefined_zero_denominator,wilmington-compstat-v2,validated
weekly-2026-09-06-r1,weekly_compstat,2026-08-31,2026-09-06,1,dbbe45b033ef4cf2fb49ddad08594d713238006b06de55043335d71a6b5a0f9c,25,district,district_19,District 19,shooting_victims,Shooting Victims,last_28_days,count,count,2026,,,0,,0,,not_applicable,,,wilmington-compstat-v2,validated
weekly-2026-09-06-r1,weekly_compstat,2026-08-31,2026-09-06,1,dbbe45b033ef4cf2fb49ddad08594d713238006b06de55043335d71a6b5a0f9c,25,district,district_19,District 19,shooting_victims,Shooting Victims,last_28_days,count,count,2025,,,0,,0,,not_applicable,,,wilmington-compstat-v2,validated
weekly-2026-09-06-r1,weekly_compstat,2026-08-31,2026-09-06,1,dbbe45b033ef4cf2fb49ddad08594d713238006b06de55043335d71a6b5a0f9c,25,district,district_19,District 19,shooting_victims,Shooting Victims,last_28_days,percent_change,percent,2026,2025,1,,,*,,undefined_zero_denominator,,undefined_zero_denominator,wilmington-compstat-v2,validated
weekly-2026-09-06-r1,weekly_compstat,2026-08-31,2026-09-06,1,dbbe45b033ef4cf2fb49ddad08594d713238006b06de55043335d71a6b5a0f9c,25,district,district_19,District 19,shooting_victims,Shooting Victims,year_to_date,count,count,2026,,,3,,3,,not_applicable,,,wilmington-compstat-v2,validated
weekly-2026-09-06-r1,weekly_compstat,2026-08-31,2026-09-06,1,dbbe45b033ef4cf2fb49ddad08594d713238006b06de55043335d71a6b5a0f9c,25,district,district_19,District 19,shooting_victims,Shooting Victims,year_to_date,count,count,2025,,,2,,2,,not_applicable,,,wilmington-compstat-v2,validated
weekly-2026-09-06-r1,weekly_compstat,2026-08-31,2026-09-06,1,dbbe45b033ef4cf2fb49ddad08594d713238006b06de55043335d71a6b5a0f9c,25,district,district_19,District 19,shooting_victims,Shooting Victims,year_to_date,percent_change,percent,2026,2025,1,50.0,0.5,50%,50.0,matched,,,wilmington-compstat-v2,validated
weekly-2026-09-06-r1,weekly_compstat,2026-08-31,2026-09-06,1,dbbe45b033ef4cf2fb49ddad08594d713238006b06de55043335d71a6b5a0f9c,25,district,district_19,District 19,shooting_victims,Shooting Victims,year_to_date,percent_change,percent,2026,2024,2,200.0,2.0,200%,,not_checkable,,,wilmington-compstat-v2,validated
weekly-2026-09-06-r1,weekly_compstat,2026-08-31,2026-09-06,1,dbbe45b033ef4cf2fb49ddad08594d713238006b06de55043335d71a6b5a0f9c,25,district,district_19,District 19,shooting_victims,Shooting Victims,year_to_date,percent_change,percent,2026,2023,3,-25.0,-0.25,-25%,,not_checkable,,,wilmington-compstat-v2,validated
weekly-2026-09-06-r1,weekly_compstat,2026-08-31,2026-09-06,1,dbbe45b033ef4cf2fb49ddad08594d713238006b06de55043335d71a6b5a0f9c,25,district,district_19,District 19,shooting_victims,Shooting Victims,year_to_date,percent_change,percent,2026,2022,4,,,*,,not_checkable,,undefined_zero_denominator,wilmington-compstat-v2,validated
weekly-2026-09-06-r1,weekly_compstat,2026-08-31,2026-09-06,1,dbbe45b033ef4cf2fb49ddad08594d713238006b06de55043335d71a6b5a0f9c,25,district,district_19,District 19,shooting_victims,Shooting Victims,year_to_date,percent_change,percent,2026,2021,5,,,*,,not_checkable,,undefined_zero_denominator,wilmington-compstat-v2,validated
weekly-2026-09-06-r1,weekly_compstat,2026-08-31,2026-09-06,1,dbbe45b033ef4cf2fb49ddad08594d713238006b06de55043335d71a6b5a0f9c,25,district,district_19,District 19,shooting_victims,Shooting Victims,year_to_date,percent_change,percent,2026,2020,6,50.0,0.5,50%,,not_checkable,,,wilmington-compstat-v2,validated
weekly-2026-09-06-r1,weekly_compstat,2026-08-31,2026-09-06,1,dbbe45b033ef4cf2fb49ddad08594d713238006b06de55043335d71a6b5a0f9c,25,district,district_19,District 19,juvenile_shooting_incidents,*Juv Shooting Incidents,last_7_days,count,count,2026,,,0,,0,,not_applicable,,,wilmington-compstat-v2,validated
weekly-2026-09-06-r1,weekly_compstat,2026-08-31,2026-09-06,1,dbbe45b033ef4cf2fb49ddad08594d713238006b06de55043335d71a6b5a0f9c,25,district,district_19,District 19,juvenile_shooting_incidents,*Juv Shooting Incidents,last_7_days,count,count,2025,,,0,,0,,not_applicable,,,wilmington-compstat-v2,validated
weekly-2026-09-06-r1,weekly_compstat,2026-08-31,2026-09-06,1,dbbe45b033ef4cf2fb49ddad08594d713238006b06de55043335d71a6b5a0f9c,25,district,district_19,District 19,juvenile_shooting_incidents,*Juv Shooting Incidents,last_7_days,percent_change,percent,2026,2025,1,,,*,,undefined_zero_denominator,,undefined_zero_denominator,wilmington-compstat-v2,validated
weekly-2026-09-06-r1,weekly_compstat,2026-08-31,2026-09-06,1,dbbe45b033ef4cf2fb49ddad08594d713238006b06de55043335d71a6b5a0f9c,25,district,district_19,District 19,juvenile_shooting_incidents,*Juv Shooting Incidents,last_28_days,count,count,2026,,,0,,0,,not_applicable,,,wilmington-compstat-v2,validated
weekly-2026-09-06-r1,weekly_compstat,2026-08-31,2026-09-06,1,dbbe45b033ef4cf2fb49ddad08594d713238006b06de55043335d71a6b5a0f9c,25,district,district_19,District 19,juvenile_shooting_incidents,*Juv Shooting Incidents,last_28_days,count,count,2025,,,0,,0,,not_applicable,,,wilmington-compstat-v2,validated
weekly-2026-09-06-r1,weekly_compstat,2026-08-31,2026-09-06,1,dbbe45b033ef4cf2fb49ddad08594d713238006b06de55043335d71a6b5a0f9c,25,district,district_19,District 19,juvenile_shooting_incidents,*Juv Shooting Incidents,last_28_days,percent_change,percent,2026,2025,1,,,*,,undefined_zero_denominator,,undefined_zero_denominator,wilmington-compstat-v2,validated
weekly-2026-09-06-r1,weekly_compstat,2026-08-31,2026-09-06,1,dbbe45b033ef4cf2fb49ddad08594d713238006b06de55043335d71a6b5a0f9c,25,district,district_19,District 19,juvenile_shooting_incidents,*Juv Shooting Incidents,year_to_date,count,count,2026,,,1,,1,,not_applicable,,,wilmington-compstat-v2,validated
weekly-2026-09-06-r1,weekly_compstat,2026-08-31,2026-09-06,1,dbbe45b033ef4cf2fb49ddad08594d713238006b06de55043335d71a6b5a0f9c,25,district,district_19,District 19,juvenile_shooting_incidents,*Juv Shooting Incidents,year_to_date,count,count,2025,,,0,,0,,not_applicable,,,wilmington-compstat-v2,validated
weekly-2026-09-06-r1,weekly_compstat,2026-08-31,2026-09-06,1,dbbe45b033ef4cf2fb49ddad08594d713238006b06de55043335d71a6b5a0f9c,25,district,district_19,District 19,juvenile_shooting_incidents,*Juv Shooting Incidents,year_to_date,percent_change,percent,2026,2025,1,,,*,,undefined_zero_denominator,,undefined_zero_denominator,wilmington-compstat-v2,validated
weekly-2026-09-06-r1,weekly_compstat,2026-08-31,2026-09-06,1,dbbe45b033ef4cf2fb49ddad08594d713238006b06de55043335d71a6b5a0f9c,25,district,district_19,District 19,juvenile_shooting_incidents,*Juv Shooting Incidents,year_to_date,percent_change,percent,2026,2024,2,,,*,,not_checkable,,undefined_zero_denominator,wilmington-compstat-v2,validated
weekly-2026-09-06-r1,weekly_compstat,2026-08-31,2026-09-06,1,dbbe45b033ef4cf2fb49ddad08594d713238006b06de55043335d71a6b5a0f9c,25,district,district_19,District 19,juvenile_shooting_incidents,*Juv Shooting Incidents,year_to_date,percent_change,percent,2026,2023,3,,,*,,not_checkable,,undefined_zero_denominator,wilmington-compstat-v2,validated
weekly-2026-09-06-r1,weekly_compstat,2026-08-31,2026-09-06,1,dbbe45b033ef4cf2fb49ddad08594d713238006b06de55043335d71a6b5a0f9c,25,district,district_19,District 19,juvenile_shooting_incidents,*Juv Shooting Incidents,year_to_date,percent_change,percent,2026,2022,4,,,*,,not_checkable,,undefined_zero_denominator,wilmington-compstat-v2,validated
weekly-2026-09-06-r1,weekly_compstat,2026-08-31,2026-09-06,1,dbbe45b033ef4cf2fb49ddad08594d713238006b06de55043335d71a6b5a0f9c,25,district,district_19,District 19,juvenile_shooting_incidents,*Juv Shooting Incidents,year_to_date,percent_change,percent,2026,2021,5,,,*,,not_checkable,,undefined_zero_denominator,wilmington-compstat-v2,validated
weekly-2026-09-06-r1,weekly_compstat,2026-08-31,2026-09-06,1,dbbe45b033ef4cf2fb49ddad08594d713238006b06de55043335d71a6b5a0f9c,25,district,district_19,District 19,juvenile_shooting_incidents,*Juv Shooting Incidents,year_to_date,percent_change,percent,2026,2020,6,0.0,0.0,0%,,not_checkable,,,wilmington-compstat-v2,validated
weekly-2026-09-06-r1,weekly_compstat,2026-08-31,2026-09-06,1,dbbe45b033ef4cf2fb49ddad08594d713238006b06de55043335d71a6b5a0f9c,25,district,district_19,District 19,juvenile_shooting_victims,*Juv Shooting Victims,last_7_days,count,count,2026,,,0,,0,,not_applicable,,,wilmington-compstat-v2,validated
weekly-2026-09-06-r1,weekly_compstat,2026-08-31,2026-09-06,1,dbbe45b033ef4cf2fb49ddad08594d713238006b06de55043335d71a6b5a0f9c,25,district,district_19,District 19,juvenile_shooting_victims,*Juv Shooting Victims,last_7_days,count,count,2025,,,0,,0,,not_applicable,,,wilmington-compstat-v2,validated
weekly-2026-09-06-r1,weekly_compstat,2026-08-31,2026-09-06,1,dbbe45b033ef4cf2fb49ddad08594d713238006b06de55043335d71a6b5a0f9c,25,district,district_19,District 19,juvenile_shooting_victims,*Juv Shooting Victims,last_7_days,percent_change,percent,2026,2025,1,,,*,,undefined_zero_denominator,,undefined_zero_denominator,wilmington-compstat-v2,validated
weekly-2026-09-06-r1,weekly_compstat,2026-08-31,2026-09-06,1,dbbe45b033ef4cf2fb49ddad08594d713238006b06de55043335d71a6b5a0f9c,25,district,district_19,District 19,juvenile_shooting_victims,*Juv Shooting Victims,last_28_days,count,count,2026,,,0,,0,,not_applicable,,,wilmington-compstat-v2,validated
weekly-2026-09-06-r1,weekly_compstat,2026-08-31,2026-09-06,1,dbbe45b033ef4cf2fb49ddad08594d713238006b06de55043335d71a6b5a0f9c,25,district,district_19,District 19,juvenile_shooting_victims,*Juv Shooting Victims,last_28_days,count,count,2025,,,0,,0,,not_applicable,,,wilmington-compstat-v2,validated
weekly-2026-09-06-r1,weekly_compstat,2026-08-31,2026-09-06,1,dbbe45b033ef4cf2fb49ddad08594d713238006b06de55043335d71a6b5a0f9c,25,district,district_19,District 19,juvenile_shooting_victims,*Juv Shooting Victims,last_28_days,percent_change,percent,2026,2025,1,,,*,,undefined_zero_denominator,,undefined_zero_denominator,wilmington-compstat-v2,validated
weekly-2026-09-06-r1,weekly_compstat,2026-08-31,2026-09-06,1,dbbe45b033ef4cf2fb49ddad08594d713238006b06de55043335d71a6b5a0f9c,25,district,district_19,District 19,juvenile_shooting_victims,*Juv Shooting Victims,year_to_date,count,count,2026,,,1,,1,,not_applicable,,,wilmington-compstat-v2,validated
weekly-2026-09-06-r1,weekly_compstat,2026-08-31,2026-09-06,1,dbbe45b033ef4cf2fb49ddad08594d713238006b06de55043335d71a6b5a0f9c,25,district,district_19,District 19,juvenile_shooting_victims,*Juv Shooting Victims,year_to_date,count,count,2025,,,0,,0,,not_applicable,,,wilmington-compstat-v2,validated
weekly-2026-09-06-r1,weekly_compstat,2026-08-31,2026-09-06,1,dbbe45b033ef4cf2fb49ddad08594d713238006b06de55043335d71a6b5a0f9c,25,district,district_19,District 19,juvenile_shooting_victims,*Juv Shooting Victims,year_to_date,percent_change,percent,2026,2025,1,,,*,,undefined_zero_denominator,,undefined_zero_denominator,wilmington-compstat-v2,validated
weekly-2026-09-06-r1,weekly_compstat,2026-08-31,2026-09-06,1,dbbe45b033ef4cf2fb49ddad08594d713238006b06de55043335d71a6b5a0f9c,25,district,district_19,District 19,juvenile_shooting_victims,*Juv Shooting Victims,year_to_date,percent_change,percent,2026,2024,2,,,*,,not_checkable,,undefined_zero_denominator,wilmington-compstat-v2,validated
weekly-2026-09-06-r1,weekly_compstat,2026-08-31,2026-09-06,1,dbbe45b033ef4cf2fb49ddad08594d713238006b06de55043335d71a6b5a0f9c,25,district,district_19,District 19,juvenile_shooting_victims,*Juv Shooting Victims,year_to_date,percent_change,percent,2026,2023,3,,,*,,not_checkable,,undefined_zero_denominator,wilmington-compstat-v2,validated
weekly-2026-09-06-r1,weekly_compstat,2026-08-31,2026-09-06,1,dbbe45b033ef4cf2fb49ddad08594d713238006b06de55043335d71a6b5a0f9c,25,district,district_19,District 19,juvenile_shooting_victims,*Juv Shooting Victims,year_to_date,percent_change,percent,2026,2022,4,,,*,,not_checkable,,undefined_zero_denominator,wilmington-compstat-v2,validated
weekly-2026-09-06-r1,weekly_compstat,2026-08-31,2026-09-06,1,dbbe45b033ef4cf2fb49ddad08594d713238006b06de55043335d71a6b5a0f9c,25,district,district_19,District 19,juvenile_shooting_victims,*Juv Shooting Victims,year_to_date,percent_change,percent,2026,2021,5,,,*,,not_checkable,,undefined_zero_denominator,wilmington-compstat-v2,validated
weekly-2026-09-06-r1,weekly_compstat,2026-08-31,2026-09-06,1,dbbe45b033ef4cf2fb49ddad08594d713238006b06de55043335d71a6b5a0f9c,25,district,district_19,District 19,juvenile_shooting_victims,*Juv Shooting Victims,year_to_date,percent_change,percent,2026,2020,6,0.0,0.0,0%,,not_checkable,,,wilmington-compstat-v2,validated
weekly-2026-09-06-r1,weekly_compstat,2026-08-31,2026-09-06,1,dbbe45b033ef4cf2fb49ddad08594d713238006b06de55043335d71a6b5a0f9c,25,district,district_19,District 19,misdemeanor_theft,Theft (Misdemeanor),last_7_days,count,count,2026,,,1,,1,,not_applicable,,,wilmington-compstat-v2,validated
weekly-2026-09-06-r1,weekly_compstat,2026-08-31,2026-09-06,1,dbbe45b033ef4cf2fb49ddad08594d713238006b06de55043335d71a6b5a0f9c,25,district,district_19,District 19,misdemeanor_theft,Theft (Misdemeanor),last_7_days,count,count,2025,,,2,,2,,not_applicable,,,wilmington-compstat-v2,validated
weekly-2026-09-06-r1,weekly_compstat,2026-08-31,2026-09-06,1,dbbe45b033ef4cf2fb49ddad08594d713238006b06de55043335d71a6b5a0f9c,25,district,district_19,District 19,misdemeanor_theft,Theft (Misdemeanor),last_7_days,percent_change,percent,2026,2025,1,-50.0,-0.5,-50%,-50.0,matched,,,wilmington-compstat-v2,validated
weekly-2026-09-06-r1,weekly_compstat,2026-08-31,2026-09-06,1,dbbe45b033ef4cf2fb49ddad08594d713238006b06de55043335d71a6b5a0f9c,25,district,district_19,District 19,misdemeanor_theft,Theft (Misdemeanor),last_28_days,count,count,2026,,,7,,7,,not_applicable,,,wilmington-compstat-v2,validated
weekly-2026-09-06-r1,weekly_compstat,2026-08-31,2026-09-06,1,dbbe45b033ef4cf2fb49ddad08594d713238006b06de55043335d71a6b5a0f9c,25,district,district_19,District 19,misdemeanor_theft,Theft (Misdemeanor),last_28_days,count,count,2025,,,11,,11,,not_applicable,,,wilmington-compstat-v2,validated
weekly-2026-09-06-r1,weekly_compstat,2026-08-31,2026-09-06,1,dbbe45b033ef4cf2fb49ddad08594d713238006b06de55043335d71a6b5a0f9c,25,district,district_19,District 19,misdemeanor_theft,Theft (Misdemeanor),last_28_days,percent_change,percent,2026,2025,1,-36.0,-0.36,-36%,-36.363636,matched,,,wilmington-compstat-v2,validated
weekly-2026-09-06-r1,weekly_compstat,2026-08-31,2026-09-06,1,dbbe45b033ef4cf2fb49ddad08594d713238006b06de55043335d71a6b5a0f9c,25,district,district_19,District 19,misdemeanor_theft,Theft (Misdemeanor),year_to_date,count,count,2026,,,51,,51,,not_applicable,,,wilmington-compstat-v2,validated
weekly-2026-09-06-r1,weekly_compstat,2026-08-31,2026-09-06,1,dbbe45b033ef4cf2fb49ddad08594d713238006b06de55043335d71a6b5a0f9c,25,district,district_19,District 19,misdemeanor_theft,Theft (Misdemeanor),year_to_date,count,count,2025,,,71,,71,,not_applicable,,,wilmington-compstat-v2,validated
weekly-2026-09-06-r1,weekly_compstat,2026-08-31,2026-09-06,1,dbbe45b033ef4cf2fb49ddad08594d713238006b06de55043335d71a6b5a0f9c,25,district,district_19,District 19,misdemeanor_theft,Theft (Misdemeanor),year_to_date,percent_change,percent,2026,2025,1,-28.0,-0.28,-28%,-28.169014,matched,,,wilmington-compstat-v2,validated
weekly-2026-09-06-r1,weekly_compstat,2026-08-31,2026-09-06,1,dbbe45b033ef4cf2fb49ddad08594d713238006b06de55043335d71a6b5a0f9c,25,district,district_19,District 19,misdemeanor_theft,Theft (Misdemeanor),year_to_date,percent_change,percent,2026,2024,2,-24.0,-0.24,-24%,,not_checkable,,,wilmington-compstat-v2,validated
weekly-2026-09-06-r1,weekly_compstat,2026-08-31,2026-09-06,1,dbbe45b033ef4cf2fb49ddad08594d713238006b06de55043335d71a6b5a0f9c,25,district,district_19,District 19,misdemeanor_theft,Theft (Misdemeanor),year_to_date,percent_change,percent,2026,2023,3,-39.0,-0.39,-39%,,not_checkable,,,wilmington-compstat-v2,validated
weekly-2026-09-06-r1,weekly_compstat,2026-08-31,2026-09-06,1,dbbe45b033ef4cf2fb49ddad08594d713238006b06de55043335d71a6b5a0f9c,25,district,district_19,District 19,misdemeanor_theft,Theft (Misdemeanor),year_to_date,percent_change,percent,2026,2022,4,-32.0,-0.32,-32%,,not_checkable,,,wilmington-compstat-v2,validated
weekly-2026-09-06-r1,weekly_compstat,2026-08-31,2026-09-06,1,dbbe45b033ef4cf2fb49ddad08594d713238006b06de55043335d71a6b5a0f9c,25,district,district_19,District 19,misdemeanor_theft,Theft (Misdemeanor),year_to_date,percent_change,percent,2026,2021,5,-36.0,-0.36,-36%,,not_checkable,,,wilmington-compstat-v2,validated
weekly-2026-09-06-r1,weekly_compstat,2026-08-31,2026-09-06,1,dbbe45b033ef4cf2fb49ddad08594d713238006b06de55043335d71a6b5a0f9c,25,district,district_19,District 19,misdemeanor_theft,Theft (Misdemeanor),year_to_date,percent_change,percent,2026,2020,6,-32.0,-0.32,-32%,,not_checkable,,,wilmington-compstat-v2,validated
