report_id,report_type,report_start,report_end,report_revision,source_sha256,source_page,geography_type,geography_code,geography_label,offense_code,offense_label,period,statistic,value_unit,observation_year,comparison_year,comparison_lag_years,value_numeric,value_ratio,value_reported,calculated_value_numeric,calculation_status,quality_flag,null_reason,extraction_version,validation_status
weekly-2026-08-16-r1,weekly_compstat,2026-08-10,2026-08-16,1,7d23f10cc3e90aaa48cbc3bc24227cb4b6b80a37030aa250dc8b08f3ed7f5917,1,citywide,citywide,Citywide,murder,Murder,last_7_days,count,count,2026,,,0,,0,,not_applicable,,,wilmington-compstat-v2,validated
weekly-2026-08-16-r1,weekly_compstat,2026-08-10,2026-08-16,1,7d23f10cc3e90aaa48cbc3bc24227cb4b6b80a37030aa250dc8b08f3ed7f5917,1,citywide,citywide,Citywide,murder,Murder,last_7_days,count,count,2025,,,1,,1,,not_applicable,,,wilmington-compstat-v2,validated
weekly-2026-08-16-r1,weekly_compstat,2026-08-10,2026-08-16,1,7d23f10cc3e90aaa48cbc3bc24227cb4b6b80a37030aa250dc8b08f3ed7f5917,1,citywide,citywide,Citywide,murder,Murder,last_7_days,percent_change,percent,2026,2025,1,-100.0,-1.0,-100%,-100.0,matched,,,wilmington-compstat-v2,validated
weekly-2026-08-16-r1,weekly_compstat,2026-08-10,2026-08-16,1,7d23f10cc3e90aaa48cbc3bc24227cb4b6b80a37030aa250dc8b08f3ed7f5917,1,citywide,citywide,Citywide,murder,Murder,last_28_days,count,count,2026,,,0,,0,,not_applicable,,,wilmington-compstat-v2,validated
weekly-2026-08-16-r1,weekly_compstat,2026-08-10,2026-08-16,1,7d23f10cc3e90aaa48cbc3bc24227cb4b6b80a37030aa250dc8b08f3ed7f5917,1,citywide,citywide,Citywide,murder,Murder,last_28_days,count,count,2025,,,3,,3,,not_applicable,,,wilmington-compstat-v2,validated
weekly-2026-08-16-r1,weekly_compstat,2026-08-10,2026-08-16,1,7d23f10cc3e90aaa48cbc3bc24227cb4b6b80a37030aa250dc8b08f3ed7f5917,1,citywide,citywide,Citywide,murder,Murder,last_28_days,percent_change,percent,2026,2025,1,-100.0,-1.0,-100%,-100.0,matched,,,wilmington-compstat-v2,validated
weekly-2026-08-16-r1,weekly_compstat,2026-08-10,2026-08-16,1,7d23f10cc3e90aaa48cbc3bc24227cb4b6b80a37030aa250dc8b08f3ed7f5917,1,citywide,citywide,Citywide,murder,Murder,year_to_date,count,count,2026,,,7,,7,,not_applicable,,,wilmington-compstat-v2,validated
weekly-2026-08-16-r1,weekly_compstat,2026-08-10,2026-08-16,1,7d23f10cc3e90aaa48cbc3bc24227cb4b6b80a37030aa250dc8b08f3ed7f5917,1,citywide,citywide,Citywide,murder,Murder,year_to_date,count,count,2025,,,10,,10,,not_applicable,,,wilmington-compstat-v2,validated
weekly-2026-08-16-r1,weekly_compstat,2026-08-10,2026-08-16,1,7d23f10cc3e90aaa48cbc3bc24227cb4b6b80a37030aa250dc8b08f3ed7f5917,1,citywide,citywide,Citywide,murder,Murder,year_to_date,percent_change,percent,2026,2025,1,-30.0,-0.3,-30%,-30.0,matched,,,wilmington-compstat-v2,validated
weekly-2026-08-16-r1,weekly_compstat,2026-08-10,2026-08-16,1,7d23f10cc3e90aaa48cbc3bc24227cb4b6b80a37030aa250dc8b08f3ed7f5917,1,citywide,citywide,Citywide,murder,Murder,year_to_date,percent_change,percent,2026,2024,2,-42.0,-0.42,-42%,,not_checkable,,,wilmington-compstat-v2,validated
weekly-2026-08-16-r1,weekly_compstat,2026-08-10,2026-08-16,1,7d23f10cc3e90aaa48cbc3bc24227cb4b6b80a37030aa250dc8b08f3ed7f5917,1,citywide,citywide,Citywide,murder,Murder,year_to_date,percent_change,percent,2026,2023,3,-30.0,-0.3,-30%,,not_checkable,,,wilmington-compstat-v2,validated
weekly-2026-08-16-r1,weekly_compstat,2026-08-10,2026-08-16,1,7d23f10cc3e90aaa48cbc3bc24227cb4b6b80a37030aa250dc8b08f3ed7f5917,1,citywide,citywide,Citywide,murder,Murder,year_to_date,percent_change,percent,2026,2022,4,-42.0,-0.42,-42%,,not_checkable,,,wilmington-compstat-v2,validated
weekly-2026-08-16-r1,weekly_compstat,2026-08-10,2026-08-16,1,7d23f10cc3e90aaa48cbc3bc24227cb4b6b80a37030aa250dc8b08f3ed7f5917,1,citywide,citywide,Citywide,murder,Murder,year_to_date,percent_change,percent,2026,2021,5,-71.0,-0.71,-71%,,not_checkable,,,wilmington-compstat-v2,validated
weekly-2026-08-16-r1,weekly_compstat,2026-08-10,2026-08-16,1,7d23f10cc3e90aaa48cbc3bc24227cb4b6b80a37030aa250dc8b08f3ed7f5917,1,citywide,citywide,Citywide,murder,Murder,year_to_date,percent_change,percent,2026,2020,6,-59.0,-0.59,-59%,,not_checkable,,,wilmington-compstat-v2,validated
weekly-2026-08-16-r1,weekly_compstat,2026-08-10,2026-08-16,1,7d23f10cc3e90aaa48cbc3bc24227cb4b6b80a37030aa250dc8b08f3ed7f5917,1,citywide,citywide,Citywide,rape,Rape,last_7_days,count,count,2026,,,0,,0,,not_applicable,,,wilmington-compstat-v2,validated
weekly-2026-08-16-r1,weekly_compstat,2026-08-10,2026-08-16,1,7d23f10cc3e90aaa48cbc3bc24227cb4b6b80a37030aa250dc8b08f3ed7f5917,1,citywide,citywide,Citywide,rape,Rape,last_7_days,count,count,2025,,,0,,0,,not_applicable,,,wilmington-compstat-v2,validated
weekly-2026-08-16-r1,weekly_compstat,2026-08-10,2026-08-16,1,7d23f10cc3e90aaa48cbc3bc24227cb4b6b80a37030aa250dc8b08f3ed7f5917,1,citywide,citywide,Citywide,rape,Rape,last_7_days,percent_change,percent,2026,2025,1,,,*,,undefined_zero_denominator,,undefined_zero_denominator,wilmington-compstat-v2,validated
weekly-2026-08-16-r1,weekly_compstat,2026-08-10,2026-08-16,1,7d23f10cc3e90aaa48cbc3bc24227cb4b6b80a37030aa250dc8b08f3ed7f5917,1,citywide,citywide,Citywide,rape,Rape,last_28_days,count,count,2026,,,3,,3,,not_applicable,,,wilmington-compstat-v2,validated
weekly-2026-08-16-r1,weekly_compstat,2026-08-10,2026-08-16,1,7d23f10cc3e90aaa48cbc3bc24227cb4b6b80a37030aa250dc8b08f3ed7f5917,1,citywide,citywide,Citywide,rape,Rape,last_28_days,count,count,2025,,,0,,0,,not_applicable,,,wilmington-compstat-v2,validated
weekly-2026-08-16-r1,weekly_compstat,2026-08-10,2026-08-16,1,7d23f10cc3e90aaa48cbc3bc24227cb4b6b80a37030aa250dc8b08f3ed7f5917,1,citywide,citywide,Citywide,rape,Rape,last_28_days,percent_change,percent,2026,2025,1,,,*,,undefined_zero_denominator,,undefined_zero_denominator,wilmington-compstat-v2,validated
weekly-2026-08-16-r1,weekly_compstat,2026-08-10,2026-08-16,1,7d23f10cc3e90aaa48cbc3bc24227cb4b6b80a37030aa250dc8b08f3ed7f5917,1,citywide,citywide,Citywide,rape,Rape,year_to_date,count,count,2026,,,3,,3,,not_applicable,,,wilmington-compstat-v2,validated
weekly-2026-08-16-r1,weekly_compstat,2026-08-10,2026-08-16,1,7d23f10cc3e90aaa48cbc3bc24227cb4b6b80a37030aa250dc8b08f3ed7f5917,1,citywide,citywide,Citywide,rape,Rape,year_to_date,count,count,2025,,,1,,1,,not_applicable,,,wilmington-compstat-v2,validated
weekly-2026-08-16-r1,weekly_compstat,2026-08-10,2026-08-16,1,7d23f10cc3e90aaa48cbc3bc24227cb4b6b80a37030aa250dc8b08f3ed7f5917,1,citywide,citywide,Citywide,rape,Rape,year_to_date,percent_change,percent,2026,2025,1,200.0,2.0,200%,200.0,matched,,,wilmington-compstat-v2,validated
weekly-2026-08-16-r1,weekly_compstat,2026-08-10,2026-08-16,1,7d23f10cc3e90aaa48cbc3bc24227cb4b6b80a37030aa250dc8b08f3ed7f5917,1,citywide,citywide,Citywide,rape,Rape,year_to_date,percent_change,percent,2026,2024,2,50.0,0.5,50%,,not_checkable,,,wilmington-compstat-v2,validated
weekly-2026-08-16-r1,weekly_compstat,2026-08-10,2026-08-16,1,7d23f10cc3e90aaa48cbc3bc24227cb4b6b80a37030aa250dc8b08f3ed7f5917,1,citywide,citywide,Citywide,rape,Rape,year_to_date,percent_change,percent,2026,2023,3,0.0,0.0,0%,,not_checkable,,,wilmington-compstat-v2,validated
weekly-2026-08-16-r1,weekly_compstat,2026-08-10,2026-08-16,1,7d23f10cc3e90aaa48cbc3bc24227cb4b6b80a37030aa250dc8b08f3ed7f5917,1,citywide,citywide,Citywide,rape,Rape,year_to_date,percent_change,percent,2026,2022,4,-67.0,-0.67,-67%,,not_checkable,,,wilmington-compstat-v2,validated
weekly-2026-08-16-r1,weekly_compstat,2026-08-10,2026-08-16,1,7d23f10cc3e90aaa48cbc3bc24227cb4b6b80a37030aa250dc8b08f3ed7f5917,1,citywide,citywide,Citywide,rape,Rape,year_to_date,percent_change,percent,2026,2021,5,-25.0,-0.25,-25%,,not_checkable,,,wilmington-compstat-v2,validated
weekly-2026-08-16-r1,weekly_compstat,2026-08-10,2026-08-16,1,7d23f10cc3e90aaa48cbc3bc24227cb4b6b80a37030aa250dc8b08f3ed7f5917,1,citywide,citywide,Citywide,rape,Rape,year_to_date,percent_change,percent,2026,2020,6,-40.0,-0.4,-40%,,not_checkable,,,wilmington-compstat-v2,validated
weekly-2026-08-16-r1,weekly_compstat,2026-08-10,2026-08-16,1,7d23f10cc3e90aaa48cbc3bc24227cb4b6b80a37030aa250dc8b08f3ed7f5917,1,citywide,citywide,Citywide,robbery,Robbery,last_7_days,count,count,2026,,,2,,2,,not_applicable,,,wilmington-compstat-v2,validated
weekly-2026-08-16-r1,weekly_compstat,2026-08-10,2026-08-16,1,7d23f10cc3e90aaa48cbc3bc24227cb4b6b80a37030aa250dc8b08f3ed7f5917,1,citywide,citywide,Citywide,robbery,Robbery,last_7_days,count,count,2025,,,2,,2,,not_applicable,,,wilmington-compstat-v2,validated
weekly-2026-08-16-r1,weekly_compstat,2026-08-10,2026-08-16,1,7d23f10cc3e90aaa48cbc3bc24227cb4b6b80a37030aa250dc8b08f3ed7f5917,1,citywide,citywide,Citywide,robbery,Robbery,last_7_days,percent_change,percent,2026,2025,1,0.0,0.0,0%,0.0,matched,,,wilmington-compstat-v2,validated
weekly-2026-08-16-r1,weekly_compstat,2026-08-10,2026-08-16,1,7d23f10cc3e90aaa48cbc3bc24227cb4b6b80a37030aa250dc8b08f3ed7f5917,1,citywide,citywide,Citywide,robbery,Robbery,last_28_days,count,count,2026,,,16,,16,,not_applicable,,,wilmington-compstat-v2,validated
weekly-2026-08-16-r1,weekly_compstat,2026-08-10,2026-08-16,1,7d23f10cc3e90aaa48cbc3bc24227cb4b6b80a37030aa250dc8b08f3ed7f5917,1,citywide,citywide,Citywide,robbery,Robbery,last_28_days,count,count,2025,,,23,,23,,not_applicable,,,wilmington-compstat-v2,validated
weekly-2026-08-16-r1,weekly_compstat,2026-08-10,2026-08-16,1,7d23f10cc3e90aaa48cbc3bc24227cb4b6b80a37030aa250dc8b08f3ed7f5917,1,citywide,citywide,Citywide,robbery,Robbery,last_28_days,percent_change,percent,2026,2025,1,-30.0,-0.3,-30%,-30.434783,matched,,,wilmington-compstat-v2,validated
weekly-2026-08-16-r1,weekly_compstat,2026-08-10,2026-08-16,1,7d23f10cc3e90aaa48cbc3bc24227cb4b6b80a37030aa250dc8b08f3ed7f5917,1,citywide,citywide,Citywide,robbery,Robbery,year_to_date,count,count,2026,,,134,,134,,not_applicable,,,wilmington-compstat-v2,validated
weekly-2026-08-16-r1,weekly_compstat,2026-08-10,2026-08-16,1,7d23f10cc3e90aaa48cbc3bc24227cb4b6b80a37030aa250dc8b08f3ed7f5917,1,citywide,citywide,Citywide,robbery,Robbery,year_to_date,count,count,2025,,,121,,121,,not_applicable,,,wilmington-compstat-v2,validated
weekly-2026-08-16-r1,weekly_compstat,2026-08-10,2026-08-16,1,7d23f10cc3e90aaa48cbc3bc24227cb4b6b80a37030aa250dc8b08f3ed7f5917,1,citywide,citywide,Citywide,robbery,Robbery,year_to_date,percent_change,percent,2026,2025,1,11.0,0.11,11%,10.743802,matched,,,wilmington-compstat-v2,validated
weekly-2026-08-16-r1,weekly_compstat,2026-08-10,2026-08-16,1,7d23f10cc3e90aaa48cbc3bc24227cb4b6b80a37030aa250dc8b08f3ed7f5917,1,citywide,citywide,Citywide,robbery,Robbery,year_to_date,percent_change,percent,2026,2024,2,25.0,0.25,25%,,not_checkable,,,wilmington-compstat-v2,validated
weekly-2026-08-16-r1,weekly_compstat,2026-08-10,2026-08-16,1,7d23f10cc3e90aaa48cbc3bc24227cb4b6b80a37030aa250dc8b08f3ed7f5917,1,citywide,citywide,Citywide,robbery,Robbery,year_to_date,percent_change,percent,2026,2023,3,11.0,0.11,11%,,not_checkable,,,wilmington-compstat-v2,validated
weekly-2026-08-16-r1,weekly_compstat,2026-08-10,2026-08-16,1,7d23f10cc3e90aaa48cbc3bc24227cb4b6b80a37030aa250dc8b08f3ed7f5917,1,citywide,citywide,Citywide,robbery,Robbery,year_to_date,percent_change,percent,2026,2022,4,3.0,0.03,3%,,not_checkable,,,wilmington-compstat-v2,validated
weekly-2026-08-16-r1,weekly_compstat,2026-08-10,2026-08-16,1,7d23f10cc3e90aaa48cbc3bc24227cb4b6b80a37030aa250dc8b08f3ed7f5917,1,citywide,citywide,Citywide,robbery,Robbery,year_to_date,percent_change,percent,2026,2021,5,19.0,0.19,19%,,not_checkable,,,wilmington-compstat-v2,validated
weekly-2026-08-16-r1,weekly_compstat,2026-08-10,2026-08-16,1,7d23f10cc3e90aaa48cbc3bc24227cb4b6b80a37030aa250dc8b08f3ed7f5917,1,citywide,citywide,Citywide,robbery,Robbery,year_to_date,percent_change,percent,2026,2020,6,-15.0,-0.15,-15%,,not_checkable,,,wilmington-compstat-v2,validated
weekly-2026-08-16-r1,weekly_compstat,2026-08-10,2026-08-16,1,7d23f10cc3e90aaa48cbc3bc24227cb4b6b80a37030aa250dc8b08f3ed7f5917,1,citywide,citywide,Citywide,aggravated_assault,Agg. Assault,last_7_days,count,count,2026,,,6,,6,,not_applicable,,,wilmington-compstat-v2,validated
weekly-2026-08-16-r1,weekly_compstat,2026-08-10,2026-08-16,1,7d23f10cc3e90aaa48cbc3bc24227cb4b6b80a37030aa250dc8b08f3ed7f5917,1,citywide,citywide,Citywide,aggravated_assault,Agg. Assault,last_7_days,count,count,2025,,,6,,6,,not_applicable,,,wilmington-compstat-v2,validated
weekly-2026-08-16-r1,weekly_compstat,2026-08-10,2026-08-16,1,7d23f10cc3e90aaa48cbc3bc24227cb4b6b80a37030aa250dc8b08f3ed7f5917,1,citywide,citywide,Citywide,aggravated_assault,Agg. Assault,last_7_days,percent_change,percent,2026,2025,1,0.0,0.0,0%,0.0,matched,,,wilmington-compstat-v2,validated
weekly-2026-08-16-r1,weekly_compstat,2026-08-10,2026-08-16,1,7d23f10cc3e90aaa48cbc3bc24227cb4b6b80a37030aa250dc8b08f3ed7f5917,1,citywide,citywide,Citywide,aggravated_assault,Agg. Assault,last_28_days,count,count,2026,,,36,,36,,not_applicable,,,wilmington-compstat-v2,validated
weekly-2026-08-16-r1,weekly_compstat,2026-08-10,2026-08-16,1,7d23f10cc3e90aaa48cbc3bc24227cb4b6b80a37030aa250dc8b08f3ed7f5917,1,citywide,citywide,Citywide,aggravated_assault,Agg. Assault,last_28_days,count,count,2025,,,33,,33,,not_applicable,,,wilmington-compstat-v2,validated
weekly-2026-08-16-r1,weekly_compstat,2026-08-10,2026-08-16,1,7d23f10cc3e90aaa48cbc3bc24227cb4b6b80a37030aa250dc8b08f3ed7f5917,1,citywide,citywide,Citywide,aggravated_assault,Agg. Assault,last_28_days,percent_change,percent,2026,2025,1,9.0,0.09,9%,9.090909,matched,,,wilmington-compstat-v2,validated
weekly-2026-08-16-r1,weekly_compstat,2026-08-10,2026-08-16,1,7d23f10cc3e90aaa48cbc3bc24227cb4b6b80a37030aa250dc8b08f3ed7f5917,1,citywide,citywide,Citywide,aggravated_assault,Agg. Assault,year_to_date,count,count,2026,,,268,,268,,not_applicable,,,wilmington-compstat-v2,validated
weekly-2026-08-16-r1,weekly_compstat,2026-08-10,2026-08-16,1,7d23f10cc3e90aaa48cbc3bc24227cb4b6b80a37030aa250dc8b08f3ed7f5917,1,citywide,citywide,Citywide,aggravated_assault,Agg. Assault,year_to_date,count,count,2025,,,250,,250,,not_applicable,,,wilmington-compstat-v2,validated
weekly-2026-08-16-r1,weekly_compstat,2026-08-10,2026-08-16,1,7d23f10cc3e90aaa48cbc3bc24227cb4b6b80a37030aa250dc8b08f3ed7f5917,1,citywide,citywide,Citywide,aggravated_assault,Agg. Assault,year_to_date,percent_change,percent,2026,2025,1,7.0,0.07,7%,7.2,matched,,,wilmington-compstat-v2,validated
weekly-2026-08-16-r1,weekly_compstat,2026-08-10,2026-08-16,1,7d23f10cc3e90aaa48cbc3bc24227cb4b6b80a37030aa250dc8b08f3ed7f5917,1,citywide,citywide,Citywide,aggravated_assault,Agg. Assault,year_to_date,percent_change,percent,2026,2024,2,16.0,0.16,16%,,not_checkable,,,wilmington-compstat-v2,validated
weekly-2026-08-16-r1,weekly_compstat,2026-08-10,2026-08-16,1,7d23f10cc3e90aaa48cbc3bc24227cb4b6b80a37030aa250dc8b08f3ed7f5917,1,citywide,citywide,Citywide,aggravated_assault,Agg. Assault,year_to_date,percent_change,percent,2026,2023,3,0.0,0.0,0%,,not_checkable,,,wilmington-compstat-v2,validated
weekly-2026-08-16-r1,weekly_compstat,2026-08-10,2026-08-16,1,7d23f10cc3e90aaa48cbc3bc24227cb4b6b80a37030aa250dc8b08f3ed7f5917,1,citywide,citywide,Citywide,aggravated_assault,Agg. Assault,year_to_date,percent_change,percent,2026,2022,4,22.0,0.22,22%,,not_checkable,,,wilmington-compstat-v2,validated
weekly-2026-08-16-r1,weekly_compstat,2026-08-10,2026-08-16,1,7d23f10cc3e90aaa48cbc3bc24227cb4b6b80a37030aa250dc8b08f3ed7f5917,1,citywide,citywide,Citywide,aggravated_assault,Agg. Assault,year_to_date,percent_change,percent,2026,2021,5,-11.0,-0.11,-11%,,not_checkable,,,wilmington-compstat-v2,validated
weekly-2026-08-16-r1,weekly_compstat,2026-08-10,2026-08-16,1,7d23f10cc3e90aaa48cbc3bc24227cb4b6b80a37030aa250dc8b08f3ed7f5917,1,citywide,citywide,Citywide,aggravated_assault,Agg. Assault,year_to_date,percent_change,percent,2026,2020,6,3.0,0.03,3%,,not_checkable,,,wilmington-compstat-v2,validated
weekly-2026-08-16-r1,weekly_compstat,2026-08-10,2026-08-16,1,7d23f10cc3e90aaa48cbc3bc24227cb4b6b80a37030aa250dc8b08f3ed7f5917,1,citywide,citywide,Citywide,burglary,Burglary,last_7_days,count,count,2026,,,3,,3,,not_applicable,,,wilmington-compstat-v2,validated
weekly-2026-08-16-r1,weekly_compstat,2026-08-10,2026-08-16,1,7d23f10cc3e90aaa48cbc3bc24227cb4b6b80a37030aa250dc8b08f3ed7f5917,1,citywide,citywide,Citywide,burglary,Burglary,last_7_days,count,count,2025,,,11,,11,,not_applicable,,,wilmington-compstat-v2,validated
weekly-2026-08-16-r1,weekly_compstat,2026-08-10,2026-08-16,1,7d23f10cc3e90aaa48cbc3bc24227cb4b6b80a37030aa250dc8b08f3ed7f5917,1,citywide,citywide,Citywide,burglary,Burglary,last_7_days,percent_change,percent,2026,2025,1,-73.0,-0.73,-73%,-72.727273,matched,,,wilmington-compstat-v2,validated
weekly-2026-08-16-r1,weekly_compstat,2026-08-10,2026-08-16,1,7d23f10cc3e90aaa48cbc3bc24227cb4b6b80a37030aa250dc8b08f3ed7f5917,1,citywide,citywide,Citywide,burglary,Burglary,last_28_days,count,count,2026,,,22,,22,,not_applicable,,,wilmington-compstat-v2,validated
weekly-2026-08-16-r1,weekly_compstat,2026-08-10,2026-08-16,1,7d23f10cc3e90aaa48cbc3bc24227cb4b6b80a37030aa250dc8b08f3ed7f5917,1,citywide,citywide,Citywide,burglary,Burglary,last_28_days,count,count,2025,,,40,,40,,not_applicable,,,wilmington-compstat-v2,validated
weekly-2026-08-16-r1,weekly_compstat,2026-08-10,2026-08-16,1,7d23f10cc3e90aaa48cbc3bc24227cb4b6b80a37030aa250dc8b08f3ed7f5917,1,citywide,citywide,Citywide,burglary,Burglary,last_28_days,percent_change,percent,2026,2025,1,-45.0,-0.45,-45%,-45.0,matched,,,wilmington-compstat-v2,validated
weekly-2026-08-16-r1,weekly_compstat,2026-08-10,2026-08-16,1,7d23f10cc3e90aaa48cbc3bc24227cb4b6b80a37030aa250dc8b08f3ed7f5917,1,citywide,citywide,Citywide,burglary,Burglary,year_to_date,count,count,2026,,,221,,221,,not_applicable,,,wilmington-compstat-v2,validated
weekly-2026-08-16-r1,weekly_compstat,2026-08-10,2026-08-16,1,7d23f10cc3e90aaa48cbc3bc24227cb4b6b80a37030aa250dc8b08f3ed7f5917,1,citywide,citywide,Citywide,burglary,Burglary,year_to_date,count,count,2025,,,237,,237,,not_applicable,,,wilmington-compstat-v2,validated
weekly-2026-08-16-r1,weekly_compstat,2026-08-10,2026-08-16,1,7d23f10cc3e90aaa48cbc3bc24227cb4b6b80a37030aa250dc8b08f3ed7f5917,1,citywide,citywide,Citywide,burglary,Burglary,year_to_date,percent_change,percent,2026,2025,1,-7.0,-0.07,-7%,-6.751055,matched,,,wilmington-compstat-v2,validated
weekly-2026-08-16-r1,weekly_compstat,2026-08-10,2026-08-16,1,7d23f10cc3e90aaa48cbc3bc24227cb4b6b80a37030aa250dc8b08f3ed7f5917,1,citywide,citywide,Citywide,burglary,Burglary,year_to_date,percent_change,percent,2026,2024,2,14.0,0.14,14%,,not_checkable,,,wilmington-compstat-v2,validated
weekly-2026-08-16-r1,weekly_compstat,2026-08-10,2026-08-16,1,7d23f10cc3e90aaa48cbc3bc24227cb4b6b80a37030aa250dc8b08f3ed7f5917,1,citywide,citywide,Citywide,burglary,Burglary,year_to_date,percent_change,percent,2026,2023,3,-3.0,-0.03,-3%,,not_checkable,,,wilmington-compstat-v2,validated
weekly-2026-08-16-r1,weekly_compstat,2026-08-10,2026-08-16,1,7d23f10cc3e90aaa48cbc3bc24227cb4b6b80a37030aa250dc8b08f3ed7f5917,1,citywide,citywide,Citywide,burglary,Burglary,year_to_date,percent_change,percent,2026,2022,4,-13.0,-0.13,-13%,,not_checkable,,,wilmington-compstat-v2,validated
weekly-2026-08-16-r1,weekly_compstat,2026-08-10,2026-08-16,1,7d23f10cc3e90aaa48cbc3bc24227cb4b6b80a37030aa250dc8b08f3ed7f5917,1,citywide,citywide,Citywide,burglary,Burglary,year_to_date,percent_change,percent,2026,2021,5,-18.0,-0.18,-18%,,not_checkable,,,wilmington-compstat-v2,validated
weekly-2026-08-16-r1,weekly_compstat,2026-08-10,2026-08-16,1,7d23f10cc3e90aaa48cbc3bc24227cb4b6b80a37030aa250dc8b08f3ed7f5917,1,citywide,citywide,Citywide,burglary,Burglary,year_to_date,percent_change,percent,2026,2020,6,-34.0,-0.34,-34%,,not_checkable,,,wilmington-compstat-v2,validated
weekly-2026-08-16-r1,weekly_compstat,2026-08-10,2026-08-16,1,7d23f10cc3e90aaa48cbc3bc24227cb4b6b80a37030aa250dc8b08f3ed7f5917,1,citywide,citywide,Citywide,felony_theft,Felony Theft,last_7_days,count,count,2026,,,6,,6,,not_applicable,,,wilmington-compstat-v2,validated
weekly-2026-08-16-r1,weekly_compstat,2026-08-10,2026-08-16,1,7d23f10cc3e90aaa48cbc3bc24227cb4b6b80a37030aa250dc8b08f3ed7f5917,1,citywide,citywide,Citywide,felony_theft,Felony Theft,last_7_days,count,count,2025,,,6,,6,,not_applicable,,,wilmington-compstat-v2,validated
weekly-2026-08-16-r1,weekly_compstat,2026-08-10,2026-08-16,1,7d23f10cc3e90aaa48cbc3bc24227cb4b6b80a37030aa250dc8b08f3ed7f5917,1,citywide,citywide,Citywide,felony_theft,Felony Theft,last_7_days,percent_change,percent,2026,2025,1,0.0,0.0,0%,0.0,matched,,,wilmington-compstat-v2,validated
weekly-2026-08-16-r1,weekly_compstat,2026-08-10,2026-08-16,1,7d23f10cc3e90aaa48cbc3bc24227cb4b6b80a37030aa250dc8b08f3ed7f5917,1,citywide,citywide,Citywide,felony_theft,Felony Theft,last_28_days,count,count,2026,,,28,,28,,not_applicable,,,wilmington-compstat-v2,validated
weekly-2026-08-16-r1,weekly_compstat,2026-08-10,2026-08-16,1,7d23f10cc3e90aaa48cbc3bc24227cb4b6b80a37030aa250dc8b08f3ed7f5917,1,citywide,citywide,Citywide,felony_theft,Felony Theft,last_28_days,count,count,2025,,,14,,14,,not_applicable,,,wilmington-compstat-v2,validated
weekly-2026-08-16-r1,weekly_compstat,2026-08-10,2026-08-16,1,7d23f10cc3e90aaa48cbc3bc24227cb4b6b80a37030aa250dc8b08f3ed7f5917,1,citywide,citywide,Citywide,felony_theft,Felony Theft,last_28_days,percent_change,percent,2026,2025,1,100.0,1.0,100%,100.0,matched,,,wilmington-compstat-v2,validated
weekly-2026-08-16-r1,weekly_compstat,2026-08-10,2026-08-16,1,7d23f10cc3e90aaa48cbc3bc24227cb4b6b80a37030aa250dc8b08f3ed7f5917,1,citywide,citywide,Citywide,felony_theft,Felony Theft,year_to_date,count,count,2026,,,140,,140,,not_applicable,,,wilmington-compstat-v2,validated
weekly-2026-08-16-r1,weekly_compstat,2026-08-10,2026-08-16,1,7d23f10cc3e90aaa48cbc3bc24227cb4b6b80a37030aa250dc8b08f3ed7f5917,1,citywide,citywide,Citywide,felony_theft,Felony Theft,year_to_date,count,count,2025,,,152,,152,,not_applicable,,,wilmington-compstat-v2,validated
weekly-2026-08-16-r1,weekly_compstat,2026-08-10,2026-08-16,1,7d23f10cc3e90aaa48cbc3bc24227cb4b6b80a37030aa250dc8b08f3ed7f5917,1,citywide,citywide,Citywide,felony_theft,Felony Theft,year_to_date,percent_change,percent,2026,2025,1,-8.0,-0.08,-8%,-7.894737,matched,,,wilmington-compstat-v2,validated
weekly-2026-08-16-r1,weekly_compstat,2026-08-10,2026-08-16,1,7d23f10cc3e90aaa48cbc3bc24227cb4b6b80a37030aa250dc8b08f3ed7f5917,1,citywide,citywide,Citywide,felony_theft,Felony Theft,year_to_date,percent_change,percent,2026,2024,2,-13.0,-0.13,-13%,,not_checkable,,,wilmington-compstat-v2,validated
weekly-2026-08-16-r1,weekly_compstat,2026-08-10,2026-08-16,1,7d23f10cc3e90aaa48cbc3bc24227cb4b6b80a37030aa250dc8b08f3ed7f5917,1,citywide,citywide,Citywide,felony_theft,Felony Theft,year_to_date,percent_change,percent,2026,2023,3,-22.0,-0.22,-22%,,not_checkable,,,wilmington-compstat-v2,validated
weekly-2026-08-16-r1,weekly_compstat,2026-08-10,2026-08-16,1,7d23f10cc3e90aaa48cbc3bc24227cb4b6b80a37030aa250dc8b08f3ed7f5917,1,citywide,citywide,Citywide,felony_theft,Felony Theft,year_to_date,percent_change,percent,2026,2022,4,-27.0,-0.27,-27%,,not_checkable,,,wilmington-compstat-v2,validated
weekly-2026-08-16-r1,weekly_compstat,2026-08-10,2026-08-16,1,7d23f10cc3e90aaa48cbc3bc24227cb4b6b80a37030aa250dc8b08f3ed7f5917,1,citywide,citywide,Citywide,felony_theft,Felony Theft,year_to_date,percent_change,percent,2026,2021,5,-23.0,-0.23,-23%,,not_checkable,,,wilmington-compstat-v2,validated
weekly-2026-08-16-r1,weekly_compstat,2026-08-10,2026-08-16,1,7d23f10cc3e90aaa48cbc3bc24227cb4b6b80a37030aa250dc8b08f3ed7f5917,1,citywide,citywide,Citywide,felony_theft,Felony Theft,year_to_date,percent_change,percent,2026,2020,6,13.0,0.13,13%,,not_checkable,,,wilmington-compstat-v2,validated
weekly-2026-08-16-r1,weekly_compstat,2026-08-10,2026-08-16,1,7d23f10cc3e90aaa48cbc3bc24227cb4b6b80a37030aa250dc8b08f3ed7f5917,1,citywide,citywide,Citywide,auto_theft,Auto Theft,last_7_days,count,count,2026,,,5,,5,,not_applicable,,,wilmington-compstat-v2,validated
weekly-2026-08-16-r1,weekly_compstat,2026-08-10,2026-08-16,1,7d23f10cc3e90aaa48cbc3bc24227cb4b6b80a37030aa250dc8b08f3ed7f5917,1,citywide,citywide,Citywide,auto_theft,Auto Theft,last_7_days,count,count,2025,,,5,,5,,not_applicable,,,wilmington-compstat-v2,validated
weekly-2026-08-16-r1,weekly_compstat,2026-08-10,2026-08-16,1,7d23f10cc3e90aaa48cbc3bc24227cb4b6b80a37030aa250dc8b08f3ed7f5917,1,citywide,citywide,Citywide,auto_theft,Auto Theft,last_7_days,percent_change,percent,2026,2025,1,0.0,0.0,0%,0.0,matched,,,wilmington-compstat-v2,validated
weekly-2026-08-16-r1,weekly_compstat,2026-08-10,2026-08-16,1,7d23f10cc3e90aaa48cbc3bc24227cb4b6b80a37030aa250dc8b08f3ed7f5917,1,citywide,citywide,Citywide,auto_theft,Auto Theft,last_28_days,count,count,2026,,,25,,25,,not_applicable,,,wilmington-compstat-v2,validated
weekly-2026-08-16-r1,weekly_compstat,2026-08-10,2026-08-16,1,7d23f10cc3e90aaa48cbc3bc24227cb4b6b80a37030aa250dc8b08f3ed7f5917,1,citywide,citywide,Citywide,auto_theft,Auto Theft,last_28_days,count,count,2025,,,30,,30,,not_applicable,,,wilmington-compstat-v2,validated
weekly-2026-08-16-r1,weekly_compstat,2026-08-10,2026-08-16,1,7d23f10cc3e90aaa48cbc3bc24227cb4b6b80a37030aa250dc8b08f3ed7f5917,1,citywide,citywide,Citywide,auto_theft,Auto Theft,last_28_days,percent_change,percent,2026,2025,1,-17.0,-0.17,-17%,-16.666667,matched,,,wilmington-compstat-v2,validated
weekly-2026-08-16-r1,weekly_compstat,2026-08-10,2026-08-16,1,7d23f10cc3e90aaa48cbc3bc24227cb4b6b80a37030aa250dc8b08f3ed7f5917,1,citywide,citywide,Citywide,auto_theft,Auto Theft,year_to_date,count,count,2026,,,183,,183,,not_applicable,,,wilmington-compstat-v2,validated
weekly-2026-08-16-r1,weekly_compstat,2026-08-10,2026-08-16,1,7d23f10cc3e90aaa48cbc3bc24227cb4b6b80a37030aa250dc8b08f3ed7f5917,1,citywide,citywide,Citywide,auto_theft,Auto Theft,year_to_date,count,count,2025,,,263,,263,,not_applicable,,,wilmington-compstat-v2,validated
weekly-2026-08-16-r1,weekly_compstat,2026-08-10,2026-08-16,1,7d23f10cc3e90aaa48cbc3bc24227cb4b6b80a37030aa250dc8b08f3ed7f5917,1,citywide,citywide,Citywide,auto_theft,Auto Theft,year_to_date,percent_change,percent,2026,2025,1,-30.0,-0.3,-30%,-30.418251,matched,,,wilmington-compstat-v2,validated
weekly-2026-08-16-r1,weekly_compstat,2026-08-10,2026-08-16,1,7d23f10cc3e90aaa48cbc3bc24227cb4b6b80a37030aa250dc8b08f3ed7f5917,1,citywide,citywide,Citywide,auto_theft,Auto Theft,year_to_date,percent_change,percent,2026,2024,2,-40.0,-0.4,-40%,,not_checkable,,,wilmington-compstat-v2,validated
weekly-2026-08-16-r1,weekly_compstat,2026-08-10,2026-08-16,1,7d23f10cc3e90aaa48cbc3bc24227cb4b6b80a37030aa250dc8b08f3ed7f5917,1,citywide,citywide,Citywide,auto_theft,Auto Theft,year_to_date,percent_change,percent,2026,2023,3,-38.0,-0.38,-38%,,not_checkable,,,wilmington-compstat-v2,validated
weekly-2026-08-16-r1,weekly_compstat,2026-08-10,2026-08-16,1,7d23f10cc3e90aaa48cbc3bc24227cb4b6b80a37030aa250dc8b08f3ed7f5917,1,citywide,citywide,Citywide,auto_theft,Auto Theft,year_to_date,percent_change,percent,2026,2022,4,-16.0,-0.16,-16%,,not_checkable,,,wilmington-compstat-v2,validated
weekly-2026-08-16-r1,weekly_compstat,2026-08-10,2026-08-16,1,7d23f10cc3e90aaa48cbc3bc24227cb4b6b80a37030aa250dc8b08f3ed7f5917,1,citywide,citywide,Citywide,auto_theft,Auto Theft,year_to_date,percent_change,percent,2026,2021,5,-26.0,-0.26,-26%,,not_checkable,,,wilmington-compstat-v2,validated
weekly-2026-08-16-r1,weekly_compstat,2026-08-10,2026-08-16,1,7d23f10cc3e90aaa48cbc3bc24227cb4b6b80a37030aa250dc8b08f3ed7f5917,1,citywide,citywide,Citywide,auto_theft,Auto Theft,year_to_date,percent_change,percent,2026,2020,6,-23.0,-0.23,-23%,,not_checkable,,,wilmington-compstat-v2,validated
weekly-2026-08-16-r1,weekly_compstat,2026-08-10,2026-08-16,1,7d23f10cc3e90aaa48cbc3bc24227cb4b6b80a37030aa250dc8b08f3ed7f5917,1,citywide,citywide,Citywide,major_crime_total,TOTAL,last_7_days,count,count,2026,,,22,,22,,not_applicable,,,wilmington-compstat-v2,validated
weekly-2026-08-16-r1,weekly_compstat,2026-08-10,2026-08-16,1,7d23f10cc3e90aaa48cbc3bc24227cb4b6b80a37030aa250dc8b08f3ed7f5917,1,citywide,citywide,Citywide,major_crime_total,TOTAL,last_7_days,count,count,2025,,,31,,31,,not_applicable,,,wilmington-compstat-v2,validated
weekly-2026-08-16-r1,weekly_compstat,2026-08-10,2026-08-16,1,7d23f10cc3e90aaa48cbc3bc24227cb4b6b80a37030aa250dc8b08f3ed7f5917,1,citywide,citywide,Citywide,major_crime_total,TOTAL,last_7_days,percent_change,percent,2026,2025,1,-29.0,-0.29,-29%,-29.032258,matched,,,wilmington-compstat-v2,validated
weekly-2026-08-16-r1,weekly_compstat,2026-08-10,2026-08-16,1,7d23f10cc3e90aaa48cbc3bc24227cb4b6b80a37030aa250dc8b08f3ed7f5917,1,citywide,citywide,Citywide,major_crime_total,TOTAL,last_28_days,count,count,2026,,,130,,130,,not_applicable,,,wilmington-compstat-v2,validated
weekly-2026-08-16-r1,weekly_compstat,2026-08-10,2026-08-16,1,7d23f10cc3e90aaa48cbc3bc24227cb4b6b80a37030aa250dc8b08f3ed7f5917,1,citywide,citywide,Citywide,major_crime_total,TOTAL,last_28_days,count,count,2025,,,143,,143,,not_applicable,,,wilmington-compstat-v2,validated
weekly-2026-08-16-r1,weekly_compstat,2026-08-10,2026-08-16,1,7d23f10cc3e90aaa48cbc3bc24227cb4b6b80a37030aa250dc8b08f3ed7f5917,1,citywide,citywide,Citywide,major_crime_total,TOTAL,last_28_days,percent_change,percent,2026,2025,1,-9.0,-0.09,-9%,-9.090909,matched,,,wilmington-compstat-v2,validated
weekly-2026-08-16-r1,weekly_compstat,2026-08-10,2026-08-16,1,7d23f10cc3e90aaa48cbc3bc24227cb4b6b80a37030aa250dc8b08f3ed7f5917,1,citywide,citywide,Citywide,major_crime_total,TOTAL,year_to_date,count,count,2026,,,956,,956,,not_applicable,,,wilmington-compstat-v2,validated
weekly-2026-08-16-r1,weekly_compstat,2026-08-10,2026-08-16,1,7d23f10cc3e90aaa48cbc3bc24227cb4b6b80a37030aa250dc8b08f3ed7f5917,1,citywide,citywide,Citywide,major_crime_total,TOTAL,year_to_date,count,count,2025,,,1034,,1034,,not_applicable,,,wilmington-compstat-v2,validated
weekly-2026-08-16-r1,weekly_compstat,2026-08-10,2026-08-16,1,7d23f10cc3e90aaa48cbc3bc24227cb4b6b80a37030aa250dc8b08f3ed7f5917,1,citywide,citywide,Citywide,major_crime_total,TOTAL,year_to_date,percent_change,percent,2026,2025,1,-8.0,-0.08,-8%,-7.54352,matched,,,wilmington-compstat-v2,validated
weekly-2026-08-16-r1,weekly_compstat,2026-08-10,2026-08-16,1,7d23f10cc3e90aaa48cbc3bc24227cb4b6b80a37030aa250dc8b08f3ed7f5917,1,citywide,citywide,Citywide,major_crime_total,TOTAL,year_to_date,percent_change,percent,2026,2024,2,-6.0,-0.06,-6%,,not_checkable,,,wilmington-compstat-v2,validated
weekly-2026-08-16-r1,weekly_compstat,2026-08-10,2026-08-16,1,7d23f10cc3e90aaa48cbc3bc24227cb4b6b80a37030aa250dc8b08f3ed7f5917,1,citywide,citywide,Citywide,major_crime_total,TOTAL,year_to_date,percent_change,percent,2026,2023,3,-13.0,-0.13,-13%,,not_checkable,,,wilmington-compstat-v2,validated
weekly-2026-08-16-r1,weekly_compstat,2026-08-10,2026-08-16,1,7d23f10cc3e90aaa48cbc3bc24227cb4b6b80a37030aa250dc8b08f3ed7f5917,1,citywide,citywide,Citywide,major_crime_total,TOTAL,year_to_date,percent_change,percent,2026,2022,4,-8.0,-0.08,-8%,,not_checkable,,,wilmington-compstat-v2,validated
weekly-2026-08-16-r1,weekly_compstat,2026-08-10,2026-08-16,1,7d23f10cc3e90aaa48cbc3bc24227cb4b6b80a37030aa250dc8b08f3ed7f5917,1,citywide,citywide,Citywide,major_crime_total,TOTAL,year_to_date,percent_change,percent,2026,2021,5,-16.0,-0.16,-16%,,not_checkable,,,wilmington-compstat-v2,validated
weekly-2026-08-16-r1,weekly_compstat,2026-08-10,2026-08-16,1,7d23f10cc3e90aaa48cbc3bc24227cb4b6b80a37030aa250dc8b08f3ed7f5917,1,citywide,citywide,Citywide,major_crime_total,TOTAL,year_to_date,percent_change,percent,2026,2020,6,-16.0,-0.16,-16%,,not_checkable,,,wilmington-compstat-v2,validated
weekly-2026-08-16-r1,weekly_compstat,2026-08-10,2026-08-16,1,7d23f10cc3e90aaa48cbc3bc24227cb4b6b80a37030aa250dc8b08f3ed7f5917,1,citywide,citywide,Citywide,shooting_incidents,Shooting Incidents,last_7_days,count,count,2026,,,2,,2,,not_applicable,,,wilmington-compstat-v2,validated
weekly-2026-08-16-r1,weekly_compstat,2026-08-10,2026-08-16,1,7d23f10cc3e90aaa48cbc3bc24227cb4b6b80a37030aa250dc8b08f3ed7f5917,1,citywide,citywide,Citywide,shooting_incidents,Shooting Incidents,last_7_days,count,count,2025,,,1,,1,,not_applicable,,,wilmington-compstat-v2,validated
weekly-2026-08-16-r1,weekly_compstat,2026-08-10,2026-08-16,1,7d23f10cc3e90aaa48cbc3bc24227cb4b6b80a37030aa250dc8b08f3ed7f5917,1,citywide,citywide,Citywide,shooting_incidents,Shooting Incidents,last_7_days,percent_change,percent,2026,2025,1,100.0,1.0,100%,100.0,matched,,,wilmington-compstat-v2,validated
weekly-2026-08-16-r1,weekly_compstat,2026-08-10,2026-08-16,1,7d23f10cc3e90aaa48cbc3bc24227cb4b6b80a37030aa250dc8b08f3ed7f5917,1,citywide,citywide,Citywide,shooting_incidents,Shooting Incidents,last_28_days,count,count,2026,,,7,,7,,not_applicable,,,wilmington-compstat-v2,validated
weekly-2026-08-16-r1,weekly_compstat,2026-08-10,2026-08-16,1,7d23f10cc3e90aaa48cbc3bc24227cb4b6b80a37030aa250dc8b08f3ed7f5917,1,citywide,citywide,Citywide,shooting_incidents,Shooting Incidents,last_28_days,count,count,2025,,,5,,5,,not_applicable,,,wilmington-compstat-v2,validated
weekly-2026-08-16-r1,weekly_compstat,2026-08-10,2026-08-16,1,7d23f10cc3e90aaa48cbc3bc24227cb4b6b80a37030aa250dc8b08f3ed7f5917,1,citywide,citywide,Citywide,shooting_incidents,Shooting Incidents,last_28_days,percent_change,percent,2026,2025,1,40.0,0.4,40%,40.0,matched,,,wilmington-compstat-v2,validated
weekly-2026-08-16-r1,weekly_compstat,2026-08-10,2026-08-16,1,7d23f10cc3e90aaa48cbc3bc24227cb4b6b80a37030aa250dc8b08f3ed7f5917,1,citywide,citywide,Citywide,shooting_incidents,Shooting Incidents,year_to_date,count,count,2026,,,42,,42,,not_applicable,,,wilmington-compstat-v2,validated
weekly-2026-08-16-r1,weekly_compstat,2026-08-10,2026-08-16,1,7d23f10cc3e90aaa48cbc3bc24227cb4b6b80a37030aa250dc8b08f3ed7f5917,1,citywide,citywide,Citywide,shooting_incidents,Shooting Incidents,year_to_date,count,count,2025,,,35,,35,,not_applicable,,,wilmington-compstat-v2,validated
weekly-2026-08-16-r1,weekly_compstat,2026-08-10,2026-08-16,1,7d23f10cc3e90aaa48cbc3bc24227cb4b6b80a37030aa250dc8b08f3ed7f5917,1,citywide,citywide,Citywide,shooting_incidents,Shooting Incidents,year_to_date,percent_change,percent,2026,2025,1,20.0,0.2,20%,20.0,matched,,,wilmington-compstat-v2,validated
weekly-2026-08-16-r1,weekly_compstat,2026-08-10,2026-08-16,1,7d23f10cc3e90aaa48cbc3bc24227cb4b6b80a37030aa250dc8b08f3ed7f5917,1,citywide,citywide,Citywide,shooting_incidents,Shooting Incidents,year_to_date,percent_change,percent,2026,2024,2,-14.0,-0.14,-14%,,not_checkable,,,wilmington-compstat-v2,validated
weekly-2026-08-16-r1,weekly_compstat,2026-08-10,2026-08-16,1,7d23f10cc3e90aaa48cbc3bc24227cb4b6b80a37030aa250dc8b08f3ed7f5917,1,citywide,citywide,Citywide,shooting_incidents,Shooting Incidents,year_to_date,percent_change,percent,2026,2023,3,-26.0,-0.26,-26%,,not_checkable,,,wilmington-compstat-v2,validated
weekly-2026-08-16-r1,weekly_compstat,2026-08-10,2026-08-16,1,7d23f10cc3e90aaa48cbc3bc24227cb4b6b80a37030aa250dc8b08f3ed7f5917,1,citywide,citywide,Citywide,shooting_incidents,Shooting Incidents,year_to_date,percent_change,percent,2026,2022,4,-30.0,-0.3,-30%,,not_checkable,,,wilmington-compstat-v2,validated
weekly-2026-08-16-r1,weekly_compstat,2026-08-10,2026-08-16,1,7d23f10cc3e90aaa48cbc3bc24227cb4b6b80a37030aa250dc8b08f3ed7f5917,1,citywide,citywide,Citywide,shooting_incidents,Shooting Incidents,year_to_date,percent_change,percent,2026,2021,5,-46.0,-0.46,-46%,,not_checkable,,,wilmington-compstat-v2,validated
weekly-2026-08-16-r1,weekly_compstat,2026-08-10,2026-08-16,1,7d23f10cc3e90aaa48cbc3bc24227cb4b6b80a37030aa250dc8b08f3ed7f5917,1,citywide,citywide,Citywide,shooting_incidents,Shooting Incidents,year_to_date,percent_change,percent,2026,2020,6,-49.0,-0.49,-49%,,not_checkable,,,wilmington-compstat-v2,validated
weekly-2026-08-16-r1,weekly_compstat,2026-08-10,2026-08-16,1,7d23f10cc3e90aaa48cbc3bc24227cb4b6b80a37030aa250dc8b08f3ed7f5917,1,citywide,citywide,Citywide,shooting_victims,Shooting Victims,last_7_days,count,count,2026,,,5,,5,,not_applicable,,,wilmington-compstat-v2,validated
weekly-2026-08-16-r1,weekly_compstat,2026-08-10,2026-08-16,1,7d23f10cc3e90aaa48cbc3bc24227cb4b6b80a37030aa250dc8b08f3ed7f5917,1,citywide,citywide,Citywide,shooting_victims,Shooting Victims,last_7_days,count,count,2025,,,1,,1,,not_applicable,,,wilmington-compstat-v2,validated
weekly-2026-08-16-r1,weekly_compstat,2026-08-10,2026-08-16,1,7d23f10cc3e90aaa48cbc3bc24227cb4b6b80a37030aa250dc8b08f3ed7f5917,1,citywide,citywide,Citywide,shooting_victims,Shooting Victims,last_7_days,percent_change,percent,2026,2025,1,400.0,4.0,400%,400.0,matched,,,wilmington-compstat-v2,validated
weekly-2026-08-16-r1,weekly_compstat,2026-08-10,2026-08-16,1,7d23f10cc3e90aaa48cbc3bc24227cb4b6b80a37030aa250dc8b08f3ed7f5917,1,citywide,citywide,Citywide,shooting_victims,Shooting Victims,last_28_days,count,count,2026,,,10,,10,,not_applicable,,,wilmington-compstat-v2,validated
weekly-2026-08-16-r1,weekly_compstat,2026-08-10,2026-08-16,1,7d23f10cc3e90aaa48cbc3bc24227cb4b6b80a37030aa250dc8b08f3ed7f5917,1,citywide,citywide,Citywide,shooting_victims,Shooting Victims,last_28_days,count,count,2025,,,6,,6,,not_applicable,,,wilmington-compstat-v2,validated
weekly-2026-08-16-r1,weekly_compstat,2026-08-10,2026-08-16,1,7d23f10cc3e90aaa48cbc3bc24227cb4b6b80a37030aa250dc8b08f3ed7f5917,1,citywide,citywide,Citywide,shooting_victims,Shooting Victims,last_28_days,percent_change,percent,2026,2025,1,67.0,0.67,67%,66.666667,matched,,,wilmington-compstat-v2,validated
weekly-2026-08-16-r1,weekly_compstat,2026-08-10,2026-08-16,1,7d23f10cc3e90aaa48cbc3bc24227cb4b6b80a37030aa250dc8b08f3ed7f5917,1,citywide,citywide,Citywide,shooting_victims,Shooting Victims,year_to_date,count,count,2026,,,55,,55,,not_applicable,,,wilmington-compstat-v2,validated
weekly-2026-08-16-r1,weekly_compstat,2026-08-10,2026-08-16,1,7d23f10cc3e90aaa48cbc3bc24227cb4b6b80a37030aa250dc8b08f3ed7f5917,1,citywide,citywide,Citywide,shooting_victims,Shooting Victims,year_to_date,count,count,2025,,,45,,45,,not_applicable,,,wilmington-compstat-v2,validated
weekly-2026-08-16-r1,weekly_compstat,2026-08-10,2026-08-16,1,7d23f10cc3e90aaa48cbc3bc24227cb4b6b80a37030aa250dc8b08f3ed7f5917,1,citywide,citywide,Citywide,shooting_victims,Shooting Victims,year_to_date,percent_change,percent,2026,2025,1,22.0,0.22,22%,22.222222,matched,,,wilmington-compstat-v2,validated
weekly-2026-08-16-r1,weekly_compstat,2026-08-10,2026-08-16,1,7d23f10cc3e90aaa48cbc3bc24227cb4b6b80a37030aa250dc8b08f3ed7f5917,1,citywide,citywide,Citywide,shooting_victims,Shooting Victims,year_to_date,percent_change,percent,2026,2024,2,-7.0,-0.07,-7%,,not_checkable,,,wilmington-compstat-v2,validated
weekly-2026-08-16-r1,weekly_compstat,2026-08-10,2026-08-16,1,7d23f10cc3e90aaa48cbc3bc24227cb4b6b80a37030aa250dc8b08f3ed7f5917,1,citywide,citywide,Citywide,shooting_victims,Shooting Victims,year_to_date,percent_change,percent,2026,2023,3,-19.0,-0.19,-19%,,not_checkable,,,wilmington-compstat-v2,validated
weekly-2026-08-16-r1,weekly_compstat,2026-08-10,2026-08-16,1,7d23f10cc3e90aaa48cbc3bc24227cb4b6b80a37030aa250dc8b08f3ed7f5917,1,citywide,citywide,Citywide,shooting_victims,Shooting Victims,year_to_date,percent_change,percent,2026,2022,4,-27.0,-0.27,-27%,,not_checkable,,,wilmington-compstat-v2,validated
weekly-2026-08-16-r1,weekly_compstat,2026-08-10,2026-08-16,1,7d23f10cc3e90aaa48cbc3bc24227cb4b6b80a37030aa250dc8b08f3ed7f5917,1,citywide,citywide,Citywide,shooting_victims,Shooting Victims,year_to_date,percent_change,percent,2026,2021,5,-46.0,-0.46,-46%,,not_checkable,,,wilmington-compstat-v2,validated
weekly-2026-08-16-r1,weekly_compstat,2026-08-10,2026-08-16,1,7d23f10cc3e90aaa48cbc3bc24227cb4b6b80a37030aa250dc8b08f3ed7f5917,1,citywide,citywide,Citywide,shooting_victims,Shooting Victims,year_to_date,percent_change,percent,2026,2020,6,-49.0,-0.49,-49%,,not_checkable,,,wilmington-compstat-v2,validated
weekly-2026-08-16-r1,weekly_compstat,2026-08-10,2026-08-16,1,7d23f10cc3e90aaa48cbc3bc24227cb4b6b80a37030aa250dc8b08f3ed7f5917,1,citywide,citywide,Citywide,juvenile_shooting_incidents,*Juv Shooting Incidents,last_7_days,count,count,2026,,,0,,0,,not_applicable,,,wilmington-compstat-v2,validated
weekly-2026-08-16-r1,weekly_compstat,2026-08-10,2026-08-16,1,7d23f10cc3e90aaa48cbc3bc24227cb4b6b80a37030aa250dc8b08f3ed7f5917,1,citywide,citywide,Citywide,juvenile_shooting_incidents,*Juv Shooting Incidents,last_7_days,count,count,2025,,,0,,0,,not_applicable,,,wilmington-compstat-v2,validated
weekly-2026-08-16-r1,weekly_compstat,2026-08-10,2026-08-16,1,7d23f10cc3e90aaa48cbc3bc24227cb4b6b80a37030aa250dc8b08f3ed7f5917,1,citywide,citywide,Citywide,juvenile_shooting_incidents,*Juv Shooting Incidents,last_7_days,percent_change,percent,2026,2025,1,,,*,,undefined_zero_denominator,,undefined_zero_denominator,wilmington-compstat-v2,validated
weekly-2026-08-16-r1,weekly_compstat,2026-08-10,2026-08-16,1,7d23f10cc3e90aaa48cbc3bc24227cb4b6b80a37030aa250dc8b08f3ed7f5917,1,citywide,citywide,Citywide,juvenile_shooting_incidents,*Juv Shooting Incidents,last_28_days,count,count,2026,,,1,,1,,not_applicable,,,wilmington-compstat-v2,validated
weekly-2026-08-16-r1,weekly_compstat,2026-08-10,2026-08-16,1,7d23f10cc3e90aaa48cbc3bc24227cb4b6b80a37030aa250dc8b08f3ed7f5917,1,citywide,citywide,Citywide,juvenile_shooting_incidents,*Juv Shooting Incidents,last_28_days,count,count,2025,,,1,,1,,not_applicable,,,wilmington-compstat-v2,validated
weekly-2026-08-16-r1,weekly_compstat,2026-08-10,2026-08-16,1,7d23f10cc3e90aaa48cbc3bc24227cb4b6b80a37030aa250dc8b08f3ed7f5917,1,citywide,citywide,Citywide,juvenile_shooting_incidents,*Juv Shooting Incidents,last_28_days,percent_change,percent,2026,2025,1,0.0,0.0,0%,0.0,matched,,,wilmington-compstat-v2,validated
weekly-2026-08-16-r1,weekly_compstat,2026-08-10,2026-08-16,1,7d23f10cc3e90aaa48cbc3bc24227cb4b6b80a37030aa250dc8b08f3ed7f5917,1,citywide,citywide,Citywide,juvenile_shooting_incidents,*Juv Shooting Incidents,year_to_date,count,count,2026,,,12,,12,,not_applicable,,,wilmington-compstat-v2,validated
weekly-2026-08-16-r1,weekly_compstat,2026-08-10,2026-08-16,1,7d23f10cc3e90aaa48cbc3bc24227cb4b6b80a37030aa250dc8b08f3ed7f5917,1,citywide,citywide,Citywide,juvenile_shooting_incidents,*Juv Shooting Incidents,year_to_date,count,count,2025,,,6,,6,,not_applicable,,,wilmington-compstat-v2,validated
weekly-2026-08-16-r1,weekly_compstat,2026-08-10,2026-08-16,1,7d23f10cc3e90aaa48cbc3bc24227cb4b6b80a37030aa250dc8b08f3ed7f5917,1,citywide,citywide,Citywide,juvenile_shooting_incidents,*Juv Shooting Incidents,year_to_date,percent_change,percent,2026,2025,1,100.0,1.0,100%,100.0,matched,,,wilmington-compstat-v2,validated
weekly-2026-08-16-r1,weekly_compstat,2026-08-10,2026-08-16,1,7d23f10cc3e90aaa48cbc3bc24227cb4b6b80a37030aa250dc8b08f3ed7f5917,1,citywide,citywide,Citywide,juvenile_shooting_incidents,*Juv Shooting Incidents,year_to_date,percent_change,percent,2026,2024,2,20.0,0.2,20%,,not_checkable,,,wilmington-compstat-v2,validated
weekly-2026-08-16-r1,weekly_compstat,2026-08-10,2026-08-16,1,7d23f10cc3e90aaa48cbc3bc24227cb4b6b80a37030aa250dc8b08f3ed7f5917,1,citywide,citywide,Citywide,juvenile_shooting_incidents,*Juv Shooting Incidents,year_to_date,percent_change,percent,2026,2023,3,33.0,0.33,33%,,not_checkable,,,wilmington-compstat-v2,validated
weekly-2026-08-16-r1,weekly_compstat,2026-08-10,2026-08-16,1,7d23f10cc3e90aaa48cbc3bc24227cb4b6b80a37030aa250dc8b08f3ed7f5917,1,citywide,citywide,Citywide,juvenile_shooting_incidents,*Juv Shooting Incidents,year_to_date,percent_change,percent,2026,2022,4,-14.0,-0.14,-14%,,not_checkable,,,wilmington-compstat-v2,validated
weekly-2026-08-16-r1,weekly_compstat,2026-08-10,2026-08-16,1,7d23f10cc3e90aaa48cbc3bc24227cb4b6b80a37030aa250dc8b08f3ed7f5917,1,citywide,citywide,Citywide,juvenile_shooting_incidents,*Juv Shooting Incidents,year_to_date,percent_change,percent,2026,2021,5,20.0,0.2,20%,,not_checkable,,,wilmington-compstat-v2,validated
weekly-2026-08-16-r1,weekly_compstat,2026-08-10,2026-08-16,1,7d23f10cc3e90aaa48cbc3bc24227cb4b6b80a37030aa250dc8b08f3ed7f5917,1,citywide,citywide,Citywide,juvenile_shooting_incidents,*Juv Shooting Incidents,year_to_date,percent_change,percent,2026,2020,6,-50.0,-0.5,-50%,,not_checkable,,,wilmington-compstat-v2,validated
weekly-2026-08-16-r1,weekly_compstat,2026-08-10,2026-08-16,1,7d23f10cc3e90aaa48cbc3bc24227cb4b6b80a37030aa250dc8b08f3ed7f5917,1,citywide,citywide,Citywide,juvenile_shooting_victims,*Juv Shooting Victims,last_7_days,count,count,2026,,,0,,0,,not_applicable,,,wilmington-compstat-v2,validated
weekly-2026-08-16-r1,weekly_compstat,2026-08-10,2026-08-16,1,7d23f10cc3e90aaa48cbc3bc24227cb4b6b80a37030aa250dc8b08f3ed7f5917,1,citywide,citywide,Citywide,juvenile_shooting_victims,*Juv Shooting Victims,last_7_days,count,count,2025,,,0,,0,,not_applicable,,,wilmington-compstat-v2,validated
weekly-2026-08-16-r1,weekly_compstat,2026-08-10,2026-08-16,1,7d23f10cc3e90aaa48cbc3bc24227cb4b6b80a37030aa250dc8b08f3ed7f5917,1,citywide,citywide,Citywide,juvenile_shooting_victims,*Juv Shooting Victims,last_7_days,percent_change,percent,2026,2025,1,,,*,,undefined_zero_denominator,,undefined_zero_denominator,wilmington-compstat-v2,validated
weekly-2026-08-16-r1,weekly_compstat,2026-08-10,2026-08-16,1,7d23f10cc3e90aaa48cbc3bc24227cb4b6b80a37030aa250dc8b08f3ed7f5917,1,citywide,citywide,Citywide,juvenile_shooting_victims,*Juv Shooting Victims,last_28_days,count,count,2026,,,1,,1,,not_applicable,,,wilmington-compstat-v2,validated
weekly-2026-08-16-r1,weekly_compstat,2026-08-10,2026-08-16,1,7d23f10cc3e90aaa48cbc3bc24227cb4b6b80a37030aa250dc8b08f3ed7f5917,1,citywide,citywide,Citywide,juvenile_shooting_victims,*Juv Shooting Victims,last_28_days,count,count,2025,,,1,,1,,not_applicable,,,wilmington-compstat-v2,validated
weekly-2026-08-16-r1,weekly_compstat,2026-08-10,2026-08-16,1,7d23f10cc3e90aaa48cbc3bc24227cb4b6b80a37030aa250dc8b08f3ed7f5917,1,citywide,citywide,Citywide,juvenile_shooting_victims,*Juv Shooting Victims,last_28_days,percent_change,percent,2026,2025,1,0.0,0.0,0%,0.0,matched,,,wilmington-compstat-v2,validated
weekly-2026-08-16-r1,weekly_compstat,2026-08-10,2026-08-16,1,7d23f10cc3e90aaa48cbc3bc24227cb4b6b80a37030aa250dc8b08f3ed7f5917,1,citywide,citywide,Citywide,juvenile_shooting_victims,*Juv Shooting Victims,year_to_date,count,count,2026,,,12,,12,,not_applicable,,,wilmington-compstat-v2,validated
weekly-2026-08-16-r1,weekly_compstat,2026-08-10,2026-08-16,1,7d23f10cc3e90aaa48cbc3bc24227cb4b6b80a37030aa250dc8b08f3ed7f5917,1,citywide,citywide,Citywide,juvenile_shooting_victims,*Juv Shooting Victims,year_to_date,count,count,2025,,,6,,6,,not_applicable,,,wilmington-compstat-v2,validated
weekly-2026-08-16-r1,weekly_compstat,2026-08-10,2026-08-16,1,7d23f10cc3e90aaa48cbc3bc24227cb4b6b80a37030aa250dc8b08f3ed7f5917,1,citywide,citywide,Citywide,juvenile_shooting_victims,*Juv Shooting Victims,year_to_date,percent_change,percent,2026,2025,1,100.0,1.0,100%,100.0,matched,,,wilmington-compstat-v2,validated
weekly-2026-08-16-r1,weekly_compstat,2026-08-10,2026-08-16,1,7d23f10cc3e90aaa48cbc3bc24227cb4b6b80a37030aa250dc8b08f3ed7f5917,1,citywide,citywide,Citywide,juvenile_shooting_victims,*Juv Shooting Victims,year_to_date,percent_change,percent,2026,2024,2,9.0,0.09,9%,,not_checkable,,,wilmington-compstat-v2,validated
weekly-2026-08-16-r1,weekly_compstat,2026-08-10,2026-08-16,1,7d23f10cc3e90aaa48cbc3bc24227cb4b6b80a37030aa250dc8b08f3ed7f5917,1,citywide,citywide,Citywide,juvenile_shooting_victims,*Juv Shooting Victims,year_to_date,percent_change,percent,2026,2023,3,20.0,0.2,20%,,not_checkable,,,wilmington-compstat-v2,validated
weekly-2026-08-16-r1,weekly_compstat,2026-08-10,2026-08-16,1,7d23f10cc3e90aaa48cbc3bc24227cb4b6b80a37030aa250dc8b08f3ed7f5917,1,citywide,citywide,Citywide,juvenile_shooting_victims,*Juv Shooting Victims,year_to_date,percent_change,percent,2026,2022,4,-33.0,-0.33,-33%,,not_checkable,,,wilmington-compstat-v2,validated
weekly-2026-08-16-r1,weekly_compstat,2026-08-10,2026-08-16,1,7d23f10cc3e90aaa48cbc3bc24227cb4b6b80a37030aa250dc8b08f3ed7f5917,1,citywide,citywide,Citywide,juvenile_shooting_victims,*Juv Shooting Victims,year_to_date,percent_change,percent,2026,2021,5,9.0,0.09,9%,,not_checkable,,,wilmington-compstat-v2,validated
weekly-2026-08-16-r1,weekly_compstat,2026-08-10,2026-08-16,1,7d23f10cc3e90aaa48cbc3bc24227cb4b6b80a37030aa250dc8b08f3ed7f5917,1,citywide,citywide,Citywide,juvenile_shooting_victims,*Juv Shooting Victims,year_to_date,percent_change,percent,2026,2020,6,-59.0,-0.59,-59%,,not_checkable,,,wilmington-compstat-v2,validated
weekly-2026-08-16-r1,weekly_compstat,2026-08-10,2026-08-16,1,7d23f10cc3e90aaa48cbc3bc24227cb4b6b80a37030aa250dc8b08f3ed7f5917,1,citywide,citywide,Citywide,misdemeanor_theft,Theft (Misdemeanor),last_7_days,count,count,2026,,,13,,13,,not_applicable,,,wilmington-compstat-v2,validated
weekly-2026-08-16-r1,weekly_compstat,2026-08-10,2026-08-16,1,7d23f10cc3e90aaa48cbc3bc24227cb4b6b80a37030aa250dc8b08f3ed7f5917,1,citywide,citywide,Citywide,misdemeanor_theft,Theft (Misdemeanor),last_7_days,count,count,2025,,,22,,22,,not_applicable,,,wilmington-compstat-v2,validated
weekly-2026-08-16-r1,weekly_compstat,2026-08-10,2026-08-16,1,7d23f10cc3e90aaa48cbc3bc24227cb4b6b80a37030aa250dc8b08f3ed7f5917,1,citywide,citywide,Citywide,misdemeanor_theft,Theft (Misdemeanor),last_7_days,percent_change,percent,2026,2025,1,-41.0,-0.41,-41%,-40.909091,matched,,,wilmington-compstat-v2,validated
weekly-2026-08-16-r1,weekly_compstat,2026-08-10,2026-08-16,1,7d23f10cc3e90aaa48cbc3bc24227cb4b6b80a37030aa250dc8b08f3ed7f5917,1,citywide,citywide,Citywide,misdemeanor_theft,Theft (Misdemeanor),last_28_days,count,count,2026,,,81,,81,,not_applicable,,,wilmington-compstat-v2,validated
weekly-2026-08-16-r1,weekly_compstat,2026-08-10,2026-08-16,1,7d23f10cc3e90aaa48cbc3bc24227cb4b6b80a37030aa250dc8b08f3ed7f5917,1,citywide,citywide,Citywide,misdemeanor_theft,Theft (Misdemeanor),last_28_days,count,count,2025,,,70,,70,,not_applicable,,,wilmington-compstat-v2,validated
weekly-2026-08-16-r1,weekly_compstat,2026-08-10,2026-08-16,1,7d23f10cc3e90aaa48cbc3bc24227cb4b6b80a37030aa250dc8b08f3ed7f5917,1,citywide,citywide,Citywide,misdemeanor_theft,Theft (Misdemeanor),last_28_days,percent_change,percent,2026,2025,1,16.0,0.16,16%,15.714286,matched,,,wilmington-compstat-v2,validated
weekly-2026-08-16-r1,weekly_compstat,2026-08-10,2026-08-16,1,7d23f10cc3e90aaa48cbc3bc24227cb4b6b80a37030aa250dc8b08f3ed7f5917,1,citywide,citywide,Citywide,misdemeanor_theft,Theft (Misdemeanor),year_to_date,count,count,2026,,,597,,597,,not_applicable,,,wilmington-compstat-v2,validated
weekly-2026-08-16-r1,weekly_compstat,2026-08-10,2026-08-16,1,7d23f10cc3e90aaa48cbc3bc24227cb4b6b80a37030aa250dc8b08f3ed7f5917,1,citywide,citywide,Citywide,misdemeanor_theft,Theft (Misdemeanor),year_to_date,count,count,2025,,,594,,594,,not_applicable,,,wilmington-compstat-v2,validated
weekly-2026-08-16-r1,weekly_compstat,2026-08-10,2026-08-16,1,7d23f10cc3e90aaa48cbc3bc24227cb4b6b80a37030aa250dc8b08f3ed7f5917,1,citywide,citywide,Citywide,misdemeanor_theft,Theft (Misdemeanor),year_to_date,percent_change,percent,2026,2025,1,1.0,0.01,1%,0.505051,matched,,,wilmington-compstat-v2,validated
weekly-2026-08-16-r1,weekly_compstat,2026-08-10,2026-08-16,1,7d23f10cc3e90aaa48cbc3bc24227cb4b6b80a37030aa250dc8b08f3ed7f5917,1,citywide,citywide,Citywide,misdemeanor_theft,Theft (Misdemeanor),year_to_date,percent_change,percent,2026,2024,2,-3.0,-0.03,-3%,,not_checkable,,,wilmington-compstat-v2,validated
weekly-2026-08-16-r1,weekly_compstat,2026-08-10,2026-08-16,1,7d23f10cc3e90aaa48cbc3bc24227cb4b6b80a37030aa250dc8b08f3ed7f5917,1,citywide,citywide,Citywide,misdemeanor_theft,Theft (Misdemeanor),year_to_date,percent_change,percent,2026,2023,3,-12.0,-0.12,-12%,,not_checkable,,,wilmington-compstat-v2,validated
weekly-2026-08-16-r1,weekly_compstat,2026-08-10,2026-08-16,1,7d23f10cc3e90aaa48cbc3bc24227cb4b6b80a37030aa250dc8b08f3ed7f5917,1,citywide,citywide,Citywide,misdemeanor_theft,Theft (Misdemeanor),year_to_date,percent_change,percent,2026,2022,4,-18.0,-0.18,-18%,,not_checkable,,,wilmington-compstat-v2,validated
weekly-2026-08-16-r1,weekly_compstat,2026-08-10,2026-08-16,1,7d23f10cc3e90aaa48cbc3bc24227cb4b6b80a37030aa250dc8b08f3ed7f5917,1,citywide,citywide,Citywide,misdemeanor_theft,Theft (Misdemeanor),year_to_date,percent_change,percent,2026,2021,5,-22.0,-0.22,-22%,,not_checkable,,,wilmington-compstat-v2,validated
weekly-2026-08-16-r1,weekly_compstat,2026-08-10,2026-08-16,1,7d23f10cc3e90aaa48cbc3bc24227cb4b6b80a37030aa250dc8b08f3ed7f5917,1,citywide,citywide,Citywide,misdemeanor_theft,Theft (Misdemeanor),year_to_date,percent_change,percent,2026,2020,6,-24.0,-0.24,-24%,,not_checkable,,,wilmington-compstat-v2,validated
weekly-2026-08-16-r1,weekly_compstat,2026-08-10,2026-08-16,1,7d23f10cc3e90aaa48cbc3bc24227cb4b6b80a37030aa250dc8b08f3ed7f5917,3,sector,sector_1,Sector 1,murder,Murder,last_7_days,count,count,2026,,,0,,0,,not_applicable,,,wilmington-compstat-v2,validated
weekly-2026-08-16-r1,weekly_compstat,2026-08-10,2026-08-16,1,7d23f10cc3e90aaa48cbc3bc24227cb4b6b80a37030aa250dc8b08f3ed7f5917,3,sector,sector_1,Sector 1,murder,Murder,last_7_days,count,count,2025,,,0,,0,,not_applicable,,,wilmington-compstat-v2,validated
weekly-2026-08-16-r1,weekly_compstat,2026-08-10,2026-08-16,1,7d23f10cc3e90aaa48cbc3bc24227cb4b6b80a37030aa250dc8b08f3ed7f5917,3,sector,sector_1,Sector 1,murder,Murder,last_7_days,percent_change,percent,2026,2025,1,,,*,,undefined_zero_denominator,,undefined_zero_denominator,wilmington-compstat-v2,validated
weekly-2026-08-16-r1,weekly_compstat,2026-08-10,2026-08-16,1,7d23f10cc3e90aaa48cbc3bc24227cb4b6b80a37030aa250dc8b08f3ed7f5917,3,sector,sector_1,Sector 1,murder,Murder,last_28_days,count,count,2026,,,0,,0,,not_applicable,,,wilmington-compstat-v2,validated
weekly-2026-08-16-r1,weekly_compstat,2026-08-10,2026-08-16,1,7d23f10cc3e90aaa48cbc3bc24227cb4b6b80a37030aa250dc8b08f3ed7f5917,3,sector,sector_1,Sector 1,murder,Murder,last_28_days,count,count,2025,,,0,,0,,not_applicable,,,wilmington-compstat-v2,validated
weekly-2026-08-16-r1,weekly_compstat,2026-08-10,2026-08-16,1,7d23f10cc3e90aaa48cbc3bc24227cb4b6b80a37030aa250dc8b08f3ed7f5917,3,sector,sector_1,Sector 1,murder,Murder,last_28_days,percent_change,percent,2026,2025,1,,,*,,undefined_zero_denominator,,undefined_zero_denominator,wilmington-compstat-v2,validated
weekly-2026-08-16-r1,weekly_compstat,2026-08-10,2026-08-16,1,7d23f10cc3e90aaa48cbc3bc24227cb4b6b80a37030aa250dc8b08f3ed7f5917,3,sector,sector_1,Sector 1,murder,Murder,year_to_date,count,count,2026,,,0,,0,,not_applicable,,,wilmington-compstat-v2,validated
weekly-2026-08-16-r1,weekly_compstat,2026-08-10,2026-08-16,1,7d23f10cc3e90aaa48cbc3bc24227cb4b6b80a37030aa250dc8b08f3ed7f5917,3,sector,sector_1,Sector 1,murder,Murder,year_to_date,count,count,2025,,,4,,4,,not_applicable,,,wilmington-compstat-v2,validated
weekly-2026-08-16-r1,weekly_compstat,2026-08-10,2026-08-16,1,7d23f10cc3e90aaa48cbc3bc24227cb4b6b80a37030aa250dc8b08f3ed7f5917,3,sector,sector_1,Sector 1,murder,Murder,year_to_date,percent_change,percent,2026,2025,1,-100.0,-1.0,-100%,-100.0,matched,,,wilmington-compstat-v2,validated
weekly-2026-08-16-r1,weekly_compstat,2026-08-10,2026-08-16,1,7d23f10cc3e90aaa48cbc3bc24227cb4b6b80a37030aa250dc8b08f3ed7f5917,3,sector,sector_1,Sector 1,murder,Murder,year_to_date,percent_change,percent,2026,2024,2,-100.0,-1.0,-100%,,not_checkable,,,wilmington-compstat-v2,validated
weekly-2026-08-16-r1,weekly_compstat,2026-08-10,2026-08-16,1,7d23f10cc3e90aaa48cbc3bc24227cb4b6b80a37030aa250dc8b08f3ed7f5917,3,sector,sector_1,Sector 1,murder,Murder,year_to_date,percent_change,percent,2026,2023,3,-100.0,-1.0,-100%,,not_checkable,,,wilmington-compstat-v2,validated
weekly-2026-08-16-r1,weekly_compstat,2026-08-10,2026-08-16,1,7d23f10cc3e90aaa48cbc3bc24227cb4b6b80a37030aa250dc8b08f3ed7f5917,3,sector,sector_1,Sector 1,murder,Murder,year_to_date,percent_change,percent,2026,2022,4,-100.0,-1.0,-100%,,not_checkable,,,wilmington-compstat-v2,validated
weekly-2026-08-16-r1,weekly_compstat,2026-08-10,2026-08-16,1,7d23f10cc3e90aaa48cbc3bc24227cb4b6b80a37030aa250dc8b08f3ed7f5917,3,sector,sector_1,Sector 1,murder,Murder,year_to_date,percent_change,percent,2026,2021,5,-100.0,-1.0,-100%,,not_checkable,,,wilmington-compstat-v2,validated
weekly-2026-08-16-r1,weekly_compstat,2026-08-10,2026-08-16,1,7d23f10cc3e90aaa48cbc3bc24227cb4b6b80a37030aa250dc8b08f3ed7f5917,3,sector,sector_1,Sector 1,murder,Murder,year_to_date,percent_change,percent,2026,2020,6,-100.0,-1.0,-100%,,not_checkable,,,wilmington-compstat-v2,validated
weekly-2026-08-16-r1,weekly_compstat,2026-08-10,2026-08-16,1,7d23f10cc3e90aaa48cbc3bc24227cb4b6b80a37030aa250dc8b08f3ed7f5917,3,sector,sector_1,Sector 1,rape,Rape,last_7_days,count,count,2026,,,0,,0,,not_applicable,,,wilmington-compstat-v2,validated
weekly-2026-08-16-r1,weekly_compstat,2026-08-10,2026-08-16,1,7d23f10cc3e90aaa48cbc3bc24227cb4b6b80a37030aa250dc8b08f3ed7f5917,3,sector,sector_1,Sector 1,rape,Rape,last_7_days,count,count,2025,,,0,,0,,not_applicable,,,wilmington-compstat-v2,validated
weekly-2026-08-16-r1,weekly_compstat,2026-08-10,2026-08-16,1,7d23f10cc3e90aaa48cbc3bc24227cb4b6b80a37030aa250dc8b08f3ed7f5917,3,sector,sector_1,Sector 1,rape,Rape,last_7_days,percent_change,percent,2026,2025,1,,,*,,undefined_zero_denominator,,undefined_zero_denominator,wilmington-compstat-v2,validated
weekly-2026-08-16-r1,weekly_compstat,2026-08-10,2026-08-16,1,7d23f10cc3e90aaa48cbc3bc24227cb4b6b80a37030aa250dc8b08f3ed7f5917,3,sector,sector_1,Sector 1,rape,Rape,last_28_days,count,count,2026,,,0,,0,,not_applicable,,,wilmington-compstat-v2,validated
weekly-2026-08-16-r1,weekly_compstat,2026-08-10,2026-08-16,1,7d23f10cc3e90aaa48cbc3bc24227cb4b6b80a37030aa250dc8b08f3ed7f5917,3,sector,sector_1,Sector 1,rape,Rape,last_28_days,count,count,2025,,,0,,0,,not_applicable,,,wilmington-compstat-v2,validated
weekly-2026-08-16-r1,weekly_compstat,2026-08-10,2026-08-16,1,7d23f10cc3e90aaa48cbc3bc24227cb4b6b80a37030aa250dc8b08f3ed7f5917,3,sector,sector_1,Sector 1,rape,Rape,last_28_days,percent_change,percent,2026,2025,1,,,*,,undefined_zero_denominator,,undefined_zero_denominator,wilmington-compstat-v2,validated
weekly-2026-08-16-r1,weekly_compstat,2026-08-10,2026-08-16,1,7d23f10cc3e90aaa48cbc3bc24227cb4b6b80a37030aa250dc8b08f3ed7f5917,3,sector,sector_1,Sector 1,rape,Rape,year_to_date,count,count,2026,,,0,,0,,not_applicable,,,wilmington-compstat-v2,validated
weekly-2026-08-16-r1,weekly_compstat,2026-08-10,2026-08-16,1,7d23f10cc3e90aaa48cbc3bc24227cb4b6b80a37030aa250dc8b08f3ed7f5917,3,sector,sector_1,Sector 1,rape,Rape,year_to_date,count,count,2025,,,1,,1,,not_applicable,,,wilmington-compstat-v2,validated
weekly-2026-08-16-r1,weekly_compstat,2026-08-10,2026-08-16,1,7d23f10cc3e90aaa48cbc3bc24227cb4b6b80a37030aa250dc8b08f3ed7f5917,3,sector,sector_1,Sector 1,rape,Rape,year_to_date,percent_change,percent,2026,2025,1,-100.0,-1.0,-100%,-100.0,matched,,,wilmington-compstat-v2,validated
weekly-2026-08-16-r1,weekly_compstat,2026-08-10,2026-08-16,1,7d23f10cc3e90aaa48cbc3bc24227cb4b6b80a37030aa250dc8b08f3ed7f5917,3,sector,sector_1,Sector 1,rape,Rape,year_to_date,percent_change,percent,2026,2024,2,-100.0,-1.0,-100%,,not_checkable,,,wilmington-compstat-v2,validated
weekly-2026-08-16-r1,weekly_compstat,2026-08-10,2026-08-16,1,7d23f10cc3e90aaa48cbc3bc24227cb4b6b80a37030aa250dc8b08f3ed7f5917,3,sector,sector_1,Sector 1,rape,Rape,year_to_date,percent_change,percent,2026,2023,3,,,*,,not_checkable,,undefined_zero_denominator,wilmington-compstat-v2,validated
weekly-2026-08-16-r1,weekly_compstat,2026-08-10,2026-08-16,1,7d23f10cc3e90aaa48cbc3bc24227cb4b6b80a37030aa250dc8b08f3ed7f5917,3,sector,sector_1,Sector 1,rape,Rape,year_to_date,percent_change,percent,2026,2022,4,-100.0,-1.0,-100%,,not_checkable,,,wilmington-compstat-v2,validated
weekly-2026-08-16-r1,weekly_compstat,2026-08-10,2026-08-16,1,7d23f10cc3e90aaa48cbc3bc24227cb4b6b80a37030aa250dc8b08f3ed7f5917,3,sector,sector_1,Sector 1,rape,Rape,year_to_date,percent_change,percent,2026,2021,5,-100.0,-1.0,-100%,,not_checkable,,,wilmington-compstat-v2,validated
weekly-2026-08-16-r1,weekly_compstat,2026-08-10,2026-08-16,1,7d23f10cc3e90aaa48cbc3bc24227cb4b6b80a37030aa250dc8b08f3ed7f5917,3,sector,sector_1,Sector 1,rape,Rape,year_to_date,percent_change,percent,2026,2020,6,-100.0,-1.0,-100%,,not_checkable,,,wilmington-compstat-v2,validated
weekly-2026-08-16-r1,weekly_compstat,2026-08-10,2026-08-16,1,7d23f10cc3e90aaa48cbc3bc24227cb4b6b80a37030aa250dc8b08f3ed7f5917,3,sector,sector_1,Sector 1,robbery,Robbery,last_7_days,count,count,2026,,,1,,1,,not_applicable,,,wilmington-compstat-v2,validated
weekly-2026-08-16-r1,weekly_compstat,2026-08-10,2026-08-16,1,7d23f10cc3e90aaa48cbc3bc24227cb4b6b80a37030aa250dc8b08f3ed7f5917,3,sector,sector_1,Sector 1,robbery,Robbery,last_7_days,count,count,2025,,,0,,0,,not_applicable,,,wilmington-compstat-v2,validated
weekly-2026-08-16-r1,weekly_compstat,2026-08-10,2026-08-16,1,7d23f10cc3e90aaa48cbc3bc24227cb4b6b80a37030aa250dc8b08f3ed7f5917,3,sector,sector_1,Sector 1,robbery,Robbery,last_7_days,percent_change,percent,2026,2025,1,,,*,,undefined_zero_denominator,,undefined_zero_denominator,wilmington-compstat-v2,validated
weekly-2026-08-16-r1,weekly_compstat,2026-08-10,2026-08-16,1,7d23f10cc3e90aaa48cbc3bc24227cb4b6b80a37030aa250dc8b08f3ed7f5917,3,sector,sector_1,Sector 1,robbery,Robbery,last_28_days,count,count,2026,,,4,,4,,not_applicable,,,wilmington-compstat-v2,validated
weekly-2026-08-16-r1,weekly_compstat,2026-08-10,2026-08-16,1,7d23f10cc3e90aaa48cbc3bc24227cb4b6b80a37030aa250dc8b08f3ed7f5917,3,sector,sector_1,Sector 1,robbery,Robbery,last_28_days,count,count,2025,,,3,,3,,not_applicable,,,wilmington-compstat-v2,validated
weekly-2026-08-16-r1,weekly_compstat,2026-08-10,2026-08-16,1,7d23f10cc3e90aaa48cbc3bc24227cb4b6b80a37030aa250dc8b08f3ed7f5917,3,sector,sector_1,Sector 1,robbery,Robbery,last_28_days,percent_change,percent,2026,2025,1,33.0,0.33,33%,33.333333,matched,,,wilmington-compstat-v2,validated
weekly-2026-08-16-r1,weekly_compstat,2026-08-10,2026-08-16,1,7d23f10cc3e90aaa48cbc3bc24227cb4b6b80a37030aa250dc8b08f3ed7f5917,3,sector,sector_1,Sector 1,robbery,Robbery,year_to_date,count,count,2026,,,26,,26,,not_applicable,,,wilmington-compstat-v2,validated
weekly-2026-08-16-r1,weekly_compstat,2026-08-10,2026-08-16,1,7d23f10cc3e90aaa48cbc3bc24227cb4b6b80a37030aa250dc8b08f3ed7f5917,3,sector,sector_1,Sector 1,robbery,Robbery,year_to_date,count,count,2025,,,20,,20,,not_applicable,,,wilmington-compstat-v2,validated
weekly-2026-08-16-r1,weekly_compstat,2026-08-10,2026-08-16,1,7d23f10cc3e90aaa48cbc3bc24227cb4b6b80a37030aa250dc8b08f3ed7f5917,3,sector,sector_1,Sector 1,robbery,Robbery,year_to_date,percent_change,percent,2026,2025,1,30.0,0.3,30%,30.0,matched,,,wilmington-compstat-v2,validated
weekly-2026-08-16-r1,weekly_compstat,2026-08-10,2026-08-16,1,7d23f10cc3e90aaa48cbc3bc24227cb4b6b80a37030aa250dc8b08f3ed7f5917,3,sector,sector_1,Sector 1,robbery,Robbery,year_to_date,percent_change,percent,2026,2024,2,30.0,0.3,30%,,not_checkable,,,wilmington-compstat-v2,validated
weekly-2026-08-16-r1,weekly_compstat,2026-08-10,2026-08-16,1,7d23f10cc3e90aaa48cbc3bc24227cb4b6b80a37030aa250dc8b08f3ed7f5917,3,sector,sector_1,Sector 1,robbery,Robbery,year_to_date,percent_change,percent,2026,2023,3,0.0,0.0,0%,,not_checkable,,,wilmington-compstat-v2,validated
weekly-2026-08-16-r1,weekly_compstat,2026-08-10,2026-08-16,1,7d23f10cc3e90aaa48cbc3bc24227cb4b6b80a37030aa250dc8b08f3ed7f5917,3,sector,sector_1,Sector 1,robbery,Robbery,year_to_date,percent_change,percent,2026,2022,4,0.0,0.0,0%,,not_checkable,,,wilmington-compstat-v2,validated
weekly-2026-08-16-r1,weekly_compstat,2026-08-10,2026-08-16,1,7d23f10cc3e90aaa48cbc3bc24227cb4b6b80a37030aa250dc8b08f3ed7f5917,3,sector,sector_1,Sector 1,robbery,Robbery,year_to_date,percent_change,percent,2026,2021,5,-21.0,-0.21,-21%,,not_checkable,,,wilmington-compstat-v2,validated
weekly-2026-08-16-r1,weekly_compstat,2026-08-10,2026-08-16,1,7d23f10cc3e90aaa48cbc3bc24227cb4b6b80a37030aa250dc8b08f3ed7f5917,3,sector,sector_1,Sector 1,robbery,Robbery,year_to_date,percent_change,percent,2026,2020,6,-50.0,-0.5,-50%,,not_checkable,,,wilmington-compstat-v2,validated
weekly-2026-08-16-r1,weekly_compstat,2026-08-10,2026-08-16,1,7d23f10cc3e90aaa48cbc3bc24227cb4b6b80a37030aa250dc8b08f3ed7f5917,3,sector,sector_1,Sector 1,aggravated_assault,Agg. Assault,last_7_days,count,count,2026,,,1,,1,,not_applicable,,,wilmington-compstat-v2,validated
weekly-2026-08-16-r1,weekly_compstat,2026-08-10,2026-08-16,1,7d23f10cc3e90aaa48cbc3bc24227cb4b6b80a37030aa250dc8b08f3ed7f5917,3,sector,sector_1,Sector 1,aggravated_assault,Agg. Assault,last_7_days,count,count,2025,,,2,,2,,not_applicable,,,wilmington-compstat-v2,validated
weekly-2026-08-16-r1,weekly_compstat,2026-08-10,2026-08-16,1,7d23f10cc3e90aaa48cbc3bc24227cb4b6b80a37030aa250dc8b08f3ed7f5917,3,sector,sector_1,Sector 1,aggravated_assault,Agg. Assault,last_7_days,percent_change,percent,2026,2025,1,-50.0,-0.5,-50%,-50.0,matched,,,wilmington-compstat-v2,validated
weekly-2026-08-16-r1,weekly_compstat,2026-08-10,2026-08-16,1,7d23f10cc3e90aaa48cbc3bc24227cb4b6b80a37030aa250dc8b08f3ed7f5917,3,sector,sector_1,Sector 1,aggravated_assault,Agg. Assault,last_28_days,count,count,2026,,,9,,9,,not_applicable,,,wilmington-compstat-v2,validated
weekly-2026-08-16-r1,weekly_compstat,2026-08-10,2026-08-16,1,7d23f10cc3e90aaa48cbc3bc24227cb4b6b80a37030aa250dc8b08f3ed7f5917,3,sector,sector_1,Sector 1,aggravated_assault,Agg. Assault,last_28_days,count,count,2025,,,5,,5,,not_applicable,,,wilmington-compstat-v2,validated
weekly-2026-08-16-r1,weekly_compstat,2026-08-10,2026-08-16,1,7d23f10cc3e90aaa48cbc3bc24227cb4b6b80a37030aa250dc8b08f3ed7f5917,3,sector,sector_1,Sector 1,aggravated_assault,Agg. Assault,last_28_days,percent_change,percent,2026,2025,1,80.0,0.8,80%,80.0,matched,,,wilmington-compstat-v2,validated
weekly-2026-08-16-r1,weekly_compstat,2026-08-10,2026-08-16,1,7d23f10cc3e90aaa48cbc3bc24227cb4b6b80a37030aa250dc8b08f3ed7f5917,3,sector,sector_1,Sector 1,aggravated_assault,Agg. Assault,year_to_date,count,count,2026,,,74,,74,,not_applicable,,,wilmington-compstat-v2,validated
weekly-2026-08-16-r1,weekly_compstat,2026-08-10,2026-08-16,1,7d23f10cc3e90aaa48cbc3bc24227cb4b6b80a37030aa250dc8b08f3ed7f5917,3,sector,sector_1,Sector 1,aggravated_assault,Agg. Assault,year_to_date,count,count,2025,,,65,,65,,not_applicable,,,wilmington-compstat-v2,validated
weekly-2026-08-16-r1,weekly_compstat,2026-08-10,2026-08-16,1,7d23f10cc3e90aaa48cbc3bc24227cb4b6b80a37030aa250dc8b08f3ed7f5917,3,sector,sector_1,Sector 1,aggravated_assault,Agg. Assault,year_to_date,percent_change,percent,2026,2025,1,14.0,0.14,14%,13.846154,matched,,,wilmington-compstat-v2,validated
weekly-2026-08-16-r1,weekly_compstat,2026-08-10,2026-08-16,1,7d23f10cc3e90aaa48cbc3bc24227cb4b6b80a37030aa250dc8b08f3ed7f5917,3,sector,sector_1,Sector 1,aggravated_assault,Agg. Assault,year_to_date,percent_change,percent,2026,2024,2,17.0,0.17,17%,,not_checkable,,,wilmington-compstat-v2,validated
weekly-2026-08-16-r1,weekly_compstat,2026-08-10,2026-08-16,1,7d23f10cc3e90aaa48cbc3bc24227cb4b6b80a37030aa250dc8b08f3ed7f5917,3,sector,sector_1,Sector 1,aggravated_assault,Agg. Assault,year_to_date,percent_change,percent,2026,2023,3,9.0,0.09,9%,,not_checkable,,,wilmington-compstat-v2,validated
weekly-2026-08-16-r1,weekly_compstat,2026-08-10,2026-08-16,1,7d23f10cc3e90aaa48cbc3bc24227cb4b6b80a37030aa250dc8b08f3ed7f5917,3,sector,sector_1,Sector 1,aggravated_assault,Agg. Assault,year_to_date,percent_change,percent,2026,2022,4,23.0,0.23,23%,,not_checkable,,,wilmington-compstat-v2,validated
weekly-2026-08-16-r1,weekly_compstat,2026-08-10,2026-08-16,1,7d23f10cc3e90aaa48cbc3bc24227cb4b6b80a37030aa250dc8b08f3ed7f5917,3,sector,sector_1,Sector 1,aggravated_assault,Agg. Assault,year_to_date,percent_change,percent,2026,2021,5,-23.0,-0.23,-23%,,not_checkable,,,wilmington-compstat-v2,validated
weekly-2026-08-16-r1,weekly_compstat,2026-08-10,2026-08-16,1,7d23f10cc3e90aaa48cbc3bc24227cb4b6b80a37030aa250dc8b08f3ed7f5917,3,sector,sector_1,Sector 1,aggravated_assault,Agg. Assault,year_to_date,percent_change,percent,2026,2020,6,-19.0,-0.19,-19%,,not_checkable,,,wilmington-compstat-v2,validated
weekly-2026-08-16-r1,weekly_compstat,2026-08-10,2026-08-16,1,7d23f10cc3e90aaa48cbc3bc24227cb4b6b80a37030aa250dc8b08f3ed7f5917,3,sector,sector_1,Sector 1,burglary,Burglary,last_7_days,count,count,2026,,,0,,0,,not_applicable,,,wilmington-compstat-v2,validated
weekly-2026-08-16-r1,weekly_compstat,2026-08-10,2026-08-16,1,7d23f10cc3e90aaa48cbc3bc24227cb4b6b80a37030aa250dc8b08f3ed7f5917,3,sector,sector_1,Sector 1,burglary,Burglary,last_7_days,count,count,2025,,,2,,2,,not_applicable,,,wilmington-compstat-v2,validated
weekly-2026-08-16-r1,weekly_compstat,2026-08-10,2026-08-16,1,7d23f10cc3e90aaa48cbc3bc24227cb4b6b80a37030aa250dc8b08f3ed7f5917,3,sector,sector_1,Sector 1,burglary,Burglary,last_7_days,percent_change,percent,2026,2025,1,-100.0,-1.0,-100%,-100.0,matched,,,wilmington-compstat-v2,validated
weekly-2026-08-16-r1,weekly_compstat,2026-08-10,2026-08-16,1,7d23f10cc3e90aaa48cbc3bc24227cb4b6b80a37030aa250dc8b08f3ed7f5917,3,sector,sector_1,Sector 1,burglary,Burglary,last_28_days,count,count,2026,,,10,,10,,not_applicable,,,wilmington-compstat-v2,validated
weekly-2026-08-16-r1,weekly_compstat,2026-08-10,2026-08-16,1,7d23f10cc3e90aaa48cbc3bc24227cb4b6b80a37030aa250dc8b08f3ed7f5917,3,sector,sector_1,Sector 1,burglary,Burglary,last_28_days,count,count,2025,,,11,,11,,not_applicable,,,wilmington-compstat-v2,validated
weekly-2026-08-16-r1,weekly_compstat,2026-08-10,2026-08-16,1,7d23f10cc3e90aaa48cbc3bc24227cb4b6b80a37030aa250dc8b08f3ed7f5917,3,sector,sector_1,Sector 1,burglary,Burglary,last_28_days,percent_change,percent,2026,2025,1,-9.0,-0.09,-9%,-9.090909,matched,,,wilmington-compstat-v2,validated
weekly-2026-08-16-r1,weekly_compstat,2026-08-10,2026-08-16,1,7d23f10cc3e90aaa48cbc3bc24227cb4b6b80a37030aa250dc8b08f3ed7f5917,3,sector,sector_1,Sector 1,burglary,Burglary,year_to_date,count,count,2026,,,58,,58,,not_applicable,,,wilmington-compstat-v2,validated
weekly-2026-08-16-r1,weekly_compstat,2026-08-10,2026-08-16,1,7d23f10cc3e90aaa48cbc3bc24227cb4b6b80a37030aa250dc8b08f3ed7f5917,3,sector,sector_1,Sector 1,burglary,Burglary,year_to_date,count,count,2025,,,76,,76,,not_applicable,,,wilmington-compstat-v2,validated
weekly-2026-08-16-r1,weekly_compstat,2026-08-10,2026-08-16,1,7d23f10cc3e90aaa48cbc3bc24227cb4b6b80a37030aa250dc8b08f3ed7f5917,3,sector,sector_1,Sector 1,burglary,Burglary,year_to_date,percent_change,percent,2026,2025,1,-24.0,-0.24,-24%,-23.684211,matched,,,wilmington-compstat-v2,validated
weekly-2026-08-16-r1,weekly_compstat,2026-08-10,2026-08-16,1,7d23f10cc3e90aaa48cbc3bc24227cb4b6b80a37030aa250dc8b08f3ed7f5917,3,sector,sector_1,Sector 1,burglary,Burglary,year_to_date,percent_change,percent,2026,2024,2,49.0,0.49,49%,,not_checkable,,,wilmington-compstat-v2,validated
weekly-2026-08-16-r1,weekly_compstat,2026-08-10,2026-08-16,1,7d23f10cc3e90aaa48cbc3bc24227cb4b6b80a37030aa250dc8b08f3ed7f5917,3,sector,sector_1,Sector 1,burglary,Burglary,year_to_date,percent_change,percent,2026,2023,3,16.0,0.16,16%,,not_checkable,,,wilmington-compstat-v2,validated
weekly-2026-08-16-r1,weekly_compstat,2026-08-10,2026-08-16,1,7d23f10cc3e90aaa48cbc3bc24227cb4b6b80a37030aa250dc8b08f3ed7f5917,3,sector,sector_1,Sector 1,burglary,Burglary,year_to_date,percent_change,percent,2026,2022,4,-19.0,-0.19,-19%,,not_checkable,,,wilmington-compstat-v2,validated
weekly-2026-08-16-r1,weekly_compstat,2026-08-10,2026-08-16,1,7d23f10cc3e90aaa48cbc3bc24227cb4b6b80a37030aa250dc8b08f3ed7f5917,3,sector,sector_1,Sector 1,burglary,Burglary,year_to_date,percent_change,percent,2026,2021,5,-12.0,-0.12,-12%,,not_checkable,,,wilmington-compstat-v2,validated
weekly-2026-08-16-r1,weekly_compstat,2026-08-10,2026-08-16,1,7d23f10cc3e90aaa48cbc3bc24227cb4b6b80a37030aa250dc8b08f3ed7f5917,3,sector,sector_1,Sector 1,burglary,Burglary,year_to_date,percent_change,percent,2026,2020,6,-29.0,-0.29,-29%,,not_checkable,,,wilmington-compstat-v2,validated
weekly-2026-08-16-r1,weekly_compstat,2026-08-10,2026-08-16,1,7d23f10cc3e90aaa48cbc3bc24227cb4b6b80a37030aa250dc8b08f3ed7f5917,3,sector,sector_1,Sector 1,felony_theft,Felony Theft,last_7_days,count,count,2026,,,1,,1,,not_applicable,,,wilmington-compstat-v2,validated
weekly-2026-08-16-r1,weekly_compstat,2026-08-10,2026-08-16,1,7d23f10cc3e90aaa48cbc3bc24227cb4b6b80a37030aa250dc8b08f3ed7f5917,3,sector,sector_1,Sector 1,felony_theft,Felony Theft,last_7_days,count,count,2025,,,2,,2,,not_applicable,,,wilmington-compstat-v2,validated
weekly-2026-08-16-r1,weekly_compstat,2026-08-10,2026-08-16,1,7d23f10cc3e90aaa48cbc3bc24227cb4b6b80a37030aa250dc8b08f3ed7f5917,3,sector,sector_1,Sector 1,felony_theft,Felony Theft,last_7_days,percent_change,percent,2026,2025,1,-50.0,-0.5,-50%,-50.0,matched,,,wilmington-compstat-v2,validated
weekly-2026-08-16-r1,weekly_compstat,2026-08-10,2026-08-16,1,7d23f10cc3e90aaa48cbc3bc24227cb4b6b80a37030aa250dc8b08f3ed7f5917,3,sector,sector_1,Sector 1,felony_theft,Felony Theft,last_28_days,count,count,2026,,,9,,9,,not_applicable,,,wilmington-compstat-v2,validated
weekly-2026-08-16-r1,weekly_compstat,2026-08-10,2026-08-16,1,7d23f10cc3e90aaa48cbc3bc24227cb4b6b80a37030aa250dc8b08f3ed7f5917,3,sector,sector_1,Sector 1,felony_theft,Felony Theft,last_28_days,count,count,2025,,,2,,2,,not_applicable,,,wilmington-compstat-v2,validated
weekly-2026-08-16-r1,weekly_compstat,2026-08-10,2026-08-16,1,7d23f10cc3e90aaa48cbc3bc24227cb4b6b80a37030aa250dc8b08f3ed7f5917,3,sector,sector_1,Sector 1,felony_theft,Felony Theft,last_28_days,percent_change,percent,2026,2025,1,350.0,3.5,350%,350.0,matched,,,wilmington-compstat-v2,validated
weekly-2026-08-16-r1,weekly_compstat,2026-08-10,2026-08-16,1,7d23f10cc3e90aaa48cbc3bc24227cb4b6b80a37030aa250dc8b08f3ed7f5917,3,sector,sector_1,Sector 1,felony_theft,Felony Theft,year_to_date,count,count,2026,,,52,,52,,not_applicable,,,wilmington-compstat-v2,validated
weekly-2026-08-16-r1,weekly_compstat,2026-08-10,2026-08-16,1,7d23f10cc3e90aaa48cbc3bc24227cb4b6b80a37030aa250dc8b08f3ed7f5917,3,sector,sector_1,Sector 1,felony_theft,Felony Theft,year_to_date,count,count,2025,,,41,,41,,not_applicable,,,wilmington-compstat-v2,validated
weekly-2026-08-16-r1,weekly_compstat,2026-08-10,2026-08-16,1,7d23f10cc3e90aaa48cbc3bc24227cb4b6b80a37030aa250dc8b08f3ed7f5917,3,sector,sector_1,Sector 1,felony_theft,Felony Theft,year_to_date,percent_change,percent,2026,2025,1,27.0,0.27,27%,26.829268,matched,,,wilmington-compstat-v2,validated
weekly-2026-08-16-r1,weekly_compstat,2026-08-10,2026-08-16,1,7d23f10cc3e90aaa48cbc3bc24227cb4b6b80a37030aa250dc8b08f3ed7f5917,3,sector,sector_1,Sector 1,felony_theft,Felony Theft,year_to_date,percent_change,percent,2026,2024,2,44.0,0.44,44%,,not_checkable,,,wilmington-compstat-v2,validated
weekly-2026-08-16-r1,weekly_compstat,2026-08-10,2026-08-16,1,7d23f10cc3e90aaa48cbc3bc24227cb4b6b80a37030aa250dc8b08f3ed7f5917,3,sector,sector_1,Sector 1,felony_theft,Felony Theft,year_to_date,percent_change,percent,2026,2023,3,4.0,0.04,4%,,not_checkable,,,wilmington-compstat-v2,validated
weekly-2026-08-16-r1,weekly_compstat,2026-08-10,2026-08-16,1,7d23f10cc3e90aaa48cbc3bc24227cb4b6b80a37030aa250dc8b08f3ed7f5917,3,sector,sector_1,Sector 1,felony_theft,Felony Theft,year_to_date,percent_change,percent,2026,2022,4,-9.0,-0.09,-9%,,not_checkable,,,wilmington-compstat-v2,validated
weekly-2026-08-16-r1,weekly_compstat,2026-08-10,2026-08-16,1,7d23f10cc3e90aaa48cbc3bc24227cb4b6b80a37030aa250dc8b08f3ed7f5917,3,sector,sector_1,Sector 1,felony_theft,Felony Theft,year_to_date,percent_change,percent,2026,2021,5,-2.0,-0.02,-2%,,not_checkable,,,wilmington-compstat-v2,validated
weekly-2026-08-16-r1,weekly_compstat,2026-08-10,2026-08-16,1,7d23f10cc3e90aaa48cbc3bc24227cb4b6b80a37030aa250dc8b08f3ed7f5917,3,sector,sector_1,Sector 1,felony_theft,Felony Theft,year_to_date,percent_change,percent,2026,2020,6,63.0,0.63,63%,,not_checkable,,,wilmington-compstat-v2,validated
weekly-2026-08-16-r1,weekly_compstat,2026-08-10,2026-08-16,1,7d23f10cc3e90aaa48cbc3bc24227cb4b6b80a37030aa250dc8b08f3ed7f5917,3,sector,sector_1,Sector 1,auto_theft,Auto Theft,last_7_days,count,count,2026,,,3,,3,,not_applicable,,,wilmington-compstat-v2,validated
weekly-2026-08-16-r1,weekly_compstat,2026-08-10,2026-08-16,1,7d23f10cc3e90aaa48cbc3bc24227cb4b6b80a37030aa250dc8b08f3ed7f5917,3,sector,sector_1,Sector 1,auto_theft,Auto Theft,last_7_days,count,count,2025,,,1,,1,,not_applicable,,,wilmington-compstat-v2,validated
weekly-2026-08-16-r1,weekly_compstat,2026-08-10,2026-08-16,1,7d23f10cc3e90aaa48cbc3bc24227cb4b6b80a37030aa250dc8b08f3ed7f5917,3,sector,sector_1,Sector 1,auto_theft,Auto Theft,last_7_days,percent_change,percent,2026,2025,1,200.0,2.0,200%,200.0,matched,,,wilmington-compstat-v2,validated
weekly-2026-08-16-r1,weekly_compstat,2026-08-10,2026-08-16,1,7d23f10cc3e90aaa48cbc3bc24227cb4b6b80a37030aa250dc8b08f3ed7f5917,3,sector,sector_1,Sector 1,auto_theft,Auto Theft,last_28_days,count,count,2026,,,13,,13,,not_applicable,,,wilmington-compstat-v2,validated
weekly-2026-08-16-r1,weekly_compstat,2026-08-10,2026-08-16,1,7d23f10cc3e90aaa48cbc3bc24227cb4b6b80a37030aa250dc8b08f3ed7f5917,3,sector,sector_1,Sector 1,auto_theft,Auto Theft,last_28_days,count,count,2025,,,7,,7,,not_applicable,,,wilmington-compstat-v2,validated
weekly-2026-08-16-r1,weekly_compstat,2026-08-10,2026-08-16,1,7d23f10cc3e90aaa48cbc3bc24227cb4b6b80a37030aa250dc8b08f3ed7f5917,3,sector,sector_1,Sector 1,auto_theft,Auto Theft,last_28_days,percent_change,percent,2026,2025,1,86.0,0.86,86%,85.714286,matched,,,wilmington-compstat-v2,validated
weekly-2026-08-16-r1,weekly_compstat,2026-08-10,2026-08-16,1,7d23f10cc3e90aaa48cbc3bc24227cb4b6b80a37030aa250dc8b08f3ed7f5917,3,sector,sector_1,Sector 1,auto_theft,Auto Theft,year_to_date,count,count,2026,,,79,,79,,not_applicable,,,wilmington-compstat-v2,validated
weekly-2026-08-16-r1,weekly_compstat,2026-08-10,2026-08-16,1,7d23f10cc3e90aaa48cbc3bc24227cb4b6b80a37030aa250dc8b08f3ed7f5917,3,sector,sector_1,Sector 1,auto_theft,Auto Theft,year_to_date,count,count,2025,,,96,,96,,not_applicable,,,wilmington-compstat-v2,validated
weekly-2026-08-16-r1,weekly_compstat,2026-08-10,2026-08-16,1,7d23f10cc3e90aaa48cbc3bc24227cb4b6b80a37030aa250dc8b08f3ed7f5917,3,sector,sector_1,Sector 1,auto_theft,Auto Theft,year_to_date,percent_change,percent,2026,2025,1,-18.0,-0.18,-18%,-17.708333,matched,,,wilmington-compstat-v2,validated
weekly-2026-08-16-r1,weekly_compstat,2026-08-10,2026-08-16,1,7d23f10cc3e90aaa48cbc3bc24227cb4b6b80a37030aa250dc8b08f3ed7f5917,3,sector,sector_1,Sector 1,auto_theft,Auto Theft,year_to_date,percent_change,percent,2026,2024,2,-21.0,-0.21,-21%,,not_checkable,,,wilmington-compstat-v2,validated
weekly-2026-08-16-r1,weekly_compstat,2026-08-10,2026-08-16,1,7d23f10cc3e90aaa48cbc3bc24227cb4b6b80a37030aa250dc8b08f3ed7f5917,3,sector,sector_1,Sector 1,auto_theft,Auto Theft,year_to_date,percent_change,percent,2026,2023,3,-11.0,-0.11,-11%,,not_checkable,,,wilmington-compstat-v2,validated
weekly-2026-08-16-r1,weekly_compstat,2026-08-10,2026-08-16,1,7d23f10cc3e90aaa48cbc3bc24227cb4b6b80a37030aa250dc8b08f3ed7f5917,3,sector,sector_1,Sector 1,auto_theft,Auto Theft,year_to_date,percent_change,percent,2026,2022,4,-1.0,-0.01,-1%,,not_checkable,,,wilmington-compstat-v2,validated
weekly-2026-08-16-r1,weekly_compstat,2026-08-10,2026-08-16,1,7d23f10cc3e90aaa48cbc3bc24227cb4b6b80a37030aa250dc8b08f3ed7f5917,3,sector,sector_1,Sector 1,auto_theft,Auto Theft,year_to_date,percent_change,percent,2026,2021,5,3.0,0.03,3%,,not_checkable,,,wilmington-compstat-v2,validated
weekly-2026-08-16-r1,weekly_compstat,2026-08-10,2026-08-16,1,7d23f10cc3e90aaa48cbc3bc24227cb4b6b80a37030aa250dc8b08f3ed7f5917,3,sector,sector_1,Sector 1,auto_theft,Auto Theft,year_to_date,percent_change,percent,2026,2020,6,-7.0,-0.07,-7%,,not_checkable,,,wilmington-compstat-v2,validated
weekly-2026-08-16-r1,weekly_compstat,2026-08-10,2026-08-16,1,7d23f10cc3e90aaa48cbc3bc24227cb4b6b80a37030aa250dc8b08f3ed7f5917,3,sector,sector_1,Sector 1,major_crime_total,TOTAL,last_7_days,count,count,2026,,,6,,6,,not_applicable,,,wilmington-compstat-v2,validated
weekly-2026-08-16-r1,weekly_compstat,2026-08-10,2026-08-16,1,7d23f10cc3e90aaa48cbc3bc24227cb4b6b80a37030aa250dc8b08f3ed7f5917,3,sector,sector_1,Sector 1,major_crime_total,TOTAL,last_7_days,count,count,2025,,,7,,7,,not_applicable,,,wilmington-compstat-v2,validated
weekly-2026-08-16-r1,weekly_compstat,2026-08-10,2026-08-16,1,7d23f10cc3e90aaa48cbc3bc24227cb4b6b80a37030aa250dc8b08f3ed7f5917,3,sector,sector_1,Sector 1,major_crime_total,TOTAL,last_7_days,percent_change,percent,2026,2025,1,-14.0,-0.14,-14%,-14.285714,matched,,,wilmington-compstat-v2,validated
weekly-2026-08-16-r1,weekly_compstat,2026-08-10,2026-08-16,1,7d23f10cc3e90aaa48cbc3bc24227cb4b6b80a37030aa250dc8b08f3ed7f5917,3,sector,sector_1,Sector 1,major_crime_total,TOTAL,last_28_days,count,count,2026,,,45,,45,,not_applicable,,,wilmington-compstat-v2,validated
weekly-2026-08-16-r1,weekly_compstat,2026-08-10,2026-08-16,1,7d23f10cc3e90aaa48cbc3bc24227cb4b6b80a37030aa250dc8b08f3ed7f5917,3,sector,sector_1,Sector 1,major_crime_total,TOTAL,last_28_days,count,count,2025,,,28,,28,,not_applicable,,,wilmington-compstat-v2,validated
weekly-2026-08-16-r1,weekly_compstat,2026-08-10,2026-08-16,1,7d23f10cc3e90aaa48cbc3bc24227cb4b6b80a37030aa250dc8b08f3ed7f5917,3,sector,sector_1,Sector 1,major_crime_total,TOTAL,last_28_days,percent_change,percent,2026,2025,1,61.0,0.61,61%,60.714286,matched,,,wilmington-compstat-v2,validated
weekly-2026-08-16-r1,weekly_compstat,2026-08-10,2026-08-16,1,7d23f10cc3e90aaa48cbc3bc24227cb4b6b80a37030aa250dc8b08f3ed7f5917,3,sector,sector_1,Sector 1,major_crime_total,TOTAL,year_to_date,count,count,2026,,,289,,289,,not_applicable,,,wilmington-compstat-v2,validated
weekly-2026-08-16-r1,weekly_compstat,2026-08-10,2026-08-16,1,7d23f10cc3e90aaa48cbc3bc24227cb4b6b80a37030aa250dc8b08f3ed7f5917,3,sector,sector_1,Sector 1,major_crime_total,TOTAL,year_to_date,count,count,2025,,,303,,303,,not_applicable,,,wilmington-compstat-v2,validated
weekly-2026-08-16-r1,weekly_compstat,2026-08-10,2026-08-16,1,7d23f10cc3e90aaa48cbc3bc24227cb4b6b80a37030aa250dc8b08f3ed7f5917,3,sector,sector_1,Sector 1,major_crime_total,TOTAL,year_to_date,percent_change,percent,2026,2025,1,-5.0,-0.05,-5%,-4.620462,matched,,,wilmington-compstat-v2,validated
weekly-2026-08-16-r1,weekly_compstat,2026-08-10,2026-08-16,1,7d23f10cc3e90aaa48cbc3bc24227cb4b6b80a37030aa250dc8b08f3ed7f5917,3,sector,sector_1,Sector 1,major_crime_total,TOTAL,year_to_date,percent_change,percent,2026,2024,2,10.0,0.1,10%,,not_checkable,,,wilmington-compstat-v2,validated
weekly-2026-08-16-r1,weekly_compstat,2026-08-10,2026-08-16,1,7d23f10cc3e90aaa48cbc3bc24227cb4b6b80a37030aa250dc8b08f3ed7f5917,3,sector,sector_1,Sector 1,major_crime_total,TOTAL,year_to_date,percent_change,percent,2026,2023,3,0.0,0.0,0%,,not_checkable,,,wilmington-compstat-v2,validated
weekly-2026-08-16-r1,weekly_compstat,2026-08-10,2026-08-16,1,7d23f10cc3e90aaa48cbc3bc24227cb4b6b80a37030aa250dc8b08f3ed7f5917,3,sector,sector_1,Sector 1,major_crime_total,TOTAL,year_to_date,percent_change,percent,2026,2022,4,-4.0,-0.04,-4%,,not_checkable,,,wilmington-compstat-v2,validated
weekly-2026-08-16-r1,weekly_compstat,2026-08-10,2026-08-16,1,7d23f10cc3e90aaa48cbc3bc24227cb4b6b80a37030aa250dc8b08f3ed7f5917,3,sector,sector_1,Sector 1,major_crime_total,TOTAL,year_to_date,percent_change,percent,2026,2021,5,-14.0,-0.14,-14%,,not_checkable,,,wilmington-compstat-v2,validated
weekly-2026-08-16-r1,weekly_compstat,2026-08-10,2026-08-16,1,7d23f10cc3e90aaa48cbc3bc24227cb4b6b80a37030aa250dc8b08f3ed7f5917,3,sector,sector_1,Sector 1,major_crime_total,TOTAL,year_to_date,percent_change,percent,2026,2020,6,-17.0,-0.17,-17%,,not_checkable,,,wilmington-compstat-v2,validated
weekly-2026-08-16-r1,weekly_compstat,2026-08-10,2026-08-16,1,7d23f10cc3e90aaa48cbc3bc24227cb4b6b80a37030aa250dc8b08f3ed7f5917,3,sector,sector_1,Sector 1,shooting_incidents,Shooting Incidents,last_7_days,count,count,2026,,,0,,0,,not_applicable,,,wilmington-compstat-v2,validated
weekly-2026-08-16-r1,weekly_compstat,2026-08-10,2026-08-16,1,7d23f10cc3e90aaa48cbc3bc24227cb4b6b80a37030aa250dc8b08f3ed7f5917,3,sector,sector_1,Sector 1,shooting_incidents,Shooting Incidents,last_7_days,count,count,2025,,,0,,0,,not_applicable,,,wilmington-compstat-v2,validated
weekly-2026-08-16-r1,weekly_compstat,2026-08-10,2026-08-16,1,7d23f10cc3e90aaa48cbc3bc24227cb4b6b80a37030aa250dc8b08f3ed7f5917,3,sector,sector_1,Sector 1,shooting_incidents,Shooting Incidents,last_7_days,percent_change,percent,2026,2025,1,,,*,,undefined_zero_denominator,,undefined_zero_denominator,wilmington-compstat-v2,validated
weekly-2026-08-16-r1,weekly_compstat,2026-08-10,2026-08-16,1,7d23f10cc3e90aaa48cbc3bc24227cb4b6b80a37030aa250dc8b08f3ed7f5917,3,sector,sector_1,Sector 1,shooting_incidents,Shooting Incidents,last_28_days,count,count,2026,,,1,,1,,not_applicable,,,wilmington-compstat-v2,validated
weekly-2026-08-16-r1,weekly_compstat,2026-08-10,2026-08-16,1,7d23f10cc3e90aaa48cbc3bc24227cb4b6b80a37030aa250dc8b08f3ed7f5917,3,sector,sector_1,Sector 1,shooting_incidents,Shooting Incidents,last_28_days,count,count,2025,,,0,,0,,not_applicable,,,wilmington-compstat-v2,validated
weekly-2026-08-16-r1,weekly_compstat,2026-08-10,2026-08-16,1,7d23f10cc3e90aaa48cbc3bc24227cb4b6b80a37030aa250dc8b08f3ed7f5917,3,sector,sector_1,Sector 1,shooting_incidents,Shooting Incidents,last_28_days,percent_change,percent,2026,2025,1,,,*,,undefined_zero_denominator,,undefined_zero_denominator,wilmington-compstat-v2,validated
weekly-2026-08-16-r1,weekly_compstat,2026-08-10,2026-08-16,1,7d23f10cc3e90aaa48cbc3bc24227cb4b6b80a37030aa250dc8b08f3ed7f5917,3,sector,sector_1,Sector 1,shooting_incidents,Shooting Incidents,year_to_date,count,count,2026,,,11,,11,,not_applicable,,,wilmington-compstat-v2,validated
weekly-2026-08-16-r1,weekly_compstat,2026-08-10,2026-08-16,1,7d23f10cc3e90aaa48cbc3bc24227cb4b6b80a37030aa250dc8b08f3ed7f5917,3,sector,sector_1,Sector 1,shooting_incidents,Shooting Incidents,year_to_date,count,count,2025,,,11,,11,,not_applicable,,,wilmington-compstat-v2,validated
weekly-2026-08-16-r1,weekly_compstat,2026-08-10,2026-08-16,1,7d23f10cc3e90aaa48cbc3bc24227cb4b6b80a37030aa250dc8b08f3ed7f5917,3,sector,sector_1,Sector 1,shooting_incidents,Shooting Incidents,year_to_date,percent_change,percent,2026,2025,1,0.0,0.0,0%,0.0,matched,,,wilmington-compstat-v2,validated
weekly-2026-08-16-r1,weekly_compstat,2026-08-10,2026-08-16,1,7d23f10cc3e90aaa48cbc3bc24227cb4b6b80a37030aa250dc8b08f3ed7f5917,3,sector,sector_1,Sector 1,shooting_incidents,Shooting Incidents,year_to_date,percent_change,percent,2026,2024,2,-27.0,-0.27,-27%,,not_checkable,,,wilmington-compstat-v2,validated
weekly-2026-08-16-r1,weekly_compstat,2026-08-10,2026-08-16,1,7d23f10cc3e90aaa48cbc3bc24227cb4b6b80a37030aa250dc8b08f3ed7f5917,3,sector,sector_1,Sector 1,shooting_incidents,Shooting Incidents,year_to_date,percent_change,percent,2026,2023,3,-45.0,-0.45,-45%,,not_checkable,,,wilmington-compstat-v2,validated
weekly-2026-08-16-r1,weekly_compstat,2026-08-10,2026-08-16,1,7d23f10cc3e90aaa48cbc3bc24227cb4b6b80a37030aa250dc8b08f3ed7f5917,3,sector,sector_1,Sector 1,shooting_incidents,Shooting Incidents,year_to_date,percent_change,percent,2026,2022,4,-54.0,-0.54,-54%,,not_checkable,,,wilmington-compstat-v2,validated
weekly-2026-08-16-r1,weekly_compstat,2026-08-10,2026-08-16,1,7d23f10cc3e90aaa48cbc3bc24227cb4b6b80a37030aa250dc8b08f3ed7f5917,3,sector,sector_1,Sector 1,shooting_incidents,Shooting Incidents,year_to_date,percent_change,percent,2026,2021,5,-65.0,-0.65,-65%,,not_checkable,,,wilmington-compstat-v2,validated
weekly-2026-08-16-r1,weekly_compstat,2026-08-10,2026-08-16,1,7d23f10cc3e90aaa48cbc3bc24227cb4b6b80a37030aa250dc8b08f3ed7f5917,3,sector,sector_1,Sector 1,shooting_incidents,Shooting Incidents,year_to_date,percent_change,percent,2026,2020,6,-69.0,-0.69,-69%,,not_checkable,,,wilmington-compstat-v2,validated
weekly-2026-08-16-r1,weekly_compstat,2026-08-10,2026-08-16,1,7d23f10cc3e90aaa48cbc3bc24227cb4b6b80a37030aa250dc8b08f3ed7f5917,3,sector,sector_1,Sector 1,shooting_victims,Shooting Victims,last_7_days,count,count,2026,,,0,,0,,not_applicable,,,wilmington-compstat-v2,validated
weekly-2026-08-16-r1,weekly_compstat,2026-08-10,2026-08-16,1,7d23f10cc3e90aaa48cbc3bc24227cb4b6b80a37030aa250dc8b08f3ed7f5917,3,sector,sector_1,Sector 1,shooting_victims,Shooting Victims,last_7_days,count,count,2025,,,0,,0,,not_applicable,,,wilmington-compstat-v2,validated
weekly-2026-08-16-r1,weekly_compstat,2026-08-10,2026-08-16,1,7d23f10cc3e90aaa48cbc3bc24227cb4b6b80a37030aa250dc8b08f3ed7f5917,3,sector,sector_1,Sector 1,shooting_victims,Shooting Victims,last_7_days,percent_change,percent,2026,2025,1,,,*,,undefined_zero_denominator,,undefined_zero_denominator,wilmington-compstat-v2,validated
weekly-2026-08-16-r1,weekly_compstat,2026-08-10,2026-08-16,1,7d23f10cc3e90aaa48cbc3bc24227cb4b6b80a37030aa250dc8b08f3ed7f5917,3,sector,sector_1,Sector 1,shooting_victims,Shooting Victims,last_28_days,count,count,2026,,,1,,1,,not_applicable,,,wilmington-compstat-v2,validated
weekly-2026-08-16-r1,weekly_compstat,2026-08-10,2026-08-16,1,7d23f10cc3e90aaa48cbc3bc24227cb4b6b80a37030aa250dc8b08f3ed7f5917,3,sector,sector_1,Sector 1,shooting_victims,Shooting Victims,last_28_days,count,count,2025,,,0,,0,,not_applicable,,,wilmington-compstat-v2,validated
weekly-2026-08-16-r1,weekly_compstat,2026-08-10,2026-08-16,1,7d23f10cc3e90aaa48cbc3bc24227cb4b6b80a37030aa250dc8b08f3ed7f5917,3,sector,sector_1,Sector 1,shooting_victims,Shooting Victims,last_28_days,percent_change,percent,2026,2025,1,,,*,,undefined_zero_denominator,,undefined_zero_denominator,wilmington-compstat-v2,validated
weekly-2026-08-16-r1,weekly_compstat,2026-08-10,2026-08-16,1,7d23f10cc3e90aaa48cbc3bc24227cb4b6b80a37030aa250dc8b08f3ed7f5917,3,sector,sector_1,Sector 1,shooting_victims,Shooting Victims,year_to_date,count,count,2026,,,13,,13,,not_applicable,,,wilmington-compstat-v2,validated
weekly-2026-08-16-r1,weekly_compstat,2026-08-10,2026-08-16,1,7d23f10cc3e90aaa48cbc3bc24227cb4b6b80a37030aa250dc8b08f3ed7f5917,3,sector,sector_1,Sector 1,shooting_victims,Shooting Victims,year_to_date,count,count,2025,,,15,,15,,not_applicable,,,wilmington-compstat-v2,validated
weekly-2026-08-16-r1,weekly_compstat,2026-08-10,2026-08-16,1,7d23f10cc3e90aaa48cbc3bc24227cb4b6b80a37030aa250dc8b08f3ed7f5917,3,sector,sector_1,Sector 1,shooting_victims,Shooting Victims,year_to_date,percent_change,percent,2026,2025,1,-13.0,-0.13,-13%,-13.333333,matched,,,wilmington-compstat-v2,validated
weekly-2026-08-16-r1,weekly_compstat,2026-08-10,2026-08-16,1,7d23f10cc3e90aaa48cbc3bc24227cb4b6b80a37030aa250dc8b08f3ed7f5917,3,sector,sector_1,Sector 1,shooting_victims,Shooting Victims,year_to_date,percent_change,percent,2026,2024,2,-35.0,-0.35,-35%,,not_checkable,,,wilmington-compstat-v2,validated
weekly-2026-08-16-r1,weekly_compstat,2026-08-10,2026-08-16,1,7d23f10cc3e90aaa48cbc3bc24227cb4b6b80a37030aa250dc8b08f3ed7f5917,3,sector,sector_1,Sector 1,shooting_victims,Shooting Victims,year_to_date,percent_change,percent,2026,2023,3,-46.0,-0.46,-46%,,not_checkable,,,wilmington-compstat-v2,validated
weekly-2026-08-16-r1,weekly_compstat,2026-08-10,2026-08-16,1,7d23f10cc3e90aaa48cbc3bc24227cb4b6b80a37030aa250dc8b08f3ed7f5917,3,sector,sector_1,Sector 1,shooting_victims,Shooting Victims,year_to_date,percent_change,percent,2026,2022,4,-58.0,-0.58,-58%,,not_checkable,,,wilmington-compstat-v2,validated
weekly-2026-08-16-r1,weekly_compstat,2026-08-10,2026-08-16,1,7d23f10cc3e90aaa48cbc3bc24227cb4b6b80a37030aa250dc8b08f3ed7f5917,3,sector,sector_1,Sector 1,shooting_victims,Shooting Victims,year_to_date,percent_change,percent,2026,2021,5,-67.0,-0.67,-67%,,not_checkable,,,wilmington-compstat-v2,validated
weekly-2026-08-16-r1,weekly_compstat,2026-08-10,2026-08-16,1,7d23f10cc3e90aaa48cbc3bc24227cb4b6b80a37030aa250dc8b08f3ed7f5917,3,sector,sector_1,Sector 1,shooting_victims,Shooting Victims,year_to_date,percent_change,percent,2026,2020,6,-69.0,-0.69,-69%,,not_checkable,,,wilmington-compstat-v2,validated
weekly-2026-08-16-r1,weekly_compstat,2026-08-10,2026-08-16,1,7d23f10cc3e90aaa48cbc3bc24227cb4b6b80a37030aa250dc8b08f3ed7f5917,3,sector,sector_1,Sector 1,juvenile_shooting_incidents,*Juv Shooting Incidents,last_7_days,count,count,2026,,,0,,0,,not_applicable,,,wilmington-compstat-v2,validated
weekly-2026-08-16-r1,weekly_compstat,2026-08-10,2026-08-16,1,7d23f10cc3e90aaa48cbc3bc24227cb4b6b80a37030aa250dc8b08f3ed7f5917,3,sector,sector_1,Sector 1,juvenile_shooting_incidents,*Juv Shooting Incidents,last_7_days,count,count,2025,,,0,,0,,not_applicable,,,wilmington-compstat-v2,validated
weekly-2026-08-16-r1,weekly_compstat,2026-08-10,2026-08-16,1,7d23f10cc3e90aaa48cbc3bc24227cb4b6b80a37030aa250dc8b08f3ed7f5917,3,sector,sector_1,Sector 1,juvenile_shooting_incidents,*Juv Shooting Incidents,last_7_days,percent_change,percent,2026,2025,1,,,*,,undefined_zero_denominator,,undefined_zero_denominator,wilmington-compstat-v2,validated
weekly-2026-08-16-r1,weekly_compstat,2026-08-10,2026-08-16,1,7d23f10cc3e90aaa48cbc3bc24227cb4b6b80a37030aa250dc8b08f3ed7f5917,3,sector,sector_1,Sector 1,juvenile_shooting_incidents,*Juv Shooting Incidents,last_28_days,count,count,2026,,,0,,0,,not_applicable,,,wilmington-compstat-v2,validated
weekly-2026-08-16-r1,weekly_compstat,2026-08-10,2026-08-16,1,7d23f10cc3e90aaa48cbc3bc24227cb4b6b80a37030aa250dc8b08f3ed7f5917,3,sector,sector_1,Sector 1,juvenile_shooting_incidents,*Juv Shooting Incidents,last_28_days,count,count,2025,,,0,,0,,not_applicable,,,wilmington-compstat-v2,validated
weekly-2026-08-16-r1,weekly_compstat,2026-08-10,2026-08-16,1,7d23f10cc3e90aaa48cbc3bc24227cb4b6b80a37030aa250dc8b08f3ed7f5917,3,sector,sector_1,Sector 1,juvenile_shooting_incidents,*Juv Shooting Incidents,last_28_days,percent_change,percent,2026,2025,1,,,*,,undefined_zero_denominator,,undefined_zero_denominator,wilmington-compstat-v2,validated
weekly-2026-08-16-r1,weekly_compstat,2026-08-10,2026-08-16,1,7d23f10cc3e90aaa48cbc3bc24227cb4b6b80a37030aa250dc8b08f3ed7f5917,3,sector,sector_1,Sector 1,juvenile_shooting_incidents,*Juv Shooting Incidents,year_to_date,count,count,2026,,,2,,2,,not_applicable,,,wilmington-compstat-v2,validated
weekly-2026-08-16-r1,weekly_compstat,2026-08-10,2026-08-16,1,7d23f10cc3e90aaa48cbc3bc24227cb4b6b80a37030aa250dc8b08f3ed7f5917,3,sector,sector_1,Sector 1,juvenile_shooting_incidents,*Juv Shooting Incidents,year_to_date,count,count,2025,,,2,,2,,not_applicable,,,wilmington-compstat-v2,validated
weekly-2026-08-16-r1,weekly_compstat,2026-08-10,2026-08-16,1,7d23f10cc3e90aaa48cbc3bc24227cb4b6b80a37030aa250dc8b08f3ed7f5917,3,sector,sector_1,Sector 1,juvenile_shooting_incidents,*Juv Shooting Incidents,year_to_date,percent_change,percent,2026,2025,1,0.0,0.0,0%,0.0,matched,,,wilmington-compstat-v2,validated
weekly-2026-08-16-r1,weekly_compstat,2026-08-10,2026-08-16,1,7d23f10cc3e90aaa48cbc3bc24227cb4b6b80a37030aa250dc8b08f3ed7f5917,3,sector,sector_1,Sector 1,juvenile_shooting_incidents,*Juv Shooting Incidents,year_to_date,percent_change,percent,2026,2024,2,-50.0,-0.5,-50%,,not_checkable,,,wilmington-compstat-v2,validated
weekly-2026-08-16-r1,weekly_compstat,2026-08-10,2026-08-16,1,7d23f10cc3e90aaa48cbc3bc24227cb4b6b80a37030aa250dc8b08f3ed7f5917,3,sector,sector_1,Sector 1,juvenile_shooting_incidents,*Juv Shooting Incidents,year_to_date,percent_change,percent,2026,2023,3,0.0,0.0,0%,,not_checkable,,,wilmington-compstat-v2,validated
weekly-2026-08-16-r1,weekly_compstat,2026-08-10,2026-08-16,1,7d23f10cc3e90aaa48cbc3bc24227cb4b6b80a37030aa250dc8b08f3ed7f5917,3,sector,sector_1,Sector 1,juvenile_shooting_incidents,*Juv Shooting Incidents,year_to_date,percent_change,percent,2026,2022,4,-71.0,-0.71,-71%,,not_checkable,,,wilmington-compstat-v2,validated
weekly-2026-08-16-r1,weekly_compstat,2026-08-10,2026-08-16,1,7d23f10cc3e90aaa48cbc3bc24227cb4b6b80a37030aa250dc8b08f3ed7f5917,3,sector,sector_1,Sector 1,juvenile_shooting_incidents,*Juv Shooting Incidents,year_to_date,percent_change,percent,2026,2021,5,-60.0,-0.6,-60%,,not_checkable,,,wilmington-compstat-v2,validated
weekly-2026-08-16-r1,weekly_compstat,2026-08-10,2026-08-16,1,7d23f10cc3e90aaa48cbc3bc24227cb4b6b80a37030aa250dc8b08f3ed7f5917,3,sector,sector_1,Sector 1,juvenile_shooting_incidents,*Juv Shooting Incidents,year_to_date,percent_change,percent,2026,2020,6,-71.0,-0.71,-71%,,not_checkable,,,wilmington-compstat-v2,validated
weekly-2026-08-16-r1,weekly_compstat,2026-08-10,2026-08-16,1,7d23f10cc3e90aaa48cbc3bc24227cb4b6b80a37030aa250dc8b08f3ed7f5917,3,sector,sector_1,Sector 1,juvenile_shooting_victims,*Juv Shooting Victims,last_7_days,count,count,2026,,,0,,0,,not_applicable,,,wilmington-compstat-v2,validated
weekly-2026-08-16-r1,weekly_compstat,2026-08-10,2026-08-16,1,7d23f10cc3e90aaa48cbc3bc24227cb4b6b80a37030aa250dc8b08f3ed7f5917,3,sector,sector_1,Sector 1,juvenile_shooting_victims,*Juv Shooting Victims,last_7_days,count,count,2025,,,0,,0,,not_applicable,,,wilmington-compstat-v2,validated
weekly-2026-08-16-r1,weekly_compstat,2026-08-10,2026-08-16,1,7d23f10cc3e90aaa48cbc3bc24227cb4b6b80a37030aa250dc8b08f3ed7f5917,3,sector,sector_1,Sector 1,juvenile_shooting_victims,*Juv Shooting Victims,last_7_days,percent_change,percent,2026,2025,1,,,*,,undefined_zero_denominator,,undefined_zero_denominator,wilmington-compstat-v2,validated
weekly-2026-08-16-r1,weekly_compstat,2026-08-10,2026-08-16,1,7d23f10cc3e90aaa48cbc3bc24227cb4b6b80a37030aa250dc8b08f3ed7f5917,3,sector,sector_1,Sector 1,juvenile_shooting_victims,*Juv Shooting Victims,last_28_days,count,count,2026,,,0,,0,,not_applicable,,,wilmington-compstat-v2,validated
weekly-2026-08-16-r1,weekly_compstat,2026-08-10,2026-08-16,1,7d23f10cc3e90aaa48cbc3bc24227cb4b6b80a37030aa250dc8b08f3ed7f5917,3,sector,sector_1,Sector 1,juvenile_shooting_victims,*Juv Shooting Victims,last_28_days,count,count,2025,,,0,,0,,not_applicable,,,wilmington-compstat-v2,validated
weekly-2026-08-16-r1,weekly_compstat,2026-08-10,2026-08-16,1,7d23f10cc3e90aaa48cbc3bc24227cb4b6b80a37030aa250dc8b08f3ed7f5917,3,sector,sector_1,Sector 1,juvenile_shooting_victims,*Juv Shooting Victims,last_28_days,percent_change,percent,2026,2025,1,,,*,,undefined_zero_denominator,,undefined_zero_denominator,wilmington-compstat-v2,validated
weekly-2026-08-16-r1,weekly_compstat,2026-08-10,2026-08-16,1,7d23f10cc3e90aaa48cbc3bc24227cb4b6b80a37030aa250dc8b08f3ed7f5917,3,sector,sector_1,Sector 1,juvenile_shooting_victims,*Juv Shooting Victims,year_to_date,count,count,2026,,,2,,2,,not_applicable,,,wilmington-compstat-v2,validated
weekly-2026-08-16-r1,weekly_compstat,2026-08-10,2026-08-16,1,7d23f10cc3e90aaa48cbc3bc24227cb4b6b80a37030aa250dc8b08f3ed7f5917,3,sector,sector_1,Sector 1,juvenile_shooting_victims,*Juv Shooting Victims,year_to_date,count,count,2025,,,2,,2,,not_applicable,,,wilmington-compstat-v2,validated
weekly-2026-08-16-r1,weekly_compstat,2026-08-10,2026-08-16,1,7d23f10cc3e90aaa48cbc3bc24227cb4b6b80a37030aa250dc8b08f3ed7f5917,3,sector,sector_1,Sector 1,juvenile_shooting_victims,*Juv Shooting Victims,year_to_date,percent_change,percent,2026,2025,1,0.0,0.0,0%,0.0,matched,,,wilmington-compstat-v2,validated
weekly-2026-08-16-r1,weekly_compstat,2026-08-10,2026-08-16,1,7d23f10cc3e90aaa48cbc3bc24227cb4b6b80a37030aa250dc8b08f3ed7f5917,3,sector,sector_1,Sector 1,juvenile_shooting_victims,*Juv Shooting Victims,year_to_date,percent_change,percent,2026,2024,2,-60.0,-0.6,-60%,,not_checkable,,,wilmington-compstat-v2,validated
weekly-2026-08-16-r1,weekly_compstat,2026-08-10,2026-08-16,1,7d23f10cc3e90aaa48cbc3bc24227cb4b6b80a37030aa250dc8b08f3ed7f5917,3,sector,sector_1,Sector 1,juvenile_shooting_victims,*Juv Shooting Victims,year_to_date,percent_change,percent,2026,2023,3,0.0,0.0,0%,,not_checkable,,,wilmington-compstat-v2,validated
weekly-2026-08-16-r1,weekly_compstat,2026-08-10,2026-08-16,1,7d23f10cc3e90aaa48cbc3bc24227cb4b6b80a37030aa250dc8b08f3ed7f5917,3,sector,sector_1,Sector 1,juvenile_shooting_victims,*Juv Shooting Victims,year_to_date,percent_change,percent,2026,2022,4,-75.0,-0.75,-75%,,not_checkable,,,wilmington-compstat-v2,validated
weekly-2026-08-16-r1,weekly_compstat,2026-08-10,2026-08-16,1,7d23f10cc3e90aaa48cbc3bc24227cb4b6b80a37030aa250dc8b08f3ed7f5917,3,sector,sector_1,Sector 1,juvenile_shooting_victims,*Juv Shooting Victims,year_to_date,percent_change,percent,2026,2021,5,-67.0,-0.67,-67%,,not_checkable,,,wilmington-compstat-v2,validated
weekly-2026-08-16-r1,weekly_compstat,2026-08-10,2026-08-16,1,7d23f10cc3e90aaa48cbc3bc24227cb4b6b80a37030aa250dc8b08f3ed7f5917,3,sector,sector_1,Sector 1,juvenile_shooting_victims,*Juv Shooting Victims,year_to_date,percent_change,percent,2026,2020,6,-75.0,-0.75,-75%,,not_checkable,,,wilmington-compstat-v2,validated
weekly-2026-08-16-r1,weekly_compstat,2026-08-10,2026-08-16,1,7d23f10cc3e90aaa48cbc3bc24227cb4b6b80a37030aa250dc8b08f3ed7f5917,3,sector,sector_1,Sector 1,misdemeanor_theft,Theft (Misdemeanor),last_7_days,count,count,2026,,,3,,3,,not_applicable,,,wilmington-compstat-v2,validated
weekly-2026-08-16-r1,weekly_compstat,2026-08-10,2026-08-16,1,7d23f10cc3e90aaa48cbc3bc24227cb4b6b80a37030aa250dc8b08f3ed7f5917,3,sector,sector_1,Sector 1,misdemeanor_theft,Theft (Misdemeanor),last_7_days,count,count,2025,,,3,,3,,not_applicable,,,wilmington-compstat-v2,validated
weekly-2026-08-16-r1,weekly_compstat,2026-08-10,2026-08-16,1,7d23f10cc3e90aaa48cbc3bc24227cb4b6b80a37030aa250dc8b08f3ed7f5917,3,sector,sector_1,Sector 1,misdemeanor_theft,Theft (Misdemeanor),last_7_days,percent_change,percent,2026,2025,1,0.0,0.0,0%,0.0,matched,,,wilmington-compstat-v2,validated
weekly-2026-08-16-r1,weekly_compstat,2026-08-10,2026-08-16,1,7d23f10cc3e90aaa48cbc3bc24227cb4b6b80a37030aa250dc8b08f3ed7f5917,3,sector,sector_1,Sector 1,misdemeanor_theft,Theft (Misdemeanor),last_28_days,count,count,2026,,,31,,31,,not_applicable,,,wilmington-compstat-v2,validated
weekly-2026-08-16-r1,weekly_compstat,2026-08-10,2026-08-16,1,7d23f10cc3e90aaa48cbc3bc24227cb4b6b80a37030aa250dc8b08f3ed7f5917,3,sector,sector_1,Sector 1,misdemeanor_theft,Theft (Misdemeanor),last_28_days,count,count,2025,,,14,,14,,not_applicable,,,wilmington-compstat-v2,validated
weekly-2026-08-16-r1,weekly_compstat,2026-08-10,2026-08-16,1,7d23f10cc3e90aaa48cbc3bc24227cb4b6b80a37030aa250dc8b08f3ed7f5917,3,sector,sector_1,Sector 1,misdemeanor_theft,Theft (Misdemeanor),last_28_days,percent_change,percent,2026,2025,1,121.0,1.21,121%,121.428571,matched,,,wilmington-compstat-v2,validated
weekly-2026-08-16-r1,weekly_compstat,2026-08-10,2026-08-16,1,7d23f10cc3e90aaa48cbc3bc24227cb4b6b80a37030aa250dc8b08f3ed7f5917,3,sector,sector_1,Sector 1,misdemeanor_theft,Theft (Misdemeanor),year_to_date,count,count,2026,,,177,,177,,not_applicable,,,wilmington-compstat-v2,validated
weekly-2026-08-16-r1,weekly_compstat,2026-08-10,2026-08-16,1,7d23f10cc3e90aaa48cbc3bc24227cb4b6b80a37030aa250dc8b08f3ed7f5917,3,sector,sector_1,Sector 1,misdemeanor_theft,Theft (Misdemeanor),year_to_date,count,count,2025,,,136,,136,,not_applicable,,,wilmington-compstat-v2,validated
weekly-2026-08-16-r1,weekly_compstat,2026-08-10,2026-08-16,1,7d23f10cc3e90aaa48cbc3bc24227cb4b6b80a37030aa250dc8b08f3ed7f5917,3,sector,sector_1,Sector 1,misdemeanor_theft,Theft (Misdemeanor),year_to_date,percent_change,percent,2026,2025,1,30.0,0.3,30%,30.147059,matched,,,wilmington-compstat-v2,validated
weekly-2026-08-16-r1,weekly_compstat,2026-08-10,2026-08-16,1,7d23f10cc3e90aaa48cbc3bc24227cb4b6b80a37030aa250dc8b08f3ed7f5917,3,sector,sector_1,Sector 1,misdemeanor_theft,Theft (Misdemeanor),year_to_date,percent_change,percent,2026,2024,2,34.0,0.34,34%,,not_checkable,,,wilmington-compstat-v2,validated
weekly-2026-08-16-r1,weekly_compstat,2026-08-10,2026-08-16,1,7d23f10cc3e90aaa48cbc3bc24227cb4b6b80a37030aa250dc8b08f3ed7f5917,3,sector,sector_1,Sector 1,misdemeanor_theft,Theft (Misdemeanor),year_to_date,percent_change,percent,2026,2023,3,28.0,0.28,28%,,not_checkable,,,wilmington-compstat-v2,validated
weekly-2026-08-16-r1,weekly_compstat,2026-08-10,2026-08-16,1,7d23f10cc3e90aaa48cbc3bc24227cb4b6b80a37030aa250dc8b08f3ed7f5917,3,sector,sector_1,Sector 1,misdemeanor_theft,Theft (Misdemeanor),year_to_date,percent_change,percent,2026,2022,4,5.0,0.05,5%,,not_checkable,,,wilmington-compstat-v2,validated
weekly-2026-08-16-r1,weekly_compstat,2026-08-10,2026-08-16,1,7d23f10cc3e90aaa48cbc3bc24227cb4b6b80a37030aa250dc8b08f3ed7f5917,3,sector,sector_1,Sector 1,misdemeanor_theft,Theft (Misdemeanor),year_to_date,percent_change,percent,2026,2021,5,21.0,0.21,21%,,not_checkable,,,wilmington-compstat-v2,validated
weekly-2026-08-16-r1,weekly_compstat,2026-08-10,2026-08-16,1,7d23f10cc3e90aaa48cbc3bc24227cb4b6b80a37030aa250dc8b08f3ed7f5917,3,sector,sector_1,Sector 1,misdemeanor_theft,Theft (Misdemeanor),year_to_date,percent_change,percent,2026,2020,6,-4.0,-0.04,-4%,,not_checkable,,,wilmington-compstat-v2,validated
weekly-2026-08-16-r1,weekly_compstat,2026-08-10,2026-08-16,1,7d23f10cc3e90aaa48cbc3bc24227cb4b6b80a37030aa250dc8b08f3ed7f5917,5,district,district_12,District 12,murder,Murder,last_7_days,count,count,2026,,,0,,0,,not_applicable,,,wilmington-compstat-v2,validated
weekly-2026-08-16-r1,weekly_compstat,2026-08-10,2026-08-16,1,7d23f10cc3e90aaa48cbc3bc24227cb4b6b80a37030aa250dc8b08f3ed7f5917,5,district,district_12,District 12,murder,Murder,last_7_days,count,count,2025,,,0,,0,,not_applicable,,,wilmington-compstat-v2,validated
weekly-2026-08-16-r1,weekly_compstat,2026-08-10,2026-08-16,1,7d23f10cc3e90aaa48cbc3bc24227cb4b6b80a37030aa250dc8b08f3ed7f5917,5,district,district_12,District 12,murder,Murder,last_7_days,percent_change,percent,2026,2025,1,,,*,,undefined_zero_denominator,,undefined_zero_denominator,wilmington-compstat-v2,validated
weekly-2026-08-16-r1,weekly_compstat,2026-08-10,2026-08-16,1,7d23f10cc3e90aaa48cbc3bc24227cb4b6b80a37030aa250dc8b08f3ed7f5917,5,district,district_12,District 12,murder,Murder,last_28_days,count,count,2026,,,0,,0,,not_applicable,,,wilmington-compstat-v2,validated
weekly-2026-08-16-r1,weekly_compstat,2026-08-10,2026-08-16,1,7d23f10cc3e90aaa48cbc3bc24227cb4b6b80a37030aa250dc8b08f3ed7f5917,5,district,district_12,District 12,murder,Murder,last_28_days,count,count,2025,,,0,,0,,not_applicable,,,wilmington-compstat-v2,validated
weekly-2026-08-16-r1,weekly_compstat,2026-08-10,2026-08-16,1,7d23f10cc3e90aaa48cbc3bc24227cb4b6b80a37030aa250dc8b08f3ed7f5917,5,district,district_12,District 12,murder,Murder,last_28_days,percent_change,percent,2026,2025,1,,,*,,undefined_zero_denominator,,undefined_zero_denominator,wilmington-compstat-v2,validated
weekly-2026-08-16-r1,weekly_compstat,2026-08-10,2026-08-16,1,7d23f10cc3e90aaa48cbc3bc24227cb4b6b80a37030aa250dc8b08f3ed7f5917,5,district,district_12,District 12,murder,Murder,year_to_date,count,count,2026,,,0,,0,,not_applicable,,,wilmington-compstat-v2,validated
weekly-2026-08-16-r1,weekly_compstat,2026-08-10,2026-08-16,1,7d23f10cc3e90aaa48cbc3bc24227cb4b6b80a37030aa250dc8b08f3ed7f5917,5,district,district_12,District 12,murder,Murder,year_to_date,count,count,2025,,,0,,0,,not_applicable,,,wilmington-compstat-v2,validated
weekly-2026-08-16-r1,weekly_compstat,2026-08-10,2026-08-16,1,7d23f10cc3e90aaa48cbc3bc24227cb4b6b80a37030aa250dc8b08f3ed7f5917,5,district,district_12,District 12,murder,Murder,year_to_date,percent_change,percent,2026,2025,1,,,*,,undefined_zero_denominator,,undefined_zero_denominator,wilmington-compstat-v2,validated
weekly-2026-08-16-r1,weekly_compstat,2026-08-10,2026-08-16,1,7d23f10cc3e90aaa48cbc3bc24227cb4b6b80a37030aa250dc8b08f3ed7f5917,5,district,district_12,District 12,murder,Murder,year_to_date,percent_change,percent,2026,2024,2,,,*,,not_checkable,,undefined_zero_denominator,wilmington-compstat-v2,validated
weekly-2026-08-16-r1,weekly_compstat,2026-08-10,2026-08-16,1,7d23f10cc3e90aaa48cbc3bc24227cb4b6b80a37030aa250dc8b08f3ed7f5917,5,district,district_12,District 12,murder,Murder,year_to_date,percent_change,percent,2026,2023,3,-100.0,-1.0,-100%,,not_checkable,,,wilmington-compstat-v2,validated
weekly-2026-08-16-r1,weekly_compstat,2026-08-10,2026-08-16,1,7d23f10cc3e90aaa48cbc3bc24227cb4b6b80a37030aa250dc8b08f3ed7f5917,5,district,district_12,District 12,murder,Murder,year_to_date,percent_change,percent,2026,2022,4,-100.0,-1.0,-100%,,not_checkable,,,wilmington-compstat-v2,validated
weekly-2026-08-16-r1,weekly_compstat,2026-08-10,2026-08-16,1,7d23f10cc3e90aaa48cbc3bc24227cb4b6b80a37030aa250dc8b08f3ed7f5917,5,district,district_12,District 12,murder,Murder,year_to_date,percent_change,percent,2026,2021,5,-100.0,-1.0,-100%,,not_checkable,,,wilmington-compstat-v2,validated
weekly-2026-08-16-r1,weekly_compstat,2026-08-10,2026-08-16,1,7d23f10cc3e90aaa48cbc3bc24227cb4b6b80a37030aa250dc8b08f3ed7f5917,5,district,district_12,District 12,murder,Murder,year_to_date,percent_change,percent,2026,2020,6,,,*,,not_checkable,,undefined_zero_denominator,wilmington-compstat-v2,validated
weekly-2026-08-16-r1,weekly_compstat,2026-08-10,2026-08-16,1,7d23f10cc3e90aaa48cbc3bc24227cb4b6b80a37030aa250dc8b08f3ed7f5917,5,district,district_12,District 12,rape,Rape,last_7_days,count,count,2026,,,0,,0,,not_applicable,,,wilmington-compstat-v2,validated
weekly-2026-08-16-r1,weekly_compstat,2026-08-10,2026-08-16,1,7d23f10cc3e90aaa48cbc3bc24227cb4b6b80a37030aa250dc8b08f3ed7f5917,5,district,district_12,District 12,rape,Rape,last_7_days,count,count,2025,,,0,,0,,not_applicable,,,wilmington-compstat-v2,validated
weekly-2026-08-16-r1,weekly_compstat,2026-08-10,2026-08-16,1,7d23f10cc3e90aaa48cbc3bc24227cb4b6b80a37030aa250dc8b08f3ed7f5917,5,district,district_12,District 12,rape,Rape,last_7_days,percent_change,percent,2026,2025,1,,,*,,undefined_zero_denominator,,undefined_zero_denominator,wilmington-compstat-v2,validated
weekly-2026-08-16-r1,weekly_compstat,2026-08-10,2026-08-16,1,7d23f10cc3e90aaa48cbc3bc24227cb4b6b80a37030aa250dc8b08f3ed7f5917,5,district,district_12,District 12,rape,Rape,last_28_days,count,count,2026,,,0,,0,,not_applicable,,,wilmington-compstat-v2,validated
weekly-2026-08-16-r1,weekly_compstat,2026-08-10,2026-08-16,1,7d23f10cc3e90aaa48cbc3bc24227cb4b6b80a37030aa250dc8b08f3ed7f5917,5,district,district_12,District 12,rape,Rape,last_28_days,count,count,2025,,,0,,0,,not_applicable,,,wilmington-compstat-v2,validated
weekly-2026-08-16-r1,weekly_compstat,2026-08-10,2026-08-16,1,7d23f10cc3e90aaa48cbc3bc24227cb4b6b80a37030aa250dc8b08f3ed7f5917,5,district,district_12,District 12,rape,Rape,last_28_days,percent_change,percent,2026,2025,1,,,*,,undefined_zero_denominator,,undefined_zero_denominator,wilmington-compstat-v2,validated
weekly-2026-08-16-r1,weekly_compstat,2026-08-10,2026-08-16,1,7d23f10cc3e90aaa48cbc3bc24227cb4b6b80a37030aa250dc8b08f3ed7f5917,5,district,district_12,District 12,rape,Rape,year_to_date,count,count,2026,,,0,,0,,not_applicable,,,wilmington-compstat-v2,validated
weekly-2026-08-16-r1,weekly_compstat,2026-08-10,2026-08-16,1,7d23f10cc3e90aaa48cbc3bc24227cb4b6b80a37030aa250dc8b08f3ed7f5917,5,district,district_12,District 12,rape,Rape,year_to_date,count,count,2025,,,0,,0,,not_applicable,,,wilmington-compstat-v2,validated
weekly-2026-08-16-r1,weekly_compstat,2026-08-10,2026-08-16,1,7d23f10cc3e90aaa48cbc3bc24227cb4b6b80a37030aa250dc8b08f3ed7f5917,5,district,district_12,District 12,rape,Rape,year_to_date,percent_change,percent,2026,2025,1,,,*,,undefined_zero_denominator,,undefined_zero_denominator,wilmington-compstat-v2,validated
weekly-2026-08-16-r1,weekly_compstat,2026-08-10,2026-08-16,1,7d23f10cc3e90aaa48cbc3bc24227cb4b6b80a37030aa250dc8b08f3ed7f5917,5,district,district_12,District 12,rape,Rape,year_to_date,percent_change,percent,2026,2024,2,,,*,,not_checkable,,undefined_zero_denominator,wilmington-compstat-v2,validated
weekly-2026-08-16-r1,weekly_compstat,2026-08-10,2026-08-16,1,7d23f10cc3e90aaa48cbc3bc24227cb4b6b80a37030aa250dc8b08f3ed7f5917,5,district,district_12,District 12,rape,Rape,year_to_date,percent_change,percent,2026,2023,3,,,*,,not_checkable,,undefined_zero_denominator,wilmington-compstat-v2,validated
weekly-2026-08-16-r1,weekly_compstat,2026-08-10,2026-08-16,1,7d23f10cc3e90aaa48cbc3bc24227cb4b6b80a37030aa250dc8b08f3ed7f5917,5,district,district_12,District 12,rape,Rape,year_to_date,percent_change,percent,2026,2022,4,,,*,,not_checkable,,undefined_zero_denominator,wilmington-compstat-v2,validated
weekly-2026-08-16-r1,weekly_compstat,2026-08-10,2026-08-16,1,7d23f10cc3e90aaa48cbc3bc24227cb4b6b80a37030aa250dc8b08f3ed7f5917,5,district,district_12,District 12,rape,Rape,year_to_date,percent_change,percent,2026,2021,5,,,*,,not_checkable,,undefined_zero_denominator,wilmington-compstat-v2,validated
weekly-2026-08-16-r1,weekly_compstat,2026-08-10,2026-08-16,1,7d23f10cc3e90aaa48cbc3bc24227cb4b6b80a37030aa250dc8b08f3ed7f5917,5,district,district_12,District 12,rape,Rape,year_to_date,percent_change,percent,2026,2020,6,,,*,,not_checkable,,undefined_zero_denominator,wilmington-compstat-v2,validated
weekly-2026-08-16-r1,weekly_compstat,2026-08-10,2026-08-16,1,7d23f10cc3e90aaa48cbc3bc24227cb4b6b80a37030aa250dc8b08f3ed7f5917,5,district,district_12,District 12,robbery,Robbery,last_7_days,count,count,2026,,,1,,1,,not_applicable,,,wilmington-compstat-v2,validated
weekly-2026-08-16-r1,weekly_compstat,2026-08-10,2026-08-16,1,7d23f10cc3e90aaa48cbc3bc24227cb4b6b80a37030aa250dc8b08f3ed7f5917,5,district,district_12,District 12,robbery,Robbery,last_7_days,count,count,2025,,,0,,0,,not_applicable,,,wilmington-compstat-v2,validated
weekly-2026-08-16-r1,weekly_compstat,2026-08-10,2026-08-16,1,7d23f10cc3e90aaa48cbc3bc24227cb4b6b80a37030aa250dc8b08f3ed7f5917,5,district,district_12,District 12,robbery,Robbery,last_7_days,percent_change,percent,2026,2025,1,,,*,,undefined_zero_denominator,,undefined_zero_denominator,wilmington-compstat-v2,validated
weekly-2026-08-16-r1,weekly_compstat,2026-08-10,2026-08-16,1,7d23f10cc3e90aaa48cbc3bc24227cb4b6b80a37030aa250dc8b08f3ed7f5917,5,district,district_12,District 12,robbery,Robbery,last_28_days,count,count,2026,,,2,,2,,not_applicable,,,wilmington-compstat-v2,validated
weekly-2026-08-16-r1,weekly_compstat,2026-08-10,2026-08-16,1,7d23f10cc3e90aaa48cbc3bc24227cb4b6b80a37030aa250dc8b08f3ed7f5917,5,district,district_12,District 12,robbery,Robbery,last_28_days,count,count,2025,,,0,,0,,not_applicable,,,wilmington-compstat-v2,validated
weekly-2026-08-16-r1,weekly_compstat,2026-08-10,2026-08-16,1,7d23f10cc3e90aaa48cbc3bc24227cb4b6b80a37030aa250dc8b08f3ed7f5917,5,district,district_12,District 12,robbery,Robbery,last_28_days,percent_change,percent,2026,2025,1,,,*,,undefined_zero_denominator,,undefined_zero_denominator,wilmington-compstat-v2,validated
weekly-2026-08-16-r1,weekly_compstat,2026-08-10,2026-08-16,1,7d23f10cc3e90aaa48cbc3bc24227cb4b6b80a37030aa250dc8b08f3ed7f5917,5,district,district_12,District 12,robbery,Robbery,year_to_date,count,count,2026,,,7,,7,,not_applicable,,,wilmington-compstat-v2,validated
weekly-2026-08-16-r1,weekly_compstat,2026-08-10,2026-08-16,1,7d23f10cc3e90aaa48cbc3bc24227cb4b6b80a37030aa250dc8b08f3ed7f5917,5,district,district_12,District 12,robbery,Robbery,year_to_date,count,count,2025,,,1,,1,,not_applicable,,,wilmington-compstat-v2,validated
weekly-2026-08-16-r1,weekly_compstat,2026-08-10,2026-08-16,1,7d23f10cc3e90aaa48cbc3bc24227cb4b6b80a37030aa250dc8b08f3ed7f5917,5,district,district_12,District 12,robbery,Robbery,year_to_date,percent_change,percent,2026,2025,1,600.0,6.0,600%,600.0,matched,,,wilmington-compstat-v2,validated
weekly-2026-08-16-r1,weekly_compstat,2026-08-10,2026-08-16,1,7d23f10cc3e90aaa48cbc3bc24227cb4b6b80a37030aa250dc8b08f3ed7f5917,5,district,district_12,District 12,robbery,Robbery,year_to_date,percent_change,percent,2026,2024,2,75.0,0.75,75%,,not_checkable,,,wilmington-compstat-v2,validated
weekly-2026-08-16-r1,weekly_compstat,2026-08-10,2026-08-16,1,7d23f10cc3e90aaa48cbc3bc24227cb4b6b80a37030aa250dc8b08f3ed7f5917,5,district,district_12,District 12,robbery,Robbery,year_to_date,percent_change,percent,2026,2023,3,133.0,1.33,133%,,not_checkable,,,wilmington-compstat-v2,validated
weekly-2026-08-16-r1,weekly_compstat,2026-08-10,2026-08-16,1,7d23f10cc3e90aaa48cbc3bc24227cb4b6b80a37030aa250dc8b08f3ed7f5917,5,district,district_12,District 12,robbery,Robbery,year_to_date,percent_change,percent,2026,2022,4,,,*,,not_checkable,,undefined_zero_denominator,wilmington-compstat-v2,validated
weekly-2026-08-16-r1,weekly_compstat,2026-08-10,2026-08-16,1,7d23f10cc3e90aaa48cbc3bc24227cb4b6b80a37030aa250dc8b08f3ed7f5917,5,district,district_12,District 12,robbery,Robbery,year_to_date,percent_change,percent,2026,2021,5,-22.0,-0.22,-22%,,not_checkable,,,wilmington-compstat-v2,validated
weekly-2026-08-16-r1,weekly_compstat,2026-08-10,2026-08-16,1,7d23f10cc3e90aaa48cbc3bc24227cb4b6b80a37030aa250dc8b08f3ed7f5917,5,district,district_12,District 12,robbery,Robbery,year_to_date,percent_change,percent,2026,2020,6,0.0,0.0,0%,,not_checkable,,,wilmington-compstat-v2,validated
weekly-2026-08-16-r1,weekly_compstat,2026-08-10,2026-08-16,1,7d23f10cc3e90aaa48cbc3bc24227cb4b6b80a37030aa250dc8b08f3ed7f5917,5,district,district_12,District 12,aggravated_assault,Agg. Assault,last_7_days,count,count,2026,,,1,,1,,not_applicable,,,wilmington-compstat-v2,validated
weekly-2026-08-16-r1,weekly_compstat,2026-08-10,2026-08-16,1,7d23f10cc3e90aaa48cbc3bc24227cb4b6b80a37030aa250dc8b08f3ed7f5917,5,district,district_12,District 12,aggravated_assault,Agg. Assault,last_7_days,count,count,2025,,,0,,0,,not_applicable,,,wilmington-compstat-v2,validated
weekly-2026-08-16-r1,weekly_compstat,2026-08-10,2026-08-16,1,7d23f10cc3e90aaa48cbc3bc24227cb4b6b80a37030aa250dc8b08f3ed7f5917,5,district,district_12,District 12,aggravated_assault,Agg. Assault,last_7_days,percent_change,percent,2026,2025,1,,,*,,undefined_zero_denominator,,undefined_zero_denominator,wilmington-compstat-v2,validated
weekly-2026-08-16-r1,weekly_compstat,2026-08-10,2026-08-16,1,7d23f10cc3e90aaa48cbc3bc24227cb4b6b80a37030aa250dc8b08f3ed7f5917,5,district,district_12,District 12,aggravated_assault,Agg. Assault,last_28_days,count,count,2026,,,1,,1,,not_applicable,,,wilmington-compstat-v2,validated
weekly-2026-08-16-r1,weekly_compstat,2026-08-10,2026-08-16,1,7d23f10cc3e90aaa48cbc3bc24227cb4b6b80a37030aa250dc8b08f3ed7f5917,5,district,district_12,District 12,aggravated_assault,Agg. Assault,last_28_days,count,count,2025,,,0,,0,,not_applicable,,,wilmington-compstat-v2,validated
weekly-2026-08-16-r1,weekly_compstat,2026-08-10,2026-08-16,1,7d23f10cc3e90aaa48cbc3bc24227cb4b6b80a37030aa250dc8b08f3ed7f5917,5,district,district_12,District 12,aggravated_assault,Agg. Assault,last_28_days,percent_change,percent,2026,2025,1,,,*,,undefined_zero_denominator,,undefined_zero_denominator,wilmington-compstat-v2,validated
weekly-2026-08-16-r1,weekly_compstat,2026-08-10,2026-08-16,1,7d23f10cc3e90aaa48cbc3bc24227cb4b6b80a37030aa250dc8b08f3ed7f5917,5,district,district_12,District 12,aggravated_assault,Agg. Assault,year_to_date,count,count,2026,,,7,,7,,not_applicable,,,wilmington-compstat-v2,validated
weekly-2026-08-16-r1,weekly_compstat,2026-08-10,2026-08-16,1,7d23f10cc3e90aaa48cbc3bc24227cb4b6b80a37030aa250dc8b08f3ed7f5917,5,district,district_12,District 12,aggravated_assault,Agg. Assault,year_to_date,count,count,2025,,,4,,4,,not_applicable,,,wilmington-compstat-v2,validated
weekly-2026-08-16-r1,weekly_compstat,2026-08-10,2026-08-16,1,7d23f10cc3e90aaa48cbc3bc24227cb4b6b80a37030aa250dc8b08f3ed7f5917,5,district,district_12,District 12,aggravated_assault,Agg. Assault,year_to_date,percent_change,percent,2026,2025,1,75.0,0.75,75%,75.0,matched,,,wilmington-compstat-v2,validated
weekly-2026-08-16-r1,weekly_compstat,2026-08-10,2026-08-16,1,7d23f10cc3e90aaa48cbc3bc24227cb4b6b80a37030aa250dc8b08f3ed7f5917,5,district,district_12,District 12,aggravated_assault,Agg. Assault,year_to_date,percent_change,percent,2026,2024,2,75.0,0.75,75%,,not_checkable,,,wilmington-compstat-v2,validated
weekly-2026-08-16-r1,weekly_compstat,2026-08-10,2026-08-16,1,7d23f10cc3e90aaa48cbc3bc24227cb4b6b80a37030aa250dc8b08f3ed7f5917,5,district,district_12,District 12,aggravated_assault,Agg. Assault,year_to_date,percent_change,percent,2026,2023,3,-42.0,-0.42,-42%,,not_checkable,,,wilmington-compstat-v2,validated
weekly-2026-08-16-r1,weekly_compstat,2026-08-10,2026-08-16,1,7d23f10cc3e90aaa48cbc3bc24227cb4b6b80a37030aa250dc8b08f3ed7f5917,5,district,district_12,District 12,aggravated_assault,Agg. Assault,year_to_date,percent_change,percent,2026,2022,4,75.0,0.75,75%,,not_checkable,,,wilmington-compstat-v2,validated
weekly-2026-08-16-r1,weekly_compstat,2026-08-10,2026-08-16,1,7d23f10cc3e90aaa48cbc3bc24227cb4b6b80a37030aa250dc8b08f3ed7f5917,5,district,district_12,District 12,aggravated_assault,Agg. Assault,year_to_date,percent_change,percent,2026,2021,5,-50.0,-0.5,-50%,,not_checkable,,,wilmington-compstat-v2,validated
weekly-2026-08-16-r1,weekly_compstat,2026-08-10,2026-08-16,1,7d23f10cc3e90aaa48cbc3bc24227cb4b6b80a37030aa250dc8b08f3ed7f5917,5,district,district_12,District 12,aggravated_assault,Agg. Assault,year_to_date,percent_change,percent,2026,2020,6,-36.0,-0.36,-36%,,not_checkable,,,wilmington-compstat-v2,validated
weekly-2026-08-16-r1,weekly_compstat,2026-08-10,2026-08-16,1,7d23f10cc3e90aaa48cbc3bc24227cb4b6b80a37030aa250dc8b08f3ed7f5917,5,district,district_12,District 12,burglary,Burglary,last_7_days,count,count,2026,,,0,,0,,not_applicable,,,wilmington-compstat-v2,validated
weekly-2026-08-16-r1,weekly_compstat,2026-08-10,2026-08-16,1,7d23f10cc3e90aaa48cbc3bc24227cb4b6b80a37030aa250dc8b08f3ed7f5917,5,district,district_12,District 12,burglary,Burglary,last_7_days,count,count,2025,,,1,,1,,not_applicable,,,wilmington-compstat-v2,validated
weekly-2026-08-16-r1,weekly_compstat,2026-08-10,2026-08-16,1,7d23f10cc3e90aaa48cbc3bc24227cb4b6b80a37030aa250dc8b08f3ed7f5917,5,district,district_12,District 12,burglary,Burglary,last_7_days,percent_change,percent,2026,2025,1,-100.0,-1.0,-100%,-100.0,matched,,,wilmington-compstat-v2,validated
weekly-2026-08-16-r1,weekly_compstat,2026-08-10,2026-08-16,1,7d23f10cc3e90aaa48cbc3bc24227cb4b6b80a37030aa250dc8b08f3ed7f5917,5,district,district_12,District 12,burglary,Burglary,last_28_days,count,count,2026,,,0,,0,,not_applicable,,,wilmington-compstat-v2,validated
weekly-2026-08-16-r1,weekly_compstat,2026-08-10,2026-08-16,1,7d23f10cc3e90aaa48cbc3bc24227cb4b6b80a37030aa250dc8b08f3ed7f5917,5,district,district_12,District 12,burglary,Burglary,last_28_days,count,count,2025,,,1,,1,,not_applicable,,,wilmington-compstat-v2,validated
weekly-2026-08-16-r1,weekly_compstat,2026-08-10,2026-08-16,1,7d23f10cc3e90aaa48cbc3bc24227cb4b6b80a37030aa250dc8b08f3ed7f5917,5,district,district_12,District 12,burglary,Burglary,last_28_days,percent_change,percent,2026,2025,1,-100.0,-1.0,-100%,-100.0,matched,,,wilmington-compstat-v2,validated
weekly-2026-08-16-r1,weekly_compstat,2026-08-10,2026-08-16,1,7d23f10cc3e90aaa48cbc3bc24227cb4b6b80a37030aa250dc8b08f3ed7f5917,5,district,district_12,District 12,burglary,Burglary,year_to_date,count,count,2026,,,6,,6,,not_applicable,,,wilmington-compstat-v2,validated
weekly-2026-08-16-r1,weekly_compstat,2026-08-10,2026-08-16,1,7d23f10cc3e90aaa48cbc3bc24227cb4b6b80a37030aa250dc8b08f3ed7f5917,5,district,district_12,District 12,burglary,Burglary,year_to_date,count,count,2025,,,6,,6,,not_applicable,,,wilmington-compstat-v2,validated
weekly-2026-08-16-r1,weekly_compstat,2026-08-10,2026-08-16,1,7d23f10cc3e90aaa48cbc3bc24227cb4b6b80a37030aa250dc8b08f3ed7f5917,5,district,district_12,District 12,burglary,Burglary,year_to_date,percent_change,percent,2026,2025,1,0.0,0.0,0%,0.0,matched,,,wilmington-compstat-v2,validated
weekly-2026-08-16-r1,weekly_compstat,2026-08-10,2026-08-16,1,7d23f10cc3e90aaa48cbc3bc24227cb4b6b80a37030aa250dc8b08f3ed7f5917,5,district,district_12,District 12,burglary,Burglary,year_to_date,percent_change,percent,2026,2024,2,0.0,0.0,0%,,not_checkable,,,wilmington-compstat-v2,validated
weekly-2026-08-16-r1,weekly_compstat,2026-08-10,2026-08-16,1,7d23f10cc3e90aaa48cbc3bc24227cb4b6b80a37030aa250dc8b08f3ed7f5917,5,district,district_12,District 12,burglary,Burglary,year_to_date,percent_change,percent,2026,2023,3,-50.0,-0.5,-50%,,not_checkable,,,wilmington-compstat-v2,validated
weekly-2026-08-16-r1,weekly_compstat,2026-08-10,2026-08-16,1,7d23f10cc3e90aaa48cbc3bc24227cb4b6b80a37030aa250dc8b08f3ed7f5917,5,district,district_12,District 12,burglary,Burglary,year_to_date,percent_change,percent,2026,2022,4,-25.0,-0.25,-25%,,not_checkable,,,wilmington-compstat-v2,validated
weekly-2026-08-16-r1,weekly_compstat,2026-08-10,2026-08-16,1,7d23f10cc3e90aaa48cbc3bc24227cb4b6b80a37030aa250dc8b08f3ed7f5917,5,district,district_12,District 12,burglary,Burglary,year_to_date,percent_change,percent,2026,2021,5,500.0,5.0,500%,,not_checkable,,,wilmington-compstat-v2,validated
weekly-2026-08-16-r1,weekly_compstat,2026-08-10,2026-08-16,1,7d23f10cc3e90aaa48cbc3bc24227cb4b6b80a37030aa250dc8b08f3ed7f5917,5,district,district_12,District 12,burglary,Burglary,year_to_date,percent_change,percent,2026,2020,6,-45.0,-0.45,-45%,,not_checkable,,,wilmington-compstat-v2,validated
weekly-2026-08-16-r1,weekly_compstat,2026-08-10,2026-08-16,1,7d23f10cc3e90aaa48cbc3bc24227cb4b6b80a37030aa250dc8b08f3ed7f5917,5,district,district_12,District 12,felony_theft,Felony Theft,last_7_days,count,count,2026,,,1,,1,,not_applicable,,,wilmington-compstat-v2,validated
weekly-2026-08-16-r1,weekly_compstat,2026-08-10,2026-08-16,1,7d23f10cc3e90aaa48cbc3bc24227cb4b6b80a37030aa250dc8b08f3ed7f5917,5,district,district_12,District 12,felony_theft,Felony Theft,last_7_days,count,count,2025,,,0,,0,,not_applicable,,,wilmington-compstat-v2,validated
weekly-2026-08-16-r1,weekly_compstat,2026-08-10,2026-08-16,1,7d23f10cc3e90aaa48cbc3bc24227cb4b6b80a37030aa250dc8b08f3ed7f5917,5,district,district_12,District 12,felony_theft,Felony Theft,last_7_days,percent_change,percent,2026,2025,1,,,*,,undefined_zero_denominator,,undefined_zero_denominator,wilmington-compstat-v2,validated
weekly-2026-08-16-r1,weekly_compstat,2026-08-10,2026-08-16,1,7d23f10cc3e90aaa48cbc3bc24227cb4b6b80a37030aa250dc8b08f3ed7f5917,5,district,district_12,District 12,felony_theft,Felony Theft,last_28_days,count,count,2026,,,3,,3,,not_applicable,,,wilmington-compstat-v2,validated
weekly-2026-08-16-r1,weekly_compstat,2026-08-10,2026-08-16,1,7d23f10cc3e90aaa48cbc3bc24227cb4b6b80a37030aa250dc8b08f3ed7f5917,5,district,district_12,District 12,felony_theft,Felony Theft,last_28_days,count,count,2025,,,0,,0,,not_applicable,,,wilmington-compstat-v2,validated
weekly-2026-08-16-r1,weekly_compstat,2026-08-10,2026-08-16,1,7d23f10cc3e90aaa48cbc3bc24227cb4b6b80a37030aa250dc8b08f3ed7f5917,5,district,district_12,District 12,felony_theft,Felony Theft,last_28_days,percent_change,percent,2026,2025,1,,,*,,undefined_zero_denominator,,undefined_zero_denominator,wilmington-compstat-v2,validated
weekly-2026-08-16-r1,weekly_compstat,2026-08-10,2026-08-16,1,7d23f10cc3e90aaa48cbc3bc24227cb4b6b80a37030aa250dc8b08f3ed7f5917,5,district,district_12,District 12,felony_theft,Felony Theft,year_to_date,count,count,2026,,,10,,10,,not_applicable,,,wilmington-compstat-v2,validated
weekly-2026-08-16-r1,weekly_compstat,2026-08-10,2026-08-16,1,7d23f10cc3e90aaa48cbc3bc24227cb4b6b80a37030aa250dc8b08f3ed7f5917,5,district,district_12,District 12,felony_theft,Felony Theft,year_to_date,count,count,2025,,,2,,2,,not_applicable,,,wilmington-compstat-v2,validated
weekly-2026-08-16-r1,weekly_compstat,2026-08-10,2026-08-16,1,7d23f10cc3e90aaa48cbc3bc24227cb4b6b80a37030aa250dc8b08f3ed7f5917,5,district,district_12,District 12,felony_theft,Felony Theft,year_to_date,percent_change,percent,2026,2025,1,400.0,4.0,400%,400.0,matched,,,wilmington-compstat-v2,validated
weekly-2026-08-16-r1,weekly_compstat,2026-08-10,2026-08-16,1,7d23f10cc3e90aaa48cbc3bc24227cb4b6b80a37030aa250dc8b08f3ed7f5917,5,district,district_12,District 12,felony_theft,Felony Theft,year_to_date,percent_change,percent,2026,2024,2,67.0,0.67,67%,,not_checkable,,,wilmington-compstat-v2,validated
weekly-2026-08-16-r1,weekly_compstat,2026-08-10,2026-08-16,1,7d23f10cc3e90aaa48cbc3bc24227cb4b6b80a37030aa250dc8b08f3ed7f5917,5,district,district_12,District 12,felony_theft,Felony Theft,year_to_date,percent_change,percent,2026,2023,3,25.0,0.25,25%,,not_checkable,,,wilmington-compstat-v2,validated
weekly-2026-08-16-r1,weekly_compstat,2026-08-10,2026-08-16,1,7d23f10cc3e90aaa48cbc3bc24227cb4b6b80a37030aa250dc8b08f3ed7f5917,5,district,district_12,District 12,felony_theft,Felony Theft,year_to_date,percent_change,percent,2026,2022,4,0.0,0.0,0%,,not_checkable,,,wilmington-compstat-v2,validated
weekly-2026-08-16-r1,weekly_compstat,2026-08-10,2026-08-16,1,7d23f10cc3e90aaa48cbc3bc24227cb4b6b80a37030aa250dc8b08f3ed7f5917,5,district,district_12,District 12,felony_theft,Felony Theft,year_to_date,percent_change,percent,2026,2021,5,25.0,0.25,25%,,not_checkable,,,wilmington-compstat-v2,validated
weekly-2026-08-16-r1,weekly_compstat,2026-08-10,2026-08-16,1,7d23f10cc3e90aaa48cbc3bc24227cb4b6b80a37030aa250dc8b08f3ed7f5917,5,district,district_12,District 12,felony_theft,Felony Theft,year_to_date,percent_change,percent,2026,2020,6,400.0,4.0,400%,,not_checkable,,,wilmington-compstat-v2,validated
weekly-2026-08-16-r1,weekly_compstat,2026-08-10,2026-08-16,1,7d23f10cc3e90aaa48cbc3bc24227cb4b6b80a37030aa250dc8b08f3ed7f5917,5,district,district_12,District 12,auto_theft,Auto Theft,last_7_days,count,count,2026,,,0,,0,,not_applicable,,,wilmington-compstat-v2,validated
weekly-2026-08-16-r1,weekly_compstat,2026-08-10,2026-08-16,1,7d23f10cc3e90aaa48cbc3bc24227cb4b6b80a37030aa250dc8b08f3ed7f5917,5,district,district_12,District 12,auto_theft,Auto Theft,last_7_days,count,count,2025,,,0,,0,,not_applicable,,,wilmington-compstat-v2,validated
weekly-2026-08-16-r1,weekly_compstat,2026-08-10,2026-08-16,1,7d23f10cc3e90aaa48cbc3bc24227cb4b6b80a37030aa250dc8b08f3ed7f5917,5,district,district_12,District 12,auto_theft,Auto Theft,last_7_days,percent_change,percent,2026,2025,1,,,*,,undefined_zero_denominator,,undefined_zero_denominator,wilmington-compstat-v2,validated
weekly-2026-08-16-r1,weekly_compstat,2026-08-10,2026-08-16,1,7d23f10cc3e90aaa48cbc3bc24227cb4b6b80a37030aa250dc8b08f3ed7f5917,5,district,district_12,District 12,auto_theft,Auto Theft,last_28_days,count,count,2026,,,1,,1,,not_applicable,,,wilmington-compstat-v2,validated
weekly-2026-08-16-r1,weekly_compstat,2026-08-10,2026-08-16,1,7d23f10cc3e90aaa48cbc3bc24227cb4b6b80a37030aa250dc8b08f3ed7f5917,5,district,district_12,District 12,auto_theft,Auto Theft,last_28_days,count,count,2025,,,1,,1,,not_applicable,,,wilmington-compstat-v2,validated
weekly-2026-08-16-r1,weekly_compstat,2026-08-10,2026-08-16,1,7d23f10cc3e90aaa48cbc3bc24227cb4b6b80a37030aa250dc8b08f3ed7f5917,5,district,district_12,District 12,auto_theft,Auto Theft,last_28_days,percent_change,percent,2026,2025,1,0.0,0.0,0%,0.0,matched,,,wilmington-compstat-v2,validated
weekly-2026-08-16-r1,weekly_compstat,2026-08-10,2026-08-16,1,7d23f10cc3e90aaa48cbc3bc24227cb4b6b80a37030aa250dc8b08f3ed7f5917,5,district,district_12,District 12,auto_theft,Auto Theft,year_to_date,count,count,2026,,,5,,5,,not_applicable,,,wilmington-compstat-v2,validated
weekly-2026-08-16-r1,weekly_compstat,2026-08-10,2026-08-16,1,7d23f10cc3e90aaa48cbc3bc24227cb4b6b80a37030aa250dc8b08f3ed7f5917,5,district,district_12,District 12,auto_theft,Auto Theft,year_to_date,count,count,2025,,,8,,8,,not_applicable,,,wilmington-compstat-v2,validated
weekly-2026-08-16-r1,weekly_compstat,2026-08-10,2026-08-16,1,7d23f10cc3e90aaa48cbc3bc24227cb4b6b80a37030aa250dc8b08f3ed7f5917,5,district,district_12,District 12,auto_theft,Auto Theft,year_to_date,percent_change,percent,2026,2025,1,-38.0,-0.38,-38%,-37.5,matched,,,wilmington-compstat-v2,validated
weekly-2026-08-16-r1,weekly_compstat,2026-08-10,2026-08-16,1,7d23f10cc3e90aaa48cbc3bc24227cb4b6b80a37030aa250dc8b08f3ed7f5917,5,district,district_12,District 12,auto_theft,Auto Theft,year_to_date,percent_change,percent,2026,2024,2,-55.0,-0.55,-55%,,not_checkable,,,wilmington-compstat-v2,validated
weekly-2026-08-16-r1,weekly_compstat,2026-08-10,2026-08-16,1,7d23f10cc3e90aaa48cbc3bc24227cb4b6b80a37030aa250dc8b08f3ed7f5917,5,district,district_12,District 12,auto_theft,Auto Theft,year_to_date,percent_change,percent,2026,2023,3,-17.0,-0.17,-17%,,not_checkable,,,wilmington-compstat-v2,validated
weekly-2026-08-16-r1,weekly_compstat,2026-08-10,2026-08-16,1,7d23f10cc3e90aaa48cbc3bc24227cb4b6b80a37030aa250dc8b08f3ed7f5917,5,district,district_12,District 12,auto_theft,Auto Theft,year_to_date,percent_change,percent,2026,2022,4,-44.0,-0.44,-44%,,not_checkable,,,wilmington-compstat-v2,validated
weekly-2026-08-16-r1,weekly_compstat,2026-08-10,2026-08-16,1,7d23f10cc3e90aaa48cbc3bc24227cb4b6b80a37030aa250dc8b08f3ed7f5917,5,district,district_12,District 12,auto_theft,Auto Theft,year_to_date,percent_change,percent,2026,2021,5,-67.0,-0.67,-67%,,not_checkable,,,wilmington-compstat-v2,validated
weekly-2026-08-16-r1,weekly_compstat,2026-08-10,2026-08-16,1,7d23f10cc3e90aaa48cbc3bc24227cb4b6b80a37030aa250dc8b08f3ed7f5917,5,district,district_12,District 12,auto_theft,Auto Theft,year_to_date,percent_change,percent,2026,2020,6,-58.0,-0.58,-58%,,not_checkable,,,wilmington-compstat-v2,validated
weekly-2026-08-16-r1,weekly_compstat,2026-08-10,2026-08-16,1,7d23f10cc3e90aaa48cbc3bc24227cb4b6b80a37030aa250dc8b08f3ed7f5917,5,district,district_12,District 12,major_crime_total,TOTAL,last_7_days,count,count,2026,,,3,,3,,not_applicable,,,wilmington-compstat-v2,validated
weekly-2026-08-16-r1,weekly_compstat,2026-08-10,2026-08-16,1,7d23f10cc3e90aaa48cbc3bc24227cb4b6b80a37030aa250dc8b08f3ed7f5917,5,district,district_12,District 12,major_crime_total,TOTAL,last_7_days,count,count,2025,,,1,,1,,not_applicable,,,wilmington-compstat-v2,validated
weekly-2026-08-16-r1,weekly_compstat,2026-08-10,2026-08-16,1,7d23f10cc3e90aaa48cbc3bc24227cb4b6b80a37030aa250dc8b08f3ed7f5917,5,district,district_12,District 12,major_crime_total,TOTAL,last_7_days,percent_change,percent,2026,2025,1,200.0,2.0,200%,200.0,matched,,,wilmington-compstat-v2,validated
weekly-2026-08-16-r1,weekly_compstat,2026-08-10,2026-08-16,1,7d23f10cc3e90aaa48cbc3bc24227cb4b6b80a37030aa250dc8b08f3ed7f5917,5,district,district_12,District 12,major_crime_total,TOTAL,last_28_days,count,count,2026,,,7,,7,,not_applicable,,,wilmington-compstat-v2,validated
weekly-2026-08-16-r1,weekly_compstat,2026-08-10,2026-08-16,1,7d23f10cc3e90aaa48cbc3bc24227cb4b6b80a37030aa250dc8b08f3ed7f5917,5,district,district_12,District 12,major_crime_total,TOTAL,last_28_days,count,count,2025,,,2,,2,,not_applicable,,,wilmington-compstat-v2,validated
weekly-2026-08-16-r1,weekly_compstat,2026-08-10,2026-08-16,1,7d23f10cc3e90aaa48cbc3bc24227cb4b6b80a37030aa250dc8b08f3ed7f5917,5,district,district_12,District 12,major_crime_total,TOTAL,last_28_days,percent_change,percent,2026,2025,1,250.0,2.5,250%,250.0,matched,,,wilmington-compstat-v2,validated
weekly-2026-08-16-r1,weekly_compstat,2026-08-10,2026-08-16,1,7d23f10cc3e90aaa48cbc3bc24227cb4b6b80a37030aa250dc8b08f3ed7f5917,5,district,district_12,District 12,major_crime_total,TOTAL,year_to_date,count,count,2026,,,35,,35,,not_applicable,,,wilmington-compstat-v2,validated
weekly-2026-08-16-r1,weekly_compstat,2026-08-10,2026-08-16,1,7d23f10cc3e90aaa48cbc3bc24227cb4b6b80a37030aa250dc8b08f3ed7f5917,5,district,district_12,District 12,major_crime_total,TOTAL,year_to_date,count,count,2025,,,21,,21,,not_applicable,,,wilmington-compstat-v2,validated
weekly-2026-08-16-r1,weekly_compstat,2026-08-10,2026-08-16,1,7d23f10cc3e90aaa48cbc3bc24227cb4b6b80a37030aa250dc8b08f3ed7f5917,5,district,district_12,District 12,major_crime_total,TOTAL,year_to_date,percent_change,percent,2026,2025,1,67.0,0.67,67%,66.666667,matched,,,wilmington-compstat-v2,validated
weekly-2026-08-16-r1,weekly_compstat,2026-08-10,2026-08-16,1,7d23f10cc3e90aaa48cbc3bc24227cb4b6b80a37030aa250dc8b08f3ed7f5917,5,district,district_12,District 12,major_crime_total,TOTAL,year_to_date,percent_change,percent,2026,2024,2,13.0,0.13,13%,,not_checkable,,,wilmington-compstat-v2,validated
weekly-2026-08-16-r1,weekly_compstat,2026-08-10,2026-08-16,1,7d23f10cc3e90aaa48cbc3bc24227cb4b6b80a37030aa250dc8b08f3ed7f5917,5,district,district_12,District 12,major_crime_total,TOTAL,year_to_date,percent_change,percent,2026,2023,3,-17.0,-0.17,-17%,,not_checkable,,,wilmington-compstat-v2,validated
weekly-2026-08-16-r1,weekly_compstat,2026-08-10,2026-08-16,1,7d23f10cc3e90aaa48cbc3bc24227cb4b6b80a37030aa250dc8b08f3ed7f5917,5,district,district_12,District 12,major_crime_total,TOTAL,year_to_date,percent_change,percent,2026,2022,4,9.0,0.09,9%,,not_checkable,,,wilmington-compstat-v2,validated
weekly-2026-08-16-r1,weekly_compstat,2026-08-10,2026-08-16,1,7d23f10cc3e90aaa48cbc3bc24227cb4b6b80a37030aa250dc8b08f3ed7f5917,5,district,district_12,District 12,major_crime_total,TOTAL,year_to_date,percent_change,percent,2026,2021,5,-29.0,-0.29,-29%,,not_checkable,,,wilmington-compstat-v2,validated
weekly-2026-08-16-r1,weekly_compstat,2026-08-10,2026-08-16,1,7d23f10cc3e90aaa48cbc3bc24227cb4b6b80a37030aa250dc8b08f3ed7f5917,5,district,district_12,District 12,major_crime_total,TOTAL,year_to_date,percent_change,percent,2026,2020,6,-19.0,-0.19,-19%,,not_checkable,,,wilmington-compstat-v2,validated
weekly-2026-08-16-r1,weekly_compstat,2026-08-10,2026-08-16,1,7d23f10cc3e90aaa48cbc3bc24227cb4b6b80a37030aa250dc8b08f3ed7f5917,5,district,district_12,District 12,shooting_incidents,Shooting Incidents,last_7_days,count,count,2026,,,0,,0,,not_applicable,,,wilmington-compstat-v2,validated
weekly-2026-08-16-r1,weekly_compstat,2026-08-10,2026-08-16,1,7d23f10cc3e90aaa48cbc3bc24227cb4b6b80a37030aa250dc8b08f3ed7f5917,5,district,district_12,District 12,shooting_incidents,Shooting Incidents,last_7_days,count,count,2025,,,0,,0,,not_applicable,,,wilmington-compstat-v2,validated
weekly-2026-08-16-r1,weekly_compstat,2026-08-10,2026-08-16,1,7d23f10cc3e90aaa48cbc3bc24227cb4b6b80a37030aa250dc8b08f3ed7f5917,5,district,district_12,District 12,shooting_incidents,Shooting Incidents,last_7_days,percent_change,percent,2026,2025,1,,,*,,undefined_zero_denominator,,undefined_zero_denominator,wilmington-compstat-v2,validated
weekly-2026-08-16-r1,weekly_compstat,2026-08-10,2026-08-16,1,7d23f10cc3e90aaa48cbc3bc24227cb4b6b80a37030aa250dc8b08f3ed7f5917,5,district,district_12,District 12,shooting_incidents,Shooting Incidents,last_28_days,count,count,2026,,,0,,0,,not_applicable,,,wilmington-compstat-v2,validated
weekly-2026-08-16-r1,weekly_compstat,2026-08-10,2026-08-16,1,7d23f10cc3e90aaa48cbc3bc24227cb4b6b80a37030aa250dc8b08f3ed7f5917,5,district,district_12,District 12,shooting_incidents,Shooting Incidents,last_28_days,count,count,2025,,,0,,0,,not_applicable,,,wilmington-compstat-v2,validated
weekly-2026-08-16-r1,weekly_compstat,2026-08-10,2026-08-16,1,7d23f10cc3e90aaa48cbc3bc24227cb4b6b80a37030aa250dc8b08f3ed7f5917,5,district,district_12,District 12,shooting_incidents,Shooting Incidents,last_28_days,percent_change,percent,2026,2025,1,,,*,,undefined_zero_denominator,,undefined_zero_denominator,wilmington-compstat-v2,validated
weekly-2026-08-16-r1,weekly_compstat,2026-08-10,2026-08-16,1,7d23f10cc3e90aaa48cbc3bc24227cb4b6b80a37030aa250dc8b08f3ed7f5917,5,district,district_12,District 12,shooting_incidents,Shooting Incidents,year_to_date,count,count,2026,,,0,,0,,not_applicable,,,wilmington-compstat-v2,validated
weekly-2026-08-16-r1,weekly_compstat,2026-08-10,2026-08-16,1,7d23f10cc3e90aaa48cbc3bc24227cb4b6b80a37030aa250dc8b08f3ed7f5917,5,district,district_12,District 12,shooting_incidents,Shooting Incidents,year_to_date,count,count,2025,,,0,,0,,not_applicable,,,wilmington-compstat-v2,validated
weekly-2026-08-16-r1,weekly_compstat,2026-08-10,2026-08-16,1,7d23f10cc3e90aaa48cbc3bc24227cb4b6b80a37030aa250dc8b08f3ed7f5917,5,district,district_12,District 12,shooting_incidents,Shooting Incidents,year_to_date,percent_change,percent,2026,2025,1,,,*,,undefined_zero_denominator,,undefined_zero_denominator,wilmington-compstat-v2,validated
weekly-2026-08-16-r1,weekly_compstat,2026-08-10,2026-08-16,1,7d23f10cc3e90aaa48cbc3bc24227cb4b6b80a37030aa250dc8b08f3ed7f5917,5,district,district_12,District 12,shooting_incidents,Shooting Incidents,year_to_date,percent_change,percent,2026,2024,2,-100.0,-1.0,-100%,,not_checkable,,,wilmington-compstat-v2,validated
weekly-2026-08-16-r1,weekly_compstat,2026-08-10,2026-08-16,1,7d23f10cc3e90aaa48cbc3bc24227cb4b6b80a37030aa250dc8b08f3ed7f5917,5,district,district_12,District 12,shooting_incidents,Shooting Incidents,year_to_date,percent_change,percent,2026,2023,3,-100.0,-1.0,-100%,,not_checkable,,,wilmington-compstat-v2,validated
weekly-2026-08-16-r1,weekly_compstat,2026-08-10,2026-08-16,1,7d23f10cc3e90aaa48cbc3bc24227cb4b6b80a37030aa250dc8b08f3ed7f5917,5,district,district_12,District 12,shooting_incidents,Shooting Incidents,year_to_date,percent_change,percent,2026,2022,4,-100.0,-1.0,-100%,,not_checkable,,,wilmington-compstat-v2,validated
weekly-2026-08-16-r1,weekly_compstat,2026-08-10,2026-08-16,1,7d23f10cc3e90aaa48cbc3bc24227cb4b6b80a37030aa250dc8b08f3ed7f5917,5,district,district_12,District 12,shooting_incidents,Shooting Incidents,year_to_date,percent_change,percent,2026,2021,5,-100.0,-1.0,-100%,,not_checkable,,,wilmington-compstat-v2,validated
weekly-2026-08-16-r1,weekly_compstat,2026-08-10,2026-08-16,1,7d23f10cc3e90aaa48cbc3bc24227cb4b6b80a37030aa250dc8b08f3ed7f5917,5,district,district_12,District 12,shooting_incidents,Shooting Incidents,year_to_date,percent_change,percent,2026,2020,6,-100.0,-1.0,-100%,,not_checkable,,,wilmington-compstat-v2,validated
weekly-2026-08-16-r1,weekly_compstat,2026-08-10,2026-08-16,1,7d23f10cc3e90aaa48cbc3bc24227cb4b6b80a37030aa250dc8b08f3ed7f5917,5,district,district_12,District 12,shooting_victims,Shooting Victims,last_7_days,count,count,2026,,,0,,0,,not_applicable,,,wilmington-compstat-v2,validated
weekly-2026-08-16-r1,weekly_compstat,2026-08-10,2026-08-16,1,7d23f10cc3e90aaa48cbc3bc24227cb4b6b80a37030aa250dc8b08f3ed7f5917,5,district,district_12,District 12,shooting_victims,Shooting Victims,last_7_days,count,count,2025,,,0,,0,,not_applicable,,,wilmington-compstat-v2,validated
weekly-2026-08-16-r1,weekly_compstat,2026-08-10,2026-08-16,1,7d23f10cc3e90aaa48cbc3bc24227cb4b6b80a37030aa250dc8b08f3ed7f5917,5,district,district_12,District 12,shooting_victims,Shooting Victims,last_7_days,percent_change,percent,2026,2025,1,,,*,,undefined_zero_denominator,,undefined_zero_denominator,wilmington-compstat-v2,validated
weekly-2026-08-16-r1,weekly_compstat,2026-08-10,2026-08-16,1,7d23f10cc3e90aaa48cbc3bc24227cb4b6b80a37030aa250dc8b08f3ed7f5917,5,district,district_12,District 12,shooting_victims,Shooting Victims,last_28_days,count,count,2026,,,0,,0,,not_applicable,,,wilmington-compstat-v2,validated
weekly-2026-08-16-r1,weekly_compstat,2026-08-10,2026-08-16,1,7d23f10cc3e90aaa48cbc3bc24227cb4b6b80a37030aa250dc8b08f3ed7f5917,5,district,district_12,District 12,shooting_victims,Shooting Victims,last_28_days,count,count,2025,,,0,,0,,not_applicable,,,wilmington-compstat-v2,validated
weekly-2026-08-16-r1,weekly_compstat,2026-08-10,2026-08-16,1,7d23f10cc3e90aaa48cbc3bc24227cb4b6b80a37030aa250dc8b08f3ed7f5917,5,district,district_12,District 12,shooting_victims,Shooting Victims,last_28_days,percent_change,percent,2026,2025,1,,,*,,undefined_zero_denominator,,undefined_zero_denominator,wilmington-compstat-v2,validated
weekly-2026-08-16-r1,weekly_compstat,2026-08-10,2026-08-16,1,7d23f10cc3e90aaa48cbc3bc24227cb4b6b80a37030aa250dc8b08f3ed7f5917,5,district,district_12,District 12,shooting_victims,Shooting Victims,year_to_date,count,count,2026,,,0,,0,,not_applicable,,,wilmington-compstat-v2,validated
weekly-2026-08-16-r1,weekly_compstat,2026-08-10,2026-08-16,1,7d23f10cc3e90aaa48cbc3bc24227cb4b6b80a37030aa250dc8b08f3ed7f5917,5,district,district_12,District 12,shooting_victims,Shooting Victims,year_to_date,count,count,2025,,,0,,0,,not_applicable,,,wilmington-compstat-v2,validated
weekly-2026-08-16-r1,weekly_compstat,2026-08-10,2026-08-16,1,7d23f10cc3e90aaa48cbc3bc24227cb4b6b80a37030aa250dc8b08f3ed7f5917,5,district,district_12,District 12,shooting_victims,Shooting Victims,year_to_date,percent_change,percent,2026,2025,1,,,*,,undefined_zero_denominator,,undefined_zero_denominator,wilmington-compstat-v2,validated
weekly-2026-08-16-r1,weekly_compstat,2026-08-10,2026-08-16,1,7d23f10cc3e90aaa48cbc3bc24227cb4b6b80a37030aa250dc8b08f3ed7f5917,5,district,district_12,District 12,shooting_victims,Shooting Victims,year_to_date,percent_change,percent,2026,2024,2,-100.0,-1.0,-100%,,not_checkable,,,wilmington-compstat-v2,validated
weekly-2026-08-16-r1,weekly_compstat,2026-08-10,2026-08-16,1,7d23f10cc3e90aaa48cbc3bc24227cb4b6b80a37030aa250dc8b08f3ed7f5917,5,district,district_12,District 12,shooting_victims,Shooting Victims,year_to_date,percent_change,percent,2026,2023,3,-100.0,-1.0,-100%,,not_checkable,,,wilmington-compstat-v2,validated
weekly-2026-08-16-r1,weekly_compstat,2026-08-10,2026-08-16,1,7d23f10cc3e90aaa48cbc3bc24227cb4b6b80a37030aa250dc8b08f3ed7f5917,5,district,district_12,District 12,shooting_victims,Shooting Victims,year_to_date,percent_change,percent,2026,2022,4,-100.0,-1.0,-100%,,not_checkable,,,wilmington-compstat-v2,validated
weekly-2026-08-16-r1,weekly_compstat,2026-08-10,2026-08-16,1,7d23f10cc3e90aaa48cbc3bc24227cb4b6b80a37030aa250dc8b08f3ed7f5917,5,district,district_12,District 12,shooting_victims,Shooting Victims,year_to_date,percent_change,percent,2026,2021,5,-100.0,-1.0,-100%,,not_checkable,,,wilmington-compstat-v2,validated
weekly-2026-08-16-r1,weekly_compstat,2026-08-10,2026-08-16,1,7d23f10cc3e90aaa48cbc3bc24227cb4b6b80a37030aa250dc8b08f3ed7f5917,5,district,district_12,District 12,shooting_victims,Shooting Victims,year_to_date,percent_change,percent,2026,2020,6,-100.0,-1.0,-100%,,not_checkable,,,wilmington-compstat-v2,validated
weekly-2026-08-16-r1,weekly_compstat,2026-08-10,2026-08-16,1,7d23f10cc3e90aaa48cbc3bc24227cb4b6b80a37030aa250dc8b08f3ed7f5917,5,district,district_12,District 12,juvenile_shooting_incidents,*Juv Shooting Incidents,last_7_days,count,count,2026,,,0,,0,,not_applicable,,,wilmington-compstat-v2,validated
weekly-2026-08-16-r1,weekly_compstat,2026-08-10,2026-08-16,1,7d23f10cc3e90aaa48cbc3bc24227cb4b6b80a37030aa250dc8b08f3ed7f5917,5,district,district_12,District 12,juvenile_shooting_incidents,*Juv Shooting Incidents,last_7_days,count,count,2025,,,0,,0,,not_applicable,,,wilmington-compstat-v2,validated
weekly-2026-08-16-r1,weekly_compstat,2026-08-10,2026-08-16,1,7d23f10cc3e90aaa48cbc3bc24227cb4b6b80a37030aa250dc8b08f3ed7f5917,5,district,district_12,District 12,juvenile_shooting_incidents,*Juv Shooting Incidents,last_7_days,percent_change,percent,2026,2025,1,,,*,,undefined_zero_denominator,,undefined_zero_denominator,wilmington-compstat-v2,validated
weekly-2026-08-16-r1,weekly_compstat,2026-08-10,2026-08-16,1,7d23f10cc3e90aaa48cbc3bc24227cb4b6b80a37030aa250dc8b08f3ed7f5917,5,district,district_12,District 12,juvenile_shooting_incidents,*Juv Shooting Incidents,last_28_days,count,count,2026,,,0,,0,,not_applicable,,,wilmington-compstat-v2,validated
weekly-2026-08-16-r1,weekly_compstat,2026-08-10,2026-08-16,1,7d23f10cc3e90aaa48cbc3bc24227cb4b6b80a37030aa250dc8b08f3ed7f5917,5,district,district_12,District 12,juvenile_shooting_incidents,*Juv Shooting Incidents,last_28_days,count,count,2025,,,0,,0,,not_applicable,,,wilmington-compstat-v2,validated
weekly-2026-08-16-r1,weekly_compstat,2026-08-10,2026-08-16,1,7d23f10cc3e90aaa48cbc3bc24227cb4b6b80a37030aa250dc8b08f3ed7f5917,5,district,district_12,District 12,juvenile_shooting_incidents,*Juv Shooting Incidents,last_28_days,percent_change,percent,2026,2025,1,,,*,,undefined_zero_denominator,,undefined_zero_denominator,wilmington-compstat-v2,validated
weekly-2026-08-16-r1,weekly_compstat,2026-08-10,2026-08-16,1,7d23f10cc3e90aaa48cbc3bc24227cb4b6b80a37030aa250dc8b08f3ed7f5917,5,district,district_12,District 12,juvenile_shooting_incidents,*Juv Shooting Incidents,year_to_date,count,count,2026,,,0,,0,,not_applicable,,,wilmington-compstat-v2,validated
weekly-2026-08-16-r1,weekly_compstat,2026-08-10,2026-08-16,1,7d23f10cc3e90aaa48cbc3bc24227cb4b6b80a37030aa250dc8b08f3ed7f5917,5,district,district_12,District 12,juvenile_shooting_incidents,*Juv Shooting Incidents,year_to_date,count,count,2025,,,0,,0,,not_applicable,,,wilmington-compstat-v2,validated
weekly-2026-08-16-r1,weekly_compstat,2026-08-10,2026-08-16,1,7d23f10cc3e90aaa48cbc3bc24227cb4b6b80a37030aa250dc8b08f3ed7f5917,5,district,district_12,District 12,juvenile_shooting_incidents,*Juv Shooting Incidents,year_to_date,percent_change,percent,2026,2025,1,,,*,,undefined_zero_denominator,,undefined_zero_denominator,wilmington-compstat-v2,validated
weekly-2026-08-16-r1,weekly_compstat,2026-08-10,2026-08-16,1,7d23f10cc3e90aaa48cbc3bc24227cb4b6b80a37030aa250dc8b08f3ed7f5917,5,district,district_12,District 12,juvenile_shooting_incidents,*Juv Shooting Incidents,year_to_date,percent_change,percent,2026,2024,2,,,*,,not_checkable,,undefined_zero_denominator,wilmington-compstat-v2,validated
weekly-2026-08-16-r1,weekly_compstat,2026-08-10,2026-08-16,1,7d23f10cc3e90aaa48cbc3bc24227cb4b6b80a37030aa250dc8b08f3ed7f5917,5,district,district_12,District 12,juvenile_shooting_incidents,*Juv Shooting Incidents,year_to_date,percent_change,percent,2026,2023,3,,,*,,not_checkable,,undefined_zero_denominator,wilmington-compstat-v2,validated
weekly-2026-08-16-r1,weekly_compstat,2026-08-10,2026-08-16,1,7d23f10cc3e90aaa48cbc3bc24227cb4b6b80a37030aa250dc8b08f3ed7f5917,5,district,district_12,District 12,juvenile_shooting_incidents,*Juv Shooting Incidents,year_to_date,percent_change,percent,2026,2022,4,,,*,,not_checkable,,undefined_zero_denominator,wilmington-compstat-v2,validated
weekly-2026-08-16-r1,weekly_compstat,2026-08-10,2026-08-16,1,7d23f10cc3e90aaa48cbc3bc24227cb4b6b80a37030aa250dc8b08f3ed7f5917,5,district,district_12,District 12,juvenile_shooting_incidents,*Juv Shooting Incidents,year_to_date,percent_change,percent,2026,2021,5,,,*,,not_checkable,,undefined_zero_denominator,wilmington-compstat-v2,validated
weekly-2026-08-16-r1,weekly_compstat,2026-08-10,2026-08-16,1,7d23f10cc3e90aaa48cbc3bc24227cb4b6b80a37030aa250dc8b08f3ed7f5917,5,district,district_12,District 12,juvenile_shooting_incidents,*Juv Shooting Incidents,year_to_date,percent_change,percent,2026,2020,6,-100.0,-1.0,-100%,,not_checkable,,,wilmington-compstat-v2,validated
weekly-2026-08-16-r1,weekly_compstat,2026-08-10,2026-08-16,1,7d23f10cc3e90aaa48cbc3bc24227cb4b6b80a37030aa250dc8b08f3ed7f5917,5,district,district_12,District 12,juvenile_shooting_victims,*Juv Shooting Victims,last_7_days,count,count,2026,,,0,,0,,not_applicable,,,wilmington-compstat-v2,validated
weekly-2026-08-16-r1,weekly_compstat,2026-08-10,2026-08-16,1,7d23f10cc3e90aaa48cbc3bc24227cb4b6b80a37030aa250dc8b08f3ed7f5917,5,district,district_12,District 12,juvenile_shooting_victims,*Juv Shooting Victims,last_7_days,count,count,2025,,,0,,0,,not_applicable,,,wilmington-compstat-v2,validated
weekly-2026-08-16-r1,weekly_compstat,2026-08-10,2026-08-16,1,7d23f10cc3e90aaa48cbc3bc24227cb4b6b80a37030aa250dc8b08f3ed7f5917,5,district,district_12,District 12,juvenile_shooting_victims,*Juv Shooting Victims,last_7_days,percent_change,percent,2026,2025,1,,,*,,undefined_zero_denominator,,undefined_zero_denominator,wilmington-compstat-v2,validated
weekly-2026-08-16-r1,weekly_compstat,2026-08-10,2026-08-16,1,7d23f10cc3e90aaa48cbc3bc24227cb4b6b80a37030aa250dc8b08f3ed7f5917,5,district,district_12,District 12,juvenile_shooting_victims,*Juv Shooting Victims,last_28_days,count,count,2026,,,0,,0,,not_applicable,,,wilmington-compstat-v2,validated
weekly-2026-08-16-r1,weekly_compstat,2026-08-10,2026-08-16,1,7d23f10cc3e90aaa48cbc3bc24227cb4b6b80a37030aa250dc8b08f3ed7f5917,5,district,district_12,District 12,juvenile_shooting_victims,*Juv Shooting Victims,last_28_days,count,count,2025,,,0,,0,,not_applicable,,,wilmington-compstat-v2,validated
weekly-2026-08-16-r1,weekly_compstat,2026-08-10,2026-08-16,1,7d23f10cc3e90aaa48cbc3bc24227cb4b6b80a37030aa250dc8b08f3ed7f5917,5,district,district_12,District 12,juvenile_shooting_victims,*Juv Shooting Victims,last_28_days,percent_change,percent,2026,2025,1,,,*,,undefined_zero_denominator,,undefined_zero_denominator,wilmington-compstat-v2,validated
weekly-2026-08-16-r1,weekly_compstat,2026-08-10,2026-08-16,1,7d23f10cc3e90aaa48cbc3bc24227cb4b6b80a37030aa250dc8b08f3ed7f5917,5,district,district_12,District 12,juvenile_shooting_victims,*Juv Shooting Victims,year_to_date,count,count,2026,,,0,,0,,not_applicable,,,wilmington-compstat-v2,validated
weekly-2026-08-16-r1,weekly_compstat,2026-08-10,2026-08-16,1,7d23f10cc3e90aaa48cbc3bc24227cb4b6b80a37030aa250dc8b08f3ed7f5917,5,district,district_12,District 12,juvenile_shooting_victims,*Juv Shooting Victims,year_to_date,count,count,2025,,,0,,0,,not_applicable,,,wilmington-compstat-v2,validated
weekly-2026-08-16-r1,weekly_compstat,2026-08-10,2026-08-16,1,7d23f10cc3e90aaa48cbc3bc24227cb4b6b80a37030aa250dc8b08f3ed7f5917,5,district,district_12,District 12,juvenile_shooting_victims,*Juv Shooting Victims,year_to_date,percent_change,percent,2026,2025,1,,,*,,undefined_zero_denominator,,undefined_zero_denominator,wilmington-compstat-v2,validated
weekly-2026-08-16-r1,weekly_compstat,2026-08-10,2026-08-16,1,7d23f10cc3e90aaa48cbc3bc24227cb4b6b80a37030aa250dc8b08f3ed7f5917,5,district,district_12,District 12,juvenile_shooting_victims,*Juv Shooting Victims,year_to_date,percent_change,percent,2026,2024,2,,,*,,not_checkable,,undefined_zero_denominator,wilmington-compstat-v2,validated
weekly-2026-08-16-r1,weekly_compstat,2026-08-10,2026-08-16,1,7d23f10cc3e90aaa48cbc3bc24227cb4b6b80a37030aa250dc8b08f3ed7f5917,5,district,district_12,District 12,juvenile_shooting_victims,*Juv Shooting Victims,year_to_date,percent_change,percent,2026,2023,3,,,*,,not_checkable,,undefined_zero_denominator,wilmington-compstat-v2,validated
weekly-2026-08-16-r1,weekly_compstat,2026-08-10,2026-08-16,1,7d23f10cc3e90aaa48cbc3bc24227cb4b6b80a37030aa250dc8b08f3ed7f5917,5,district,district_12,District 12,juvenile_shooting_victims,*Juv Shooting Victims,year_to_date,percent_change,percent,2026,2022,4,,,*,,not_checkable,,undefined_zero_denominator,wilmington-compstat-v2,validated
weekly-2026-08-16-r1,weekly_compstat,2026-08-10,2026-08-16,1,7d23f10cc3e90aaa48cbc3bc24227cb4b6b80a37030aa250dc8b08f3ed7f5917,5,district,district_12,District 12,juvenile_shooting_victims,*Juv Shooting Victims,year_to_date,percent_change,percent,2026,2021,5,,,*,,not_checkable,,undefined_zero_denominator,wilmington-compstat-v2,validated
weekly-2026-08-16-r1,weekly_compstat,2026-08-10,2026-08-16,1,7d23f10cc3e90aaa48cbc3bc24227cb4b6b80a37030aa250dc8b08f3ed7f5917,5,district,district_12,District 12,juvenile_shooting_victims,*Juv Shooting Victims,year_to_date,percent_change,percent,2026,2020,6,-100.0,-1.0,-100%,,not_checkable,,,wilmington-compstat-v2,validated
weekly-2026-08-16-r1,weekly_compstat,2026-08-10,2026-08-16,1,7d23f10cc3e90aaa48cbc3bc24227cb4b6b80a37030aa250dc8b08f3ed7f5917,5,district,district_12,District 12,misdemeanor_theft,Theft (Misdemeanor),last_7_days,count,count,2026,,,0,,0,,not_applicable,,,wilmington-compstat-v2,validated
weekly-2026-08-16-r1,weekly_compstat,2026-08-10,2026-08-16,1,7d23f10cc3e90aaa48cbc3bc24227cb4b6b80a37030aa250dc8b08f3ed7f5917,5,district,district_12,District 12,misdemeanor_theft,Theft (Misdemeanor),last_7_days,count,count,2025,,,0,,0,,not_applicable,,,wilmington-compstat-v2,validated
weekly-2026-08-16-r1,weekly_compstat,2026-08-10,2026-08-16,1,7d23f10cc3e90aaa48cbc3bc24227cb4b6b80a37030aa250dc8b08f3ed7f5917,5,district,district_12,District 12,misdemeanor_theft,Theft (Misdemeanor),last_7_days,percent_change,percent,2026,2025,1,,,*,,undefined_zero_denominator,,undefined_zero_denominator,wilmington-compstat-v2,validated
weekly-2026-08-16-r1,weekly_compstat,2026-08-10,2026-08-16,1,7d23f10cc3e90aaa48cbc3bc24227cb4b6b80a37030aa250dc8b08f3ed7f5917,5,district,district_12,District 12,misdemeanor_theft,Theft (Misdemeanor),last_28_days,count,count,2026,,,2,,2,,not_applicable,,,wilmington-compstat-v2,validated
weekly-2026-08-16-r1,weekly_compstat,2026-08-10,2026-08-16,1,7d23f10cc3e90aaa48cbc3bc24227cb4b6b80a37030aa250dc8b08f3ed7f5917,5,district,district_12,District 12,misdemeanor_theft,Theft (Misdemeanor),last_28_days,count,count,2025,,,0,,0,,not_applicable,,,wilmington-compstat-v2,validated
weekly-2026-08-16-r1,weekly_compstat,2026-08-10,2026-08-16,1,7d23f10cc3e90aaa48cbc3bc24227cb4b6b80a37030aa250dc8b08f3ed7f5917,5,district,district_12,District 12,misdemeanor_theft,Theft (Misdemeanor),last_28_days,percent_change,percent,2026,2025,1,,,*,,undefined_zero_denominator,,undefined_zero_denominator,wilmington-compstat-v2,validated
weekly-2026-08-16-r1,weekly_compstat,2026-08-10,2026-08-16,1,7d23f10cc3e90aaa48cbc3bc24227cb4b6b80a37030aa250dc8b08f3ed7f5917,5,district,district_12,District 12,misdemeanor_theft,Theft (Misdemeanor),year_to_date,count,count,2026,,,20,,20,,not_applicable,,,wilmington-compstat-v2,validated
weekly-2026-08-16-r1,weekly_compstat,2026-08-10,2026-08-16,1,7d23f10cc3e90aaa48cbc3bc24227cb4b6b80a37030aa250dc8b08f3ed7f5917,5,district,district_12,District 12,misdemeanor_theft,Theft (Misdemeanor),year_to_date,count,count,2025,,,16,,16,,not_applicable,,,wilmington-compstat-v2,validated
weekly-2026-08-16-r1,weekly_compstat,2026-08-10,2026-08-16,1,7d23f10cc3e90aaa48cbc3bc24227cb4b6b80a37030aa250dc8b08f3ed7f5917,5,district,district_12,District 12,misdemeanor_theft,Theft (Misdemeanor),year_to_date,percent_change,percent,2026,2025,1,25.0,0.25,25%,25.0,matched,,,wilmington-compstat-v2,validated
weekly-2026-08-16-r1,weekly_compstat,2026-08-10,2026-08-16,1,7d23f10cc3e90aaa48cbc3bc24227cb4b6b80a37030aa250dc8b08f3ed7f5917,5,district,district_12,District 12,misdemeanor_theft,Theft (Misdemeanor),year_to_date,percent_change,percent,2026,2024,2,-13.0,-0.13,-13%,,not_checkable,,,wilmington-compstat-v2,validated
weekly-2026-08-16-r1,weekly_compstat,2026-08-10,2026-08-16,1,7d23f10cc3e90aaa48cbc3bc24227cb4b6b80a37030aa250dc8b08f3ed7f5917,5,district,district_12,District 12,misdemeanor_theft,Theft (Misdemeanor),year_to_date,percent_change,percent,2026,2023,3,-35.0,-0.35,-35%,,not_checkable,,,wilmington-compstat-v2,validated
weekly-2026-08-16-r1,weekly_compstat,2026-08-10,2026-08-16,1,7d23f10cc3e90aaa48cbc3bc24227cb4b6b80a37030aa250dc8b08f3ed7f5917,5,district,district_12,District 12,misdemeanor_theft,Theft (Misdemeanor),year_to_date,percent_change,percent,2026,2022,4,-38.0,-0.38,-38%,,not_checkable,,,wilmington-compstat-v2,validated
weekly-2026-08-16-r1,weekly_compstat,2026-08-10,2026-08-16,1,7d23f10cc3e90aaa48cbc3bc24227cb4b6b80a37030aa250dc8b08f3ed7f5917,5,district,district_12,District 12,misdemeanor_theft,Theft (Misdemeanor),year_to_date,percent_change,percent,2026,2021,5,5.0,0.05,5%,,not_checkable,,,wilmington-compstat-v2,validated
weekly-2026-08-16-r1,weekly_compstat,2026-08-10,2026-08-16,1,7d23f10cc3e90aaa48cbc3bc24227cb4b6b80a37030aa250dc8b08f3ed7f5917,5,district,district_12,District 12,misdemeanor_theft,Theft (Misdemeanor),year_to_date,percent_change,percent,2026,2020,6,-33.0,-0.33,-33%,,not_checkable,,,wilmington-compstat-v2,validated
weekly-2026-08-16-r1,weekly_compstat,2026-08-10,2026-08-16,1,7d23f10cc3e90aaa48cbc3bc24227cb4b6b80a37030aa250dc8b08f3ed7f5917,7,district,district_13,District 13,murder,Murder,last_7_days,count,count,2026,,,0,,0,,not_applicable,,,wilmington-compstat-v2,validated
weekly-2026-08-16-r1,weekly_compstat,2026-08-10,2026-08-16,1,7d23f10cc3e90aaa48cbc3bc24227cb4b6b80a37030aa250dc8b08f3ed7f5917,7,district,district_13,District 13,murder,Murder,last_7_days,count,count,2025,,,0,,0,,not_applicable,,,wilmington-compstat-v2,validated
weekly-2026-08-16-r1,weekly_compstat,2026-08-10,2026-08-16,1,7d23f10cc3e90aaa48cbc3bc24227cb4b6b80a37030aa250dc8b08f3ed7f5917,7,district,district_13,District 13,murder,Murder,last_7_days,percent_change,percent,2026,2025,1,,,*,,undefined_zero_denominator,,undefined_zero_denominator,wilmington-compstat-v2,validated
weekly-2026-08-16-r1,weekly_compstat,2026-08-10,2026-08-16,1,7d23f10cc3e90aaa48cbc3bc24227cb4b6b80a37030aa250dc8b08f3ed7f5917,7,district,district_13,District 13,murder,Murder,last_28_days,count,count,2026,,,0,,0,,not_applicable,,,wilmington-compstat-v2,validated
weekly-2026-08-16-r1,weekly_compstat,2026-08-10,2026-08-16,1,7d23f10cc3e90aaa48cbc3bc24227cb4b6b80a37030aa250dc8b08f3ed7f5917,7,district,district_13,District 13,murder,Murder,last_28_days,count,count,2025,,,0,,0,,not_applicable,,,wilmington-compstat-v2,validated
weekly-2026-08-16-r1,weekly_compstat,2026-08-10,2026-08-16,1,7d23f10cc3e90aaa48cbc3bc24227cb4b6b80a37030aa250dc8b08f3ed7f5917,7,district,district_13,District 13,murder,Murder,last_28_days,percent_change,percent,2026,2025,1,,,*,,undefined_zero_denominator,,undefined_zero_denominator,wilmington-compstat-v2,validated
weekly-2026-08-16-r1,weekly_compstat,2026-08-10,2026-08-16,1,7d23f10cc3e90aaa48cbc3bc24227cb4b6b80a37030aa250dc8b08f3ed7f5917,7,district,district_13,District 13,murder,Murder,year_to_date,count,count,2026,,,0,,0,,not_applicable,,,wilmington-compstat-v2,validated
weekly-2026-08-16-r1,weekly_compstat,2026-08-10,2026-08-16,1,7d23f10cc3e90aaa48cbc3bc24227cb4b6b80a37030aa250dc8b08f3ed7f5917,7,district,district_13,District 13,murder,Murder,year_to_date,count,count,2025,,,1,,1,,not_applicable,,,wilmington-compstat-v2,validated
weekly-2026-08-16-r1,weekly_compstat,2026-08-10,2026-08-16,1,7d23f10cc3e90aaa48cbc3bc24227cb4b6b80a37030aa250dc8b08f3ed7f5917,7,district,district_13,District 13,murder,Murder,year_to_date,percent_change,percent,2026,2025,1,-100.0,-1.0,-100%,-100.0,matched,,,wilmington-compstat-v2,validated
weekly-2026-08-16-r1,weekly_compstat,2026-08-10,2026-08-16,1,7d23f10cc3e90aaa48cbc3bc24227cb4b6b80a37030aa250dc8b08f3ed7f5917,7,district,district_13,District 13,murder,Murder,year_to_date,percent_change,percent,2026,2024,2,-100.0,-1.0,-100%,,not_checkable,,,wilmington-compstat-v2,validated
weekly-2026-08-16-r1,weekly_compstat,2026-08-10,2026-08-16,1,7d23f10cc3e90aaa48cbc3bc24227cb4b6b80a37030aa250dc8b08f3ed7f5917,7,district,district_13,District 13,murder,Murder,year_to_date,percent_change,percent,2026,2023,3,-100.0,-1.0,-100%,,not_checkable,,,wilmington-compstat-v2,validated
weekly-2026-08-16-r1,weekly_compstat,2026-08-10,2026-08-16,1,7d23f10cc3e90aaa48cbc3bc24227cb4b6b80a37030aa250dc8b08f3ed7f5917,7,district,district_13,District 13,murder,Murder,year_to_date,percent_change,percent,2026,2022,4,,,*,,not_checkable,,undefined_zero_denominator,wilmington-compstat-v2,validated
weekly-2026-08-16-r1,weekly_compstat,2026-08-10,2026-08-16,1,7d23f10cc3e90aaa48cbc3bc24227cb4b6b80a37030aa250dc8b08f3ed7f5917,7,district,district_13,District 13,murder,Murder,year_to_date,percent_change,percent,2026,2021,5,-100.0,-1.0,-100%,,not_checkable,,,wilmington-compstat-v2,validated
weekly-2026-08-16-r1,weekly_compstat,2026-08-10,2026-08-16,1,7d23f10cc3e90aaa48cbc3bc24227cb4b6b80a37030aa250dc8b08f3ed7f5917,7,district,district_13,District 13,murder,Murder,year_to_date,percent_change,percent,2026,2020,6,-100.0,-1.0,-100%,,not_checkable,,,wilmington-compstat-v2,validated
weekly-2026-08-16-r1,weekly_compstat,2026-08-10,2026-08-16,1,7d23f10cc3e90aaa48cbc3bc24227cb4b6b80a37030aa250dc8b08f3ed7f5917,7,district,district_13,District 13,rape,Rape,last_7_days,count,count,2026,,,0,,0,,not_applicable,,,wilmington-compstat-v2,validated
weekly-2026-08-16-r1,weekly_compstat,2026-08-10,2026-08-16,1,7d23f10cc3e90aaa48cbc3bc24227cb4b6b80a37030aa250dc8b08f3ed7f5917,7,district,district_13,District 13,rape,Rape,last_7_days,count,count,2025,,,0,,0,,not_applicable,,,wilmington-compstat-v2,validated
weekly-2026-08-16-r1,weekly_compstat,2026-08-10,2026-08-16,1,7d23f10cc3e90aaa48cbc3bc24227cb4b6b80a37030aa250dc8b08f3ed7f5917,7,district,district_13,District 13,rape,Rape,last_7_days,percent_change,percent,2026,2025,1,,,*,,undefined_zero_denominator,,undefined_zero_denominator,wilmington-compstat-v2,validated
weekly-2026-08-16-r1,weekly_compstat,2026-08-10,2026-08-16,1,7d23f10cc3e90aaa48cbc3bc24227cb4b6b80a37030aa250dc8b08f3ed7f5917,7,district,district_13,District 13,rape,Rape,last_28_days,count,count,2026,,,0,,0,,not_applicable,,,wilmington-compstat-v2,validated
weekly-2026-08-16-r1,weekly_compstat,2026-08-10,2026-08-16,1,7d23f10cc3e90aaa48cbc3bc24227cb4b6b80a37030aa250dc8b08f3ed7f5917,7,district,district_13,District 13,rape,Rape,last_28_days,count,count,2025,,,0,,0,,not_applicable,,,wilmington-compstat-v2,validated
weekly-2026-08-16-r1,weekly_compstat,2026-08-10,2026-08-16,1,7d23f10cc3e90aaa48cbc3bc24227cb4b6b80a37030aa250dc8b08f3ed7f5917,7,district,district_13,District 13,rape,Rape,last_28_days,percent_change,percent,2026,2025,1,,,*,,undefined_zero_denominator,,undefined_zero_denominator,wilmington-compstat-v2,validated
weekly-2026-08-16-r1,weekly_compstat,2026-08-10,2026-08-16,1,7d23f10cc3e90aaa48cbc3bc24227cb4b6b80a37030aa250dc8b08f3ed7f5917,7,district,district_13,District 13,rape,Rape,year_to_date,count,count,2026,,,0,,0,,not_applicable,,,wilmington-compstat-v2,validated
weekly-2026-08-16-r1,weekly_compstat,2026-08-10,2026-08-16,1,7d23f10cc3e90aaa48cbc3bc24227cb4b6b80a37030aa250dc8b08f3ed7f5917,7,district,district_13,District 13,rape,Rape,year_to_date,count,count,2025,,,0,,0,,not_applicable,,,wilmington-compstat-v2,validated
weekly-2026-08-16-r1,weekly_compstat,2026-08-10,2026-08-16,1,7d23f10cc3e90aaa48cbc3bc24227cb4b6b80a37030aa250dc8b08f3ed7f5917,7,district,district_13,District 13,rape,Rape,year_to_date,percent_change,percent,2026,2025,1,,,*,,undefined_zero_denominator,,undefined_zero_denominator,wilmington-compstat-v2,validated
weekly-2026-08-16-r1,weekly_compstat,2026-08-10,2026-08-16,1,7d23f10cc3e90aaa48cbc3bc24227cb4b6b80a37030aa250dc8b08f3ed7f5917,7,district,district_13,District 13,rape,Rape,year_to_date,percent_change,percent,2026,2024,2,-100.0,-1.0,-100%,,not_checkable,,,wilmington-compstat-v2,validated
weekly-2026-08-16-r1,weekly_compstat,2026-08-10,2026-08-16,1,7d23f10cc3e90aaa48cbc3bc24227cb4b6b80a37030aa250dc8b08f3ed7f5917,7,district,district_13,District 13,rape,Rape,year_to_date,percent_change,percent,2026,2023,3,,,*,,not_checkable,,undefined_zero_denominator,wilmington-compstat-v2,validated
weekly-2026-08-16-r1,weekly_compstat,2026-08-10,2026-08-16,1,7d23f10cc3e90aaa48cbc3bc24227cb4b6b80a37030aa250dc8b08f3ed7f5917,7,district,district_13,District 13,rape,Rape,year_to_date,percent_change,percent,2026,2022,4,-100.0,-1.0,-100%,,not_checkable,,,wilmington-compstat-v2,validated
weekly-2026-08-16-r1,weekly_compstat,2026-08-10,2026-08-16,1,7d23f10cc3e90aaa48cbc3bc24227cb4b6b80a37030aa250dc8b08f3ed7f5917,7,district,district_13,District 13,rape,Rape,year_to_date,percent_change,percent,2026,2021,5,,,*,,not_checkable,,undefined_zero_denominator,wilmington-compstat-v2,validated
weekly-2026-08-16-r1,weekly_compstat,2026-08-10,2026-08-16,1,7d23f10cc3e90aaa48cbc3bc24227cb4b6b80a37030aa250dc8b08f3ed7f5917,7,district,district_13,District 13,rape,Rape,year_to_date,percent_change,percent,2026,2020,6,-100.0,-1.0,-100%,,not_checkable,,,wilmington-compstat-v2,validated
weekly-2026-08-16-r1,weekly_compstat,2026-08-10,2026-08-16,1,7d23f10cc3e90aaa48cbc3bc24227cb4b6b80a37030aa250dc8b08f3ed7f5917,7,district,district_13,District 13,robbery,Robbery,last_7_days,count,count,2026,,,0,,0,,not_applicable,,,wilmington-compstat-v2,validated
weekly-2026-08-16-r1,weekly_compstat,2026-08-10,2026-08-16,1,7d23f10cc3e90aaa48cbc3bc24227cb4b6b80a37030aa250dc8b08f3ed7f5917,7,district,district_13,District 13,robbery,Robbery,last_7_days,count,count,2025,,,0,,0,,not_applicable,,,wilmington-compstat-v2,validated
weekly-2026-08-16-r1,weekly_compstat,2026-08-10,2026-08-16,1,7d23f10cc3e90aaa48cbc3bc24227cb4b6b80a37030aa250dc8b08f3ed7f5917,7,district,district_13,District 13,robbery,Robbery,last_7_days,percent_change,percent,2026,2025,1,,,*,,undefined_zero_denominator,,undefined_zero_denominator,wilmington-compstat-v2,validated
weekly-2026-08-16-r1,weekly_compstat,2026-08-10,2026-08-16,1,7d23f10cc3e90aaa48cbc3bc24227cb4b6b80a37030aa250dc8b08f3ed7f5917,7,district,district_13,District 13,robbery,Robbery,last_28_days,count,count,2026,,,2,,2,,not_applicable,,,wilmington-compstat-v2,validated
weekly-2026-08-16-r1,weekly_compstat,2026-08-10,2026-08-16,1,7d23f10cc3e90aaa48cbc3bc24227cb4b6b80a37030aa250dc8b08f3ed7f5917,7,district,district_13,District 13,robbery,Robbery,last_28_days,count,count,2025,,,1,,1,,not_applicable,,,wilmington-compstat-v2,validated
weekly-2026-08-16-r1,weekly_compstat,2026-08-10,2026-08-16,1,7d23f10cc3e90aaa48cbc3bc24227cb4b6b80a37030aa250dc8b08f3ed7f5917,7,district,district_13,District 13,robbery,Robbery,last_28_days,percent_change,percent,2026,2025,1,100.0,1.0,100%,100.0,matched,,,wilmington-compstat-v2,validated
weekly-2026-08-16-r1,weekly_compstat,2026-08-10,2026-08-16,1,7d23f10cc3e90aaa48cbc3bc24227cb4b6b80a37030aa250dc8b08f3ed7f5917,7,district,district_13,District 13,robbery,Robbery,year_to_date,count,count,2026,,,13,,13,,not_applicable,,,wilmington-compstat-v2,validated
weekly-2026-08-16-r1,weekly_compstat,2026-08-10,2026-08-16,1,7d23f10cc3e90aaa48cbc3bc24227cb4b6b80a37030aa250dc8b08f3ed7f5917,7,district,district_13,District 13,robbery,Robbery,year_to_date,count,count,2025,,,8,,8,,not_applicable,,,wilmington-compstat-v2,validated
weekly-2026-08-16-r1,weekly_compstat,2026-08-10,2026-08-16,1,7d23f10cc3e90aaa48cbc3bc24227cb4b6b80a37030aa250dc8b08f3ed7f5917,7,district,district_13,District 13,robbery,Robbery,year_to_date,percent_change,percent,2026,2025,1,63.0,0.63,63%,62.5,matched,,,wilmington-compstat-v2,validated
weekly-2026-08-16-r1,weekly_compstat,2026-08-10,2026-08-16,1,7d23f10cc3e90aaa48cbc3bc24227cb4b6b80a37030aa250dc8b08f3ed7f5917,7,district,district_13,District 13,robbery,Robbery,year_to_date,percent_change,percent,2026,2024,2,117.0,1.17,117%,,not_checkable,,,wilmington-compstat-v2,validated
weekly-2026-08-16-r1,weekly_compstat,2026-08-10,2026-08-16,1,7d23f10cc3e90aaa48cbc3bc24227cb4b6b80a37030aa250dc8b08f3ed7f5917,7,district,district_13,District 13,robbery,Robbery,year_to_date,percent_change,percent,2026,2023,3,44.0,0.44,44%,,not_checkable,,,wilmington-compstat-v2,validated
weekly-2026-08-16-r1,weekly_compstat,2026-08-10,2026-08-16,1,7d23f10cc3e90aaa48cbc3bc24227cb4b6b80a37030aa250dc8b08f3ed7f5917,7,district,district_13,District 13,robbery,Robbery,year_to_date,percent_change,percent,2026,2022,4,63.0,0.63,63%,,not_checkable,,,wilmington-compstat-v2,validated
weekly-2026-08-16-r1,weekly_compstat,2026-08-10,2026-08-16,1,7d23f10cc3e90aaa48cbc3bc24227cb4b6b80a37030aa250dc8b08f3ed7f5917,7,district,district_13,District 13,robbery,Robbery,year_to_date,percent_change,percent,2026,2021,5,63.0,0.63,63%,,not_checkable,,,wilmington-compstat-v2,validated
weekly-2026-08-16-r1,weekly_compstat,2026-08-10,2026-08-16,1,7d23f10cc3e90aaa48cbc3bc24227cb4b6b80a37030aa250dc8b08f3ed7f5917,7,district,district_13,District 13,robbery,Robbery,year_to_date,percent_change,percent,2026,2020,6,-32.0,-0.32,-32%,,not_checkable,,,wilmington-compstat-v2,validated
weekly-2026-08-16-r1,weekly_compstat,2026-08-10,2026-08-16,1,7d23f10cc3e90aaa48cbc3bc24227cb4b6b80a37030aa250dc8b08f3ed7f5917,7,district,district_13,District 13,aggravated_assault,Agg. Assault,last_7_days,count,count,2026,,,0,,0,,not_applicable,,,wilmington-compstat-v2,validated
weekly-2026-08-16-r1,weekly_compstat,2026-08-10,2026-08-16,1,7d23f10cc3e90aaa48cbc3bc24227cb4b6b80a37030aa250dc8b08f3ed7f5917,7,district,district_13,District 13,aggravated_assault,Agg. Assault,last_7_days,count,count,2025,,,0,,0,,not_applicable,,,wilmington-compstat-v2,validated
weekly-2026-08-16-r1,weekly_compstat,2026-08-10,2026-08-16,1,7d23f10cc3e90aaa48cbc3bc24227cb4b6b80a37030aa250dc8b08f3ed7f5917,7,district,district_13,District 13,aggravated_assault,Agg. Assault,last_7_days,percent_change,percent,2026,2025,1,,,*,,undefined_zero_denominator,,undefined_zero_denominator,wilmington-compstat-v2,validated
weekly-2026-08-16-r1,weekly_compstat,2026-08-10,2026-08-16,1,7d23f10cc3e90aaa48cbc3bc24227cb4b6b80a37030aa250dc8b08f3ed7f5917,7,district,district_13,District 13,aggravated_assault,Agg. Assault,last_28_days,count,count,2026,,,5,,5,,not_applicable,,,wilmington-compstat-v2,validated
weekly-2026-08-16-r1,weekly_compstat,2026-08-10,2026-08-16,1,7d23f10cc3e90aaa48cbc3bc24227cb4b6b80a37030aa250dc8b08f3ed7f5917,7,district,district_13,District 13,aggravated_assault,Agg. Assault,last_28_days,count,count,2025,,,1,,1,,not_applicable,,,wilmington-compstat-v2,validated
weekly-2026-08-16-r1,weekly_compstat,2026-08-10,2026-08-16,1,7d23f10cc3e90aaa48cbc3bc24227cb4b6b80a37030aa250dc8b08f3ed7f5917,7,district,district_13,District 13,aggravated_assault,Agg. Assault,last_28_days,percent_change,percent,2026,2025,1,400.0,4.0,400%,400.0,matched,,,wilmington-compstat-v2,validated
weekly-2026-08-16-r1,weekly_compstat,2026-08-10,2026-08-16,1,7d23f10cc3e90aaa48cbc3bc24227cb4b6b80a37030aa250dc8b08f3ed7f5917,7,district,district_13,District 13,aggravated_assault,Agg. Assault,year_to_date,count,count,2026,,,31,,31,,not_applicable,,,wilmington-compstat-v2,validated
weekly-2026-08-16-r1,weekly_compstat,2026-08-10,2026-08-16,1,7d23f10cc3e90aaa48cbc3bc24227cb4b6b80a37030aa250dc8b08f3ed7f5917,7,district,district_13,District 13,aggravated_assault,Agg. Assault,year_to_date,count,count,2025,,,26,,26,,not_applicable,,,wilmington-compstat-v2,validated
weekly-2026-08-16-r1,weekly_compstat,2026-08-10,2026-08-16,1,7d23f10cc3e90aaa48cbc3bc24227cb4b6b80a37030aa250dc8b08f3ed7f5917,7,district,district_13,District 13,aggravated_assault,Agg. Assault,year_to_date,percent_change,percent,2026,2025,1,19.0,0.19,19%,19.230769,matched,,,wilmington-compstat-v2,validated
weekly-2026-08-16-r1,weekly_compstat,2026-08-10,2026-08-16,1,7d23f10cc3e90aaa48cbc3bc24227cb4b6b80a37030aa250dc8b08f3ed7f5917,7,district,district_13,District 13,aggravated_assault,Agg. Assault,year_to_date,percent_change,percent,2026,2024,2,29.0,0.29,29%,,not_checkable,,,wilmington-compstat-v2,validated
weekly-2026-08-16-r1,weekly_compstat,2026-08-10,2026-08-16,1,7d23f10cc3e90aaa48cbc3bc24227cb4b6b80a37030aa250dc8b08f3ed7f5917,7,district,district_13,District 13,aggravated_assault,Agg. Assault,year_to_date,percent_change,percent,2026,2023,3,48.0,0.48,48%,,not_checkable,,,wilmington-compstat-v2,validated
weekly-2026-08-16-r1,weekly_compstat,2026-08-10,2026-08-16,1,7d23f10cc3e90aaa48cbc3bc24227cb4b6b80a37030aa250dc8b08f3ed7f5917,7,district,district_13,District 13,aggravated_assault,Agg. Assault,year_to_date,percent_change,percent,2026,2022,4,41.0,0.41,41%,,not_checkable,,,wilmington-compstat-v2,validated
weekly-2026-08-16-r1,weekly_compstat,2026-08-10,2026-08-16,1,7d23f10cc3e90aaa48cbc3bc24227cb4b6b80a37030aa250dc8b08f3ed7f5917,7,district,district_13,District 13,aggravated_assault,Agg. Assault,year_to_date,percent_change,percent,2026,2021,5,-3.0,-0.03,-3%,,not_checkable,,,wilmington-compstat-v2,validated
weekly-2026-08-16-r1,weekly_compstat,2026-08-10,2026-08-16,1,7d23f10cc3e90aaa48cbc3bc24227cb4b6b80a37030aa250dc8b08f3ed7f5917,7,district,district_13,District 13,aggravated_assault,Agg. Assault,year_to_date,percent_change,percent,2026,2020,6,-9.0,-0.09,-9%,,not_checkable,,,wilmington-compstat-v2,validated
weekly-2026-08-16-r1,weekly_compstat,2026-08-10,2026-08-16,1,7d23f10cc3e90aaa48cbc3bc24227cb4b6b80a37030aa250dc8b08f3ed7f5917,7,district,district_13,District 13,burglary,Burglary,last_7_days,count,count,2026,,,0,,0,,not_applicable,,,wilmington-compstat-v2,validated
weekly-2026-08-16-r1,weekly_compstat,2026-08-10,2026-08-16,1,7d23f10cc3e90aaa48cbc3bc24227cb4b6b80a37030aa250dc8b08f3ed7f5917,7,district,district_13,District 13,burglary,Burglary,last_7_days,count,count,2025,,,1,,1,,not_applicable,,,wilmington-compstat-v2,validated
weekly-2026-08-16-r1,weekly_compstat,2026-08-10,2026-08-16,1,7d23f10cc3e90aaa48cbc3bc24227cb4b6b80a37030aa250dc8b08f3ed7f5917,7,district,district_13,District 13,burglary,Burglary,last_7_days,percent_change,percent,2026,2025,1,-100.0,-1.0,-100%,-100.0,matched,,,wilmington-compstat-v2,validated
weekly-2026-08-16-r1,weekly_compstat,2026-08-10,2026-08-16,1,7d23f10cc3e90aaa48cbc3bc24227cb4b6b80a37030aa250dc8b08f3ed7f5917,7,district,district_13,District 13,burglary,Burglary,last_28_days,count,count,2026,,,1,,1,,not_applicable,,,wilmington-compstat-v2,validated
weekly-2026-08-16-r1,weekly_compstat,2026-08-10,2026-08-16,1,7d23f10cc3e90aaa48cbc3bc24227cb4b6b80a37030aa250dc8b08f3ed7f5917,7,district,district_13,District 13,burglary,Burglary,last_28_days,count,count,2025,,,3,,3,,not_applicable,,,wilmington-compstat-v2,validated
weekly-2026-08-16-r1,weekly_compstat,2026-08-10,2026-08-16,1,7d23f10cc3e90aaa48cbc3bc24227cb4b6b80a37030aa250dc8b08f3ed7f5917,7,district,district_13,District 13,burglary,Burglary,last_28_days,percent_change,percent,2026,2025,1,-67.0,-0.67,-67%,-66.666667,matched,,,wilmington-compstat-v2,validated
weekly-2026-08-16-r1,weekly_compstat,2026-08-10,2026-08-16,1,7d23f10cc3e90aaa48cbc3bc24227cb4b6b80a37030aa250dc8b08f3ed7f5917,7,district,district_13,District 13,burglary,Burglary,year_to_date,count,count,2026,,,18,,18,,not_applicable,,,wilmington-compstat-v2,validated
weekly-2026-08-16-r1,weekly_compstat,2026-08-10,2026-08-16,1,7d23f10cc3e90aaa48cbc3bc24227cb4b6b80a37030aa250dc8b08f3ed7f5917,7,district,district_13,District 13,burglary,Burglary,year_to_date,count,count,2025,,,26,,26,,not_applicable,,,wilmington-compstat-v2,validated
weekly-2026-08-16-r1,weekly_compstat,2026-08-10,2026-08-16,1,7d23f10cc3e90aaa48cbc3bc24227cb4b6b80a37030aa250dc8b08f3ed7f5917,7,district,district_13,District 13,burglary,Burglary,year_to_date,percent_change,percent,2026,2025,1,-31.0,-0.31,-31%,-30.769231,matched,,,wilmington-compstat-v2,validated
weekly-2026-08-16-r1,weekly_compstat,2026-08-10,2026-08-16,1,7d23f10cc3e90aaa48cbc3bc24227cb4b6b80a37030aa250dc8b08f3ed7f5917,7,district,district_13,District 13,burglary,Burglary,year_to_date,percent_change,percent,2026,2024,2,29.0,0.29,29%,,not_checkable,,,wilmington-compstat-v2,validated
weekly-2026-08-16-r1,weekly_compstat,2026-08-10,2026-08-16,1,7d23f10cc3e90aaa48cbc3bc24227cb4b6b80a37030aa250dc8b08f3ed7f5917,7,district,district_13,District 13,burglary,Burglary,year_to_date,percent_change,percent,2026,2023,3,29.0,0.29,29%,,not_checkable,,,wilmington-compstat-v2,validated
weekly-2026-08-16-r1,weekly_compstat,2026-08-10,2026-08-16,1,7d23f10cc3e90aaa48cbc3bc24227cb4b6b80a37030aa250dc8b08f3ed7f5917,7,district,district_13,District 13,burglary,Burglary,year_to_date,percent_change,percent,2026,2022,4,-31.0,-0.31,-31%,,not_checkable,,,wilmington-compstat-v2,validated
weekly-2026-08-16-r1,weekly_compstat,2026-08-10,2026-08-16,1,7d23f10cc3e90aaa48cbc3bc24227cb4b6b80a37030aa250dc8b08f3ed7f5917,7,district,district_13,District 13,burglary,Burglary,year_to_date,percent_change,percent,2026,2021,5,-42.0,-0.42,-42%,,not_checkable,,,wilmington-compstat-v2,validated
weekly-2026-08-16-r1,weekly_compstat,2026-08-10,2026-08-16,1,7d23f10cc3e90aaa48cbc3bc24227cb4b6b80a37030aa250dc8b08f3ed7f5917,7,district,district_13,District 13,burglary,Burglary,year_to_date,percent_change,percent,2026,2020,6,-38.0,-0.38,-38%,,not_checkable,,,wilmington-compstat-v2,validated
weekly-2026-08-16-r1,weekly_compstat,2026-08-10,2026-08-16,1,7d23f10cc3e90aaa48cbc3bc24227cb4b6b80a37030aa250dc8b08f3ed7f5917,7,district,district_13,District 13,felony_theft,Felony Theft,last_7_days,count,count,2026,,,0,,0,,not_applicable,,,wilmington-compstat-v2,validated
weekly-2026-08-16-r1,weekly_compstat,2026-08-10,2026-08-16,1,7d23f10cc3e90aaa48cbc3bc24227cb4b6b80a37030aa250dc8b08f3ed7f5917,7,district,district_13,District 13,felony_theft,Felony Theft,last_7_days,count,count,2025,,,0,,0,,not_applicable,,,wilmington-compstat-v2,validated
weekly-2026-08-16-r1,weekly_compstat,2026-08-10,2026-08-16,1,7d23f10cc3e90aaa48cbc3bc24227cb4b6b80a37030aa250dc8b08f3ed7f5917,7,district,district_13,District 13,felony_theft,Felony Theft,last_7_days,percent_change,percent,2026,2025,1,,,*,,undefined_zero_denominator,,undefined_zero_denominator,wilmington-compstat-v2,validated
weekly-2026-08-16-r1,weekly_compstat,2026-08-10,2026-08-16,1,7d23f10cc3e90aaa48cbc3bc24227cb4b6b80a37030aa250dc8b08f3ed7f5917,7,district,district_13,District 13,felony_theft,Felony Theft,last_28_days,count,count,2026,,,0,,0,,not_applicable,,,wilmington-compstat-v2,validated
weekly-2026-08-16-r1,weekly_compstat,2026-08-10,2026-08-16,1,7d23f10cc3e90aaa48cbc3bc24227cb4b6b80a37030aa250dc8b08f3ed7f5917,7,district,district_13,District 13,felony_theft,Felony Theft,last_28_days,count,count,2025,,,0,,0,,not_applicable,,,wilmington-compstat-v2,validated
weekly-2026-08-16-r1,weekly_compstat,2026-08-10,2026-08-16,1,7d23f10cc3e90aaa48cbc3bc24227cb4b6b80a37030aa250dc8b08f3ed7f5917,7,district,district_13,District 13,felony_theft,Felony Theft,last_28_days,percent_change,percent,2026,2025,1,,,*,,undefined_zero_denominator,,undefined_zero_denominator,wilmington-compstat-v2,validated
weekly-2026-08-16-r1,weekly_compstat,2026-08-10,2026-08-16,1,7d23f10cc3e90aaa48cbc3bc24227cb4b6b80a37030aa250dc8b08f3ed7f5917,7,district,district_13,District 13,felony_theft,Felony Theft,year_to_date,count,count,2026,,,15,,15,,not_applicable,,,wilmington-compstat-v2,validated
weekly-2026-08-16-r1,weekly_compstat,2026-08-10,2026-08-16,1,7d23f10cc3e90aaa48cbc3bc24227cb4b6b80a37030aa250dc8b08f3ed7f5917,7,district,district_13,District 13,felony_theft,Felony Theft,year_to_date,count,count,2025,,,11,,11,,not_applicable,,,wilmington-compstat-v2,validated
weekly-2026-08-16-r1,weekly_compstat,2026-08-10,2026-08-16,1,7d23f10cc3e90aaa48cbc3bc24227cb4b6b80a37030aa250dc8b08f3ed7f5917,7,district,district_13,District 13,felony_theft,Felony Theft,year_to_date,percent_change,percent,2026,2025,1,36.0,0.36,36%,36.363636,matched,,,wilmington-compstat-v2,validated
weekly-2026-08-16-r1,weekly_compstat,2026-08-10,2026-08-16,1,7d23f10cc3e90aaa48cbc3bc24227cb4b6b80a37030aa250dc8b08f3ed7f5917,7,district,district_13,District 13,felony_theft,Felony Theft,year_to_date,percent_change,percent,2026,2024,2,114.0,1.14,114%,,not_checkable,,,wilmington-compstat-v2,validated
weekly-2026-08-16-r1,weekly_compstat,2026-08-10,2026-08-16,1,7d23f10cc3e90aaa48cbc3bc24227cb4b6b80a37030aa250dc8b08f3ed7f5917,7,district,district_13,District 13,felony_theft,Felony Theft,year_to_date,percent_change,percent,2026,2023,3,-17.0,-0.17,-17%,,not_checkable,,,wilmington-compstat-v2,validated
weekly-2026-08-16-r1,weekly_compstat,2026-08-10,2026-08-16,1,7d23f10cc3e90aaa48cbc3bc24227cb4b6b80a37030aa250dc8b08f3ed7f5917,7,district,district_13,District 13,felony_theft,Felony Theft,year_to_date,percent_change,percent,2026,2022,4,7.0,0.07,7%,,not_checkable,,,wilmington-compstat-v2,validated
weekly-2026-08-16-r1,weekly_compstat,2026-08-10,2026-08-16,1,7d23f10cc3e90aaa48cbc3bc24227cb4b6b80a37030aa250dc8b08f3ed7f5917,7,district,district_13,District 13,felony_theft,Felony Theft,year_to_date,percent_change,percent,2026,2021,5,67.0,0.67,67%,,not_checkable,,,wilmington-compstat-v2,validated
weekly-2026-08-16-r1,weekly_compstat,2026-08-10,2026-08-16,1,7d23f10cc3e90aaa48cbc3bc24227cb4b6b80a37030aa250dc8b08f3ed7f5917,7,district,district_13,District 13,felony_theft,Felony Theft,year_to_date,percent_change,percent,2026,2020,6,15.0,0.15,15%,,not_checkable,,,wilmington-compstat-v2,validated
weekly-2026-08-16-r1,weekly_compstat,2026-08-10,2026-08-16,1,7d23f10cc3e90aaa48cbc3bc24227cb4b6b80a37030aa250dc8b08f3ed7f5917,7,district,district_13,District 13,auto_theft,Auto Theft,last_7_days,count,count,2026,,,0,,0,,not_applicable,,,wilmington-compstat-v2,validated
weekly-2026-08-16-r1,weekly_compstat,2026-08-10,2026-08-16,1,7d23f10cc3e90aaa48cbc3bc24227cb4b6b80a37030aa250dc8b08f3ed7f5917,7,district,district_13,District 13,auto_theft,Auto Theft,last_7_days,count,count,2025,,,1,,1,,not_applicable,,,wilmington-compstat-v2,validated
weekly-2026-08-16-r1,weekly_compstat,2026-08-10,2026-08-16,1,7d23f10cc3e90aaa48cbc3bc24227cb4b6b80a37030aa250dc8b08f3ed7f5917,7,district,district_13,District 13,auto_theft,Auto Theft,last_7_days,percent_change,percent,2026,2025,1,-100.0,-1.0,-100%,-100.0,matched,,,wilmington-compstat-v2,validated
weekly-2026-08-16-r1,weekly_compstat,2026-08-10,2026-08-16,1,7d23f10cc3e90aaa48cbc3bc24227cb4b6b80a37030aa250dc8b08f3ed7f5917,7,district,district_13,District 13,auto_theft,Auto Theft,last_28_days,count,count,2026,,,5,,5,,not_applicable,,,wilmington-compstat-v2,validated
weekly-2026-08-16-r1,weekly_compstat,2026-08-10,2026-08-16,1,7d23f10cc3e90aaa48cbc3bc24227cb4b6b80a37030aa250dc8b08f3ed7f5917,7,district,district_13,District 13,auto_theft,Auto Theft,last_28_days,count,count,2025,,,3,,3,,not_applicable,,,wilmington-compstat-v2,validated
weekly-2026-08-16-r1,weekly_compstat,2026-08-10,2026-08-16,1,7d23f10cc3e90aaa48cbc3bc24227cb4b6b80a37030aa250dc8b08f3ed7f5917,7,district,district_13,District 13,auto_theft,Auto Theft,last_28_days,percent_change,percent,2026,2025,1,67.0,0.67,67%,66.666667,matched,,,wilmington-compstat-v2,validated
weekly-2026-08-16-r1,weekly_compstat,2026-08-10,2026-08-16,1,7d23f10cc3e90aaa48cbc3bc24227cb4b6b80a37030aa250dc8b08f3ed7f5917,7,district,district_13,District 13,auto_theft,Auto Theft,year_to_date,count,count,2026,,,31,,31,,not_applicable,,,wilmington-compstat-v2,validated
weekly-2026-08-16-r1,weekly_compstat,2026-08-10,2026-08-16,1,7d23f10cc3e90aaa48cbc3bc24227cb4b6b80a37030aa250dc8b08f3ed7f5917,7,district,district_13,District 13,auto_theft,Auto Theft,year_to_date,count,count,2025,,,23,,23,,not_applicable,,,wilmington-compstat-v2,validated
weekly-2026-08-16-r1,weekly_compstat,2026-08-10,2026-08-16,1,7d23f10cc3e90aaa48cbc3bc24227cb4b6b80a37030aa250dc8b08f3ed7f5917,7,district,district_13,District 13,auto_theft,Auto Theft,year_to_date,percent_change,percent,2026,2025,1,35.0,0.35,35%,34.782609,matched,,,wilmington-compstat-v2,validated
weekly-2026-08-16-r1,weekly_compstat,2026-08-10,2026-08-16,1,7d23f10cc3e90aaa48cbc3bc24227cb4b6b80a37030aa250dc8b08f3ed7f5917,7,district,district_13,District 13,auto_theft,Auto Theft,year_to_date,percent_change,percent,2026,2024,2,29.0,0.29,29%,,not_checkable,,,wilmington-compstat-v2,validated
weekly-2026-08-16-r1,weekly_compstat,2026-08-10,2026-08-16,1,7d23f10cc3e90aaa48cbc3bc24227cb4b6b80a37030aa250dc8b08f3ed7f5917,7,district,district_13,District 13,auto_theft,Auto Theft,year_to_date,percent_change,percent,2026,2023,3,7.0,0.07,7%,,not_checkable,,,wilmington-compstat-v2,validated
weekly-2026-08-16-r1,weekly_compstat,2026-08-10,2026-08-16,1,7d23f10cc3e90aaa48cbc3bc24227cb4b6b80a37030aa250dc8b08f3ed7f5917,7,district,district_13,District 13,auto_theft,Auto Theft,year_to_date,percent_change,percent,2026,2022,4,7.0,0.07,7%,,not_checkable,,,wilmington-compstat-v2,validated
weekly-2026-08-16-r1,weekly_compstat,2026-08-10,2026-08-16,1,7d23f10cc3e90aaa48cbc3bc24227cb4b6b80a37030aa250dc8b08f3ed7f5917,7,district,district_13,District 13,auto_theft,Auto Theft,year_to_date,percent_change,percent,2026,2021,5,24.0,0.24,24%,,not_checkable,,,wilmington-compstat-v2,validated
weekly-2026-08-16-r1,weekly_compstat,2026-08-10,2026-08-16,1,7d23f10cc3e90aaa48cbc3bc24227cb4b6b80a37030aa250dc8b08f3ed7f5917,7,district,district_13,District 13,auto_theft,Auto Theft,year_to_date,percent_change,percent,2026,2020,6,41.0,0.41,41%,,not_checkable,,,wilmington-compstat-v2,validated
weekly-2026-08-16-r1,weekly_compstat,2026-08-10,2026-08-16,1,7d23f10cc3e90aaa48cbc3bc24227cb4b6b80a37030aa250dc8b08f3ed7f5917,7,district,district_13,District 13,major_crime_total,TOTAL,last_7_days,count,count,2026,,,0,,0,,not_applicable,,,wilmington-compstat-v2,validated
weekly-2026-08-16-r1,weekly_compstat,2026-08-10,2026-08-16,1,7d23f10cc3e90aaa48cbc3bc24227cb4b6b80a37030aa250dc8b08f3ed7f5917,7,district,district_13,District 13,major_crime_total,TOTAL,last_7_days,count,count,2025,,,2,,2,,not_applicable,,,wilmington-compstat-v2,validated
weekly-2026-08-16-r1,weekly_compstat,2026-08-10,2026-08-16,1,7d23f10cc3e90aaa48cbc3bc24227cb4b6b80a37030aa250dc8b08f3ed7f5917,7,district,district_13,District 13,major_crime_total,TOTAL,last_7_days,percent_change,percent,2026,2025,1,-100.0,-1.0,-100%,-100.0,matched,,,wilmington-compstat-v2,validated
weekly-2026-08-16-r1,weekly_compstat,2026-08-10,2026-08-16,1,7d23f10cc3e90aaa48cbc3bc24227cb4b6b80a37030aa250dc8b08f3ed7f5917,7,district,district_13,District 13,major_crime_total,TOTAL,last_28_days,count,count,2026,,,13,,13,,not_applicable,,,wilmington-compstat-v2,validated
weekly-2026-08-16-r1,weekly_compstat,2026-08-10,2026-08-16,1,7d23f10cc3e90aaa48cbc3bc24227cb4b6b80a37030aa250dc8b08f3ed7f5917,7,district,district_13,District 13,major_crime_total,TOTAL,last_28_days,count,count,2025,,,8,,8,,not_applicable,,,wilmington-compstat-v2,validated
weekly-2026-08-16-r1,weekly_compstat,2026-08-10,2026-08-16,1,7d23f10cc3e90aaa48cbc3bc24227cb4b6b80a37030aa250dc8b08f3ed7f5917,7,district,district_13,District 13,major_crime_total,TOTAL,last_28_days,percent_change,percent,2026,2025,1,63.0,0.63,63%,62.5,matched,,,wilmington-compstat-v2,validated
weekly-2026-08-16-r1,weekly_compstat,2026-08-10,2026-08-16,1,7d23f10cc3e90aaa48cbc3bc24227cb4b6b80a37030aa250dc8b08f3ed7f5917,7,district,district_13,District 13,major_crime_total,TOTAL,year_to_date,count,count,2026,,,108,,108,,not_applicable,,,wilmington-compstat-v2,validated
weekly-2026-08-16-r1,weekly_compstat,2026-08-10,2026-08-16,1,7d23f10cc3e90aaa48cbc3bc24227cb4b6b80a37030aa250dc8b08f3ed7f5917,7,district,district_13,District 13,major_crime_total,TOTAL,year_to_date,count,count,2025,,,95,,95,,not_applicable,,,wilmington-compstat-v2,validated
weekly-2026-08-16-r1,weekly_compstat,2026-08-10,2026-08-16,1,7d23f10cc3e90aaa48cbc3bc24227cb4b6b80a37030aa250dc8b08f3ed7f5917,7,district,district_13,District 13,major_crime_total,TOTAL,year_to_date,percent_change,percent,2026,2025,1,14.0,0.14,14%,13.684211,matched,,,wilmington-compstat-v2,validated
weekly-2026-08-16-r1,weekly_compstat,2026-08-10,2026-08-16,1,7d23f10cc3e90aaa48cbc3bc24227cb4b6b80a37030aa250dc8b08f3ed7f5917,7,district,district_13,District 13,major_crime_total,TOTAL,year_to_date,percent_change,percent,2026,2024,2,35.0,0.35,35%,,not_checkable,,,wilmington-compstat-v2,validated
weekly-2026-08-16-r1,weekly_compstat,2026-08-10,2026-08-16,1,7d23f10cc3e90aaa48cbc3bc24227cb4b6b80a37030aa250dc8b08f3ed7f5917,7,district,district_13,District 13,major_crime_total,TOTAL,year_to_date,percent_change,percent,2026,2023,3,14.0,0.14,14%,,not_checkable,,,wilmington-compstat-v2,validated
weekly-2026-08-16-r1,weekly_compstat,2026-08-10,2026-08-16,1,7d23f10cc3e90aaa48cbc3bc24227cb4b6b80a37030aa250dc8b08f3ed7f5917,7,district,district_13,District 13,major_crime_total,TOTAL,year_to_date,percent_change,percent,2026,2022,4,7.0,0.07,7%,,not_checkable,,,wilmington-compstat-v2,validated
weekly-2026-08-16-r1,weekly_compstat,2026-08-10,2026-08-16,1,7d23f10cc3e90aaa48cbc3bc24227cb4b6b80a37030aa250dc8b08f3ed7f5917,7,district,district_13,District 13,major_crime_total,TOTAL,year_to_date,percent_change,percent,2026,2021,5,0.0,0.0,0%,,not_checkable,,,wilmington-compstat-v2,validated
weekly-2026-08-16-r1,weekly_compstat,2026-08-10,2026-08-16,1,7d23f10cc3e90aaa48cbc3bc24227cb4b6b80a37030aa250dc8b08f3ed7f5917,7,district,district_13,District 13,major_crime_total,TOTAL,year_to_date,percent_change,percent,2026,2020,6,-11.0,-0.11,-11%,,not_checkable,,,wilmington-compstat-v2,validated
weekly-2026-08-16-r1,weekly_compstat,2026-08-10,2026-08-16,1,7d23f10cc3e90aaa48cbc3bc24227cb4b6b80a37030aa250dc8b08f3ed7f5917,7,district,district_13,District 13,shooting_incidents,Shooting Incidents,last_7_days,count,count,2026,,,0,,0,,not_applicable,,,wilmington-compstat-v2,validated
weekly-2026-08-16-r1,weekly_compstat,2026-08-10,2026-08-16,1,7d23f10cc3e90aaa48cbc3bc24227cb4b6b80a37030aa250dc8b08f3ed7f5917,7,district,district_13,District 13,shooting_incidents,Shooting Incidents,last_7_days,count,count,2025,,,0,,0,,not_applicable,,,wilmington-compstat-v2,validated
weekly-2026-08-16-r1,weekly_compstat,2026-08-10,2026-08-16,1,7d23f10cc3e90aaa48cbc3bc24227cb4b6b80a37030aa250dc8b08f3ed7f5917,7,district,district_13,District 13,shooting_incidents,Shooting Incidents,last_7_days,percent_change,percent,2026,2025,1,,,*,,undefined_zero_denominator,,undefined_zero_denominator,wilmington-compstat-v2,validated
weekly-2026-08-16-r1,weekly_compstat,2026-08-10,2026-08-16,1,7d23f10cc3e90aaa48cbc3bc24227cb4b6b80a37030aa250dc8b08f3ed7f5917,7,district,district_13,District 13,shooting_incidents,Shooting Incidents,last_28_days,count,count,2026,,,1,,1,,not_applicable,,,wilmington-compstat-v2,validated
weekly-2026-08-16-r1,weekly_compstat,2026-08-10,2026-08-16,1,7d23f10cc3e90aaa48cbc3bc24227cb4b6b80a37030aa250dc8b08f3ed7f5917,7,district,district_13,District 13,shooting_incidents,Shooting Incidents,last_28_days,count,count,2025,,,0,,0,,not_applicable,,,wilmington-compstat-v2,validated
weekly-2026-08-16-r1,weekly_compstat,2026-08-10,2026-08-16,1,7d23f10cc3e90aaa48cbc3bc24227cb4b6b80a37030aa250dc8b08f3ed7f5917,7,district,district_13,District 13,shooting_incidents,Shooting Incidents,last_28_days,percent_change,percent,2026,2025,1,,,*,,undefined_zero_denominator,,undefined_zero_denominator,wilmington-compstat-v2,validated
weekly-2026-08-16-r1,weekly_compstat,2026-08-10,2026-08-16,1,7d23f10cc3e90aaa48cbc3bc24227cb4b6b80a37030aa250dc8b08f3ed7f5917,7,district,district_13,District 13,shooting_incidents,Shooting Incidents,year_to_date,count,count,2026,,,7,,7,,not_applicable,,,wilmington-compstat-v2,validated
weekly-2026-08-16-r1,weekly_compstat,2026-08-10,2026-08-16,1,7d23f10cc3e90aaa48cbc3bc24227cb4b6b80a37030aa250dc8b08f3ed7f5917,7,district,district_13,District 13,shooting_incidents,Shooting Incidents,year_to_date,count,count,2025,,,6,,6,,not_applicable,,,wilmington-compstat-v2,validated
weekly-2026-08-16-r1,weekly_compstat,2026-08-10,2026-08-16,1,7d23f10cc3e90aaa48cbc3bc24227cb4b6b80a37030aa250dc8b08f3ed7f5917,7,district,district_13,District 13,shooting_incidents,Shooting Incidents,year_to_date,percent_change,percent,2026,2025,1,17.0,0.17,17%,16.666667,matched,,,wilmington-compstat-v2,validated
weekly-2026-08-16-r1,weekly_compstat,2026-08-10,2026-08-16,1,7d23f10cc3e90aaa48cbc3bc24227cb4b6b80a37030aa250dc8b08f3ed7f5917,7,district,district_13,District 13,shooting_incidents,Shooting Incidents,year_to_date,percent_change,percent,2026,2024,2,-30.0,-0.3,-30%,,not_checkable,,,wilmington-compstat-v2,validated
weekly-2026-08-16-r1,weekly_compstat,2026-08-10,2026-08-16,1,7d23f10cc3e90aaa48cbc3bc24227cb4b6b80a37030aa250dc8b08f3ed7f5917,7,district,district_13,District 13,shooting_incidents,Shooting Incidents,year_to_date,percent_change,percent,2026,2023,3,-36.0,-0.36,-36%,,not_checkable,,,wilmington-compstat-v2,validated
weekly-2026-08-16-r1,weekly_compstat,2026-08-10,2026-08-16,1,7d23f10cc3e90aaa48cbc3bc24227cb4b6b80a37030aa250dc8b08f3ed7f5917,7,district,district_13,District 13,shooting_incidents,Shooting Incidents,year_to_date,percent_change,percent,2026,2022,4,-50.0,-0.5,-50%,,not_checkable,,,wilmington-compstat-v2,validated
weekly-2026-08-16-r1,weekly_compstat,2026-08-10,2026-08-16,1,7d23f10cc3e90aaa48cbc3bc24227cb4b6b80a37030aa250dc8b08f3ed7f5917,7,district,district_13,District 13,shooting_incidents,Shooting Incidents,year_to_date,percent_change,percent,2026,2021,5,-22.0,-0.22,-22%,,not_checkable,,,wilmington-compstat-v2,validated
weekly-2026-08-16-r1,weekly_compstat,2026-08-10,2026-08-16,1,7d23f10cc3e90aaa48cbc3bc24227cb4b6b80a37030aa250dc8b08f3ed7f5917,7,district,district_13,District 13,shooting_incidents,Shooting Incidents,year_to_date,percent_change,percent,2026,2020,6,-50.0,-0.5,-50%,,not_checkable,,,wilmington-compstat-v2,validated
weekly-2026-08-16-r1,weekly_compstat,2026-08-10,2026-08-16,1,7d23f10cc3e90aaa48cbc3bc24227cb4b6b80a37030aa250dc8b08f3ed7f5917,7,district,district_13,District 13,shooting_victims,Shooting Victims,last_7_days,count,count,2026,,,0,,0,,not_applicable,,,wilmington-compstat-v2,validated
weekly-2026-08-16-r1,weekly_compstat,2026-08-10,2026-08-16,1,7d23f10cc3e90aaa48cbc3bc24227cb4b6b80a37030aa250dc8b08f3ed7f5917,7,district,district_13,District 13,shooting_victims,Shooting Victims,last_7_days,count,count,2025,,,0,,0,,not_applicable,,,wilmington-compstat-v2,validated
weekly-2026-08-16-r1,weekly_compstat,2026-08-10,2026-08-16,1,7d23f10cc3e90aaa48cbc3bc24227cb4b6b80a37030aa250dc8b08f3ed7f5917,7,district,district_13,District 13,shooting_victims,Shooting Victims,last_7_days,percent_change,percent,2026,2025,1,,,*,,undefined_zero_denominator,,undefined_zero_denominator,wilmington-compstat-v2,validated
weekly-2026-08-16-r1,weekly_compstat,2026-08-10,2026-08-16,1,7d23f10cc3e90aaa48cbc3bc24227cb4b6b80a37030aa250dc8b08f3ed7f5917,7,district,district_13,District 13,shooting_victims,Shooting Victims,last_28_days,count,count,2026,,,1,,1,,not_applicable,,,wilmington-compstat-v2,validated
weekly-2026-08-16-r1,weekly_compstat,2026-08-10,2026-08-16,1,7d23f10cc3e90aaa48cbc3bc24227cb4b6b80a37030aa250dc8b08f3ed7f5917,7,district,district_13,District 13,shooting_victims,Shooting Victims,last_28_days,count,count,2025,,,0,,0,,not_applicable,,,wilmington-compstat-v2,validated
weekly-2026-08-16-r1,weekly_compstat,2026-08-10,2026-08-16,1,7d23f10cc3e90aaa48cbc3bc24227cb4b6b80a37030aa250dc8b08f3ed7f5917,7,district,district_13,District 13,shooting_victims,Shooting Victims,last_28_days,percent_change,percent,2026,2025,1,,,*,,undefined_zero_denominator,,undefined_zero_denominator,wilmington-compstat-v2,validated
weekly-2026-08-16-r1,weekly_compstat,2026-08-10,2026-08-16,1,7d23f10cc3e90aaa48cbc3bc24227cb4b6b80a37030aa250dc8b08f3ed7f5917,7,district,district_13,District 13,shooting_victims,Shooting Victims,year_to_date,count,count,2026,,,9,,9,,not_applicable,,,wilmington-compstat-v2,validated
weekly-2026-08-16-r1,weekly_compstat,2026-08-10,2026-08-16,1,7d23f10cc3e90aaa48cbc3bc24227cb4b6b80a37030aa250dc8b08f3ed7f5917,7,district,district_13,District 13,shooting_victims,Shooting Victims,year_to_date,count,count,2025,,,9,,9,,not_applicable,,,wilmington-compstat-v2,validated
weekly-2026-08-16-r1,weekly_compstat,2026-08-10,2026-08-16,1,7d23f10cc3e90aaa48cbc3bc24227cb4b6b80a37030aa250dc8b08f3ed7f5917,7,district,district_13,District 13,shooting_victims,Shooting Victims,year_to_date,percent_change,percent,2026,2025,1,0.0,0.0,0%,0.0,matched,,,wilmington-compstat-v2,validated
weekly-2026-08-16-r1,weekly_compstat,2026-08-10,2026-08-16,1,7d23f10cc3e90aaa48cbc3bc24227cb4b6b80a37030aa250dc8b08f3ed7f5917,7,district,district_13,District 13,shooting_victims,Shooting Victims,year_to_date,percent_change,percent,2026,2024,2,-25.0,-0.25,-25%,,not_checkable,,,wilmington-compstat-v2,validated
weekly-2026-08-16-r1,weekly_compstat,2026-08-10,2026-08-16,1,7d23f10cc3e90aaa48cbc3bc24227cb4b6b80a37030aa250dc8b08f3ed7f5917,7,district,district_13,District 13,shooting_victims,Shooting Victims,year_to_date,percent_change,percent,2026,2023,3,-40.0,-0.4,-40%,,not_checkable,,,wilmington-compstat-v2,validated
weekly-2026-08-16-r1,weekly_compstat,2026-08-10,2026-08-16,1,7d23f10cc3e90aaa48cbc3bc24227cb4b6b80a37030aa250dc8b08f3ed7f5917,7,district,district_13,District 13,shooting_victims,Shooting Victims,year_to_date,percent_change,percent,2026,2022,4,-47.0,-0.47,-47%,,not_checkable,,,wilmington-compstat-v2,validated
weekly-2026-08-16-r1,weekly_compstat,2026-08-10,2026-08-16,1,7d23f10cc3e90aaa48cbc3bc24227cb4b6b80a37030aa250dc8b08f3ed7f5917,7,district,district_13,District 13,shooting_victims,Shooting Victims,year_to_date,percent_change,percent,2026,2021,5,-36.0,-0.36,-36%,,not_checkable,,,wilmington-compstat-v2,validated
weekly-2026-08-16-r1,weekly_compstat,2026-08-10,2026-08-16,1,7d23f10cc3e90aaa48cbc3bc24227cb4b6b80a37030aa250dc8b08f3ed7f5917,7,district,district_13,District 13,shooting_victims,Shooting Victims,year_to_date,percent_change,percent,2026,2020,6,-53.0,-0.53,-53%,,not_checkable,,,wilmington-compstat-v2,validated
weekly-2026-08-16-r1,weekly_compstat,2026-08-10,2026-08-16,1,7d23f10cc3e90aaa48cbc3bc24227cb4b6b80a37030aa250dc8b08f3ed7f5917,7,district,district_13,District 13,juvenile_shooting_incidents,*Juv Shooting Incidents,last_7_days,count,count,2026,,,0,,0,,not_applicable,,,wilmington-compstat-v2,validated
weekly-2026-08-16-r1,weekly_compstat,2026-08-10,2026-08-16,1,7d23f10cc3e90aaa48cbc3bc24227cb4b6b80a37030aa250dc8b08f3ed7f5917,7,district,district_13,District 13,juvenile_shooting_incidents,*Juv Shooting Incidents,last_7_days,count,count,2025,,,0,,0,,not_applicable,,,wilmington-compstat-v2,validated
weekly-2026-08-16-r1,weekly_compstat,2026-08-10,2026-08-16,1,7d23f10cc3e90aaa48cbc3bc24227cb4b6b80a37030aa250dc8b08f3ed7f5917,7,district,district_13,District 13,juvenile_shooting_incidents,*Juv Shooting Incidents,last_7_days,percent_change,percent,2026,2025,1,,,*,,undefined_zero_denominator,,undefined_zero_denominator,wilmington-compstat-v2,validated
weekly-2026-08-16-r1,weekly_compstat,2026-08-10,2026-08-16,1,7d23f10cc3e90aaa48cbc3bc24227cb4b6b80a37030aa250dc8b08f3ed7f5917,7,district,district_13,District 13,juvenile_shooting_incidents,*Juv Shooting Incidents,last_28_days,count,count,2026,,,0,,0,,not_applicable,,,wilmington-compstat-v2,validated
weekly-2026-08-16-r1,weekly_compstat,2026-08-10,2026-08-16,1,7d23f10cc3e90aaa48cbc3bc24227cb4b6b80a37030aa250dc8b08f3ed7f5917,7,district,district_13,District 13,juvenile_shooting_incidents,*Juv Shooting Incidents,last_28_days,count,count,2025,,,0,,0,,not_applicable,,,wilmington-compstat-v2,validated
weekly-2026-08-16-r1,weekly_compstat,2026-08-10,2026-08-16,1,7d23f10cc3e90aaa48cbc3bc24227cb4b6b80a37030aa250dc8b08f3ed7f5917,7,district,district_13,District 13,juvenile_shooting_incidents,*Juv Shooting Incidents,last_28_days,percent_change,percent,2026,2025,1,,,*,,undefined_zero_denominator,,undefined_zero_denominator,wilmington-compstat-v2,validated
weekly-2026-08-16-r1,weekly_compstat,2026-08-10,2026-08-16,1,7d23f10cc3e90aaa48cbc3bc24227cb4b6b80a37030aa250dc8b08f3ed7f5917,7,district,district_13,District 13,juvenile_shooting_incidents,*Juv Shooting Incidents,year_to_date,count,count,2026,,,2,,2,,not_applicable,,,wilmington-compstat-v2,validated
weekly-2026-08-16-r1,weekly_compstat,2026-08-10,2026-08-16,1,7d23f10cc3e90aaa48cbc3bc24227cb4b6b80a37030aa250dc8b08f3ed7f5917,7,district,district_13,District 13,juvenile_shooting_incidents,*Juv Shooting Incidents,year_to_date,count,count,2025,,,1,,1,,not_applicable,,,wilmington-compstat-v2,validated
weekly-2026-08-16-r1,weekly_compstat,2026-08-10,2026-08-16,1,7d23f10cc3e90aaa48cbc3bc24227cb4b6b80a37030aa250dc8b08f3ed7f5917,7,district,district_13,District 13,juvenile_shooting_incidents,*Juv Shooting Incidents,year_to_date,percent_change,percent,2026,2025,1,100.0,1.0,100%,100.0,matched,,,wilmington-compstat-v2,validated
weekly-2026-08-16-r1,weekly_compstat,2026-08-10,2026-08-16,1,7d23f10cc3e90aaa48cbc3bc24227cb4b6b80a37030aa250dc8b08f3ed7f5917,7,district,district_13,District 13,juvenile_shooting_incidents,*Juv Shooting Incidents,year_to_date,percent_change,percent,2026,2024,2,0.0,0.0,0%,,not_checkable,,,wilmington-compstat-v2,validated
weekly-2026-08-16-r1,weekly_compstat,2026-08-10,2026-08-16,1,7d23f10cc3e90aaa48cbc3bc24227cb4b6b80a37030aa250dc8b08f3ed7f5917,7,district,district_13,District 13,juvenile_shooting_incidents,*Juv Shooting Incidents,year_to_date,percent_change,percent,2026,2023,3,100.0,1.0,100%,,not_checkable,,,wilmington-compstat-v2,validated
weekly-2026-08-16-r1,weekly_compstat,2026-08-10,2026-08-16,1,7d23f10cc3e90aaa48cbc3bc24227cb4b6b80a37030aa250dc8b08f3ed7f5917,7,district,district_13,District 13,juvenile_shooting_incidents,*Juv Shooting Incidents,year_to_date,percent_change,percent,2026,2022,4,0.0,0.0,0%,,not_checkable,,,wilmington-compstat-v2,validated
weekly-2026-08-16-r1,weekly_compstat,2026-08-10,2026-08-16,1,7d23f10cc3e90aaa48cbc3bc24227cb4b6b80a37030aa250dc8b08f3ed7f5917,7,district,district_13,District 13,juvenile_shooting_incidents,*Juv Shooting Incidents,year_to_date,percent_change,percent,2026,2021,5,,,*,,not_checkable,,undefined_zero_denominator,wilmington-compstat-v2,validated
weekly-2026-08-16-r1,weekly_compstat,2026-08-10,2026-08-16,1,7d23f10cc3e90aaa48cbc3bc24227cb4b6b80a37030aa250dc8b08f3ed7f5917,7,district,district_13,District 13,juvenile_shooting_incidents,*Juv Shooting Incidents,year_to_date,percent_change,percent,2026,2020,6,,,*,,not_checkable,,undefined_zero_denominator,wilmington-compstat-v2,validated
weekly-2026-08-16-r1,weekly_compstat,2026-08-10,2026-08-16,1,7d23f10cc3e90aaa48cbc3bc24227cb4b6b80a37030aa250dc8b08f3ed7f5917,7,district,district_13,District 13,juvenile_shooting_victims,*Juv Shooting Victims,last_7_days,count,count,2026,,,0,,0,,not_applicable,,,wilmington-compstat-v2,validated
weekly-2026-08-16-r1,weekly_compstat,2026-08-10,2026-08-16,1,7d23f10cc3e90aaa48cbc3bc24227cb4b6b80a37030aa250dc8b08f3ed7f5917,7,district,district_13,District 13,juvenile_shooting_victims,*Juv Shooting Victims,last_7_days,count,count,2025,,,0,,0,,not_applicable,,,wilmington-compstat-v2,validated
weekly-2026-08-16-r1,weekly_compstat,2026-08-10,2026-08-16,1,7d23f10cc3e90aaa48cbc3bc24227cb4b6b80a37030aa250dc8b08f3ed7f5917,7,district,district_13,District 13,juvenile_shooting_victims,*Juv Shooting Victims,last_7_days,percent_change,percent,2026,2025,1,,,*,,undefined_zero_denominator,,undefined_zero_denominator,wilmington-compstat-v2,validated
weekly-2026-08-16-r1,weekly_compstat,2026-08-10,2026-08-16,1,7d23f10cc3e90aaa48cbc3bc24227cb4b6b80a37030aa250dc8b08f3ed7f5917,7,district,district_13,District 13,juvenile_shooting_victims,*Juv Shooting Victims,last_28_days,count,count,2026,,,0,,0,,not_applicable,,,wilmington-compstat-v2,validated
weekly-2026-08-16-r1,weekly_compstat,2026-08-10,2026-08-16,1,7d23f10cc3e90aaa48cbc3bc24227cb4b6b80a37030aa250dc8b08f3ed7f5917,7,district,district_13,District 13,juvenile_shooting_victims,*Juv Shooting Victims,last_28_days,count,count,2025,,,0,,0,,not_applicable,,,wilmington-compstat-v2,validated
weekly-2026-08-16-r1,weekly_compstat,2026-08-10,2026-08-16,1,7d23f10cc3e90aaa48cbc3bc24227cb4b6b80a37030aa250dc8b08f3ed7f5917,7,district,district_13,District 13,juvenile_shooting_victims,*Juv Shooting Victims,last_28_days,percent_change,percent,2026,2025,1,,,*,,undefined_zero_denominator,,undefined_zero_denominator,wilmington-compstat-v2,validated
weekly-2026-08-16-r1,weekly_compstat,2026-08-10,2026-08-16,1,7d23f10cc3e90aaa48cbc3bc24227cb4b6b80a37030aa250dc8b08f3ed7f5917,7,district,district_13,District 13,juvenile_shooting_victims,*Juv Shooting Victims,year_to_date,count,count,2026,,,2,,2,,not_applicable,,,wilmington-compstat-v2,validated
weekly-2026-08-16-r1,weekly_compstat,2026-08-10,2026-08-16,1,7d23f10cc3e90aaa48cbc3bc24227cb4b6b80a37030aa250dc8b08f3ed7f5917,7,district,district_13,District 13,juvenile_shooting_victims,*Juv Shooting Victims,year_to_date,count,count,2025,,,1,,1,,not_applicable,,,wilmington-compstat-v2,validated
weekly-2026-08-16-r1,weekly_compstat,2026-08-10,2026-08-16,1,7d23f10cc3e90aaa48cbc3bc24227cb4b6b80a37030aa250dc8b08f3ed7f5917,7,district,district_13,District 13,juvenile_shooting_victims,*Juv Shooting Victims,year_to_date,percent_change,percent,2026,2025,1,100.0,1.0,100%,100.0,matched,,,wilmington-compstat-v2,validated
weekly-2026-08-16-r1,weekly_compstat,2026-08-10,2026-08-16,1,7d23f10cc3e90aaa48cbc3bc24227cb4b6b80a37030aa250dc8b08f3ed7f5917,7,district,district_13,District 13,juvenile_shooting_victims,*Juv Shooting Victims,year_to_date,percent_change,percent,2026,2024,2,0.0,0.0,0%,,not_checkable,,,wilmington-compstat-v2,validated
weekly-2026-08-16-r1,weekly_compstat,2026-08-10,2026-08-16,1,7d23f10cc3e90aaa48cbc3bc24227cb4b6b80a37030aa250dc8b08f3ed7f5917,7,district,district_13,District 13,juvenile_shooting_victims,*Juv Shooting Victims,year_to_date,percent_change,percent,2026,2023,3,100.0,1.0,100%,,not_checkable,,,wilmington-compstat-v2,validated
weekly-2026-08-16-r1,weekly_compstat,2026-08-10,2026-08-16,1,7d23f10cc3e90aaa48cbc3bc24227cb4b6b80a37030aa250dc8b08f3ed7f5917,7,district,district_13,District 13,juvenile_shooting_victims,*Juv Shooting Victims,year_to_date,percent_change,percent,2026,2022,4,-33.0,-0.33,-33%,,not_checkable,,,wilmington-compstat-v2,validated
weekly-2026-08-16-r1,weekly_compstat,2026-08-10,2026-08-16,1,7d23f10cc3e90aaa48cbc3bc24227cb4b6b80a37030aa250dc8b08f3ed7f5917,7,district,district_13,District 13,juvenile_shooting_victims,*Juv Shooting Victims,year_to_date,percent_change,percent,2026,2021,5,,,*,,not_checkable,,undefined_zero_denominator,wilmington-compstat-v2,validated
weekly-2026-08-16-r1,weekly_compstat,2026-08-10,2026-08-16,1,7d23f10cc3e90aaa48cbc3bc24227cb4b6b80a37030aa250dc8b08f3ed7f5917,7,district,district_13,District 13,juvenile_shooting_victims,*Juv Shooting Victims,year_to_date,percent_change,percent,2026,2020,6,,,*,,not_checkable,,undefined_zero_denominator,wilmington-compstat-v2,validated
weekly-2026-08-16-r1,weekly_compstat,2026-08-10,2026-08-16,1,7d23f10cc3e90aaa48cbc3bc24227cb4b6b80a37030aa250dc8b08f3ed7f5917,7,district,district_13,District 13,misdemeanor_theft,Theft (Misdemeanor),last_7_days,count,count,2026,,,1,,1,,not_applicable,,,wilmington-compstat-v2,validated
weekly-2026-08-16-r1,weekly_compstat,2026-08-10,2026-08-16,1,7d23f10cc3e90aaa48cbc3bc24227cb4b6b80a37030aa250dc8b08f3ed7f5917,7,district,district_13,District 13,misdemeanor_theft,Theft (Misdemeanor),last_7_days,count,count,2025,,,1,,1,,not_applicable,,,wilmington-compstat-v2,validated
weekly-2026-08-16-r1,weekly_compstat,2026-08-10,2026-08-16,1,7d23f10cc3e90aaa48cbc3bc24227cb4b6b80a37030aa250dc8b08f3ed7f5917,7,district,district_13,District 13,misdemeanor_theft,Theft (Misdemeanor),last_7_days,percent_change,percent,2026,2025,1,0.0,0.0,0%,0.0,matched,,,wilmington-compstat-v2,validated
weekly-2026-08-16-r1,weekly_compstat,2026-08-10,2026-08-16,1,7d23f10cc3e90aaa48cbc3bc24227cb4b6b80a37030aa250dc8b08f3ed7f5917,7,district,district_13,District 13,misdemeanor_theft,Theft (Misdemeanor),last_28_days,count,count,2026,,,10,,10,,not_applicable,,,wilmington-compstat-v2,validated
weekly-2026-08-16-r1,weekly_compstat,2026-08-10,2026-08-16,1,7d23f10cc3e90aaa48cbc3bc24227cb4b6b80a37030aa250dc8b08f3ed7f5917,7,district,district_13,District 13,misdemeanor_theft,Theft (Misdemeanor),last_28_days,count,count,2025,,,5,,5,,not_applicable,,,wilmington-compstat-v2,validated
weekly-2026-08-16-r1,weekly_compstat,2026-08-10,2026-08-16,1,7d23f10cc3e90aaa48cbc3bc24227cb4b6b80a37030aa250dc8b08f3ed7f5917,7,district,district_13,District 13,misdemeanor_theft,Theft (Misdemeanor),last_28_days,percent_change,percent,2026,2025,1,100.0,1.0,100%,100.0,matched,,,wilmington-compstat-v2,validated
weekly-2026-08-16-r1,weekly_compstat,2026-08-10,2026-08-16,1,7d23f10cc3e90aaa48cbc3bc24227cb4b6b80a37030aa250dc8b08f3ed7f5917,7,district,district_13,District 13,misdemeanor_theft,Theft (Misdemeanor),year_to_date,count,count,2026,,,53,,53,,not_applicable,,,wilmington-compstat-v2,validated
weekly-2026-08-16-r1,weekly_compstat,2026-08-10,2026-08-16,1,7d23f10cc3e90aaa48cbc3bc24227cb4b6b80a37030aa250dc8b08f3ed7f5917,7,district,district_13,District 13,misdemeanor_theft,Theft (Misdemeanor),year_to_date,count,count,2025,,,47,,47,,not_applicable,,,wilmington-compstat-v2,validated
weekly-2026-08-16-r1,weekly_compstat,2026-08-10,2026-08-16,1,7d23f10cc3e90aaa48cbc3bc24227cb4b6b80a37030aa250dc8b08f3ed7f5917,7,district,district_13,District 13,misdemeanor_theft,Theft (Misdemeanor),year_to_date,percent_change,percent,2026,2025,1,13.0,0.13,13%,12.765957,matched,,,wilmington-compstat-v2,validated
weekly-2026-08-16-r1,weekly_compstat,2026-08-10,2026-08-16,1,7d23f10cc3e90aaa48cbc3bc24227cb4b6b80a37030aa250dc8b08f3ed7f5917,7,district,district_13,District 13,misdemeanor_theft,Theft (Misdemeanor),year_to_date,percent_change,percent,2026,2024,2,36.0,0.36,36%,,not_checkable,,,wilmington-compstat-v2,validated
weekly-2026-08-16-r1,weekly_compstat,2026-08-10,2026-08-16,1,7d23f10cc3e90aaa48cbc3bc24227cb4b6b80a37030aa250dc8b08f3ed7f5917,7,district,district_13,District 13,misdemeanor_theft,Theft (Misdemeanor),year_to_date,percent_change,percent,2026,2023,3,43.0,0.43,43%,,not_checkable,,,wilmington-compstat-v2,validated
weekly-2026-08-16-r1,weekly_compstat,2026-08-10,2026-08-16,1,7d23f10cc3e90aaa48cbc3bc24227cb4b6b80a37030aa250dc8b08f3ed7f5917,7,district,district_13,District 13,misdemeanor_theft,Theft (Misdemeanor),year_to_date,percent_change,percent,2026,2022,4,29.0,0.29,29%,,not_checkable,,,wilmington-compstat-v2,validated
weekly-2026-08-16-r1,weekly_compstat,2026-08-10,2026-08-16,1,7d23f10cc3e90aaa48cbc3bc24227cb4b6b80a37030aa250dc8b08f3ed7f5917,7,district,district_13,District 13,misdemeanor_theft,Theft (Misdemeanor),year_to_date,percent_change,percent,2026,2021,5,10.0,0.1,10%,,not_checkable,,,wilmington-compstat-v2,validated
weekly-2026-08-16-r1,weekly_compstat,2026-08-10,2026-08-16,1,7d23f10cc3e90aaa48cbc3bc24227cb4b6b80a37030aa250dc8b08f3ed7f5917,7,district,district_13,District 13,misdemeanor_theft,Theft (Misdemeanor),year_to_date,percent_change,percent,2026,2020,6,10.0,0.1,10%,,not_checkable,,,wilmington-compstat-v2,validated
weekly-2026-08-16-r1,weekly_compstat,2026-08-10,2026-08-16,1,7d23f10cc3e90aaa48cbc3bc24227cb4b6b80a37030aa250dc8b08f3ed7f5917,9,district,district_14,District 14,murder,Murder,last_7_days,count,count,2026,,,0,,0,,not_applicable,,,wilmington-compstat-v2,validated
weekly-2026-08-16-r1,weekly_compstat,2026-08-10,2026-08-16,1,7d23f10cc3e90aaa48cbc3bc24227cb4b6b80a37030aa250dc8b08f3ed7f5917,9,district,district_14,District 14,murder,Murder,last_7_days,count,count,2025,,,0,,0,,not_applicable,,,wilmington-compstat-v2,validated
weekly-2026-08-16-r1,weekly_compstat,2026-08-10,2026-08-16,1,7d23f10cc3e90aaa48cbc3bc24227cb4b6b80a37030aa250dc8b08f3ed7f5917,9,district,district_14,District 14,murder,Murder,last_7_days,percent_change,percent,2026,2025,1,,,*,,undefined_zero_denominator,,undefined_zero_denominator,wilmington-compstat-v2,validated
weekly-2026-08-16-r1,weekly_compstat,2026-08-10,2026-08-16,1,7d23f10cc3e90aaa48cbc3bc24227cb4b6b80a37030aa250dc8b08f3ed7f5917,9,district,district_14,District 14,murder,Murder,last_28_days,count,count,2026,,,0,,0,,not_applicable,,,wilmington-compstat-v2,validated
weekly-2026-08-16-r1,weekly_compstat,2026-08-10,2026-08-16,1,7d23f10cc3e90aaa48cbc3bc24227cb4b6b80a37030aa250dc8b08f3ed7f5917,9,district,district_14,District 14,murder,Murder,last_28_days,count,count,2025,,,0,,0,,not_applicable,,,wilmington-compstat-v2,validated
weekly-2026-08-16-r1,weekly_compstat,2026-08-10,2026-08-16,1,7d23f10cc3e90aaa48cbc3bc24227cb4b6b80a37030aa250dc8b08f3ed7f5917,9,district,district_14,District 14,murder,Murder,last_28_days,percent_change,percent,2026,2025,1,,,*,,undefined_zero_denominator,,undefined_zero_denominator,wilmington-compstat-v2,validated
weekly-2026-08-16-r1,weekly_compstat,2026-08-10,2026-08-16,1,7d23f10cc3e90aaa48cbc3bc24227cb4b6b80a37030aa250dc8b08f3ed7f5917,9,district,district_14,District 14,murder,Murder,year_to_date,count,count,2026,,,0,,0,,not_applicable,,,wilmington-compstat-v2,validated
weekly-2026-08-16-r1,weekly_compstat,2026-08-10,2026-08-16,1,7d23f10cc3e90aaa48cbc3bc24227cb4b6b80a37030aa250dc8b08f3ed7f5917,9,district,district_14,District 14,murder,Murder,year_to_date,count,count,2025,,,3,,3,,not_applicable,,,wilmington-compstat-v2,validated
weekly-2026-08-16-r1,weekly_compstat,2026-08-10,2026-08-16,1,7d23f10cc3e90aaa48cbc3bc24227cb4b6b80a37030aa250dc8b08f3ed7f5917,9,district,district_14,District 14,murder,Murder,year_to_date,percent_change,percent,2026,2025,1,-100.0,-1.0,-100%,-100.0,matched,,,wilmington-compstat-v2,validated
weekly-2026-08-16-r1,weekly_compstat,2026-08-10,2026-08-16,1,7d23f10cc3e90aaa48cbc3bc24227cb4b6b80a37030aa250dc8b08f3ed7f5917,9,district,district_14,District 14,murder,Murder,year_to_date,percent_change,percent,2026,2024,2,,,*,,not_checkable,,undefined_zero_denominator,wilmington-compstat-v2,validated
weekly-2026-08-16-r1,weekly_compstat,2026-08-10,2026-08-16,1,7d23f10cc3e90aaa48cbc3bc24227cb4b6b80a37030aa250dc8b08f3ed7f5917,9,district,district_14,District 14,murder,Murder,year_to_date,percent_change,percent,2026,2023,3,,,*,,not_checkable,,undefined_zero_denominator,wilmington-compstat-v2,validated
weekly-2026-08-16-r1,weekly_compstat,2026-08-10,2026-08-16,1,7d23f10cc3e90aaa48cbc3bc24227cb4b6b80a37030aa250dc8b08f3ed7f5917,9,district,district_14,District 14,murder,Murder,year_to_date,percent_change,percent,2026,2022,4,-100.0,-1.0,-100%,,not_checkable,,,wilmington-compstat-v2,validated
weekly-2026-08-16-r1,weekly_compstat,2026-08-10,2026-08-16,1,7d23f10cc3e90aaa48cbc3bc24227cb4b6b80a37030aa250dc8b08f3ed7f5917,9,district,district_14,District 14,murder,Murder,year_to_date,percent_change,percent,2026,2021,5,-100.0,-1.0,-100%,,not_checkable,,,wilmington-compstat-v2,validated
weekly-2026-08-16-r1,weekly_compstat,2026-08-10,2026-08-16,1,7d23f10cc3e90aaa48cbc3bc24227cb4b6b80a37030aa250dc8b08f3ed7f5917,9,district,district_14,District 14,murder,Murder,year_to_date,percent_change,percent,2026,2020,6,,,*,,not_checkable,,undefined_zero_denominator,wilmington-compstat-v2,validated
weekly-2026-08-16-r1,weekly_compstat,2026-08-10,2026-08-16,1,7d23f10cc3e90aaa48cbc3bc24227cb4b6b80a37030aa250dc8b08f3ed7f5917,9,district,district_14,District 14,rape,Rape,last_7_days,count,count,2026,,,0,,0,,not_applicable,,,wilmington-compstat-v2,validated
weekly-2026-08-16-r1,weekly_compstat,2026-08-10,2026-08-16,1,7d23f10cc3e90aaa48cbc3bc24227cb4b6b80a37030aa250dc8b08f3ed7f5917,9,district,district_14,District 14,rape,Rape,last_7_days,count,count,2025,,,0,,0,,not_applicable,,,wilmington-compstat-v2,validated
weekly-2026-08-16-r1,weekly_compstat,2026-08-10,2026-08-16,1,7d23f10cc3e90aaa48cbc3bc24227cb4b6b80a37030aa250dc8b08f3ed7f5917,9,district,district_14,District 14,rape,Rape,last_7_days,percent_change,percent,2026,2025,1,,,*,,undefined_zero_denominator,,undefined_zero_denominator,wilmington-compstat-v2,validated
weekly-2026-08-16-r1,weekly_compstat,2026-08-10,2026-08-16,1,7d23f10cc3e90aaa48cbc3bc24227cb4b6b80a37030aa250dc8b08f3ed7f5917,9,district,district_14,District 14,rape,Rape,last_28_days,count,count,2026,,,0,,0,,not_applicable,,,wilmington-compstat-v2,validated
weekly-2026-08-16-r1,weekly_compstat,2026-08-10,2026-08-16,1,7d23f10cc3e90aaa48cbc3bc24227cb4b6b80a37030aa250dc8b08f3ed7f5917,9,district,district_14,District 14,rape,Rape,last_28_days,count,count,2025,,,0,,0,,not_applicable,,,wilmington-compstat-v2,validated
weekly-2026-08-16-r1,weekly_compstat,2026-08-10,2026-08-16,1,7d23f10cc3e90aaa48cbc3bc24227cb4b6b80a37030aa250dc8b08f3ed7f5917,9,district,district_14,District 14,rape,Rape,last_28_days,percent_change,percent,2026,2025,1,,,*,,undefined_zero_denominator,,undefined_zero_denominator,wilmington-compstat-v2,validated
weekly-2026-08-16-r1,weekly_compstat,2026-08-10,2026-08-16,1,7d23f10cc3e90aaa48cbc3bc24227cb4b6b80a37030aa250dc8b08f3ed7f5917,9,district,district_14,District 14,rape,Rape,year_to_date,count,count,2026,,,0,,0,,not_applicable,,,wilmington-compstat-v2,validated
weekly-2026-08-16-r1,weekly_compstat,2026-08-10,2026-08-16,1,7d23f10cc3e90aaa48cbc3bc24227cb4b6b80a37030aa250dc8b08f3ed7f5917,9,district,district_14,District 14,rape,Rape,year_to_date,count,count,2025,,,1,,1,,not_applicable,,,wilmington-compstat-v2,validated
weekly-2026-08-16-r1,weekly_compstat,2026-08-10,2026-08-16,1,7d23f10cc3e90aaa48cbc3bc24227cb4b6b80a37030aa250dc8b08f3ed7f5917,9,district,district_14,District 14,rape,Rape,year_to_date,percent_change,percent,2026,2025,1,-100.0,-1.0,-100%,-100.0,matched,,,wilmington-compstat-v2,validated
weekly-2026-08-16-r1,weekly_compstat,2026-08-10,2026-08-16,1,7d23f10cc3e90aaa48cbc3bc24227cb4b6b80a37030aa250dc8b08f3ed7f5917,9,district,district_14,District 14,rape,Rape,year_to_date,percent_change,percent,2026,2024,2,,,*,,not_checkable,,undefined_zero_denominator,wilmington-compstat-v2,validated
weekly-2026-08-16-r1,weekly_compstat,2026-08-10,2026-08-16,1,7d23f10cc3e90aaa48cbc3bc24227cb4b6b80a37030aa250dc8b08f3ed7f5917,9,district,district_14,District 14,rape,Rape,year_to_date,percent_change,percent,2026,2023,3,,,*,,not_checkable,,undefined_zero_denominator,wilmington-compstat-v2,validated
weekly-2026-08-16-r1,weekly_compstat,2026-08-10,2026-08-16,1,7d23f10cc3e90aaa48cbc3bc24227cb4b6b80a37030aa250dc8b08f3ed7f5917,9,district,district_14,District 14,rape,Rape,year_to_date,percent_change,percent,2026,2022,4,-100.0,-1.0,-100%,,not_checkable,,,wilmington-compstat-v2,validated
weekly-2026-08-16-r1,weekly_compstat,2026-08-10,2026-08-16,1,7d23f10cc3e90aaa48cbc3bc24227cb4b6b80a37030aa250dc8b08f3ed7f5917,9,district,district_14,District 14,rape,Rape,year_to_date,percent_change,percent,2026,2021,5,-100.0,-1.0,-100%,,not_checkable,,,wilmington-compstat-v2,validated
weekly-2026-08-16-r1,weekly_compstat,2026-08-10,2026-08-16,1,7d23f10cc3e90aaa48cbc3bc24227cb4b6b80a37030aa250dc8b08f3ed7f5917,9,district,district_14,District 14,rape,Rape,year_to_date,percent_change,percent,2026,2020,6,-100.0,-1.0,-100%,,not_checkable,,,wilmington-compstat-v2,validated
weekly-2026-08-16-r1,weekly_compstat,2026-08-10,2026-08-16,1,7d23f10cc3e90aaa48cbc3bc24227cb4b6b80a37030aa250dc8b08f3ed7f5917,9,district,district_14,District 14,robbery,Robbery,last_7_days,count,count,2026,,,0,,0,,not_applicable,,,wilmington-compstat-v2,validated
weekly-2026-08-16-r1,weekly_compstat,2026-08-10,2026-08-16,1,7d23f10cc3e90aaa48cbc3bc24227cb4b6b80a37030aa250dc8b08f3ed7f5917,9,district,district_14,District 14,robbery,Robbery,last_7_days,count,count,2025,,,0,,0,,not_applicable,,,wilmington-compstat-v2,validated
weekly-2026-08-16-r1,weekly_compstat,2026-08-10,2026-08-16,1,7d23f10cc3e90aaa48cbc3bc24227cb4b6b80a37030aa250dc8b08f3ed7f5917,9,district,district_14,District 14,robbery,Robbery,last_7_days,percent_change,percent,2026,2025,1,,,*,,undefined_zero_denominator,,undefined_zero_denominator,wilmington-compstat-v2,validated
weekly-2026-08-16-r1,weekly_compstat,2026-08-10,2026-08-16,1,7d23f10cc3e90aaa48cbc3bc24227cb4b6b80a37030aa250dc8b08f3ed7f5917,9,district,district_14,District 14,robbery,Robbery,last_28_days,count,count,2026,,,0,,0,,not_applicable,,,wilmington-compstat-v2,validated
weekly-2026-08-16-r1,weekly_compstat,2026-08-10,2026-08-16,1,7d23f10cc3e90aaa48cbc3bc24227cb4b6b80a37030aa250dc8b08f3ed7f5917,9,district,district_14,District 14,robbery,Robbery,last_28_days,count,count,2025,,,2,,2,,not_applicable,,,wilmington-compstat-v2,validated
weekly-2026-08-16-r1,weekly_compstat,2026-08-10,2026-08-16,1,7d23f10cc3e90aaa48cbc3bc24227cb4b6b80a37030aa250dc8b08f3ed7f5917,9,district,district_14,District 14,robbery,Robbery,last_28_days,percent_change,percent,2026,2025,1,-50.0,-0.5,-50%,-100.0,source_mismatch,source_arithmetic_mismatch,,wilmington-compstat-v2,source_warning
weekly-2026-08-16-r1,weekly_compstat,2026-08-10,2026-08-16,1,7d23f10cc3e90aaa48cbc3bc24227cb4b6b80a37030aa250dc8b08f3ed7f5917,9,district,district_14,District 14,robbery,Robbery,year_to_date,count,count,2026,,,6,,6,,not_applicable,,,wilmington-compstat-v2,validated
weekly-2026-08-16-r1,weekly_compstat,2026-08-10,2026-08-16,1,7d23f10cc3e90aaa48cbc3bc24227cb4b6b80a37030aa250dc8b08f3ed7f5917,9,district,district_14,District 14,robbery,Robbery,year_to_date,count,count,2025,,,11,,11,,not_applicable,,,wilmington-compstat-v2,validated
weekly-2026-08-16-r1,weekly_compstat,2026-08-10,2026-08-16,1,7d23f10cc3e90aaa48cbc3bc24227cb4b6b80a37030aa250dc8b08f3ed7f5917,9,district,district_14,District 14,robbery,Robbery,year_to_date,percent_change,percent,2026,2025,1,-45.0,-0.45,-45%,-45.454545,matched,,,wilmington-compstat-v2,validated
weekly-2026-08-16-r1,weekly_compstat,2026-08-10,2026-08-16,1,7d23f10cc3e90aaa48cbc3bc24227cb4b6b80a37030aa250dc8b08f3ed7f5917,9,district,district_14,District 14,robbery,Robbery,year_to_date,percent_change,percent,2026,2024,2,-40.0,-0.4,-40%,,not_checkable,,,wilmington-compstat-v2,validated
weekly-2026-08-16-r1,weekly_compstat,2026-08-10,2026-08-16,1,7d23f10cc3e90aaa48cbc3bc24227cb4b6b80a37030aa250dc8b08f3ed7f5917,9,district,district_14,District 14,robbery,Robbery,year_to_date,percent_change,percent,2026,2023,3,-57.0,-0.57,-57%,,not_checkable,,,wilmington-compstat-v2,validated
weekly-2026-08-16-r1,weekly_compstat,2026-08-10,2026-08-16,1,7d23f10cc3e90aaa48cbc3bc24227cb4b6b80a37030aa250dc8b08f3ed7f5917,9,district,district_14,District 14,robbery,Robbery,year_to_date,percent_change,percent,2026,2022,4,-67.0,-0.67,-67%,,not_checkable,,,wilmington-compstat-v2,validated
weekly-2026-08-16-r1,weekly_compstat,2026-08-10,2026-08-16,1,7d23f10cc3e90aaa48cbc3bc24227cb4b6b80a37030aa250dc8b08f3ed7f5917,9,district,district_14,District 14,robbery,Robbery,year_to_date,percent_change,percent,2026,2021,5,-63.0,-0.63,-63%,,not_checkable,,,wilmington-compstat-v2,validated
weekly-2026-08-16-r1,weekly_compstat,2026-08-10,2026-08-16,1,7d23f10cc3e90aaa48cbc3bc24227cb4b6b80a37030aa250dc8b08f3ed7f5917,9,district,district_14,District 14,robbery,Robbery,year_to_date,percent_change,percent,2026,2020,6,-77.0,-0.77,-77%,,not_checkable,,,wilmington-compstat-v2,validated
weekly-2026-08-16-r1,weekly_compstat,2026-08-10,2026-08-16,1,7d23f10cc3e90aaa48cbc3bc24227cb4b6b80a37030aa250dc8b08f3ed7f5917,9,district,district_14,District 14,aggravated_assault,Agg. Assault,last_7_days,count,count,2026,,,0,,0,,not_applicable,,,wilmington-compstat-v2,validated
weekly-2026-08-16-r1,weekly_compstat,2026-08-10,2026-08-16,1,7d23f10cc3e90aaa48cbc3bc24227cb4b6b80a37030aa250dc8b08f3ed7f5917,9,district,district_14,District 14,aggravated_assault,Agg. Assault,last_7_days,count,count,2025,,,2,,2,,not_applicable,,,wilmington-compstat-v2,validated
weekly-2026-08-16-r1,weekly_compstat,2026-08-10,2026-08-16,1,7d23f10cc3e90aaa48cbc3bc24227cb4b6b80a37030aa250dc8b08f3ed7f5917,9,district,district_14,District 14,aggravated_assault,Agg. Assault,last_7_days,percent_change,percent,2026,2025,1,-100.0,-1.0,-100%,-100.0,matched,,,wilmington-compstat-v2,validated
weekly-2026-08-16-r1,weekly_compstat,2026-08-10,2026-08-16,1,7d23f10cc3e90aaa48cbc3bc24227cb4b6b80a37030aa250dc8b08f3ed7f5917,9,district,district_14,District 14,aggravated_assault,Agg. Assault,last_28_days,count,count,2026,,,3,,3,,not_applicable,,,wilmington-compstat-v2,validated
weekly-2026-08-16-r1,weekly_compstat,2026-08-10,2026-08-16,1,7d23f10cc3e90aaa48cbc3bc24227cb4b6b80a37030aa250dc8b08f3ed7f5917,9,district,district_14,District 14,aggravated_assault,Agg. Assault,last_28_days,count,count,2025,,,4,,4,,not_applicable,,,wilmington-compstat-v2,validated
weekly-2026-08-16-r1,weekly_compstat,2026-08-10,2026-08-16,1,7d23f10cc3e90aaa48cbc3bc24227cb4b6b80a37030aa250dc8b08f3ed7f5917,9,district,district_14,District 14,aggravated_assault,Agg. Assault,last_28_days,percent_change,percent,2026,2025,1,-25.0,-0.25,-25%,-25.0,matched,,,wilmington-compstat-v2,validated
weekly-2026-08-16-r1,weekly_compstat,2026-08-10,2026-08-16,1,7d23f10cc3e90aaa48cbc3bc24227cb4b6b80a37030aa250dc8b08f3ed7f5917,9,district,district_14,District 14,aggravated_assault,Agg. Assault,year_to_date,count,count,2026,,,36,,36,,not_applicable,,,wilmington-compstat-v2,validated
weekly-2026-08-16-r1,weekly_compstat,2026-08-10,2026-08-16,1,7d23f10cc3e90aaa48cbc3bc24227cb4b6b80a37030aa250dc8b08f3ed7f5917,9,district,district_14,District 14,aggravated_assault,Agg. Assault,year_to_date,count,count,2025,,,35,,35,,not_applicable,,,wilmington-compstat-v2,validated
weekly-2026-08-16-r1,weekly_compstat,2026-08-10,2026-08-16,1,7d23f10cc3e90aaa48cbc3bc24227cb4b6b80a37030aa250dc8b08f3ed7f5917,9,district,district_14,District 14,aggravated_assault,Agg. Assault,year_to_date,percent_change,percent,2026,2025,1,3.0,0.03,3%,2.857143,matched,,,wilmington-compstat-v2,validated
weekly-2026-08-16-r1,weekly_compstat,2026-08-10,2026-08-16,1,7d23f10cc3e90aaa48cbc3bc24227cb4b6b80a37030aa250dc8b08f3ed7f5917,9,district,district_14,District 14,aggravated_assault,Agg. Assault,year_to_date,percent_change,percent,2026,2024,2,3.0,0.03,3%,,not_checkable,,,wilmington-compstat-v2,validated
weekly-2026-08-16-r1,weekly_compstat,2026-08-10,2026-08-16,1,7d23f10cc3e90aaa48cbc3bc24227cb4b6b80a37030aa250dc8b08f3ed7f5917,9,district,district_14,District 14,aggravated_assault,Agg. Assault,year_to_date,percent_change,percent,2026,2023,3,3.0,0.03,3%,,not_checkable,,,wilmington-compstat-v2,validated
weekly-2026-08-16-r1,weekly_compstat,2026-08-10,2026-08-16,1,7d23f10cc3e90aaa48cbc3bc24227cb4b6b80a37030aa250dc8b08f3ed7f5917,9,district,district_14,District 14,aggravated_assault,Agg. Assault,year_to_date,percent_change,percent,2026,2022,4,6.0,0.06,6%,,not_checkable,,,wilmington-compstat-v2,validated
weekly-2026-08-16-r1,weekly_compstat,2026-08-10,2026-08-16,1,7d23f10cc3e90aaa48cbc3bc24227cb4b6b80a37030aa250dc8b08f3ed7f5917,9,district,district_14,District 14,aggravated_assault,Agg. Assault,year_to_date,percent_change,percent,2026,2021,5,-28.0,-0.28,-28%,,not_checkable,,,wilmington-compstat-v2,validated
weekly-2026-08-16-r1,weekly_compstat,2026-08-10,2026-08-16,1,7d23f10cc3e90aaa48cbc3bc24227cb4b6b80a37030aa250dc8b08f3ed7f5917,9,district,district_14,District 14,aggravated_assault,Agg. Assault,year_to_date,percent_change,percent,2026,2020,6,-22.0,-0.22,-22%,,not_checkable,,,wilmington-compstat-v2,validated
weekly-2026-08-16-r1,weekly_compstat,2026-08-10,2026-08-16,1,7d23f10cc3e90aaa48cbc3bc24227cb4b6b80a37030aa250dc8b08f3ed7f5917,9,district,district_14,District 14,burglary,Burglary,last_7_days,count,count,2026,,,0,,0,,not_applicable,,,wilmington-compstat-v2,validated
weekly-2026-08-16-r1,weekly_compstat,2026-08-10,2026-08-16,1,7d23f10cc3e90aaa48cbc3bc24227cb4b6b80a37030aa250dc8b08f3ed7f5917,9,district,district_14,District 14,burglary,Burglary,last_7_days,count,count,2025,,,0,,0,,not_applicable,,,wilmington-compstat-v2,validated
weekly-2026-08-16-r1,weekly_compstat,2026-08-10,2026-08-16,1,7d23f10cc3e90aaa48cbc3bc24227cb4b6b80a37030aa250dc8b08f3ed7f5917,9,district,district_14,District 14,burglary,Burglary,last_7_days,percent_change,percent,2026,2025,1,,,*,,undefined_zero_denominator,,undefined_zero_denominator,wilmington-compstat-v2,validated
weekly-2026-08-16-r1,weekly_compstat,2026-08-10,2026-08-16,1,7d23f10cc3e90aaa48cbc3bc24227cb4b6b80a37030aa250dc8b08f3ed7f5917,9,district,district_14,District 14,burglary,Burglary,last_28_days,count,count,2026,,,9,,9,,not_applicable,,,wilmington-compstat-v2,validated
weekly-2026-08-16-r1,weekly_compstat,2026-08-10,2026-08-16,1,7d23f10cc3e90aaa48cbc3bc24227cb4b6b80a37030aa250dc8b08f3ed7f5917,9,district,district_14,District 14,burglary,Burglary,last_28_days,count,count,2025,,,7,,7,,not_applicable,,,wilmington-compstat-v2,validated
weekly-2026-08-16-r1,weekly_compstat,2026-08-10,2026-08-16,1,7d23f10cc3e90aaa48cbc3bc24227cb4b6b80a37030aa250dc8b08f3ed7f5917,9,district,district_14,District 14,burglary,Burglary,last_28_days,percent_change,percent,2026,2025,1,29.0,0.29,29%,28.571429,matched,,,wilmington-compstat-v2,validated
weekly-2026-08-16-r1,weekly_compstat,2026-08-10,2026-08-16,1,7d23f10cc3e90aaa48cbc3bc24227cb4b6b80a37030aa250dc8b08f3ed7f5917,9,district,district_14,District 14,burglary,Burglary,year_to_date,count,count,2026,,,34,,34,,not_applicable,,,wilmington-compstat-v2,validated
weekly-2026-08-16-r1,weekly_compstat,2026-08-10,2026-08-16,1,7d23f10cc3e90aaa48cbc3bc24227cb4b6b80a37030aa250dc8b08f3ed7f5917,9,district,district_14,District 14,burglary,Burglary,year_to_date,count,count,2025,,,44,,44,,not_applicable,,,wilmington-compstat-v2,validated
weekly-2026-08-16-r1,weekly_compstat,2026-08-10,2026-08-16,1,7d23f10cc3e90aaa48cbc3bc24227cb4b6b80a37030aa250dc8b08f3ed7f5917,9,district,district_14,District 14,burglary,Burglary,year_to_date,percent_change,percent,2026,2025,1,-23.0,-0.23,-23%,-22.727273,matched,,,wilmington-compstat-v2,validated
weekly-2026-08-16-r1,weekly_compstat,2026-08-10,2026-08-16,1,7d23f10cc3e90aaa48cbc3bc24227cb4b6b80a37030aa250dc8b08f3ed7f5917,9,district,district_14,District 14,burglary,Burglary,year_to_date,percent_change,percent,2026,2024,2,79.0,0.79,79%,,not_checkable,,,wilmington-compstat-v2,validated
weekly-2026-08-16-r1,weekly_compstat,2026-08-10,2026-08-16,1,7d23f10cc3e90aaa48cbc3bc24227cb4b6b80a37030aa250dc8b08f3ed7f5917,9,district,district_14,District 14,burglary,Burglary,year_to_date,percent_change,percent,2026,2023,3,42.0,0.42,42%,,not_checkable,,,wilmington-compstat-v2,validated
weekly-2026-08-16-r1,weekly_compstat,2026-08-10,2026-08-16,1,7d23f10cc3e90aaa48cbc3bc24227cb4b6b80a37030aa250dc8b08f3ed7f5917,9,district,district_14,District 14,burglary,Burglary,year_to_date,percent_change,percent,2026,2022,4,-11.0,-0.11,-11%,,not_checkable,,,wilmington-compstat-v2,validated
weekly-2026-08-16-r1,weekly_compstat,2026-08-10,2026-08-16,1,7d23f10cc3e90aaa48cbc3bc24227cb4b6b80a37030aa250dc8b08f3ed7f5917,9,district,district_14,District 14,burglary,Burglary,year_to_date,percent_change,percent,2026,2021,5,0.0,0.0,0%,,not_checkable,,,wilmington-compstat-v2,validated
weekly-2026-08-16-r1,weekly_compstat,2026-08-10,2026-08-16,1,7d23f10cc3e90aaa48cbc3bc24227cb4b6b80a37030aa250dc8b08f3ed7f5917,9,district,district_14,District 14,burglary,Burglary,year_to_date,percent_change,percent,2026,2020,6,-19.0,-0.19,-19%,,not_checkable,,,wilmington-compstat-v2,validated
weekly-2026-08-16-r1,weekly_compstat,2026-08-10,2026-08-16,1,7d23f10cc3e90aaa48cbc3bc24227cb4b6b80a37030aa250dc8b08f3ed7f5917,9,district,district_14,District 14,felony_theft,Felony Theft,last_7_days,count,count,2026,,,0,,0,,not_applicable,,,wilmington-compstat-v2,validated
weekly-2026-08-16-r1,weekly_compstat,2026-08-10,2026-08-16,1,7d23f10cc3e90aaa48cbc3bc24227cb4b6b80a37030aa250dc8b08f3ed7f5917,9,district,district_14,District 14,felony_theft,Felony Theft,last_7_days,count,count,2025,,,2,,2,,not_applicable,,,wilmington-compstat-v2,validated
weekly-2026-08-16-r1,weekly_compstat,2026-08-10,2026-08-16,1,7d23f10cc3e90aaa48cbc3bc24227cb4b6b80a37030aa250dc8b08f3ed7f5917,9,district,district_14,District 14,felony_theft,Felony Theft,last_7_days,percent_change,percent,2026,2025,1,-100.0,-1.0,-100%,-100.0,matched,,,wilmington-compstat-v2,validated
weekly-2026-08-16-r1,weekly_compstat,2026-08-10,2026-08-16,1,7d23f10cc3e90aaa48cbc3bc24227cb4b6b80a37030aa250dc8b08f3ed7f5917,9,district,district_14,District 14,felony_theft,Felony Theft,last_28_days,count,count,2026,,,6,,6,,not_applicable,,,wilmington-compstat-v2,validated
weekly-2026-08-16-r1,weekly_compstat,2026-08-10,2026-08-16,1,7d23f10cc3e90aaa48cbc3bc24227cb4b6b80a37030aa250dc8b08f3ed7f5917,9,district,district_14,District 14,felony_theft,Felony Theft,last_28_days,count,count,2025,,,2,,2,,not_applicable,,,wilmington-compstat-v2,validated
weekly-2026-08-16-r1,weekly_compstat,2026-08-10,2026-08-16,1,7d23f10cc3e90aaa48cbc3bc24227cb4b6b80a37030aa250dc8b08f3ed7f5917,9,district,district_14,District 14,felony_theft,Felony Theft,last_28_days,percent_change,percent,2026,2025,1,200.0,2.0,200%,200.0,matched,,,wilmington-compstat-v2,validated
weekly-2026-08-16-r1,weekly_compstat,2026-08-10,2026-08-16,1,7d23f10cc3e90aaa48cbc3bc24227cb4b6b80a37030aa250dc8b08f3ed7f5917,9,district,district_14,District 14,felony_theft,Felony Theft,year_to_date,count,count,2026,,,27,,27,,not_applicable,,,wilmington-compstat-v2,validated
weekly-2026-08-16-r1,weekly_compstat,2026-08-10,2026-08-16,1,7d23f10cc3e90aaa48cbc3bc24227cb4b6b80a37030aa250dc8b08f3ed7f5917,9,district,district_14,District 14,felony_theft,Felony Theft,year_to_date,count,count,2025,,,28,,28,,not_applicable,,,wilmington-compstat-v2,validated
weekly-2026-08-16-r1,weekly_compstat,2026-08-10,2026-08-16,1,7d23f10cc3e90aaa48cbc3bc24227cb4b6b80a37030aa250dc8b08f3ed7f5917,9,district,district_14,District 14,felony_theft,Felony Theft,year_to_date,percent_change,percent,2026,2025,1,-4.0,-0.04,-4%,-3.571429,matched,,,wilmington-compstat-v2,validated
weekly-2026-08-16-r1,weekly_compstat,2026-08-10,2026-08-16,1,7d23f10cc3e90aaa48cbc3bc24227cb4b6b80a37030aa250dc8b08f3ed7f5917,9,district,district_14,District 14,felony_theft,Felony Theft,year_to_date,percent_change,percent,2026,2024,2,17.0,0.17,17%,,not_checkable,,,wilmington-compstat-v2,validated
weekly-2026-08-16-r1,weekly_compstat,2026-08-10,2026-08-16,1,7d23f10cc3e90aaa48cbc3bc24227cb4b6b80a37030aa250dc8b08f3ed7f5917,9,district,district_14,District 14,felony_theft,Felony Theft,year_to_date,percent_change,percent,2026,2023,3,13.0,0.13,13%,,not_checkable,,,wilmington-compstat-v2,validated
weekly-2026-08-16-r1,weekly_compstat,2026-08-10,2026-08-16,1,7d23f10cc3e90aaa48cbc3bc24227cb4b6b80a37030aa250dc8b08f3ed7f5917,9,district,district_14,District 14,felony_theft,Felony Theft,year_to_date,percent_change,percent,2026,2022,4,-18.0,-0.18,-18%,,not_checkable,,,wilmington-compstat-v2,validated
weekly-2026-08-16-r1,weekly_compstat,2026-08-10,2026-08-16,1,7d23f10cc3e90aaa48cbc3bc24227cb4b6b80a37030aa250dc8b08f3ed7f5917,9,district,district_14,District 14,felony_theft,Felony Theft,year_to_date,percent_change,percent,2026,2021,5,-25.0,-0.25,-25%,,not_checkable,,,wilmington-compstat-v2,validated
weekly-2026-08-16-r1,weekly_compstat,2026-08-10,2026-08-16,1,7d23f10cc3e90aaa48cbc3bc24227cb4b6b80a37030aa250dc8b08f3ed7f5917,9,district,district_14,District 14,felony_theft,Felony Theft,year_to_date,percent_change,percent,2026,2020,6,59.0,0.59,59%,,not_checkable,,,wilmington-compstat-v2,validated
weekly-2026-08-16-r1,weekly_compstat,2026-08-10,2026-08-16,1,7d23f10cc3e90aaa48cbc3bc24227cb4b6b80a37030aa250dc8b08f3ed7f5917,9,district,district_14,District 14,auto_theft,Auto Theft,last_7_days,count,count,2026,,,3,,3,,not_applicable,,,wilmington-compstat-v2,validated
weekly-2026-08-16-r1,weekly_compstat,2026-08-10,2026-08-16,1,7d23f10cc3e90aaa48cbc3bc24227cb4b6b80a37030aa250dc8b08f3ed7f5917,9,district,district_14,District 14,auto_theft,Auto Theft,last_7_days,count,count,2025,,,0,,0,,not_applicable,,,wilmington-compstat-v2,validated
weekly-2026-08-16-r1,weekly_compstat,2026-08-10,2026-08-16,1,7d23f10cc3e90aaa48cbc3bc24227cb4b6b80a37030aa250dc8b08f3ed7f5917,9,district,district_14,District 14,auto_theft,Auto Theft,last_7_days,percent_change,percent,2026,2025,1,,,*,,undefined_zero_denominator,,undefined_zero_denominator,wilmington-compstat-v2,validated
weekly-2026-08-16-r1,weekly_compstat,2026-08-10,2026-08-16,1,7d23f10cc3e90aaa48cbc3bc24227cb4b6b80a37030aa250dc8b08f3ed7f5917,9,district,district_14,District 14,auto_theft,Auto Theft,last_28_days,count,count,2026,,,7,,7,,not_applicable,,,wilmington-compstat-v2,validated
weekly-2026-08-16-r1,weekly_compstat,2026-08-10,2026-08-16,1,7d23f10cc3e90aaa48cbc3bc24227cb4b6b80a37030aa250dc8b08f3ed7f5917,9,district,district_14,District 14,auto_theft,Auto Theft,last_28_days,count,count,2025,,,3,,3,,not_applicable,,,wilmington-compstat-v2,validated
weekly-2026-08-16-r1,weekly_compstat,2026-08-10,2026-08-16,1,7d23f10cc3e90aaa48cbc3bc24227cb4b6b80a37030aa250dc8b08f3ed7f5917,9,district,district_14,District 14,auto_theft,Auto Theft,last_28_days,percent_change,percent,2026,2025,1,133.0,1.33,133%,133.333333,matched,,,wilmington-compstat-v2,validated
weekly-2026-08-16-r1,weekly_compstat,2026-08-10,2026-08-16,1,7d23f10cc3e90aaa48cbc3bc24227cb4b6b80a37030aa250dc8b08f3ed7f5917,9,district,district_14,District 14,auto_theft,Auto Theft,year_to_date,count,count,2026,,,43,,43,,not_applicable,,,wilmington-compstat-v2,validated
weekly-2026-08-16-r1,weekly_compstat,2026-08-10,2026-08-16,1,7d23f10cc3e90aaa48cbc3bc24227cb4b6b80a37030aa250dc8b08f3ed7f5917,9,district,district_14,District 14,auto_theft,Auto Theft,year_to_date,count,count,2025,,,65,,65,,not_applicable,,,wilmington-compstat-v2,validated
weekly-2026-08-16-r1,weekly_compstat,2026-08-10,2026-08-16,1,7d23f10cc3e90aaa48cbc3bc24227cb4b6b80a37030aa250dc8b08f3ed7f5917,9,district,district_14,District 14,auto_theft,Auto Theft,year_to_date,percent_change,percent,2026,2025,1,-34.0,-0.34,-34%,-33.846154,matched,,,wilmington-compstat-v2,validated
weekly-2026-08-16-r1,weekly_compstat,2026-08-10,2026-08-16,1,7d23f10cc3e90aaa48cbc3bc24227cb4b6b80a37030aa250dc8b08f3ed7f5917,9,district,district_14,District 14,auto_theft,Auto Theft,year_to_date,percent_change,percent,2026,2024,2,-34.0,-0.34,-34%,,not_checkable,,,wilmington-compstat-v2,validated
weekly-2026-08-16-r1,weekly_compstat,2026-08-10,2026-08-16,1,7d23f10cc3e90aaa48cbc3bc24227cb4b6b80a37030aa250dc8b08f3ed7f5917,9,district,district_14,District 14,auto_theft,Auto Theft,year_to_date,percent_change,percent,2026,2023,3,-20.0,-0.2,-20%,,not_checkable,,,wilmington-compstat-v2,validated
weekly-2026-08-16-r1,weekly_compstat,2026-08-10,2026-08-16,1,7d23f10cc3e90aaa48cbc3bc24227cb4b6b80a37030aa250dc8b08f3ed7f5917,9,district,district_14,District 14,auto_theft,Auto Theft,year_to_date,percent_change,percent,2026,2022,4,2.0,0.02,2%,,not_checkable,,,wilmington-compstat-v2,validated
weekly-2026-08-16-r1,weekly_compstat,2026-08-10,2026-08-16,1,7d23f10cc3e90aaa48cbc3bc24227cb4b6b80a37030aa250dc8b08f3ed7f5917,9,district,district_14,District 14,auto_theft,Auto Theft,year_to_date,percent_change,percent,2026,2021,5,16.0,0.16,16%,,not_checkable,,,wilmington-compstat-v2,validated
weekly-2026-08-16-r1,weekly_compstat,2026-08-10,2026-08-16,1,7d23f10cc3e90aaa48cbc3bc24227cb4b6b80a37030aa250dc8b08f3ed7f5917,9,district,district_14,District 14,auto_theft,Auto Theft,year_to_date,percent_change,percent,2026,2020,6,-16.0,-0.16,-16%,,not_checkable,,,wilmington-compstat-v2,validated
weekly-2026-08-16-r1,weekly_compstat,2026-08-10,2026-08-16,1,7d23f10cc3e90aaa48cbc3bc24227cb4b6b80a37030aa250dc8b08f3ed7f5917,9,district,district_14,District 14,major_crime_total,TOTAL,last_7_days,count,count,2026,,,3,,3,,not_applicable,,,wilmington-compstat-v2,validated
weekly-2026-08-16-r1,weekly_compstat,2026-08-10,2026-08-16,1,7d23f10cc3e90aaa48cbc3bc24227cb4b6b80a37030aa250dc8b08f3ed7f5917,9,district,district_14,District 14,major_crime_total,TOTAL,last_7_days,count,count,2025,,,4,,4,,not_applicable,,,wilmington-compstat-v2,validated
weekly-2026-08-16-r1,weekly_compstat,2026-08-10,2026-08-16,1,7d23f10cc3e90aaa48cbc3bc24227cb4b6b80a37030aa250dc8b08f3ed7f5917,9,district,district_14,District 14,major_crime_total,TOTAL,last_7_days,percent_change,percent,2026,2025,1,-25.0,-0.25,-25%,-25.0,matched,,,wilmington-compstat-v2,validated
weekly-2026-08-16-r1,weekly_compstat,2026-08-10,2026-08-16,1,7d23f10cc3e90aaa48cbc3bc24227cb4b6b80a37030aa250dc8b08f3ed7f5917,9,district,district_14,District 14,major_crime_total,TOTAL,last_28_days,count,count,2026,,,25,,25,,not_applicable,,,wilmington-compstat-v2,validated
weekly-2026-08-16-r1,weekly_compstat,2026-08-10,2026-08-16,1,7d23f10cc3e90aaa48cbc3bc24227cb4b6b80a37030aa250dc8b08f3ed7f5917,9,district,district_14,District 14,major_crime_total,TOTAL,last_28_days,count,count,2025,,,18,,18,,not_applicable,,,wilmington-compstat-v2,validated
weekly-2026-08-16-r1,weekly_compstat,2026-08-10,2026-08-16,1,7d23f10cc3e90aaa48cbc3bc24227cb4b6b80a37030aa250dc8b08f3ed7f5917,9,district,district_14,District 14,major_crime_total,TOTAL,last_28_days,percent_change,percent,2026,2025,1,39.0,0.39,39%,38.888889,matched,,,wilmington-compstat-v2,validated
weekly-2026-08-16-r1,weekly_compstat,2026-08-10,2026-08-16,1,7d23f10cc3e90aaa48cbc3bc24227cb4b6b80a37030aa250dc8b08f3ed7f5917,9,district,district_14,District 14,major_crime_total,TOTAL,year_to_date,count,count,2026,,,146,,146,,not_applicable,,,wilmington-compstat-v2,validated
weekly-2026-08-16-r1,weekly_compstat,2026-08-10,2026-08-16,1,7d23f10cc3e90aaa48cbc3bc24227cb4b6b80a37030aa250dc8b08f3ed7f5917,9,district,district_14,District 14,major_crime_total,TOTAL,year_to_date,count,count,2025,,,187,,187,,not_applicable,,,wilmington-compstat-v2,validated
weekly-2026-08-16-r1,weekly_compstat,2026-08-10,2026-08-16,1,7d23f10cc3e90aaa48cbc3bc24227cb4b6b80a37030aa250dc8b08f3ed7f5917,9,district,district_14,District 14,major_crime_total,TOTAL,year_to_date,percent_change,percent,2026,2025,1,-22.0,-0.22,-22%,-21.925134,matched,,,wilmington-compstat-v2,validated
weekly-2026-08-16-r1,weekly_compstat,2026-08-10,2026-08-16,1,7d23f10cc3e90aaa48cbc3bc24227cb4b6b80a37030aa250dc8b08f3ed7f5917,9,district,district_14,District 14,major_crime_total,TOTAL,year_to_date,percent_change,percent,2026,2024,2,-4.0,-0.04,-4%,,not_checkable,,,wilmington-compstat-v2,validated
weekly-2026-08-16-r1,weekly_compstat,2026-08-10,2026-08-16,1,7d23f10cc3e90aaa48cbc3bc24227cb4b6b80a37030aa250dc8b08f3ed7f5917,9,district,district_14,District 14,major_crime_total,TOTAL,year_to_date,percent_change,percent,2026,2023,3,-3.0,-0.03,-3%,,not_checkable,,,wilmington-compstat-v2,validated
weekly-2026-08-16-r1,weekly_compstat,2026-08-10,2026-08-16,1,7d23f10cc3e90aaa48cbc3bc24227cb4b6b80a37030aa250dc8b08f3ed7f5917,9,district,district_14,District 14,major_crime_total,TOTAL,year_to_date,percent_change,percent,2026,2022,4,-13.0,-0.13,-13%,,not_checkable,,,wilmington-compstat-v2,validated
weekly-2026-08-16-r1,weekly_compstat,2026-08-10,2026-08-16,1,7d23f10cc3e90aaa48cbc3bc24227cb4b6b80a37030aa250dc8b08f3ed7f5917,9,district,district_14,District 14,major_crime_total,TOTAL,year_to_date,percent_change,percent,2026,2021,5,-19.0,-0.19,-19%,,not_checkable,,,wilmington-compstat-v2,validated
weekly-2026-08-16-r1,weekly_compstat,2026-08-10,2026-08-16,1,7d23f10cc3e90aaa48cbc3bc24227cb4b6b80a37030aa250dc8b08f3ed7f5917,9,district,district_14,District 14,major_crime_total,TOTAL,year_to_date,percent_change,percent,2026,2020,6,-21.0,-0.21,-21%,,not_checkable,,,wilmington-compstat-v2,validated
weekly-2026-08-16-r1,weekly_compstat,2026-08-10,2026-08-16,1,7d23f10cc3e90aaa48cbc3bc24227cb4b6b80a37030aa250dc8b08f3ed7f5917,9,district,district_14,District 14,shooting_incidents,Shooting Incidents,last_7_days,count,count,2026,,,0,,0,,not_applicable,,,wilmington-compstat-v2,validated
weekly-2026-08-16-r1,weekly_compstat,2026-08-10,2026-08-16,1,7d23f10cc3e90aaa48cbc3bc24227cb4b6b80a37030aa250dc8b08f3ed7f5917,9,district,district_14,District 14,shooting_incidents,Shooting Incidents,last_7_days,count,count,2025,,,0,,0,,not_applicable,,,wilmington-compstat-v2,validated
weekly-2026-08-16-r1,weekly_compstat,2026-08-10,2026-08-16,1,7d23f10cc3e90aaa48cbc3bc24227cb4b6b80a37030aa250dc8b08f3ed7f5917,9,district,district_14,District 14,shooting_incidents,Shooting Incidents,last_7_days,percent_change,percent,2026,2025,1,,,*,,undefined_zero_denominator,,undefined_zero_denominator,wilmington-compstat-v2,validated
weekly-2026-08-16-r1,weekly_compstat,2026-08-10,2026-08-16,1,7d23f10cc3e90aaa48cbc3bc24227cb4b6b80a37030aa250dc8b08f3ed7f5917,9,district,district_14,District 14,shooting_incidents,Shooting Incidents,last_28_days,count,count,2026,,,0,,0,,not_applicable,,,wilmington-compstat-v2,validated
weekly-2026-08-16-r1,weekly_compstat,2026-08-10,2026-08-16,1,7d23f10cc3e90aaa48cbc3bc24227cb4b6b80a37030aa250dc8b08f3ed7f5917,9,district,district_14,District 14,shooting_incidents,Shooting Incidents,last_28_days,count,count,2025,,,0,,0,,not_applicable,,,wilmington-compstat-v2,validated
weekly-2026-08-16-r1,weekly_compstat,2026-08-10,2026-08-16,1,7d23f10cc3e90aaa48cbc3bc24227cb4b6b80a37030aa250dc8b08f3ed7f5917,9,district,district_14,District 14,shooting_incidents,Shooting Incidents,last_28_days,percent_change,percent,2026,2025,1,,,*,,undefined_zero_denominator,,undefined_zero_denominator,wilmington-compstat-v2,validated
weekly-2026-08-16-r1,weekly_compstat,2026-08-10,2026-08-16,1,7d23f10cc3e90aaa48cbc3bc24227cb4b6b80a37030aa250dc8b08f3ed7f5917,9,district,district_14,District 14,shooting_incidents,Shooting Incidents,year_to_date,count,count,2026,,,4,,4,,not_applicable,,,wilmington-compstat-v2,validated
weekly-2026-08-16-r1,weekly_compstat,2026-08-10,2026-08-16,1,7d23f10cc3e90aaa48cbc3bc24227cb4b6b80a37030aa250dc8b08f3ed7f5917,9,district,district_14,District 14,shooting_incidents,Shooting Incidents,year_to_date,count,count,2025,,,5,,5,,not_applicable,,,wilmington-compstat-v2,validated
weekly-2026-08-16-r1,weekly_compstat,2026-08-10,2026-08-16,1,7d23f10cc3e90aaa48cbc3bc24227cb4b6b80a37030aa250dc8b08f3ed7f5917,9,district,district_14,District 14,shooting_incidents,Shooting Incidents,year_to_date,percent_change,percent,2026,2025,1,-20.0,-0.2,-20%,-20.0,matched,,,wilmington-compstat-v2,validated
weekly-2026-08-16-r1,weekly_compstat,2026-08-10,2026-08-16,1,7d23f10cc3e90aaa48cbc3bc24227cb4b6b80a37030aa250dc8b08f3ed7f5917,9,district,district_14,District 14,shooting_incidents,Shooting Incidents,year_to_date,percent_change,percent,2026,2024,2,0.0,0.0,0%,,not_checkable,,,wilmington-compstat-v2,validated
weekly-2026-08-16-r1,weekly_compstat,2026-08-10,2026-08-16,1,7d23f10cc3e90aaa48cbc3bc24227cb4b6b80a37030aa250dc8b08f3ed7f5917,9,district,district_14,District 14,shooting_incidents,Shooting Incidents,year_to_date,percent_change,percent,2026,2023,3,-20.0,-0.2,-20%,,not_checkable,,,wilmington-compstat-v2,validated
weekly-2026-08-16-r1,weekly_compstat,2026-08-10,2026-08-16,1,7d23f10cc3e90aaa48cbc3bc24227cb4b6b80a37030aa250dc8b08f3ed7f5917,9,district,district_14,District 14,shooting_incidents,Shooting Incidents,year_to_date,percent_change,percent,2026,2022,4,-50.0,-0.5,-50%,,not_checkable,,,wilmington-compstat-v2,validated
weekly-2026-08-16-r1,weekly_compstat,2026-08-10,2026-08-16,1,7d23f10cc3e90aaa48cbc3bc24227cb4b6b80a37030aa250dc8b08f3ed7f5917,9,district,district_14,District 14,shooting_incidents,Shooting Incidents,year_to_date,percent_change,percent,2026,2021,5,-73.0,-0.73,-73%,,not_checkable,,,wilmington-compstat-v2,validated
weekly-2026-08-16-r1,weekly_compstat,2026-08-10,2026-08-16,1,7d23f10cc3e90aaa48cbc3bc24227cb4b6b80a37030aa250dc8b08f3ed7f5917,9,district,district_14,District 14,shooting_incidents,Shooting Incidents,year_to_date,percent_change,percent,2026,2020,6,-78.0,-0.78,-78%,,not_checkable,,,wilmington-compstat-v2,validated
weekly-2026-08-16-r1,weekly_compstat,2026-08-10,2026-08-16,1,7d23f10cc3e90aaa48cbc3bc24227cb4b6b80a37030aa250dc8b08f3ed7f5917,9,district,district_14,District 14,shooting_victims,Shooting Victims,last_7_days,count,count,2026,,,0,,0,,not_applicable,,,wilmington-compstat-v2,validated
weekly-2026-08-16-r1,weekly_compstat,2026-08-10,2026-08-16,1,7d23f10cc3e90aaa48cbc3bc24227cb4b6b80a37030aa250dc8b08f3ed7f5917,9,district,district_14,District 14,shooting_victims,Shooting Victims,last_7_days,count,count,2025,,,0,,0,,not_applicable,,,wilmington-compstat-v2,validated
weekly-2026-08-16-r1,weekly_compstat,2026-08-10,2026-08-16,1,7d23f10cc3e90aaa48cbc3bc24227cb4b6b80a37030aa250dc8b08f3ed7f5917,9,district,district_14,District 14,shooting_victims,Shooting Victims,last_7_days,percent_change,percent,2026,2025,1,,,*,,undefined_zero_denominator,,undefined_zero_denominator,wilmington-compstat-v2,validated
weekly-2026-08-16-r1,weekly_compstat,2026-08-10,2026-08-16,1,7d23f10cc3e90aaa48cbc3bc24227cb4b6b80a37030aa250dc8b08f3ed7f5917,9,district,district_14,District 14,shooting_victims,Shooting Victims,last_28_days,count,count,2026,,,0,,0,,not_applicable,,,wilmington-compstat-v2,validated
weekly-2026-08-16-r1,weekly_compstat,2026-08-10,2026-08-16,1,7d23f10cc3e90aaa48cbc3bc24227cb4b6b80a37030aa250dc8b08f3ed7f5917,9,district,district_14,District 14,shooting_victims,Shooting Victims,last_28_days,count,count,2025,,,0,,0,,not_applicable,,,wilmington-compstat-v2,validated
weekly-2026-08-16-r1,weekly_compstat,2026-08-10,2026-08-16,1,7d23f10cc3e90aaa48cbc3bc24227cb4b6b80a37030aa250dc8b08f3ed7f5917,9,district,district_14,District 14,shooting_victims,Shooting Victims,last_28_days,percent_change,percent,2026,2025,1,,,*,,undefined_zero_denominator,,undefined_zero_denominator,wilmington-compstat-v2,validated
weekly-2026-08-16-r1,weekly_compstat,2026-08-10,2026-08-16,1,7d23f10cc3e90aaa48cbc3bc24227cb4b6b80a37030aa250dc8b08f3ed7f5917,9,district,district_14,District 14,shooting_victims,Shooting Victims,year_to_date,count,count,2026,,,4,,4,,not_applicable,,,wilmington-compstat-v2,validated
weekly-2026-08-16-r1,weekly_compstat,2026-08-10,2026-08-16,1,7d23f10cc3e90aaa48cbc3bc24227cb4b6b80a37030aa250dc8b08f3ed7f5917,9,district,district_14,District 14,shooting_victims,Shooting Victims,year_to_date,count,count,2025,,,6,,6,,not_applicable,,,wilmington-compstat-v2,validated
weekly-2026-08-16-r1,weekly_compstat,2026-08-10,2026-08-16,1,7d23f10cc3e90aaa48cbc3bc24227cb4b6b80a37030aa250dc8b08f3ed7f5917,9,district,district_14,District 14,shooting_victims,Shooting Victims,year_to_date,percent_change,percent,2026,2025,1,-33.0,-0.33,-33%,-33.333333,matched,,,wilmington-compstat-v2,validated
weekly-2026-08-16-r1,weekly_compstat,2026-08-10,2026-08-16,1,7d23f10cc3e90aaa48cbc3bc24227cb4b6b80a37030aa250dc8b08f3ed7f5917,9,district,district_14,District 14,shooting_victims,Shooting Victims,year_to_date,percent_change,percent,2026,2024,2,-33.0,-0.33,-33%,,not_checkable,,,wilmington-compstat-v2,validated
weekly-2026-08-16-r1,weekly_compstat,2026-08-10,2026-08-16,1,7d23f10cc3e90aaa48cbc3bc24227cb4b6b80a37030aa250dc8b08f3ed7f5917,9,district,district_14,District 14,shooting_victims,Shooting Victims,year_to_date,percent_change,percent,2026,2023,3,-20.0,-0.2,-20%,,not_checkable,,,wilmington-compstat-v2,validated
weekly-2026-08-16-r1,weekly_compstat,2026-08-10,2026-08-16,1,7d23f10cc3e90aaa48cbc3bc24227cb4b6b80a37030aa250dc8b08f3ed7f5917,9,district,district_14,District 14,shooting_victims,Shooting Victims,year_to_date,percent_change,percent,2026,2022,4,-60.0,-0.6,-60%,,not_checkable,,,wilmington-compstat-v2,validated
weekly-2026-08-16-r1,weekly_compstat,2026-08-10,2026-08-16,1,7d23f10cc3e90aaa48cbc3bc24227cb4b6b80a37030aa250dc8b08f3ed7f5917,9,district,district_14,District 14,shooting_victims,Shooting Victims,year_to_date,percent_change,percent,2026,2021,5,-78.0,-0.78,-78%,,not_checkable,,,wilmington-compstat-v2,validated
weekly-2026-08-16-r1,weekly_compstat,2026-08-10,2026-08-16,1,7d23f10cc3e90aaa48cbc3bc24227cb4b6b80a37030aa250dc8b08f3ed7f5917,9,district,district_14,District 14,shooting_victims,Shooting Victims,year_to_date,percent_change,percent,2026,2020,6,-79.0,-0.79,-79%,,not_checkable,,,wilmington-compstat-v2,validated
weekly-2026-08-16-r1,weekly_compstat,2026-08-10,2026-08-16,1,7d23f10cc3e90aaa48cbc3bc24227cb4b6b80a37030aa250dc8b08f3ed7f5917,9,district,district_14,District 14,juvenile_shooting_incidents,*Juv Shooting Incidents,last_7_days,count,count,2026,,,0,,0,,not_applicable,,,wilmington-compstat-v2,validated
weekly-2026-08-16-r1,weekly_compstat,2026-08-10,2026-08-16,1,7d23f10cc3e90aaa48cbc3bc24227cb4b6b80a37030aa250dc8b08f3ed7f5917,9,district,district_14,District 14,juvenile_shooting_incidents,*Juv Shooting Incidents,last_7_days,count,count,2025,,,0,,0,,not_applicable,,,wilmington-compstat-v2,validated
weekly-2026-08-16-r1,weekly_compstat,2026-08-10,2026-08-16,1,7d23f10cc3e90aaa48cbc3bc24227cb4b6b80a37030aa250dc8b08f3ed7f5917,9,district,district_14,District 14,juvenile_shooting_incidents,*Juv Shooting Incidents,last_7_days,percent_change,percent,2026,2025,1,,,*,,undefined_zero_denominator,,undefined_zero_denominator,wilmington-compstat-v2,validated
weekly-2026-08-16-r1,weekly_compstat,2026-08-10,2026-08-16,1,7d23f10cc3e90aaa48cbc3bc24227cb4b6b80a37030aa250dc8b08f3ed7f5917,9,district,district_14,District 14,juvenile_shooting_incidents,*Juv Shooting Incidents,last_28_days,count,count,2026,,,0,,0,,not_applicable,,,wilmington-compstat-v2,validated
weekly-2026-08-16-r1,weekly_compstat,2026-08-10,2026-08-16,1,7d23f10cc3e90aaa48cbc3bc24227cb4b6b80a37030aa250dc8b08f3ed7f5917,9,district,district_14,District 14,juvenile_shooting_incidents,*Juv Shooting Incidents,last_28_days,count,count,2025,,,0,,0,,not_applicable,,,wilmington-compstat-v2,validated
weekly-2026-08-16-r1,weekly_compstat,2026-08-10,2026-08-16,1,7d23f10cc3e90aaa48cbc3bc24227cb4b6b80a37030aa250dc8b08f3ed7f5917,9,district,district_14,District 14,juvenile_shooting_incidents,*Juv Shooting Incidents,last_28_days,percent_change,percent,2026,2025,1,,,*,,undefined_zero_denominator,,undefined_zero_denominator,wilmington-compstat-v2,validated
weekly-2026-08-16-r1,weekly_compstat,2026-08-10,2026-08-16,1,7d23f10cc3e90aaa48cbc3bc24227cb4b6b80a37030aa250dc8b08f3ed7f5917,9,district,district_14,District 14,juvenile_shooting_incidents,*Juv Shooting Incidents,year_to_date,count,count,2026,,,0,,0,,not_applicable,,,wilmington-compstat-v2,validated
weekly-2026-08-16-r1,weekly_compstat,2026-08-10,2026-08-16,1,7d23f10cc3e90aaa48cbc3bc24227cb4b6b80a37030aa250dc8b08f3ed7f5917,9,district,district_14,District 14,juvenile_shooting_incidents,*Juv Shooting Incidents,year_to_date,count,count,2025,,,1,,1,,not_applicable,,,wilmington-compstat-v2,validated
weekly-2026-08-16-r1,weekly_compstat,2026-08-10,2026-08-16,1,7d23f10cc3e90aaa48cbc3bc24227cb4b6b80a37030aa250dc8b08f3ed7f5917,9,district,district_14,District 14,juvenile_shooting_incidents,*Juv Shooting Incidents,year_to_date,percent_change,percent,2026,2025,1,-100.0,-1.0,-100%,-100.0,matched,,,wilmington-compstat-v2,validated
weekly-2026-08-16-r1,weekly_compstat,2026-08-10,2026-08-16,1,7d23f10cc3e90aaa48cbc3bc24227cb4b6b80a37030aa250dc8b08f3ed7f5917,9,district,district_14,District 14,juvenile_shooting_incidents,*Juv Shooting Incidents,year_to_date,percent_change,percent,2026,2024,2,-100.0,-1.0,-100%,,not_checkable,,,wilmington-compstat-v2,validated
weekly-2026-08-16-r1,weekly_compstat,2026-08-10,2026-08-16,1,7d23f10cc3e90aaa48cbc3bc24227cb4b6b80a37030aa250dc8b08f3ed7f5917,9,district,district_14,District 14,juvenile_shooting_incidents,*Juv Shooting Incidents,year_to_date,percent_change,percent,2026,2023,3,-100.0,-1.0,-100%,,not_checkable,,,wilmington-compstat-v2,validated
weekly-2026-08-16-r1,weekly_compstat,2026-08-10,2026-08-16,1,7d23f10cc3e90aaa48cbc3bc24227cb4b6b80a37030aa250dc8b08f3ed7f5917,9,district,district_14,District 14,juvenile_shooting_incidents,*Juv Shooting Incidents,year_to_date,percent_change,percent,2026,2022,4,-100.0,-1.0,-100%,,not_checkable,,,wilmington-compstat-v2,validated
weekly-2026-08-16-r1,weekly_compstat,2026-08-10,2026-08-16,1,7d23f10cc3e90aaa48cbc3bc24227cb4b6b80a37030aa250dc8b08f3ed7f5917,9,district,district_14,District 14,juvenile_shooting_incidents,*Juv Shooting Incidents,year_to_date,percent_change,percent,2026,2021,5,-100.0,-1.0,-100%,,not_checkable,,,wilmington-compstat-v2,validated
weekly-2026-08-16-r1,weekly_compstat,2026-08-10,2026-08-16,1,7d23f10cc3e90aaa48cbc3bc24227cb4b6b80a37030aa250dc8b08f3ed7f5917,9,district,district_14,District 14,juvenile_shooting_incidents,*Juv Shooting Incidents,year_to_date,percent_change,percent,2026,2020,6,-100.0,-1.0,-100%,,not_checkable,,,wilmington-compstat-v2,validated
weekly-2026-08-16-r1,weekly_compstat,2026-08-10,2026-08-16,1,7d23f10cc3e90aaa48cbc3bc24227cb4b6b80a37030aa250dc8b08f3ed7f5917,9,district,district_14,District 14,juvenile_shooting_victims,*Juv Shooting Victims,last_7_days,count,count,2026,,,0,,0,,not_applicable,,,wilmington-compstat-v2,validated
weekly-2026-08-16-r1,weekly_compstat,2026-08-10,2026-08-16,1,7d23f10cc3e90aaa48cbc3bc24227cb4b6b80a37030aa250dc8b08f3ed7f5917,9,district,district_14,District 14,juvenile_shooting_victims,*Juv Shooting Victims,last_7_days,count,count,2025,,,0,,0,,not_applicable,,,wilmington-compstat-v2,validated
weekly-2026-08-16-r1,weekly_compstat,2026-08-10,2026-08-16,1,7d23f10cc3e90aaa48cbc3bc24227cb4b6b80a37030aa250dc8b08f3ed7f5917,9,district,district_14,District 14,juvenile_shooting_victims,*Juv Shooting Victims,last_7_days,percent_change,percent,2026,2025,1,,,*,,undefined_zero_denominator,,undefined_zero_denominator,wilmington-compstat-v2,validated
weekly-2026-08-16-r1,weekly_compstat,2026-08-10,2026-08-16,1,7d23f10cc3e90aaa48cbc3bc24227cb4b6b80a37030aa250dc8b08f3ed7f5917,9,district,district_14,District 14,juvenile_shooting_victims,*Juv Shooting Victims,last_28_days,count,count,2026,,,0,,0,,not_applicable,,,wilmington-compstat-v2,validated
weekly-2026-08-16-r1,weekly_compstat,2026-08-10,2026-08-16,1,7d23f10cc3e90aaa48cbc3bc24227cb4b6b80a37030aa250dc8b08f3ed7f5917,9,district,district_14,District 14,juvenile_shooting_victims,*Juv Shooting Victims,last_28_days,count,count,2025,,,0,,0,,not_applicable,,,wilmington-compstat-v2,validated
weekly-2026-08-16-r1,weekly_compstat,2026-08-10,2026-08-16,1,7d23f10cc3e90aaa48cbc3bc24227cb4b6b80a37030aa250dc8b08f3ed7f5917,9,district,district_14,District 14,juvenile_shooting_victims,*Juv Shooting Victims,last_28_days,percent_change,percent,2026,2025,1,,,*,,undefined_zero_denominator,,undefined_zero_denominator,wilmington-compstat-v2,validated
weekly-2026-08-16-r1,weekly_compstat,2026-08-10,2026-08-16,1,7d23f10cc3e90aaa48cbc3bc24227cb4b6b80a37030aa250dc8b08f3ed7f5917,9,district,district_14,District 14,juvenile_shooting_victims,*Juv Shooting Victims,year_to_date,count,count,2026,,,0,,0,,not_applicable,,,wilmington-compstat-v2,validated
weekly-2026-08-16-r1,weekly_compstat,2026-08-10,2026-08-16,1,7d23f10cc3e90aaa48cbc3bc24227cb4b6b80a37030aa250dc8b08f3ed7f5917,9,district,district_14,District 14,juvenile_shooting_victims,*Juv Shooting Victims,year_to_date,count,count,2025,,,1,,1,,not_applicable,,,wilmington-compstat-v2,validated
weekly-2026-08-16-r1,weekly_compstat,2026-08-10,2026-08-16,1,7d23f10cc3e90aaa48cbc3bc24227cb4b6b80a37030aa250dc8b08f3ed7f5917,9,district,district_14,District 14,juvenile_shooting_victims,*Juv Shooting Victims,year_to_date,percent_change,percent,2026,2025,1,-100.0,-1.0,-100%,-100.0,matched,,,wilmington-compstat-v2,validated
weekly-2026-08-16-r1,weekly_compstat,2026-08-10,2026-08-16,1,7d23f10cc3e90aaa48cbc3bc24227cb4b6b80a37030aa250dc8b08f3ed7f5917,9,district,district_14,District 14,juvenile_shooting_victims,*Juv Shooting Victims,year_to_date,percent_change,percent,2026,2024,2,-100.0,-1.0,-100%,,not_checkable,,,wilmington-compstat-v2,validated
weekly-2026-08-16-r1,weekly_compstat,2026-08-10,2026-08-16,1,7d23f10cc3e90aaa48cbc3bc24227cb4b6b80a37030aa250dc8b08f3ed7f5917,9,district,district_14,District 14,juvenile_shooting_victims,*Juv Shooting Victims,year_to_date,percent_change,percent,2026,2023,3,-100.0,-1.0,-100%,,not_checkable,,,wilmington-compstat-v2,validated
weekly-2026-08-16-r1,weekly_compstat,2026-08-10,2026-08-16,1,7d23f10cc3e90aaa48cbc3bc24227cb4b6b80a37030aa250dc8b08f3ed7f5917,9,district,district_14,District 14,juvenile_shooting_victims,*Juv Shooting Victims,year_to_date,percent_change,percent,2026,2022,4,-100.0,-1.0,-100%,,not_checkable,,,wilmington-compstat-v2,validated
weekly-2026-08-16-r1,weekly_compstat,2026-08-10,2026-08-16,1,7d23f10cc3e90aaa48cbc3bc24227cb4b6b80a37030aa250dc8b08f3ed7f5917,9,district,district_14,District 14,juvenile_shooting_victims,*Juv Shooting Victims,year_to_date,percent_change,percent,2026,2021,5,-100.0,-1.0,-100%,,not_checkable,,,wilmington-compstat-v2,validated
weekly-2026-08-16-r1,weekly_compstat,2026-08-10,2026-08-16,1,7d23f10cc3e90aaa48cbc3bc24227cb4b6b80a37030aa250dc8b08f3ed7f5917,9,district,district_14,District 14,juvenile_shooting_victims,*Juv Shooting Victims,year_to_date,percent_change,percent,2026,2020,6,-100.0,-1.0,-100%,,not_checkable,,,wilmington-compstat-v2,validated
weekly-2026-08-16-r1,weekly_compstat,2026-08-10,2026-08-16,1,7d23f10cc3e90aaa48cbc3bc24227cb4b6b80a37030aa250dc8b08f3ed7f5917,9,district,district_14,District 14,misdemeanor_theft,Theft (Misdemeanor),last_7_days,count,count,2026,,,2,,2,,not_applicable,,,wilmington-compstat-v2,validated
weekly-2026-08-16-r1,weekly_compstat,2026-08-10,2026-08-16,1,7d23f10cc3e90aaa48cbc3bc24227cb4b6b80a37030aa250dc8b08f3ed7f5917,9,district,district_14,District 14,misdemeanor_theft,Theft (Misdemeanor),last_7_days,count,count,2025,,,2,,2,,not_applicable,,,wilmington-compstat-v2,validated
weekly-2026-08-16-r1,weekly_compstat,2026-08-10,2026-08-16,1,7d23f10cc3e90aaa48cbc3bc24227cb4b6b80a37030aa250dc8b08f3ed7f5917,9,district,district_14,District 14,misdemeanor_theft,Theft (Misdemeanor),last_7_days,percent_change,percent,2026,2025,1,0.0,0.0,0%,0.0,matched,,,wilmington-compstat-v2,validated
weekly-2026-08-16-r1,weekly_compstat,2026-08-10,2026-08-16,1,7d23f10cc3e90aaa48cbc3bc24227cb4b6b80a37030aa250dc8b08f3ed7f5917,9,district,district_14,District 14,misdemeanor_theft,Theft (Misdemeanor),last_28_days,count,count,2026,,,19,,19,,not_applicable,,,wilmington-compstat-v2,validated
weekly-2026-08-16-r1,weekly_compstat,2026-08-10,2026-08-16,1,7d23f10cc3e90aaa48cbc3bc24227cb4b6b80a37030aa250dc8b08f3ed7f5917,9,district,district_14,District 14,misdemeanor_theft,Theft (Misdemeanor),last_28_days,count,count,2025,,,9,,9,,not_applicable,,,wilmington-compstat-v2,validated
weekly-2026-08-16-r1,weekly_compstat,2026-08-10,2026-08-16,1,7d23f10cc3e90aaa48cbc3bc24227cb4b6b80a37030aa250dc8b08f3ed7f5917,9,district,district_14,District 14,misdemeanor_theft,Theft (Misdemeanor),last_28_days,percent_change,percent,2026,2025,1,111.0,1.11,111%,111.111111,matched,,,wilmington-compstat-v2,validated
weekly-2026-08-16-r1,weekly_compstat,2026-08-10,2026-08-16,1,7d23f10cc3e90aaa48cbc3bc24227cb4b6b80a37030aa250dc8b08f3ed7f5917,9,district,district_14,District 14,misdemeanor_theft,Theft (Misdemeanor),year_to_date,count,count,2026,,,104,,104,,not_applicable,,,wilmington-compstat-v2,validated
weekly-2026-08-16-r1,weekly_compstat,2026-08-10,2026-08-16,1,7d23f10cc3e90aaa48cbc3bc24227cb4b6b80a37030aa250dc8b08f3ed7f5917,9,district,district_14,District 14,misdemeanor_theft,Theft (Misdemeanor),year_to_date,count,count,2025,,,73,,73,,not_applicable,,,wilmington-compstat-v2,validated
weekly-2026-08-16-r1,weekly_compstat,2026-08-10,2026-08-16,1,7d23f10cc3e90aaa48cbc3bc24227cb4b6b80a37030aa250dc8b08f3ed7f5917,9,district,district_14,District 14,misdemeanor_theft,Theft (Misdemeanor),year_to_date,percent_change,percent,2026,2025,1,42.0,0.42,42%,42.465753,matched,,,wilmington-compstat-v2,validated
weekly-2026-08-16-r1,weekly_compstat,2026-08-10,2026-08-16,1,7d23f10cc3e90aaa48cbc3bc24227cb4b6b80a37030aa250dc8b08f3ed7f5917,9,district,district_14,District 14,misdemeanor_theft,Theft (Misdemeanor),year_to_date,percent_change,percent,2026,2024,2,49.0,0.49,49%,,not_checkable,,,wilmington-compstat-v2,validated
weekly-2026-08-16-r1,weekly_compstat,2026-08-10,2026-08-16,1,7d23f10cc3e90aaa48cbc3bc24227cb4b6b80a37030aa250dc8b08f3ed7f5917,9,district,district_14,District 14,misdemeanor_theft,Theft (Misdemeanor),year_to_date,percent_change,percent,2026,2023,3,49.0,0.49,49%,,not_checkable,,,wilmington-compstat-v2,validated
weekly-2026-08-16-r1,weekly_compstat,2026-08-10,2026-08-16,1,7d23f10cc3e90aaa48cbc3bc24227cb4b6b80a37030aa250dc8b08f3ed7f5917,9,district,district_14,District 14,misdemeanor_theft,Theft (Misdemeanor),year_to_date,percent_change,percent,2026,2022,4,8.0,0.08,8%,,not_checkable,,,wilmington-compstat-v2,validated
weekly-2026-08-16-r1,weekly_compstat,2026-08-10,2026-08-16,1,7d23f10cc3e90aaa48cbc3bc24227cb4b6b80a37030aa250dc8b08f3ed7f5917,9,district,district_14,District 14,misdemeanor_theft,Theft (Misdemeanor),year_to_date,percent_change,percent,2026,2021,5,32.0,0.32,32%,,not_checkable,,,wilmington-compstat-v2,validated
weekly-2026-08-16-r1,weekly_compstat,2026-08-10,2026-08-16,1,7d23f10cc3e90aaa48cbc3bc24227cb4b6b80a37030aa250dc8b08f3ed7f5917,9,district,district_14,District 14,misdemeanor_theft,Theft (Misdemeanor),year_to_date,percent_change,percent,2026,2020,6,-2.0,-0.02,-2%,,not_checkable,,,wilmington-compstat-v2,validated
weekly-2026-08-16-r1,weekly_compstat,2026-08-10,2026-08-16,1,7d23f10cc3e90aaa48cbc3bc24227cb4b6b80a37030aa250dc8b08f3ed7f5917,11,sector,sector_2,Sector 2,murder,Murder,last_7_days,count,count,2026,,,0,,0,,not_applicable,,,wilmington-compstat-v2,validated
weekly-2026-08-16-r1,weekly_compstat,2026-08-10,2026-08-16,1,7d23f10cc3e90aaa48cbc3bc24227cb4b6b80a37030aa250dc8b08f3ed7f5917,11,sector,sector_2,Sector 2,murder,Murder,last_7_days,count,count,2025,,,1,,1,,not_applicable,,,wilmington-compstat-v2,validated
weekly-2026-08-16-r1,weekly_compstat,2026-08-10,2026-08-16,1,7d23f10cc3e90aaa48cbc3bc24227cb4b6b80a37030aa250dc8b08f3ed7f5917,11,sector,sector_2,Sector 2,murder,Murder,last_7_days,percent_change,percent,2026,2025,1,-100.0,-1.0,-100%,-100.0,matched,,,wilmington-compstat-v2,validated
weekly-2026-08-16-r1,weekly_compstat,2026-08-10,2026-08-16,1,7d23f10cc3e90aaa48cbc3bc24227cb4b6b80a37030aa250dc8b08f3ed7f5917,11,sector,sector_2,Sector 2,murder,Murder,last_28_days,count,count,2026,,,0,,0,,not_applicable,,,wilmington-compstat-v2,validated
weekly-2026-08-16-r1,weekly_compstat,2026-08-10,2026-08-16,1,7d23f10cc3e90aaa48cbc3bc24227cb4b6b80a37030aa250dc8b08f3ed7f5917,11,sector,sector_2,Sector 2,murder,Murder,last_28_days,count,count,2025,,,1,,1,,not_applicable,,,wilmington-compstat-v2,validated
weekly-2026-08-16-r1,weekly_compstat,2026-08-10,2026-08-16,1,7d23f10cc3e90aaa48cbc3bc24227cb4b6b80a37030aa250dc8b08f3ed7f5917,11,sector,sector_2,Sector 2,murder,Murder,last_28_days,percent_change,percent,2026,2025,1,-100.0,-1.0,-100%,-100.0,matched,,,wilmington-compstat-v2,validated
weekly-2026-08-16-r1,weekly_compstat,2026-08-10,2026-08-16,1,7d23f10cc3e90aaa48cbc3bc24227cb4b6b80a37030aa250dc8b08f3ed7f5917,11,sector,sector_2,Sector 2,murder,Murder,year_to_date,count,count,2026,,,5,,5,,not_applicable,,,wilmington-compstat-v2,validated
weekly-2026-08-16-r1,weekly_compstat,2026-08-10,2026-08-16,1,7d23f10cc3e90aaa48cbc3bc24227cb4b6b80a37030aa250dc8b08f3ed7f5917,11,sector,sector_2,Sector 2,murder,Murder,year_to_date,count,count,2025,,,4,,4,,not_applicable,,,wilmington-compstat-v2,validated
weekly-2026-08-16-r1,weekly_compstat,2026-08-10,2026-08-16,1,7d23f10cc3e90aaa48cbc3bc24227cb4b6b80a37030aa250dc8b08f3ed7f5917,11,sector,sector_2,Sector 2,murder,Murder,year_to_date,percent_change,percent,2026,2025,1,25.0,0.25,25%,25.0,matched,,,wilmington-compstat-v2,validated
weekly-2026-08-16-r1,weekly_compstat,2026-08-10,2026-08-16,1,7d23f10cc3e90aaa48cbc3bc24227cb4b6b80a37030aa250dc8b08f3ed7f5917,11,sector,sector_2,Sector 2,murder,Murder,year_to_date,percent_change,percent,2026,2024,2,25.0,0.25,25%,,not_checkable,,,wilmington-compstat-v2,validated
weekly-2026-08-16-r1,weekly_compstat,2026-08-10,2026-08-16,1,7d23f10cc3e90aaa48cbc3bc24227cb4b6b80a37030aa250dc8b08f3ed7f5917,11,sector,sector_2,Sector 2,murder,Murder,year_to_date,percent_change,percent,2026,2023,3,150.0,1.5,150%,,not_checkable,,,wilmington-compstat-v2,validated
weekly-2026-08-16-r1,weekly_compstat,2026-08-10,2026-08-16,1,7d23f10cc3e90aaa48cbc3bc24227cb4b6b80a37030aa250dc8b08f3ed7f5917,11,sector,sector_2,Sector 2,murder,Murder,year_to_date,percent_change,percent,2026,2022,4,25.0,0.25,25%,,not_checkable,,,wilmington-compstat-v2,validated
weekly-2026-08-16-r1,weekly_compstat,2026-08-10,2026-08-16,1,7d23f10cc3e90aaa48cbc3bc24227cb4b6b80a37030aa250dc8b08f3ed7f5917,11,sector,sector_2,Sector 2,murder,Murder,year_to_date,percent_change,percent,2026,2021,5,-29.0,-0.29,-29%,,not_checkable,,,wilmington-compstat-v2,validated
weekly-2026-08-16-r1,weekly_compstat,2026-08-10,2026-08-16,1,7d23f10cc3e90aaa48cbc3bc24227cb4b6b80a37030aa250dc8b08f3ed7f5917,11,sector,sector_2,Sector 2,murder,Murder,year_to_date,percent_change,percent,2026,2020,6,-50.0,-0.5,-50%,,not_checkable,,,wilmington-compstat-v2,validated
weekly-2026-08-16-r1,weekly_compstat,2026-08-10,2026-08-16,1,7d23f10cc3e90aaa48cbc3bc24227cb4b6b80a37030aa250dc8b08f3ed7f5917,11,sector,sector_2,Sector 2,rape,Rape,last_7_days,count,count,2026,,,0,,0,,not_applicable,,,wilmington-compstat-v2,validated
weekly-2026-08-16-r1,weekly_compstat,2026-08-10,2026-08-16,1,7d23f10cc3e90aaa48cbc3bc24227cb4b6b80a37030aa250dc8b08f3ed7f5917,11,sector,sector_2,Sector 2,rape,Rape,last_7_days,count,count,2025,,,0,,0,,not_applicable,,,wilmington-compstat-v2,validated
weekly-2026-08-16-r1,weekly_compstat,2026-08-10,2026-08-16,1,7d23f10cc3e90aaa48cbc3bc24227cb4b6b80a37030aa250dc8b08f3ed7f5917,11,sector,sector_2,Sector 2,rape,Rape,last_7_days,percent_change,percent,2026,2025,1,,,*,,undefined_zero_denominator,,undefined_zero_denominator,wilmington-compstat-v2,validated
weekly-2026-08-16-r1,weekly_compstat,2026-08-10,2026-08-16,1,7d23f10cc3e90aaa48cbc3bc24227cb4b6b80a37030aa250dc8b08f3ed7f5917,11,sector,sector_2,Sector 2,rape,Rape,last_28_days,count,count,2026,,,0,,0,,not_applicable,,,wilmington-compstat-v2,validated
weekly-2026-08-16-r1,weekly_compstat,2026-08-10,2026-08-16,1,7d23f10cc3e90aaa48cbc3bc24227cb4b6b80a37030aa250dc8b08f3ed7f5917,11,sector,sector_2,Sector 2,rape,Rape,last_28_days,count,count,2025,,,0,,0,,not_applicable,,,wilmington-compstat-v2,validated
weekly-2026-08-16-r1,weekly_compstat,2026-08-10,2026-08-16,1,7d23f10cc3e90aaa48cbc3bc24227cb4b6b80a37030aa250dc8b08f3ed7f5917,11,sector,sector_2,Sector 2,rape,Rape,last_28_days,percent_change,percent,2026,2025,1,,,*,,undefined_zero_denominator,,undefined_zero_denominator,wilmington-compstat-v2,validated
weekly-2026-08-16-r1,weekly_compstat,2026-08-10,2026-08-16,1,7d23f10cc3e90aaa48cbc3bc24227cb4b6b80a37030aa250dc8b08f3ed7f5917,11,sector,sector_2,Sector 2,rape,Rape,year_to_date,count,count,2026,,,0,,0,,not_applicable,,,wilmington-compstat-v2,validated
weekly-2026-08-16-r1,weekly_compstat,2026-08-10,2026-08-16,1,7d23f10cc3e90aaa48cbc3bc24227cb4b6b80a37030aa250dc8b08f3ed7f5917,11,sector,sector_2,Sector 2,rape,Rape,year_to_date,count,count,2025,,,0,,0,,not_applicable,,,wilmington-compstat-v2,validated
weekly-2026-08-16-r1,weekly_compstat,2026-08-10,2026-08-16,1,7d23f10cc3e90aaa48cbc3bc24227cb4b6b80a37030aa250dc8b08f3ed7f5917,11,sector,sector_2,Sector 2,rape,Rape,year_to_date,percent_change,percent,2026,2025,1,,,*,,undefined_zero_denominator,,undefined_zero_denominator,wilmington-compstat-v2,validated
weekly-2026-08-16-r1,weekly_compstat,2026-08-10,2026-08-16,1,7d23f10cc3e90aaa48cbc3bc24227cb4b6b80a37030aa250dc8b08f3ed7f5917,11,sector,sector_2,Sector 2,rape,Rape,year_to_date,percent_change,percent,2026,2024,2,,,*,,not_checkable,,undefined_zero_denominator,wilmington-compstat-v2,validated
weekly-2026-08-16-r1,weekly_compstat,2026-08-10,2026-08-16,1,7d23f10cc3e90aaa48cbc3bc24227cb4b6b80a37030aa250dc8b08f3ed7f5917,11,sector,sector_2,Sector 2,rape,Rape,year_to_date,percent_change,percent,2026,2023,3,,,*,,not_checkable,,undefined_zero_denominator,wilmington-compstat-v2,validated
weekly-2026-08-16-r1,weekly_compstat,2026-08-10,2026-08-16,1,7d23f10cc3e90aaa48cbc3bc24227cb4b6b80a37030aa250dc8b08f3ed7f5917,11,sector,sector_2,Sector 2,rape,Rape,year_to_date,percent_change,percent,2026,2022,4,-100.0,-1.0,-100%,,not_checkable,,,wilmington-compstat-v2,validated
weekly-2026-08-16-r1,weekly_compstat,2026-08-10,2026-08-16,1,7d23f10cc3e90aaa48cbc3bc24227cb4b6b80a37030aa250dc8b08f3ed7f5917,11,sector,sector_2,Sector 2,rape,Rape,year_to_date,percent_change,percent,2026,2021,5,-100.0,-1.0,-100%,,not_checkable,,,wilmington-compstat-v2,validated
weekly-2026-08-16-r1,weekly_compstat,2026-08-10,2026-08-16,1,7d23f10cc3e90aaa48cbc3bc24227cb4b6b80a37030aa250dc8b08f3ed7f5917,11,sector,sector_2,Sector 2,rape,Rape,year_to_date,percent_change,percent,2026,2020,6,-100.0,-1.0,-100%,,not_checkable,,,wilmington-compstat-v2,validated
weekly-2026-08-16-r1,weekly_compstat,2026-08-10,2026-08-16,1,7d23f10cc3e90aaa48cbc3bc24227cb4b6b80a37030aa250dc8b08f3ed7f5917,11,sector,sector_2,Sector 2,robbery,Robbery,last_7_days,count,count,2026,,,1,,1,,not_applicable,,,wilmington-compstat-v2,validated
weekly-2026-08-16-r1,weekly_compstat,2026-08-10,2026-08-16,1,7d23f10cc3e90aaa48cbc3bc24227cb4b6b80a37030aa250dc8b08f3ed7f5917,11,sector,sector_2,Sector 2,robbery,Robbery,last_7_days,count,count,2025,,,2,,2,,not_applicable,,,wilmington-compstat-v2,validated
weekly-2026-08-16-r1,weekly_compstat,2026-08-10,2026-08-16,1,7d23f10cc3e90aaa48cbc3bc24227cb4b6b80a37030aa250dc8b08f3ed7f5917,11,sector,sector_2,Sector 2,robbery,Robbery,last_7_days,percent_change,percent,2026,2025,1,-50.0,-0.5,-50%,-50.0,matched,,,wilmington-compstat-v2,validated
weekly-2026-08-16-r1,weekly_compstat,2026-08-10,2026-08-16,1,7d23f10cc3e90aaa48cbc3bc24227cb4b6b80a37030aa250dc8b08f3ed7f5917,11,sector,sector_2,Sector 2,robbery,Robbery,last_28_days,count,count,2026,,,7,,7,,not_applicable,,,wilmington-compstat-v2,validated
weekly-2026-08-16-r1,weekly_compstat,2026-08-10,2026-08-16,1,7d23f10cc3e90aaa48cbc3bc24227cb4b6b80a37030aa250dc8b08f3ed7f5917,11,sector,sector_2,Sector 2,robbery,Robbery,last_28_days,count,count,2025,,,13,,13,,not_applicable,,,wilmington-compstat-v2,validated
weekly-2026-08-16-r1,weekly_compstat,2026-08-10,2026-08-16,1,7d23f10cc3e90aaa48cbc3bc24227cb4b6b80a37030aa250dc8b08f3ed7f5917,11,sector,sector_2,Sector 2,robbery,Robbery,last_28_days,percent_change,percent,2026,2025,1,-46.0,-0.46,-46%,-46.153846,matched,,,wilmington-compstat-v2,validated
weekly-2026-08-16-r1,weekly_compstat,2026-08-10,2026-08-16,1,7d23f10cc3e90aaa48cbc3bc24227cb4b6b80a37030aa250dc8b08f3ed7f5917,11,sector,sector_2,Sector 2,robbery,Robbery,year_to_date,count,count,2026,,,60,,60,,not_applicable,,,wilmington-compstat-v2,validated
weekly-2026-08-16-r1,weekly_compstat,2026-08-10,2026-08-16,1,7d23f10cc3e90aaa48cbc3bc24227cb4b6b80a37030aa250dc8b08f3ed7f5917,11,sector,sector_2,Sector 2,robbery,Robbery,year_to_date,count,count,2025,,,59,,59,,not_applicable,,,wilmington-compstat-v2,validated
weekly-2026-08-16-r1,weekly_compstat,2026-08-10,2026-08-16,1,7d23f10cc3e90aaa48cbc3bc24227cb4b6b80a37030aa250dc8b08f3ed7f5917,11,sector,sector_2,Sector 2,robbery,Robbery,year_to_date,percent_change,percent,2026,2025,1,2.0,0.02,2%,1.694915,matched,,,wilmington-compstat-v2,validated
weekly-2026-08-16-r1,weekly_compstat,2026-08-10,2026-08-16,1,7d23f10cc3e90aaa48cbc3bc24227cb4b6b80a37030aa250dc8b08f3ed7f5917,11,sector,sector_2,Sector 2,robbery,Robbery,year_to_date,percent_change,percent,2026,2024,2,9.0,0.09,9%,,not_checkable,,,wilmington-compstat-v2,validated
weekly-2026-08-16-r1,weekly_compstat,2026-08-10,2026-08-16,1,7d23f10cc3e90aaa48cbc3bc24227cb4b6b80a37030aa250dc8b08f3ed7f5917,11,sector,sector_2,Sector 2,robbery,Robbery,year_to_date,percent_change,percent,2026,2023,3,20.0,0.2,20%,,not_checkable,,,wilmington-compstat-v2,validated
weekly-2026-08-16-r1,weekly_compstat,2026-08-10,2026-08-16,1,7d23f10cc3e90aaa48cbc3bc24227cb4b6b80a37030aa250dc8b08f3ed7f5917,11,sector,sector_2,Sector 2,robbery,Robbery,year_to_date,percent_change,percent,2026,2022,4,25.0,0.25,25%,,not_checkable,,,wilmington-compstat-v2,validated
weekly-2026-08-16-r1,weekly_compstat,2026-08-10,2026-08-16,1,7d23f10cc3e90aaa48cbc3bc24227cb4b6b80a37030aa250dc8b08f3ed7f5917,11,sector,sector_2,Sector 2,robbery,Robbery,year_to_date,percent_change,percent,2026,2021,5,82.0,0.82,82%,,not_checkable,,,wilmington-compstat-v2,validated
weekly-2026-08-16-r1,weekly_compstat,2026-08-10,2026-08-16,1,7d23f10cc3e90aaa48cbc3bc24227cb4b6b80a37030aa250dc8b08f3ed7f5917,11,sector,sector_2,Sector 2,robbery,Robbery,year_to_date,percent_change,percent,2026,2020,6,3.0,0.03,3%,,not_checkable,,,wilmington-compstat-v2,validated
weekly-2026-08-16-r1,weekly_compstat,2026-08-10,2026-08-16,1,7d23f10cc3e90aaa48cbc3bc24227cb4b6b80a37030aa250dc8b08f3ed7f5917,11,sector,sector_2,Sector 2,aggravated_assault,Agg. Assault,last_7_days,count,count,2026,,,2,,2,,not_applicable,,,wilmington-compstat-v2,validated
weekly-2026-08-16-r1,weekly_compstat,2026-08-10,2026-08-16,1,7d23f10cc3e90aaa48cbc3bc24227cb4b6b80a37030aa250dc8b08f3ed7f5917,11,sector,sector_2,Sector 2,aggravated_assault,Agg. Assault,last_7_days,count,count,2025,,,2,,2,,not_applicable,,,wilmington-compstat-v2,validated
weekly-2026-08-16-r1,weekly_compstat,2026-08-10,2026-08-16,1,7d23f10cc3e90aaa48cbc3bc24227cb4b6b80a37030aa250dc8b08f3ed7f5917,11,sector,sector_2,Sector 2,aggravated_assault,Agg. Assault,last_7_days,percent_change,percent,2026,2025,1,0.0,0.0,0%,0.0,matched,,,wilmington-compstat-v2,validated
weekly-2026-08-16-r1,weekly_compstat,2026-08-10,2026-08-16,1,7d23f10cc3e90aaa48cbc3bc24227cb4b6b80a37030aa250dc8b08f3ed7f5917,11,sector,sector_2,Sector 2,aggravated_assault,Agg. Assault,last_28_days,count,count,2026,,,13,,13,,not_applicable,,,wilmington-compstat-v2,validated
weekly-2026-08-16-r1,weekly_compstat,2026-08-10,2026-08-16,1,7d23f10cc3e90aaa48cbc3bc24227cb4b6b80a37030aa250dc8b08f3ed7f5917,11,sector,sector_2,Sector 2,aggravated_assault,Agg. Assault,last_28_days,count,count,2025,,,11,,11,,not_applicable,,,wilmington-compstat-v2,validated
weekly-2026-08-16-r1,weekly_compstat,2026-08-10,2026-08-16,1,7d23f10cc3e90aaa48cbc3bc24227cb4b6b80a37030aa250dc8b08f3ed7f5917,11,sector,sector_2,Sector 2,aggravated_assault,Agg. Assault,last_28_days,percent_change,percent,2026,2025,1,18.0,0.18,18%,18.181818,matched,,,wilmington-compstat-v2,validated
weekly-2026-08-16-r1,weekly_compstat,2026-08-10,2026-08-16,1,7d23f10cc3e90aaa48cbc3bc24227cb4b6b80a37030aa250dc8b08f3ed7f5917,11,sector,sector_2,Sector 2,aggravated_assault,Agg. Assault,year_to_date,count,count,2026,,,102,,102,,not_applicable,,,wilmington-compstat-v2,validated
weekly-2026-08-16-r1,weekly_compstat,2026-08-10,2026-08-16,1,7d23f10cc3e90aaa48cbc3bc24227cb4b6b80a37030aa250dc8b08f3ed7f5917,11,sector,sector_2,Sector 2,aggravated_assault,Agg. Assault,year_to_date,count,count,2025,,,88,,88,,not_applicable,,,wilmington-compstat-v2,validated
weekly-2026-08-16-r1,weekly_compstat,2026-08-10,2026-08-16,1,7d23f10cc3e90aaa48cbc3bc24227cb4b6b80a37030aa250dc8b08f3ed7f5917,11,sector,sector_2,Sector 2,aggravated_assault,Agg. Assault,year_to_date,percent_change,percent,2026,2025,1,16.0,0.16,16%,15.909091,matched,,,wilmington-compstat-v2,validated
weekly-2026-08-16-r1,weekly_compstat,2026-08-10,2026-08-16,1,7d23f10cc3e90aaa48cbc3bc24227cb4b6b80a37030aa250dc8b08f3ed7f5917,11,sector,sector_2,Sector 2,aggravated_assault,Agg. Assault,year_to_date,percent_change,percent,2026,2024,2,19.0,0.19,19%,,not_checkable,,,wilmington-compstat-v2,validated
weekly-2026-08-16-r1,weekly_compstat,2026-08-10,2026-08-16,1,7d23f10cc3e90aaa48cbc3bc24227cb4b6b80a37030aa250dc8b08f3ed7f5917,11,sector,sector_2,Sector 2,aggravated_assault,Agg. Assault,year_to_date,percent_change,percent,2026,2023,3,-12.0,-0.12,-12%,,not_checkable,,,wilmington-compstat-v2,validated
weekly-2026-08-16-r1,weekly_compstat,2026-08-10,2026-08-16,1,7d23f10cc3e90aaa48cbc3bc24227cb4b6b80a37030aa250dc8b08f3ed7f5917,11,sector,sector_2,Sector 2,aggravated_assault,Agg. Assault,year_to_date,percent_change,percent,2026,2022,4,11.0,0.11,11%,,not_checkable,,,wilmington-compstat-v2,validated
weekly-2026-08-16-r1,weekly_compstat,2026-08-10,2026-08-16,1,7d23f10cc3e90aaa48cbc3bc24227cb4b6b80a37030aa250dc8b08f3ed7f5917,11,sector,sector_2,Sector 2,aggravated_assault,Agg. Assault,year_to_date,percent_change,percent,2026,2021,5,-10.0,-0.1,-10%,,not_checkable,,,wilmington-compstat-v2,validated
weekly-2026-08-16-r1,weekly_compstat,2026-08-10,2026-08-16,1,7d23f10cc3e90aaa48cbc3bc24227cb4b6b80a37030aa250dc8b08f3ed7f5917,11,sector,sector_2,Sector 2,aggravated_assault,Agg. Assault,year_to_date,percent_change,percent,2026,2020,6,3.0,0.03,3%,,not_checkable,,,wilmington-compstat-v2,validated
weekly-2026-08-16-r1,weekly_compstat,2026-08-10,2026-08-16,1,7d23f10cc3e90aaa48cbc3bc24227cb4b6b80a37030aa250dc8b08f3ed7f5917,11,sector,sector_2,Sector 2,burglary,Burglary,last_7_days,count,count,2026,,,1,,1,,not_applicable,,,wilmington-compstat-v2,validated
weekly-2026-08-16-r1,weekly_compstat,2026-08-10,2026-08-16,1,7d23f10cc3e90aaa48cbc3bc24227cb4b6b80a37030aa250dc8b08f3ed7f5917,11,sector,sector_2,Sector 2,burglary,Burglary,last_7_days,count,count,2025,,,7,,7,,not_applicable,,,wilmington-compstat-v2,validated
weekly-2026-08-16-r1,weekly_compstat,2026-08-10,2026-08-16,1,7d23f10cc3e90aaa48cbc3bc24227cb4b6b80a37030aa250dc8b08f3ed7f5917,11,sector,sector_2,Sector 2,burglary,Burglary,last_7_days,percent_change,percent,2026,2025,1,-86.0,-0.86,-86%,-85.714286,matched,,,wilmington-compstat-v2,validated
weekly-2026-08-16-r1,weekly_compstat,2026-08-10,2026-08-16,1,7d23f10cc3e90aaa48cbc3bc24227cb4b6b80a37030aa250dc8b08f3ed7f5917,11,sector,sector_2,Sector 2,burglary,Burglary,last_28_days,count,count,2026,,,4,,4,,not_applicable,,,wilmington-compstat-v2,validated
weekly-2026-08-16-r1,weekly_compstat,2026-08-10,2026-08-16,1,7d23f10cc3e90aaa48cbc3bc24227cb4b6b80a37030aa250dc8b08f3ed7f5917,11,sector,sector_2,Sector 2,burglary,Burglary,last_28_days,count,count,2025,,,17,,17,,not_applicable,,,wilmington-compstat-v2,validated
weekly-2026-08-16-r1,weekly_compstat,2026-08-10,2026-08-16,1,7d23f10cc3e90aaa48cbc3bc24227cb4b6b80a37030aa250dc8b08f3ed7f5917,11,sector,sector_2,Sector 2,burglary,Burglary,last_28_days,percent_change,percent,2026,2025,1,-76.0,-0.76,-76%,-76.470588,matched,,,wilmington-compstat-v2,validated
weekly-2026-08-16-r1,weekly_compstat,2026-08-10,2026-08-16,1,7d23f10cc3e90aaa48cbc3bc24227cb4b6b80a37030aa250dc8b08f3ed7f5917,11,sector,sector_2,Sector 2,burglary,Burglary,year_to_date,count,count,2026,,,77,,77,,not_applicable,,,wilmington-compstat-v2,validated
weekly-2026-08-16-r1,weekly_compstat,2026-08-10,2026-08-16,1,7d23f10cc3e90aaa48cbc3bc24227cb4b6b80a37030aa250dc8b08f3ed7f5917,11,sector,sector_2,Sector 2,burglary,Burglary,year_to_date,count,count,2025,,,83,,83,,not_applicable,,,wilmington-compstat-v2,validated
weekly-2026-08-16-r1,weekly_compstat,2026-08-10,2026-08-16,1,7d23f10cc3e90aaa48cbc3bc24227cb4b6b80a37030aa250dc8b08f3ed7f5917,11,sector,sector_2,Sector 2,burglary,Burglary,year_to_date,percent_change,percent,2026,2025,1,-7.0,-0.07,-7%,-7.228916,matched,,,wilmington-compstat-v2,validated
weekly-2026-08-16-r1,weekly_compstat,2026-08-10,2026-08-16,1,7d23f10cc3e90aaa48cbc3bc24227cb4b6b80a37030aa250dc8b08f3ed7f5917,11,sector,sector_2,Sector 2,burglary,Burglary,year_to_date,percent_change,percent,2026,2024,2,-7.0,-0.07,-7%,,not_checkable,,,wilmington-compstat-v2,validated
weekly-2026-08-16-r1,weekly_compstat,2026-08-10,2026-08-16,1,7d23f10cc3e90aaa48cbc3bc24227cb4b6b80a37030aa250dc8b08f3ed7f5917,11,sector,sector_2,Sector 2,burglary,Burglary,year_to_date,percent_change,percent,2026,2023,3,-9.0,-0.09,-9%,,not_checkable,,,wilmington-compstat-v2,validated
weekly-2026-08-16-r1,weekly_compstat,2026-08-10,2026-08-16,1,7d23f10cc3e90aaa48cbc3bc24227cb4b6b80a37030aa250dc8b08f3ed7f5917,11,sector,sector_2,Sector 2,burglary,Burglary,year_to_date,percent_change,percent,2026,2022,4,3.0,0.03,3%,,not_checkable,,,wilmington-compstat-v2,validated
weekly-2026-08-16-r1,weekly_compstat,2026-08-10,2026-08-16,1,7d23f10cc3e90aaa48cbc3bc24227cb4b6b80a37030aa250dc8b08f3ed7f5917,11,sector,sector_2,Sector 2,burglary,Burglary,year_to_date,percent_change,percent,2026,2021,5,-14.0,-0.14,-14%,,not_checkable,,,wilmington-compstat-v2,validated
weekly-2026-08-16-r1,weekly_compstat,2026-08-10,2026-08-16,1,7d23f10cc3e90aaa48cbc3bc24227cb4b6b80a37030aa250dc8b08f3ed7f5917,11,sector,sector_2,Sector 2,burglary,Burglary,year_to_date,percent_change,percent,2026,2020,6,-32.0,-0.32,-32%,,not_checkable,,,wilmington-compstat-v2,validated
weekly-2026-08-16-r1,weekly_compstat,2026-08-10,2026-08-16,1,7d23f10cc3e90aaa48cbc3bc24227cb4b6b80a37030aa250dc8b08f3ed7f5917,11,sector,sector_2,Sector 2,felony_theft,Felony Theft,last_7_days,count,count,2026,,,3,,3,,not_applicable,,,wilmington-compstat-v2,validated
weekly-2026-08-16-r1,weekly_compstat,2026-08-10,2026-08-16,1,7d23f10cc3e90aaa48cbc3bc24227cb4b6b80a37030aa250dc8b08f3ed7f5917,11,sector,sector_2,Sector 2,felony_theft,Felony Theft,last_7_days,count,count,2025,,,2,,2,,not_applicable,,,wilmington-compstat-v2,validated
weekly-2026-08-16-r1,weekly_compstat,2026-08-10,2026-08-16,1,7d23f10cc3e90aaa48cbc3bc24227cb4b6b80a37030aa250dc8b08f3ed7f5917,11,sector,sector_2,Sector 2,felony_theft,Felony Theft,last_7_days,percent_change,percent,2026,2025,1,50.0,0.5,50%,50.0,matched,,,wilmington-compstat-v2,validated
weekly-2026-08-16-r1,weekly_compstat,2026-08-10,2026-08-16,1,7d23f10cc3e90aaa48cbc3bc24227cb4b6b80a37030aa250dc8b08f3ed7f5917,11,sector,sector_2,Sector 2,felony_theft,Felony Theft,last_28_days,count,count,2026,,,12,,12,,not_applicable,,,wilmington-compstat-v2,validated
weekly-2026-08-16-r1,weekly_compstat,2026-08-10,2026-08-16,1,7d23f10cc3e90aaa48cbc3bc24227cb4b6b80a37030aa250dc8b08f3ed7f5917,11,sector,sector_2,Sector 2,felony_theft,Felony Theft,last_28_days,count,count,2025,,,5,,5,,not_applicable,,,wilmington-compstat-v2,validated
weekly-2026-08-16-r1,weekly_compstat,2026-08-10,2026-08-16,1,7d23f10cc3e90aaa48cbc3bc24227cb4b6b80a37030aa250dc8b08f3ed7f5917,11,sector,sector_2,Sector 2,felony_theft,Felony Theft,last_28_days,percent_change,percent,2026,2025,1,140.0,1.4,140%,140.0,matched,,,wilmington-compstat-v2,validated
weekly-2026-08-16-r1,weekly_compstat,2026-08-10,2026-08-16,1,7d23f10cc3e90aaa48cbc3bc24227cb4b6b80a37030aa250dc8b08f3ed7f5917,11,sector,sector_2,Sector 2,felony_theft,Felony Theft,year_to_date,count,count,2026,,,48,,48,,not_applicable,,,wilmington-compstat-v2,validated
weekly-2026-08-16-r1,weekly_compstat,2026-08-10,2026-08-16,1,7d23f10cc3e90aaa48cbc3bc24227cb4b6b80a37030aa250dc8b08f3ed7f5917,11,sector,sector_2,Sector 2,felony_theft,Felony Theft,year_to_date,count,count,2025,,,58,,58,,not_applicable,,,wilmington-compstat-v2,validated
weekly-2026-08-16-r1,weekly_compstat,2026-08-10,2026-08-16,1,7d23f10cc3e90aaa48cbc3bc24227cb4b6b80a37030aa250dc8b08f3ed7f5917,11,sector,sector_2,Sector 2,felony_theft,Felony Theft,year_to_date,percent_change,percent,2026,2025,1,-17.0,-0.17,-17%,-17.241379,matched,,,wilmington-compstat-v2,validated
weekly-2026-08-16-r1,weekly_compstat,2026-08-10,2026-08-16,1,7d23f10cc3e90aaa48cbc3bc24227cb4b6b80a37030aa250dc8b08f3ed7f5917,11,sector,sector_2,Sector 2,felony_theft,Felony Theft,year_to_date,percent_change,percent,2026,2024,2,-31.0,-0.31,-31%,,not_checkable,,,wilmington-compstat-v2,validated
weekly-2026-08-16-r1,weekly_compstat,2026-08-10,2026-08-16,1,7d23f10cc3e90aaa48cbc3bc24227cb4b6b80a37030aa250dc8b08f3ed7f5917,11,sector,sector_2,Sector 2,felony_theft,Felony Theft,year_to_date,percent_change,percent,2026,2023,3,-21.0,-0.21,-21%,,not_checkable,,,wilmington-compstat-v2,validated
weekly-2026-08-16-r1,weekly_compstat,2026-08-10,2026-08-16,1,7d23f10cc3e90aaa48cbc3bc24227cb4b6b80a37030aa250dc8b08f3ed7f5917,11,sector,sector_2,Sector 2,felony_theft,Felony Theft,year_to_date,percent_change,percent,2026,2022,4,-29.0,-0.29,-29%,,not_checkable,,,wilmington-compstat-v2,validated
weekly-2026-08-16-r1,weekly_compstat,2026-08-10,2026-08-16,1,7d23f10cc3e90aaa48cbc3bc24227cb4b6b80a37030aa250dc8b08f3ed7f5917,11,sector,sector_2,Sector 2,felony_theft,Felony Theft,year_to_date,percent_change,percent,2026,2021,5,4.0,0.04,4%,,not_checkable,,,wilmington-compstat-v2,validated
weekly-2026-08-16-r1,weekly_compstat,2026-08-10,2026-08-16,1,7d23f10cc3e90aaa48cbc3bc24227cb4b6b80a37030aa250dc8b08f3ed7f5917,11,sector,sector_2,Sector 2,felony_theft,Felony Theft,year_to_date,percent_change,percent,2026,2020,6,9.0,0.09,9%,,not_checkable,,,wilmington-compstat-v2,validated
weekly-2026-08-16-r1,weekly_compstat,2026-08-10,2026-08-16,1,7d23f10cc3e90aaa48cbc3bc24227cb4b6b80a37030aa250dc8b08f3ed7f5917,11,sector,sector_2,Sector 2,auto_theft,Auto Theft,last_7_days,count,count,2026,,,1,,1,,not_applicable,,,wilmington-compstat-v2,validated
weekly-2026-08-16-r1,weekly_compstat,2026-08-10,2026-08-16,1,7d23f10cc3e90aaa48cbc3bc24227cb4b6b80a37030aa250dc8b08f3ed7f5917,11,sector,sector_2,Sector 2,auto_theft,Auto Theft,last_7_days,count,count,2025,,,2,,2,,not_applicable,,,wilmington-compstat-v2,validated
weekly-2026-08-16-r1,weekly_compstat,2026-08-10,2026-08-16,1,7d23f10cc3e90aaa48cbc3bc24227cb4b6b80a37030aa250dc8b08f3ed7f5917,11,sector,sector_2,Sector 2,auto_theft,Auto Theft,last_7_days,percent_change,percent,2026,2025,1,-50.0,-0.5,-50%,-50.0,matched,,,wilmington-compstat-v2,validated
weekly-2026-08-16-r1,weekly_compstat,2026-08-10,2026-08-16,1,7d23f10cc3e90aaa48cbc3bc24227cb4b6b80a37030aa250dc8b08f3ed7f5917,11,sector,sector_2,Sector 2,auto_theft,Auto Theft,last_28_days,count,count,2026,,,7,,7,,not_applicable,,,wilmington-compstat-v2,validated
weekly-2026-08-16-r1,weekly_compstat,2026-08-10,2026-08-16,1,7d23f10cc3e90aaa48cbc3bc24227cb4b6b80a37030aa250dc8b08f3ed7f5917,11,sector,sector_2,Sector 2,auto_theft,Auto Theft,last_28_days,count,count,2025,,,10,,10,,not_applicable,,,wilmington-compstat-v2,validated
weekly-2026-08-16-r1,weekly_compstat,2026-08-10,2026-08-16,1,7d23f10cc3e90aaa48cbc3bc24227cb4b6b80a37030aa250dc8b08f3ed7f5917,11,sector,sector_2,Sector 2,auto_theft,Auto Theft,last_28_days,percent_change,percent,2026,2025,1,-30.0,-0.3,-30%,-30.0,matched,,,wilmington-compstat-v2,validated
weekly-2026-08-16-r1,weekly_compstat,2026-08-10,2026-08-16,1,7d23f10cc3e90aaa48cbc3bc24227cb4b6b80a37030aa250dc8b08f3ed7f5917,11,sector,sector_2,Sector 2,auto_theft,Auto Theft,year_to_date,count,count,2026,,,41,,41,,not_applicable,,,wilmington-compstat-v2,validated
weekly-2026-08-16-r1,weekly_compstat,2026-08-10,2026-08-16,1,7d23f10cc3e90aaa48cbc3bc24227cb4b6b80a37030aa250dc8b08f3ed7f5917,11,sector,sector_2,Sector 2,auto_theft,Auto Theft,year_to_date,count,count,2025,,,54,,54,,not_applicable,,,wilmington-compstat-v2,validated
weekly-2026-08-16-r1,weekly_compstat,2026-08-10,2026-08-16,1,7d23f10cc3e90aaa48cbc3bc24227cb4b6b80a37030aa250dc8b08f3ed7f5917,11,sector,sector_2,Sector 2,auto_theft,Auto Theft,year_to_date,percent_change,percent,2026,2025,1,-24.0,-0.24,-24%,-24.074074,matched,,,wilmington-compstat-v2,validated
weekly-2026-08-16-r1,weekly_compstat,2026-08-10,2026-08-16,1,7d23f10cc3e90aaa48cbc3bc24227cb4b6b80a37030aa250dc8b08f3ed7f5917,11,sector,sector_2,Sector 2,auto_theft,Auto Theft,year_to_date,percent_change,percent,2026,2024,2,-43.0,-0.43,-43%,,not_checkable,,,wilmington-compstat-v2,validated
weekly-2026-08-16-r1,weekly_compstat,2026-08-10,2026-08-16,1,7d23f10cc3e90aaa48cbc3bc24227cb4b6b80a37030aa250dc8b08f3ed7f5917,11,sector,sector_2,Sector 2,auto_theft,Auto Theft,year_to_date,percent_change,percent,2026,2023,3,-51.0,-0.51,-51%,,not_checkable,,,wilmington-compstat-v2,validated
weekly-2026-08-16-r1,weekly_compstat,2026-08-10,2026-08-16,1,7d23f10cc3e90aaa48cbc3bc24227cb4b6b80a37030aa250dc8b08f3ed7f5917,11,sector,sector_2,Sector 2,auto_theft,Auto Theft,year_to_date,percent_change,percent,2026,2022,4,-25.0,-0.25,-25%,,not_checkable,,,wilmington-compstat-v2,validated
weekly-2026-08-16-r1,weekly_compstat,2026-08-10,2026-08-16,1,7d23f10cc3e90aaa48cbc3bc24227cb4b6b80a37030aa250dc8b08f3ed7f5917,11,sector,sector_2,Sector 2,auto_theft,Auto Theft,year_to_date,percent_change,percent,2026,2021,5,-41.0,-0.41,-41%,,not_checkable,,,wilmington-compstat-v2,validated
weekly-2026-08-16-r1,weekly_compstat,2026-08-10,2026-08-16,1,7d23f10cc3e90aaa48cbc3bc24227cb4b6b80a37030aa250dc8b08f3ed7f5917,11,sector,sector_2,Sector 2,auto_theft,Auto Theft,year_to_date,percent_change,percent,2026,2020,6,-46.0,-0.46,-46%,,not_checkable,,,wilmington-compstat-v2,validated
weekly-2026-08-16-r1,weekly_compstat,2026-08-10,2026-08-16,1,7d23f10cc3e90aaa48cbc3bc24227cb4b6b80a37030aa250dc8b08f3ed7f5917,11,sector,sector_2,Sector 2,major_crime_total,TOTAL,last_7_days,count,count,2026,,,8,,8,,not_applicable,,,wilmington-compstat-v2,validated
weekly-2026-08-16-r1,weekly_compstat,2026-08-10,2026-08-16,1,7d23f10cc3e90aaa48cbc3bc24227cb4b6b80a37030aa250dc8b08f3ed7f5917,11,sector,sector_2,Sector 2,major_crime_total,TOTAL,last_7_days,count,count,2025,,,16,,16,,not_applicable,,,wilmington-compstat-v2,validated
weekly-2026-08-16-r1,weekly_compstat,2026-08-10,2026-08-16,1,7d23f10cc3e90aaa48cbc3bc24227cb4b6b80a37030aa250dc8b08f3ed7f5917,11,sector,sector_2,Sector 2,major_crime_total,TOTAL,last_7_days,percent_change,percent,2026,2025,1,-50.0,-0.5,-50%,-50.0,matched,,,wilmington-compstat-v2,validated
weekly-2026-08-16-r1,weekly_compstat,2026-08-10,2026-08-16,1,7d23f10cc3e90aaa48cbc3bc24227cb4b6b80a37030aa250dc8b08f3ed7f5917,11,sector,sector_2,Sector 2,major_crime_total,TOTAL,last_28_days,count,count,2026,,,43,,43,,not_applicable,,,wilmington-compstat-v2,validated
weekly-2026-08-16-r1,weekly_compstat,2026-08-10,2026-08-16,1,7d23f10cc3e90aaa48cbc3bc24227cb4b6b80a37030aa250dc8b08f3ed7f5917,11,sector,sector_2,Sector 2,major_crime_total,TOTAL,last_28_days,count,count,2025,,,57,,57,,not_applicable,,,wilmington-compstat-v2,validated
weekly-2026-08-16-r1,weekly_compstat,2026-08-10,2026-08-16,1,7d23f10cc3e90aaa48cbc3bc24227cb4b6b80a37030aa250dc8b08f3ed7f5917,11,sector,sector_2,Sector 2,major_crime_total,TOTAL,last_28_days,percent_change,percent,2026,2025,1,-25.0,-0.25,-25%,-24.561404,matched,,,wilmington-compstat-v2,validated
weekly-2026-08-16-r1,weekly_compstat,2026-08-10,2026-08-16,1,7d23f10cc3e90aaa48cbc3bc24227cb4b6b80a37030aa250dc8b08f3ed7f5917,11,sector,sector_2,Sector 2,major_crime_total,TOTAL,year_to_date,count,count,2026,,,333,,333,,not_applicable,,,wilmington-compstat-v2,validated
weekly-2026-08-16-r1,weekly_compstat,2026-08-10,2026-08-16,1,7d23f10cc3e90aaa48cbc3bc24227cb4b6b80a37030aa250dc8b08f3ed7f5917,11,sector,sector_2,Sector 2,major_crime_total,TOTAL,year_to_date,count,count,2025,,,346,,346,,not_applicable,,,wilmington-compstat-v2,validated
weekly-2026-08-16-r1,weekly_compstat,2026-08-10,2026-08-16,1,7d23f10cc3e90aaa48cbc3bc24227cb4b6b80a37030aa250dc8b08f3ed7f5917,11,sector,sector_2,Sector 2,major_crime_total,TOTAL,year_to_date,percent_change,percent,2026,2025,1,-4.0,-0.04,-4%,-3.757225,matched,,,wilmington-compstat-v2,validated
weekly-2026-08-16-r1,weekly_compstat,2026-08-10,2026-08-16,1,7d23f10cc3e90aaa48cbc3bc24227cb4b6b80a37030aa250dc8b08f3ed7f5917,11,sector,sector_2,Sector 2,major_crime_total,TOTAL,year_to_date,percent_change,percent,2026,2024,2,-10.0,-0.1,-10%,,not_checkable,,,wilmington-compstat-v2,validated
weekly-2026-08-16-r1,weekly_compstat,2026-08-10,2026-08-16,1,7d23f10cc3e90aaa48cbc3bc24227cb4b6b80a37030aa250dc8b08f3ed7f5917,11,sector,sector_2,Sector 2,major_crime_total,TOTAL,year_to_date,percent_change,percent,2026,2023,3,-16.0,-0.16,-16%,,not_checkable,,,wilmington-compstat-v2,validated
weekly-2026-08-16-r1,weekly_compstat,2026-08-10,2026-08-16,1,7d23f10cc3e90aaa48cbc3bc24227cb4b6b80a37030aa250dc8b08f3ed7f5917,11,sector,sector_2,Sector 2,major_crime_total,TOTAL,year_to_date,percent_change,percent,2026,2022,4,-4.0,-0.04,-4%,,not_checkable,,,wilmington-compstat-v2,validated
weekly-2026-08-16-r1,weekly_compstat,2026-08-10,2026-08-16,1,7d23f10cc3e90aaa48cbc3bc24227cb4b6b80a37030aa250dc8b08f3ed7f5917,11,sector,sector_2,Sector 2,major_crime_total,TOTAL,year_to_date,percent_change,percent,2026,2021,5,-7.0,-0.07,-7%,,not_checkable,,,wilmington-compstat-v2,validated
weekly-2026-08-16-r1,weekly_compstat,2026-08-10,2026-08-16,1,7d23f10cc3e90aaa48cbc3bc24227cb4b6b80a37030aa250dc8b08f3ed7f5917,11,sector,sector_2,Sector 2,major_crime_total,TOTAL,year_to_date,percent_change,percent,2026,2020,6,-17.0,-0.17,-17%,,not_checkable,,,wilmington-compstat-v2,validated
weekly-2026-08-16-r1,weekly_compstat,2026-08-10,2026-08-16,1,7d23f10cc3e90aaa48cbc3bc24227cb4b6b80a37030aa250dc8b08f3ed7f5917,11,sector,sector_2,Sector 2,shooting_incidents,Shooting Incidents,last_7_days,count,count,2026,,,2,,2,,not_applicable,,,wilmington-compstat-v2,validated
weekly-2026-08-16-r1,weekly_compstat,2026-08-10,2026-08-16,1,7d23f10cc3e90aaa48cbc3bc24227cb4b6b80a37030aa250dc8b08f3ed7f5917,11,sector,sector_2,Sector 2,shooting_incidents,Shooting Incidents,last_7_days,count,count,2025,,,1,,1,,not_applicable,,,wilmington-compstat-v2,validated
weekly-2026-08-16-r1,weekly_compstat,2026-08-10,2026-08-16,1,7d23f10cc3e90aaa48cbc3bc24227cb4b6b80a37030aa250dc8b08f3ed7f5917,11,sector,sector_2,Sector 2,shooting_incidents,Shooting Incidents,last_7_days,percent_change,percent,2026,2025,1,100.0,1.0,100%,100.0,matched,,,wilmington-compstat-v2,validated
weekly-2026-08-16-r1,weekly_compstat,2026-08-10,2026-08-16,1,7d23f10cc3e90aaa48cbc3bc24227cb4b6b80a37030aa250dc8b08f3ed7f5917,11,sector,sector_2,Sector 2,shooting_incidents,Shooting Incidents,last_28_days,count,count,2026,,,5,,5,,not_applicable,,,wilmington-compstat-v2,validated
weekly-2026-08-16-r1,weekly_compstat,2026-08-10,2026-08-16,1,7d23f10cc3e90aaa48cbc3bc24227cb4b6b80a37030aa250dc8b08f3ed7f5917,11,sector,sector_2,Sector 2,shooting_incidents,Shooting Incidents,last_28_days,count,count,2025,,,2,,2,,not_applicable,,,wilmington-compstat-v2,validated
weekly-2026-08-16-r1,weekly_compstat,2026-08-10,2026-08-16,1,7d23f10cc3e90aaa48cbc3bc24227cb4b6b80a37030aa250dc8b08f3ed7f5917,11,sector,sector_2,Sector 2,shooting_incidents,Shooting Incidents,last_28_days,percent_change,percent,2026,2025,1,150.0,1.5,150%,150.0,matched,,,wilmington-compstat-v2,validated
weekly-2026-08-16-r1,weekly_compstat,2026-08-10,2026-08-16,1,7d23f10cc3e90aaa48cbc3bc24227cb4b6b80a37030aa250dc8b08f3ed7f5917,11,sector,sector_2,Sector 2,shooting_incidents,Shooting Incidents,year_to_date,count,count,2026,,,18,,18,,not_applicable,,,wilmington-compstat-v2,validated
weekly-2026-08-16-r1,weekly_compstat,2026-08-10,2026-08-16,1,7d23f10cc3e90aaa48cbc3bc24227cb4b6b80a37030aa250dc8b08f3ed7f5917,11,sector,sector_2,Sector 2,shooting_incidents,Shooting Incidents,year_to_date,count,count,2025,,,12,,12,,not_applicable,,,wilmington-compstat-v2,validated
weekly-2026-08-16-r1,weekly_compstat,2026-08-10,2026-08-16,1,7d23f10cc3e90aaa48cbc3bc24227cb4b6b80a37030aa250dc8b08f3ed7f5917,11,sector,sector_2,Sector 2,shooting_incidents,Shooting Incidents,year_to_date,percent_change,percent,2026,2025,1,50.0,0.5,50%,50.0,matched,,,wilmington-compstat-v2,validated
weekly-2026-08-16-r1,weekly_compstat,2026-08-10,2026-08-16,1,7d23f10cc3e90aaa48cbc3bc24227cb4b6b80a37030aa250dc8b08f3ed7f5917,11,sector,sector_2,Sector 2,shooting_incidents,Shooting Incidents,year_to_date,percent_change,percent,2026,2024,2,-18.0,-0.18,-18%,,not_checkable,,,wilmington-compstat-v2,validated
weekly-2026-08-16-r1,weekly_compstat,2026-08-10,2026-08-16,1,7d23f10cc3e90aaa48cbc3bc24227cb4b6b80a37030aa250dc8b08f3ed7f5917,11,sector,sector_2,Sector 2,shooting_incidents,Shooting Incidents,year_to_date,percent_change,percent,2026,2023,3,6.0,0.06,6%,,not_checkable,,,wilmington-compstat-v2,validated
weekly-2026-08-16-r1,weekly_compstat,2026-08-10,2026-08-16,1,7d23f10cc3e90aaa48cbc3bc24227cb4b6b80a37030aa250dc8b08f3ed7f5917,11,sector,sector_2,Sector 2,shooting_incidents,Shooting Incidents,year_to_date,percent_change,percent,2026,2022,4,-14.0,-0.14,-14%,,not_checkable,,,wilmington-compstat-v2,validated
weekly-2026-08-16-r1,weekly_compstat,2026-08-10,2026-08-16,1,7d23f10cc3e90aaa48cbc3bc24227cb4b6b80a37030aa250dc8b08f3ed7f5917,11,sector,sector_2,Sector 2,shooting_incidents,Shooting Incidents,year_to_date,percent_change,percent,2026,2021,5,-45.0,-0.45,-45%,,not_checkable,,,wilmington-compstat-v2,validated
weekly-2026-08-16-r1,weekly_compstat,2026-08-10,2026-08-16,1,7d23f10cc3e90aaa48cbc3bc24227cb4b6b80a37030aa250dc8b08f3ed7f5917,11,sector,sector_2,Sector 2,shooting_incidents,Shooting Incidents,year_to_date,percent_change,percent,2026,2020,6,-42.0,-0.42,-42%,,not_checkable,,,wilmington-compstat-v2,validated
weekly-2026-08-16-r1,weekly_compstat,2026-08-10,2026-08-16,1,7d23f10cc3e90aaa48cbc3bc24227cb4b6b80a37030aa250dc8b08f3ed7f5917,11,sector,sector_2,Sector 2,shooting_victims,Shooting Victims,last_7_days,count,count,2026,,,5,,5,,not_applicable,,,wilmington-compstat-v2,validated
weekly-2026-08-16-r1,weekly_compstat,2026-08-10,2026-08-16,1,7d23f10cc3e90aaa48cbc3bc24227cb4b6b80a37030aa250dc8b08f3ed7f5917,11,sector,sector_2,Sector 2,shooting_victims,Shooting Victims,last_7_days,count,count,2025,,,1,,1,,not_applicable,,,wilmington-compstat-v2,validated
weekly-2026-08-16-r1,weekly_compstat,2026-08-10,2026-08-16,1,7d23f10cc3e90aaa48cbc3bc24227cb4b6b80a37030aa250dc8b08f3ed7f5917,11,sector,sector_2,Sector 2,shooting_victims,Shooting Victims,last_7_days,percent_change,percent,2026,2025,1,400.0,4.0,400%,400.0,matched,,,wilmington-compstat-v2,validated
weekly-2026-08-16-r1,weekly_compstat,2026-08-10,2026-08-16,1,7d23f10cc3e90aaa48cbc3bc24227cb4b6b80a37030aa250dc8b08f3ed7f5917,11,sector,sector_2,Sector 2,shooting_victims,Shooting Victims,last_28_days,count,count,2026,,,8,,8,,not_applicable,,,wilmington-compstat-v2,validated
weekly-2026-08-16-r1,weekly_compstat,2026-08-10,2026-08-16,1,7d23f10cc3e90aaa48cbc3bc24227cb4b6b80a37030aa250dc8b08f3ed7f5917,11,sector,sector_2,Sector 2,shooting_victims,Shooting Victims,last_28_days,count,count,2025,,,3,,3,,not_applicable,,,wilmington-compstat-v2,validated
weekly-2026-08-16-r1,weekly_compstat,2026-08-10,2026-08-16,1,7d23f10cc3e90aaa48cbc3bc24227cb4b6b80a37030aa250dc8b08f3ed7f5917,11,sector,sector_2,Sector 2,shooting_victims,Shooting Victims,last_28_days,percent_change,percent,2026,2025,1,167.0,1.67,167%,166.666667,matched,,,wilmington-compstat-v2,validated
weekly-2026-08-16-r1,weekly_compstat,2026-08-10,2026-08-16,1,7d23f10cc3e90aaa48cbc3bc24227cb4b6b80a37030aa250dc8b08f3ed7f5917,11,sector,sector_2,Sector 2,shooting_victims,Shooting Victims,year_to_date,count,count,2026,,,25,,25,,not_applicable,,,wilmington-compstat-v2,validated
weekly-2026-08-16-r1,weekly_compstat,2026-08-10,2026-08-16,1,7d23f10cc3e90aaa48cbc3bc24227cb4b6b80a37030aa250dc8b08f3ed7f5917,11,sector,sector_2,Sector 2,shooting_victims,Shooting Victims,year_to_date,count,count,2025,,,14,,14,,not_applicable,,,wilmington-compstat-v2,validated
weekly-2026-08-16-r1,weekly_compstat,2026-08-10,2026-08-16,1,7d23f10cc3e90aaa48cbc3bc24227cb4b6b80a37030aa250dc8b08f3ed7f5917,11,sector,sector_2,Sector 2,shooting_victims,Shooting Victims,year_to_date,percent_change,percent,2026,2025,1,79.0,0.79,79%,78.571429,matched,,,wilmington-compstat-v2,validated
weekly-2026-08-16-r1,weekly_compstat,2026-08-10,2026-08-16,1,7d23f10cc3e90aaa48cbc3bc24227cb4b6b80a37030aa250dc8b08f3ed7f5917,11,sector,sector_2,Sector 2,shooting_victims,Shooting Victims,year_to_date,percent_change,percent,2026,2024,2,0.0,0.0,0%,,not_checkable,,,wilmington-compstat-v2,validated
weekly-2026-08-16-r1,weekly_compstat,2026-08-10,2026-08-16,1,7d23f10cc3e90aaa48cbc3bc24227cb4b6b80a37030aa250dc8b08f3ed7f5917,11,sector,sector_2,Sector 2,shooting_victims,Shooting Victims,year_to_date,percent_change,percent,2026,2023,3,25.0,0.25,25%,,not_checkable,,,wilmington-compstat-v2,validated
weekly-2026-08-16-r1,weekly_compstat,2026-08-10,2026-08-16,1,7d23f10cc3e90aaa48cbc3bc24227cb4b6b80a37030aa250dc8b08f3ed7f5917,11,sector,sector_2,Sector 2,shooting_victims,Shooting Victims,year_to_date,percent_change,percent,2026,2022,4,-4.0,-0.04,-4%,,not_checkable,,,wilmington-compstat-v2,validated
weekly-2026-08-16-r1,weekly_compstat,2026-08-10,2026-08-16,1,7d23f10cc3e90aaa48cbc3bc24227cb4b6b80a37030aa250dc8b08f3ed7f5917,11,sector,sector_2,Sector 2,shooting_victims,Shooting Victims,year_to_date,percent_change,percent,2026,2021,5,-47.0,-0.47,-47%,,not_checkable,,,wilmington-compstat-v2,validated
weekly-2026-08-16-r1,weekly_compstat,2026-08-10,2026-08-16,1,7d23f10cc3e90aaa48cbc3bc24227cb4b6b80a37030aa250dc8b08f3ed7f5917,11,sector,sector_2,Sector 2,shooting_victims,Shooting Victims,year_to_date,percent_change,percent,2026,2020,6,-39.0,-0.39,-39%,,not_checkable,,,wilmington-compstat-v2,validated
weekly-2026-08-16-r1,weekly_compstat,2026-08-10,2026-08-16,1,7d23f10cc3e90aaa48cbc3bc24227cb4b6b80a37030aa250dc8b08f3ed7f5917,11,sector,sector_2,Sector 2,juvenile_shooting_incidents,*Juv Shooting Incidents,last_7_days,count,count,2026,,,0,,0,,not_applicable,,,wilmington-compstat-v2,validated
weekly-2026-08-16-r1,weekly_compstat,2026-08-10,2026-08-16,1,7d23f10cc3e90aaa48cbc3bc24227cb4b6b80a37030aa250dc8b08f3ed7f5917,11,sector,sector_2,Sector 2,juvenile_shooting_incidents,*Juv Shooting Incidents,last_7_days,count,count,2025,,,0,,0,,not_applicable,,,wilmington-compstat-v2,validated
weekly-2026-08-16-r1,weekly_compstat,2026-08-10,2026-08-16,1,7d23f10cc3e90aaa48cbc3bc24227cb4b6b80a37030aa250dc8b08f3ed7f5917,11,sector,sector_2,Sector 2,juvenile_shooting_incidents,*Juv Shooting Incidents,last_7_days,percent_change,percent,2026,2025,1,,,*,,undefined_zero_denominator,,undefined_zero_denominator,wilmington-compstat-v2,validated
weekly-2026-08-16-r1,weekly_compstat,2026-08-10,2026-08-16,1,7d23f10cc3e90aaa48cbc3bc24227cb4b6b80a37030aa250dc8b08f3ed7f5917,11,sector,sector_2,Sector 2,juvenile_shooting_incidents,*Juv Shooting Incidents,last_28_days,count,count,2026,,,1,,1,,not_applicable,,,wilmington-compstat-v2,validated
weekly-2026-08-16-r1,weekly_compstat,2026-08-10,2026-08-16,1,7d23f10cc3e90aaa48cbc3bc24227cb4b6b80a37030aa250dc8b08f3ed7f5917,11,sector,sector_2,Sector 2,juvenile_shooting_incidents,*Juv Shooting Incidents,last_28_days,count,count,2025,,,0,,0,,not_applicable,,,wilmington-compstat-v2,validated
weekly-2026-08-16-r1,weekly_compstat,2026-08-10,2026-08-16,1,7d23f10cc3e90aaa48cbc3bc24227cb4b6b80a37030aa250dc8b08f3ed7f5917,11,sector,sector_2,Sector 2,juvenile_shooting_incidents,*Juv Shooting Incidents,last_28_days,percent_change,percent,2026,2025,1,,,*,,undefined_zero_denominator,,undefined_zero_denominator,wilmington-compstat-v2,validated
weekly-2026-08-16-r1,weekly_compstat,2026-08-10,2026-08-16,1,7d23f10cc3e90aaa48cbc3bc24227cb4b6b80a37030aa250dc8b08f3ed7f5917,11,sector,sector_2,Sector 2,juvenile_shooting_incidents,*Juv Shooting Incidents,year_to_date,count,count,2026,,,6,,6,,not_applicable,,,wilmington-compstat-v2,validated
weekly-2026-08-16-r1,weekly_compstat,2026-08-10,2026-08-16,1,7d23f10cc3e90aaa48cbc3bc24227cb4b6b80a37030aa250dc8b08f3ed7f5917,11,sector,sector_2,Sector 2,juvenile_shooting_incidents,*Juv Shooting Incidents,year_to_date,count,count,2025,,,0,,0,,not_applicable,,,wilmington-compstat-v2,validated
weekly-2026-08-16-r1,weekly_compstat,2026-08-10,2026-08-16,1,7d23f10cc3e90aaa48cbc3bc24227cb4b6b80a37030aa250dc8b08f3ed7f5917,11,sector,sector_2,Sector 2,juvenile_shooting_incidents,*Juv Shooting Incidents,year_to_date,percent_change,percent,2026,2025,1,,,*,,undefined_zero_denominator,,undefined_zero_denominator,wilmington-compstat-v2,validated
weekly-2026-08-16-r1,weekly_compstat,2026-08-10,2026-08-16,1,7d23f10cc3e90aaa48cbc3bc24227cb4b6b80a37030aa250dc8b08f3ed7f5917,11,sector,sector_2,Sector 2,juvenile_shooting_incidents,*Juv Shooting Incidents,year_to_date,percent_change,percent,2026,2024,2,100.0,1.0,100%,,not_checkable,,,wilmington-compstat-v2,validated
weekly-2026-08-16-r1,weekly_compstat,2026-08-10,2026-08-16,1,7d23f10cc3e90aaa48cbc3bc24227cb4b6b80a37030aa250dc8b08f3ed7f5917,11,sector,sector_2,Sector 2,juvenile_shooting_incidents,*Juv Shooting Incidents,year_to_date,percent_change,percent,2026,2023,3,50.0,0.5,50%,,not_checkable,,,wilmington-compstat-v2,validated
weekly-2026-08-16-r1,weekly_compstat,2026-08-10,2026-08-16,1,7d23f10cc3e90aaa48cbc3bc24227cb4b6b80a37030aa250dc8b08f3ed7f5917,11,sector,sector_2,Sector 2,juvenile_shooting_incidents,*Juv Shooting Incidents,year_to_date,percent_change,percent,2026,2022,4,200.0,2.0,200%,,not_checkable,,,wilmington-compstat-v2,validated
weekly-2026-08-16-r1,weekly_compstat,2026-08-10,2026-08-16,1,7d23f10cc3e90aaa48cbc3bc24227cb4b6b80a37030aa250dc8b08f3ed7f5917,11,sector,sector_2,Sector 2,juvenile_shooting_incidents,*Juv Shooting Incidents,year_to_date,percent_change,percent,2026,2021,5,50.0,0.5,50%,,not_checkable,,,wilmington-compstat-v2,validated
weekly-2026-08-16-r1,weekly_compstat,2026-08-10,2026-08-16,1,7d23f10cc3e90aaa48cbc3bc24227cb4b6b80a37030aa250dc8b08f3ed7f5917,11,sector,sector_2,Sector 2,juvenile_shooting_incidents,*Juv Shooting Incidents,year_to_date,percent_change,percent,2026,2020,6,-40.0,-0.4,-40%,,not_checkable,,,wilmington-compstat-v2,validated
weekly-2026-08-16-r1,weekly_compstat,2026-08-10,2026-08-16,1,7d23f10cc3e90aaa48cbc3bc24227cb4b6b80a37030aa250dc8b08f3ed7f5917,11,sector,sector_2,Sector 2,juvenile_shooting_victims,*Juv Shooting Victims,last_7_days,count,count,2026,,,0,,0,,not_applicable,,,wilmington-compstat-v2,validated
weekly-2026-08-16-r1,weekly_compstat,2026-08-10,2026-08-16,1,7d23f10cc3e90aaa48cbc3bc24227cb4b6b80a37030aa250dc8b08f3ed7f5917,11,sector,sector_2,Sector 2,juvenile_shooting_victims,*Juv Shooting Victims,last_7_days,count,count,2025,,,0,,0,,not_applicable,,,wilmington-compstat-v2,validated
weekly-2026-08-16-r1,weekly_compstat,2026-08-10,2026-08-16,1,7d23f10cc3e90aaa48cbc3bc24227cb4b6b80a37030aa250dc8b08f3ed7f5917,11,sector,sector_2,Sector 2,juvenile_shooting_victims,*Juv Shooting Victims,last_7_days,percent_change,percent,2026,2025,1,,,*,,undefined_zero_denominator,,undefined_zero_denominator,wilmington-compstat-v2,validated
weekly-2026-08-16-r1,weekly_compstat,2026-08-10,2026-08-16,1,7d23f10cc3e90aaa48cbc3bc24227cb4b6b80a37030aa250dc8b08f3ed7f5917,11,sector,sector_2,Sector 2,juvenile_shooting_victims,*Juv Shooting Victims,last_28_days,count,count,2026,,,1,,1,,not_applicable,,,wilmington-compstat-v2,validated
weekly-2026-08-16-r1,weekly_compstat,2026-08-10,2026-08-16,1,7d23f10cc3e90aaa48cbc3bc24227cb4b6b80a37030aa250dc8b08f3ed7f5917,11,sector,sector_2,Sector 2,juvenile_shooting_victims,*Juv Shooting Victims,last_28_days,count,count,2025,,,0,,0,,not_applicable,,,wilmington-compstat-v2,validated
weekly-2026-08-16-r1,weekly_compstat,2026-08-10,2026-08-16,1,7d23f10cc3e90aaa48cbc3bc24227cb4b6b80a37030aa250dc8b08f3ed7f5917,11,sector,sector_2,Sector 2,juvenile_shooting_victims,*Juv Shooting Victims,last_28_days,percent_change,percent,2026,2025,1,,,*,,undefined_zero_denominator,,undefined_zero_denominator,wilmington-compstat-v2,validated
weekly-2026-08-16-r1,weekly_compstat,2026-08-10,2026-08-16,1,7d23f10cc3e90aaa48cbc3bc24227cb4b6b80a37030aa250dc8b08f3ed7f5917,11,sector,sector_2,Sector 2,juvenile_shooting_victims,*Juv Shooting Victims,year_to_date,count,count,2026,,,6,,6,,not_applicable,,,wilmington-compstat-v2,validated
weekly-2026-08-16-r1,weekly_compstat,2026-08-10,2026-08-16,1,7d23f10cc3e90aaa48cbc3bc24227cb4b6b80a37030aa250dc8b08f3ed7f5917,11,sector,sector_2,Sector 2,juvenile_shooting_victims,*Juv Shooting Victims,year_to_date,count,count,2025,,,0,,0,,not_applicable,,,wilmington-compstat-v2,validated
weekly-2026-08-16-r1,weekly_compstat,2026-08-10,2026-08-16,1,7d23f10cc3e90aaa48cbc3bc24227cb4b6b80a37030aa250dc8b08f3ed7f5917,11,sector,sector_2,Sector 2,juvenile_shooting_victims,*Juv Shooting Victims,year_to_date,percent_change,percent,2026,2025,1,,,*,,undefined_zero_denominator,,undefined_zero_denominator,wilmington-compstat-v2,validated
weekly-2026-08-16-r1,weekly_compstat,2026-08-10,2026-08-16,1,7d23f10cc3e90aaa48cbc3bc24227cb4b6b80a37030aa250dc8b08f3ed7f5917,11,sector,sector_2,Sector 2,juvenile_shooting_victims,*Juv Shooting Victims,year_to_date,percent_change,percent,2026,2024,2,100.0,1.0,100%,,not_checkable,,,wilmington-compstat-v2,validated
weekly-2026-08-16-r1,weekly_compstat,2026-08-10,2026-08-16,1,7d23f10cc3e90aaa48cbc3bc24227cb4b6b80a37030aa250dc8b08f3ed7f5917,11,sector,sector_2,Sector 2,juvenile_shooting_victims,*Juv Shooting Victims,year_to_date,percent_change,percent,2026,2023,3,20.0,0.2,20%,,not_checkable,,,wilmington-compstat-v2,validated
weekly-2026-08-16-r1,weekly_compstat,2026-08-10,2026-08-16,1,7d23f10cc3e90aaa48cbc3bc24227cb4b6b80a37030aa250dc8b08f3ed7f5917,11,sector,sector_2,Sector 2,juvenile_shooting_victims,*Juv Shooting Victims,year_to_date,percent_change,percent,2026,2022,4,100.0,1.0,100%,,not_checkable,,,wilmington-compstat-v2,validated
weekly-2026-08-16-r1,weekly_compstat,2026-08-10,2026-08-16,1,7d23f10cc3e90aaa48cbc3bc24227cb4b6b80a37030aa250dc8b08f3ed7f5917,11,sector,sector_2,Sector 2,juvenile_shooting_victims,*Juv Shooting Victims,year_to_date,percent_change,percent,2026,2021,5,50.0,0.5,50%,,not_checkable,,,wilmington-compstat-v2,validated
weekly-2026-08-16-r1,weekly_compstat,2026-08-10,2026-08-16,1,7d23f10cc3e90aaa48cbc3bc24227cb4b6b80a37030aa250dc8b08f3ed7f5917,11,sector,sector_2,Sector 2,juvenile_shooting_victims,*Juv Shooting Victims,year_to_date,percent_change,percent,2026,2020,6,-57.0,-0.57,-57%,,not_checkable,,,wilmington-compstat-v2,validated
weekly-2026-08-16-r1,weekly_compstat,2026-08-10,2026-08-16,1,7d23f10cc3e90aaa48cbc3bc24227cb4b6b80a37030aa250dc8b08f3ed7f5917,11,sector,sector_2,Sector 2,misdemeanor_theft,Theft (Misdemeanor),last_7_days,count,count,2026,,,4,,4,,not_applicable,,,wilmington-compstat-v2,validated
weekly-2026-08-16-r1,weekly_compstat,2026-08-10,2026-08-16,1,7d23f10cc3e90aaa48cbc3bc24227cb4b6b80a37030aa250dc8b08f3ed7f5917,11,sector,sector_2,Sector 2,misdemeanor_theft,Theft (Misdemeanor),last_7_days,count,count,2025,,,7,,7,,not_applicable,,,wilmington-compstat-v2,validated
weekly-2026-08-16-r1,weekly_compstat,2026-08-10,2026-08-16,1,7d23f10cc3e90aaa48cbc3bc24227cb4b6b80a37030aa250dc8b08f3ed7f5917,11,sector,sector_2,Sector 2,misdemeanor_theft,Theft (Misdemeanor),last_7_days,percent_change,percent,2026,2025,1,-43.0,-0.43,-43%,-42.857143,matched,,,wilmington-compstat-v2,validated
weekly-2026-08-16-r1,weekly_compstat,2026-08-10,2026-08-16,1,7d23f10cc3e90aaa48cbc3bc24227cb4b6b80a37030aa250dc8b08f3ed7f5917,11,sector,sector_2,Sector 2,misdemeanor_theft,Theft (Misdemeanor),last_28_days,count,count,2026,,,21,,21,,not_applicable,,,wilmington-compstat-v2,validated
weekly-2026-08-16-r1,weekly_compstat,2026-08-10,2026-08-16,1,7d23f10cc3e90aaa48cbc3bc24227cb4b6b80a37030aa250dc8b08f3ed7f5917,11,sector,sector_2,Sector 2,misdemeanor_theft,Theft (Misdemeanor),last_28_days,count,count,2025,,,21,,21,,not_applicable,,,wilmington-compstat-v2,validated
weekly-2026-08-16-r1,weekly_compstat,2026-08-10,2026-08-16,1,7d23f10cc3e90aaa48cbc3bc24227cb4b6b80a37030aa250dc8b08f3ed7f5917,11,sector,sector_2,Sector 2,misdemeanor_theft,Theft (Misdemeanor),last_28_days,percent_change,percent,2026,2025,1,0.0,0.0,0%,0.0,matched,,,wilmington-compstat-v2,validated
weekly-2026-08-16-r1,weekly_compstat,2026-08-10,2026-08-16,1,7d23f10cc3e90aaa48cbc3bc24227cb4b6b80a37030aa250dc8b08f3ed7f5917,11,sector,sector_2,Sector 2,misdemeanor_theft,Theft (Misdemeanor),year_to_date,count,count,2026,,,220,,220,,not_applicable,,,wilmington-compstat-v2,validated
weekly-2026-08-16-r1,weekly_compstat,2026-08-10,2026-08-16,1,7d23f10cc3e90aaa48cbc3bc24227cb4b6b80a37030aa250dc8b08f3ed7f5917,11,sector,sector_2,Sector 2,misdemeanor_theft,Theft (Misdemeanor),year_to_date,count,count,2025,,,229,,229,,not_applicable,,,wilmington-compstat-v2,validated
weekly-2026-08-16-r1,weekly_compstat,2026-08-10,2026-08-16,1,7d23f10cc3e90aaa48cbc3bc24227cb4b6b80a37030aa250dc8b08f3ed7f5917,11,sector,sector_2,Sector 2,misdemeanor_theft,Theft (Misdemeanor),year_to_date,percent_change,percent,2026,2025,1,-4.0,-0.04,-4%,-3.930131,matched,,,wilmington-compstat-v2,validated
weekly-2026-08-16-r1,weekly_compstat,2026-08-10,2026-08-16,1,7d23f10cc3e90aaa48cbc3bc24227cb4b6b80a37030aa250dc8b08f3ed7f5917,11,sector,sector_2,Sector 2,misdemeanor_theft,Theft (Misdemeanor),year_to_date,percent_change,percent,2026,2024,2,0.0,0.0,0%,,not_checkable,,,wilmington-compstat-v2,validated
weekly-2026-08-16-r1,weekly_compstat,2026-08-10,2026-08-16,1,7d23f10cc3e90aaa48cbc3bc24227cb4b6b80a37030aa250dc8b08f3ed7f5917,11,sector,sector_2,Sector 2,misdemeanor_theft,Theft (Misdemeanor),year_to_date,percent_change,percent,2026,2023,3,0.0,0.0,0%,,not_checkable,,,wilmington-compstat-v2,validated
weekly-2026-08-16-r1,weekly_compstat,2026-08-10,2026-08-16,1,7d23f10cc3e90aaa48cbc3bc24227cb4b6b80a37030aa250dc8b08f3ed7f5917,11,sector,sector_2,Sector 2,misdemeanor_theft,Theft (Misdemeanor),year_to_date,percent_change,percent,2026,2022,4,-16.0,-0.16,-16%,,not_checkable,,,wilmington-compstat-v2,validated
weekly-2026-08-16-r1,weekly_compstat,2026-08-10,2026-08-16,1,7d23f10cc3e90aaa48cbc3bc24227cb4b6b80a37030aa250dc8b08f3ed7f5917,11,sector,sector_2,Sector 2,misdemeanor_theft,Theft (Misdemeanor),year_to_date,percent_change,percent,2026,2021,5,-18.0,-0.18,-18%,,not_checkable,,,wilmington-compstat-v2,validated
weekly-2026-08-16-r1,weekly_compstat,2026-08-10,2026-08-16,1,7d23f10cc3e90aaa48cbc3bc24227cb4b6b80a37030aa250dc8b08f3ed7f5917,11,sector,sector_2,Sector 2,misdemeanor_theft,Theft (Misdemeanor),year_to_date,percent_change,percent,2026,2020,6,-12.0,-0.12,-12%,,not_checkable,,,wilmington-compstat-v2,validated
weekly-2026-08-16-r1,weekly_compstat,2026-08-10,2026-08-16,1,7d23f10cc3e90aaa48cbc3bc24227cb4b6b80a37030aa250dc8b08f3ed7f5917,13,district,district_10,District 10,murder,Murder,last_7_days,count,count,2026,,,0,,0,,not_applicable,,,wilmington-compstat-v2,validated
weekly-2026-08-16-r1,weekly_compstat,2026-08-10,2026-08-16,1,7d23f10cc3e90aaa48cbc3bc24227cb4b6b80a37030aa250dc8b08f3ed7f5917,13,district,district_10,District 10,murder,Murder,last_7_days,count,count,2025,,,0,,0,,not_applicable,,,wilmington-compstat-v2,validated
weekly-2026-08-16-r1,weekly_compstat,2026-08-10,2026-08-16,1,7d23f10cc3e90aaa48cbc3bc24227cb4b6b80a37030aa250dc8b08f3ed7f5917,13,district,district_10,District 10,murder,Murder,last_7_days,percent_change,percent,2026,2025,1,,,*,,undefined_zero_denominator,,undefined_zero_denominator,wilmington-compstat-v2,validated
weekly-2026-08-16-r1,weekly_compstat,2026-08-10,2026-08-16,1,7d23f10cc3e90aaa48cbc3bc24227cb4b6b80a37030aa250dc8b08f3ed7f5917,13,district,district_10,District 10,murder,Murder,last_28_days,count,count,2026,,,0,,0,,not_applicable,,,wilmington-compstat-v2,validated
weekly-2026-08-16-r1,weekly_compstat,2026-08-10,2026-08-16,1,7d23f10cc3e90aaa48cbc3bc24227cb4b6b80a37030aa250dc8b08f3ed7f5917,13,district,district_10,District 10,murder,Murder,last_28_days,count,count,2025,,,0,,0,,not_applicable,,,wilmington-compstat-v2,validated
weekly-2026-08-16-r1,weekly_compstat,2026-08-10,2026-08-16,1,7d23f10cc3e90aaa48cbc3bc24227cb4b6b80a37030aa250dc8b08f3ed7f5917,13,district,district_10,District 10,murder,Murder,last_28_days,percent_change,percent,2026,2025,1,,,*,,undefined_zero_denominator,,undefined_zero_denominator,wilmington-compstat-v2,validated
weekly-2026-08-16-r1,weekly_compstat,2026-08-10,2026-08-16,1,7d23f10cc3e90aaa48cbc3bc24227cb4b6b80a37030aa250dc8b08f3ed7f5917,13,district,district_10,District 10,murder,Murder,year_to_date,count,count,2026,,,1,,1,,not_applicable,,,wilmington-compstat-v2,validated
weekly-2026-08-16-r1,weekly_compstat,2026-08-10,2026-08-16,1,7d23f10cc3e90aaa48cbc3bc24227cb4b6b80a37030aa250dc8b08f3ed7f5917,13,district,district_10,District 10,murder,Murder,year_to_date,count,count,2025,,,1,,1,,not_applicable,,,wilmington-compstat-v2,validated
weekly-2026-08-16-r1,weekly_compstat,2026-08-10,2026-08-16,1,7d23f10cc3e90aaa48cbc3bc24227cb4b6b80a37030aa250dc8b08f3ed7f5917,13,district,district_10,District 10,murder,Murder,year_to_date,percent_change,percent,2026,2025,1,0.0,0.0,0%,0.0,matched,,,wilmington-compstat-v2,validated
weekly-2026-08-16-r1,weekly_compstat,2026-08-10,2026-08-16,1,7d23f10cc3e90aaa48cbc3bc24227cb4b6b80a37030aa250dc8b08f3ed7f5917,13,district,district_10,District 10,murder,Murder,year_to_date,percent_change,percent,2026,2024,2,0.0,0.0,0%,,not_checkable,,,wilmington-compstat-v2,validated
weekly-2026-08-16-r1,weekly_compstat,2026-08-10,2026-08-16,1,7d23f10cc3e90aaa48cbc3bc24227cb4b6b80a37030aa250dc8b08f3ed7f5917,13,district,district_10,District 10,murder,Murder,year_to_date,percent_change,percent,2026,2023,3,,,*,,not_checkable,,undefined_zero_denominator,wilmington-compstat-v2,validated
weekly-2026-08-16-r1,weekly_compstat,2026-08-10,2026-08-16,1,7d23f10cc3e90aaa48cbc3bc24227cb4b6b80a37030aa250dc8b08f3ed7f5917,13,district,district_10,District 10,murder,Murder,year_to_date,percent_change,percent,2026,2022,4,0.0,0.0,0%,,not_checkable,,,wilmington-compstat-v2,validated
weekly-2026-08-16-r1,weekly_compstat,2026-08-10,2026-08-16,1,7d23f10cc3e90aaa48cbc3bc24227cb4b6b80a37030aa250dc8b08f3ed7f5917,13,district,district_10,District 10,murder,Murder,year_to_date,percent_change,percent,2026,2021,5,0.0,0.0,0%,,not_checkable,,,wilmington-compstat-v2,validated
weekly-2026-08-16-r1,weekly_compstat,2026-08-10,2026-08-16,1,7d23f10cc3e90aaa48cbc3bc24227cb4b6b80a37030aa250dc8b08f3ed7f5917,13,district,district_10,District 10,murder,Murder,year_to_date,percent_change,percent,2026,2020,6,,,*,,not_checkable,,undefined_zero_denominator,wilmington-compstat-v2,validated
weekly-2026-08-16-r1,weekly_compstat,2026-08-10,2026-08-16,1,7d23f10cc3e90aaa48cbc3bc24227cb4b6b80a37030aa250dc8b08f3ed7f5917,13,district,district_10,District 10,rape,Rape,last_7_days,count,count,2026,,,0,,0,,not_applicable,,,wilmington-compstat-v2,validated
weekly-2026-08-16-r1,weekly_compstat,2026-08-10,2026-08-16,1,7d23f10cc3e90aaa48cbc3bc24227cb4b6b80a37030aa250dc8b08f3ed7f5917,13,district,district_10,District 10,rape,Rape,last_7_days,count,count,2025,,,0,,0,,not_applicable,,,wilmington-compstat-v2,validated
weekly-2026-08-16-r1,weekly_compstat,2026-08-10,2026-08-16,1,7d23f10cc3e90aaa48cbc3bc24227cb4b6b80a37030aa250dc8b08f3ed7f5917,13,district,district_10,District 10,rape,Rape,last_7_days,percent_change,percent,2026,2025,1,,,*,,undefined_zero_denominator,,undefined_zero_denominator,wilmington-compstat-v2,validated
weekly-2026-08-16-r1,weekly_compstat,2026-08-10,2026-08-16,1,7d23f10cc3e90aaa48cbc3bc24227cb4b6b80a37030aa250dc8b08f3ed7f5917,13,district,district_10,District 10,rape,Rape,last_28_days,count,count,2026,,,0,,0,,not_applicable,,,wilmington-compstat-v2,validated
weekly-2026-08-16-r1,weekly_compstat,2026-08-10,2026-08-16,1,7d23f10cc3e90aaa48cbc3bc24227cb4b6b80a37030aa250dc8b08f3ed7f5917,13,district,district_10,District 10,rape,Rape,last_28_days,count,count,2025,,,0,,0,,not_applicable,,,wilmington-compstat-v2,validated
weekly-2026-08-16-r1,weekly_compstat,2026-08-10,2026-08-16,1,7d23f10cc3e90aaa48cbc3bc24227cb4b6b80a37030aa250dc8b08f3ed7f5917,13,district,district_10,District 10,rape,Rape,last_28_days,percent_change,percent,2026,2025,1,,,*,,undefined_zero_denominator,,undefined_zero_denominator,wilmington-compstat-v2,validated
weekly-2026-08-16-r1,weekly_compstat,2026-08-10,2026-08-16,1,7d23f10cc3e90aaa48cbc3bc24227cb4b6b80a37030aa250dc8b08f3ed7f5917,13,district,district_10,District 10,rape,Rape,year_to_date,count,count,2026,,,0,,0,,not_applicable,,,wilmington-compstat-v2,validated
weekly-2026-08-16-r1,weekly_compstat,2026-08-10,2026-08-16,1,7d23f10cc3e90aaa48cbc3bc24227cb4b6b80a37030aa250dc8b08f3ed7f5917,13,district,district_10,District 10,rape,Rape,year_to_date,count,count,2025,,,0,,0,,not_applicable,,,wilmington-compstat-v2,validated
weekly-2026-08-16-r1,weekly_compstat,2026-08-10,2026-08-16,1,7d23f10cc3e90aaa48cbc3bc24227cb4b6b80a37030aa250dc8b08f3ed7f5917,13,district,district_10,District 10,rape,Rape,year_to_date,percent_change,percent,2026,2025,1,,,*,,undefined_zero_denominator,,undefined_zero_denominator,wilmington-compstat-v2,validated
weekly-2026-08-16-r1,weekly_compstat,2026-08-10,2026-08-16,1,7d23f10cc3e90aaa48cbc3bc24227cb4b6b80a37030aa250dc8b08f3ed7f5917,13,district,district_10,District 10,rape,Rape,year_to_date,percent_change,percent,2026,2024,2,,,*,,not_checkable,,undefined_zero_denominator,wilmington-compstat-v2,validated
weekly-2026-08-16-r1,weekly_compstat,2026-08-10,2026-08-16,1,7d23f10cc3e90aaa48cbc3bc24227cb4b6b80a37030aa250dc8b08f3ed7f5917,13,district,district_10,District 10,rape,Rape,year_to_date,percent_change,percent,2026,2023,3,,,*,,not_checkable,,undefined_zero_denominator,wilmington-compstat-v2,validated
weekly-2026-08-16-r1,weekly_compstat,2026-08-10,2026-08-16,1,7d23f10cc3e90aaa48cbc3bc24227cb4b6b80a37030aa250dc8b08f3ed7f5917,13,district,district_10,District 10,rape,Rape,year_to_date,percent_change,percent,2026,2022,4,-100.0,-1.0,-100%,,not_checkable,,,wilmington-compstat-v2,validated
weekly-2026-08-16-r1,weekly_compstat,2026-08-10,2026-08-16,1,7d23f10cc3e90aaa48cbc3bc24227cb4b6b80a37030aa250dc8b08f3ed7f5917,13,district,district_10,District 10,rape,Rape,year_to_date,percent_change,percent,2026,2021,5,,,*,,not_checkable,,undefined_zero_denominator,wilmington-compstat-v2,validated
weekly-2026-08-16-r1,weekly_compstat,2026-08-10,2026-08-16,1,7d23f10cc3e90aaa48cbc3bc24227cb4b6b80a37030aa250dc8b08f3ed7f5917,13,district,district_10,District 10,rape,Rape,year_to_date,percent_change,percent,2026,2020,6,,,*,,not_checkable,,undefined_zero_denominator,wilmington-compstat-v2,validated
weekly-2026-08-16-r1,weekly_compstat,2026-08-10,2026-08-16,1,7d23f10cc3e90aaa48cbc3bc24227cb4b6b80a37030aa250dc8b08f3ed7f5917,13,district,district_10,District 10,robbery,Robbery,last_7_days,count,count,2026,,,1,,1,,not_applicable,,,wilmington-compstat-v2,validated
weekly-2026-08-16-r1,weekly_compstat,2026-08-10,2026-08-16,1,7d23f10cc3e90aaa48cbc3bc24227cb4b6b80a37030aa250dc8b08f3ed7f5917,13,district,district_10,District 10,robbery,Robbery,last_7_days,count,count,2025,,,0,,0,,not_applicable,,,wilmington-compstat-v2,validated
weekly-2026-08-16-r1,weekly_compstat,2026-08-10,2026-08-16,1,7d23f10cc3e90aaa48cbc3bc24227cb4b6b80a37030aa250dc8b08f3ed7f5917,13,district,district_10,District 10,robbery,Robbery,last_7_days,percent_change,percent,2026,2025,1,,,*,,undefined_zero_denominator,,undefined_zero_denominator,wilmington-compstat-v2,validated
weekly-2026-08-16-r1,weekly_compstat,2026-08-10,2026-08-16,1,7d23f10cc3e90aaa48cbc3bc24227cb4b6b80a37030aa250dc8b08f3ed7f5917,13,district,district_10,District 10,robbery,Robbery,last_28_days,count,count,2026,,,2,,2,,not_applicable,,,wilmington-compstat-v2,validated
weekly-2026-08-16-r1,weekly_compstat,2026-08-10,2026-08-16,1,7d23f10cc3e90aaa48cbc3bc24227cb4b6b80a37030aa250dc8b08f3ed7f5917,13,district,district_10,District 10,robbery,Robbery,last_28_days,count,count,2025,,,1,,1,,not_applicable,,,wilmington-compstat-v2,validated
weekly-2026-08-16-r1,weekly_compstat,2026-08-10,2026-08-16,1,7d23f10cc3e90aaa48cbc3bc24227cb4b6b80a37030aa250dc8b08f3ed7f5917,13,district,district_10,District 10,robbery,Robbery,last_28_days,percent_change,percent,2026,2025,1,100.0,1.0,100%,100.0,matched,,,wilmington-compstat-v2,validated
weekly-2026-08-16-r1,weekly_compstat,2026-08-10,2026-08-16,1,7d23f10cc3e90aaa48cbc3bc24227cb4b6b80a37030aa250dc8b08f3ed7f5917,13,district,district_10,District 10,robbery,Robbery,year_to_date,count,count,2026,,,8,,8,,not_applicable,,,wilmington-compstat-v2,validated
weekly-2026-08-16-r1,weekly_compstat,2026-08-10,2026-08-16,1,7d23f10cc3e90aaa48cbc3bc24227cb4b6b80a37030aa250dc8b08f3ed7f5917,13,district,district_10,District 10,robbery,Robbery,year_to_date,count,count,2025,,,12,,12,,not_applicable,,,wilmington-compstat-v2,validated
weekly-2026-08-16-r1,weekly_compstat,2026-08-10,2026-08-16,1,7d23f10cc3e90aaa48cbc3bc24227cb4b6b80a37030aa250dc8b08f3ed7f5917,13,district,district_10,District 10,robbery,Robbery,year_to_date,percent_change,percent,2026,2025,1,-33.0,-0.33,-33%,-33.333333,matched,,,wilmington-compstat-v2,validated
weekly-2026-08-16-r1,weekly_compstat,2026-08-10,2026-08-16,1,7d23f10cc3e90aaa48cbc3bc24227cb4b6b80a37030aa250dc8b08f3ed7f5917,13,district,district_10,District 10,robbery,Robbery,year_to_date,percent_change,percent,2026,2024,2,-33.0,-0.33,-33%,,not_checkable,,,wilmington-compstat-v2,validated
weekly-2026-08-16-r1,weekly_compstat,2026-08-10,2026-08-16,1,7d23f10cc3e90aaa48cbc3bc24227cb4b6b80a37030aa250dc8b08f3ed7f5917,13,district,district_10,District 10,robbery,Robbery,year_to_date,percent_change,percent,2026,2023,3,167.0,1.67,167%,,not_checkable,,,wilmington-compstat-v2,validated
weekly-2026-08-16-r1,weekly_compstat,2026-08-10,2026-08-16,1,7d23f10cc3e90aaa48cbc3bc24227cb4b6b80a37030aa250dc8b08f3ed7f5917,13,district,district_10,District 10,robbery,Robbery,year_to_date,percent_change,percent,2026,2022,4,14.0,0.14,14%,,not_checkable,,,wilmington-compstat-v2,validated
weekly-2026-08-16-r1,weekly_compstat,2026-08-10,2026-08-16,1,7d23f10cc3e90aaa48cbc3bc24227cb4b6b80a37030aa250dc8b08f3ed7f5917,13,district,district_10,District 10,robbery,Robbery,year_to_date,percent_change,percent,2026,2021,5,100.0,1.0,100%,,not_checkable,,,wilmington-compstat-v2,validated
weekly-2026-08-16-r1,weekly_compstat,2026-08-10,2026-08-16,1,7d23f10cc3e90aaa48cbc3bc24227cb4b6b80a37030aa250dc8b08f3ed7f5917,13,district,district_10,District 10,robbery,Robbery,year_to_date,percent_change,percent,2026,2020,6,0.0,0.0,0%,,not_checkable,,,wilmington-compstat-v2,validated
weekly-2026-08-16-r1,weekly_compstat,2026-08-10,2026-08-16,1,7d23f10cc3e90aaa48cbc3bc24227cb4b6b80a37030aa250dc8b08f3ed7f5917,13,district,district_10,District 10,aggravated_assault,Agg. Assault,last_7_days,count,count,2026,,,0,,0,,not_applicable,,,wilmington-compstat-v2,validated
weekly-2026-08-16-r1,weekly_compstat,2026-08-10,2026-08-16,1,7d23f10cc3e90aaa48cbc3bc24227cb4b6b80a37030aa250dc8b08f3ed7f5917,13,district,district_10,District 10,aggravated_assault,Agg. Assault,last_7_days,count,count,2025,,,0,,0,,not_applicable,,,wilmington-compstat-v2,validated
weekly-2026-08-16-r1,weekly_compstat,2026-08-10,2026-08-16,1,7d23f10cc3e90aaa48cbc3bc24227cb4b6b80a37030aa250dc8b08f3ed7f5917,13,district,district_10,District 10,aggravated_assault,Agg. Assault,last_7_days,percent_change,percent,2026,2025,1,,,*,,undefined_zero_denominator,,undefined_zero_denominator,wilmington-compstat-v2,validated
weekly-2026-08-16-r1,weekly_compstat,2026-08-10,2026-08-16,1,7d23f10cc3e90aaa48cbc3bc24227cb4b6b80a37030aa250dc8b08f3ed7f5917,13,district,district_10,District 10,aggravated_assault,Agg. Assault,last_28_days,count,count,2026,,,0,,0,,not_applicable,,,wilmington-compstat-v2,validated
weekly-2026-08-16-r1,weekly_compstat,2026-08-10,2026-08-16,1,7d23f10cc3e90aaa48cbc3bc24227cb4b6b80a37030aa250dc8b08f3ed7f5917,13,district,district_10,District 10,aggravated_assault,Agg. Assault,last_28_days,count,count,2025,,,0,,0,,not_applicable,,,wilmington-compstat-v2,validated
weekly-2026-08-16-r1,weekly_compstat,2026-08-10,2026-08-16,1,7d23f10cc3e90aaa48cbc3bc24227cb4b6b80a37030aa250dc8b08f3ed7f5917,13,district,district_10,District 10,aggravated_assault,Agg. Assault,last_28_days,percent_change,percent,2026,2025,1,,,*,,undefined_zero_denominator,,undefined_zero_denominator,wilmington-compstat-v2,validated
weekly-2026-08-16-r1,weekly_compstat,2026-08-10,2026-08-16,1,7d23f10cc3e90aaa48cbc3bc24227cb4b6b80a37030aa250dc8b08f3ed7f5917,13,district,district_10,District 10,aggravated_assault,Agg. Assault,year_to_date,count,count,2026,,,10,,10,,not_applicable,,,wilmington-compstat-v2,validated
weekly-2026-08-16-r1,weekly_compstat,2026-08-10,2026-08-16,1,7d23f10cc3e90aaa48cbc3bc24227cb4b6b80a37030aa250dc8b08f3ed7f5917,13,district,district_10,District 10,aggravated_assault,Agg. Assault,year_to_date,count,count,2025,,,6,,6,,not_applicable,,,wilmington-compstat-v2,validated
weekly-2026-08-16-r1,weekly_compstat,2026-08-10,2026-08-16,1,7d23f10cc3e90aaa48cbc3bc24227cb4b6b80a37030aa250dc8b08f3ed7f5917,13,district,district_10,District 10,aggravated_assault,Agg. Assault,year_to_date,percent_change,percent,2026,2025,1,67.0,0.67,67%,66.666667,matched,,,wilmington-compstat-v2,validated
weekly-2026-08-16-r1,weekly_compstat,2026-08-10,2026-08-16,1,7d23f10cc3e90aaa48cbc3bc24227cb4b6b80a37030aa250dc8b08f3ed7f5917,13,district,district_10,District 10,aggravated_assault,Agg. Assault,year_to_date,percent_change,percent,2026,2024,2,25.0,0.25,25%,,not_checkable,,,wilmington-compstat-v2,validated
weekly-2026-08-16-r1,weekly_compstat,2026-08-10,2026-08-16,1,7d23f10cc3e90aaa48cbc3bc24227cb4b6b80a37030aa250dc8b08f3ed7f5917,13,district,district_10,District 10,aggravated_assault,Agg. Assault,year_to_date,percent_change,percent,2026,2023,3,-23.0,-0.23,-23%,,not_checkable,,,wilmington-compstat-v2,validated
weekly-2026-08-16-r1,weekly_compstat,2026-08-10,2026-08-16,1,7d23f10cc3e90aaa48cbc3bc24227cb4b6b80a37030aa250dc8b08f3ed7f5917,13,district,district_10,District 10,aggravated_assault,Agg. Assault,year_to_date,percent_change,percent,2026,2022,4,11.0,0.11,11%,,not_checkable,,,wilmington-compstat-v2,validated
weekly-2026-08-16-r1,weekly_compstat,2026-08-10,2026-08-16,1,7d23f10cc3e90aaa48cbc3bc24227cb4b6b80a37030aa250dc8b08f3ed7f5917,13,district,district_10,District 10,aggravated_assault,Agg. Assault,year_to_date,percent_change,percent,2026,2021,5,-41.0,-0.41,-41%,,not_checkable,,,wilmington-compstat-v2,validated
weekly-2026-08-16-r1,weekly_compstat,2026-08-10,2026-08-16,1,7d23f10cc3e90aaa48cbc3bc24227cb4b6b80a37030aa250dc8b08f3ed7f5917,13,district,district_10,District 10,aggravated_assault,Agg. Assault,year_to_date,percent_change,percent,2026,2020,6,-9.0,-0.09,-9%,,not_checkable,,,wilmington-compstat-v2,validated
weekly-2026-08-16-r1,weekly_compstat,2026-08-10,2026-08-16,1,7d23f10cc3e90aaa48cbc3bc24227cb4b6b80a37030aa250dc8b08f3ed7f5917,13,district,district_10,District 10,burglary,Burglary,last_7_days,count,count,2026,,,0,,0,,not_applicable,,,wilmington-compstat-v2,validated
weekly-2026-08-16-r1,weekly_compstat,2026-08-10,2026-08-16,1,7d23f10cc3e90aaa48cbc3bc24227cb4b6b80a37030aa250dc8b08f3ed7f5917,13,district,district_10,District 10,burglary,Burglary,last_7_days,count,count,2025,,,0,,0,,not_applicable,,,wilmington-compstat-v2,validated
weekly-2026-08-16-r1,weekly_compstat,2026-08-10,2026-08-16,1,7d23f10cc3e90aaa48cbc3bc24227cb4b6b80a37030aa250dc8b08f3ed7f5917,13,district,district_10,District 10,burglary,Burglary,last_7_days,percent_change,percent,2026,2025,1,,,*,,undefined_zero_denominator,,undefined_zero_denominator,wilmington-compstat-v2,validated
weekly-2026-08-16-r1,weekly_compstat,2026-08-10,2026-08-16,1,7d23f10cc3e90aaa48cbc3bc24227cb4b6b80a37030aa250dc8b08f3ed7f5917,13,district,district_10,District 10,burglary,Burglary,last_28_days,count,count,2026,,,0,,0,,not_applicable,,,wilmington-compstat-v2,validated
weekly-2026-08-16-r1,weekly_compstat,2026-08-10,2026-08-16,1,7d23f10cc3e90aaa48cbc3bc24227cb4b6b80a37030aa250dc8b08f3ed7f5917,13,district,district_10,District 10,burglary,Burglary,last_28_days,count,count,2025,,,1,,1,,not_applicable,,,wilmington-compstat-v2,validated
weekly-2026-08-16-r1,weekly_compstat,2026-08-10,2026-08-16,1,7d23f10cc3e90aaa48cbc3bc24227cb4b6b80a37030aa250dc8b08f3ed7f5917,13,district,district_10,District 10,burglary,Burglary,last_28_days,percent_change,percent,2026,2025,1,-100.0,-1.0,-100%,-100.0,matched,,,wilmington-compstat-v2,validated
weekly-2026-08-16-r1,weekly_compstat,2026-08-10,2026-08-16,1,7d23f10cc3e90aaa48cbc3bc24227cb4b6b80a37030aa250dc8b08f3ed7f5917,13,district,district_10,District 10,burglary,Burglary,year_to_date,count,count,2026,,,5,,5,,not_applicable,,,wilmington-compstat-v2,validated
weekly-2026-08-16-r1,weekly_compstat,2026-08-10,2026-08-16,1,7d23f10cc3e90aaa48cbc3bc24227cb4b6b80a37030aa250dc8b08f3ed7f5917,13,district,district_10,District 10,burglary,Burglary,year_to_date,count,count,2025,,,7,,7,,not_applicable,,,wilmington-compstat-v2,validated
weekly-2026-08-16-r1,weekly_compstat,2026-08-10,2026-08-16,1,7d23f10cc3e90aaa48cbc3bc24227cb4b6b80a37030aa250dc8b08f3ed7f5917,13,district,district_10,District 10,burglary,Burglary,year_to_date,percent_change,percent,2026,2025,1,-29.0,-0.29,-29%,-28.571429,matched,,,wilmington-compstat-v2,validated
weekly-2026-08-16-r1,weekly_compstat,2026-08-10,2026-08-16,1,7d23f10cc3e90aaa48cbc3bc24227cb4b6b80a37030aa250dc8b08f3ed7f5917,13,district,district_10,District 10,burglary,Burglary,year_to_date,percent_change,percent,2026,2024,2,-29.0,-0.29,-29%,,not_checkable,,,wilmington-compstat-v2,validated
weekly-2026-08-16-r1,weekly_compstat,2026-08-10,2026-08-16,1,7d23f10cc3e90aaa48cbc3bc24227cb4b6b80a37030aa250dc8b08f3ed7f5917,13,district,district_10,District 10,burglary,Burglary,year_to_date,percent_change,percent,2026,2023,3,-44.0,-0.44,-44%,,not_checkable,,,wilmington-compstat-v2,validated
weekly-2026-08-16-r1,weekly_compstat,2026-08-10,2026-08-16,1,7d23f10cc3e90aaa48cbc3bc24227cb4b6b80a37030aa250dc8b08f3ed7f5917,13,district,district_10,District 10,burglary,Burglary,year_to_date,percent_change,percent,2026,2022,4,150.0,1.5,150%,,not_checkable,,,wilmington-compstat-v2,validated
weekly-2026-08-16-r1,weekly_compstat,2026-08-10,2026-08-16,1,7d23f10cc3e90aaa48cbc3bc24227cb4b6b80a37030aa250dc8b08f3ed7f5917,13,district,district_10,District 10,burglary,Burglary,year_to_date,percent_change,percent,2026,2021,5,-38.0,-0.38,-38%,,not_checkable,,,wilmington-compstat-v2,validated
weekly-2026-08-16-r1,weekly_compstat,2026-08-10,2026-08-16,1,7d23f10cc3e90aaa48cbc3bc24227cb4b6b80a37030aa250dc8b08f3ed7f5917,13,district,district_10,District 10,burglary,Burglary,year_to_date,percent_change,percent,2026,2020,6,-69.0,-0.69,-69%,,not_checkable,,,wilmington-compstat-v2,validated
weekly-2026-08-16-r1,weekly_compstat,2026-08-10,2026-08-16,1,7d23f10cc3e90aaa48cbc3bc24227cb4b6b80a37030aa250dc8b08f3ed7f5917,13,district,district_10,District 10,felony_theft,Felony Theft,last_7_days,count,count,2026,,,0,,0,,not_applicable,,,wilmington-compstat-v2,validated
weekly-2026-08-16-r1,weekly_compstat,2026-08-10,2026-08-16,1,7d23f10cc3e90aaa48cbc3bc24227cb4b6b80a37030aa250dc8b08f3ed7f5917,13,district,district_10,District 10,felony_theft,Felony Theft,last_7_days,count,count,2025,,,0,,0,,not_applicable,,,wilmington-compstat-v2,validated
weekly-2026-08-16-r1,weekly_compstat,2026-08-10,2026-08-16,1,7d23f10cc3e90aaa48cbc3bc24227cb4b6b80a37030aa250dc8b08f3ed7f5917,13,district,district_10,District 10,felony_theft,Felony Theft,last_7_days,percent_change,percent,2026,2025,1,,,*,,undefined_zero_denominator,,undefined_zero_denominator,wilmington-compstat-v2,validated
weekly-2026-08-16-r1,weekly_compstat,2026-08-10,2026-08-16,1,7d23f10cc3e90aaa48cbc3bc24227cb4b6b80a37030aa250dc8b08f3ed7f5917,13,district,district_10,District 10,felony_theft,Felony Theft,last_28_days,count,count,2026,,,0,,0,,not_applicable,,,wilmington-compstat-v2,validated
weekly-2026-08-16-r1,weekly_compstat,2026-08-10,2026-08-16,1,7d23f10cc3e90aaa48cbc3bc24227cb4b6b80a37030aa250dc8b08f3ed7f5917,13,district,district_10,District 10,felony_theft,Felony Theft,last_28_days,count,count,2025,,,0,,0,,not_applicable,,,wilmington-compstat-v2,validated
weekly-2026-08-16-r1,weekly_compstat,2026-08-10,2026-08-16,1,7d23f10cc3e90aaa48cbc3bc24227cb4b6b80a37030aa250dc8b08f3ed7f5917,13,district,district_10,District 10,felony_theft,Felony Theft,last_28_days,percent_change,percent,2026,2025,1,,,*,,undefined_zero_denominator,,undefined_zero_denominator,wilmington-compstat-v2,validated
weekly-2026-08-16-r1,weekly_compstat,2026-08-10,2026-08-16,1,7d23f10cc3e90aaa48cbc3bc24227cb4b6b80a37030aa250dc8b08f3ed7f5917,13,district,district_10,District 10,felony_theft,Felony Theft,year_to_date,count,count,2026,,,11,,11,,not_applicable,,,wilmington-compstat-v2,validated
weekly-2026-08-16-r1,weekly_compstat,2026-08-10,2026-08-16,1,7d23f10cc3e90aaa48cbc3bc24227cb4b6b80a37030aa250dc8b08f3ed7f5917,13,district,district_10,District 10,felony_theft,Felony Theft,year_to_date,count,count,2025,,,5,,5,,not_applicable,,,wilmington-compstat-v2,validated
weekly-2026-08-16-r1,weekly_compstat,2026-08-10,2026-08-16,1,7d23f10cc3e90aaa48cbc3bc24227cb4b6b80a37030aa250dc8b08f3ed7f5917,13,district,district_10,District 10,felony_theft,Felony Theft,year_to_date,percent_change,percent,2026,2025,1,120.0,1.2,120%,120.0,matched,,,wilmington-compstat-v2,validated
weekly-2026-08-16-r1,weekly_compstat,2026-08-10,2026-08-16,1,7d23f10cc3e90aaa48cbc3bc24227cb4b6b80a37030aa250dc8b08f3ed7f5917,13,district,district_10,District 10,felony_theft,Felony Theft,year_to_date,percent_change,percent,2026,2024,2,38.0,0.38,38%,,not_checkable,,,wilmington-compstat-v2,validated
weekly-2026-08-16-r1,weekly_compstat,2026-08-10,2026-08-16,1,7d23f10cc3e90aaa48cbc3bc24227cb4b6b80a37030aa250dc8b08f3ed7f5917,13,district,district_10,District 10,felony_theft,Felony Theft,year_to_date,percent_change,percent,2026,2023,3,22.0,0.22,22%,,not_checkable,,,wilmington-compstat-v2,validated
weekly-2026-08-16-r1,weekly_compstat,2026-08-10,2026-08-16,1,7d23f10cc3e90aaa48cbc3bc24227cb4b6b80a37030aa250dc8b08f3ed7f5917,13,district,district_10,District 10,felony_theft,Felony Theft,year_to_date,percent_change,percent,2026,2022,4,10.0,0.1,10%,,not_checkable,,,wilmington-compstat-v2,validated
weekly-2026-08-16-r1,weekly_compstat,2026-08-10,2026-08-16,1,7d23f10cc3e90aaa48cbc3bc24227cb4b6b80a37030aa250dc8b08f3ed7f5917,13,district,district_10,District 10,felony_theft,Felony Theft,year_to_date,percent_change,percent,2026,2021,5,10.0,0.1,10%,,not_checkable,,,wilmington-compstat-v2,validated
weekly-2026-08-16-r1,weekly_compstat,2026-08-10,2026-08-16,1,7d23f10cc3e90aaa48cbc3bc24227cb4b6b80a37030aa250dc8b08f3ed7f5917,13,district,district_10,District 10,felony_theft,Felony Theft,year_to_date,percent_change,percent,2026,2020,6,450.0,4.5,450%,,not_checkable,,,wilmington-compstat-v2,validated
weekly-2026-08-16-r1,weekly_compstat,2026-08-10,2026-08-16,1,7d23f10cc3e90aaa48cbc3bc24227cb4b6b80a37030aa250dc8b08f3ed7f5917,13,district,district_10,District 10,auto_theft,Auto Theft,last_7_days,count,count,2026,,,0,,0,,not_applicable,,,wilmington-compstat-v2,validated
weekly-2026-08-16-r1,weekly_compstat,2026-08-10,2026-08-16,1,7d23f10cc3e90aaa48cbc3bc24227cb4b6b80a37030aa250dc8b08f3ed7f5917,13,district,district_10,District 10,auto_theft,Auto Theft,last_7_days,count,count,2025,,,0,,0,,not_applicable,,,wilmington-compstat-v2,validated
weekly-2026-08-16-r1,weekly_compstat,2026-08-10,2026-08-16,1,7d23f10cc3e90aaa48cbc3bc24227cb4b6b80a37030aa250dc8b08f3ed7f5917,13,district,district_10,District 10,auto_theft,Auto Theft,last_7_days,percent_change,percent,2026,2025,1,,,*,,undefined_zero_denominator,,undefined_zero_denominator,wilmington-compstat-v2,validated
weekly-2026-08-16-r1,weekly_compstat,2026-08-10,2026-08-16,1,7d23f10cc3e90aaa48cbc3bc24227cb4b6b80a37030aa250dc8b08f3ed7f5917,13,district,district_10,District 10,auto_theft,Auto Theft,last_28_days,count,count,2026,,,0,,0,,not_applicable,,,wilmington-compstat-v2,validated
weekly-2026-08-16-r1,weekly_compstat,2026-08-10,2026-08-16,1,7d23f10cc3e90aaa48cbc3bc24227cb4b6b80a37030aa250dc8b08f3ed7f5917,13,district,district_10,District 10,auto_theft,Auto Theft,last_28_days,count,count,2025,,,3,,3,,not_applicable,,,wilmington-compstat-v2,validated
weekly-2026-08-16-r1,weekly_compstat,2026-08-10,2026-08-16,1,7d23f10cc3e90aaa48cbc3bc24227cb4b6b80a37030aa250dc8b08f3ed7f5917,13,district,district_10,District 10,auto_theft,Auto Theft,last_28_days,percent_change,percent,2026,2025,1,-100.0,-1.0,-100%,-100.0,matched,,,wilmington-compstat-v2,validated
weekly-2026-08-16-r1,weekly_compstat,2026-08-10,2026-08-16,1,7d23f10cc3e90aaa48cbc3bc24227cb4b6b80a37030aa250dc8b08f3ed7f5917,13,district,district_10,District 10,auto_theft,Auto Theft,year_to_date,count,count,2026,,,2,,2,,not_applicable,,,wilmington-compstat-v2,validated
weekly-2026-08-16-r1,weekly_compstat,2026-08-10,2026-08-16,1,7d23f10cc3e90aaa48cbc3bc24227cb4b6b80a37030aa250dc8b08f3ed7f5917,13,district,district_10,District 10,auto_theft,Auto Theft,year_to_date,count,count,2025,,,13,,13,,not_applicable,,,wilmington-compstat-v2,validated
weekly-2026-08-16-r1,weekly_compstat,2026-08-10,2026-08-16,1,7d23f10cc3e90aaa48cbc3bc24227cb4b6b80a37030aa250dc8b08f3ed7f5917,13,district,district_10,District 10,auto_theft,Auto Theft,year_to_date,percent_change,percent,2026,2025,1,-85.0,-0.85,-85%,-84.615385,matched,,,wilmington-compstat-v2,validated
weekly-2026-08-16-r1,weekly_compstat,2026-08-10,2026-08-16,1,7d23f10cc3e90aaa48cbc3bc24227cb4b6b80a37030aa250dc8b08f3ed7f5917,13,district,district_10,District 10,auto_theft,Auto Theft,year_to_date,percent_change,percent,2026,2024,2,-82.0,-0.82,-82%,,not_checkable,,,wilmington-compstat-v2,validated
weekly-2026-08-16-r1,weekly_compstat,2026-08-10,2026-08-16,1,7d23f10cc3e90aaa48cbc3bc24227cb4b6b80a37030aa250dc8b08f3ed7f5917,13,district,district_10,District 10,auto_theft,Auto Theft,year_to_date,percent_change,percent,2026,2023,3,-91.0,-0.91,-91%,,not_checkable,,,wilmington-compstat-v2,validated
weekly-2026-08-16-r1,weekly_compstat,2026-08-10,2026-08-16,1,7d23f10cc3e90aaa48cbc3bc24227cb4b6b80a37030aa250dc8b08f3ed7f5917,13,district,district_10,District 10,auto_theft,Auto Theft,year_to_date,percent_change,percent,2026,2022,4,-75.0,-0.75,-75%,,not_checkable,,,wilmington-compstat-v2,validated
weekly-2026-08-16-r1,weekly_compstat,2026-08-10,2026-08-16,1,7d23f10cc3e90aaa48cbc3bc24227cb4b6b80a37030aa250dc8b08f3ed7f5917,13,district,district_10,District 10,auto_theft,Auto Theft,year_to_date,percent_change,percent,2026,2021,5,-75.0,-0.75,-75%,,not_checkable,,,wilmington-compstat-v2,validated
weekly-2026-08-16-r1,weekly_compstat,2026-08-10,2026-08-16,1,7d23f10cc3e90aaa48cbc3bc24227cb4b6b80a37030aa250dc8b08f3ed7f5917,13,district,district_10,District 10,auto_theft,Auto Theft,year_to_date,percent_change,percent,2026,2020,6,-86.0,-0.86,-86%,,not_checkable,,,wilmington-compstat-v2,validated
weekly-2026-08-16-r1,weekly_compstat,2026-08-10,2026-08-16,1,7d23f10cc3e90aaa48cbc3bc24227cb4b6b80a37030aa250dc8b08f3ed7f5917,13,district,district_10,District 10,major_crime_total,TOTAL,last_7_days,count,count,2026,,,1,,1,,not_applicable,,,wilmington-compstat-v2,validated
weekly-2026-08-16-r1,weekly_compstat,2026-08-10,2026-08-16,1,7d23f10cc3e90aaa48cbc3bc24227cb4b6b80a37030aa250dc8b08f3ed7f5917,13,district,district_10,District 10,major_crime_total,TOTAL,last_7_days,count,count,2025,,,0,,0,,not_applicable,,,wilmington-compstat-v2,validated
weekly-2026-08-16-r1,weekly_compstat,2026-08-10,2026-08-16,1,7d23f10cc3e90aaa48cbc3bc24227cb4b6b80a37030aa250dc8b08f3ed7f5917,13,district,district_10,District 10,major_crime_total,TOTAL,last_7_days,percent_change,percent,2026,2025,1,,,*,,undefined_zero_denominator,,undefined_zero_denominator,wilmington-compstat-v2,validated
weekly-2026-08-16-r1,weekly_compstat,2026-08-10,2026-08-16,1,7d23f10cc3e90aaa48cbc3bc24227cb4b6b80a37030aa250dc8b08f3ed7f5917,13,district,district_10,District 10,major_crime_total,TOTAL,last_28_days,count,count,2026,,,2,,2,,not_applicable,,,wilmington-compstat-v2,validated
weekly-2026-08-16-r1,weekly_compstat,2026-08-10,2026-08-16,1,7d23f10cc3e90aaa48cbc3bc24227cb4b6b80a37030aa250dc8b08f3ed7f5917,13,district,district_10,District 10,major_crime_total,TOTAL,last_28_days,count,count,2025,,,5,,5,,not_applicable,,,wilmington-compstat-v2,validated
weekly-2026-08-16-r1,weekly_compstat,2026-08-10,2026-08-16,1,7d23f10cc3e90aaa48cbc3bc24227cb4b6b80a37030aa250dc8b08f3ed7f5917,13,district,district_10,District 10,major_crime_total,TOTAL,last_28_days,percent_change,percent,2026,2025,1,-60.0,-0.6,-60%,-60.0,matched,,,wilmington-compstat-v2,validated
weekly-2026-08-16-r1,weekly_compstat,2026-08-10,2026-08-16,1,7d23f10cc3e90aaa48cbc3bc24227cb4b6b80a37030aa250dc8b08f3ed7f5917,13,district,district_10,District 10,major_crime_total,TOTAL,year_to_date,count,count,2026,,,37,,37,,not_applicable,,,wilmington-compstat-v2,validated
weekly-2026-08-16-r1,weekly_compstat,2026-08-10,2026-08-16,1,7d23f10cc3e90aaa48cbc3bc24227cb4b6b80a37030aa250dc8b08f3ed7f5917,13,district,district_10,District 10,major_crime_total,TOTAL,year_to_date,count,count,2025,,,44,,44,,not_applicable,,,wilmington-compstat-v2,validated
weekly-2026-08-16-r1,weekly_compstat,2026-08-10,2026-08-16,1,7d23f10cc3e90aaa48cbc3bc24227cb4b6b80a37030aa250dc8b08f3ed7f5917,13,district,district_10,District 10,major_crime_total,TOTAL,year_to_date,percent_change,percent,2026,2025,1,-16.0,-0.16,-16%,-15.909091,matched,,,wilmington-compstat-v2,validated
weekly-2026-08-16-r1,weekly_compstat,2026-08-10,2026-08-16,1,7d23f10cc3e90aaa48cbc3bc24227cb4b6b80a37030aa250dc8b08f3ed7f5917,13,district,district_10,District 10,major_crime_total,TOTAL,year_to_date,percent_change,percent,2026,2024,2,-21.0,-0.21,-21%,,not_checkable,,,wilmington-compstat-v2,validated
weekly-2026-08-16-r1,weekly_compstat,2026-08-10,2026-08-16,1,7d23f10cc3e90aaa48cbc3bc24227cb4b6b80a37030aa250dc8b08f3ed7f5917,13,district,district_10,District 10,major_crime_total,TOTAL,year_to_date,percent_change,percent,2026,2023,3,-34.0,-0.34,-34%,,not_checkable,,,wilmington-compstat-v2,validated
weekly-2026-08-16-r1,weekly_compstat,2026-08-10,2026-08-16,1,7d23f10cc3e90aaa48cbc3bc24227cb4b6b80a37030aa250dc8b08f3ed7f5917,13,district,district_10,District 10,major_crime_total,TOTAL,year_to_date,percent_change,percent,2026,2022,4,-3.0,-0.03,-3%,,not_checkable,,,wilmington-compstat-v2,validated
weekly-2026-08-16-r1,weekly_compstat,2026-08-10,2026-08-16,1,7d23f10cc3e90aaa48cbc3bc24227cb4b6b80a37030aa250dc8b08f3ed7f5917,13,district,district_10,District 10,major_crime_total,TOTAL,year_to_date,percent_change,percent,2026,2021,5,-23.0,-0.23,-23%,,not_checkable,,,wilmington-compstat-v2,validated
weekly-2026-08-16-r1,weekly_compstat,2026-08-10,2026-08-16,1,7d23f10cc3e90aaa48cbc3bc24227cb4b6b80a37030aa250dc8b08f3ed7f5917,13,district,district_10,District 10,major_crime_total,TOTAL,year_to_date,percent_change,percent,2026,2020,6,-27.0,-0.27,-27%,,not_checkable,,,wilmington-compstat-v2,validated
weekly-2026-08-16-r1,weekly_compstat,2026-08-10,2026-08-16,1,7d23f10cc3e90aaa48cbc3bc24227cb4b6b80a37030aa250dc8b08f3ed7f5917,13,district,district_10,District 10,shooting_incidents,Shooting Incidents,last_7_days,count,count,2026,,,0,,0,,not_applicable,,,wilmington-compstat-v2,validated
weekly-2026-08-16-r1,weekly_compstat,2026-08-10,2026-08-16,1,7d23f10cc3e90aaa48cbc3bc24227cb4b6b80a37030aa250dc8b08f3ed7f5917,13,district,district_10,District 10,shooting_incidents,Shooting Incidents,last_7_days,count,count,2025,,,0,,0,,not_applicable,,,wilmington-compstat-v2,validated
weekly-2026-08-16-r1,weekly_compstat,2026-08-10,2026-08-16,1,7d23f10cc3e90aaa48cbc3bc24227cb4b6b80a37030aa250dc8b08f3ed7f5917,13,district,district_10,District 10,shooting_incidents,Shooting Incidents,last_7_days,percent_change,percent,2026,2025,1,,,*,,undefined_zero_denominator,,undefined_zero_denominator,wilmington-compstat-v2,validated
weekly-2026-08-16-r1,weekly_compstat,2026-08-10,2026-08-16,1,7d23f10cc3e90aaa48cbc3bc24227cb4b6b80a37030aa250dc8b08f3ed7f5917,13,district,district_10,District 10,shooting_incidents,Shooting Incidents,last_28_days,count,count,2026,,,0,,0,,not_applicable,,,wilmington-compstat-v2,validated
weekly-2026-08-16-r1,weekly_compstat,2026-08-10,2026-08-16,1,7d23f10cc3e90aaa48cbc3bc24227cb4b6b80a37030aa250dc8b08f3ed7f5917,13,district,district_10,District 10,shooting_incidents,Shooting Incidents,last_28_days,count,count,2025,,,0,,0,,not_applicable,,,wilmington-compstat-v2,validated
weekly-2026-08-16-r1,weekly_compstat,2026-08-10,2026-08-16,1,7d23f10cc3e90aaa48cbc3bc24227cb4b6b80a37030aa250dc8b08f3ed7f5917,13,district,district_10,District 10,shooting_incidents,Shooting Incidents,last_28_days,percent_change,percent,2026,2025,1,,,*,,undefined_zero_denominator,,undefined_zero_denominator,wilmington-compstat-v2,validated
weekly-2026-08-16-r1,weekly_compstat,2026-08-10,2026-08-16,1,7d23f10cc3e90aaa48cbc3bc24227cb4b6b80a37030aa250dc8b08f3ed7f5917,13,district,district_10,District 10,shooting_incidents,Shooting Incidents,year_to_date,count,count,2026,,,2,,2,,not_applicable,,,wilmington-compstat-v2,validated
weekly-2026-08-16-r1,weekly_compstat,2026-08-10,2026-08-16,1,7d23f10cc3e90aaa48cbc3bc24227cb4b6b80a37030aa250dc8b08f3ed7f5917,13,district,district_10,District 10,shooting_incidents,Shooting Incidents,year_to_date,count,count,2025,,,2,,2,,not_applicable,,,wilmington-compstat-v2,validated
weekly-2026-08-16-r1,weekly_compstat,2026-08-10,2026-08-16,1,7d23f10cc3e90aaa48cbc3bc24227cb4b6b80a37030aa250dc8b08f3ed7f5917,13,district,district_10,District 10,shooting_incidents,Shooting Incidents,year_to_date,percent_change,percent,2026,2025,1,0.0,0.0,0%,0.0,matched,,,wilmington-compstat-v2,validated
weekly-2026-08-16-r1,weekly_compstat,2026-08-10,2026-08-16,1,7d23f10cc3e90aaa48cbc3bc24227cb4b6b80a37030aa250dc8b08f3ed7f5917,13,district,district_10,District 10,shooting_incidents,Shooting Incidents,year_to_date,percent_change,percent,2026,2024,2,-33.0,-0.33,-33%,,not_checkable,,,wilmington-compstat-v2,validated
weekly-2026-08-16-r1,weekly_compstat,2026-08-10,2026-08-16,1,7d23f10cc3e90aaa48cbc3bc24227cb4b6b80a37030aa250dc8b08f3ed7f5917,13,district,district_10,District 10,shooting_incidents,Shooting Incidents,year_to_date,percent_change,percent,2026,2023,3,0.0,0.0,0%,,not_checkable,,,wilmington-compstat-v2,validated
weekly-2026-08-16-r1,weekly_compstat,2026-08-10,2026-08-16,1,7d23f10cc3e90aaa48cbc3bc24227cb4b6b80a37030aa250dc8b08f3ed7f5917,13,district,district_10,District 10,shooting_incidents,Shooting Incidents,year_to_date,percent_change,percent,2026,2022,4,0.0,0.0,0%,,not_checkable,,,wilmington-compstat-v2,validated
weekly-2026-08-16-r1,weekly_compstat,2026-08-10,2026-08-16,1,7d23f10cc3e90aaa48cbc3bc24227cb4b6b80a37030aa250dc8b08f3ed7f5917,13,district,district_10,District 10,shooting_incidents,Shooting Incidents,year_to_date,percent_change,percent,2026,2021,5,-60.0,-0.6,-60%,,not_checkable,,,wilmington-compstat-v2,validated
weekly-2026-08-16-r1,weekly_compstat,2026-08-10,2026-08-16,1,7d23f10cc3e90aaa48cbc3bc24227cb4b6b80a37030aa250dc8b08f3ed7f5917,13,district,district_10,District 10,shooting_incidents,Shooting Incidents,year_to_date,percent_change,percent,2026,2020,6,0.0,0.0,0%,,not_checkable,,,wilmington-compstat-v2,validated
weekly-2026-08-16-r1,weekly_compstat,2026-08-10,2026-08-16,1,7d23f10cc3e90aaa48cbc3bc24227cb4b6b80a37030aa250dc8b08f3ed7f5917,13,district,district_10,District 10,shooting_victims,Shooting Victims,last_7_days,count,count,2026,,,0,,0,,not_applicable,,,wilmington-compstat-v2,validated
weekly-2026-08-16-r1,weekly_compstat,2026-08-10,2026-08-16,1,7d23f10cc3e90aaa48cbc3bc24227cb4b6b80a37030aa250dc8b08f3ed7f5917,13,district,district_10,District 10,shooting_victims,Shooting Victims,last_7_days,count,count,2025,,,0,,0,,not_applicable,,,wilmington-compstat-v2,validated
weekly-2026-08-16-r1,weekly_compstat,2026-08-10,2026-08-16,1,7d23f10cc3e90aaa48cbc3bc24227cb4b6b80a37030aa250dc8b08f3ed7f5917,13,district,district_10,District 10,shooting_victims,Shooting Victims,last_7_days,percent_change,percent,2026,2025,1,,,*,,undefined_zero_denominator,,undefined_zero_denominator,wilmington-compstat-v2,validated
weekly-2026-08-16-r1,weekly_compstat,2026-08-10,2026-08-16,1,7d23f10cc3e90aaa48cbc3bc24227cb4b6b80a37030aa250dc8b08f3ed7f5917,13,district,district_10,District 10,shooting_victims,Shooting Victims,last_28_days,count,count,2026,,,0,,0,,not_applicable,,,wilmington-compstat-v2,validated
weekly-2026-08-16-r1,weekly_compstat,2026-08-10,2026-08-16,1,7d23f10cc3e90aaa48cbc3bc24227cb4b6b80a37030aa250dc8b08f3ed7f5917,13,district,district_10,District 10,shooting_victims,Shooting Victims,last_28_days,count,count,2025,,,0,,0,,not_applicable,,,wilmington-compstat-v2,validated
weekly-2026-08-16-r1,weekly_compstat,2026-08-10,2026-08-16,1,7d23f10cc3e90aaa48cbc3bc24227cb4b6b80a37030aa250dc8b08f3ed7f5917,13,district,district_10,District 10,shooting_victims,Shooting Victims,last_28_days,percent_change,percent,2026,2025,1,,,*,,undefined_zero_denominator,,undefined_zero_denominator,wilmington-compstat-v2,validated
weekly-2026-08-16-r1,weekly_compstat,2026-08-10,2026-08-16,1,7d23f10cc3e90aaa48cbc3bc24227cb4b6b80a37030aa250dc8b08f3ed7f5917,13,district,district_10,District 10,shooting_victims,Shooting Victims,year_to_date,count,count,2026,,,2,,2,,not_applicable,,,wilmington-compstat-v2,validated
weekly-2026-08-16-r1,weekly_compstat,2026-08-10,2026-08-16,1,7d23f10cc3e90aaa48cbc3bc24227cb4b6b80a37030aa250dc8b08f3ed7f5917,13,district,district_10,District 10,shooting_victims,Shooting Victims,year_to_date,count,count,2025,,,2,,2,,not_applicable,,,wilmington-compstat-v2,validated
weekly-2026-08-16-r1,weekly_compstat,2026-08-10,2026-08-16,1,7d23f10cc3e90aaa48cbc3bc24227cb4b6b80a37030aa250dc8b08f3ed7f5917,13,district,district_10,District 10,shooting_victims,Shooting Victims,year_to_date,percent_change,percent,2026,2025,1,0.0,0.0,0%,0.0,matched,,,wilmington-compstat-v2,validated
weekly-2026-08-16-r1,weekly_compstat,2026-08-10,2026-08-16,1,7d23f10cc3e90aaa48cbc3bc24227cb4b6b80a37030aa250dc8b08f3ed7f5917,13,district,district_10,District 10,shooting_victims,Shooting Victims,year_to_date,percent_change,percent,2026,2024,2,-50.0,-0.5,-50%,,not_checkable,,,wilmington-compstat-v2,validated
weekly-2026-08-16-r1,weekly_compstat,2026-08-10,2026-08-16,1,7d23f10cc3e90aaa48cbc3bc24227cb4b6b80a37030aa250dc8b08f3ed7f5917,13,district,district_10,District 10,shooting_victims,Shooting Victims,year_to_date,percent_change,percent,2026,2023,3,0.0,0.0,0%,,not_checkable,,,wilmington-compstat-v2,validated
weekly-2026-08-16-r1,weekly_compstat,2026-08-10,2026-08-16,1,7d23f10cc3e90aaa48cbc3bc24227cb4b6b80a37030aa250dc8b08f3ed7f5917,13,district,district_10,District 10,shooting_victims,Shooting Victims,year_to_date,percent_change,percent,2026,2022,4,0.0,0.0,0%,,not_checkable,,,wilmington-compstat-v2,validated
weekly-2026-08-16-r1,weekly_compstat,2026-08-10,2026-08-16,1,7d23f10cc3e90aaa48cbc3bc24227cb4b6b80a37030aa250dc8b08f3ed7f5917,13,district,district_10,District 10,shooting_victims,Shooting Victims,year_to_date,percent_change,percent,2026,2021,5,-67.0,-0.67,-67%,,not_checkable,,,wilmington-compstat-v2,validated
weekly-2026-08-16-r1,weekly_compstat,2026-08-10,2026-08-16,1,7d23f10cc3e90aaa48cbc3bc24227cb4b6b80a37030aa250dc8b08f3ed7f5917,13,district,district_10,District 10,shooting_victims,Shooting Victims,year_to_date,percent_change,percent,2026,2020,6,0.0,0.0,0%,,not_checkable,,,wilmington-compstat-v2,validated
weekly-2026-08-16-r1,weekly_compstat,2026-08-10,2026-08-16,1,7d23f10cc3e90aaa48cbc3bc24227cb4b6b80a37030aa250dc8b08f3ed7f5917,13,district,district_10,District 10,juvenile_shooting_incidents,*Juv Shooting Incidents,last_7_days,count,count,2026,,,0,,0,,not_applicable,,,wilmington-compstat-v2,validated
weekly-2026-08-16-r1,weekly_compstat,2026-08-10,2026-08-16,1,7d23f10cc3e90aaa48cbc3bc24227cb4b6b80a37030aa250dc8b08f3ed7f5917,13,district,district_10,District 10,juvenile_shooting_incidents,*Juv Shooting Incidents,last_7_days,count,count,2025,,,0,,0,,not_applicable,,,wilmington-compstat-v2,validated
weekly-2026-08-16-r1,weekly_compstat,2026-08-10,2026-08-16,1,7d23f10cc3e90aaa48cbc3bc24227cb4b6b80a37030aa250dc8b08f3ed7f5917,13,district,district_10,District 10,juvenile_shooting_incidents,*Juv Shooting Incidents,last_7_days,percent_change,percent,2026,2025,1,,,*,,undefined_zero_denominator,,undefined_zero_denominator,wilmington-compstat-v2,validated
weekly-2026-08-16-r1,weekly_compstat,2026-08-10,2026-08-16,1,7d23f10cc3e90aaa48cbc3bc24227cb4b6b80a37030aa250dc8b08f3ed7f5917,13,district,district_10,District 10,juvenile_shooting_incidents,*Juv Shooting Incidents,last_28_days,count,count,2026,,,0,,0,,not_applicable,,,wilmington-compstat-v2,validated
weekly-2026-08-16-r1,weekly_compstat,2026-08-10,2026-08-16,1,7d23f10cc3e90aaa48cbc3bc24227cb4b6b80a37030aa250dc8b08f3ed7f5917,13,district,district_10,District 10,juvenile_shooting_incidents,*Juv Shooting Incidents,last_28_days,count,count,2025,,,0,,0,,not_applicable,,,wilmington-compstat-v2,validated
weekly-2026-08-16-r1,weekly_compstat,2026-08-10,2026-08-16,1,7d23f10cc3e90aaa48cbc3bc24227cb4b6b80a37030aa250dc8b08f3ed7f5917,13,district,district_10,District 10,juvenile_shooting_incidents,*Juv Shooting Incidents,last_28_days,percent_change,percent,2026,2025,1,,,*,,undefined_zero_denominator,,undefined_zero_denominator,wilmington-compstat-v2,validated
weekly-2026-08-16-r1,weekly_compstat,2026-08-10,2026-08-16,1,7d23f10cc3e90aaa48cbc3bc24227cb4b6b80a37030aa250dc8b08f3ed7f5917,13,district,district_10,District 10,juvenile_shooting_incidents,*Juv Shooting Incidents,year_to_date,count,count,2026,,,1,,1,,not_applicable,,,wilmington-compstat-v2,validated
weekly-2026-08-16-r1,weekly_compstat,2026-08-10,2026-08-16,1,7d23f10cc3e90aaa48cbc3bc24227cb4b6b80a37030aa250dc8b08f3ed7f5917,13,district,district_10,District 10,juvenile_shooting_incidents,*Juv Shooting Incidents,year_to_date,count,count,2025,,,0,,0,,not_applicable,,,wilmington-compstat-v2,validated
weekly-2026-08-16-r1,weekly_compstat,2026-08-10,2026-08-16,1,7d23f10cc3e90aaa48cbc3bc24227cb4b6b80a37030aa250dc8b08f3ed7f5917,13,district,district_10,District 10,juvenile_shooting_incidents,*Juv Shooting Incidents,year_to_date,percent_change,percent,2026,2025,1,,,*,,undefined_zero_denominator,,undefined_zero_denominator,wilmington-compstat-v2,validated
weekly-2026-08-16-r1,weekly_compstat,2026-08-10,2026-08-16,1,7d23f10cc3e90aaa48cbc3bc24227cb4b6b80a37030aa250dc8b08f3ed7f5917,13,district,district_10,District 10,juvenile_shooting_incidents,*Juv Shooting Incidents,year_to_date,percent_change,percent,2026,2024,2,0.0,0.0,0%,,not_checkable,,,wilmington-compstat-v2,validated
weekly-2026-08-16-r1,weekly_compstat,2026-08-10,2026-08-16,1,7d23f10cc3e90aaa48cbc3bc24227cb4b6b80a37030aa250dc8b08f3ed7f5917,13,district,district_10,District 10,juvenile_shooting_incidents,*Juv Shooting Incidents,year_to_date,percent_change,percent,2026,2023,3,,,*,,not_checkable,,undefined_zero_denominator,wilmington-compstat-v2,validated
weekly-2026-08-16-r1,weekly_compstat,2026-08-10,2026-08-16,1,7d23f10cc3e90aaa48cbc3bc24227cb4b6b80a37030aa250dc8b08f3ed7f5917,13,district,district_10,District 10,juvenile_shooting_incidents,*Juv Shooting Incidents,year_to_date,percent_change,percent,2026,2022,4,,,*,,not_checkable,,undefined_zero_denominator,wilmington-compstat-v2,validated
weekly-2026-08-16-r1,weekly_compstat,2026-08-10,2026-08-16,1,7d23f10cc3e90aaa48cbc3bc24227cb4b6b80a37030aa250dc8b08f3ed7f5917,13,district,district_10,District 10,juvenile_shooting_incidents,*Juv Shooting Incidents,year_to_date,percent_change,percent,2026,2021,5,0.0,0.0,0%,,not_checkable,,,wilmington-compstat-v2,validated
weekly-2026-08-16-r1,weekly_compstat,2026-08-10,2026-08-16,1,7d23f10cc3e90aaa48cbc3bc24227cb4b6b80a37030aa250dc8b08f3ed7f5917,13,district,district_10,District 10,juvenile_shooting_incidents,*Juv Shooting Incidents,year_to_date,percent_change,percent,2026,2020,6,0.0,0.0,0%,,not_checkable,,,wilmington-compstat-v2,validated
weekly-2026-08-16-r1,weekly_compstat,2026-08-10,2026-08-16,1,7d23f10cc3e90aaa48cbc3bc24227cb4b6b80a37030aa250dc8b08f3ed7f5917,13,district,district_10,District 10,juvenile_shooting_victims,*Juv Shooting Victims,last_7_days,count,count,2026,,,0,,0,,not_applicable,,,wilmington-compstat-v2,validated
weekly-2026-08-16-r1,weekly_compstat,2026-08-10,2026-08-16,1,7d23f10cc3e90aaa48cbc3bc24227cb4b6b80a37030aa250dc8b08f3ed7f5917,13,district,district_10,District 10,juvenile_shooting_victims,*Juv Shooting Victims,last_7_days,count,count,2025,,,0,,0,,not_applicable,,,wilmington-compstat-v2,validated
weekly-2026-08-16-r1,weekly_compstat,2026-08-10,2026-08-16,1,7d23f10cc3e90aaa48cbc3bc24227cb4b6b80a37030aa250dc8b08f3ed7f5917,13,district,district_10,District 10,juvenile_shooting_victims,*Juv Shooting Victims,last_7_days,percent_change,percent,2026,2025,1,,,*,,undefined_zero_denominator,,undefined_zero_denominator,wilmington-compstat-v2,validated
weekly-2026-08-16-r1,weekly_compstat,2026-08-10,2026-08-16,1,7d23f10cc3e90aaa48cbc3bc24227cb4b6b80a37030aa250dc8b08f3ed7f5917,13,district,district_10,District 10,juvenile_shooting_victims,*Juv Shooting Victims,last_28_days,count,count,2026,,,0,,0,,not_applicable,,,wilmington-compstat-v2,validated
weekly-2026-08-16-r1,weekly_compstat,2026-08-10,2026-08-16,1,7d23f10cc3e90aaa48cbc3bc24227cb4b6b80a37030aa250dc8b08f3ed7f5917,13,district,district_10,District 10,juvenile_shooting_victims,*Juv Shooting Victims,last_28_days,count,count,2025,,,0,,0,,not_applicable,,,wilmington-compstat-v2,validated
weekly-2026-08-16-r1,weekly_compstat,2026-08-10,2026-08-16,1,7d23f10cc3e90aaa48cbc3bc24227cb4b6b80a37030aa250dc8b08f3ed7f5917,13,district,district_10,District 10,juvenile_shooting_victims,*Juv Shooting Victims,last_28_days,percent_change,percent,2026,2025,1,,,*,,undefined_zero_denominator,,undefined_zero_denominator,wilmington-compstat-v2,validated
weekly-2026-08-16-r1,weekly_compstat,2026-08-10,2026-08-16,1,7d23f10cc3e90aaa48cbc3bc24227cb4b6b80a37030aa250dc8b08f3ed7f5917,13,district,district_10,District 10,juvenile_shooting_victims,*Juv Shooting Victims,year_to_date,count,count,2026,,,1,,1,,not_applicable,,,wilmington-compstat-v2,validated
weekly-2026-08-16-r1,weekly_compstat,2026-08-10,2026-08-16,1,7d23f10cc3e90aaa48cbc3bc24227cb4b6b80a37030aa250dc8b08f3ed7f5917,13,district,district_10,District 10,juvenile_shooting_victims,*Juv Shooting Victims,year_to_date,count,count,2025,,,0,,0,,not_applicable,,,wilmington-compstat-v2,validated
weekly-2026-08-16-r1,weekly_compstat,2026-08-10,2026-08-16,1,7d23f10cc3e90aaa48cbc3bc24227cb4b6b80a37030aa250dc8b08f3ed7f5917,13,district,district_10,District 10,juvenile_shooting_victims,*Juv Shooting Victims,year_to_date,percent_change,percent,2026,2025,1,,,*,,undefined_zero_denominator,,undefined_zero_denominator,wilmington-compstat-v2,validated
weekly-2026-08-16-r1,weekly_compstat,2026-08-10,2026-08-16,1,7d23f10cc3e90aaa48cbc3bc24227cb4b6b80a37030aa250dc8b08f3ed7f5917,13,district,district_10,District 10,juvenile_shooting_victims,*Juv Shooting Victims,year_to_date,percent_change,percent,2026,2024,2,0.0,0.0,0%,,not_checkable,,,wilmington-compstat-v2,validated
weekly-2026-08-16-r1,weekly_compstat,2026-08-10,2026-08-16,1,7d23f10cc3e90aaa48cbc3bc24227cb4b6b80a37030aa250dc8b08f3ed7f5917,13,district,district_10,District 10,juvenile_shooting_victims,*Juv Shooting Victims,year_to_date,percent_change,percent,2026,2023,3,,,*,,not_checkable,,undefined_zero_denominator,wilmington-compstat-v2,validated
weekly-2026-08-16-r1,weekly_compstat,2026-08-10,2026-08-16,1,7d23f10cc3e90aaa48cbc3bc24227cb4b6b80a37030aa250dc8b08f3ed7f5917,13,district,district_10,District 10,juvenile_shooting_victims,*Juv Shooting Victims,year_to_date,percent_change,percent,2026,2022,4,,,*,,not_checkable,,undefined_zero_denominator,wilmington-compstat-v2,validated
weekly-2026-08-16-r1,weekly_compstat,2026-08-10,2026-08-16,1,7d23f10cc3e90aaa48cbc3bc24227cb4b6b80a37030aa250dc8b08f3ed7f5917,13,district,district_10,District 10,juvenile_shooting_victims,*Juv Shooting Victims,year_to_date,percent_change,percent,2026,2021,5,0.0,0.0,0%,,not_checkable,,,wilmington-compstat-v2,validated
weekly-2026-08-16-r1,weekly_compstat,2026-08-10,2026-08-16,1,7d23f10cc3e90aaa48cbc3bc24227cb4b6b80a37030aa250dc8b08f3ed7f5917,13,district,district_10,District 10,juvenile_shooting_victims,*Juv Shooting Victims,year_to_date,percent_change,percent,2026,2020,6,0.0,0.0,0%,,not_checkable,,,wilmington-compstat-v2,validated
weekly-2026-08-16-r1,weekly_compstat,2026-08-10,2026-08-16,1,7d23f10cc3e90aaa48cbc3bc24227cb4b6b80a37030aa250dc8b08f3ed7f5917,13,district,district_10,District 10,misdemeanor_theft,Theft (Misdemeanor),last_7_days,count,count,2026,,,1,,1,,not_applicable,,,wilmington-compstat-v2,validated
weekly-2026-08-16-r1,weekly_compstat,2026-08-10,2026-08-16,1,7d23f10cc3e90aaa48cbc3bc24227cb4b6b80a37030aa250dc8b08f3ed7f5917,13,district,district_10,District 10,misdemeanor_theft,Theft (Misdemeanor),last_7_days,count,count,2025,,,0,,0,,not_applicable,,,wilmington-compstat-v2,validated
weekly-2026-08-16-r1,weekly_compstat,2026-08-10,2026-08-16,1,7d23f10cc3e90aaa48cbc3bc24227cb4b6b80a37030aa250dc8b08f3ed7f5917,13,district,district_10,District 10,misdemeanor_theft,Theft (Misdemeanor),last_7_days,percent_change,percent,2026,2025,1,,,*,,undefined_zero_denominator,,undefined_zero_denominator,wilmington-compstat-v2,validated
weekly-2026-08-16-r1,weekly_compstat,2026-08-10,2026-08-16,1,7d23f10cc3e90aaa48cbc3bc24227cb4b6b80a37030aa250dc8b08f3ed7f5917,13,district,district_10,District 10,misdemeanor_theft,Theft (Misdemeanor),last_28_days,count,count,2026,,,1,,1,,not_applicable,,,wilmington-compstat-v2,validated
weekly-2026-08-16-r1,weekly_compstat,2026-08-10,2026-08-16,1,7d23f10cc3e90aaa48cbc3bc24227cb4b6b80a37030aa250dc8b08f3ed7f5917,13,district,district_10,District 10,misdemeanor_theft,Theft (Misdemeanor),last_28_days,count,count,2025,,,2,,2,,not_applicable,,,wilmington-compstat-v2,validated
weekly-2026-08-16-r1,weekly_compstat,2026-08-10,2026-08-16,1,7d23f10cc3e90aaa48cbc3bc24227cb4b6b80a37030aa250dc8b08f3ed7f5917,13,district,district_10,District 10,misdemeanor_theft,Theft (Misdemeanor),last_28_days,percent_change,percent,2026,2025,1,-50.0,-0.5,-50%,-50.0,matched,,,wilmington-compstat-v2,validated
weekly-2026-08-16-r1,weekly_compstat,2026-08-10,2026-08-16,1,7d23f10cc3e90aaa48cbc3bc24227cb4b6b80a37030aa250dc8b08f3ed7f5917,13,district,district_10,District 10,misdemeanor_theft,Theft (Misdemeanor),year_to_date,count,count,2026,,,31,,31,,not_applicable,,,wilmington-compstat-v2,validated
weekly-2026-08-16-r1,weekly_compstat,2026-08-10,2026-08-16,1,7d23f10cc3e90aaa48cbc3bc24227cb4b6b80a37030aa250dc8b08f3ed7f5917,13,district,district_10,District 10,misdemeanor_theft,Theft (Misdemeanor),year_to_date,count,count,2025,,,27,,27,,not_applicable,,,wilmington-compstat-v2,validated
weekly-2026-08-16-r1,weekly_compstat,2026-08-10,2026-08-16,1,7d23f10cc3e90aaa48cbc3bc24227cb4b6b80a37030aa250dc8b08f3ed7f5917,13,district,district_10,District 10,misdemeanor_theft,Theft (Misdemeanor),year_to_date,percent_change,percent,2026,2025,1,15.0,0.15,15%,14.814815,matched,,,wilmington-compstat-v2,validated
weekly-2026-08-16-r1,weekly_compstat,2026-08-10,2026-08-16,1,7d23f10cc3e90aaa48cbc3bc24227cb4b6b80a37030aa250dc8b08f3ed7f5917,13,district,district_10,District 10,misdemeanor_theft,Theft (Misdemeanor),year_to_date,percent_change,percent,2026,2024,2,24.0,0.24,24%,,not_checkable,,,wilmington-compstat-v2,validated
weekly-2026-08-16-r1,weekly_compstat,2026-08-10,2026-08-16,1,7d23f10cc3e90aaa48cbc3bc24227cb4b6b80a37030aa250dc8b08f3ed7f5917,13,district,district_10,District 10,misdemeanor_theft,Theft (Misdemeanor),year_to_date,percent_change,percent,2026,2023,3,7.0,0.07,7%,,not_checkable,,,wilmington-compstat-v2,validated
weekly-2026-08-16-r1,weekly_compstat,2026-08-10,2026-08-16,1,7d23f10cc3e90aaa48cbc3bc24227cb4b6b80a37030aa250dc8b08f3ed7f5917,13,district,district_10,District 10,misdemeanor_theft,Theft (Misdemeanor),year_to_date,percent_change,percent,2026,2022,4,-18.0,-0.18,-18%,,not_checkable,,,wilmington-compstat-v2,validated
weekly-2026-08-16-r1,weekly_compstat,2026-08-10,2026-08-16,1,7d23f10cc3e90aaa48cbc3bc24227cb4b6b80a37030aa250dc8b08f3ed7f5917,13,district,district_10,District 10,misdemeanor_theft,Theft (Misdemeanor),year_to_date,percent_change,percent,2026,2021,5,-30.0,-0.3,-30%,,not_checkable,,,wilmington-compstat-v2,validated
weekly-2026-08-16-r1,weekly_compstat,2026-08-10,2026-08-16,1,7d23f10cc3e90aaa48cbc3bc24227cb4b6b80a37030aa250dc8b08f3ed7f5917,13,district,district_10,District 10,misdemeanor_theft,Theft (Misdemeanor),year_to_date,percent_change,percent,2026,2020,6,-6.0,-0.06,-6%,,not_checkable,,,wilmington-compstat-v2,validated
weekly-2026-08-16-r1,weekly_compstat,2026-08-10,2026-08-16,1,7d23f10cc3e90aaa48cbc3bc24227cb4b6b80a37030aa250dc8b08f3ed7f5917,15,district,district_11,District 11,murder,Murder,last_7_days,count,count,2026,,,0,,0,,not_applicable,,,wilmington-compstat-v2,validated
weekly-2026-08-16-r1,weekly_compstat,2026-08-10,2026-08-16,1,7d23f10cc3e90aaa48cbc3bc24227cb4b6b80a37030aa250dc8b08f3ed7f5917,15,district,district_11,District 11,murder,Murder,last_7_days,count,count,2025,,,0,,0,,not_applicable,,,wilmington-compstat-v2,validated
weekly-2026-08-16-r1,weekly_compstat,2026-08-10,2026-08-16,1,7d23f10cc3e90aaa48cbc3bc24227cb4b6b80a37030aa250dc8b08f3ed7f5917,15,district,district_11,District 11,murder,Murder,last_7_days,percent_change,percent,2026,2025,1,,,*,,undefined_zero_denominator,,undefined_zero_denominator,wilmington-compstat-v2,validated
weekly-2026-08-16-r1,weekly_compstat,2026-08-10,2026-08-16,1,7d23f10cc3e90aaa48cbc3bc24227cb4b6b80a37030aa250dc8b08f3ed7f5917,15,district,district_11,District 11,murder,Murder,last_28_days,count,count,2026,,,0,,0,,not_applicable,,,wilmington-compstat-v2,validated
weekly-2026-08-16-r1,weekly_compstat,2026-08-10,2026-08-16,1,7d23f10cc3e90aaa48cbc3bc24227cb4b6b80a37030aa250dc8b08f3ed7f5917,15,district,district_11,District 11,murder,Murder,last_28_days,count,count,2025,,,0,,0,,not_applicable,,,wilmington-compstat-v2,validated
weekly-2026-08-16-r1,weekly_compstat,2026-08-10,2026-08-16,1,7d23f10cc3e90aaa48cbc3bc24227cb4b6b80a37030aa250dc8b08f3ed7f5917,15,district,district_11,District 11,murder,Murder,last_28_days,percent_change,percent,2026,2025,1,,,*,,undefined_zero_denominator,,undefined_zero_denominator,wilmington-compstat-v2,validated
weekly-2026-08-16-r1,weekly_compstat,2026-08-10,2026-08-16,1,7d23f10cc3e90aaa48cbc3bc24227cb4b6b80a37030aa250dc8b08f3ed7f5917,15,district,district_11,District 11,murder,Murder,year_to_date,count,count,2026,,,0,,0,,not_applicable,,,wilmington-compstat-v2,validated
weekly-2026-08-16-r1,weekly_compstat,2026-08-10,2026-08-16,1,7d23f10cc3e90aaa48cbc3bc24227cb4b6b80a37030aa250dc8b08f3ed7f5917,15,district,district_11,District 11,murder,Murder,year_to_date,count,count,2025,,,0,,0,,not_applicable,,,wilmington-compstat-v2,validated
weekly-2026-08-16-r1,weekly_compstat,2026-08-10,2026-08-16,1,7d23f10cc3e90aaa48cbc3bc24227cb4b6b80a37030aa250dc8b08f3ed7f5917,15,district,district_11,District 11,murder,Murder,year_to_date,percent_change,percent,2026,2025,1,,,*,,undefined_zero_denominator,,undefined_zero_denominator,wilmington-compstat-v2,validated
weekly-2026-08-16-r1,weekly_compstat,2026-08-10,2026-08-16,1,7d23f10cc3e90aaa48cbc3bc24227cb4b6b80a37030aa250dc8b08f3ed7f5917,15,district,district_11,District 11,murder,Murder,year_to_date,percent_change,percent,2026,2024,2,-100.0,-1.0,-100%,,not_checkable,,,wilmington-compstat-v2,validated
weekly-2026-08-16-r1,weekly_compstat,2026-08-10,2026-08-16,1,7d23f10cc3e90aaa48cbc3bc24227cb4b6b80a37030aa250dc8b08f3ed7f5917,15,district,district_11,District 11,murder,Murder,year_to_date,percent_change,percent,2026,2023,3,-100.0,-1.0,-100%,,not_checkable,,,wilmington-compstat-v2,validated
weekly-2026-08-16-r1,weekly_compstat,2026-08-10,2026-08-16,1,7d23f10cc3e90aaa48cbc3bc24227cb4b6b80a37030aa250dc8b08f3ed7f5917,15,district,district_11,District 11,murder,Murder,year_to_date,percent_change,percent,2026,2022,4,-100.0,-1.0,-100%,,not_checkable,,,wilmington-compstat-v2,validated
weekly-2026-08-16-r1,weekly_compstat,2026-08-10,2026-08-16,1,7d23f10cc3e90aaa48cbc3bc24227cb4b6b80a37030aa250dc8b08f3ed7f5917,15,district,district_11,District 11,murder,Murder,year_to_date,percent_change,percent,2026,2021,5,-100.0,-1.0,-100%,,not_checkable,,,wilmington-compstat-v2,validated
weekly-2026-08-16-r1,weekly_compstat,2026-08-10,2026-08-16,1,7d23f10cc3e90aaa48cbc3bc24227cb4b6b80a37030aa250dc8b08f3ed7f5917,15,district,district_11,District 11,murder,Murder,year_to_date,percent_change,percent,2026,2020,6,-100.0,-1.0,-100%,,not_checkable,,,wilmington-compstat-v2,validated
weekly-2026-08-16-r1,weekly_compstat,2026-08-10,2026-08-16,1,7d23f10cc3e90aaa48cbc3bc24227cb4b6b80a37030aa250dc8b08f3ed7f5917,15,district,district_11,District 11,rape,Rape,last_7_days,count,count,2026,,,0,,0,,not_applicable,,,wilmington-compstat-v2,validated
weekly-2026-08-16-r1,weekly_compstat,2026-08-10,2026-08-16,1,7d23f10cc3e90aaa48cbc3bc24227cb4b6b80a37030aa250dc8b08f3ed7f5917,15,district,district_11,District 11,rape,Rape,last_7_days,count,count,2025,,,0,,0,,not_applicable,,,wilmington-compstat-v2,validated
weekly-2026-08-16-r1,weekly_compstat,2026-08-10,2026-08-16,1,7d23f10cc3e90aaa48cbc3bc24227cb4b6b80a37030aa250dc8b08f3ed7f5917,15,district,district_11,District 11,rape,Rape,last_7_days,percent_change,percent,2026,2025,1,,,*,,undefined_zero_denominator,,undefined_zero_denominator,wilmington-compstat-v2,validated
weekly-2026-08-16-r1,weekly_compstat,2026-08-10,2026-08-16,1,7d23f10cc3e90aaa48cbc3bc24227cb4b6b80a37030aa250dc8b08f3ed7f5917,15,district,district_11,District 11,rape,Rape,last_28_days,count,count,2026,,,0,,0,,not_applicable,,,wilmington-compstat-v2,validated
weekly-2026-08-16-r1,weekly_compstat,2026-08-10,2026-08-16,1,7d23f10cc3e90aaa48cbc3bc24227cb4b6b80a37030aa250dc8b08f3ed7f5917,15,district,district_11,District 11,rape,Rape,last_28_days,count,count,2025,,,0,,0,,not_applicable,,,wilmington-compstat-v2,validated
weekly-2026-08-16-r1,weekly_compstat,2026-08-10,2026-08-16,1,7d23f10cc3e90aaa48cbc3bc24227cb4b6b80a37030aa250dc8b08f3ed7f5917,15,district,district_11,District 11,rape,Rape,last_28_days,percent_change,percent,2026,2025,1,,,*,,undefined_zero_denominator,,undefined_zero_denominator,wilmington-compstat-v2,validated
weekly-2026-08-16-r1,weekly_compstat,2026-08-10,2026-08-16,1,7d23f10cc3e90aaa48cbc3bc24227cb4b6b80a37030aa250dc8b08f3ed7f5917,15,district,district_11,District 11,rape,Rape,year_to_date,count,count,2026,,,0,,0,,not_applicable,,,wilmington-compstat-v2,validated
weekly-2026-08-16-r1,weekly_compstat,2026-08-10,2026-08-16,1,7d23f10cc3e90aaa48cbc3bc24227cb4b6b80a37030aa250dc8b08f3ed7f5917,15,district,district_11,District 11,rape,Rape,year_to_date,count,count,2025,,,0,,0,,not_applicable,,,wilmington-compstat-v2,validated
weekly-2026-08-16-r1,weekly_compstat,2026-08-10,2026-08-16,1,7d23f10cc3e90aaa48cbc3bc24227cb4b6b80a37030aa250dc8b08f3ed7f5917,15,district,district_11,District 11,rape,Rape,year_to_date,percent_change,percent,2026,2025,1,,,*,,undefined_zero_denominator,,undefined_zero_denominator,wilmington-compstat-v2,validated
weekly-2026-08-16-r1,weekly_compstat,2026-08-10,2026-08-16,1,7d23f10cc3e90aaa48cbc3bc24227cb4b6b80a37030aa250dc8b08f3ed7f5917,15,district,district_11,District 11,rape,Rape,year_to_date,percent_change,percent,2026,2024,2,,,*,,not_checkable,,undefined_zero_denominator,wilmington-compstat-v2,validated
weekly-2026-08-16-r1,weekly_compstat,2026-08-10,2026-08-16,1,7d23f10cc3e90aaa48cbc3bc24227cb4b6b80a37030aa250dc8b08f3ed7f5917,15,district,district_11,District 11,rape,Rape,year_to_date,percent_change,percent,2026,2023,3,,,*,,not_checkable,,undefined_zero_denominator,wilmington-compstat-v2,validated
weekly-2026-08-16-r1,weekly_compstat,2026-08-10,2026-08-16,1,7d23f10cc3e90aaa48cbc3bc24227cb4b6b80a37030aa250dc8b08f3ed7f5917,15,district,district_11,District 11,rape,Rape,year_to_date,percent_change,percent,2026,2022,4,-100.0,-1.0,-100%,,not_checkable,,,wilmington-compstat-v2,validated
weekly-2026-08-16-r1,weekly_compstat,2026-08-10,2026-08-16,1,7d23f10cc3e90aaa48cbc3bc24227cb4b6b80a37030aa250dc8b08f3ed7f5917,15,district,district_11,District 11,rape,Rape,year_to_date,percent_change,percent,2026,2021,5,,,*,,not_checkable,,undefined_zero_denominator,wilmington-compstat-v2,validated
weekly-2026-08-16-r1,weekly_compstat,2026-08-10,2026-08-16,1,7d23f10cc3e90aaa48cbc3bc24227cb4b6b80a37030aa250dc8b08f3ed7f5917,15,district,district_11,District 11,rape,Rape,year_to_date,percent_change,percent,2026,2020,6,,,*,,not_checkable,,undefined_zero_denominator,wilmington-compstat-v2,validated
weekly-2026-08-16-r1,weekly_compstat,2026-08-10,2026-08-16,1,7d23f10cc3e90aaa48cbc3bc24227cb4b6b80a37030aa250dc8b08f3ed7f5917,15,district,district_11,District 11,robbery,Robbery,last_7_days,count,count,2026,,,0,,0,,not_applicable,,,wilmington-compstat-v2,validated
weekly-2026-08-16-r1,weekly_compstat,2026-08-10,2026-08-16,1,7d23f10cc3e90aaa48cbc3bc24227cb4b6b80a37030aa250dc8b08f3ed7f5917,15,district,district_11,District 11,robbery,Robbery,last_7_days,count,count,2025,,,0,,0,,not_applicable,,,wilmington-compstat-v2,validated
weekly-2026-08-16-r1,weekly_compstat,2026-08-10,2026-08-16,1,7d23f10cc3e90aaa48cbc3bc24227cb4b6b80a37030aa250dc8b08f3ed7f5917,15,district,district_11,District 11,robbery,Robbery,last_7_days,percent_change,percent,2026,2025,1,,,*,,undefined_zero_denominator,,undefined_zero_denominator,wilmington-compstat-v2,validated
weekly-2026-08-16-r1,weekly_compstat,2026-08-10,2026-08-16,1,7d23f10cc3e90aaa48cbc3bc24227cb4b6b80a37030aa250dc8b08f3ed7f5917,15,district,district_11,District 11,robbery,Robbery,last_28_days,count,count,2026,,,2,,2,,not_applicable,,,wilmington-compstat-v2,validated
weekly-2026-08-16-r1,weekly_compstat,2026-08-10,2026-08-16,1,7d23f10cc3e90aaa48cbc3bc24227cb4b6b80a37030aa250dc8b08f3ed7f5917,15,district,district_11,District 11,robbery,Robbery,last_28_days,count,count,2025,,,6,,6,,not_applicable,,,wilmington-compstat-v2,validated
weekly-2026-08-16-r1,weekly_compstat,2026-08-10,2026-08-16,1,7d23f10cc3e90aaa48cbc3bc24227cb4b6b80a37030aa250dc8b08f3ed7f5917,15,district,district_11,District 11,robbery,Robbery,last_28_days,percent_change,percent,2026,2025,1,-67.0,-0.67,-67%,-66.666667,matched,,,wilmington-compstat-v2,validated
weekly-2026-08-16-r1,weekly_compstat,2026-08-10,2026-08-16,1,7d23f10cc3e90aaa48cbc3bc24227cb4b6b80a37030aa250dc8b08f3ed7f5917,15,district,district_11,District 11,robbery,Robbery,year_to_date,count,count,2026,,,16,,16,,not_applicable,,,wilmington-compstat-v2,validated
weekly-2026-08-16-r1,weekly_compstat,2026-08-10,2026-08-16,1,7d23f10cc3e90aaa48cbc3bc24227cb4b6b80a37030aa250dc8b08f3ed7f5917,15,district,district_11,District 11,robbery,Robbery,year_to_date,count,count,2025,,,15,,15,,not_applicable,,,wilmington-compstat-v2,validated
weekly-2026-08-16-r1,weekly_compstat,2026-08-10,2026-08-16,1,7d23f10cc3e90aaa48cbc3bc24227cb4b6b80a37030aa250dc8b08f3ed7f5917,15,district,district_11,District 11,robbery,Robbery,year_to_date,percent_change,percent,2026,2025,1,7.0,0.07,7%,6.666667,matched,,,wilmington-compstat-v2,validated
weekly-2026-08-16-r1,weekly_compstat,2026-08-10,2026-08-16,1,7d23f10cc3e90aaa48cbc3bc24227cb4b6b80a37030aa250dc8b08f3ed7f5917,15,district,district_11,District 11,robbery,Robbery,year_to_date,percent_change,percent,2026,2024,2,45.0,0.45,45%,,not_checkable,,,wilmington-compstat-v2,validated
weekly-2026-08-16-r1,weekly_compstat,2026-08-10,2026-08-16,1,7d23f10cc3e90aaa48cbc3bc24227cb4b6b80a37030aa250dc8b08f3ed7f5917,15,district,district_11,District 11,robbery,Robbery,year_to_date,percent_change,percent,2026,2023,3,14.0,0.14,14%,,not_checkable,,,wilmington-compstat-v2,validated
weekly-2026-08-16-r1,weekly_compstat,2026-08-10,2026-08-16,1,7d23f10cc3e90aaa48cbc3bc24227cb4b6b80a37030aa250dc8b08f3ed7f5917,15,district,district_11,District 11,robbery,Robbery,year_to_date,percent_change,percent,2026,2022,4,-11.0,-0.11,-11%,,not_checkable,,,wilmington-compstat-v2,validated
weekly-2026-08-16-r1,weekly_compstat,2026-08-10,2026-08-16,1,7d23f10cc3e90aaa48cbc3bc24227cb4b6b80a37030aa250dc8b08f3ed7f5917,15,district,district_11,District 11,robbery,Robbery,year_to_date,percent_change,percent,2026,2021,5,33.0,0.33,33%,,not_checkable,,,wilmington-compstat-v2,validated
weekly-2026-08-16-r1,weekly_compstat,2026-08-10,2026-08-16,1,7d23f10cc3e90aaa48cbc3bc24227cb4b6b80a37030aa250dc8b08f3ed7f5917,15,district,district_11,District 11,robbery,Robbery,year_to_date,percent_change,percent,2026,2020,6,-33.0,-0.33,-33%,,not_checkable,,,wilmington-compstat-v2,validated
weekly-2026-08-16-r1,weekly_compstat,2026-08-10,2026-08-16,1,7d23f10cc3e90aaa48cbc3bc24227cb4b6b80a37030aa250dc8b08f3ed7f5917,15,district,district_11,District 11,aggravated_assault,Agg. Assault,last_7_days,count,count,2026,,,2,,2,,not_applicable,,,wilmington-compstat-v2,validated
weekly-2026-08-16-r1,weekly_compstat,2026-08-10,2026-08-16,1,7d23f10cc3e90aaa48cbc3bc24227cb4b6b80a37030aa250dc8b08f3ed7f5917,15,district,district_11,District 11,aggravated_assault,Agg. Assault,last_7_days,count,count,2025,,,1,,1,,not_applicable,,,wilmington-compstat-v2,validated
weekly-2026-08-16-r1,weekly_compstat,2026-08-10,2026-08-16,1,7d23f10cc3e90aaa48cbc3bc24227cb4b6b80a37030aa250dc8b08f3ed7f5917,15,district,district_11,District 11,aggravated_assault,Agg. Assault,last_7_days,percent_change,percent,2026,2025,1,100.0,1.0,100%,100.0,matched,,,wilmington-compstat-v2,validated
weekly-2026-08-16-r1,weekly_compstat,2026-08-10,2026-08-16,1,7d23f10cc3e90aaa48cbc3bc24227cb4b6b80a37030aa250dc8b08f3ed7f5917,15,district,district_11,District 11,aggravated_assault,Agg. Assault,last_28_days,count,count,2026,,,7,,7,,not_applicable,,,wilmington-compstat-v2,validated
weekly-2026-08-16-r1,weekly_compstat,2026-08-10,2026-08-16,1,7d23f10cc3e90aaa48cbc3bc24227cb4b6b80a37030aa250dc8b08f3ed7f5917,15,district,district_11,District 11,aggravated_assault,Agg. Assault,last_28_days,count,count,2025,,,6,,6,,not_applicable,,,wilmington-compstat-v2,validated
weekly-2026-08-16-r1,weekly_compstat,2026-08-10,2026-08-16,1,7d23f10cc3e90aaa48cbc3bc24227cb4b6b80a37030aa250dc8b08f3ed7f5917,15,district,district_11,District 11,aggravated_assault,Agg. Assault,last_28_days,percent_change,percent,2026,2025,1,17.0,0.17,17%,16.666667,matched,,,wilmington-compstat-v2,validated
weekly-2026-08-16-r1,weekly_compstat,2026-08-10,2026-08-16,1,7d23f10cc3e90aaa48cbc3bc24227cb4b6b80a37030aa250dc8b08f3ed7f5917,15,district,district_11,District 11,aggravated_assault,Agg. Assault,year_to_date,count,count,2026,,,47,,47,,not_applicable,,,wilmington-compstat-v2,validated
weekly-2026-08-16-r1,weekly_compstat,2026-08-10,2026-08-16,1,7d23f10cc3e90aaa48cbc3bc24227cb4b6b80a37030aa250dc8b08f3ed7f5917,15,district,district_11,District 11,aggravated_assault,Agg. Assault,year_to_date,count,count,2025,,,47,,47,,not_applicable,,,wilmington-compstat-v2,validated
weekly-2026-08-16-r1,weekly_compstat,2026-08-10,2026-08-16,1,7d23f10cc3e90aaa48cbc3bc24227cb4b6b80a37030aa250dc8b08f3ed7f5917,15,district,district_11,District 11,aggravated_assault,Agg. Assault,year_to_date,percent_change,percent,2026,2025,1,0.0,0.0,0%,0.0,matched,,,wilmington-compstat-v2,validated
weekly-2026-08-16-r1,weekly_compstat,2026-08-10,2026-08-16,1,7d23f10cc3e90aaa48cbc3bc24227cb4b6b80a37030aa250dc8b08f3ed7f5917,15,district,district_11,District 11,aggravated_assault,Agg. Assault,year_to_date,percent_change,percent,2026,2024,2,12.0,0.12,12%,,not_checkable,,,wilmington-compstat-v2,validated
weekly-2026-08-16-r1,weekly_compstat,2026-08-10,2026-08-16,1,7d23f10cc3e90aaa48cbc3bc24227cb4b6b80a37030aa250dc8b08f3ed7f5917,15,district,district_11,District 11,aggravated_assault,Agg. Assault,year_to_date,percent_change,percent,2026,2023,3,7.0,0.07,7%,,not_checkable,,,wilmington-compstat-v2,validated
weekly-2026-08-16-r1,weekly_compstat,2026-08-10,2026-08-16,1,7d23f10cc3e90aaa48cbc3bc24227cb4b6b80a37030aa250dc8b08f3ed7f5917,15,district,district_11,District 11,aggravated_assault,Agg. Assault,year_to_date,percent_change,percent,2026,2022,4,15.0,0.15,15%,,not_checkable,,,wilmington-compstat-v2,validated
weekly-2026-08-16-r1,weekly_compstat,2026-08-10,2026-08-16,1,7d23f10cc3e90aaa48cbc3bc24227cb4b6b80a37030aa250dc8b08f3ed7f5917,15,district,district_11,District 11,aggravated_assault,Agg. Assault,year_to_date,percent_change,percent,2026,2021,5,4.0,0.04,4%,,not_checkable,,,wilmington-compstat-v2,validated
weekly-2026-08-16-r1,weekly_compstat,2026-08-10,2026-08-16,1,7d23f10cc3e90aaa48cbc3bc24227cb4b6b80a37030aa250dc8b08f3ed7f5917,15,district,district_11,District 11,aggravated_assault,Agg. Assault,year_to_date,percent_change,percent,2026,2020,6,4.0,0.04,4%,,not_checkable,,,wilmington-compstat-v2,validated
weekly-2026-08-16-r1,weekly_compstat,2026-08-10,2026-08-16,1,7d23f10cc3e90aaa48cbc3bc24227cb4b6b80a37030aa250dc8b08f3ed7f5917,15,district,district_11,District 11,burglary,Burglary,last_7_days,count,count,2026,,,1,,1,,not_applicable,,,wilmington-compstat-v2,validated
weekly-2026-08-16-r1,weekly_compstat,2026-08-10,2026-08-16,1,7d23f10cc3e90aaa48cbc3bc24227cb4b6b80a37030aa250dc8b08f3ed7f5917,15,district,district_11,District 11,burglary,Burglary,last_7_days,count,count,2025,,,6,,6,,not_applicable,,,wilmington-compstat-v2,validated
weekly-2026-08-16-r1,weekly_compstat,2026-08-10,2026-08-16,1,7d23f10cc3e90aaa48cbc3bc24227cb4b6b80a37030aa250dc8b08f3ed7f5917,15,district,district_11,District 11,burglary,Burglary,last_7_days,percent_change,percent,2026,2025,1,-83.0,-0.83,-83%,-83.333333,matched,,,wilmington-compstat-v2,validated
weekly-2026-08-16-r1,weekly_compstat,2026-08-10,2026-08-16,1,7d23f10cc3e90aaa48cbc3bc24227cb4b6b80a37030aa250dc8b08f3ed7f5917,15,district,district_11,District 11,burglary,Burglary,last_28_days,count,count,2026,,,2,,2,,not_applicable,,,wilmington-compstat-v2,validated
weekly-2026-08-16-r1,weekly_compstat,2026-08-10,2026-08-16,1,7d23f10cc3e90aaa48cbc3bc24227cb4b6b80a37030aa250dc8b08f3ed7f5917,15,district,district_11,District 11,burglary,Burglary,last_28_days,count,count,2025,,,11,,11,,not_applicable,,,wilmington-compstat-v2,validated
weekly-2026-08-16-r1,weekly_compstat,2026-08-10,2026-08-16,1,7d23f10cc3e90aaa48cbc3bc24227cb4b6b80a37030aa250dc8b08f3ed7f5917,15,district,district_11,District 11,burglary,Burglary,last_28_days,percent_change,percent,2026,2025,1,-82.0,-0.82,-82%,-81.818182,matched,,,wilmington-compstat-v2,validated
weekly-2026-08-16-r1,weekly_compstat,2026-08-10,2026-08-16,1,7d23f10cc3e90aaa48cbc3bc24227cb4b6b80a37030aa250dc8b08f3ed7f5917,15,district,district_11,District 11,burglary,Burglary,year_to_date,count,count,2026,,,39,,39,,not_applicable,,,wilmington-compstat-v2,validated
weekly-2026-08-16-r1,weekly_compstat,2026-08-10,2026-08-16,1,7d23f10cc3e90aaa48cbc3bc24227cb4b6b80a37030aa250dc8b08f3ed7f5917,15,district,district_11,District 11,burglary,Burglary,year_to_date,count,count,2025,,,40,,40,,not_applicable,,,wilmington-compstat-v2,validated
weekly-2026-08-16-r1,weekly_compstat,2026-08-10,2026-08-16,1,7d23f10cc3e90aaa48cbc3bc24227cb4b6b80a37030aa250dc8b08f3ed7f5917,15,district,district_11,District 11,burglary,Burglary,year_to_date,percent_change,percent,2026,2025,1,-3.0,-0.03,-3%,-2.5,matched,,,wilmington-compstat-v2,validated
weekly-2026-08-16-r1,weekly_compstat,2026-08-10,2026-08-16,1,7d23f10cc3e90aaa48cbc3bc24227cb4b6b80a37030aa250dc8b08f3ed7f5917,15,district,district_11,District 11,burglary,Burglary,year_to_date,percent_change,percent,2026,2024,2,11.0,0.11,11%,,not_checkable,,,wilmington-compstat-v2,validated
weekly-2026-08-16-r1,weekly_compstat,2026-08-10,2026-08-16,1,7d23f10cc3e90aaa48cbc3bc24227cb4b6b80a37030aa250dc8b08f3ed7f5917,15,district,district_11,District 11,burglary,Burglary,year_to_date,percent_change,percent,2026,2023,3,44.0,0.44,44%,,not_checkable,,,wilmington-compstat-v2,validated
weekly-2026-08-16-r1,weekly_compstat,2026-08-10,2026-08-16,1,7d23f10cc3e90aaa48cbc3bc24227cb4b6b80a37030aa250dc8b08f3ed7f5917,15,district,district_11,District 11,burglary,Burglary,year_to_date,percent_change,percent,2026,2022,4,15.0,0.15,15%,,not_checkable,,,wilmington-compstat-v2,validated
weekly-2026-08-16-r1,weekly_compstat,2026-08-10,2026-08-16,1,7d23f10cc3e90aaa48cbc3bc24227cb4b6b80a37030aa250dc8b08f3ed7f5917,15,district,district_11,District 11,burglary,Burglary,year_to_date,percent_change,percent,2026,2021,5,15.0,0.15,15%,,not_checkable,,,wilmington-compstat-v2,validated
weekly-2026-08-16-r1,weekly_compstat,2026-08-10,2026-08-16,1,7d23f10cc3e90aaa48cbc3bc24227cb4b6b80a37030aa250dc8b08f3ed7f5917,15,district,district_11,District 11,burglary,Burglary,year_to_date,percent_change,percent,2026,2020,6,-26.0,-0.26,-26%,,not_checkable,,,wilmington-compstat-v2,validated
weekly-2026-08-16-r1,weekly_compstat,2026-08-10,2026-08-16,1,7d23f10cc3e90aaa48cbc3bc24227cb4b6b80a37030aa250dc8b08f3ed7f5917,15,district,district_11,District 11,felony_theft,Felony Theft,last_7_days,count,count,2026,,,0,,0,,not_applicable,,,wilmington-compstat-v2,validated
weekly-2026-08-16-r1,weekly_compstat,2026-08-10,2026-08-16,1,7d23f10cc3e90aaa48cbc3bc24227cb4b6b80a37030aa250dc8b08f3ed7f5917,15,district,district_11,District 11,felony_theft,Felony Theft,last_7_days,count,count,2025,,,1,,1,,not_applicable,,,wilmington-compstat-v2,validated
weekly-2026-08-16-r1,weekly_compstat,2026-08-10,2026-08-16,1,7d23f10cc3e90aaa48cbc3bc24227cb4b6b80a37030aa250dc8b08f3ed7f5917,15,district,district_11,District 11,felony_theft,Felony Theft,last_7_days,percent_change,percent,2026,2025,1,-100.0,-1.0,-100%,-100.0,matched,,,wilmington-compstat-v2,validated
weekly-2026-08-16-r1,weekly_compstat,2026-08-10,2026-08-16,1,7d23f10cc3e90aaa48cbc3bc24227cb4b6b80a37030aa250dc8b08f3ed7f5917,15,district,district_11,District 11,felony_theft,Felony Theft,last_28_days,count,count,2026,,,4,,4,,not_applicable,,,wilmington-compstat-v2,validated
weekly-2026-08-16-r1,weekly_compstat,2026-08-10,2026-08-16,1,7d23f10cc3e90aaa48cbc3bc24227cb4b6b80a37030aa250dc8b08f3ed7f5917,15,district,district_11,District 11,felony_theft,Felony Theft,last_28_days,count,count,2025,,,1,,1,,not_applicable,,,wilmington-compstat-v2,validated
weekly-2026-08-16-r1,weekly_compstat,2026-08-10,2026-08-16,1,7d23f10cc3e90aaa48cbc3bc24227cb4b6b80a37030aa250dc8b08f3ed7f5917,15,district,district_11,District 11,felony_theft,Felony Theft,last_28_days,percent_change,percent,2026,2025,1,300.0,3.0,300%,300.0,matched,,,wilmington-compstat-v2,validated
weekly-2026-08-16-r1,weekly_compstat,2026-08-10,2026-08-16,1,7d23f10cc3e90aaa48cbc3bc24227cb4b6b80a37030aa250dc8b08f3ed7f5917,15,district,district_11,District 11,felony_theft,Felony Theft,year_to_date,count,count,2026,,,16,,16,,not_applicable,,,wilmington-compstat-v2,validated
weekly-2026-08-16-r1,weekly_compstat,2026-08-10,2026-08-16,1,7d23f10cc3e90aaa48cbc3bc24227cb4b6b80a37030aa250dc8b08f3ed7f5917,15,district,district_11,District 11,felony_theft,Felony Theft,year_to_date,count,count,2025,,,20,,20,,not_applicable,,,wilmington-compstat-v2,validated
weekly-2026-08-16-r1,weekly_compstat,2026-08-10,2026-08-16,1,7d23f10cc3e90aaa48cbc3bc24227cb4b6b80a37030aa250dc8b08f3ed7f5917,15,district,district_11,District 11,felony_theft,Felony Theft,year_to_date,percent_change,percent,2026,2025,1,-20.0,-0.2,-20%,-20.0,matched,,,wilmington-compstat-v2,validated
weekly-2026-08-16-r1,weekly_compstat,2026-08-10,2026-08-16,1,7d23f10cc3e90aaa48cbc3bc24227cb4b6b80a37030aa250dc8b08f3ed7f5917,15,district,district_11,District 11,felony_theft,Felony Theft,year_to_date,percent_change,percent,2026,2024,2,-41.0,-0.41,-41%,,not_checkable,,,wilmington-compstat-v2,validated
weekly-2026-08-16-r1,weekly_compstat,2026-08-10,2026-08-16,1,7d23f10cc3e90aaa48cbc3bc24227cb4b6b80a37030aa250dc8b08f3ed7f5917,15,district,district_11,District 11,felony_theft,Felony Theft,year_to_date,percent_change,percent,2026,2023,3,-6.0,-0.06,-6%,,not_checkable,,,wilmington-compstat-v2,validated
weekly-2026-08-16-r1,weekly_compstat,2026-08-10,2026-08-16,1,7d23f10cc3e90aaa48cbc3bc24227cb4b6b80a37030aa250dc8b08f3ed7f5917,15,district,district_11,District 11,felony_theft,Felony Theft,year_to_date,percent_change,percent,2026,2022,4,-33.0,-0.33,-33%,,not_checkable,,,wilmington-compstat-v2,validated
weekly-2026-08-16-r1,weekly_compstat,2026-08-10,2026-08-16,1,7d23f10cc3e90aaa48cbc3bc24227cb4b6b80a37030aa250dc8b08f3ed7f5917,15,district,district_11,District 11,felony_theft,Felony Theft,year_to_date,percent_change,percent,2026,2021,5,45.0,0.45,45%,,not_checkable,,,wilmington-compstat-v2,validated
weekly-2026-08-16-r1,weekly_compstat,2026-08-10,2026-08-16,1,7d23f10cc3e90aaa48cbc3bc24227cb4b6b80a37030aa250dc8b08f3ed7f5917,15,district,district_11,District 11,felony_theft,Felony Theft,year_to_date,percent_change,percent,2026,2020,6,-16.0,-0.16,-16%,,not_checkable,,,wilmington-compstat-v2,validated
weekly-2026-08-16-r1,weekly_compstat,2026-08-10,2026-08-16,1,7d23f10cc3e90aaa48cbc3bc24227cb4b6b80a37030aa250dc8b08f3ed7f5917,15,district,district_11,District 11,auto_theft,Auto Theft,last_7_days,count,count,2026,,,1,,1,,not_applicable,,,wilmington-compstat-v2,validated
weekly-2026-08-16-r1,weekly_compstat,2026-08-10,2026-08-16,1,7d23f10cc3e90aaa48cbc3bc24227cb4b6b80a37030aa250dc8b08f3ed7f5917,15,district,district_11,District 11,auto_theft,Auto Theft,last_7_days,count,count,2025,,,1,,1,,not_applicable,,,wilmington-compstat-v2,validated
weekly-2026-08-16-r1,weekly_compstat,2026-08-10,2026-08-16,1,7d23f10cc3e90aaa48cbc3bc24227cb4b6b80a37030aa250dc8b08f3ed7f5917,15,district,district_11,District 11,auto_theft,Auto Theft,last_7_days,percent_change,percent,2026,2025,1,0.0,0.0,0%,0.0,matched,,,wilmington-compstat-v2,validated
weekly-2026-08-16-r1,weekly_compstat,2026-08-10,2026-08-16,1,7d23f10cc3e90aaa48cbc3bc24227cb4b6b80a37030aa250dc8b08f3ed7f5917,15,district,district_11,District 11,auto_theft,Auto Theft,last_28_days,count,count,2026,,,3,,3,,not_applicable,,,wilmington-compstat-v2,validated
weekly-2026-08-16-r1,weekly_compstat,2026-08-10,2026-08-16,1,7d23f10cc3e90aaa48cbc3bc24227cb4b6b80a37030aa250dc8b08f3ed7f5917,15,district,district_11,District 11,auto_theft,Auto Theft,last_28_days,count,count,2025,,,5,,5,,not_applicable,,,wilmington-compstat-v2,validated
weekly-2026-08-16-r1,weekly_compstat,2026-08-10,2026-08-16,1,7d23f10cc3e90aaa48cbc3bc24227cb4b6b80a37030aa250dc8b08f3ed7f5917,15,district,district_11,District 11,auto_theft,Auto Theft,last_28_days,percent_change,percent,2026,2025,1,-40.0,-0.4,-40%,-40.0,matched,,,wilmington-compstat-v2,validated
weekly-2026-08-16-r1,weekly_compstat,2026-08-10,2026-08-16,1,7d23f10cc3e90aaa48cbc3bc24227cb4b6b80a37030aa250dc8b08f3ed7f5917,15,district,district_11,District 11,auto_theft,Auto Theft,year_to_date,count,count,2026,,,18,,18,,not_applicable,,,wilmington-compstat-v2,validated
weekly-2026-08-16-r1,weekly_compstat,2026-08-10,2026-08-16,1,7d23f10cc3e90aaa48cbc3bc24227cb4b6b80a37030aa250dc8b08f3ed7f5917,15,district,district_11,District 11,auto_theft,Auto Theft,year_to_date,count,count,2025,,,19,,19,,not_applicable,,,wilmington-compstat-v2,validated
weekly-2026-08-16-r1,weekly_compstat,2026-08-10,2026-08-16,1,7d23f10cc3e90aaa48cbc3bc24227cb4b6b80a37030aa250dc8b08f3ed7f5917,15,district,district_11,District 11,auto_theft,Auto Theft,year_to_date,percent_change,percent,2026,2025,1,-5.0,-0.05,-5%,-5.263158,matched,,,wilmington-compstat-v2,validated
weekly-2026-08-16-r1,weekly_compstat,2026-08-10,2026-08-16,1,7d23f10cc3e90aaa48cbc3bc24227cb4b6b80a37030aa250dc8b08f3ed7f5917,15,district,district_11,District 11,auto_theft,Auto Theft,year_to_date,percent_change,percent,2026,2024,2,-33.0,-0.33,-33%,,not_checkable,,,wilmington-compstat-v2,validated
weekly-2026-08-16-r1,weekly_compstat,2026-08-10,2026-08-16,1,7d23f10cc3e90aaa48cbc3bc24227cb4b6b80a37030aa250dc8b08f3ed7f5917,15,district,district_11,District 11,auto_theft,Auto Theft,year_to_date,percent_change,percent,2026,2023,3,-14.0,-0.14,-14%,,not_checkable,,,wilmington-compstat-v2,validated
weekly-2026-08-16-r1,weekly_compstat,2026-08-10,2026-08-16,1,7d23f10cc3e90aaa48cbc3bc24227cb4b6b80a37030aa250dc8b08f3ed7f5917,15,district,district_11,District 11,auto_theft,Auto Theft,year_to_date,percent_change,percent,2026,2022,4,-18.0,-0.18,-18%,,not_checkable,,,wilmington-compstat-v2,validated
weekly-2026-08-16-r1,weekly_compstat,2026-08-10,2026-08-16,1,7d23f10cc3e90aaa48cbc3bc24227cb4b6b80a37030aa250dc8b08f3ed7f5917,15,district,district_11,District 11,auto_theft,Auto Theft,year_to_date,percent_change,percent,2026,2021,5,-22.0,-0.22,-22%,,not_checkable,,,wilmington-compstat-v2,validated
weekly-2026-08-16-r1,weekly_compstat,2026-08-10,2026-08-16,1,7d23f10cc3e90aaa48cbc3bc24227cb4b6b80a37030aa250dc8b08f3ed7f5917,15,district,district_11,District 11,auto_theft,Auto Theft,year_to_date,percent_change,percent,2026,2020,6,-47.0,-0.47,-47%,,not_checkable,,,wilmington-compstat-v2,validated
weekly-2026-08-16-r1,weekly_compstat,2026-08-10,2026-08-16,1,7d23f10cc3e90aaa48cbc3bc24227cb4b6b80a37030aa250dc8b08f3ed7f5917,15,district,district_11,District 11,major_crime_total,TOTAL,last_7_days,count,count,2026,,,4,,4,,not_applicable,,,wilmington-compstat-v2,validated
weekly-2026-08-16-r1,weekly_compstat,2026-08-10,2026-08-16,1,7d23f10cc3e90aaa48cbc3bc24227cb4b6b80a37030aa250dc8b08f3ed7f5917,15,district,district_11,District 11,major_crime_total,TOTAL,last_7_days,count,count,2025,,,9,,9,,not_applicable,,,wilmington-compstat-v2,validated
weekly-2026-08-16-r1,weekly_compstat,2026-08-10,2026-08-16,1,7d23f10cc3e90aaa48cbc3bc24227cb4b6b80a37030aa250dc8b08f3ed7f5917,15,district,district_11,District 11,major_crime_total,TOTAL,last_7_days,percent_change,percent,2026,2025,1,-56.0,-0.56,-56%,-55.555556,matched,,,wilmington-compstat-v2,validated
weekly-2026-08-16-r1,weekly_compstat,2026-08-10,2026-08-16,1,7d23f10cc3e90aaa48cbc3bc24227cb4b6b80a37030aa250dc8b08f3ed7f5917,15,district,district_11,District 11,major_crime_total,TOTAL,last_28_days,count,count,2026,,,18,,18,,not_applicable,,,wilmington-compstat-v2,validated
weekly-2026-08-16-r1,weekly_compstat,2026-08-10,2026-08-16,1,7d23f10cc3e90aaa48cbc3bc24227cb4b6b80a37030aa250dc8b08f3ed7f5917,15,district,district_11,District 11,major_crime_total,TOTAL,last_28_days,count,count,2025,,,29,,29,,not_applicable,,,wilmington-compstat-v2,validated
weekly-2026-08-16-r1,weekly_compstat,2026-08-10,2026-08-16,1,7d23f10cc3e90aaa48cbc3bc24227cb4b6b80a37030aa250dc8b08f3ed7f5917,15,district,district_11,District 11,major_crime_total,TOTAL,last_28_days,percent_change,percent,2026,2025,1,-38.0,-0.38,-38%,-37.931034,matched,,,wilmington-compstat-v2,validated
weekly-2026-08-16-r1,weekly_compstat,2026-08-10,2026-08-16,1,7d23f10cc3e90aaa48cbc3bc24227cb4b6b80a37030aa250dc8b08f3ed7f5917,15,district,district_11,District 11,major_crime_total,TOTAL,year_to_date,count,count,2026,,,136,,136,,not_applicable,,,wilmington-compstat-v2,validated
weekly-2026-08-16-r1,weekly_compstat,2026-08-10,2026-08-16,1,7d23f10cc3e90aaa48cbc3bc24227cb4b6b80a37030aa250dc8b08f3ed7f5917,15,district,district_11,District 11,major_crime_total,TOTAL,year_to_date,count,count,2025,,,141,,141,,not_applicable,,,wilmington-compstat-v2,validated
weekly-2026-08-16-r1,weekly_compstat,2026-08-10,2026-08-16,1,7d23f10cc3e90aaa48cbc3bc24227cb4b6b80a37030aa250dc8b08f3ed7f5917,15,district,district_11,District 11,major_crime_total,TOTAL,year_to_date,percent_change,percent,2026,2025,1,-4.0,-0.04,-4%,-3.546099,matched,,,wilmington-compstat-v2,validated
weekly-2026-08-16-r1,weekly_compstat,2026-08-10,2026-08-16,1,7d23f10cc3e90aaa48cbc3bc24227cb4b6b80a37030aa250dc8b08f3ed7f5917,15,district,district_11,District 11,major_crime_total,TOTAL,year_to_date,percent_change,percent,2026,2024,2,-6.0,-0.06,-6%,,not_checkable,,,wilmington-compstat-v2,validated
weekly-2026-08-16-r1,weekly_compstat,2026-08-10,2026-08-16,1,7d23f10cc3e90aaa48cbc3bc24227cb4b6b80a37030aa250dc8b08f3ed7f5917,15,district,district_11,District 11,major_crime_total,TOTAL,year_to_date,percent_change,percent,2026,2023,3,9.0,0.09,9%,,not_checkable,,,wilmington-compstat-v2,validated
weekly-2026-08-16-r1,weekly_compstat,2026-08-10,2026-08-16,1,7d23f10cc3e90aaa48cbc3bc24227cb4b6b80a37030aa250dc8b08f3ed7f5917,15,district,district_11,District 11,major_crime_total,TOTAL,year_to_date,percent_change,percent,2026,2022,4,-5.0,-0.05,-5%,,not_checkable,,,wilmington-compstat-v2,validated
weekly-2026-08-16-r1,weekly_compstat,2026-08-10,2026-08-16,1,7d23f10cc3e90aaa48cbc3bc24227cb4b6b80a37030aa250dc8b08f3ed7f5917,15,district,district_11,District 11,major_crime_total,TOTAL,year_to_date,percent_change,percent,2026,2021,5,6.0,0.06,6%,,not_checkable,,,wilmington-compstat-v2,validated
weekly-2026-08-16-r1,weekly_compstat,2026-08-10,2026-08-16,1,7d23f10cc3e90aaa48cbc3bc24227cb4b6b80a37030aa250dc8b08f3ed7f5917,15,district,district_11,District 11,major_crime_total,TOTAL,year_to_date,percent_change,percent,2026,2020,6,-25.0,-0.25,-25%,,not_checkable,,,wilmington-compstat-v2,validated
weekly-2026-08-16-r1,weekly_compstat,2026-08-10,2026-08-16,1,7d23f10cc3e90aaa48cbc3bc24227cb4b6b80a37030aa250dc8b08f3ed7f5917,15,district,district_11,District 11,shooting_incidents,Shooting Incidents,last_7_days,count,count,2026,,,2,,2,,not_applicable,,,wilmington-compstat-v2,validated
weekly-2026-08-16-r1,weekly_compstat,2026-08-10,2026-08-16,1,7d23f10cc3e90aaa48cbc3bc24227cb4b6b80a37030aa250dc8b08f3ed7f5917,15,district,district_11,District 11,shooting_incidents,Shooting Incidents,last_7_days,count,count,2025,,,0,,0,,not_applicable,,,wilmington-compstat-v2,validated
weekly-2026-08-16-r1,weekly_compstat,2026-08-10,2026-08-16,1,7d23f10cc3e90aaa48cbc3bc24227cb4b6b80a37030aa250dc8b08f3ed7f5917,15,district,district_11,District 11,shooting_incidents,Shooting Incidents,last_7_days,percent_change,percent,2026,2025,1,,,*,,undefined_zero_denominator,,undefined_zero_denominator,wilmington-compstat-v2,validated
weekly-2026-08-16-r1,weekly_compstat,2026-08-10,2026-08-16,1,7d23f10cc3e90aaa48cbc3bc24227cb4b6b80a37030aa250dc8b08f3ed7f5917,15,district,district_11,District 11,shooting_incidents,Shooting Incidents,last_28_days,count,count,2026,,,4,,4,,not_applicable,,,wilmington-compstat-v2,validated
weekly-2026-08-16-r1,weekly_compstat,2026-08-10,2026-08-16,1,7d23f10cc3e90aaa48cbc3bc24227cb4b6b80a37030aa250dc8b08f3ed7f5917,15,district,district_11,District 11,shooting_incidents,Shooting Incidents,last_28_days,count,count,2025,,,1,,1,,not_applicable,,,wilmington-compstat-v2,validated
weekly-2026-08-16-r1,weekly_compstat,2026-08-10,2026-08-16,1,7d23f10cc3e90aaa48cbc3bc24227cb4b6b80a37030aa250dc8b08f3ed7f5917,15,district,district_11,District 11,shooting_incidents,Shooting Incidents,last_28_days,percent_change,percent,2026,2025,1,300.0,3.0,300%,300.0,matched,,,wilmington-compstat-v2,validated
weekly-2026-08-16-r1,weekly_compstat,2026-08-10,2026-08-16,1,7d23f10cc3e90aaa48cbc3bc24227cb4b6b80a37030aa250dc8b08f3ed7f5917,15,district,district_11,District 11,shooting_incidents,Shooting Incidents,year_to_date,count,count,2026,,,5,,5,,not_applicable,,,wilmington-compstat-v2,validated
weekly-2026-08-16-r1,weekly_compstat,2026-08-10,2026-08-16,1,7d23f10cc3e90aaa48cbc3bc24227cb4b6b80a37030aa250dc8b08f3ed7f5917,15,district,district_11,District 11,shooting_incidents,Shooting Incidents,year_to_date,count,count,2025,,,5,,5,,not_applicable,,,wilmington-compstat-v2,validated
weekly-2026-08-16-r1,weekly_compstat,2026-08-10,2026-08-16,1,7d23f10cc3e90aaa48cbc3bc24227cb4b6b80a37030aa250dc8b08f3ed7f5917,15,district,district_11,District 11,shooting_incidents,Shooting Incidents,year_to_date,percent_change,percent,2026,2025,1,0.0,0.0,0%,0.0,matched,,,wilmington-compstat-v2,validated
weekly-2026-08-16-r1,weekly_compstat,2026-08-10,2026-08-16,1,7d23f10cc3e90aaa48cbc3bc24227cb4b6b80a37030aa250dc8b08f3ed7f5917,15,district,district_11,District 11,shooting_incidents,Shooting Incidents,year_to_date,percent_change,percent,2026,2024,2,-29.0,-0.29,-29%,,not_checkable,,,wilmington-compstat-v2,validated
weekly-2026-08-16-r1,weekly_compstat,2026-08-10,2026-08-16,1,7d23f10cc3e90aaa48cbc3bc24227cb4b6b80a37030aa250dc8b08f3ed7f5917,15,district,district_11,District 11,shooting_incidents,Shooting Incidents,year_to_date,percent_change,percent,2026,2023,3,0.0,0.0,0%,,not_checkable,,,wilmington-compstat-v2,validated
weekly-2026-08-16-r1,weekly_compstat,2026-08-10,2026-08-16,1,7d23f10cc3e90aaa48cbc3bc24227cb4b6b80a37030aa250dc8b08f3ed7f5917,15,district,district_11,District 11,shooting_incidents,Shooting Incidents,year_to_date,percent_change,percent,2026,2022,4,-17.0,-0.17,-17%,,not_checkable,,,wilmington-compstat-v2,validated
weekly-2026-08-16-r1,weekly_compstat,2026-08-10,2026-08-16,1,7d23f10cc3e90aaa48cbc3bc24227cb4b6b80a37030aa250dc8b08f3ed7f5917,15,district,district_11,District 11,shooting_incidents,Shooting Incidents,year_to_date,percent_change,percent,2026,2021,5,-58.0,-0.58,-58%,,not_checkable,,,wilmington-compstat-v2,validated
weekly-2026-08-16-r1,weekly_compstat,2026-08-10,2026-08-16,1,7d23f10cc3e90aaa48cbc3bc24227cb4b6b80a37030aa250dc8b08f3ed7f5917,15,district,district_11,District 11,shooting_incidents,Shooting Incidents,year_to_date,percent_change,percent,2026,2020,6,-67.0,-0.67,-67%,,not_checkable,,,wilmington-compstat-v2,validated
weekly-2026-08-16-r1,weekly_compstat,2026-08-10,2026-08-16,1,7d23f10cc3e90aaa48cbc3bc24227cb4b6b80a37030aa250dc8b08f3ed7f5917,15,district,district_11,District 11,shooting_victims,Shooting Victims,last_7_days,count,count,2026,,,5,,5,,not_applicable,,,wilmington-compstat-v2,validated
weekly-2026-08-16-r1,weekly_compstat,2026-08-10,2026-08-16,1,7d23f10cc3e90aaa48cbc3bc24227cb4b6b80a37030aa250dc8b08f3ed7f5917,15,district,district_11,District 11,shooting_victims,Shooting Victims,last_7_days,count,count,2025,,,0,,0,,not_applicable,,,wilmington-compstat-v2,validated
weekly-2026-08-16-r1,weekly_compstat,2026-08-10,2026-08-16,1,7d23f10cc3e90aaa48cbc3bc24227cb4b6b80a37030aa250dc8b08f3ed7f5917,15,district,district_11,District 11,shooting_victims,Shooting Victims,last_7_days,percent_change,percent,2026,2025,1,,,*,,undefined_zero_denominator,,undefined_zero_denominator,wilmington-compstat-v2,validated
weekly-2026-08-16-r1,weekly_compstat,2026-08-10,2026-08-16,1,7d23f10cc3e90aaa48cbc3bc24227cb4b6b80a37030aa250dc8b08f3ed7f5917,15,district,district_11,District 11,shooting_victims,Shooting Victims,last_28_days,count,count,2026,,,7,,7,,not_applicable,,,wilmington-compstat-v2,validated
weekly-2026-08-16-r1,weekly_compstat,2026-08-10,2026-08-16,1,7d23f10cc3e90aaa48cbc3bc24227cb4b6b80a37030aa250dc8b08f3ed7f5917,15,district,district_11,District 11,shooting_victims,Shooting Victims,last_28_days,count,count,2025,,,2,,2,,not_applicable,,,wilmington-compstat-v2,validated
weekly-2026-08-16-r1,weekly_compstat,2026-08-10,2026-08-16,1,7d23f10cc3e90aaa48cbc3bc24227cb4b6b80a37030aa250dc8b08f3ed7f5917,15,district,district_11,District 11,shooting_victims,Shooting Victims,last_28_days,percent_change,percent,2026,2025,1,250.0,2.5,250%,250.0,matched,,,wilmington-compstat-v2,validated
weekly-2026-08-16-r1,weekly_compstat,2026-08-10,2026-08-16,1,7d23f10cc3e90aaa48cbc3bc24227cb4b6b80a37030aa250dc8b08f3ed7f5917,15,district,district_11,District 11,shooting_victims,Shooting Victims,year_to_date,count,count,2026,,,8,,8,,not_applicable,,,wilmington-compstat-v2,validated
weekly-2026-08-16-r1,weekly_compstat,2026-08-10,2026-08-16,1,7d23f10cc3e90aaa48cbc3bc24227cb4b6b80a37030aa250dc8b08f3ed7f5917,15,district,district_11,District 11,shooting_victims,Shooting Victims,year_to_date,count,count,2025,,,6,,6,,not_applicable,,,wilmington-compstat-v2,validated
weekly-2026-08-16-r1,weekly_compstat,2026-08-10,2026-08-16,1,7d23f10cc3e90aaa48cbc3bc24227cb4b6b80a37030aa250dc8b08f3ed7f5917,15,district,district_11,District 11,shooting_victims,Shooting Victims,year_to_date,percent_change,percent,2026,2025,1,33.0,0.33,33%,33.333333,matched,,,wilmington-compstat-v2,validated
weekly-2026-08-16-r1,weekly_compstat,2026-08-10,2026-08-16,1,7d23f10cc3e90aaa48cbc3bc24227cb4b6b80a37030aa250dc8b08f3ed7f5917,15,district,district_11,District 11,shooting_victims,Shooting Victims,year_to_date,percent_change,percent,2026,2024,2,14.0,0.14,14%,,not_checkable,,,wilmington-compstat-v2,validated
weekly-2026-08-16-r1,weekly_compstat,2026-08-10,2026-08-16,1,7d23f10cc3e90aaa48cbc3bc24227cb4b6b80a37030aa250dc8b08f3ed7f5917,15,district,district_11,District 11,shooting_victims,Shooting Victims,year_to_date,percent_change,percent,2026,2023,3,0.0,0.0,0%,,not_checkable,,,wilmington-compstat-v2,validated
weekly-2026-08-16-r1,weekly_compstat,2026-08-10,2026-08-16,1,7d23f10cc3e90aaa48cbc3bc24227cb4b6b80a37030aa250dc8b08f3ed7f5917,15,district,district_11,District 11,shooting_victims,Shooting Victims,year_to_date,percent_change,percent,2026,2022,4,-11.0,-0.11,-11%,,not_checkable,,,wilmington-compstat-v2,validated
weekly-2026-08-16-r1,weekly_compstat,2026-08-10,2026-08-16,1,7d23f10cc3e90aaa48cbc3bc24227cb4b6b80a37030aa250dc8b08f3ed7f5917,15,district,district_11,District 11,shooting_victims,Shooting Victims,year_to_date,percent_change,percent,2026,2021,5,-60.0,-0.6,-60%,,not_checkable,,,wilmington-compstat-v2,validated
weekly-2026-08-16-r1,weekly_compstat,2026-08-10,2026-08-16,1,7d23f10cc3e90aaa48cbc3bc24227cb4b6b80a37030aa250dc8b08f3ed7f5917,15,district,district_11,District 11,shooting_victims,Shooting Victims,year_to_date,percent_change,percent,2026,2020,6,-64.0,-0.64,-64%,,not_checkable,,,wilmington-compstat-v2,validated
weekly-2026-08-16-r1,weekly_compstat,2026-08-10,2026-08-16,1,7d23f10cc3e90aaa48cbc3bc24227cb4b6b80a37030aa250dc8b08f3ed7f5917,15,district,district_11,District 11,juvenile_shooting_incidents,*Juv Shooting Incidents,last_7_days,count,count,2026,,,0,,0,,not_applicable,,,wilmington-compstat-v2,validated
weekly-2026-08-16-r1,weekly_compstat,2026-08-10,2026-08-16,1,7d23f10cc3e90aaa48cbc3bc24227cb4b6b80a37030aa250dc8b08f3ed7f5917,15,district,district_11,District 11,juvenile_shooting_incidents,*Juv Shooting Incidents,last_7_days,count,count,2025,,,0,,0,,not_applicable,,,wilmington-compstat-v2,validated
weekly-2026-08-16-r1,weekly_compstat,2026-08-10,2026-08-16,1,7d23f10cc3e90aaa48cbc3bc24227cb4b6b80a37030aa250dc8b08f3ed7f5917,15,district,district_11,District 11,juvenile_shooting_incidents,*Juv Shooting Incidents,last_7_days,percent_change,percent,2026,2025,1,,,*,,undefined_zero_denominator,,undefined_zero_denominator,wilmington-compstat-v2,validated
weekly-2026-08-16-r1,weekly_compstat,2026-08-10,2026-08-16,1,7d23f10cc3e90aaa48cbc3bc24227cb4b6b80a37030aa250dc8b08f3ed7f5917,15,district,district_11,District 11,juvenile_shooting_incidents,*Juv Shooting Incidents,last_28_days,count,count,2026,,,1,,1,,not_applicable,,,wilmington-compstat-v2,validated
weekly-2026-08-16-r1,weekly_compstat,2026-08-10,2026-08-16,1,7d23f10cc3e90aaa48cbc3bc24227cb4b6b80a37030aa250dc8b08f3ed7f5917,15,district,district_11,District 11,juvenile_shooting_incidents,*Juv Shooting Incidents,last_28_days,count,count,2025,,,0,,0,,not_applicable,,,wilmington-compstat-v2,validated
weekly-2026-08-16-r1,weekly_compstat,2026-08-10,2026-08-16,1,7d23f10cc3e90aaa48cbc3bc24227cb4b6b80a37030aa250dc8b08f3ed7f5917,15,district,district_11,District 11,juvenile_shooting_incidents,*Juv Shooting Incidents,last_28_days,percent_change,percent,2026,2025,1,,,*,,undefined_zero_denominator,,undefined_zero_denominator,wilmington-compstat-v2,validated
weekly-2026-08-16-r1,weekly_compstat,2026-08-10,2026-08-16,1,7d23f10cc3e90aaa48cbc3bc24227cb4b6b80a37030aa250dc8b08f3ed7f5917,15,district,district_11,District 11,juvenile_shooting_incidents,*Juv Shooting Incidents,year_to_date,count,count,2026,,,2,,2,,not_applicable,,,wilmington-compstat-v2,validated
weekly-2026-08-16-r1,weekly_compstat,2026-08-10,2026-08-16,1,7d23f10cc3e90aaa48cbc3bc24227cb4b6b80a37030aa250dc8b08f3ed7f5917,15,district,district_11,District 11,juvenile_shooting_incidents,*Juv Shooting Incidents,year_to_date,count,count,2025,,,0,,0,,not_applicable,,,wilmington-compstat-v2,validated
weekly-2026-08-16-r1,weekly_compstat,2026-08-10,2026-08-16,1,7d23f10cc3e90aaa48cbc3bc24227cb4b6b80a37030aa250dc8b08f3ed7f5917,15,district,district_11,District 11,juvenile_shooting_incidents,*Juv Shooting Incidents,year_to_date,percent_change,percent,2026,2025,1,,,*,,undefined_zero_denominator,,undefined_zero_denominator,wilmington-compstat-v2,validated
weekly-2026-08-16-r1,weekly_compstat,2026-08-10,2026-08-16,1,7d23f10cc3e90aaa48cbc3bc24227cb4b6b80a37030aa250dc8b08f3ed7f5917,15,district,district_11,District 11,juvenile_shooting_incidents,*Juv Shooting Incidents,year_to_date,percent_change,percent,2026,2024,2,,,*,,not_checkable,,undefined_zero_denominator,wilmington-compstat-v2,validated
weekly-2026-08-16-r1,weekly_compstat,2026-08-10,2026-08-16,1,7d23f10cc3e90aaa48cbc3bc24227cb4b6b80a37030aa250dc8b08f3ed7f5917,15,district,district_11,District 11,juvenile_shooting_incidents,*Juv Shooting Incidents,year_to_date,percent_change,percent,2026,2023,3,0.0,0.0,0%,,not_checkable,,,wilmington-compstat-v2,validated
weekly-2026-08-16-r1,weekly_compstat,2026-08-10,2026-08-16,1,7d23f10cc3e90aaa48cbc3bc24227cb4b6b80a37030aa250dc8b08f3ed7f5917,15,district,district_11,District 11,juvenile_shooting_incidents,*Juv Shooting Incidents,year_to_date,percent_change,percent,2026,2022,4,100.0,1.0,100%,,not_checkable,,,wilmington-compstat-v2,validated
weekly-2026-08-16-r1,weekly_compstat,2026-08-10,2026-08-16,1,7d23f10cc3e90aaa48cbc3bc24227cb4b6b80a37030aa250dc8b08f3ed7f5917,15,district,district_11,District 11,juvenile_shooting_incidents,*Juv Shooting Incidents,year_to_date,percent_change,percent,2026,2021,5,0.0,0.0,0%,,not_checkable,,,wilmington-compstat-v2,validated
weekly-2026-08-16-r1,weekly_compstat,2026-08-10,2026-08-16,1,7d23f10cc3e90aaa48cbc3bc24227cb4b6b80a37030aa250dc8b08f3ed7f5917,15,district,district_11,District 11,juvenile_shooting_incidents,*Juv Shooting Incidents,year_to_date,percent_change,percent,2026,2020,6,-67.0,-0.67,-67%,,not_checkable,,,wilmington-compstat-v2,validated
weekly-2026-08-16-r1,weekly_compstat,2026-08-10,2026-08-16,1,7d23f10cc3e90aaa48cbc3bc24227cb4b6b80a37030aa250dc8b08f3ed7f5917,15,district,district_11,District 11,juvenile_shooting_victims,*Juv Shooting Victims,last_7_days,count,count,2026,,,0,,0,,not_applicable,,,wilmington-compstat-v2,validated
weekly-2026-08-16-r1,weekly_compstat,2026-08-10,2026-08-16,1,7d23f10cc3e90aaa48cbc3bc24227cb4b6b80a37030aa250dc8b08f3ed7f5917,15,district,district_11,District 11,juvenile_shooting_victims,*Juv Shooting Victims,last_7_days,count,count,2025,,,0,,0,,not_applicable,,,wilmington-compstat-v2,validated
weekly-2026-08-16-r1,weekly_compstat,2026-08-10,2026-08-16,1,7d23f10cc3e90aaa48cbc3bc24227cb4b6b80a37030aa250dc8b08f3ed7f5917,15,district,district_11,District 11,juvenile_shooting_victims,*Juv Shooting Victims,last_7_days,percent_change,percent,2026,2025,1,,,*,,undefined_zero_denominator,,undefined_zero_denominator,wilmington-compstat-v2,validated
weekly-2026-08-16-r1,weekly_compstat,2026-08-10,2026-08-16,1,7d23f10cc3e90aaa48cbc3bc24227cb4b6b80a37030aa250dc8b08f3ed7f5917,15,district,district_11,District 11,juvenile_shooting_victims,*Juv Shooting Victims,last_28_days,count,count,2026,,,1,,1,,not_applicable,,,wilmington-compstat-v2,validated
weekly-2026-08-16-r1,weekly_compstat,2026-08-10,2026-08-16,1,7d23f10cc3e90aaa48cbc3bc24227cb4b6b80a37030aa250dc8b08f3ed7f5917,15,district,district_11,District 11,juvenile_shooting_victims,*Juv Shooting Victims,last_28_days,count,count,2025,,,0,,0,,not_applicable,,,wilmington-compstat-v2,validated
weekly-2026-08-16-r1,weekly_compstat,2026-08-10,2026-08-16,1,7d23f10cc3e90aaa48cbc3bc24227cb4b6b80a37030aa250dc8b08f3ed7f5917,15,district,district_11,District 11,juvenile_shooting_victims,*Juv Shooting Victims,last_28_days,percent_change,percent,2026,2025,1,,,*,,undefined_zero_denominator,,undefined_zero_denominator,wilmington-compstat-v2,validated
weekly-2026-08-16-r1,weekly_compstat,2026-08-10,2026-08-16,1,7d23f10cc3e90aaa48cbc3bc24227cb4b6b80a37030aa250dc8b08f3ed7f5917,15,district,district_11,District 11,juvenile_shooting_victims,*Juv Shooting Victims,year_to_date,count,count,2026,,,2,,2,,not_applicable,,,wilmington-compstat-v2,validated
weekly-2026-08-16-r1,weekly_compstat,2026-08-10,2026-08-16,1,7d23f10cc3e90aaa48cbc3bc24227cb4b6b80a37030aa250dc8b08f3ed7f5917,15,district,district_11,District 11,juvenile_shooting_victims,*Juv Shooting Victims,year_to_date,count,count,2025,,,0,,0,,not_applicable,,,wilmington-compstat-v2,validated
weekly-2026-08-16-r1,weekly_compstat,2026-08-10,2026-08-16,1,7d23f10cc3e90aaa48cbc3bc24227cb4b6b80a37030aa250dc8b08f3ed7f5917,15,district,district_11,District 11,juvenile_shooting_victims,*Juv Shooting Victims,year_to_date,percent_change,percent,2026,2025,1,,,*,,undefined_zero_denominator,,undefined_zero_denominator,wilmington-compstat-v2,validated
weekly-2026-08-16-r1,weekly_compstat,2026-08-10,2026-08-16,1,7d23f10cc3e90aaa48cbc3bc24227cb4b6b80a37030aa250dc8b08f3ed7f5917,15,district,district_11,District 11,juvenile_shooting_victims,*Juv Shooting Victims,year_to_date,percent_change,percent,2026,2024,2,,,*,,not_checkable,,undefined_zero_denominator,wilmington-compstat-v2,validated
weekly-2026-08-16-r1,weekly_compstat,2026-08-10,2026-08-16,1,7d23f10cc3e90aaa48cbc3bc24227cb4b6b80a37030aa250dc8b08f3ed7f5917,15,district,district_11,District 11,juvenile_shooting_victims,*Juv Shooting Victims,year_to_date,percent_change,percent,2026,2023,3,-33.0,-0.33,-33%,,not_checkable,,,wilmington-compstat-v2,validated
weekly-2026-08-16-r1,weekly_compstat,2026-08-10,2026-08-16,1,7d23f10cc3e90aaa48cbc3bc24227cb4b6b80a37030aa250dc8b08f3ed7f5917,15,district,district_11,District 11,juvenile_shooting_victims,*Juv Shooting Victims,year_to_date,percent_change,percent,2026,2022,4,0.0,0.0,0%,,not_checkable,,,wilmington-compstat-v2,validated
weekly-2026-08-16-r1,weekly_compstat,2026-08-10,2026-08-16,1,7d23f10cc3e90aaa48cbc3bc24227cb4b6b80a37030aa250dc8b08f3ed7f5917,15,district,district_11,District 11,juvenile_shooting_victims,*Juv Shooting Victims,year_to_date,percent_change,percent,2026,2021,5,0.0,0.0,0%,,not_checkable,,,wilmington-compstat-v2,validated
weekly-2026-08-16-r1,weekly_compstat,2026-08-10,2026-08-16,1,7d23f10cc3e90aaa48cbc3bc24227cb4b6b80a37030aa250dc8b08f3ed7f5917,15,district,district_11,District 11,juvenile_shooting_victims,*Juv Shooting Victims,year_to_date,percent_change,percent,2026,2020,6,-80.0,-0.8,-80%,,not_checkable,,,wilmington-compstat-v2,validated
weekly-2026-08-16-r1,weekly_compstat,2026-08-10,2026-08-16,1,7d23f10cc3e90aaa48cbc3bc24227cb4b6b80a37030aa250dc8b08f3ed7f5917,15,district,district_11,District 11,misdemeanor_theft,Theft (Misdemeanor),last_7_days,count,count,2026,,,0,,0,,not_applicable,,,wilmington-compstat-v2,validated
weekly-2026-08-16-r1,weekly_compstat,2026-08-10,2026-08-16,1,7d23f10cc3e90aaa48cbc3bc24227cb4b6b80a37030aa250dc8b08f3ed7f5917,15,district,district_11,District 11,misdemeanor_theft,Theft (Misdemeanor),last_7_days,count,count,2025,,,6,,6,,not_applicable,,,wilmington-compstat-v2,validated
weekly-2026-08-16-r1,weekly_compstat,2026-08-10,2026-08-16,1,7d23f10cc3e90aaa48cbc3bc24227cb4b6b80a37030aa250dc8b08f3ed7f5917,15,district,district_11,District 11,misdemeanor_theft,Theft (Misdemeanor),last_7_days,percent_change,percent,2026,2025,1,-100.0,-1.0,-100%,-100.0,matched,,,wilmington-compstat-v2,validated
weekly-2026-08-16-r1,weekly_compstat,2026-08-10,2026-08-16,1,7d23f10cc3e90aaa48cbc3bc24227cb4b6b80a37030aa250dc8b08f3ed7f5917,15,district,district_11,District 11,misdemeanor_theft,Theft (Misdemeanor),last_28_days,count,count,2026,,,10,,10,,not_applicable,,,wilmington-compstat-v2,validated
weekly-2026-08-16-r1,weekly_compstat,2026-08-10,2026-08-16,1,7d23f10cc3e90aaa48cbc3bc24227cb4b6b80a37030aa250dc8b08f3ed7f5917,15,district,district_11,District 11,misdemeanor_theft,Theft (Misdemeanor),last_28_days,count,count,2025,,,9,,9,,not_applicable,,,wilmington-compstat-v2,validated
weekly-2026-08-16-r1,weekly_compstat,2026-08-10,2026-08-16,1,7d23f10cc3e90aaa48cbc3bc24227cb4b6b80a37030aa250dc8b08f3ed7f5917,15,district,district_11,District 11,misdemeanor_theft,Theft (Misdemeanor),last_28_days,percent_change,percent,2026,2025,1,11.0,0.11,11%,11.111111,matched,,,wilmington-compstat-v2,validated
weekly-2026-08-16-r1,weekly_compstat,2026-08-10,2026-08-16,1,7d23f10cc3e90aaa48cbc3bc24227cb4b6b80a37030aa250dc8b08f3ed7f5917,15,district,district_11,District 11,misdemeanor_theft,Theft (Misdemeanor),year_to_date,count,count,2026,,,76,,76,,not_applicable,,,wilmington-compstat-v2,validated
weekly-2026-08-16-r1,weekly_compstat,2026-08-10,2026-08-16,1,7d23f10cc3e90aaa48cbc3bc24227cb4b6b80a37030aa250dc8b08f3ed7f5917,15,district,district_11,District 11,misdemeanor_theft,Theft (Misdemeanor),year_to_date,count,count,2025,,,71,,71,,not_applicable,,,wilmington-compstat-v2,validated
weekly-2026-08-16-r1,weekly_compstat,2026-08-10,2026-08-16,1,7d23f10cc3e90aaa48cbc3bc24227cb4b6b80a37030aa250dc8b08f3ed7f5917,15,district,district_11,District 11,misdemeanor_theft,Theft (Misdemeanor),year_to_date,percent_change,percent,2026,2025,1,7.0,0.07,7%,7.042254,matched,,,wilmington-compstat-v2,validated
weekly-2026-08-16-r1,weekly_compstat,2026-08-10,2026-08-16,1,7d23f10cc3e90aaa48cbc3bc24227cb4b6b80a37030aa250dc8b08f3ed7f5917,15,district,district_11,District 11,misdemeanor_theft,Theft (Misdemeanor),year_to_date,percent_change,percent,2026,2024,2,-3.0,-0.03,-3%,,not_checkable,,,wilmington-compstat-v2,validated
weekly-2026-08-16-r1,weekly_compstat,2026-08-10,2026-08-16,1,7d23f10cc3e90aaa48cbc3bc24227cb4b6b80a37030aa250dc8b08f3ed7f5917,15,district,district_11,District 11,misdemeanor_theft,Theft (Misdemeanor),year_to_date,percent_change,percent,2026,2023,3,15.0,0.15,15%,,not_checkable,,,wilmington-compstat-v2,validated
weekly-2026-08-16-r1,weekly_compstat,2026-08-10,2026-08-16,1,7d23f10cc3e90aaa48cbc3bc24227cb4b6b80a37030aa250dc8b08f3ed7f5917,15,district,district_11,District 11,misdemeanor_theft,Theft (Misdemeanor),year_to_date,percent_change,percent,2026,2022,4,-3.0,-0.03,-3%,,not_checkable,,,wilmington-compstat-v2,validated
weekly-2026-08-16-r1,weekly_compstat,2026-08-10,2026-08-16,1,7d23f10cc3e90aaa48cbc3bc24227cb4b6b80a37030aa250dc8b08f3ed7f5917,15,district,district_11,District 11,misdemeanor_theft,Theft (Misdemeanor),year_to_date,percent_change,percent,2026,2021,5,31.0,0.31,31%,,not_checkable,,,wilmington-compstat-v2,validated
weekly-2026-08-16-r1,weekly_compstat,2026-08-10,2026-08-16,1,7d23f10cc3e90aaa48cbc3bc24227cb4b6b80a37030aa250dc8b08f3ed7f5917,15,district,district_11,District 11,misdemeanor_theft,Theft (Misdemeanor),year_to_date,percent_change,percent,2026,2020,6,-3.0,-0.03,-3%,,not_checkable,,,wilmington-compstat-v2,validated
weekly-2026-08-16-r1,weekly_compstat,2026-08-10,2026-08-16,1,7d23f10cc3e90aaa48cbc3bc24227cb4b6b80a37030aa250dc8b08f3ed7f5917,17,district,district_16,District 16,murder,Murder,last_7_days,count,count,2026,,,0,,0,,not_applicable,,,wilmington-compstat-v2,validated
weekly-2026-08-16-r1,weekly_compstat,2026-08-10,2026-08-16,1,7d23f10cc3e90aaa48cbc3bc24227cb4b6b80a37030aa250dc8b08f3ed7f5917,17,district,district_16,District 16,murder,Murder,last_7_days,count,count,2025,,,1,,1,,not_applicable,,,wilmington-compstat-v2,validated
weekly-2026-08-16-r1,weekly_compstat,2026-08-10,2026-08-16,1,7d23f10cc3e90aaa48cbc3bc24227cb4b6b80a37030aa250dc8b08f3ed7f5917,17,district,district_16,District 16,murder,Murder,last_7_days,percent_change,percent,2026,2025,1,-100.0,-1.0,-100%,-100.0,matched,,,wilmington-compstat-v2,validated
weekly-2026-08-16-r1,weekly_compstat,2026-08-10,2026-08-16,1,7d23f10cc3e90aaa48cbc3bc24227cb4b6b80a37030aa250dc8b08f3ed7f5917,17,district,district_16,District 16,murder,Murder,last_28_days,count,count,2026,,,0,,0,,not_applicable,,,wilmington-compstat-v2,validated
weekly-2026-08-16-r1,weekly_compstat,2026-08-10,2026-08-16,1,7d23f10cc3e90aaa48cbc3bc24227cb4b6b80a37030aa250dc8b08f3ed7f5917,17,district,district_16,District 16,murder,Murder,last_28_days,count,count,2025,,,1,,1,,not_applicable,,,wilmington-compstat-v2,validated
weekly-2026-08-16-r1,weekly_compstat,2026-08-10,2026-08-16,1,7d23f10cc3e90aaa48cbc3bc24227cb4b6b80a37030aa250dc8b08f3ed7f5917,17,district,district_16,District 16,murder,Murder,last_28_days,percent_change,percent,2026,2025,1,-100.0,-1.0,-100%,-100.0,matched,,,wilmington-compstat-v2,validated
weekly-2026-08-16-r1,weekly_compstat,2026-08-10,2026-08-16,1,7d23f10cc3e90aaa48cbc3bc24227cb4b6b80a37030aa250dc8b08f3ed7f5917,17,district,district_16,District 16,murder,Murder,year_to_date,count,count,2026,,,4,,4,,not_applicable,,,wilmington-compstat-v2,validated
weekly-2026-08-16-r1,weekly_compstat,2026-08-10,2026-08-16,1,7d23f10cc3e90aaa48cbc3bc24227cb4b6b80a37030aa250dc8b08f3ed7f5917,17,district,district_16,District 16,murder,Murder,year_to_date,count,count,2025,,,3,,3,,not_applicable,,,wilmington-compstat-v2,validated
weekly-2026-08-16-r1,weekly_compstat,2026-08-10,2026-08-16,1,7d23f10cc3e90aaa48cbc3bc24227cb4b6b80a37030aa250dc8b08f3ed7f5917,17,district,district_16,District 16,murder,Murder,year_to_date,percent_change,percent,2026,2025,1,33.0,0.33,33%,33.333333,matched,,,wilmington-compstat-v2,validated
weekly-2026-08-16-r1,weekly_compstat,2026-08-10,2026-08-16,1,7d23f10cc3e90aaa48cbc3bc24227cb4b6b80a37030aa250dc8b08f3ed7f5917,17,district,district_16,District 16,murder,Murder,year_to_date,percent_change,percent,2026,2024,2,,,*,,not_checkable,,undefined_zero_denominator,wilmington-compstat-v2,validated
weekly-2026-08-16-r1,weekly_compstat,2026-08-10,2026-08-16,1,7d23f10cc3e90aaa48cbc3bc24227cb4b6b80a37030aa250dc8b08f3ed7f5917,17,district,district_16,District 16,murder,Murder,year_to_date,percent_change,percent,2026,2023,3,,,*,,not_checkable,,undefined_zero_denominator,wilmington-compstat-v2,validated
weekly-2026-08-16-r1,weekly_compstat,2026-08-10,2026-08-16,1,7d23f10cc3e90aaa48cbc3bc24227cb4b6b80a37030aa250dc8b08f3ed7f5917,17,district,district_16,District 16,murder,Murder,year_to_date,percent_change,percent,2026,2022,4,100.0,1.0,100%,,not_checkable,,,wilmington-compstat-v2,validated
weekly-2026-08-16-r1,weekly_compstat,2026-08-10,2026-08-16,1,7d23f10cc3e90aaa48cbc3bc24227cb4b6b80a37030aa250dc8b08f3ed7f5917,17,district,district_16,District 16,murder,Murder,year_to_date,percent_change,percent,2026,2021,5,33.0,0.33,33%,,not_checkable,,,wilmington-compstat-v2,validated
weekly-2026-08-16-r1,weekly_compstat,2026-08-10,2026-08-16,1,7d23f10cc3e90aaa48cbc3bc24227cb4b6b80a37030aa250dc8b08f3ed7f5917,17,district,district_16,District 16,murder,Murder,year_to_date,percent_change,percent,2026,2020,6,0.0,0.0,0%,,not_checkable,,,wilmington-compstat-v2,validated
weekly-2026-08-16-r1,weekly_compstat,2026-08-10,2026-08-16,1,7d23f10cc3e90aaa48cbc3bc24227cb4b6b80a37030aa250dc8b08f3ed7f5917,17,district,district_16,District 16,rape,Rape,last_7_days,count,count,2026,,,0,,0,,not_applicable,,,wilmington-compstat-v2,validated
weekly-2026-08-16-r1,weekly_compstat,2026-08-10,2026-08-16,1,7d23f10cc3e90aaa48cbc3bc24227cb4b6b80a37030aa250dc8b08f3ed7f5917,17,district,district_16,District 16,rape,Rape,last_7_days,count,count,2025,,,0,,0,,not_applicable,,,wilmington-compstat-v2,validated
weekly-2026-08-16-r1,weekly_compstat,2026-08-10,2026-08-16,1,7d23f10cc3e90aaa48cbc3bc24227cb4b6b80a37030aa250dc8b08f3ed7f5917,17,district,district_16,District 16,rape,Rape,last_7_days,percent_change,percent,2026,2025,1,,,*,,undefined_zero_denominator,,undefined_zero_denominator,wilmington-compstat-v2,validated
weekly-2026-08-16-r1,weekly_compstat,2026-08-10,2026-08-16,1,7d23f10cc3e90aaa48cbc3bc24227cb4b6b80a37030aa250dc8b08f3ed7f5917,17,district,district_16,District 16,rape,Rape,last_28_days,count,count,2026,,,0,,0,,not_applicable,,,wilmington-compstat-v2,validated
weekly-2026-08-16-r1,weekly_compstat,2026-08-10,2026-08-16,1,7d23f10cc3e90aaa48cbc3bc24227cb4b6b80a37030aa250dc8b08f3ed7f5917,17,district,district_16,District 16,rape,Rape,last_28_days,count,count,2025,,,0,,0,,not_applicable,,,wilmington-compstat-v2,validated
weekly-2026-08-16-r1,weekly_compstat,2026-08-10,2026-08-16,1,7d23f10cc3e90aaa48cbc3bc24227cb4b6b80a37030aa250dc8b08f3ed7f5917,17,district,district_16,District 16,rape,Rape,last_28_days,percent_change,percent,2026,2025,1,,,*,,undefined_zero_denominator,,undefined_zero_denominator,wilmington-compstat-v2,validated
weekly-2026-08-16-r1,weekly_compstat,2026-08-10,2026-08-16,1,7d23f10cc3e90aaa48cbc3bc24227cb4b6b80a37030aa250dc8b08f3ed7f5917,17,district,district_16,District 16,rape,Rape,year_to_date,count,count,2026,,,0,,0,,not_applicable,,,wilmington-compstat-v2,validated
weekly-2026-08-16-r1,weekly_compstat,2026-08-10,2026-08-16,1,7d23f10cc3e90aaa48cbc3bc24227cb4b6b80a37030aa250dc8b08f3ed7f5917,17,district,district_16,District 16,rape,Rape,year_to_date,count,count,2025,,,0,,0,,not_applicable,,,wilmington-compstat-v2,validated
weekly-2026-08-16-r1,weekly_compstat,2026-08-10,2026-08-16,1,7d23f10cc3e90aaa48cbc3bc24227cb4b6b80a37030aa250dc8b08f3ed7f5917,17,district,district_16,District 16,rape,Rape,year_to_date,percent_change,percent,2026,2025,1,,,*,,undefined_zero_denominator,,undefined_zero_denominator,wilmington-compstat-v2,validated
weekly-2026-08-16-r1,weekly_compstat,2026-08-10,2026-08-16,1,7d23f10cc3e90aaa48cbc3bc24227cb4b6b80a37030aa250dc8b08f3ed7f5917,17,district,district_16,District 16,rape,Rape,year_to_date,percent_change,percent,2026,2024,2,,,*,,not_checkable,,undefined_zero_denominator,wilmington-compstat-v2,validated
weekly-2026-08-16-r1,weekly_compstat,2026-08-10,2026-08-16,1,7d23f10cc3e90aaa48cbc3bc24227cb4b6b80a37030aa250dc8b08f3ed7f5917,17,district,district_16,District 16,rape,Rape,year_to_date,percent_change,percent,2026,2023,3,,,*,,not_checkable,,undefined_zero_denominator,wilmington-compstat-v2,validated
weekly-2026-08-16-r1,weekly_compstat,2026-08-10,2026-08-16,1,7d23f10cc3e90aaa48cbc3bc24227cb4b6b80a37030aa250dc8b08f3ed7f5917,17,district,district_16,District 16,rape,Rape,year_to_date,percent_change,percent,2026,2022,4,,,*,,not_checkable,,undefined_zero_denominator,wilmington-compstat-v2,validated
weekly-2026-08-16-r1,weekly_compstat,2026-08-10,2026-08-16,1,7d23f10cc3e90aaa48cbc3bc24227cb4b6b80a37030aa250dc8b08f3ed7f5917,17,district,district_16,District 16,rape,Rape,year_to_date,percent_change,percent,2026,2021,5,-100.0,-1.0,-100%,,not_checkable,,,wilmington-compstat-v2,validated
weekly-2026-08-16-r1,weekly_compstat,2026-08-10,2026-08-16,1,7d23f10cc3e90aaa48cbc3bc24227cb4b6b80a37030aa250dc8b08f3ed7f5917,17,district,district_16,District 16,rape,Rape,year_to_date,percent_change,percent,2026,2020,6,-100.0,-1.0,-100%,,not_checkable,,,wilmington-compstat-v2,validated
weekly-2026-08-16-r1,weekly_compstat,2026-08-10,2026-08-16,1,7d23f10cc3e90aaa48cbc3bc24227cb4b6b80a37030aa250dc8b08f3ed7f5917,17,district,district_16,District 16,robbery,Robbery,last_7_days,count,count,2026,,,0,,0,,not_applicable,,,wilmington-compstat-v2,validated
weekly-2026-08-16-r1,weekly_compstat,2026-08-10,2026-08-16,1,7d23f10cc3e90aaa48cbc3bc24227cb4b6b80a37030aa250dc8b08f3ed7f5917,17,district,district_16,District 16,robbery,Robbery,last_7_days,count,count,2025,,,2,,2,,not_applicable,,,wilmington-compstat-v2,validated
weekly-2026-08-16-r1,weekly_compstat,2026-08-10,2026-08-16,1,7d23f10cc3e90aaa48cbc3bc24227cb4b6b80a37030aa250dc8b08f3ed7f5917,17,district,district_16,District 16,robbery,Robbery,last_7_days,percent_change,percent,2026,2025,1,-100.0,-1.0,-100%,-100.0,matched,,,wilmington-compstat-v2,validated
weekly-2026-08-16-r1,weekly_compstat,2026-08-10,2026-08-16,1,7d23f10cc3e90aaa48cbc3bc24227cb4b6b80a37030aa250dc8b08f3ed7f5917,17,district,district_16,District 16,robbery,Robbery,last_28_days,count,count,2026,,,3,,3,,not_applicable,,,wilmington-compstat-v2,validated
weekly-2026-08-16-r1,weekly_compstat,2026-08-10,2026-08-16,1,7d23f10cc3e90aaa48cbc3bc24227cb4b6b80a37030aa250dc8b08f3ed7f5917,17,district,district_16,District 16,robbery,Robbery,last_28_days,count,count,2025,,,6,,6,,not_applicable,,,wilmington-compstat-v2,validated
weekly-2026-08-16-r1,weekly_compstat,2026-08-10,2026-08-16,1,7d23f10cc3e90aaa48cbc3bc24227cb4b6b80a37030aa250dc8b08f3ed7f5917,17,district,district_16,District 16,robbery,Robbery,last_28_days,percent_change,percent,2026,2025,1,-50.0,-0.5,-50%,-50.0,matched,,,wilmington-compstat-v2,validated
weekly-2026-08-16-r1,weekly_compstat,2026-08-10,2026-08-16,1,7d23f10cc3e90aaa48cbc3bc24227cb4b6b80a37030aa250dc8b08f3ed7f5917,17,district,district_16,District 16,robbery,Robbery,year_to_date,count,count,2026,,,36,,36,,not_applicable,,,wilmington-compstat-v2,validated
weekly-2026-08-16-r1,weekly_compstat,2026-08-10,2026-08-16,1,7d23f10cc3e90aaa48cbc3bc24227cb4b6b80a37030aa250dc8b08f3ed7f5917,17,district,district_16,District 16,robbery,Robbery,year_to_date,count,count,2025,,,32,,32,,not_applicable,,,wilmington-compstat-v2,validated
weekly-2026-08-16-r1,weekly_compstat,2026-08-10,2026-08-16,1,7d23f10cc3e90aaa48cbc3bc24227cb4b6b80a37030aa250dc8b08f3ed7f5917,17,district,district_16,District 16,robbery,Robbery,year_to_date,percent_change,percent,2026,2025,1,13.0,0.13,13%,12.5,matched,,,wilmington-compstat-v2,validated
weekly-2026-08-16-r1,weekly_compstat,2026-08-10,2026-08-16,1,7d23f10cc3e90aaa48cbc3bc24227cb4b6b80a37030aa250dc8b08f3ed7f5917,17,district,district_16,District 16,robbery,Robbery,year_to_date,percent_change,percent,2026,2024,2,13.0,0.13,13%,,not_checkable,,,wilmington-compstat-v2,validated
weekly-2026-08-16-r1,weekly_compstat,2026-08-10,2026-08-16,1,7d23f10cc3e90aaa48cbc3bc24227cb4b6b80a37030aa250dc8b08f3ed7f5917,17,district,district_16,District 16,robbery,Robbery,year_to_date,percent_change,percent,2026,2023,3,9.0,0.09,9%,,not_checkable,,,wilmington-compstat-v2,validated
weekly-2026-08-16-r1,weekly_compstat,2026-08-10,2026-08-16,1,7d23f10cc3e90aaa48cbc3bc24227cb4b6b80a37030aa250dc8b08f3ed7f5917,17,district,district_16,District 16,robbery,Robbery,year_to_date,percent_change,percent,2026,2022,4,57.0,0.57,57%,,not_checkable,,,wilmington-compstat-v2,validated
weekly-2026-08-16-r1,weekly_compstat,2026-08-10,2026-08-16,1,7d23f10cc3e90aaa48cbc3bc24227cb4b6b80a37030aa250dc8b08f3ed7f5917,17,district,district_16,District 16,robbery,Robbery,year_to_date,percent_change,percent,2026,2021,5,112.0,1.12,112%,,not_checkable,,,wilmington-compstat-v2,validated
weekly-2026-08-16-r1,weekly_compstat,2026-08-10,2026-08-16,1,7d23f10cc3e90aaa48cbc3bc24227cb4b6b80a37030aa250dc8b08f3ed7f5917,17,district,district_16,District 16,robbery,Robbery,year_to_date,percent_change,percent,2026,2020,6,38.0,0.38,38%,,not_checkable,,,wilmington-compstat-v2,validated
weekly-2026-08-16-r1,weekly_compstat,2026-08-10,2026-08-16,1,7d23f10cc3e90aaa48cbc3bc24227cb4b6b80a37030aa250dc8b08f3ed7f5917,17,district,district_16,District 16,aggravated_assault,Agg. Assault,last_7_days,count,count,2026,,,0,,0,,not_applicable,,,wilmington-compstat-v2,validated
weekly-2026-08-16-r1,weekly_compstat,2026-08-10,2026-08-16,1,7d23f10cc3e90aaa48cbc3bc24227cb4b6b80a37030aa250dc8b08f3ed7f5917,17,district,district_16,District 16,aggravated_assault,Agg. Assault,last_7_days,count,count,2025,,,1,,1,,not_applicable,,,wilmington-compstat-v2,validated
weekly-2026-08-16-r1,weekly_compstat,2026-08-10,2026-08-16,1,7d23f10cc3e90aaa48cbc3bc24227cb4b6b80a37030aa250dc8b08f3ed7f5917,17,district,district_16,District 16,aggravated_assault,Agg. Assault,last_7_days,percent_change,percent,2026,2025,1,-100.0,-1.0,-100%,-100.0,matched,,,wilmington-compstat-v2,validated
weekly-2026-08-16-r1,weekly_compstat,2026-08-10,2026-08-16,1,7d23f10cc3e90aaa48cbc3bc24227cb4b6b80a37030aa250dc8b08f3ed7f5917,17,district,district_16,District 16,aggravated_assault,Agg. Assault,last_28_days,count,count,2026,,,6,,6,,not_applicable,,,wilmington-compstat-v2,validated
weekly-2026-08-16-r1,weekly_compstat,2026-08-10,2026-08-16,1,7d23f10cc3e90aaa48cbc3bc24227cb4b6b80a37030aa250dc8b08f3ed7f5917,17,district,district_16,District 16,aggravated_assault,Agg. Assault,last_28_days,count,count,2025,,,5,,5,,not_applicable,,,wilmington-compstat-v2,validated
weekly-2026-08-16-r1,weekly_compstat,2026-08-10,2026-08-16,1,7d23f10cc3e90aaa48cbc3bc24227cb4b6b80a37030aa250dc8b08f3ed7f5917,17,district,district_16,District 16,aggravated_assault,Agg. Assault,last_28_days,percent_change,percent,2026,2025,1,20.0,0.2,20%,20.0,matched,,,wilmington-compstat-v2,validated
weekly-2026-08-16-r1,weekly_compstat,2026-08-10,2026-08-16,1,7d23f10cc3e90aaa48cbc3bc24227cb4b6b80a37030aa250dc8b08f3ed7f5917,17,district,district_16,District 16,aggravated_assault,Agg. Assault,year_to_date,count,count,2026,,,45,,45,,not_applicable,,,wilmington-compstat-v2,validated
weekly-2026-08-16-r1,weekly_compstat,2026-08-10,2026-08-16,1,7d23f10cc3e90aaa48cbc3bc24227cb4b6b80a37030aa250dc8b08f3ed7f5917,17,district,district_16,District 16,aggravated_assault,Agg. Assault,year_to_date,count,count,2025,,,35,,35,,not_applicable,,,wilmington-compstat-v2,validated
weekly-2026-08-16-r1,weekly_compstat,2026-08-10,2026-08-16,1,7d23f10cc3e90aaa48cbc3bc24227cb4b6b80a37030aa250dc8b08f3ed7f5917,17,district,district_16,District 16,aggravated_assault,Agg. Assault,year_to_date,percent_change,percent,2026,2025,1,29.0,0.29,29%,28.571429,matched,,,wilmington-compstat-v2,validated
weekly-2026-08-16-r1,weekly_compstat,2026-08-10,2026-08-16,1,7d23f10cc3e90aaa48cbc3bc24227cb4b6b80a37030aa250dc8b08f3ed7f5917,17,district,district_16,District 16,aggravated_assault,Agg. Assault,year_to_date,percent_change,percent,2026,2024,2,25.0,0.25,25%,,not_checkable,,,wilmington-compstat-v2,validated
weekly-2026-08-16-r1,weekly_compstat,2026-08-10,2026-08-16,1,7d23f10cc3e90aaa48cbc3bc24227cb4b6b80a37030aa250dc8b08f3ed7f5917,17,district,district_16,District 16,aggravated_assault,Agg. Assault,year_to_date,percent_change,percent,2026,2023,3,-24.0,-0.24,-24%,,not_checkable,,,wilmington-compstat-v2,validated
weekly-2026-08-16-r1,weekly_compstat,2026-08-10,2026-08-16,1,7d23f10cc3e90aaa48cbc3bc24227cb4b6b80a37030aa250dc8b08f3ed7f5917,17,district,district_16,District 16,aggravated_assault,Agg. Assault,year_to_date,percent_change,percent,2026,2022,4,7.0,0.07,7%,,not_checkable,,,wilmington-compstat-v2,validated
weekly-2026-08-16-r1,weekly_compstat,2026-08-10,2026-08-16,1,7d23f10cc3e90aaa48cbc3bc24227cb4b6b80a37030aa250dc8b08f3ed7f5917,17,district,district_16,District 16,aggravated_assault,Agg. Assault,year_to_date,percent_change,percent,2026,2021,5,-12.0,-0.12,-12%,,not_checkable,,,wilmington-compstat-v2,validated
weekly-2026-08-16-r1,weekly_compstat,2026-08-10,2026-08-16,1,7d23f10cc3e90aaa48cbc3bc24227cb4b6b80a37030aa250dc8b08f3ed7f5917,17,district,district_16,District 16,aggravated_assault,Agg. Assault,year_to_date,percent_change,percent,2026,2020,6,5.0,0.05,5%,,not_checkable,,,wilmington-compstat-v2,validated
weekly-2026-08-16-r1,weekly_compstat,2026-08-10,2026-08-16,1,7d23f10cc3e90aaa48cbc3bc24227cb4b6b80a37030aa250dc8b08f3ed7f5917,17,district,district_16,District 16,burglary,Burglary,last_7_days,count,count,2026,,,0,,0,,not_applicable,,,wilmington-compstat-v2,validated
weekly-2026-08-16-r1,weekly_compstat,2026-08-10,2026-08-16,1,7d23f10cc3e90aaa48cbc3bc24227cb4b6b80a37030aa250dc8b08f3ed7f5917,17,district,district_16,District 16,burglary,Burglary,last_7_days,count,count,2025,,,1,,1,,not_applicable,,,wilmington-compstat-v2,validated
weekly-2026-08-16-r1,weekly_compstat,2026-08-10,2026-08-16,1,7d23f10cc3e90aaa48cbc3bc24227cb4b6b80a37030aa250dc8b08f3ed7f5917,17,district,district_16,District 16,burglary,Burglary,last_7_days,percent_change,percent,2026,2025,1,-100.0,-1.0,-100%,-100.0,matched,,,wilmington-compstat-v2,validated
weekly-2026-08-16-r1,weekly_compstat,2026-08-10,2026-08-16,1,7d23f10cc3e90aaa48cbc3bc24227cb4b6b80a37030aa250dc8b08f3ed7f5917,17,district,district_16,District 16,burglary,Burglary,last_28_days,count,count,2026,,,2,,2,,not_applicable,,,wilmington-compstat-v2,validated
weekly-2026-08-16-r1,weekly_compstat,2026-08-10,2026-08-16,1,7d23f10cc3e90aaa48cbc3bc24227cb4b6b80a37030aa250dc8b08f3ed7f5917,17,district,district_16,District 16,burglary,Burglary,last_28_days,count,count,2025,,,5,,5,,not_applicable,,,wilmington-compstat-v2,validated
weekly-2026-08-16-r1,weekly_compstat,2026-08-10,2026-08-16,1,7d23f10cc3e90aaa48cbc3bc24227cb4b6b80a37030aa250dc8b08f3ed7f5917,17,district,district_16,District 16,burglary,Burglary,last_28_days,percent_change,percent,2026,2025,1,-60.0,-0.6,-60%,-60.0,matched,,,wilmington-compstat-v2,validated
weekly-2026-08-16-r1,weekly_compstat,2026-08-10,2026-08-16,1,7d23f10cc3e90aaa48cbc3bc24227cb4b6b80a37030aa250dc8b08f3ed7f5917,17,district,district_16,District 16,burglary,Burglary,year_to_date,count,count,2026,,,33,,33,,not_applicable,,,wilmington-compstat-v2,validated
weekly-2026-08-16-r1,weekly_compstat,2026-08-10,2026-08-16,1,7d23f10cc3e90aaa48cbc3bc24227cb4b6b80a37030aa250dc8b08f3ed7f5917,17,district,district_16,District 16,burglary,Burglary,year_to_date,count,count,2025,,,36,,36,,not_applicable,,,wilmington-compstat-v2,validated
weekly-2026-08-16-r1,weekly_compstat,2026-08-10,2026-08-16,1,7d23f10cc3e90aaa48cbc3bc24227cb4b6b80a37030aa250dc8b08f3ed7f5917,17,district,district_16,District 16,burglary,Burglary,year_to_date,percent_change,percent,2026,2025,1,-8.0,-0.08,-8%,-8.333333,matched,,,wilmington-compstat-v2,validated
weekly-2026-08-16-r1,weekly_compstat,2026-08-10,2026-08-16,1,7d23f10cc3e90aaa48cbc3bc24227cb4b6b80a37030aa250dc8b08f3ed7f5917,17,district,district_16,District 16,burglary,Burglary,year_to_date,percent_change,percent,2026,2024,2,-20.0,-0.2,-20%,,not_checkable,,,wilmington-compstat-v2,validated
weekly-2026-08-16-r1,weekly_compstat,2026-08-10,2026-08-16,1,7d23f10cc3e90aaa48cbc3bc24227cb4b6b80a37030aa250dc8b08f3ed7f5917,17,district,district_16,District 16,burglary,Burglary,year_to_date,percent_change,percent,2026,2023,3,-33.0,-0.33,-33%,,not_checkable,,,wilmington-compstat-v2,validated
weekly-2026-08-16-r1,weekly_compstat,2026-08-10,2026-08-16,1,7d23f10cc3e90aaa48cbc3bc24227cb4b6b80a37030aa250dc8b08f3ed7f5917,17,district,district_16,District 16,burglary,Burglary,year_to_date,percent_change,percent,2026,2022,4,-15.0,-0.15,-15%,,not_checkable,,,wilmington-compstat-v2,validated
weekly-2026-08-16-r1,weekly_compstat,2026-08-10,2026-08-16,1,7d23f10cc3e90aaa48cbc3bc24227cb4b6b80a37030aa250dc8b08f3ed7f5917,17,district,district_16,District 16,burglary,Burglary,year_to_date,percent_change,percent,2026,2021,5,-31.0,-0.31,-31%,,not_checkable,,,wilmington-compstat-v2,validated
weekly-2026-08-16-r1,weekly_compstat,2026-08-10,2026-08-16,1,7d23f10cc3e90aaa48cbc3bc24227cb4b6b80a37030aa250dc8b08f3ed7f5917,17,district,district_16,District 16,burglary,Burglary,year_to_date,percent_change,percent,2026,2020,6,-27.0,-0.27,-27%,,not_checkable,,,wilmington-compstat-v2,validated
weekly-2026-08-16-r1,weekly_compstat,2026-08-10,2026-08-16,1,7d23f10cc3e90aaa48cbc3bc24227cb4b6b80a37030aa250dc8b08f3ed7f5917,17,district,district_16,District 16,felony_theft,Felony Theft,last_7_days,count,count,2026,,,3,,3,,not_applicable,,,wilmington-compstat-v2,validated
weekly-2026-08-16-r1,weekly_compstat,2026-08-10,2026-08-16,1,7d23f10cc3e90aaa48cbc3bc24227cb4b6b80a37030aa250dc8b08f3ed7f5917,17,district,district_16,District 16,felony_theft,Felony Theft,last_7_days,count,count,2025,,,1,,1,,not_applicable,,,wilmington-compstat-v2,validated
weekly-2026-08-16-r1,weekly_compstat,2026-08-10,2026-08-16,1,7d23f10cc3e90aaa48cbc3bc24227cb4b6b80a37030aa250dc8b08f3ed7f5917,17,district,district_16,District 16,felony_theft,Felony Theft,last_7_days,percent_change,percent,2026,2025,1,200.0,2.0,200%,200.0,matched,,,wilmington-compstat-v2,validated
weekly-2026-08-16-r1,weekly_compstat,2026-08-10,2026-08-16,1,7d23f10cc3e90aaa48cbc3bc24227cb4b6b80a37030aa250dc8b08f3ed7f5917,17,district,district_16,District 16,felony_theft,Felony Theft,last_28_days,count,count,2026,,,8,,8,,not_applicable,,,wilmington-compstat-v2,validated
weekly-2026-08-16-r1,weekly_compstat,2026-08-10,2026-08-16,1,7d23f10cc3e90aaa48cbc3bc24227cb4b6b80a37030aa250dc8b08f3ed7f5917,17,district,district_16,District 16,felony_theft,Felony Theft,last_28_days,count,count,2025,,,4,,4,,not_applicable,,,wilmington-compstat-v2,validated
weekly-2026-08-16-r1,weekly_compstat,2026-08-10,2026-08-16,1,7d23f10cc3e90aaa48cbc3bc24227cb4b6b80a37030aa250dc8b08f3ed7f5917,17,district,district_16,District 16,felony_theft,Felony Theft,last_28_days,percent_change,percent,2026,2025,1,100.0,1.0,100%,100.0,matched,,,wilmington-compstat-v2,validated
weekly-2026-08-16-r1,weekly_compstat,2026-08-10,2026-08-16,1,7d23f10cc3e90aaa48cbc3bc24227cb4b6b80a37030aa250dc8b08f3ed7f5917,17,district,district_16,District 16,felony_theft,Felony Theft,year_to_date,count,count,2026,,,21,,21,,not_applicable,,,wilmington-compstat-v2,validated
weekly-2026-08-16-r1,weekly_compstat,2026-08-10,2026-08-16,1,7d23f10cc3e90aaa48cbc3bc24227cb4b6b80a37030aa250dc8b08f3ed7f5917,17,district,district_16,District 16,felony_theft,Felony Theft,year_to_date,count,count,2025,,,33,,33,,not_applicable,,,wilmington-compstat-v2,validated
weekly-2026-08-16-r1,weekly_compstat,2026-08-10,2026-08-16,1,7d23f10cc3e90aaa48cbc3bc24227cb4b6b80a37030aa250dc8b08f3ed7f5917,17,district,district_16,District 16,felony_theft,Felony Theft,year_to_date,percent_change,percent,2026,2025,1,-36.0,-0.36,-36%,-36.363636,matched,,,wilmington-compstat-v2,validated
weekly-2026-08-16-r1,weekly_compstat,2026-08-10,2026-08-16,1,7d23f10cc3e90aaa48cbc3bc24227cb4b6b80a37030aa250dc8b08f3ed7f5917,17,district,district_16,District 16,felony_theft,Felony Theft,year_to_date,percent_change,percent,2026,2024,2,-40.0,-0.4,-40%,,not_checkable,,,wilmington-compstat-v2,validated
weekly-2026-08-16-r1,weekly_compstat,2026-08-10,2026-08-16,1,7d23f10cc3e90aaa48cbc3bc24227cb4b6b80a37030aa250dc8b08f3ed7f5917,17,district,district_16,District 16,felony_theft,Felony Theft,year_to_date,percent_change,percent,2026,2023,3,-40.0,-0.4,-40%,,not_checkable,,,wilmington-compstat-v2,validated
weekly-2026-08-16-r1,weekly_compstat,2026-08-10,2026-08-16,1,7d23f10cc3e90aaa48cbc3bc24227cb4b6b80a37030aa250dc8b08f3ed7f5917,17,district,district_16,District 16,felony_theft,Felony Theft,year_to_date,percent_change,percent,2026,2022,4,-38.0,-0.38,-38%,,not_checkable,,,wilmington-compstat-v2,validated
weekly-2026-08-16-r1,weekly_compstat,2026-08-10,2026-08-16,1,7d23f10cc3e90aaa48cbc3bc24227cb4b6b80a37030aa250dc8b08f3ed7f5917,17,district,district_16,District 16,felony_theft,Felony Theft,year_to_date,percent_change,percent,2026,2021,5,-16.0,-0.16,-16%,,not_checkable,,,wilmington-compstat-v2,validated
weekly-2026-08-16-r1,weekly_compstat,2026-08-10,2026-08-16,1,7d23f10cc3e90aaa48cbc3bc24227cb4b6b80a37030aa250dc8b08f3ed7f5917,17,district,district_16,District 16,felony_theft,Felony Theft,year_to_date,percent_change,percent,2026,2020,6,-9.0,-0.09,-9%,,not_checkable,,,wilmington-compstat-v2,validated
weekly-2026-08-16-r1,weekly_compstat,2026-08-10,2026-08-16,1,7d23f10cc3e90aaa48cbc3bc24227cb4b6b80a37030aa250dc8b08f3ed7f5917,17,district,district_16,District 16,auto_theft,Auto Theft,last_7_days,count,count,2026,,,0,,0,,not_applicable,,,wilmington-compstat-v2,validated
weekly-2026-08-16-r1,weekly_compstat,2026-08-10,2026-08-16,1,7d23f10cc3e90aaa48cbc3bc24227cb4b6b80a37030aa250dc8b08f3ed7f5917,17,district,district_16,District 16,auto_theft,Auto Theft,last_7_days,count,count,2025,,,1,,1,,not_applicable,,,wilmington-compstat-v2,validated
weekly-2026-08-16-r1,weekly_compstat,2026-08-10,2026-08-16,1,7d23f10cc3e90aaa48cbc3bc24227cb4b6b80a37030aa250dc8b08f3ed7f5917,17,district,district_16,District 16,auto_theft,Auto Theft,last_7_days,percent_change,percent,2026,2025,1,-100.0,-1.0,-100%,-100.0,matched,,,wilmington-compstat-v2,validated
weekly-2026-08-16-r1,weekly_compstat,2026-08-10,2026-08-16,1,7d23f10cc3e90aaa48cbc3bc24227cb4b6b80a37030aa250dc8b08f3ed7f5917,17,district,district_16,District 16,auto_theft,Auto Theft,last_28_days,count,count,2026,,,4,,4,,not_applicable,,,wilmington-compstat-v2,validated
weekly-2026-08-16-r1,weekly_compstat,2026-08-10,2026-08-16,1,7d23f10cc3e90aaa48cbc3bc24227cb4b6b80a37030aa250dc8b08f3ed7f5917,17,district,district_16,District 16,auto_theft,Auto Theft,last_28_days,count,count,2025,,,2,,2,,not_applicable,,,wilmington-compstat-v2,validated
weekly-2026-08-16-r1,weekly_compstat,2026-08-10,2026-08-16,1,7d23f10cc3e90aaa48cbc3bc24227cb4b6b80a37030aa250dc8b08f3ed7f5917,17,district,district_16,District 16,auto_theft,Auto Theft,last_28_days,percent_change,percent,2026,2025,1,100.0,1.0,100%,100.0,matched,,,wilmington-compstat-v2,validated
weekly-2026-08-16-r1,weekly_compstat,2026-08-10,2026-08-16,1,7d23f10cc3e90aaa48cbc3bc24227cb4b6b80a37030aa250dc8b08f3ed7f5917,17,district,district_16,District 16,auto_theft,Auto Theft,year_to_date,count,count,2026,,,21,,21,,not_applicable,,,wilmington-compstat-v2,validated
weekly-2026-08-16-r1,weekly_compstat,2026-08-10,2026-08-16,1,7d23f10cc3e90aaa48cbc3bc24227cb4b6b80a37030aa250dc8b08f3ed7f5917,17,district,district_16,District 16,auto_theft,Auto Theft,year_to_date,count,count,2025,,,22,,22,,not_applicable,,,wilmington-compstat-v2,validated
weekly-2026-08-16-r1,weekly_compstat,2026-08-10,2026-08-16,1,7d23f10cc3e90aaa48cbc3bc24227cb4b6b80a37030aa250dc8b08f3ed7f5917,17,district,district_16,District 16,auto_theft,Auto Theft,year_to_date,percent_change,percent,2026,2025,1,-5.0,-0.05,-5%,-4.545455,matched,,,wilmington-compstat-v2,validated
weekly-2026-08-16-r1,weekly_compstat,2026-08-10,2026-08-16,1,7d23f10cc3e90aaa48cbc3bc24227cb4b6b80a37030aa250dc8b08f3ed7f5917,17,district,district_16,District 16,auto_theft,Auto Theft,year_to_date,percent_change,percent,2026,2024,2,-38.0,-0.38,-38%,,not_checkable,,,wilmington-compstat-v2,validated
weekly-2026-08-16-r1,weekly_compstat,2026-08-10,2026-08-16,1,7d23f10cc3e90aaa48cbc3bc24227cb4b6b80a37030aa250dc8b08f3ed7f5917,17,district,district_16,District 16,auto_theft,Auto Theft,year_to_date,percent_change,percent,2026,2023,3,-48.0,-0.48,-48%,,not_checkable,,,wilmington-compstat-v2,validated
weekly-2026-08-16-r1,weekly_compstat,2026-08-10,2026-08-16,1,7d23f10cc3e90aaa48cbc3bc24227cb4b6b80a37030aa250dc8b08f3ed7f5917,17,district,district_16,District 16,auto_theft,Auto Theft,year_to_date,percent_change,percent,2026,2022,4,-16.0,-0.16,-16%,,not_checkable,,,wilmington-compstat-v2,validated
weekly-2026-08-16-r1,weekly_compstat,2026-08-10,2026-08-16,1,7d23f10cc3e90aaa48cbc3bc24227cb4b6b80a37030aa250dc8b08f3ed7f5917,17,district,district_16,District 16,auto_theft,Auto Theft,year_to_date,percent_change,percent,2026,2021,5,-45.0,-0.45,-45%,,not_checkable,,,wilmington-compstat-v2,validated
weekly-2026-08-16-r1,weekly_compstat,2026-08-10,2026-08-16,1,7d23f10cc3e90aaa48cbc3bc24227cb4b6b80a37030aa250dc8b08f3ed7f5917,17,district,district_16,District 16,auto_theft,Auto Theft,year_to_date,percent_change,percent,2026,2020,6,-25.0,-0.25,-25%,,not_checkable,,,wilmington-compstat-v2,validated
weekly-2026-08-16-r1,weekly_compstat,2026-08-10,2026-08-16,1,7d23f10cc3e90aaa48cbc3bc24227cb4b6b80a37030aa250dc8b08f3ed7f5917,17,district,district_16,District 16,major_crime_total,TOTAL,last_7_days,count,count,2026,,,3,,3,,not_applicable,,,wilmington-compstat-v2,validated
weekly-2026-08-16-r1,weekly_compstat,2026-08-10,2026-08-16,1,7d23f10cc3e90aaa48cbc3bc24227cb4b6b80a37030aa250dc8b08f3ed7f5917,17,district,district_16,District 16,major_crime_total,TOTAL,last_7_days,count,count,2025,,,7,,7,,not_applicable,,,wilmington-compstat-v2,validated
weekly-2026-08-16-r1,weekly_compstat,2026-08-10,2026-08-16,1,7d23f10cc3e90aaa48cbc3bc24227cb4b6b80a37030aa250dc8b08f3ed7f5917,17,district,district_16,District 16,major_crime_total,TOTAL,last_7_days,percent_change,percent,2026,2025,1,-57.0,-0.57,-57%,-57.142857,matched,,,wilmington-compstat-v2,validated
weekly-2026-08-16-r1,weekly_compstat,2026-08-10,2026-08-16,1,7d23f10cc3e90aaa48cbc3bc24227cb4b6b80a37030aa250dc8b08f3ed7f5917,17,district,district_16,District 16,major_crime_total,TOTAL,last_28_days,count,count,2026,,,23,,23,,not_applicable,,,wilmington-compstat-v2,validated
weekly-2026-08-16-r1,weekly_compstat,2026-08-10,2026-08-16,1,7d23f10cc3e90aaa48cbc3bc24227cb4b6b80a37030aa250dc8b08f3ed7f5917,17,district,district_16,District 16,major_crime_total,TOTAL,last_28_days,count,count,2025,,,23,,23,,not_applicable,,,wilmington-compstat-v2,validated
weekly-2026-08-16-r1,weekly_compstat,2026-08-10,2026-08-16,1,7d23f10cc3e90aaa48cbc3bc24227cb4b6b80a37030aa250dc8b08f3ed7f5917,17,district,district_16,District 16,major_crime_total,TOTAL,last_28_days,percent_change,percent,2026,2025,1,0.0,0.0,0%,0.0,matched,,,wilmington-compstat-v2,validated
weekly-2026-08-16-r1,weekly_compstat,2026-08-10,2026-08-16,1,7d23f10cc3e90aaa48cbc3bc24227cb4b6b80a37030aa250dc8b08f3ed7f5917,17,district,district_16,District 16,major_crime_total,TOTAL,year_to_date,count,count,2026,,,160,,160,,not_applicable,,,wilmington-compstat-v2,validated
weekly-2026-08-16-r1,weekly_compstat,2026-08-10,2026-08-16,1,7d23f10cc3e90aaa48cbc3bc24227cb4b6b80a37030aa250dc8b08f3ed7f5917,17,district,district_16,District 16,major_crime_total,TOTAL,year_to_date,count,count,2025,,,161,,161,,not_applicable,,,wilmington-compstat-v2,validated
weekly-2026-08-16-r1,weekly_compstat,2026-08-10,2026-08-16,1,7d23f10cc3e90aaa48cbc3bc24227cb4b6b80a37030aa250dc8b08f3ed7f5917,17,district,district_16,District 16,major_crime_total,TOTAL,year_to_date,percent_change,percent,2026,2025,1,-1.0,-0.01,-1%,-0.621118,matched,,,wilmington-compstat-v2,validated
weekly-2026-08-16-r1,weekly_compstat,2026-08-10,2026-08-16,1,7d23f10cc3e90aaa48cbc3bc24227cb4b6b80a37030aa250dc8b08f3ed7f5917,17,district,district_16,District 16,major_crime_total,TOTAL,year_to_date,percent_change,percent,2026,2024,2,-10.0,-0.1,-10%,,not_checkable,,,wilmington-compstat-v2,validated
weekly-2026-08-16-r1,weekly_compstat,2026-08-10,2026-08-16,1,7d23f10cc3e90aaa48cbc3bc24227cb4b6b80a37030aa250dc8b08f3ed7f5917,17,district,district_16,District 16,major_crime_total,TOTAL,year_to_date,percent_change,percent,2026,2023,3,-26.0,-0.26,-26%,,not_checkable,,,wilmington-compstat-v2,validated
weekly-2026-08-16-r1,weekly_compstat,2026-08-10,2026-08-16,1,7d23f10cc3e90aaa48cbc3bc24227cb4b6b80a37030aa250dc8b08f3ed7f5917,17,district,district_16,District 16,major_crime_total,TOTAL,year_to_date,percent_change,percent,2026,2022,4,-3.0,-0.03,-3%,,not_checkable,,,wilmington-compstat-v2,validated
weekly-2026-08-16-r1,weekly_compstat,2026-08-10,2026-08-16,1,7d23f10cc3e90aaa48cbc3bc24227cb4b6b80a37030aa250dc8b08f3ed7f5917,17,district,district_16,District 16,major_crime_total,TOTAL,year_to_date,percent_change,percent,2026,2021,5,-13.0,-0.13,-13%,,not_checkable,,,wilmington-compstat-v2,validated
weekly-2026-08-16-r1,weekly_compstat,2026-08-10,2026-08-16,1,7d23f10cc3e90aaa48cbc3bc24227cb4b6b80a37030aa250dc8b08f3ed7f5917,17,district,district_16,District 16,major_crime_total,TOTAL,year_to_date,percent_change,percent,2026,2020,6,-6.0,-0.06,-6%,,not_checkable,,,wilmington-compstat-v2,validated
weekly-2026-08-16-r1,weekly_compstat,2026-08-10,2026-08-16,1,7d23f10cc3e90aaa48cbc3bc24227cb4b6b80a37030aa250dc8b08f3ed7f5917,17,district,district_16,District 16,shooting_incidents,Shooting Incidents,last_7_days,count,count,2026,,,0,,0,,not_applicable,,,wilmington-compstat-v2,validated
weekly-2026-08-16-r1,weekly_compstat,2026-08-10,2026-08-16,1,7d23f10cc3e90aaa48cbc3bc24227cb4b6b80a37030aa250dc8b08f3ed7f5917,17,district,district_16,District 16,shooting_incidents,Shooting Incidents,last_7_days,count,count,2025,,,1,,1,,not_applicable,,,wilmington-compstat-v2,validated
weekly-2026-08-16-r1,weekly_compstat,2026-08-10,2026-08-16,1,7d23f10cc3e90aaa48cbc3bc24227cb4b6b80a37030aa250dc8b08f3ed7f5917,17,district,district_16,District 16,shooting_incidents,Shooting Incidents,last_7_days,percent_change,percent,2026,2025,1,-100.0,-1.0,-100%,-100.0,matched,,,wilmington-compstat-v2,validated
weekly-2026-08-16-r1,weekly_compstat,2026-08-10,2026-08-16,1,7d23f10cc3e90aaa48cbc3bc24227cb4b6b80a37030aa250dc8b08f3ed7f5917,17,district,district_16,District 16,shooting_incidents,Shooting Incidents,last_28_days,count,count,2026,,,1,,1,,not_applicable,,,wilmington-compstat-v2,validated
weekly-2026-08-16-r1,weekly_compstat,2026-08-10,2026-08-16,1,7d23f10cc3e90aaa48cbc3bc24227cb4b6b80a37030aa250dc8b08f3ed7f5917,17,district,district_16,District 16,shooting_incidents,Shooting Incidents,last_28_days,count,count,2025,,,1,,1,,not_applicable,,,wilmington-compstat-v2,validated
weekly-2026-08-16-r1,weekly_compstat,2026-08-10,2026-08-16,1,7d23f10cc3e90aaa48cbc3bc24227cb4b6b80a37030aa250dc8b08f3ed7f5917,17,district,district_16,District 16,shooting_incidents,Shooting Incidents,last_28_days,percent_change,percent,2026,2025,1,0.0,0.0,0%,0.0,matched,,,wilmington-compstat-v2,validated
weekly-2026-08-16-r1,weekly_compstat,2026-08-10,2026-08-16,1,7d23f10cc3e90aaa48cbc3bc24227cb4b6b80a37030aa250dc8b08f3ed7f5917,17,district,district_16,District 16,shooting_incidents,Shooting Incidents,year_to_date,count,count,2026,,,11,,11,,not_applicable,,,wilmington-compstat-v2,validated
weekly-2026-08-16-r1,weekly_compstat,2026-08-10,2026-08-16,1,7d23f10cc3e90aaa48cbc3bc24227cb4b6b80a37030aa250dc8b08f3ed7f5917,17,district,district_16,District 16,shooting_incidents,Shooting Incidents,year_to_date,count,count,2025,,,5,,5,,not_applicable,,,wilmington-compstat-v2,validated
weekly-2026-08-16-r1,weekly_compstat,2026-08-10,2026-08-16,1,7d23f10cc3e90aaa48cbc3bc24227cb4b6b80a37030aa250dc8b08f3ed7f5917,17,district,district_16,District 16,shooting_incidents,Shooting Incidents,year_to_date,percent_change,percent,2026,2025,1,120.0,1.2,120%,120.0,matched,,,wilmington-compstat-v2,validated
weekly-2026-08-16-r1,weekly_compstat,2026-08-10,2026-08-16,1,7d23f10cc3e90aaa48cbc3bc24227cb4b6b80a37030aa250dc8b08f3ed7f5917,17,district,district_16,District 16,shooting_incidents,Shooting Incidents,year_to_date,percent_change,percent,2026,2024,2,-8.0,-0.08,-8%,,not_checkable,,,wilmington-compstat-v2,validated
weekly-2026-08-16-r1,weekly_compstat,2026-08-10,2026-08-16,1,7d23f10cc3e90aaa48cbc3bc24227cb4b6b80a37030aa250dc8b08f3ed7f5917,17,district,district_16,District 16,shooting_incidents,Shooting Incidents,year_to_date,percent_change,percent,2026,2023,3,10.0,0.1,10%,,not_checkable,,,wilmington-compstat-v2,validated
weekly-2026-08-16-r1,weekly_compstat,2026-08-10,2026-08-16,1,7d23f10cc3e90aaa48cbc3bc24227cb4b6b80a37030aa250dc8b08f3ed7f5917,17,district,district_16,District 16,shooting_incidents,Shooting Incidents,year_to_date,percent_change,percent,2026,2022,4,-15.0,-0.15,-15%,,not_checkable,,,wilmington-compstat-v2,validated
weekly-2026-08-16-r1,weekly_compstat,2026-08-10,2026-08-16,1,7d23f10cc3e90aaa48cbc3bc24227cb4b6b80a37030aa250dc8b08f3ed7f5917,17,district,district_16,District 16,shooting_incidents,Shooting Incidents,year_to_date,percent_change,percent,2026,2021,5,-31.0,-0.31,-31%,,not_checkable,,,wilmington-compstat-v2,validated
weekly-2026-08-16-r1,weekly_compstat,2026-08-10,2026-08-16,1,7d23f10cc3e90aaa48cbc3bc24227cb4b6b80a37030aa250dc8b08f3ed7f5917,17,district,district_16,District 16,shooting_incidents,Shooting Incidents,year_to_date,percent_change,percent,2026,2020,6,-21.0,-0.21,-21%,,not_checkable,,,wilmington-compstat-v2,validated
weekly-2026-08-16-r1,weekly_compstat,2026-08-10,2026-08-16,1,7d23f10cc3e90aaa48cbc3bc24227cb4b6b80a37030aa250dc8b08f3ed7f5917,17,district,district_16,District 16,shooting_victims,Shooting Victims,last_7_days,count,count,2026,,,0,,0,,not_applicable,,,wilmington-compstat-v2,validated
weekly-2026-08-16-r1,weekly_compstat,2026-08-10,2026-08-16,1,7d23f10cc3e90aaa48cbc3bc24227cb4b6b80a37030aa250dc8b08f3ed7f5917,17,district,district_16,District 16,shooting_victims,Shooting Victims,last_7_days,count,count,2025,,,1,,1,,not_applicable,,,wilmington-compstat-v2,validated
weekly-2026-08-16-r1,weekly_compstat,2026-08-10,2026-08-16,1,7d23f10cc3e90aaa48cbc3bc24227cb4b6b80a37030aa250dc8b08f3ed7f5917,17,district,district_16,District 16,shooting_victims,Shooting Victims,last_7_days,percent_change,percent,2026,2025,1,-100.0,-1.0,-100%,-100.0,matched,,,wilmington-compstat-v2,validated
weekly-2026-08-16-r1,weekly_compstat,2026-08-10,2026-08-16,1,7d23f10cc3e90aaa48cbc3bc24227cb4b6b80a37030aa250dc8b08f3ed7f5917,17,district,district_16,District 16,shooting_victims,Shooting Victims,last_28_days,count,count,2026,,,1,,1,,not_applicable,,,wilmington-compstat-v2,validated
weekly-2026-08-16-r1,weekly_compstat,2026-08-10,2026-08-16,1,7d23f10cc3e90aaa48cbc3bc24227cb4b6b80a37030aa250dc8b08f3ed7f5917,17,district,district_16,District 16,shooting_victims,Shooting Victims,last_28_days,count,count,2025,,,1,,1,,not_applicable,,,wilmington-compstat-v2,validated
weekly-2026-08-16-r1,weekly_compstat,2026-08-10,2026-08-16,1,7d23f10cc3e90aaa48cbc3bc24227cb4b6b80a37030aa250dc8b08f3ed7f5917,17,district,district_16,District 16,shooting_victims,Shooting Victims,last_28_days,percent_change,percent,2026,2025,1,0.0,0.0,0%,0.0,matched,,,wilmington-compstat-v2,validated
weekly-2026-08-16-r1,weekly_compstat,2026-08-10,2026-08-16,1,7d23f10cc3e90aaa48cbc3bc24227cb4b6b80a37030aa250dc8b08f3ed7f5917,17,district,district_16,District 16,shooting_victims,Shooting Victims,year_to_date,count,count,2026,,,15,,15,,not_applicable,,,wilmington-compstat-v2,validated
weekly-2026-08-16-r1,weekly_compstat,2026-08-10,2026-08-16,1,7d23f10cc3e90aaa48cbc3bc24227cb4b6b80a37030aa250dc8b08f3ed7f5917,17,district,district_16,District 16,shooting_victims,Shooting Victims,year_to_date,count,count,2025,,,6,,6,,not_applicable,,,wilmington-compstat-v2,validated
weekly-2026-08-16-r1,weekly_compstat,2026-08-10,2026-08-16,1,7d23f10cc3e90aaa48cbc3bc24227cb4b6b80a37030aa250dc8b08f3ed7f5917,17,district,district_16,District 16,shooting_victims,Shooting Victims,year_to_date,percent_change,percent,2026,2025,1,150.0,1.5,150%,150.0,matched,,,wilmington-compstat-v2,validated
weekly-2026-08-16-r1,weekly_compstat,2026-08-10,2026-08-16,1,7d23f10cc3e90aaa48cbc3bc24227cb4b6b80a37030aa250dc8b08f3ed7f5917,17,district,district_16,District 16,shooting_victims,Shooting Victims,year_to_date,percent_change,percent,2026,2024,2,7.0,0.07,7%,,not_checkable,,,wilmington-compstat-v2,validated
weekly-2026-08-16-r1,weekly_compstat,2026-08-10,2026-08-16,1,7d23f10cc3e90aaa48cbc3bc24227cb4b6b80a37030aa250dc8b08f3ed7f5917,17,district,district_16,District 16,shooting_victims,Shooting Victims,year_to_date,percent_change,percent,2026,2023,3,50.0,0.5,50%,,not_checkable,,,wilmington-compstat-v2,validated
weekly-2026-08-16-r1,weekly_compstat,2026-08-10,2026-08-16,1,7d23f10cc3e90aaa48cbc3bc24227cb4b6b80a37030aa250dc8b08f3ed7f5917,17,district,district_16,District 16,shooting_victims,Shooting Victims,year_to_date,percent_change,percent,2026,2022,4,0.0,0.0,0%,,not_checkable,,,wilmington-compstat-v2,validated
weekly-2026-08-16-r1,weekly_compstat,2026-08-10,2026-08-16,1,7d23f10cc3e90aaa48cbc3bc24227cb4b6b80a37030aa250dc8b08f3ed7f5917,17,district,district_16,District 16,shooting_victims,Shooting Victims,year_to_date,percent_change,percent,2026,2021,5,-29.0,-0.29,-29%,,not_checkable,,,wilmington-compstat-v2,validated
weekly-2026-08-16-r1,weekly_compstat,2026-08-10,2026-08-16,1,7d23f10cc3e90aaa48cbc3bc24227cb4b6b80a37030aa250dc8b08f3ed7f5917,17,district,district_16,District 16,shooting_victims,Shooting Victims,year_to_date,percent_change,percent,2026,2020,6,-12.0,-0.12,-12%,,not_checkable,,,wilmington-compstat-v2,validated
weekly-2026-08-16-r1,weekly_compstat,2026-08-10,2026-08-16,1,7d23f10cc3e90aaa48cbc3bc24227cb4b6b80a37030aa250dc8b08f3ed7f5917,17,district,district_16,District 16,juvenile_shooting_incidents,*Juv Shooting Incidents,last_7_days,count,count,2026,,,0,,0,,not_applicable,,,wilmington-compstat-v2,validated
weekly-2026-08-16-r1,weekly_compstat,2026-08-10,2026-08-16,1,7d23f10cc3e90aaa48cbc3bc24227cb4b6b80a37030aa250dc8b08f3ed7f5917,17,district,district_16,District 16,juvenile_shooting_incidents,*Juv Shooting Incidents,last_7_days,count,count,2025,,,0,,0,,not_applicable,,,wilmington-compstat-v2,validated
weekly-2026-08-16-r1,weekly_compstat,2026-08-10,2026-08-16,1,7d23f10cc3e90aaa48cbc3bc24227cb4b6b80a37030aa250dc8b08f3ed7f5917,17,district,district_16,District 16,juvenile_shooting_incidents,*Juv Shooting Incidents,last_7_days,percent_change,percent,2026,2025,1,,,*,,undefined_zero_denominator,,undefined_zero_denominator,wilmington-compstat-v2,validated
weekly-2026-08-16-r1,weekly_compstat,2026-08-10,2026-08-16,1,7d23f10cc3e90aaa48cbc3bc24227cb4b6b80a37030aa250dc8b08f3ed7f5917,17,district,district_16,District 16,juvenile_shooting_incidents,*Juv Shooting Incidents,last_28_days,count,count,2026,,,0,,0,,not_applicable,,,wilmington-compstat-v2,validated
weekly-2026-08-16-r1,weekly_compstat,2026-08-10,2026-08-16,1,7d23f10cc3e90aaa48cbc3bc24227cb4b6b80a37030aa250dc8b08f3ed7f5917,17,district,district_16,District 16,juvenile_shooting_incidents,*Juv Shooting Incidents,last_28_days,count,count,2025,,,0,,0,,not_applicable,,,wilmington-compstat-v2,validated
weekly-2026-08-16-r1,weekly_compstat,2026-08-10,2026-08-16,1,7d23f10cc3e90aaa48cbc3bc24227cb4b6b80a37030aa250dc8b08f3ed7f5917,17,district,district_16,District 16,juvenile_shooting_incidents,*Juv Shooting Incidents,last_28_days,percent_change,percent,2026,2025,1,,,*,,undefined_zero_denominator,,undefined_zero_denominator,wilmington-compstat-v2,validated
weekly-2026-08-16-r1,weekly_compstat,2026-08-10,2026-08-16,1,7d23f10cc3e90aaa48cbc3bc24227cb4b6b80a37030aa250dc8b08f3ed7f5917,17,district,district_16,District 16,juvenile_shooting_incidents,*Juv Shooting Incidents,year_to_date,count,count,2026,,,3,,3,,not_applicable,,,wilmington-compstat-v2,validated
weekly-2026-08-16-r1,weekly_compstat,2026-08-10,2026-08-16,1,7d23f10cc3e90aaa48cbc3bc24227cb4b6b80a37030aa250dc8b08f3ed7f5917,17,district,district_16,District 16,juvenile_shooting_incidents,*Juv Shooting Incidents,year_to_date,count,count,2025,,,0,,0,,not_applicable,,,wilmington-compstat-v2,validated
weekly-2026-08-16-r1,weekly_compstat,2026-08-10,2026-08-16,1,7d23f10cc3e90aaa48cbc3bc24227cb4b6b80a37030aa250dc8b08f3ed7f5917,17,district,district_16,District 16,juvenile_shooting_incidents,*Juv Shooting Incidents,year_to_date,percent_change,percent,2026,2025,1,,,*,,undefined_zero_denominator,,undefined_zero_denominator,wilmington-compstat-v2,validated
weekly-2026-08-16-r1,weekly_compstat,2026-08-10,2026-08-16,1,7d23f10cc3e90aaa48cbc3bc24227cb4b6b80a37030aa250dc8b08f3ed7f5917,17,district,district_16,District 16,juvenile_shooting_incidents,*Juv Shooting Incidents,year_to_date,percent_change,percent,2026,2024,2,50.0,0.5,50%,,not_checkable,,,wilmington-compstat-v2,validated
weekly-2026-08-16-r1,weekly_compstat,2026-08-10,2026-08-16,1,7d23f10cc3e90aaa48cbc3bc24227cb4b6b80a37030aa250dc8b08f3ed7f5917,17,district,district_16,District 16,juvenile_shooting_incidents,*Juv Shooting Incidents,year_to_date,percent_change,percent,2026,2023,3,50.0,0.5,50%,,not_checkable,,,wilmington-compstat-v2,validated
weekly-2026-08-16-r1,weekly_compstat,2026-08-10,2026-08-16,1,7d23f10cc3e90aaa48cbc3bc24227cb4b6b80a37030aa250dc8b08f3ed7f5917,17,district,district_16,District 16,juvenile_shooting_incidents,*Juv Shooting Incidents,year_to_date,percent_change,percent,2026,2022,4,200.0,2.0,200%,,not_checkable,,,wilmington-compstat-v2,validated
weekly-2026-08-16-r1,weekly_compstat,2026-08-10,2026-08-16,1,7d23f10cc3e90aaa48cbc3bc24227cb4b6b80a37030aa250dc8b08f3ed7f5917,17,district,district_16,District 16,juvenile_shooting_incidents,*Juv Shooting Incidents,year_to_date,percent_change,percent,2026,2021,5,200.0,2.0,200%,,not_checkable,,,wilmington-compstat-v2,validated
weekly-2026-08-16-r1,weekly_compstat,2026-08-10,2026-08-16,1,7d23f10cc3e90aaa48cbc3bc24227cb4b6b80a37030aa250dc8b08f3ed7f5917,17,district,district_16,District 16,juvenile_shooting_incidents,*Juv Shooting Incidents,year_to_date,percent_change,percent,2026,2020,6,0.0,0.0,0%,,not_checkable,,,wilmington-compstat-v2,validated
weekly-2026-08-16-r1,weekly_compstat,2026-08-10,2026-08-16,1,7d23f10cc3e90aaa48cbc3bc24227cb4b6b80a37030aa250dc8b08f3ed7f5917,17,district,district_16,District 16,juvenile_shooting_victims,*Juv Shooting Victims,last_7_days,count,count,2026,,,0,,0,,not_applicable,,,wilmington-compstat-v2,validated
weekly-2026-08-16-r1,weekly_compstat,2026-08-10,2026-08-16,1,7d23f10cc3e90aaa48cbc3bc24227cb4b6b80a37030aa250dc8b08f3ed7f5917,17,district,district_16,District 16,juvenile_shooting_victims,*Juv Shooting Victims,last_7_days,count,count,2025,,,0,,0,,not_applicable,,,wilmington-compstat-v2,validated
weekly-2026-08-16-r1,weekly_compstat,2026-08-10,2026-08-16,1,7d23f10cc3e90aaa48cbc3bc24227cb4b6b80a37030aa250dc8b08f3ed7f5917,17,district,district_16,District 16,juvenile_shooting_victims,*Juv Shooting Victims,last_7_days,percent_change,percent,2026,2025,1,,,*,,undefined_zero_denominator,,undefined_zero_denominator,wilmington-compstat-v2,validated
weekly-2026-08-16-r1,weekly_compstat,2026-08-10,2026-08-16,1,7d23f10cc3e90aaa48cbc3bc24227cb4b6b80a37030aa250dc8b08f3ed7f5917,17,district,district_16,District 16,juvenile_shooting_victims,*Juv Shooting Victims,last_28_days,count,count,2026,,,0,,0,,not_applicable,,,wilmington-compstat-v2,validated
weekly-2026-08-16-r1,weekly_compstat,2026-08-10,2026-08-16,1,7d23f10cc3e90aaa48cbc3bc24227cb4b6b80a37030aa250dc8b08f3ed7f5917,17,district,district_16,District 16,juvenile_shooting_victims,*Juv Shooting Victims,last_28_days,count,count,2025,,,0,,0,,not_applicable,,,wilmington-compstat-v2,validated
weekly-2026-08-16-r1,weekly_compstat,2026-08-10,2026-08-16,1,7d23f10cc3e90aaa48cbc3bc24227cb4b6b80a37030aa250dc8b08f3ed7f5917,17,district,district_16,District 16,juvenile_shooting_victims,*Juv Shooting Victims,last_28_days,percent_change,percent,2026,2025,1,,,*,,undefined_zero_denominator,,undefined_zero_denominator,wilmington-compstat-v2,validated
weekly-2026-08-16-r1,weekly_compstat,2026-08-10,2026-08-16,1,7d23f10cc3e90aaa48cbc3bc24227cb4b6b80a37030aa250dc8b08f3ed7f5917,17,district,district_16,District 16,juvenile_shooting_victims,*Juv Shooting Victims,year_to_date,count,count,2026,,,3,,3,,not_applicable,,,wilmington-compstat-v2,validated
weekly-2026-08-16-r1,weekly_compstat,2026-08-10,2026-08-16,1,7d23f10cc3e90aaa48cbc3bc24227cb4b6b80a37030aa250dc8b08f3ed7f5917,17,district,district_16,District 16,juvenile_shooting_victims,*Juv Shooting Victims,year_to_date,count,count,2025,,,0,,0,,not_applicable,,,wilmington-compstat-v2,validated
weekly-2026-08-16-r1,weekly_compstat,2026-08-10,2026-08-16,1,7d23f10cc3e90aaa48cbc3bc24227cb4b6b80a37030aa250dc8b08f3ed7f5917,17,district,district_16,District 16,juvenile_shooting_victims,*Juv Shooting Victims,year_to_date,percent_change,percent,2026,2025,1,,,*,,undefined_zero_denominator,,undefined_zero_denominator,wilmington-compstat-v2,validated
weekly-2026-08-16-r1,weekly_compstat,2026-08-10,2026-08-16,1,7d23f10cc3e90aaa48cbc3bc24227cb4b6b80a37030aa250dc8b08f3ed7f5917,17,district,district_16,District 16,juvenile_shooting_victims,*Juv Shooting Victims,year_to_date,percent_change,percent,2026,2024,2,50.0,0.5,50%,,not_checkable,,,wilmington-compstat-v2,validated
weekly-2026-08-16-r1,weekly_compstat,2026-08-10,2026-08-16,1,7d23f10cc3e90aaa48cbc3bc24227cb4b6b80a37030aa250dc8b08f3ed7f5917,17,district,district_16,District 16,juvenile_shooting_victims,*Juv Shooting Victims,year_to_date,percent_change,percent,2026,2023,3,50.0,0.5,50%,,not_checkable,,,wilmington-compstat-v2,validated
weekly-2026-08-16-r1,weekly_compstat,2026-08-10,2026-08-16,1,7d23f10cc3e90aaa48cbc3bc24227cb4b6b80a37030aa250dc8b08f3ed7f5917,17,district,district_16,District 16,juvenile_shooting_victims,*Juv Shooting Victims,year_to_date,percent_change,percent,2026,2022,4,200.0,2.0,200%,,not_checkable,,,wilmington-compstat-v2,validated
weekly-2026-08-16-r1,weekly_compstat,2026-08-10,2026-08-16,1,7d23f10cc3e90aaa48cbc3bc24227cb4b6b80a37030aa250dc8b08f3ed7f5917,17,district,district_16,District 16,juvenile_shooting_victims,*Juv Shooting Victims,year_to_date,percent_change,percent,2026,2021,5,200.0,2.0,200%,,not_checkable,,,wilmington-compstat-v2,validated
weekly-2026-08-16-r1,weekly_compstat,2026-08-10,2026-08-16,1,7d23f10cc3e90aaa48cbc3bc24227cb4b6b80a37030aa250dc8b08f3ed7f5917,17,district,district_16,District 16,juvenile_shooting_victims,*Juv Shooting Victims,year_to_date,percent_change,percent,2026,2020,6,0.0,0.0,0%,,not_checkable,,,wilmington-compstat-v2,validated
weekly-2026-08-16-r1,weekly_compstat,2026-08-10,2026-08-16,1,7d23f10cc3e90aaa48cbc3bc24227cb4b6b80a37030aa250dc8b08f3ed7f5917,17,district,district_16,District 16,misdemeanor_theft,Theft (Misdemeanor),last_7_days,count,count,2026,,,3,,3,,not_applicable,,,wilmington-compstat-v2,validated
weekly-2026-08-16-r1,weekly_compstat,2026-08-10,2026-08-16,1,7d23f10cc3e90aaa48cbc3bc24227cb4b6b80a37030aa250dc8b08f3ed7f5917,17,district,district_16,District 16,misdemeanor_theft,Theft (Misdemeanor),last_7_days,count,count,2025,,,1,,1,,not_applicable,,,wilmington-compstat-v2,validated
weekly-2026-08-16-r1,weekly_compstat,2026-08-10,2026-08-16,1,7d23f10cc3e90aaa48cbc3bc24227cb4b6b80a37030aa250dc8b08f3ed7f5917,17,district,district_16,District 16,misdemeanor_theft,Theft (Misdemeanor),last_7_days,percent_change,percent,2026,2025,1,200.0,2.0,200%,200.0,matched,,,wilmington-compstat-v2,validated
weekly-2026-08-16-r1,weekly_compstat,2026-08-10,2026-08-16,1,7d23f10cc3e90aaa48cbc3bc24227cb4b6b80a37030aa250dc8b08f3ed7f5917,17,district,district_16,District 16,misdemeanor_theft,Theft (Misdemeanor),last_28_days,count,count,2026,,,10,,10,,not_applicable,,,wilmington-compstat-v2,validated
weekly-2026-08-16-r1,weekly_compstat,2026-08-10,2026-08-16,1,7d23f10cc3e90aaa48cbc3bc24227cb4b6b80a37030aa250dc8b08f3ed7f5917,17,district,district_16,District 16,misdemeanor_theft,Theft (Misdemeanor),last_28_days,count,count,2025,,,10,,10,,not_applicable,,,wilmington-compstat-v2,validated
weekly-2026-08-16-r1,weekly_compstat,2026-08-10,2026-08-16,1,7d23f10cc3e90aaa48cbc3bc24227cb4b6b80a37030aa250dc8b08f3ed7f5917,17,district,district_16,District 16,misdemeanor_theft,Theft (Misdemeanor),last_28_days,percent_change,percent,2026,2025,1,0.0,0.0,0%,0.0,matched,,,wilmington-compstat-v2,validated
weekly-2026-08-16-r1,weekly_compstat,2026-08-10,2026-08-16,1,7d23f10cc3e90aaa48cbc3bc24227cb4b6b80a37030aa250dc8b08f3ed7f5917,17,district,district_16,District 16,misdemeanor_theft,Theft (Misdemeanor),year_to_date,count,count,2026,,,113,,113,,not_applicable,,,wilmington-compstat-v2,validated
weekly-2026-08-16-r1,weekly_compstat,2026-08-10,2026-08-16,1,7d23f10cc3e90aaa48cbc3bc24227cb4b6b80a37030aa250dc8b08f3ed7f5917,17,district,district_16,District 16,misdemeanor_theft,Theft (Misdemeanor),year_to_date,count,count,2025,,,131,,131,,not_applicable,,,wilmington-compstat-v2,validated
weekly-2026-08-16-r1,weekly_compstat,2026-08-10,2026-08-16,1,7d23f10cc3e90aaa48cbc3bc24227cb4b6b80a37030aa250dc8b08f3ed7f5917,17,district,district_16,District 16,misdemeanor_theft,Theft (Misdemeanor),year_to_date,percent_change,percent,2026,2025,1,-14.0,-0.14,-14%,-13.740458,matched,,,wilmington-compstat-v2,validated
weekly-2026-08-16-r1,weekly_compstat,2026-08-10,2026-08-16,1,7d23f10cc3e90aaa48cbc3bc24227cb4b6b80a37030aa250dc8b08f3ed7f5917,17,district,district_16,District 16,misdemeanor_theft,Theft (Misdemeanor),year_to_date,percent_change,percent,2026,2024,2,-3.0,-0.03,-3%,,not_checkable,,,wilmington-compstat-v2,validated
weekly-2026-08-16-r1,weekly_compstat,2026-08-10,2026-08-16,1,7d23f10cc3e90aaa48cbc3bc24227cb4b6b80a37030aa250dc8b08f3ed7f5917,17,district,district_16,District 16,misdemeanor_theft,Theft (Misdemeanor),year_to_date,percent_change,percent,2026,2023,3,-10.0,-0.1,-10%,,not_checkable,,,wilmington-compstat-v2,validated
weekly-2026-08-16-r1,weekly_compstat,2026-08-10,2026-08-16,1,7d23f10cc3e90aaa48cbc3bc24227cb4b6b80a37030aa250dc8b08f3ed7f5917,17,district,district_16,District 16,misdemeanor_theft,Theft (Misdemeanor),year_to_date,percent_change,percent,2026,2022,4,-23.0,-0.23,-23%,,not_checkable,,,wilmington-compstat-v2,validated
weekly-2026-08-16-r1,weekly_compstat,2026-08-10,2026-08-16,1,7d23f10cc3e90aaa48cbc3bc24227cb4b6b80a37030aa250dc8b08f3ed7f5917,17,district,district_16,District 16,misdemeanor_theft,Theft (Misdemeanor),year_to_date,percent_change,percent,2026,2021,5,-32.0,-0.32,-32%,,not_checkable,,,wilmington-compstat-v2,validated
weekly-2026-08-16-r1,weekly_compstat,2026-08-10,2026-08-16,1,7d23f10cc3e90aaa48cbc3bc24227cb4b6b80a37030aa250dc8b08f3ed7f5917,17,district,district_16,District 16,misdemeanor_theft,Theft (Misdemeanor),year_to_date,percent_change,percent,2026,2020,6,-19.0,-0.19,-19%,,not_checkable,,,wilmington-compstat-v2,validated
weekly-2026-08-16-r1,weekly_compstat,2026-08-10,2026-08-16,1,7d23f10cc3e90aaa48cbc3bc24227cb4b6b80a37030aa250dc8b08f3ed7f5917,19,sector,sector_3,Sector 3,murder,Murder,last_7_days,count,count,2026,,,0,,0,,not_applicable,,,wilmington-compstat-v2,validated
weekly-2026-08-16-r1,weekly_compstat,2026-08-10,2026-08-16,1,7d23f10cc3e90aaa48cbc3bc24227cb4b6b80a37030aa250dc8b08f3ed7f5917,19,sector,sector_3,Sector 3,murder,Murder,last_7_days,count,count,2025,,,0,,0,,not_applicable,,,wilmington-compstat-v2,validated
weekly-2026-08-16-r1,weekly_compstat,2026-08-10,2026-08-16,1,7d23f10cc3e90aaa48cbc3bc24227cb4b6b80a37030aa250dc8b08f3ed7f5917,19,sector,sector_3,Sector 3,murder,Murder,last_7_days,percent_change,percent,2026,2025,1,,,*,,undefined_zero_denominator,,undefined_zero_denominator,wilmington-compstat-v2,validated
weekly-2026-08-16-r1,weekly_compstat,2026-08-10,2026-08-16,1,7d23f10cc3e90aaa48cbc3bc24227cb4b6b80a37030aa250dc8b08f3ed7f5917,19,sector,sector_3,Sector 3,murder,Murder,last_28_days,count,count,2026,,,0,,0,,not_applicable,,,wilmington-compstat-v2,validated
weekly-2026-08-16-r1,weekly_compstat,2026-08-10,2026-08-16,1,7d23f10cc3e90aaa48cbc3bc24227cb4b6b80a37030aa250dc8b08f3ed7f5917,19,sector,sector_3,Sector 3,murder,Murder,last_28_days,count,count,2025,,,2,,2,,not_applicable,,,wilmington-compstat-v2,validated
weekly-2026-08-16-r1,weekly_compstat,2026-08-10,2026-08-16,1,7d23f10cc3e90aaa48cbc3bc24227cb4b6b80a37030aa250dc8b08f3ed7f5917,19,sector,sector_3,Sector 3,murder,Murder,last_28_days,percent_change,percent,2026,2025,1,-100.0,-1.0,-100%,-100.0,matched,,,wilmington-compstat-v2,validated
weekly-2026-08-16-r1,weekly_compstat,2026-08-10,2026-08-16,1,7d23f10cc3e90aaa48cbc3bc24227cb4b6b80a37030aa250dc8b08f3ed7f5917,19,sector,sector_3,Sector 3,murder,Murder,year_to_date,count,count,2026,,,2,,2,,not_applicable,,,wilmington-compstat-v2,validated
weekly-2026-08-16-r1,weekly_compstat,2026-08-10,2026-08-16,1,7d23f10cc3e90aaa48cbc3bc24227cb4b6b80a37030aa250dc8b08f3ed7f5917,19,sector,sector_3,Sector 3,murder,Murder,year_to_date,count,count,2025,,,2,,2,,not_applicable,,,wilmington-compstat-v2,validated
weekly-2026-08-16-r1,weekly_compstat,2026-08-10,2026-08-16,1,7d23f10cc3e90aaa48cbc3bc24227cb4b6b80a37030aa250dc8b08f3ed7f5917,19,sector,sector_3,Sector 3,murder,Murder,year_to_date,percent_change,percent,2026,2025,1,0.0,0.0,0%,0.0,matched,,,wilmington-compstat-v2,validated
weekly-2026-08-16-r1,weekly_compstat,2026-08-10,2026-08-16,1,7d23f10cc3e90aaa48cbc3bc24227cb4b6b80a37030aa250dc8b08f3ed7f5917,19,sector,sector_3,Sector 3,murder,Murder,year_to_date,percent_change,percent,2026,2024,2,-50.0,-0.5,-50%,,not_checkable,,,wilmington-compstat-v2,validated
weekly-2026-08-16-r1,weekly_compstat,2026-08-10,2026-08-16,1,7d23f10cc3e90aaa48cbc3bc24227cb4b6b80a37030aa250dc8b08f3ed7f5917,19,sector,sector_3,Sector 3,murder,Murder,year_to_date,percent_change,percent,2026,2023,3,-33.0,-0.33,-33%,,not_checkable,,,wilmington-compstat-v2,validated
weekly-2026-08-16-r1,weekly_compstat,2026-08-10,2026-08-16,1,7d23f10cc3e90aaa48cbc3bc24227cb4b6b80a37030aa250dc8b08f3ed7f5917,19,sector,sector_3,Sector 3,murder,Murder,year_to_date,percent_change,percent,2026,2022,4,-60.0,-0.6,-60%,,not_checkable,,,wilmington-compstat-v2,validated
weekly-2026-08-16-r1,weekly_compstat,2026-08-10,2026-08-16,1,7d23f10cc3e90aaa48cbc3bc24227cb4b6b80a37030aa250dc8b08f3ed7f5917,19,sector,sector_3,Sector 3,murder,Murder,year_to_date,percent_change,percent,2026,2021,5,-60.0,-0.6,-60%,,not_checkable,,,wilmington-compstat-v2,validated
weekly-2026-08-16-r1,weekly_compstat,2026-08-10,2026-08-16,1,7d23f10cc3e90aaa48cbc3bc24227cb4b6b80a37030aa250dc8b08f3ed7f5917,19,sector,sector_3,Sector 3,murder,Murder,year_to_date,percent_change,percent,2026,2020,6,-50.0,-0.5,-50%,,not_checkable,,,wilmington-compstat-v2,validated
weekly-2026-08-16-r1,weekly_compstat,2026-08-10,2026-08-16,1,7d23f10cc3e90aaa48cbc3bc24227cb4b6b80a37030aa250dc8b08f3ed7f5917,19,sector,sector_3,Sector 3,rape,Rape,last_7_days,count,count,2026,,,0,,0,,not_applicable,,,wilmington-compstat-v2,validated
weekly-2026-08-16-r1,weekly_compstat,2026-08-10,2026-08-16,1,7d23f10cc3e90aaa48cbc3bc24227cb4b6b80a37030aa250dc8b08f3ed7f5917,19,sector,sector_3,Sector 3,rape,Rape,last_7_days,count,count,2025,,,0,,0,,not_applicable,,,wilmington-compstat-v2,validated
weekly-2026-08-16-r1,weekly_compstat,2026-08-10,2026-08-16,1,7d23f10cc3e90aaa48cbc3bc24227cb4b6b80a37030aa250dc8b08f3ed7f5917,19,sector,sector_3,Sector 3,rape,Rape,last_7_days,percent_change,percent,2026,2025,1,,,*,,undefined_zero_denominator,,undefined_zero_denominator,wilmington-compstat-v2,validated
weekly-2026-08-16-r1,weekly_compstat,2026-08-10,2026-08-16,1,7d23f10cc3e90aaa48cbc3bc24227cb4b6b80a37030aa250dc8b08f3ed7f5917,19,sector,sector_3,Sector 3,rape,Rape,last_28_days,count,count,2026,,,3,,3,,not_applicable,,,wilmington-compstat-v2,validated
weekly-2026-08-16-r1,weekly_compstat,2026-08-10,2026-08-16,1,7d23f10cc3e90aaa48cbc3bc24227cb4b6b80a37030aa250dc8b08f3ed7f5917,19,sector,sector_3,Sector 3,rape,Rape,last_28_days,count,count,2025,,,0,,0,,not_applicable,,,wilmington-compstat-v2,validated
weekly-2026-08-16-r1,weekly_compstat,2026-08-10,2026-08-16,1,7d23f10cc3e90aaa48cbc3bc24227cb4b6b80a37030aa250dc8b08f3ed7f5917,19,sector,sector_3,Sector 3,rape,Rape,last_28_days,percent_change,percent,2026,2025,1,,,*,,undefined_zero_denominator,,undefined_zero_denominator,wilmington-compstat-v2,validated
weekly-2026-08-16-r1,weekly_compstat,2026-08-10,2026-08-16,1,7d23f10cc3e90aaa48cbc3bc24227cb4b6b80a37030aa250dc8b08f3ed7f5917,19,sector,sector_3,Sector 3,rape,Rape,year_to_date,count,count,2026,,,3,,3,,not_applicable,,,wilmington-compstat-v2,validated
weekly-2026-08-16-r1,weekly_compstat,2026-08-10,2026-08-16,1,7d23f10cc3e90aaa48cbc3bc24227cb4b6b80a37030aa250dc8b08f3ed7f5917,19,sector,sector_3,Sector 3,rape,Rape,year_to_date,count,count,2025,,,0,,0,,not_applicable,,,wilmington-compstat-v2,validated
weekly-2026-08-16-r1,weekly_compstat,2026-08-10,2026-08-16,1,7d23f10cc3e90aaa48cbc3bc24227cb4b6b80a37030aa250dc8b08f3ed7f5917,19,sector,sector_3,Sector 3,rape,Rape,year_to_date,percent_change,percent,2026,2025,1,,,*,,undefined_zero_denominator,,undefined_zero_denominator,wilmington-compstat-v2,validated
weekly-2026-08-16-r1,weekly_compstat,2026-08-10,2026-08-16,1,7d23f10cc3e90aaa48cbc3bc24227cb4b6b80a37030aa250dc8b08f3ed7f5917,19,sector,sector_3,Sector 3,rape,Rape,year_to_date,percent_change,percent,2026,2024,2,200.0,2.0,200%,,not_checkable,,,wilmington-compstat-v2,validated
weekly-2026-08-16-r1,weekly_compstat,2026-08-10,2026-08-16,1,7d23f10cc3e90aaa48cbc3bc24227cb4b6b80a37030aa250dc8b08f3ed7f5917,19,sector,sector_3,Sector 3,rape,Rape,year_to_date,percent_change,percent,2026,2023,3,0.0,0.0,0%,,not_checkable,,,wilmington-compstat-v2,validated
weekly-2026-08-16-r1,weekly_compstat,2026-08-10,2026-08-16,1,7d23f10cc3e90aaa48cbc3bc24227cb4b6b80a37030aa250dc8b08f3ed7f5917,19,sector,sector_3,Sector 3,rape,Rape,year_to_date,percent_change,percent,2026,2022,4,50.0,0.5,50%,,not_checkable,,,wilmington-compstat-v2,validated
weekly-2026-08-16-r1,weekly_compstat,2026-08-10,2026-08-16,1,7d23f10cc3e90aaa48cbc3bc24227cb4b6b80a37030aa250dc8b08f3ed7f5917,19,sector,sector_3,Sector 3,rape,Rape,year_to_date,percent_change,percent,2026,2021,5,50.0,0.5,50%,,not_checkable,,,wilmington-compstat-v2,validated
weekly-2026-08-16-r1,weekly_compstat,2026-08-10,2026-08-16,1,7d23f10cc3e90aaa48cbc3bc24227cb4b6b80a37030aa250dc8b08f3ed7f5917,19,sector,sector_3,Sector 3,rape,Rape,year_to_date,percent_change,percent,2026,2020,6,,,*,,not_checkable,,undefined_zero_denominator,wilmington-compstat-v2,validated
weekly-2026-08-16-r1,weekly_compstat,2026-08-10,2026-08-16,1,7d23f10cc3e90aaa48cbc3bc24227cb4b6b80a37030aa250dc8b08f3ed7f5917,19,sector,sector_3,Sector 3,robbery,Robbery,last_7_days,count,count,2026,,,0,,0,,not_applicable,,,wilmington-compstat-v2,validated
weekly-2026-08-16-r1,weekly_compstat,2026-08-10,2026-08-16,1,7d23f10cc3e90aaa48cbc3bc24227cb4b6b80a37030aa250dc8b08f3ed7f5917,19,sector,sector_3,Sector 3,robbery,Robbery,last_7_days,count,count,2025,,,0,,0,,not_applicable,,,wilmington-compstat-v2,validated
weekly-2026-08-16-r1,weekly_compstat,2026-08-10,2026-08-16,1,7d23f10cc3e90aaa48cbc3bc24227cb4b6b80a37030aa250dc8b08f3ed7f5917,19,sector,sector_3,Sector 3,robbery,Robbery,last_7_days,percent_change,percent,2026,2025,1,,,*,,undefined_zero_denominator,,undefined_zero_denominator,wilmington-compstat-v2,validated
weekly-2026-08-16-r1,weekly_compstat,2026-08-10,2026-08-16,1,7d23f10cc3e90aaa48cbc3bc24227cb4b6b80a37030aa250dc8b08f3ed7f5917,19,sector,sector_3,Sector 3,robbery,Robbery,last_28_days,count,count,2026,,,5,,5,,not_applicable,,,wilmington-compstat-v2,validated
weekly-2026-08-16-r1,weekly_compstat,2026-08-10,2026-08-16,1,7d23f10cc3e90aaa48cbc3bc24227cb4b6b80a37030aa250dc8b08f3ed7f5917,19,sector,sector_3,Sector 3,robbery,Robbery,last_28_days,count,count,2025,,,7,,7,,not_applicable,,,wilmington-compstat-v2,validated
weekly-2026-08-16-r1,weekly_compstat,2026-08-10,2026-08-16,1,7d23f10cc3e90aaa48cbc3bc24227cb4b6b80a37030aa250dc8b08f3ed7f5917,19,sector,sector_3,Sector 3,robbery,Robbery,last_28_days,percent_change,percent,2026,2025,1,-29.0,-0.29,-29%,-28.571429,matched,,,wilmington-compstat-v2,validated
weekly-2026-08-16-r1,weekly_compstat,2026-08-10,2026-08-16,1,7d23f10cc3e90aaa48cbc3bc24227cb4b6b80a37030aa250dc8b08f3ed7f5917,19,sector,sector_3,Sector 3,robbery,Robbery,year_to_date,count,count,2026,,,48,,48,,not_applicable,,,wilmington-compstat-v2,validated
weekly-2026-08-16-r1,weekly_compstat,2026-08-10,2026-08-16,1,7d23f10cc3e90aaa48cbc3bc24227cb4b6b80a37030aa250dc8b08f3ed7f5917,19,sector,sector_3,Sector 3,robbery,Robbery,year_to_date,count,count,2025,,,42,,42,,not_applicable,,,wilmington-compstat-v2,validated
weekly-2026-08-16-r1,weekly_compstat,2026-08-10,2026-08-16,1,7d23f10cc3e90aaa48cbc3bc24227cb4b6b80a37030aa250dc8b08f3ed7f5917,19,sector,sector_3,Sector 3,robbery,Robbery,year_to_date,percent_change,percent,2026,2025,1,14.0,0.14,14%,14.285714,matched,,,wilmington-compstat-v2,validated
weekly-2026-08-16-r1,weekly_compstat,2026-08-10,2026-08-16,1,7d23f10cc3e90aaa48cbc3bc24227cb4b6b80a37030aa250dc8b08f3ed7f5917,19,sector,sector_3,Sector 3,robbery,Robbery,year_to_date,percent_change,percent,2026,2024,2,50.0,0.5,50%,,not_checkable,,,wilmington-compstat-v2,validated
weekly-2026-08-16-r1,weekly_compstat,2026-08-10,2026-08-16,1,7d23f10cc3e90aaa48cbc3bc24227cb4b6b80a37030aa250dc8b08f3ed7f5917,19,sector,sector_3,Sector 3,robbery,Robbery,year_to_date,percent_change,percent,2026,2023,3,7.0,0.07,7%,,not_checkable,,,wilmington-compstat-v2,validated
weekly-2026-08-16-r1,weekly_compstat,2026-08-10,2026-08-16,1,7d23f10cc3e90aaa48cbc3bc24227cb4b6b80a37030aa250dc8b08f3ed7f5917,19,sector,sector_3,Sector 3,robbery,Robbery,year_to_date,percent_change,percent,2026,2022,4,-14.0,-0.14,-14%,,not_checkable,,,wilmington-compstat-v2,validated
weekly-2026-08-16-r1,weekly_compstat,2026-08-10,2026-08-16,1,7d23f10cc3e90aaa48cbc3bc24227cb4b6b80a37030aa250dc8b08f3ed7f5917,19,sector,sector_3,Sector 3,robbery,Robbery,year_to_date,percent_change,percent,2026,2021,5,2.0,0.02,2%,,not_checkable,,,wilmington-compstat-v2,validated
weekly-2026-08-16-r1,weekly_compstat,2026-08-10,2026-08-16,1,7d23f10cc3e90aaa48cbc3bc24227cb4b6b80a37030aa250dc8b08f3ed7f5917,19,sector,sector_3,Sector 3,robbery,Robbery,year_to_date,percent_change,percent,2026,2020,6,0.0,0.0,0%,,not_checkable,,,wilmington-compstat-v2,validated
weekly-2026-08-16-r1,weekly_compstat,2026-08-10,2026-08-16,1,7d23f10cc3e90aaa48cbc3bc24227cb4b6b80a37030aa250dc8b08f3ed7f5917,19,sector,sector_3,Sector 3,aggravated_assault,Agg. Assault,last_7_days,count,count,2026,,,3,,3,,not_applicable,,,wilmington-compstat-v2,validated
weekly-2026-08-16-r1,weekly_compstat,2026-08-10,2026-08-16,1,7d23f10cc3e90aaa48cbc3bc24227cb4b6b80a37030aa250dc8b08f3ed7f5917,19,sector,sector_3,Sector 3,aggravated_assault,Agg. Assault,last_7_days,count,count,2025,,,2,,2,,not_applicable,,,wilmington-compstat-v2,validated
weekly-2026-08-16-r1,weekly_compstat,2026-08-10,2026-08-16,1,7d23f10cc3e90aaa48cbc3bc24227cb4b6b80a37030aa250dc8b08f3ed7f5917,19,sector,sector_3,Sector 3,aggravated_assault,Agg. Assault,last_7_days,percent_change,percent,2026,2025,1,50.0,0.5,50%,50.0,matched,,,wilmington-compstat-v2,validated
weekly-2026-08-16-r1,weekly_compstat,2026-08-10,2026-08-16,1,7d23f10cc3e90aaa48cbc3bc24227cb4b6b80a37030aa250dc8b08f3ed7f5917,19,sector,sector_3,Sector 3,aggravated_assault,Agg. Assault,last_28_days,count,count,2026,,,14,,14,,not_applicable,,,wilmington-compstat-v2,validated
weekly-2026-08-16-r1,weekly_compstat,2026-08-10,2026-08-16,1,7d23f10cc3e90aaa48cbc3bc24227cb4b6b80a37030aa250dc8b08f3ed7f5917,19,sector,sector_3,Sector 3,aggravated_assault,Agg. Assault,last_28_days,count,count,2025,,,17,,17,,not_applicable,,,wilmington-compstat-v2,validated
weekly-2026-08-16-r1,weekly_compstat,2026-08-10,2026-08-16,1,7d23f10cc3e90aaa48cbc3bc24227cb4b6b80a37030aa250dc8b08f3ed7f5917,19,sector,sector_3,Sector 3,aggravated_assault,Agg. Assault,last_28_days,percent_change,percent,2026,2025,1,-18.0,-0.18,-18%,-17.647059,matched,,,wilmington-compstat-v2,validated
weekly-2026-08-16-r1,weekly_compstat,2026-08-10,2026-08-16,1,7d23f10cc3e90aaa48cbc3bc24227cb4b6b80a37030aa250dc8b08f3ed7f5917,19,sector,sector_3,Sector 3,aggravated_assault,Agg. Assault,year_to_date,count,count,2026,,,92,,92,,not_applicable,,,wilmington-compstat-v2,validated
weekly-2026-08-16-r1,weekly_compstat,2026-08-10,2026-08-16,1,7d23f10cc3e90aaa48cbc3bc24227cb4b6b80a37030aa250dc8b08f3ed7f5917,19,sector,sector_3,Sector 3,aggravated_assault,Agg. Assault,year_to_date,count,count,2025,,,97,,97,,not_applicable,,,wilmington-compstat-v2,validated
weekly-2026-08-16-r1,weekly_compstat,2026-08-10,2026-08-16,1,7d23f10cc3e90aaa48cbc3bc24227cb4b6b80a37030aa250dc8b08f3ed7f5917,19,sector,sector_3,Sector 3,aggravated_assault,Agg. Assault,year_to_date,percent_change,percent,2026,2025,1,-5.0,-0.05,-5%,-5.154639,matched,,,wilmington-compstat-v2,validated
weekly-2026-08-16-r1,weekly_compstat,2026-08-10,2026-08-16,1,7d23f10cc3e90aaa48cbc3bc24227cb4b6b80a37030aa250dc8b08f3ed7f5917,19,sector,sector_3,Sector 3,aggravated_assault,Agg. Assault,year_to_date,percent_change,percent,2026,2024,2,11.0,0.11,11%,,not_checkable,,,wilmington-compstat-v2,validated
weekly-2026-08-16-r1,weekly_compstat,2026-08-10,2026-08-16,1,7d23f10cc3e90aaa48cbc3bc24227cb4b6b80a37030aa250dc8b08f3ed7f5917,19,sector,sector_3,Sector 3,aggravated_assault,Agg. Assault,year_to_date,percent_change,percent,2026,2023,3,11.0,0.11,11%,,not_checkable,,,wilmington-compstat-v2,validated
weekly-2026-08-16-r1,weekly_compstat,2026-08-10,2026-08-16,1,7d23f10cc3e90aaa48cbc3bc24227cb4b6b80a37030aa250dc8b08f3ed7f5917,19,sector,sector_3,Sector 3,aggravated_assault,Agg. Assault,year_to_date,percent_change,percent,2026,2022,4,37.0,0.37,37%,,not_checkable,,,wilmington-compstat-v2,validated
weekly-2026-08-16-r1,weekly_compstat,2026-08-10,2026-08-16,1,7d23f10cc3e90aaa48cbc3bc24227cb4b6b80a37030aa250dc8b08f3ed7f5917,19,sector,sector_3,Sector 3,aggravated_assault,Agg. Assault,year_to_date,percent_change,percent,2026,2021,5,0.0,0.0,0%,,not_checkable,,,wilmington-compstat-v2,validated
weekly-2026-08-16-r1,weekly_compstat,2026-08-10,2026-08-16,1,7d23f10cc3e90aaa48cbc3bc24227cb4b6b80a37030aa250dc8b08f3ed7f5917,19,sector,sector_3,Sector 3,aggravated_assault,Agg. Assault,year_to_date,percent_change,percent,2026,2020,6,30.0,0.3,30%,,not_checkable,,,wilmington-compstat-v2,validated
weekly-2026-08-16-r1,weekly_compstat,2026-08-10,2026-08-16,1,7d23f10cc3e90aaa48cbc3bc24227cb4b6b80a37030aa250dc8b08f3ed7f5917,19,sector,sector_3,Sector 3,burglary,Burglary,last_7_days,count,count,2026,,,2,,2,,not_applicable,,,wilmington-compstat-v2,validated
weekly-2026-08-16-r1,weekly_compstat,2026-08-10,2026-08-16,1,7d23f10cc3e90aaa48cbc3bc24227cb4b6b80a37030aa250dc8b08f3ed7f5917,19,sector,sector_3,Sector 3,burglary,Burglary,last_7_days,count,count,2025,,,2,,2,,not_applicable,,,wilmington-compstat-v2,validated
weekly-2026-08-16-r1,weekly_compstat,2026-08-10,2026-08-16,1,7d23f10cc3e90aaa48cbc3bc24227cb4b6b80a37030aa250dc8b08f3ed7f5917,19,sector,sector_3,Sector 3,burglary,Burglary,last_7_days,percent_change,percent,2026,2025,1,0.0,0.0,0%,0.0,matched,,,wilmington-compstat-v2,validated
weekly-2026-08-16-r1,weekly_compstat,2026-08-10,2026-08-16,1,7d23f10cc3e90aaa48cbc3bc24227cb4b6b80a37030aa250dc8b08f3ed7f5917,19,sector,sector_3,Sector 3,burglary,Burglary,last_28_days,count,count,2026,,,8,,8,,not_applicable,,,wilmington-compstat-v2,validated
weekly-2026-08-16-r1,weekly_compstat,2026-08-10,2026-08-16,1,7d23f10cc3e90aaa48cbc3bc24227cb4b6b80a37030aa250dc8b08f3ed7f5917,19,sector,sector_3,Sector 3,burglary,Burglary,last_28_days,count,count,2025,,,12,,12,,not_applicable,,,wilmington-compstat-v2,validated
weekly-2026-08-16-r1,weekly_compstat,2026-08-10,2026-08-16,1,7d23f10cc3e90aaa48cbc3bc24227cb4b6b80a37030aa250dc8b08f3ed7f5917,19,sector,sector_3,Sector 3,burglary,Burglary,last_28_days,percent_change,percent,2026,2025,1,-33.0,-0.33,-33%,-33.333333,matched,,,wilmington-compstat-v2,validated
weekly-2026-08-16-r1,weekly_compstat,2026-08-10,2026-08-16,1,7d23f10cc3e90aaa48cbc3bc24227cb4b6b80a37030aa250dc8b08f3ed7f5917,19,sector,sector_3,Sector 3,burglary,Burglary,year_to_date,count,count,2026,,,86,,86,,not_applicable,,,wilmington-compstat-v2,validated
weekly-2026-08-16-r1,weekly_compstat,2026-08-10,2026-08-16,1,7d23f10cc3e90aaa48cbc3bc24227cb4b6b80a37030aa250dc8b08f3ed7f5917,19,sector,sector_3,Sector 3,burglary,Burglary,year_to_date,count,count,2025,,,78,,78,,not_applicable,,,wilmington-compstat-v2,validated
weekly-2026-08-16-r1,weekly_compstat,2026-08-10,2026-08-16,1,7d23f10cc3e90aaa48cbc3bc24227cb4b6b80a37030aa250dc8b08f3ed7f5917,19,sector,sector_3,Sector 3,burglary,Burglary,year_to_date,percent_change,percent,2026,2025,1,10.0,0.1,10%,10.25641,matched,,,wilmington-compstat-v2,validated
weekly-2026-08-16-r1,weekly_compstat,2026-08-10,2026-08-16,1,7d23f10cc3e90aaa48cbc3bc24227cb4b6b80a37030aa250dc8b08f3ed7f5917,19,sector,sector_3,Sector 3,burglary,Burglary,year_to_date,percent_change,percent,2026,2024,2,19.0,0.19,19%,,not_checkable,,,wilmington-compstat-v2,validated
weekly-2026-08-16-r1,weekly_compstat,2026-08-10,2026-08-16,1,7d23f10cc3e90aaa48cbc3bc24227cb4b6b80a37030aa250dc8b08f3ed7f5917,19,sector,sector_3,Sector 3,burglary,Burglary,year_to_date,percent_change,percent,2026,2023,3,-9.0,-0.09,-9%,,not_checkable,,,wilmington-compstat-v2,validated
weekly-2026-08-16-r1,weekly_compstat,2026-08-10,2026-08-16,1,7d23f10cc3e90aaa48cbc3bc24227cb4b6b80a37030aa250dc8b08f3ed7f5917,19,sector,sector_3,Sector 3,burglary,Burglary,year_to_date,percent_change,percent,2026,2022,4,-20.0,-0.2,-20%,,not_checkable,,,wilmington-compstat-v2,validated
weekly-2026-08-16-r1,weekly_compstat,2026-08-10,2026-08-16,1,7d23f10cc3e90aaa48cbc3bc24227cb4b6b80a37030aa250dc8b08f3ed7f5917,19,sector,sector_3,Sector 3,burglary,Burglary,year_to_date,percent_change,percent,2026,2021,5,-25.0,-0.25,-25%,,not_checkable,,,wilmington-compstat-v2,validated
weekly-2026-08-16-r1,weekly_compstat,2026-08-10,2026-08-16,1,7d23f10cc3e90aaa48cbc3bc24227cb4b6b80a37030aa250dc8b08f3ed7f5917,19,sector,sector_3,Sector 3,burglary,Burglary,year_to_date,percent_change,percent,2026,2020,6,-37.0,-0.37,-37%,,not_checkable,,,wilmington-compstat-v2,validated
weekly-2026-08-16-r1,weekly_compstat,2026-08-10,2026-08-16,1,7d23f10cc3e90aaa48cbc3bc24227cb4b6b80a37030aa250dc8b08f3ed7f5917,19,sector,sector_3,Sector 3,felony_theft,Felony Theft,last_7_days,count,count,2026,,,2,,2,,not_applicable,,,wilmington-compstat-v2,validated
weekly-2026-08-16-r1,weekly_compstat,2026-08-10,2026-08-16,1,7d23f10cc3e90aaa48cbc3bc24227cb4b6b80a37030aa250dc8b08f3ed7f5917,19,sector,sector_3,Sector 3,felony_theft,Felony Theft,last_7_days,count,count,2025,,,2,,2,,not_applicable,,,wilmington-compstat-v2,validated
weekly-2026-08-16-r1,weekly_compstat,2026-08-10,2026-08-16,1,7d23f10cc3e90aaa48cbc3bc24227cb4b6b80a37030aa250dc8b08f3ed7f5917,19,sector,sector_3,Sector 3,felony_theft,Felony Theft,last_7_days,percent_change,percent,2026,2025,1,0.0,0.0,0%,0.0,matched,,,wilmington-compstat-v2,validated
weekly-2026-08-16-r1,weekly_compstat,2026-08-10,2026-08-16,1,7d23f10cc3e90aaa48cbc3bc24227cb4b6b80a37030aa250dc8b08f3ed7f5917,19,sector,sector_3,Sector 3,felony_theft,Felony Theft,last_28_days,count,count,2026,,,7,,7,,not_applicable,,,wilmington-compstat-v2,validated
weekly-2026-08-16-r1,weekly_compstat,2026-08-10,2026-08-16,1,7d23f10cc3e90aaa48cbc3bc24227cb4b6b80a37030aa250dc8b08f3ed7f5917,19,sector,sector_3,Sector 3,felony_theft,Felony Theft,last_28_days,count,count,2025,,,7,,7,,not_applicable,,,wilmington-compstat-v2,validated
weekly-2026-08-16-r1,weekly_compstat,2026-08-10,2026-08-16,1,7d23f10cc3e90aaa48cbc3bc24227cb4b6b80a37030aa250dc8b08f3ed7f5917,19,sector,sector_3,Sector 3,felony_theft,Felony Theft,last_28_days,percent_change,percent,2026,2025,1,0.0,0.0,0%,0.0,matched,,,wilmington-compstat-v2,validated
weekly-2026-08-16-r1,weekly_compstat,2026-08-10,2026-08-16,1,7d23f10cc3e90aaa48cbc3bc24227cb4b6b80a37030aa250dc8b08f3ed7f5917,19,sector,sector_3,Sector 3,felony_theft,Felony Theft,year_to_date,count,count,2026,,,40,,40,,not_applicable,,,wilmington-compstat-v2,validated
weekly-2026-08-16-r1,weekly_compstat,2026-08-10,2026-08-16,1,7d23f10cc3e90aaa48cbc3bc24227cb4b6b80a37030aa250dc8b08f3ed7f5917,19,sector,sector_3,Sector 3,felony_theft,Felony Theft,year_to_date,count,count,2025,,,53,,53,,not_applicable,,,wilmington-compstat-v2,validated
weekly-2026-08-16-r1,weekly_compstat,2026-08-10,2026-08-16,1,7d23f10cc3e90aaa48cbc3bc24227cb4b6b80a37030aa250dc8b08f3ed7f5917,19,sector,sector_3,Sector 3,felony_theft,Felony Theft,year_to_date,percent_change,percent,2026,2025,1,-25.0,-0.25,-25%,-24.528302,matched,,,wilmington-compstat-v2,validated
weekly-2026-08-16-r1,weekly_compstat,2026-08-10,2026-08-16,1,7d23f10cc3e90aaa48cbc3bc24227cb4b6b80a37030aa250dc8b08f3ed7f5917,19,sector,sector_3,Sector 3,felony_theft,Felony Theft,year_to_date,percent_change,percent,2026,2024,2,-27.0,-0.27,-27%,,not_checkable,,,wilmington-compstat-v2,validated
weekly-2026-08-16-r1,weekly_compstat,2026-08-10,2026-08-16,1,7d23f10cc3e90aaa48cbc3bc24227cb4b6b80a37030aa250dc8b08f3ed7f5917,19,sector,sector_3,Sector 3,felony_theft,Felony Theft,year_to_date,percent_change,percent,2026,2023,3,-41.0,-0.41,-41%,,not_checkable,,,wilmington-compstat-v2,validated
weekly-2026-08-16-r1,weekly_compstat,2026-08-10,2026-08-16,1,7d23f10cc3e90aaa48cbc3bc24227cb4b6b80a37030aa250dc8b08f3ed7f5917,19,sector,sector_3,Sector 3,felony_theft,Felony Theft,year_to_date,percent_change,percent,2026,2022,4,-39.0,-0.39,-39%,,not_checkable,,,wilmington-compstat-v2,validated
weekly-2026-08-16-r1,weekly_compstat,2026-08-10,2026-08-16,1,7d23f10cc3e90aaa48cbc3bc24227cb4b6b80a37030aa250dc8b08f3ed7f5917,19,sector,sector_3,Sector 3,felony_theft,Felony Theft,year_to_date,percent_change,percent,2026,2021,5,-52.0,-0.52,-52%,,not_checkable,,,wilmington-compstat-v2,validated
weekly-2026-08-16-r1,weekly_compstat,2026-08-10,2026-08-16,1,7d23f10cc3e90aaa48cbc3bc24227cb4b6b80a37030aa250dc8b08f3ed7f5917,19,sector,sector_3,Sector 3,felony_theft,Felony Theft,year_to_date,percent_change,percent,2026,2020,6,-17.0,-0.17,-17%,,not_checkable,,,wilmington-compstat-v2,validated
weekly-2026-08-16-r1,weekly_compstat,2026-08-10,2026-08-16,1,7d23f10cc3e90aaa48cbc3bc24227cb4b6b80a37030aa250dc8b08f3ed7f5917,19,sector,sector_3,Sector 3,auto_theft,Auto Theft,last_7_days,count,count,2026,,,1,,1,,not_applicable,,,wilmington-compstat-v2,validated
weekly-2026-08-16-r1,weekly_compstat,2026-08-10,2026-08-16,1,7d23f10cc3e90aaa48cbc3bc24227cb4b6b80a37030aa250dc8b08f3ed7f5917,19,sector,sector_3,Sector 3,auto_theft,Auto Theft,last_7_days,count,count,2025,,,2,,2,,not_applicable,,,wilmington-compstat-v2,validated
weekly-2026-08-16-r1,weekly_compstat,2026-08-10,2026-08-16,1,7d23f10cc3e90aaa48cbc3bc24227cb4b6b80a37030aa250dc8b08f3ed7f5917,19,sector,sector_3,Sector 3,auto_theft,Auto Theft,last_7_days,percent_change,percent,2026,2025,1,-50.0,-0.5,-50%,-50.0,matched,,,wilmington-compstat-v2,validated
weekly-2026-08-16-r1,weekly_compstat,2026-08-10,2026-08-16,1,7d23f10cc3e90aaa48cbc3bc24227cb4b6b80a37030aa250dc8b08f3ed7f5917,19,sector,sector_3,Sector 3,auto_theft,Auto Theft,last_28_days,count,count,2026,,,5,,5,,not_applicable,,,wilmington-compstat-v2,validated
weekly-2026-08-16-r1,weekly_compstat,2026-08-10,2026-08-16,1,7d23f10cc3e90aaa48cbc3bc24227cb4b6b80a37030aa250dc8b08f3ed7f5917,19,sector,sector_3,Sector 3,auto_theft,Auto Theft,last_28_days,count,count,2025,,,13,,13,,not_applicable,,,wilmington-compstat-v2,validated
weekly-2026-08-16-r1,weekly_compstat,2026-08-10,2026-08-16,1,7d23f10cc3e90aaa48cbc3bc24227cb4b6b80a37030aa250dc8b08f3ed7f5917,19,sector,sector_3,Sector 3,auto_theft,Auto Theft,last_28_days,percent_change,percent,2026,2025,1,-62.0,-0.62,-62%,-61.538462,matched,,,wilmington-compstat-v2,validated
weekly-2026-08-16-r1,weekly_compstat,2026-08-10,2026-08-16,1,7d23f10cc3e90aaa48cbc3bc24227cb4b6b80a37030aa250dc8b08f3ed7f5917,19,sector,sector_3,Sector 3,auto_theft,Auto Theft,year_to_date,count,count,2026,,,63,,63,,not_applicable,,,wilmington-compstat-v2,validated
weekly-2026-08-16-r1,weekly_compstat,2026-08-10,2026-08-16,1,7d23f10cc3e90aaa48cbc3bc24227cb4b6b80a37030aa250dc8b08f3ed7f5917,19,sector,sector_3,Sector 3,auto_theft,Auto Theft,year_to_date,count,count,2025,,,113,,113,,not_applicable,,,wilmington-compstat-v2,validated
weekly-2026-08-16-r1,weekly_compstat,2026-08-10,2026-08-16,1,7d23f10cc3e90aaa48cbc3bc24227cb4b6b80a37030aa250dc8b08f3ed7f5917,19,sector,sector_3,Sector 3,auto_theft,Auto Theft,year_to_date,percent_change,percent,2026,2025,1,-44.0,-0.44,-44%,-44.247788,matched,,,wilmington-compstat-v2,validated
weekly-2026-08-16-r1,weekly_compstat,2026-08-10,2026-08-16,1,7d23f10cc3e90aaa48cbc3bc24227cb4b6b80a37030aa250dc8b08f3ed7f5917,19,sector,sector_3,Sector 3,auto_theft,Auto Theft,year_to_date,percent_change,percent,2026,2024,2,-53.0,-0.53,-53%,,not_checkable,,,wilmington-compstat-v2,validated
weekly-2026-08-16-r1,weekly_compstat,2026-08-10,2026-08-16,1,7d23f10cc3e90aaa48cbc3bc24227cb4b6b80a37030aa250dc8b08f3ed7f5917,19,sector,sector_3,Sector 3,auto_theft,Auto Theft,year_to_date,percent_change,percent,2026,2023,3,-48.0,-0.48,-48%,,not_checkable,,,wilmington-compstat-v2,validated
weekly-2026-08-16-r1,weekly_compstat,2026-08-10,2026-08-16,1,7d23f10cc3e90aaa48cbc3bc24227cb4b6b80a37030aa250dc8b08f3ed7f5917,19,sector,sector_3,Sector 3,auto_theft,Auto Theft,year_to_date,percent_change,percent,2026,2022,4,-25.0,-0.25,-25%,,not_checkable,,,wilmington-compstat-v2,validated
weekly-2026-08-16-r1,weekly_compstat,2026-08-10,2026-08-16,1,7d23f10cc3e90aaa48cbc3bc24227cb4b6b80a37030aa250dc8b08f3ed7f5917,19,sector,sector_3,Sector 3,auto_theft,Auto Theft,year_to_date,percent_change,percent,2026,2021,5,-38.0,-0.38,-38%,,not_checkable,,,wilmington-compstat-v2,validated
weekly-2026-08-16-r1,weekly_compstat,2026-08-10,2026-08-16,1,7d23f10cc3e90aaa48cbc3bc24227cb4b6b80a37030aa250dc8b08f3ed7f5917,19,sector,sector_3,Sector 3,auto_theft,Auto Theft,year_to_date,percent_change,percent,2026,2020,6,-19.0,-0.19,-19%,,not_checkable,,,wilmington-compstat-v2,validated
weekly-2026-08-16-r1,weekly_compstat,2026-08-10,2026-08-16,1,7d23f10cc3e90aaa48cbc3bc24227cb4b6b80a37030aa250dc8b08f3ed7f5917,19,sector,sector_3,Sector 3,major_crime_total,TOTAL,last_7_days,count,count,2026,,,8,,8,,not_applicable,,,wilmington-compstat-v2,validated
weekly-2026-08-16-r1,weekly_compstat,2026-08-10,2026-08-16,1,7d23f10cc3e90aaa48cbc3bc24227cb4b6b80a37030aa250dc8b08f3ed7f5917,19,sector,sector_3,Sector 3,major_crime_total,TOTAL,last_7_days,count,count,2025,,,8,,8,,not_applicable,,,wilmington-compstat-v2,validated
weekly-2026-08-16-r1,weekly_compstat,2026-08-10,2026-08-16,1,7d23f10cc3e90aaa48cbc3bc24227cb4b6b80a37030aa250dc8b08f3ed7f5917,19,sector,sector_3,Sector 3,major_crime_total,TOTAL,last_7_days,percent_change,percent,2026,2025,1,0.0,0.0,0%,0.0,matched,,,wilmington-compstat-v2,validated
weekly-2026-08-16-r1,weekly_compstat,2026-08-10,2026-08-16,1,7d23f10cc3e90aaa48cbc3bc24227cb4b6b80a37030aa250dc8b08f3ed7f5917,19,sector,sector_3,Sector 3,major_crime_total,TOTAL,last_28_days,count,count,2026,,,42,,42,,not_applicable,,,wilmington-compstat-v2,validated
weekly-2026-08-16-r1,weekly_compstat,2026-08-10,2026-08-16,1,7d23f10cc3e90aaa48cbc3bc24227cb4b6b80a37030aa250dc8b08f3ed7f5917,19,sector,sector_3,Sector 3,major_crime_total,TOTAL,last_28_days,count,count,2025,,,58,,58,,not_applicable,,,wilmington-compstat-v2,validated
weekly-2026-08-16-r1,weekly_compstat,2026-08-10,2026-08-16,1,7d23f10cc3e90aaa48cbc3bc24227cb4b6b80a37030aa250dc8b08f3ed7f5917,19,sector,sector_3,Sector 3,major_crime_total,TOTAL,last_28_days,percent_change,percent,2026,2025,1,-28.0,-0.28,-28%,-27.586207,matched,,,wilmington-compstat-v2,validated
weekly-2026-08-16-r1,weekly_compstat,2026-08-10,2026-08-16,1,7d23f10cc3e90aaa48cbc3bc24227cb4b6b80a37030aa250dc8b08f3ed7f5917,19,sector,sector_3,Sector 3,major_crime_total,TOTAL,year_to_date,count,count,2026,,,334,,334,,not_applicable,,,wilmington-compstat-v2,validated
weekly-2026-08-16-r1,weekly_compstat,2026-08-10,2026-08-16,1,7d23f10cc3e90aaa48cbc3bc24227cb4b6b80a37030aa250dc8b08f3ed7f5917,19,sector,sector_3,Sector 3,major_crime_total,TOTAL,year_to_date,count,count,2025,,,385,,385,,not_applicable,,,wilmington-compstat-v2,validated
weekly-2026-08-16-r1,weekly_compstat,2026-08-10,2026-08-16,1,7d23f10cc3e90aaa48cbc3bc24227cb4b6b80a37030aa250dc8b08f3ed7f5917,19,sector,sector_3,Sector 3,major_crime_total,TOTAL,year_to_date,percent_change,percent,2026,2025,1,-13.0,-0.13,-13%,-13.246753,matched,,,wilmington-compstat-v2,validated
weekly-2026-08-16-r1,weekly_compstat,2026-08-10,2026-08-16,1,7d23f10cc3e90aaa48cbc3bc24227cb4b6b80a37030aa250dc8b08f3ed7f5917,19,sector,sector_3,Sector 3,major_crime_total,TOTAL,year_to_date,percent_change,percent,2026,2024,2,-13.0,-0.13,-13%,,not_checkable,,,wilmington-compstat-v2,validated
weekly-2026-08-16-r1,weekly_compstat,2026-08-10,2026-08-16,1,7d23f10cc3e90aaa48cbc3bc24227cb4b6b80a37030aa250dc8b08f3ed7f5917,19,sector,sector_3,Sector 3,major_crime_total,TOTAL,year_to_date,percent_change,percent,2026,2023,3,-20.0,-0.2,-20%,,not_checkable,,,wilmington-compstat-v2,validated
weekly-2026-08-16-r1,weekly_compstat,2026-08-10,2026-08-16,1,7d23f10cc3e90aaa48cbc3bc24227cb4b6b80a37030aa250dc8b08f3ed7f5917,19,sector,sector_3,Sector 3,major_crime_total,TOTAL,year_to_date,percent_change,percent,2026,2022,4,-14.0,-0.14,-14%,,not_checkable,,,wilmington-compstat-v2,validated
weekly-2026-08-16-r1,weekly_compstat,2026-08-10,2026-08-16,1,7d23f10cc3e90aaa48cbc3bc24227cb4b6b80a37030aa250dc8b08f3ed7f5917,19,sector,sector_3,Sector 3,major_crime_total,TOTAL,year_to_date,percent_change,percent,2026,2021,5,-25.0,-0.25,-25%,,not_checkable,,,wilmington-compstat-v2,validated
weekly-2026-08-16-r1,weekly_compstat,2026-08-10,2026-08-16,1,7d23f10cc3e90aaa48cbc3bc24227cb4b6b80a37030aa250dc8b08f3ed7f5917,19,sector,sector_3,Sector 3,major_crime_total,TOTAL,year_to_date,percent_change,percent,2026,2020,6,-13.0,-0.13,-13%,,not_checkable,,,wilmington-compstat-v2,validated
weekly-2026-08-16-r1,weekly_compstat,2026-08-10,2026-08-16,1,7d23f10cc3e90aaa48cbc3bc24227cb4b6b80a37030aa250dc8b08f3ed7f5917,19,sector,sector_3,Sector 3,shooting_incidents,Shooting Incidents,last_7_days,count,count,2026,,,0,,0,,not_applicable,,,wilmington-compstat-v2,validated
weekly-2026-08-16-r1,weekly_compstat,2026-08-10,2026-08-16,1,7d23f10cc3e90aaa48cbc3bc24227cb4b6b80a37030aa250dc8b08f3ed7f5917,19,sector,sector_3,Sector 3,shooting_incidents,Shooting Incidents,last_7_days,count,count,2025,,,0,,0,,not_applicable,,,wilmington-compstat-v2,validated
weekly-2026-08-16-r1,weekly_compstat,2026-08-10,2026-08-16,1,7d23f10cc3e90aaa48cbc3bc24227cb4b6b80a37030aa250dc8b08f3ed7f5917,19,sector,sector_3,Sector 3,shooting_incidents,Shooting Incidents,last_7_days,percent_change,percent,2026,2025,1,,,*,,undefined_zero_denominator,,undefined_zero_denominator,wilmington-compstat-v2,validated
weekly-2026-08-16-r1,weekly_compstat,2026-08-10,2026-08-16,1,7d23f10cc3e90aaa48cbc3bc24227cb4b6b80a37030aa250dc8b08f3ed7f5917,19,sector,sector_3,Sector 3,shooting_incidents,Shooting Incidents,last_28_days,count,count,2026,,,1,,1,,not_applicable,,,wilmington-compstat-v2,validated
weekly-2026-08-16-r1,weekly_compstat,2026-08-10,2026-08-16,1,7d23f10cc3e90aaa48cbc3bc24227cb4b6b80a37030aa250dc8b08f3ed7f5917,19,sector,sector_3,Sector 3,shooting_incidents,Shooting Incidents,last_28_days,count,count,2025,,,3,,3,,not_applicable,,,wilmington-compstat-v2,validated
weekly-2026-08-16-r1,weekly_compstat,2026-08-10,2026-08-16,1,7d23f10cc3e90aaa48cbc3bc24227cb4b6b80a37030aa250dc8b08f3ed7f5917,19,sector,sector_3,Sector 3,shooting_incidents,Shooting Incidents,last_28_days,percent_change,percent,2026,2025,1,-67.0,-0.67,-67%,-66.666667,matched,,,wilmington-compstat-v2,validated
weekly-2026-08-16-r1,weekly_compstat,2026-08-10,2026-08-16,1,7d23f10cc3e90aaa48cbc3bc24227cb4b6b80a37030aa250dc8b08f3ed7f5917,19,sector,sector_3,Sector 3,shooting_incidents,Shooting Incidents,year_to_date,count,count,2026,,,13,,13,,not_applicable,,,wilmington-compstat-v2,validated
weekly-2026-08-16-r1,weekly_compstat,2026-08-10,2026-08-16,1,7d23f10cc3e90aaa48cbc3bc24227cb4b6b80a37030aa250dc8b08f3ed7f5917,19,sector,sector_3,Sector 3,shooting_incidents,Shooting Incidents,year_to_date,count,count,2025,,,12,,12,,not_applicable,,,wilmington-compstat-v2,validated
weekly-2026-08-16-r1,weekly_compstat,2026-08-10,2026-08-16,1,7d23f10cc3e90aaa48cbc3bc24227cb4b6b80a37030aa250dc8b08f3ed7f5917,19,sector,sector_3,Sector 3,shooting_incidents,Shooting Incidents,year_to_date,percent_change,percent,2026,2025,1,8.0,0.08,8%,8.333333,matched,,,wilmington-compstat-v2,validated
weekly-2026-08-16-r1,weekly_compstat,2026-08-10,2026-08-16,1,7d23f10cc3e90aaa48cbc3bc24227cb4b6b80a37030aa250dc8b08f3ed7f5917,19,sector,sector_3,Sector 3,shooting_incidents,Shooting Incidents,year_to_date,percent_change,percent,2026,2024,2,8.0,0.08,8%,,not_checkable,,,wilmington-compstat-v2,validated
weekly-2026-08-16-r1,weekly_compstat,2026-08-10,2026-08-16,1,7d23f10cc3e90aaa48cbc3bc24227cb4b6b80a37030aa250dc8b08f3ed7f5917,19,sector,sector_3,Sector 3,shooting_incidents,Shooting Incidents,year_to_date,percent_change,percent,2026,2023,3,-35.0,-0.35,-35%,,not_checkable,,,wilmington-compstat-v2,validated
weekly-2026-08-16-r1,weekly_compstat,2026-08-10,2026-08-16,1,7d23f10cc3e90aaa48cbc3bc24227cb4b6b80a37030aa250dc8b08f3ed7f5917,19,sector,sector_3,Sector 3,shooting_incidents,Shooting Incidents,year_to_date,percent_change,percent,2026,2022,4,-13.0,-0.13,-13%,,not_checkable,,,wilmington-compstat-v2,validated
weekly-2026-08-16-r1,weekly_compstat,2026-08-10,2026-08-16,1,7d23f10cc3e90aaa48cbc3bc24227cb4b6b80a37030aa250dc8b08f3ed7f5917,19,sector,sector_3,Sector 3,shooting_incidents,Shooting Incidents,year_to_date,percent_change,percent,2026,2021,5,-7.0,-0.07,-7%,,not_checkable,,,wilmington-compstat-v2,validated
weekly-2026-08-16-r1,weekly_compstat,2026-08-10,2026-08-16,1,7d23f10cc3e90aaa48cbc3bc24227cb4b6b80a37030aa250dc8b08f3ed7f5917,19,sector,sector_3,Sector 3,shooting_incidents,Shooting Incidents,year_to_date,percent_change,percent,2026,2020,6,-24.0,-0.24,-24%,,not_checkable,,,wilmington-compstat-v2,validated
weekly-2026-08-16-r1,weekly_compstat,2026-08-10,2026-08-16,1,7d23f10cc3e90aaa48cbc3bc24227cb4b6b80a37030aa250dc8b08f3ed7f5917,19,sector,sector_3,Sector 3,shooting_victims,Shooting Victims,last_7_days,count,count,2026,,,0,,0,,not_applicable,,,wilmington-compstat-v2,validated
weekly-2026-08-16-r1,weekly_compstat,2026-08-10,2026-08-16,1,7d23f10cc3e90aaa48cbc3bc24227cb4b6b80a37030aa250dc8b08f3ed7f5917,19,sector,sector_3,Sector 3,shooting_victims,Shooting Victims,last_7_days,count,count,2025,,,0,,0,,not_applicable,,,wilmington-compstat-v2,validated
weekly-2026-08-16-r1,weekly_compstat,2026-08-10,2026-08-16,1,7d23f10cc3e90aaa48cbc3bc24227cb4b6b80a37030aa250dc8b08f3ed7f5917,19,sector,sector_3,Sector 3,shooting_victims,Shooting Victims,last_7_days,percent_change,percent,2026,2025,1,,,*,,undefined_zero_denominator,,undefined_zero_denominator,wilmington-compstat-v2,validated
weekly-2026-08-16-r1,weekly_compstat,2026-08-10,2026-08-16,1,7d23f10cc3e90aaa48cbc3bc24227cb4b6b80a37030aa250dc8b08f3ed7f5917,19,sector,sector_3,Sector 3,shooting_victims,Shooting Victims,last_28_days,count,count,2026,,,1,,1,,not_applicable,,,wilmington-compstat-v2,validated
weekly-2026-08-16-r1,weekly_compstat,2026-08-10,2026-08-16,1,7d23f10cc3e90aaa48cbc3bc24227cb4b6b80a37030aa250dc8b08f3ed7f5917,19,sector,sector_3,Sector 3,shooting_victims,Shooting Victims,last_28_days,count,count,2025,,,3,,3,,not_applicable,,,wilmington-compstat-v2,validated
weekly-2026-08-16-r1,weekly_compstat,2026-08-10,2026-08-16,1,7d23f10cc3e90aaa48cbc3bc24227cb4b6b80a37030aa250dc8b08f3ed7f5917,19,sector,sector_3,Sector 3,shooting_victims,Shooting Victims,last_28_days,percent_change,percent,2026,2025,1,-67.0,-0.67,-67%,-66.666667,matched,,,wilmington-compstat-v2,validated
weekly-2026-08-16-r1,weekly_compstat,2026-08-10,2026-08-16,1,7d23f10cc3e90aaa48cbc3bc24227cb4b6b80a37030aa250dc8b08f3ed7f5917,19,sector,sector_3,Sector 3,shooting_victims,Shooting Victims,year_to_date,count,count,2026,,,17,,17,,not_applicable,,,wilmington-compstat-v2,validated
weekly-2026-08-16-r1,weekly_compstat,2026-08-10,2026-08-16,1,7d23f10cc3e90aaa48cbc3bc24227cb4b6b80a37030aa250dc8b08f3ed7f5917,19,sector,sector_3,Sector 3,shooting_victims,Shooting Victims,year_to_date,count,count,2025,,,16,,16,,not_applicable,,,wilmington-compstat-v2,validated
weekly-2026-08-16-r1,weekly_compstat,2026-08-10,2026-08-16,1,7d23f10cc3e90aaa48cbc3bc24227cb4b6b80a37030aa250dc8b08f3ed7f5917,19,sector,sector_3,Sector 3,shooting_victims,Shooting Victims,year_to_date,percent_change,percent,2026,2025,1,6.0,0.06,6%,6.25,matched,,,wilmington-compstat-v2,validated
weekly-2026-08-16-r1,weekly_compstat,2026-08-10,2026-08-16,1,7d23f10cc3e90aaa48cbc3bc24227cb4b6b80a37030aa250dc8b08f3ed7f5917,19,sector,sector_3,Sector 3,shooting_victims,Shooting Victims,year_to_date,percent_change,percent,2026,2024,2,21.0,0.21,21%,,not_checkable,,,wilmington-compstat-v2,validated
weekly-2026-08-16-r1,weekly_compstat,2026-08-10,2026-08-16,1,7d23f10cc3e90aaa48cbc3bc24227cb4b6b80a37030aa250dc8b08f3ed7f5917,19,sector,sector_3,Sector 3,shooting_victims,Shooting Victims,year_to_date,percent_change,percent,2026,2023,3,-29.0,-0.29,-29%,,not_checkable,,,wilmington-compstat-v2,validated
weekly-2026-08-16-r1,weekly_compstat,2026-08-10,2026-08-16,1,7d23f10cc3e90aaa48cbc3bc24227cb4b6b80a37030aa250dc8b08f3ed7f5917,19,sector,sector_3,Sector 3,shooting_victims,Shooting Victims,year_to_date,percent_change,percent,2026,2022,4,-6.0,-0.06,-6%,,not_checkable,,,wilmington-compstat-v2,validated
weekly-2026-08-16-r1,weekly_compstat,2026-08-10,2026-08-16,1,7d23f10cc3e90aaa48cbc3bc24227cb4b6b80a37030aa250dc8b08f3ed7f5917,19,sector,sector_3,Sector 3,shooting_victims,Shooting Victims,year_to_date,percent_change,percent,2026,2021,5,6.0,0.06,6%,,not_checkable,,,wilmington-compstat-v2,validated
weekly-2026-08-16-r1,weekly_compstat,2026-08-10,2026-08-16,1,7d23f10cc3e90aaa48cbc3bc24227cb4b6b80a37030aa250dc8b08f3ed7f5917,19,sector,sector_3,Sector 3,shooting_victims,Shooting Victims,year_to_date,percent_change,percent,2026,2020,6,-29.0,-0.29,-29%,,not_checkable,,,wilmington-compstat-v2,validated
weekly-2026-08-16-r1,weekly_compstat,2026-08-10,2026-08-16,1,7d23f10cc3e90aaa48cbc3bc24227cb4b6b80a37030aa250dc8b08f3ed7f5917,19,sector,sector_3,Sector 3,juvenile_shooting_incidents,*Juv Shooting Incidents,last_7_days,count,count,2026,,,0,,0,,not_applicable,,,wilmington-compstat-v2,validated
weekly-2026-08-16-r1,weekly_compstat,2026-08-10,2026-08-16,1,7d23f10cc3e90aaa48cbc3bc24227cb4b6b80a37030aa250dc8b08f3ed7f5917,19,sector,sector_3,Sector 3,juvenile_shooting_incidents,*Juv Shooting Incidents,last_7_days,count,count,2025,,,0,,0,,not_applicable,,,wilmington-compstat-v2,validated
weekly-2026-08-16-r1,weekly_compstat,2026-08-10,2026-08-16,1,7d23f10cc3e90aaa48cbc3bc24227cb4b6b80a37030aa250dc8b08f3ed7f5917,19,sector,sector_3,Sector 3,juvenile_shooting_incidents,*Juv Shooting Incidents,last_7_days,percent_change,percent,2026,2025,1,,,*,,undefined_zero_denominator,,undefined_zero_denominator,wilmington-compstat-v2,validated
weekly-2026-08-16-r1,weekly_compstat,2026-08-10,2026-08-16,1,7d23f10cc3e90aaa48cbc3bc24227cb4b6b80a37030aa250dc8b08f3ed7f5917,19,sector,sector_3,Sector 3,juvenile_shooting_incidents,*Juv Shooting Incidents,last_28_days,count,count,2026,,,0,,0,,not_applicable,,,wilmington-compstat-v2,validated
weekly-2026-08-16-r1,weekly_compstat,2026-08-10,2026-08-16,1,7d23f10cc3e90aaa48cbc3bc24227cb4b6b80a37030aa250dc8b08f3ed7f5917,19,sector,sector_3,Sector 3,juvenile_shooting_incidents,*Juv Shooting Incidents,last_28_days,count,count,2025,,,1,,1,,not_applicable,,,wilmington-compstat-v2,validated
weekly-2026-08-16-r1,weekly_compstat,2026-08-10,2026-08-16,1,7d23f10cc3e90aaa48cbc3bc24227cb4b6b80a37030aa250dc8b08f3ed7f5917,19,sector,sector_3,Sector 3,juvenile_shooting_incidents,*Juv Shooting Incidents,last_28_days,percent_change,percent,2026,2025,1,-100.0,-1.0,-100%,-100.0,matched,,,wilmington-compstat-v2,validated
weekly-2026-08-16-r1,weekly_compstat,2026-08-10,2026-08-16,1,7d23f10cc3e90aaa48cbc3bc24227cb4b6b80a37030aa250dc8b08f3ed7f5917,19,sector,sector_3,Sector 3,juvenile_shooting_incidents,*Juv Shooting Incidents,year_to_date,count,count,2026,,,4,,4,,not_applicable,,,wilmington-compstat-v2,validated
weekly-2026-08-16-r1,weekly_compstat,2026-08-10,2026-08-16,1,7d23f10cc3e90aaa48cbc3bc24227cb4b6b80a37030aa250dc8b08f3ed7f5917,19,sector,sector_3,Sector 3,juvenile_shooting_incidents,*Juv Shooting Incidents,year_to_date,count,count,2025,,,4,,4,,not_applicable,,,wilmington-compstat-v2,validated
weekly-2026-08-16-r1,weekly_compstat,2026-08-10,2026-08-16,1,7d23f10cc3e90aaa48cbc3bc24227cb4b6b80a37030aa250dc8b08f3ed7f5917,19,sector,sector_3,Sector 3,juvenile_shooting_incidents,*Juv Shooting Incidents,year_to_date,percent_change,percent,2026,2025,1,0.0,0.0,0%,0.0,matched,,,wilmington-compstat-v2,validated
weekly-2026-08-16-r1,weekly_compstat,2026-08-10,2026-08-16,1,7d23f10cc3e90aaa48cbc3bc24227cb4b6b80a37030aa250dc8b08f3ed7f5917,19,sector,sector_3,Sector 3,juvenile_shooting_incidents,*Juv Shooting Incidents,year_to_date,percent_change,percent,2026,2024,2,33.0,0.33,33%,,not_checkable,,,wilmington-compstat-v2,validated
weekly-2026-08-16-r1,weekly_compstat,2026-08-10,2026-08-16,1,7d23f10cc3e90aaa48cbc3bc24227cb4b6b80a37030aa250dc8b08f3ed7f5917,19,sector,sector_3,Sector 3,juvenile_shooting_incidents,*Juv Shooting Incidents,year_to_date,percent_change,percent,2026,2023,3,33.0,0.33,33%,,not_checkable,,,wilmington-compstat-v2,validated
weekly-2026-08-16-r1,weekly_compstat,2026-08-10,2026-08-16,1,7d23f10cc3e90aaa48cbc3bc24227cb4b6b80a37030aa250dc8b08f3ed7f5917,19,sector,sector_3,Sector 3,juvenile_shooting_incidents,*Juv Shooting Incidents,year_to_date,percent_change,percent,2026,2022,4,-20.0,-0.2,-20%,,not_checkable,,,wilmington-compstat-v2,validated
weekly-2026-08-16-r1,weekly_compstat,2026-08-10,2026-08-16,1,7d23f10cc3e90aaa48cbc3bc24227cb4b6b80a37030aa250dc8b08f3ed7f5917,19,sector,sector_3,Sector 3,juvenile_shooting_incidents,*Juv Shooting Incidents,year_to_date,percent_change,percent,2026,2021,5,300.0,3.0,300%,,not_checkable,,,wilmington-compstat-v2,validated
weekly-2026-08-16-r1,weekly_compstat,2026-08-10,2026-08-16,1,7d23f10cc3e90aaa48cbc3bc24227cb4b6b80a37030aa250dc8b08f3ed7f5917,19,sector,sector_3,Sector 3,juvenile_shooting_incidents,*Juv Shooting Incidents,year_to_date,percent_change,percent,2026,2020,6,-43.0,-0.43,-43%,,not_checkable,,,wilmington-compstat-v2,validated
weekly-2026-08-16-r1,weekly_compstat,2026-08-10,2026-08-16,1,7d23f10cc3e90aaa48cbc3bc24227cb4b6b80a37030aa250dc8b08f3ed7f5917,19,sector,sector_3,Sector 3,juvenile_shooting_victims,*Juv Shooting Victims,last_7_days,count,count,2026,,,0,,0,,not_applicable,,,wilmington-compstat-v2,validated
weekly-2026-08-16-r1,weekly_compstat,2026-08-10,2026-08-16,1,7d23f10cc3e90aaa48cbc3bc24227cb4b6b80a37030aa250dc8b08f3ed7f5917,19,sector,sector_3,Sector 3,juvenile_shooting_victims,*Juv Shooting Victims,last_7_days,count,count,2025,,,0,,0,,not_applicable,,,wilmington-compstat-v2,validated
weekly-2026-08-16-r1,weekly_compstat,2026-08-10,2026-08-16,1,7d23f10cc3e90aaa48cbc3bc24227cb4b6b80a37030aa250dc8b08f3ed7f5917,19,sector,sector_3,Sector 3,juvenile_shooting_victims,*Juv Shooting Victims,last_7_days,percent_change,percent,2026,2025,1,,,*,,undefined_zero_denominator,,undefined_zero_denominator,wilmington-compstat-v2,validated
weekly-2026-08-16-r1,weekly_compstat,2026-08-10,2026-08-16,1,7d23f10cc3e90aaa48cbc3bc24227cb4b6b80a37030aa250dc8b08f3ed7f5917,19,sector,sector_3,Sector 3,juvenile_shooting_victims,*Juv Shooting Victims,last_28_days,count,count,2026,,,0,,0,,not_applicable,,,wilmington-compstat-v2,validated
weekly-2026-08-16-r1,weekly_compstat,2026-08-10,2026-08-16,1,7d23f10cc3e90aaa48cbc3bc24227cb4b6b80a37030aa250dc8b08f3ed7f5917,19,sector,sector_3,Sector 3,juvenile_shooting_victims,*Juv Shooting Victims,last_28_days,count,count,2025,,,1,,1,,not_applicable,,,wilmington-compstat-v2,validated
weekly-2026-08-16-r1,weekly_compstat,2026-08-10,2026-08-16,1,7d23f10cc3e90aaa48cbc3bc24227cb4b6b80a37030aa250dc8b08f3ed7f5917,19,sector,sector_3,Sector 3,juvenile_shooting_victims,*Juv Shooting Victims,last_28_days,percent_change,percent,2026,2025,1,-100.0,-1.0,-100%,-100.0,matched,,,wilmington-compstat-v2,validated
weekly-2026-08-16-r1,weekly_compstat,2026-08-10,2026-08-16,1,7d23f10cc3e90aaa48cbc3bc24227cb4b6b80a37030aa250dc8b08f3ed7f5917,19,sector,sector_3,Sector 3,juvenile_shooting_victims,*Juv Shooting Victims,year_to_date,count,count,2026,,,4,,4,,not_applicable,,,wilmington-compstat-v2,validated
weekly-2026-08-16-r1,weekly_compstat,2026-08-10,2026-08-16,1,7d23f10cc3e90aaa48cbc3bc24227cb4b6b80a37030aa250dc8b08f3ed7f5917,19,sector,sector_3,Sector 3,juvenile_shooting_victims,*Juv Shooting Victims,year_to_date,count,count,2025,,,4,,4,,not_applicable,,,wilmington-compstat-v2,validated
weekly-2026-08-16-r1,weekly_compstat,2026-08-10,2026-08-16,1,7d23f10cc3e90aaa48cbc3bc24227cb4b6b80a37030aa250dc8b08f3ed7f5917,19,sector,sector_3,Sector 3,juvenile_shooting_victims,*Juv Shooting Victims,year_to_date,percent_change,percent,2026,2025,1,0.0,0.0,0%,0.0,matched,,,wilmington-compstat-v2,validated
weekly-2026-08-16-r1,weekly_compstat,2026-08-10,2026-08-16,1,7d23f10cc3e90aaa48cbc3bc24227cb4b6b80a37030aa250dc8b08f3ed7f5917,19,sector,sector_3,Sector 3,juvenile_shooting_victims,*Juv Shooting Victims,year_to_date,percent_change,percent,2026,2024,2,33.0,0.33,33%,,not_checkable,,,wilmington-compstat-v2,validated
weekly-2026-08-16-r1,weekly_compstat,2026-08-10,2026-08-16,1,7d23f10cc3e90aaa48cbc3bc24227cb4b6b80a37030aa250dc8b08f3ed7f5917,19,sector,sector_3,Sector 3,juvenile_shooting_victims,*Juv Shooting Victims,year_to_date,percent_change,percent,2026,2023,3,33.0,0.33,33%,,not_checkable,,,wilmington-compstat-v2,validated
weekly-2026-08-16-r1,weekly_compstat,2026-08-10,2026-08-16,1,7d23f10cc3e90aaa48cbc3bc24227cb4b6b80a37030aa250dc8b08f3ed7f5917,19,sector,sector_3,Sector 3,juvenile_shooting_victims,*Juv Shooting Victims,year_to_date,percent_change,percent,2026,2022,4,-43.0,-0.43,-43%,,not_checkable,,,wilmington-compstat-v2,validated
weekly-2026-08-16-r1,weekly_compstat,2026-08-10,2026-08-16,1,7d23f10cc3e90aaa48cbc3bc24227cb4b6b80a37030aa250dc8b08f3ed7f5917,19,sector,sector_3,Sector 3,juvenile_shooting_victims,*Juv Shooting Victims,year_to_date,percent_change,percent,2026,2021,5,300.0,3.0,300%,,not_checkable,,,wilmington-compstat-v2,validated
weekly-2026-08-16-r1,weekly_compstat,2026-08-10,2026-08-16,1,7d23f10cc3e90aaa48cbc3bc24227cb4b6b80a37030aa250dc8b08f3ed7f5917,19,sector,sector_3,Sector 3,juvenile_shooting_victims,*Juv Shooting Victims,year_to_date,percent_change,percent,2026,2020,6,-43.0,-0.43,-43%,,not_checkable,,,wilmington-compstat-v2,validated
weekly-2026-08-16-r1,weekly_compstat,2026-08-10,2026-08-16,1,7d23f10cc3e90aaa48cbc3bc24227cb4b6b80a37030aa250dc8b08f3ed7f5917,19,sector,sector_3,Sector 3,misdemeanor_theft,Theft (Misdemeanor),last_7_days,count,count,2026,,,6,,6,,not_applicable,,,wilmington-compstat-v2,validated
weekly-2026-08-16-r1,weekly_compstat,2026-08-10,2026-08-16,1,7d23f10cc3e90aaa48cbc3bc24227cb4b6b80a37030aa250dc8b08f3ed7f5917,19,sector,sector_3,Sector 3,misdemeanor_theft,Theft (Misdemeanor),last_7_days,count,count,2025,,,12,,12,,not_applicable,,,wilmington-compstat-v2,validated
weekly-2026-08-16-r1,weekly_compstat,2026-08-10,2026-08-16,1,7d23f10cc3e90aaa48cbc3bc24227cb4b6b80a37030aa250dc8b08f3ed7f5917,19,sector,sector_3,Sector 3,misdemeanor_theft,Theft (Misdemeanor),last_7_days,percent_change,percent,2026,2025,1,-50.0,-0.5,-50%,-50.0,matched,,,wilmington-compstat-v2,validated
weekly-2026-08-16-r1,weekly_compstat,2026-08-10,2026-08-16,1,7d23f10cc3e90aaa48cbc3bc24227cb4b6b80a37030aa250dc8b08f3ed7f5917,19,sector,sector_3,Sector 3,misdemeanor_theft,Theft (Misdemeanor),last_28_days,count,count,2026,,,29,,29,,not_applicable,,,wilmington-compstat-v2,validated
weekly-2026-08-16-r1,weekly_compstat,2026-08-10,2026-08-16,1,7d23f10cc3e90aaa48cbc3bc24227cb4b6b80a37030aa250dc8b08f3ed7f5917,19,sector,sector_3,Sector 3,misdemeanor_theft,Theft (Misdemeanor),last_28_days,count,count,2025,,,35,,35,,not_applicable,,,wilmington-compstat-v2,validated
weekly-2026-08-16-r1,weekly_compstat,2026-08-10,2026-08-16,1,7d23f10cc3e90aaa48cbc3bc24227cb4b6b80a37030aa250dc8b08f3ed7f5917,19,sector,sector_3,Sector 3,misdemeanor_theft,Theft (Misdemeanor),last_28_days,percent_change,percent,2026,2025,1,-17.0,-0.17,-17%,-17.142857,matched,,,wilmington-compstat-v2,validated
weekly-2026-08-16-r1,weekly_compstat,2026-08-10,2026-08-16,1,7d23f10cc3e90aaa48cbc3bc24227cb4b6b80a37030aa250dc8b08f3ed7f5917,19,sector,sector_3,Sector 3,misdemeanor_theft,Theft (Misdemeanor),year_to_date,count,count,2026,,,200,,200,,not_applicable,,,wilmington-compstat-v2,validated
weekly-2026-08-16-r1,weekly_compstat,2026-08-10,2026-08-16,1,7d23f10cc3e90aaa48cbc3bc24227cb4b6b80a37030aa250dc8b08f3ed7f5917,19,sector,sector_3,Sector 3,misdemeanor_theft,Theft (Misdemeanor),year_to_date,count,count,2025,,,229,,229,,not_applicable,,,wilmington-compstat-v2,validated
weekly-2026-08-16-r1,weekly_compstat,2026-08-10,2026-08-16,1,7d23f10cc3e90aaa48cbc3bc24227cb4b6b80a37030aa250dc8b08f3ed7f5917,19,sector,sector_3,Sector 3,misdemeanor_theft,Theft (Misdemeanor),year_to_date,percent_change,percent,2026,2025,1,-13.0,-0.13,-13%,-12.663755,matched,,,wilmington-compstat-v2,validated
weekly-2026-08-16-r1,weekly_compstat,2026-08-10,2026-08-16,1,7d23f10cc3e90aaa48cbc3bc24227cb4b6b80a37030aa250dc8b08f3ed7f5917,19,sector,sector_3,Sector 3,misdemeanor_theft,Theft (Misdemeanor),year_to_date,percent_change,percent,2026,2024,2,-24.0,-0.24,-24%,,not_checkable,,,wilmington-compstat-v2,validated
weekly-2026-08-16-r1,weekly_compstat,2026-08-10,2026-08-16,1,7d23f10cc3e90aaa48cbc3bc24227cb4b6b80a37030aa250dc8b08f3ed7f5917,19,sector,sector_3,Sector 3,misdemeanor_theft,Theft (Misdemeanor),year_to_date,percent_change,percent,2026,2023,3,-38.0,-0.38,-38%,,not_checkable,,,wilmington-compstat-v2,validated
weekly-2026-08-16-r1,weekly_compstat,2026-08-10,2026-08-16,1,7d23f10cc3e90aaa48cbc3bc24227cb4b6b80a37030aa250dc8b08f3ed7f5917,19,sector,sector_3,Sector 3,misdemeanor_theft,Theft (Misdemeanor),year_to_date,percent_change,percent,2026,2022,4,-32.0,-0.32,-32%,,not_checkable,,,wilmington-compstat-v2,validated
weekly-2026-08-16-r1,weekly_compstat,2026-08-10,2026-08-16,1,7d23f10cc3e90aaa48cbc3bc24227cb4b6b80a37030aa250dc8b08f3ed7f5917,19,sector,sector_3,Sector 3,misdemeanor_theft,Theft (Misdemeanor),year_to_date,percent_change,percent,2026,2021,5,-43.0,-0.43,-43%,,not_checkable,,,wilmington-compstat-v2,validated
weekly-2026-08-16-r1,weekly_compstat,2026-08-10,2026-08-16,1,7d23f10cc3e90aaa48cbc3bc24227cb4b6b80a37030aa250dc8b08f3ed7f5917,19,sector,sector_3,Sector 3,misdemeanor_theft,Theft (Misdemeanor),year_to_date,percent_change,percent,2026,2020,6,-43.0,-0.43,-43%,,not_checkable,,,wilmington-compstat-v2,validated
weekly-2026-08-16-r1,weekly_compstat,2026-08-10,2026-08-16,1,7d23f10cc3e90aaa48cbc3bc24227cb4b6b80a37030aa250dc8b08f3ed7f5917,21,district,district_17,District 17,murder,Murder,last_7_days,count,count,2026,,,0,,0,,not_applicable,,,wilmington-compstat-v2,validated
weekly-2026-08-16-r1,weekly_compstat,2026-08-10,2026-08-16,1,7d23f10cc3e90aaa48cbc3bc24227cb4b6b80a37030aa250dc8b08f3ed7f5917,21,district,district_17,District 17,murder,Murder,last_7_days,count,count,2025,,,0,,0,,not_applicable,,,wilmington-compstat-v2,validated
weekly-2026-08-16-r1,weekly_compstat,2026-08-10,2026-08-16,1,7d23f10cc3e90aaa48cbc3bc24227cb4b6b80a37030aa250dc8b08f3ed7f5917,21,district,district_17,District 17,murder,Murder,last_7_days,percent_change,percent,2026,2025,1,,,*,,undefined_zero_denominator,,undefined_zero_denominator,wilmington-compstat-v2,validated
weekly-2026-08-16-r1,weekly_compstat,2026-08-10,2026-08-16,1,7d23f10cc3e90aaa48cbc3bc24227cb4b6b80a37030aa250dc8b08f3ed7f5917,21,district,district_17,District 17,murder,Murder,last_28_days,count,count,2026,,,0,,0,,not_applicable,,,wilmington-compstat-v2,validated
weekly-2026-08-16-r1,weekly_compstat,2026-08-10,2026-08-16,1,7d23f10cc3e90aaa48cbc3bc24227cb4b6b80a37030aa250dc8b08f3ed7f5917,21,district,district_17,District 17,murder,Murder,last_28_days,count,count,2025,,,0,,0,,not_applicable,,,wilmington-compstat-v2,validated
weekly-2026-08-16-r1,weekly_compstat,2026-08-10,2026-08-16,1,7d23f10cc3e90aaa48cbc3bc24227cb4b6b80a37030aa250dc8b08f3ed7f5917,21,district,district_17,District 17,murder,Murder,last_28_days,percent_change,percent,2026,2025,1,,,*,,undefined_zero_denominator,,undefined_zero_denominator,wilmington-compstat-v2,validated
weekly-2026-08-16-r1,weekly_compstat,2026-08-10,2026-08-16,1,7d23f10cc3e90aaa48cbc3bc24227cb4b6b80a37030aa250dc8b08f3ed7f5917,21,district,district_17,District 17,murder,Murder,year_to_date,count,count,2026,,,1,,1,,not_applicable,,,wilmington-compstat-v2,validated
weekly-2026-08-16-r1,weekly_compstat,2026-08-10,2026-08-16,1,7d23f10cc3e90aaa48cbc3bc24227cb4b6b80a37030aa250dc8b08f3ed7f5917,21,district,district_17,District 17,murder,Murder,year_to_date,count,count,2025,,,0,,0,,not_applicable,,,wilmington-compstat-v2,validated
weekly-2026-08-16-r1,weekly_compstat,2026-08-10,2026-08-16,1,7d23f10cc3e90aaa48cbc3bc24227cb4b6b80a37030aa250dc8b08f3ed7f5917,21,district,district_17,District 17,murder,Murder,year_to_date,percent_change,percent,2026,2025,1,,,*,,undefined_zero_denominator,,undefined_zero_denominator,wilmington-compstat-v2,validated
weekly-2026-08-16-r1,weekly_compstat,2026-08-10,2026-08-16,1,7d23f10cc3e90aaa48cbc3bc24227cb4b6b80a37030aa250dc8b08f3ed7f5917,21,district,district_17,District 17,murder,Murder,year_to_date,percent_change,percent,2026,2024,2,-50.0,-0.5,-50%,,not_checkable,,,wilmington-compstat-v2,validated
weekly-2026-08-16-r1,weekly_compstat,2026-08-10,2026-08-16,1,7d23f10cc3e90aaa48cbc3bc24227cb4b6b80a37030aa250dc8b08f3ed7f5917,21,district,district_17,District 17,murder,Murder,year_to_date,percent_change,percent,2026,2023,3,-67.0,-0.67,-67%,,not_checkable,,,wilmington-compstat-v2,validated
weekly-2026-08-16-r1,weekly_compstat,2026-08-10,2026-08-16,1,7d23f10cc3e90aaa48cbc3bc24227cb4b6b80a37030aa250dc8b08f3ed7f5917,21,district,district_17,District 17,murder,Murder,year_to_date,percent_change,percent,2026,2022,4,-67.0,-0.67,-67%,,not_checkable,,,wilmington-compstat-v2,validated
weekly-2026-08-16-r1,weekly_compstat,2026-08-10,2026-08-16,1,7d23f10cc3e90aaa48cbc3bc24227cb4b6b80a37030aa250dc8b08f3ed7f5917,21,district,district_17,District 17,murder,Murder,year_to_date,percent_change,percent,2026,2021,5,-67.0,-0.67,-67%,,not_checkable,,,wilmington-compstat-v2,validated
weekly-2026-08-16-r1,weekly_compstat,2026-08-10,2026-08-16,1,7d23f10cc3e90aaa48cbc3bc24227cb4b6b80a37030aa250dc8b08f3ed7f5917,21,district,district_17,District 17,murder,Murder,year_to_date,percent_change,percent,2026,2020,6,-67.0,-0.67,-67%,,not_checkable,,,wilmington-compstat-v2,validated
weekly-2026-08-16-r1,weekly_compstat,2026-08-10,2026-08-16,1,7d23f10cc3e90aaa48cbc3bc24227cb4b6b80a37030aa250dc8b08f3ed7f5917,21,district,district_17,District 17,rape,Rape,last_7_days,count,count,2026,,,0,,0,,not_applicable,,,wilmington-compstat-v2,validated
weekly-2026-08-16-r1,weekly_compstat,2026-08-10,2026-08-16,1,7d23f10cc3e90aaa48cbc3bc24227cb4b6b80a37030aa250dc8b08f3ed7f5917,21,district,district_17,District 17,rape,Rape,last_7_days,count,count,2025,,,0,,0,,not_applicable,,,wilmington-compstat-v2,validated
weekly-2026-08-16-r1,weekly_compstat,2026-08-10,2026-08-16,1,7d23f10cc3e90aaa48cbc3bc24227cb4b6b80a37030aa250dc8b08f3ed7f5917,21,district,district_17,District 17,rape,Rape,last_7_days,percent_change,percent,2026,2025,1,,,*,,undefined_zero_denominator,,undefined_zero_denominator,wilmington-compstat-v2,validated
weekly-2026-08-16-r1,weekly_compstat,2026-08-10,2026-08-16,1,7d23f10cc3e90aaa48cbc3bc24227cb4b6b80a37030aa250dc8b08f3ed7f5917,21,district,district_17,District 17,rape,Rape,last_28_days,count,count,2026,,,1,,1,,not_applicable,,,wilmington-compstat-v2,validated
weekly-2026-08-16-r1,weekly_compstat,2026-08-10,2026-08-16,1,7d23f10cc3e90aaa48cbc3bc24227cb4b6b80a37030aa250dc8b08f3ed7f5917,21,district,district_17,District 17,rape,Rape,last_28_days,count,count,2025,,,0,,0,,not_applicable,,,wilmington-compstat-v2,validated
weekly-2026-08-16-r1,weekly_compstat,2026-08-10,2026-08-16,1,7d23f10cc3e90aaa48cbc3bc24227cb4b6b80a37030aa250dc8b08f3ed7f5917,21,district,district_17,District 17,rape,Rape,last_28_days,percent_change,percent,2026,2025,1,,,*,,undefined_zero_denominator,,undefined_zero_denominator,wilmington-compstat-v2,validated
weekly-2026-08-16-r1,weekly_compstat,2026-08-10,2026-08-16,1,7d23f10cc3e90aaa48cbc3bc24227cb4b6b80a37030aa250dc8b08f3ed7f5917,21,district,district_17,District 17,rape,Rape,year_to_date,count,count,2026,,,1,,1,,not_applicable,,,wilmington-compstat-v2,validated
weekly-2026-08-16-r1,weekly_compstat,2026-08-10,2026-08-16,1,7d23f10cc3e90aaa48cbc3bc24227cb4b6b80a37030aa250dc8b08f3ed7f5917,21,district,district_17,District 17,rape,Rape,year_to_date,count,count,2025,,,0,,0,,not_applicable,,,wilmington-compstat-v2,validated
weekly-2026-08-16-r1,weekly_compstat,2026-08-10,2026-08-16,1,7d23f10cc3e90aaa48cbc3bc24227cb4b6b80a37030aa250dc8b08f3ed7f5917,21,district,district_17,District 17,rape,Rape,year_to_date,percent_change,percent,2026,2025,1,,,*,,undefined_zero_denominator,,undefined_zero_denominator,wilmington-compstat-v2,validated
weekly-2026-08-16-r1,weekly_compstat,2026-08-10,2026-08-16,1,7d23f10cc3e90aaa48cbc3bc24227cb4b6b80a37030aa250dc8b08f3ed7f5917,21,district,district_17,District 17,rape,Rape,year_to_date,percent_change,percent,2026,2024,2,0.0,0.0,0%,,not_checkable,,,wilmington-compstat-v2,validated
weekly-2026-08-16-r1,weekly_compstat,2026-08-10,2026-08-16,1,7d23f10cc3e90aaa48cbc3bc24227cb4b6b80a37030aa250dc8b08f3ed7f5917,21,district,district_17,District 17,rape,Rape,year_to_date,percent_change,percent,2026,2023,3,0.0,0.0,0%,,not_checkable,,,wilmington-compstat-v2,validated
weekly-2026-08-16-r1,weekly_compstat,2026-08-10,2026-08-16,1,7d23f10cc3e90aaa48cbc3bc24227cb4b6b80a37030aa250dc8b08f3ed7f5917,21,district,district_17,District 17,rape,Rape,year_to_date,percent_change,percent,2026,2022,4,0.0,0.0,0%,,not_checkable,,,wilmington-compstat-v2,validated
weekly-2026-08-16-r1,weekly_compstat,2026-08-10,2026-08-16,1,7d23f10cc3e90aaa48cbc3bc24227cb4b6b80a37030aa250dc8b08f3ed7f5917,21,district,district_17,District 17,rape,Rape,year_to_date,percent_change,percent,2026,2021,5,-50.0,-0.5,-50%,,not_checkable,,,wilmington-compstat-v2,validated
weekly-2026-08-16-r1,weekly_compstat,2026-08-10,2026-08-16,1,7d23f10cc3e90aaa48cbc3bc24227cb4b6b80a37030aa250dc8b08f3ed7f5917,21,district,district_17,District 17,rape,Rape,year_to_date,percent_change,percent,2026,2020,6,,,*,,not_checkable,,undefined_zero_denominator,wilmington-compstat-v2,validated
weekly-2026-08-16-r1,weekly_compstat,2026-08-10,2026-08-16,1,7d23f10cc3e90aaa48cbc3bc24227cb4b6b80a37030aa250dc8b08f3ed7f5917,21,district,district_17,District 17,robbery,Robbery,last_7_days,count,count,2026,,,0,,0,,not_applicable,,,wilmington-compstat-v2,validated
weekly-2026-08-16-r1,weekly_compstat,2026-08-10,2026-08-16,1,7d23f10cc3e90aaa48cbc3bc24227cb4b6b80a37030aa250dc8b08f3ed7f5917,21,district,district_17,District 17,robbery,Robbery,last_7_days,count,count,2025,,,0,,0,,not_applicable,,,wilmington-compstat-v2,validated
weekly-2026-08-16-r1,weekly_compstat,2026-08-10,2026-08-16,1,7d23f10cc3e90aaa48cbc3bc24227cb4b6b80a37030aa250dc8b08f3ed7f5917,21,district,district_17,District 17,robbery,Robbery,last_7_days,percent_change,percent,2026,2025,1,,,*,,undefined_zero_denominator,,undefined_zero_denominator,wilmington-compstat-v2,validated
weekly-2026-08-16-r1,weekly_compstat,2026-08-10,2026-08-16,1,7d23f10cc3e90aaa48cbc3bc24227cb4b6b80a37030aa250dc8b08f3ed7f5917,21,district,district_17,District 17,robbery,Robbery,last_28_days,count,count,2026,,,2,,2,,not_applicable,,,wilmington-compstat-v2,validated
weekly-2026-08-16-r1,weekly_compstat,2026-08-10,2026-08-16,1,7d23f10cc3e90aaa48cbc3bc24227cb4b6b80a37030aa250dc8b08f3ed7f5917,21,district,district_17,District 17,robbery,Robbery,last_28_days,count,count,2025,,,6,,6,,not_applicable,,,wilmington-compstat-v2,validated
weekly-2026-08-16-r1,weekly_compstat,2026-08-10,2026-08-16,1,7d23f10cc3e90aaa48cbc3bc24227cb4b6b80a37030aa250dc8b08f3ed7f5917,21,district,district_17,District 17,robbery,Robbery,last_28_days,percent_change,percent,2026,2025,1,-67.0,-0.67,-67%,-66.666667,matched,,,wilmington-compstat-v2,validated
weekly-2026-08-16-r1,weekly_compstat,2026-08-10,2026-08-16,1,7d23f10cc3e90aaa48cbc3bc24227cb4b6b80a37030aa250dc8b08f3ed7f5917,21,district,district_17,District 17,robbery,Robbery,year_to_date,count,count,2026,,,22,,22,,not_applicable,,,wilmington-compstat-v2,validated
weekly-2026-08-16-r1,weekly_compstat,2026-08-10,2026-08-16,1,7d23f10cc3e90aaa48cbc3bc24227cb4b6b80a37030aa250dc8b08f3ed7f5917,21,district,district_17,District 17,robbery,Robbery,year_to_date,count,count,2025,,,29,,29,,not_applicable,,,wilmington-compstat-v2,validated
weekly-2026-08-16-r1,weekly_compstat,2026-08-10,2026-08-16,1,7d23f10cc3e90aaa48cbc3bc24227cb4b6b80a37030aa250dc8b08f3ed7f5917,21,district,district_17,District 17,robbery,Robbery,year_to_date,percent_change,percent,2026,2025,1,-24.0,-0.24,-24%,-24.137931,matched,,,wilmington-compstat-v2,validated
weekly-2026-08-16-r1,weekly_compstat,2026-08-10,2026-08-16,1,7d23f10cc3e90aaa48cbc3bc24227cb4b6b80a37030aa250dc8b08f3ed7f5917,21,district,district_17,District 17,robbery,Robbery,year_to_date,percent_change,percent,2026,2024,2,57.0,0.57,57%,,not_checkable,,,wilmington-compstat-v2,validated
weekly-2026-08-16-r1,weekly_compstat,2026-08-10,2026-08-16,1,7d23f10cc3e90aaa48cbc3bc24227cb4b6b80a37030aa250dc8b08f3ed7f5917,21,district,district_17,District 17,robbery,Robbery,year_to_date,percent_change,percent,2026,2023,3,29.0,0.29,29%,,not_checkable,,,wilmington-compstat-v2,validated
weekly-2026-08-16-r1,weekly_compstat,2026-08-10,2026-08-16,1,7d23f10cc3e90aaa48cbc3bc24227cb4b6b80a37030aa250dc8b08f3ed7f5917,21,district,district_17,District 17,robbery,Robbery,year_to_date,percent_change,percent,2026,2022,4,-19.0,-0.19,-19%,,not_checkable,,,wilmington-compstat-v2,validated
weekly-2026-08-16-r1,weekly_compstat,2026-08-10,2026-08-16,1,7d23f10cc3e90aaa48cbc3bc24227cb4b6b80a37030aa250dc8b08f3ed7f5917,21,district,district_17,District 17,robbery,Robbery,year_to_date,percent_change,percent,2026,2021,5,-21.0,-0.21,-21%,,not_checkable,,,wilmington-compstat-v2,validated
weekly-2026-08-16-r1,weekly_compstat,2026-08-10,2026-08-16,1,7d23f10cc3e90aaa48cbc3bc24227cb4b6b80a37030aa250dc8b08f3ed7f5917,21,district,district_17,District 17,robbery,Robbery,year_to_date,percent_change,percent,2026,2020,6,5.0,0.05,5%,,not_checkable,,,wilmington-compstat-v2,validated
weekly-2026-08-16-r1,weekly_compstat,2026-08-10,2026-08-16,1,7d23f10cc3e90aaa48cbc3bc24227cb4b6b80a37030aa250dc8b08f3ed7f5917,21,district,district_17,District 17,aggravated_assault,Agg. Assault,last_7_days,count,count,2026,,,3,,3,,not_applicable,,,wilmington-compstat-v2,validated
weekly-2026-08-16-r1,weekly_compstat,2026-08-10,2026-08-16,1,7d23f10cc3e90aaa48cbc3bc24227cb4b6b80a37030aa250dc8b08f3ed7f5917,21,district,district_17,District 17,aggravated_assault,Agg. Assault,last_7_days,count,count,2025,,,2,,2,,not_applicable,,,wilmington-compstat-v2,validated
weekly-2026-08-16-r1,weekly_compstat,2026-08-10,2026-08-16,1,7d23f10cc3e90aaa48cbc3bc24227cb4b6b80a37030aa250dc8b08f3ed7f5917,21,district,district_17,District 17,aggravated_assault,Agg. Assault,last_7_days,percent_change,percent,2026,2025,1,50.0,0.5,50%,50.0,matched,,,wilmington-compstat-v2,validated
weekly-2026-08-16-r1,weekly_compstat,2026-08-10,2026-08-16,1,7d23f10cc3e90aaa48cbc3bc24227cb4b6b80a37030aa250dc8b08f3ed7f5917,21,district,district_17,District 17,aggravated_assault,Agg. Assault,last_28_days,count,count,2026,,,8,,8,,not_applicable,,,wilmington-compstat-v2,validated
weekly-2026-08-16-r1,weekly_compstat,2026-08-10,2026-08-16,1,7d23f10cc3e90aaa48cbc3bc24227cb4b6b80a37030aa250dc8b08f3ed7f5917,21,district,district_17,District 17,aggravated_assault,Agg. Assault,last_28_days,count,count,2025,,,9,,9,,not_applicable,,,wilmington-compstat-v2,validated
weekly-2026-08-16-r1,weekly_compstat,2026-08-10,2026-08-16,1,7d23f10cc3e90aaa48cbc3bc24227cb4b6b80a37030aa250dc8b08f3ed7f5917,21,district,district_17,District 17,aggravated_assault,Agg. Assault,last_28_days,percent_change,percent,2026,2025,1,-11.0,-0.11,-11%,-11.111111,matched,,,wilmington-compstat-v2,validated
weekly-2026-08-16-r1,weekly_compstat,2026-08-10,2026-08-16,1,7d23f10cc3e90aaa48cbc3bc24227cb4b6b80a37030aa250dc8b08f3ed7f5917,21,district,district_17,District 17,aggravated_assault,Agg. Assault,year_to_date,count,count,2026,,,50,,50,,not_applicable,,,wilmington-compstat-v2,validated
weekly-2026-08-16-r1,weekly_compstat,2026-08-10,2026-08-16,1,7d23f10cc3e90aaa48cbc3bc24227cb4b6b80a37030aa250dc8b08f3ed7f5917,21,district,district_17,District 17,aggravated_assault,Agg. Assault,year_to_date,count,count,2025,,,52,,52,,not_applicable,,,wilmington-compstat-v2,validated
weekly-2026-08-16-r1,weekly_compstat,2026-08-10,2026-08-16,1,7d23f10cc3e90aaa48cbc3bc24227cb4b6b80a37030aa250dc8b08f3ed7f5917,21,district,district_17,District 17,aggravated_assault,Agg. Assault,year_to_date,percent_change,percent,2026,2025,1,-4.0,-0.04,-4%,-3.846154,matched,,,wilmington-compstat-v2,validated
weekly-2026-08-16-r1,weekly_compstat,2026-08-10,2026-08-16,1,7d23f10cc3e90aaa48cbc3bc24227cb4b6b80a37030aa250dc8b08f3ed7f5917,21,district,district_17,District 17,aggravated_assault,Agg. Assault,year_to_date,percent_change,percent,2026,2024,2,43.0,0.43,43%,,not_checkable,,,wilmington-compstat-v2,validated
weekly-2026-08-16-r1,weekly_compstat,2026-08-10,2026-08-16,1,7d23f10cc3e90aaa48cbc3bc24227cb4b6b80a37030aa250dc8b08f3ed7f5917,21,district,district_17,District 17,aggravated_assault,Agg. Assault,year_to_date,percent_change,percent,2026,2023,3,19.0,0.19,19%,,not_checkable,,,wilmington-compstat-v2,validated
weekly-2026-08-16-r1,weekly_compstat,2026-08-10,2026-08-16,1,7d23f10cc3e90aaa48cbc3bc24227cb4b6b80a37030aa250dc8b08f3ed7f5917,21,district,district_17,District 17,aggravated_assault,Agg. Assault,year_to_date,percent_change,percent,2026,2022,4,11.0,0.11,11%,,not_checkable,,,wilmington-compstat-v2,validated
weekly-2026-08-16-r1,weekly_compstat,2026-08-10,2026-08-16,1,7d23f10cc3e90aaa48cbc3bc24227cb4b6b80a37030aa250dc8b08f3ed7f5917,21,district,district_17,District 17,aggravated_assault,Agg. Assault,year_to_date,percent_change,percent,2026,2021,5,-23.0,-0.23,-23%,,not_checkable,,,wilmington-compstat-v2,validated
weekly-2026-08-16-r1,weekly_compstat,2026-08-10,2026-08-16,1,7d23f10cc3e90aaa48cbc3bc24227cb4b6b80a37030aa250dc8b08f3ed7f5917,21,district,district_17,District 17,aggravated_assault,Agg. Assault,year_to_date,percent_change,percent,2026,2020,6,22.0,0.22,22%,,not_checkable,,,wilmington-compstat-v2,validated
weekly-2026-08-16-r1,weekly_compstat,2026-08-10,2026-08-16,1,7d23f10cc3e90aaa48cbc3bc24227cb4b6b80a37030aa250dc8b08f3ed7f5917,21,district,district_17,District 17,burglary,Burglary,last_7_days,count,count,2026,,,2,,2,,not_applicable,,,wilmington-compstat-v2,validated
weekly-2026-08-16-r1,weekly_compstat,2026-08-10,2026-08-16,1,7d23f10cc3e90aaa48cbc3bc24227cb4b6b80a37030aa250dc8b08f3ed7f5917,21,district,district_17,District 17,burglary,Burglary,last_7_days,count,count,2025,,,2,,2,,not_applicable,,,wilmington-compstat-v2,validated
weekly-2026-08-16-r1,weekly_compstat,2026-08-10,2026-08-16,1,7d23f10cc3e90aaa48cbc3bc24227cb4b6b80a37030aa250dc8b08f3ed7f5917,21,district,district_17,District 17,burglary,Burglary,last_7_days,percent_change,percent,2026,2025,1,0.0,0.0,0%,0.0,matched,,,wilmington-compstat-v2,validated
weekly-2026-08-16-r1,weekly_compstat,2026-08-10,2026-08-16,1,7d23f10cc3e90aaa48cbc3bc24227cb4b6b80a37030aa250dc8b08f3ed7f5917,21,district,district_17,District 17,burglary,Burglary,last_28_days,count,count,2026,,,3,,3,,not_applicable,,,wilmington-compstat-v2,validated
weekly-2026-08-16-r1,weekly_compstat,2026-08-10,2026-08-16,1,7d23f10cc3e90aaa48cbc3bc24227cb4b6b80a37030aa250dc8b08f3ed7f5917,21,district,district_17,District 17,burglary,Burglary,last_28_days,count,count,2025,,,7,,7,,not_applicable,,,wilmington-compstat-v2,validated
weekly-2026-08-16-r1,weekly_compstat,2026-08-10,2026-08-16,1,7d23f10cc3e90aaa48cbc3bc24227cb4b6b80a37030aa250dc8b08f3ed7f5917,21,district,district_17,District 17,burglary,Burglary,last_28_days,percent_change,percent,2026,2025,1,-57.0,-0.57,-57%,-57.142857,matched,,,wilmington-compstat-v2,validated
weekly-2026-08-16-r1,weekly_compstat,2026-08-10,2026-08-16,1,7d23f10cc3e90aaa48cbc3bc24227cb4b6b80a37030aa250dc8b08f3ed7f5917,21,district,district_17,District 17,burglary,Burglary,year_to_date,count,count,2026,,,26,,26,,not_applicable,,,wilmington-compstat-v2,validated
weekly-2026-08-16-r1,weekly_compstat,2026-08-10,2026-08-16,1,7d23f10cc3e90aaa48cbc3bc24227cb4b6b80a37030aa250dc8b08f3ed7f5917,21,district,district_17,District 17,burglary,Burglary,year_to_date,count,count,2025,,,29,,29,,not_applicable,,,wilmington-compstat-v2,validated
weekly-2026-08-16-r1,weekly_compstat,2026-08-10,2026-08-16,1,7d23f10cc3e90aaa48cbc3bc24227cb4b6b80a37030aa250dc8b08f3ed7f5917,21,district,district_17,District 17,burglary,Burglary,year_to_date,percent_change,percent,2026,2025,1,-10.0,-0.1,-10%,-10.344828,matched,,,wilmington-compstat-v2,validated
weekly-2026-08-16-r1,weekly_compstat,2026-08-10,2026-08-16,1,7d23f10cc3e90aaa48cbc3bc24227cb4b6b80a37030aa250dc8b08f3ed7f5917,21,district,district_17,District 17,burglary,Burglary,year_to_date,percent_change,percent,2026,2024,2,-30.0,-0.3,-30%,,not_checkable,,,wilmington-compstat-v2,validated
weekly-2026-08-16-r1,weekly_compstat,2026-08-10,2026-08-16,1,7d23f10cc3e90aaa48cbc3bc24227cb4b6b80a37030aa250dc8b08f3ed7f5917,21,district,district_17,District 17,burglary,Burglary,year_to_date,percent_change,percent,2026,2023,3,-32.0,-0.32,-32%,,not_checkable,,,wilmington-compstat-v2,validated
weekly-2026-08-16-r1,weekly_compstat,2026-08-10,2026-08-16,1,7d23f10cc3e90aaa48cbc3bc24227cb4b6b80a37030aa250dc8b08f3ed7f5917,21,district,district_17,District 17,burglary,Burglary,year_to_date,percent_change,percent,2026,2022,4,-46.0,-0.46,-46%,,not_checkable,,,wilmington-compstat-v2,validated
weekly-2026-08-16-r1,weekly_compstat,2026-08-10,2026-08-16,1,7d23f10cc3e90aaa48cbc3bc24227cb4b6b80a37030aa250dc8b08f3ed7f5917,21,district,district_17,District 17,burglary,Burglary,year_to_date,percent_change,percent,2026,2021,5,-32.0,-0.32,-32%,,not_checkable,,,wilmington-compstat-v2,validated
weekly-2026-08-16-r1,weekly_compstat,2026-08-10,2026-08-16,1,7d23f10cc3e90aaa48cbc3bc24227cb4b6b80a37030aa250dc8b08f3ed7f5917,21,district,district_17,District 17,burglary,Burglary,year_to_date,percent_change,percent,2026,2020,6,-57.0,-0.57,-57%,,not_checkable,,,wilmington-compstat-v2,validated
weekly-2026-08-16-r1,weekly_compstat,2026-08-10,2026-08-16,1,7d23f10cc3e90aaa48cbc3bc24227cb4b6b80a37030aa250dc8b08f3ed7f5917,21,district,district_17,District 17,felony_theft,Felony Theft,last_7_days,count,count,2026,,,0,,0,,not_applicable,,,wilmington-compstat-v2,validated
weekly-2026-08-16-r1,weekly_compstat,2026-08-10,2026-08-16,1,7d23f10cc3e90aaa48cbc3bc24227cb4b6b80a37030aa250dc8b08f3ed7f5917,21,district,district_17,District 17,felony_theft,Felony Theft,last_7_days,count,count,2025,,,0,,0,,not_applicable,,,wilmington-compstat-v2,validated
weekly-2026-08-16-r1,weekly_compstat,2026-08-10,2026-08-16,1,7d23f10cc3e90aaa48cbc3bc24227cb4b6b80a37030aa250dc8b08f3ed7f5917,21,district,district_17,District 17,felony_theft,Felony Theft,last_7_days,percent_change,percent,2026,2025,1,,,*,,undefined_zero_denominator,,undefined_zero_denominator,wilmington-compstat-v2,validated
weekly-2026-08-16-r1,weekly_compstat,2026-08-10,2026-08-16,1,7d23f10cc3e90aaa48cbc3bc24227cb4b6b80a37030aa250dc8b08f3ed7f5917,21,district,district_17,District 17,felony_theft,Felony Theft,last_28_days,count,count,2026,,,1,,1,,not_applicable,,,wilmington-compstat-v2,validated
weekly-2026-08-16-r1,weekly_compstat,2026-08-10,2026-08-16,1,7d23f10cc3e90aaa48cbc3bc24227cb4b6b80a37030aa250dc8b08f3ed7f5917,21,district,district_17,District 17,felony_theft,Felony Theft,last_28_days,count,count,2025,,,3,,3,,not_applicable,,,wilmington-compstat-v2,validated
weekly-2026-08-16-r1,weekly_compstat,2026-08-10,2026-08-16,1,7d23f10cc3e90aaa48cbc3bc24227cb4b6b80a37030aa250dc8b08f3ed7f5917,21,district,district_17,District 17,felony_theft,Felony Theft,last_28_days,percent_change,percent,2026,2025,1,-67.0,-0.67,-67%,-66.666667,matched,,,wilmington-compstat-v2,validated
weekly-2026-08-16-r1,weekly_compstat,2026-08-10,2026-08-16,1,7d23f10cc3e90aaa48cbc3bc24227cb4b6b80a37030aa250dc8b08f3ed7f5917,21,district,district_17,District 17,felony_theft,Felony Theft,year_to_date,count,count,2026,,,8,,8,,not_applicable,,,wilmington-compstat-v2,validated
weekly-2026-08-16-r1,weekly_compstat,2026-08-10,2026-08-16,1,7d23f10cc3e90aaa48cbc3bc24227cb4b6b80a37030aa250dc8b08f3ed7f5917,21,district,district_17,District 17,felony_theft,Felony Theft,year_to_date,count,count,2025,,,18,,18,,not_applicable,,,wilmington-compstat-v2,validated
weekly-2026-08-16-r1,weekly_compstat,2026-08-10,2026-08-16,1,7d23f10cc3e90aaa48cbc3bc24227cb4b6b80a37030aa250dc8b08f3ed7f5917,21,district,district_17,District 17,felony_theft,Felony Theft,year_to_date,percent_change,percent,2026,2025,1,-56.0,-0.56,-56%,-55.555556,matched,,,wilmington-compstat-v2,validated
weekly-2026-08-16-r1,weekly_compstat,2026-08-10,2026-08-16,1,7d23f10cc3e90aaa48cbc3bc24227cb4b6b80a37030aa250dc8b08f3ed7f5917,21,district,district_17,District 17,felony_theft,Felony Theft,year_to_date,percent_change,percent,2026,2024,2,-43.0,-0.43,-43%,,not_checkable,,,wilmington-compstat-v2,validated
weekly-2026-08-16-r1,weekly_compstat,2026-08-10,2026-08-16,1,7d23f10cc3e90aaa48cbc3bc24227cb4b6b80a37030aa250dc8b08f3ed7f5917,21,district,district_17,District 17,felony_theft,Felony Theft,year_to_date,percent_change,percent,2026,2023,3,-67.0,-0.67,-67%,,not_checkable,,,wilmington-compstat-v2,validated
weekly-2026-08-16-r1,weekly_compstat,2026-08-10,2026-08-16,1,7d23f10cc3e90aaa48cbc3bc24227cb4b6b80a37030aa250dc8b08f3ed7f5917,21,district,district_17,District 17,felony_theft,Felony Theft,year_to_date,percent_change,percent,2026,2022,4,-62.0,-0.62,-62%,,not_checkable,,,wilmington-compstat-v2,validated
weekly-2026-08-16-r1,weekly_compstat,2026-08-10,2026-08-16,1,7d23f10cc3e90aaa48cbc3bc24227cb4b6b80a37030aa250dc8b08f3ed7f5917,21,district,district_17,District 17,felony_theft,Felony Theft,year_to_date,percent_change,percent,2026,2021,5,-60.0,-0.6,-60%,,not_checkable,,,wilmington-compstat-v2,validated
weekly-2026-08-16-r1,weekly_compstat,2026-08-10,2026-08-16,1,7d23f10cc3e90aaa48cbc3bc24227cb4b6b80a37030aa250dc8b08f3ed7f5917,21,district,district_17,District 17,felony_theft,Felony Theft,year_to_date,percent_change,percent,2026,2020,6,-56.0,-0.56,-56%,,not_checkable,,,wilmington-compstat-v2,validated
weekly-2026-08-16-r1,weekly_compstat,2026-08-10,2026-08-16,1,7d23f10cc3e90aaa48cbc3bc24227cb4b6b80a37030aa250dc8b08f3ed7f5917,21,district,district_17,District 17,auto_theft,Auto Theft,last_7_days,count,count,2026,,,0,,0,,not_applicable,,,wilmington-compstat-v2,validated
weekly-2026-08-16-r1,weekly_compstat,2026-08-10,2026-08-16,1,7d23f10cc3e90aaa48cbc3bc24227cb4b6b80a37030aa250dc8b08f3ed7f5917,21,district,district_17,District 17,auto_theft,Auto Theft,last_7_days,count,count,2025,,,2,,2,,not_applicable,,,wilmington-compstat-v2,validated
weekly-2026-08-16-r1,weekly_compstat,2026-08-10,2026-08-16,1,7d23f10cc3e90aaa48cbc3bc24227cb4b6b80a37030aa250dc8b08f3ed7f5917,21,district,district_17,District 17,auto_theft,Auto Theft,last_7_days,percent_change,percent,2026,2025,1,-100.0,-1.0,-100%,-100.0,matched,,,wilmington-compstat-v2,validated
weekly-2026-08-16-r1,weekly_compstat,2026-08-10,2026-08-16,1,7d23f10cc3e90aaa48cbc3bc24227cb4b6b80a37030aa250dc8b08f3ed7f5917,21,district,district_17,District 17,auto_theft,Auto Theft,last_28_days,count,count,2026,,,1,,1,,not_applicable,,,wilmington-compstat-v2,validated
weekly-2026-08-16-r1,weekly_compstat,2026-08-10,2026-08-16,1,7d23f10cc3e90aaa48cbc3bc24227cb4b6b80a37030aa250dc8b08f3ed7f5917,21,district,district_17,District 17,auto_theft,Auto Theft,last_28_days,count,count,2025,,,7,,7,,not_applicable,,,wilmington-compstat-v2,validated
weekly-2026-08-16-r1,weekly_compstat,2026-08-10,2026-08-16,1,7d23f10cc3e90aaa48cbc3bc24227cb4b6b80a37030aa250dc8b08f3ed7f5917,21,district,district_17,District 17,auto_theft,Auto Theft,last_28_days,percent_change,percent,2026,2025,1,-86.0,-0.86,-86%,-85.714286,matched,,,wilmington-compstat-v2,validated
weekly-2026-08-16-r1,weekly_compstat,2026-08-10,2026-08-16,1,7d23f10cc3e90aaa48cbc3bc24227cb4b6b80a37030aa250dc8b08f3ed7f5917,21,district,district_17,District 17,auto_theft,Auto Theft,year_to_date,count,count,2026,,,22,,22,,not_applicable,,,wilmington-compstat-v2,validated
weekly-2026-08-16-r1,weekly_compstat,2026-08-10,2026-08-16,1,7d23f10cc3e90aaa48cbc3bc24227cb4b6b80a37030aa250dc8b08f3ed7f5917,21,district,district_17,District 17,auto_theft,Auto Theft,year_to_date,count,count,2025,,,52,,52,,not_applicable,,,wilmington-compstat-v2,validated
weekly-2026-08-16-r1,weekly_compstat,2026-08-10,2026-08-16,1,7d23f10cc3e90aaa48cbc3bc24227cb4b6b80a37030aa250dc8b08f3ed7f5917,21,district,district_17,District 17,auto_theft,Auto Theft,year_to_date,percent_change,percent,2026,2025,1,-58.0,-0.58,-58%,-57.692308,matched,,,wilmington-compstat-v2,validated
weekly-2026-08-16-r1,weekly_compstat,2026-08-10,2026-08-16,1,7d23f10cc3e90aaa48cbc3bc24227cb4b6b80a37030aa250dc8b08f3ed7f5917,21,district,district_17,District 17,auto_theft,Auto Theft,year_to_date,percent_change,percent,2026,2024,2,-61.0,-0.61,-61%,,not_checkable,,,wilmington-compstat-v2,validated
weekly-2026-08-16-r1,weekly_compstat,2026-08-10,2026-08-16,1,7d23f10cc3e90aaa48cbc3bc24227cb4b6b80a37030aa250dc8b08f3ed7f5917,21,district,district_17,District 17,auto_theft,Auto Theft,year_to_date,percent_change,percent,2026,2023,3,-41.0,-0.41,-41%,,not_checkable,,,wilmington-compstat-v2,validated
weekly-2026-08-16-r1,weekly_compstat,2026-08-10,2026-08-16,1,7d23f10cc3e90aaa48cbc3bc24227cb4b6b80a37030aa250dc8b08f3ed7f5917,21,district,district_17,District 17,auto_theft,Auto Theft,year_to_date,percent_change,percent,2026,2022,4,-19.0,-0.19,-19%,,not_checkable,,,wilmington-compstat-v2,validated
weekly-2026-08-16-r1,weekly_compstat,2026-08-10,2026-08-16,1,7d23f10cc3e90aaa48cbc3bc24227cb4b6b80a37030aa250dc8b08f3ed7f5917,21,district,district_17,District 17,auto_theft,Auto Theft,year_to_date,percent_change,percent,2026,2021,5,-56.0,-0.56,-56%,,not_checkable,,,wilmington-compstat-v2,validated
weekly-2026-08-16-r1,weekly_compstat,2026-08-10,2026-08-16,1,7d23f10cc3e90aaa48cbc3bc24227cb4b6b80a37030aa250dc8b08f3ed7f5917,21,district,district_17,District 17,auto_theft,Auto Theft,year_to_date,percent_change,percent,2026,2020,6,-42.0,-0.42,-42%,,not_checkable,,,wilmington-compstat-v2,validated
weekly-2026-08-16-r1,weekly_compstat,2026-08-10,2026-08-16,1,7d23f10cc3e90aaa48cbc3bc24227cb4b6b80a37030aa250dc8b08f3ed7f5917,21,district,district_17,District 17,major_crime_total,TOTAL,last_7_days,count,count,2026,,,5,,5,,not_applicable,,,wilmington-compstat-v2,validated
weekly-2026-08-16-r1,weekly_compstat,2026-08-10,2026-08-16,1,7d23f10cc3e90aaa48cbc3bc24227cb4b6b80a37030aa250dc8b08f3ed7f5917,21,district,district_17,District 17,major_crime_total,TOTAL,last_7_days,count,count,2025,,,6,,6,,not_applicable,,,wilmington-compstat-v2,validated
weekly-2026-08-16-r1,weekly_compstat,2026-08-10,2026-08-16,1,7d23f10cc3e90aaa48cbc3bc24227cb4b6b80a37030aa250dc8b08f3ed7f5917,21,district,district_17,District 17,major_crime_total,TOTAL,last_7_days,percent_change,percent,2026,2025,1,-17.0,-0.17,-17%,-16.666667,matched,,,wilmington-compstat-v2,validated
weekly-2026-08-16-r1,weekly_compstat,2026-08-10,2026-08-16,1,7d23f10cc3e90aaa48cbc3bc24227cb4b6b80a37030aa250dc8b08f3ed7f5917,21,district,district_17,District 17,major_crime_total,TOTAL,last_28_days,count,count,2026,,,16,,16,,not_applicable,,,wilmington-compstat-v2,validated
weekly-2026-08-16-r1,weekly_compstat,2026-08-10,2026-08-16,1,7d23f10cc3e90aaa48cbc3bc24227cb4b6b80a37030aa250dc8b08f3ed7f5917,21,district,district_17,District 17,major_crime_total,TOTAL,last_28_days,count,count,2025,,,32,,32,,not_applicable,,,wilmington-compstat-v2,validated
weekly-2026-08-16-r1,weekly_compstat,2026-08-10,2026-08-16,1,7d23f10cc3e90aaa48cbc3bc24227cb4b6b80a37030aa250dc8b08f3ed7f5917,21,district,district_17,District 17,major_crime_total,TOTAL,last_28_days,percent_change,percent,2026,2025,1,-50.0,-0.5,-50%,-50.0,matched,,,wilmington-compstat-v2,validated
weekly-2026-08-16-r1,weekly_compstat,2026-08-10,2026-08-16,1,7d23f10cc3e90aaa48cbc3bc24227cb4b6b80a37030aa250dc8b08f3ed7f5917,21,district,district_17,District 17,major_crime_total,TOTAL,year_to_date,count,count,2026,,,130,,130,,not_applicable,,,wilmington-compstat-v2,validated
weekly-2026-08-16-r1,weekly_compstat,2026-08-10,2026-08-16,1,7d23f10cc3e90aaa48cbc3bc24227cb4b6b80a37030aa250dc8b08f3ed7f5917,21,district,district_17,District 17,major_crime_total,TOTAL,year_to_date,count,count,2025,,,180,,180,,not_applicable,,,wilmington-compstat-v2,validated
weekly-2026-08-16-r1,weekly_compstat,2026-08-10,2026-08-16,1,7d23f10cc3e90aaa48cbc3bc24227cb4b6b80a37030aa250dc8b08f3ed7f5917,21,district,district_17,District 17,major_crime_total,TOTAL,year_to_date,percent_change,percent,2026,2025,1,-28.0,-0.28,-28%,-27.777778,matched,,,wilmington-compstat-v2,validated
weekly-2026-08-16-r1,weekly_compstat,2026-08-10,2026-08-16,1,7d23f10cc3e90aaa48cbc3bc24227cb4b6b80a37030aa250dc8b08f3ed7f5917,21,district,district_17,District 17,major_crime_total,TOTAL,year_to_date,percent_change,percent,2026,2024,2,-19.0,-0.19,-19%,,not_checkable,,,wilmington-compstat-v2,validated
weekly-2026-08-16-r1,weekly_compstat,2026-08-10,2026-08-16,1,7d23f10cc3e90aaa48cbc3bc24227cb4b6b80a37030aa250dc8b08f3ed7f5917,21,district,district_17,District 17,major_crime_total,TOTAL,year_to_date,percent_change,percent,2026,2023,3,-20.0,-0.2,-20%,,not_checkable,,,wilmington-compstat-v2,validated
weekly-2026-08-16-r1,weekly_compstat,2026-08-10,2026-08-16,1,7d23f10cc3e90aaa48cbc3bc24227cb4b6b80a37030aa250dc8b08f3ed7f5917,21,district,district_17,District 17,major_crime_total,TOTAL,year_to_date,percent_change,percent,2026,2022,4,-24.0,-0.24,-24%,,not_checkable,,,wilmington-compstat-v2,validated
weekly-2026-08-16-r1,weekly_compstat,2026-08-10,2026-08-16,1,7d23f10cc3e90aaa48cbc3bc24227cb4b6b80a37030aa250dc8b08f3ed7f5917,21,district,district_17,District 17,major_crime_total,TOTAL,year_to_date,percent_change,percent,2026,2021,5,-37.0,-0.37,-37%,,not_checkable,,,wilmington-compstat-v2,validated
weekly-2026-08-16-r1,weekly_compstat,2026-08-10,2026-08-16,1,7d23f10cc3e90aaa48cbc3bc24227cb4b6b80a37030aa250dc8b08f3ed7f5917,21,district,district_17,District 17,major_crime_total,TOTAL,year_to_date,percent_change,percent,2026,2020,6,-28.0,-0.28,-28%,,not_checkable,,,wilmington-compstat-v2,validated
weekly-2026-08-16-r1,weekly_compstat,2026-08-10,2026-08-16,1,7d23f10cc3e90aaa48cbc3bc24227cb4b6b80a37030aa250dc8b08f3ed7f5917,21,district,district_17,District 17,shooting_incidents,Shooting Incidents,last_7_days,count,count,2026,,,0,,0,,not_applicable,,,wilmington-compstat-v2,validated
weekly-2026-08-16-r1,weekly_compstat,2026-08-10,2026-08-16,1,7d23f10cc3e90aaa48cbc3bc24227cb4b6b80a37030aa250dc8b08f3ed7f5917,21,district,district_17,District 17,shooting_incidents,Shooting Incidents,last_7_days,count,count,2025,,,0,,0,,not_applicable,,,wilmington-compstat-v2,validated
weekly-2026-08-16-r1,weekly_compstat,2026-08-10,2026-08-16,1,7d23f10cc3e90aaa48cbc3bc24227cb4b6b80a37030aa250dc8b08f3ed7f5917,21,district,district_17,District 17,shooting_incidents,Shooting Incidents,last_7_days,percent_change,percent,2026,2025,1,,,*,,undefined_zero_denominator,,undefined_zero_denominator,wilmington-compstat-v2,validated
weekly-2026-08-16-r1,weekly_compstat,2026-08-10,2026-08-16,1,7d23f10cc3e90aaa48cbc3bc24227cb4b6b80a37030aa250dc8b08f3ed7f5917,21,district,district_17,District 17,shooting_incidents,Shooting Incidents,last_28_days,count,count,2026,,,1,,1,,not_applicable,,,wilmington-compstat-v2,validated
weekly-2026-08-16-r1,weekly_compstat,2026-08-10,2026-08-16,1,7d23f10cc3e90aaa48cbc3bc24227cb4b6b80a37030aa250dc8b08f3ed7f5917,21,district,district_17,District 17,shooting_incidents,Shooting Incidents,last_28_days,count,count,2025,,,0,,0,,not_applicable,,,wilmington-compstat-v2,validated
weekly-2026-08-16-r1,weekly_compstat,2026-08-10,2026-08-16,1,7d23f10cc3e90aaa48cbc3bc24227cb4b6b80a37030aa250dc8b08f3ed7f5917,21,district,district_17,District 17,shooting_incidents,Shooting Incidents,last_28_days,percent_change,percent,2026,2025,1,,,*,,undefined_zero_denominator,,undefined_zero_denominator,wilmington-compstat-v2,validated
weekly-2026-08-16-r1,weekly_compstat,2026-08-10,2026-08-16,1,7d23f10cc3e90aaa48cbc3bc24227cb4b6b80a37030aa250dc8b08f3ed7f5917,21,district,district_17,District 17,shooting_incidents,Shooting Incidents,year_to_date,count,count,2026,,,7,,7,,not_applicable,,,wilmington-compstat-v2,validated
weekly-2026-08-16-r1,weekly_compstat,2026-08-10,2026-08-16,1,7d23f10cc3e90aaa48cbc3bc24227cb4b6b80a37030aa250dc8b08f3ed7f5917,21,district,district_17,District 17,shooting_incidents,Shooting Incidents,year_to_date,count,count,2025,,,7,,7,,not_applicable,,,wilmington-compstat-v2,validated
weekly-2026-08-16-r1,weekly_compstat,2026-08-10,2026-08-16,1,7d23f10cc3e90aaa48cbc3bc24227cb4b6b80a37030aa250dc8b08f3ed7f5917,21,district,district_17,District 17,shooting_incidents,Shooting Incidents,year_to_date,percent_change,percent,2026,2025,1,0.0,0.0,0%,0.0,matched,,,wilmington-compstat-v2,validated
weekly-2026-08-16-r1,weekly_compstat,2026-08-10,2026-08-16,1,7d23f10cc3e90aaa48cbc3bc24227cb4b6b80a37030aa250dc8b08f3ed7f5917,21,district,district_17,District 17,shooting_incidents,Shooting Incidents,year_to_date,percent_change,percent,2026,2024,2,-13.0,-0.13,-13%,,not_checkable,,,wilmington-compstat-v2,validated
weekly-2026-08-16-r1,weekly_compstat,2026-08-10,2026-08-16,1,7d23f10cc3e90aaa48cbc3bc24227cb4b6b80a37030aa250dc8b08f3ed7f5917,21,district,district_17,District 17,shooting_incidents,Shooting Incidents,year_to_date,percent_change,percent,2026,2023,3,-42.0,-0.42,-42%,,not_checkable,,,wilmington-compstat-v2,validated
weekly-2026-08-16-r1,weekly_compstat,2026-08-10,2026-08-16,1,7d23f10cc3e90aaa48cbc3bc24227cb4b6b80a37030aa250dc8b08f3ed7f5917,21,district,district_17,District 17,shooting_incidents,Shooting Incidents,year_to_date,percent_change,percent,2026,2022,4,-50.0,-0.5,-50%,,not_checkable,,,wilmington-compstat-v2,validated
weekly-2026-08-16-r1,weekly_compstat,2026-08-10,2026-08-16,1,7d23f10cc3e90aaa48cbc3bc24227cb4b6b80a37030aa250dc8b08f3ed7f5917,21,district,district_17,District 17,shooting_incidents,Shooting Incidents,year_to_date,percent_change,percent,2026,2021,5,-36.0,-0.36,-36%,,not_checkable,,,wilmington-compstat-v2,validated
weekly-2026-08-16-r1,weekly_compstat,2026-08-10,2026-08-16,1,7d23f10cc3e90aaa48cbc3bc24227cb4b6b80a37030aa250dc8b08f3ed7f5917,21,district,district_17,District 17,shooting_incidents,Shooting Incidents,year_to_date,percent_change,percent,2026,2020,6,-13.0,-0.13,-13%,,not_checkable,,,wilmington-compstat-v2,validated
weekly-2026-08-16-r1,weekly_compstat,2026-08-10,2026-08-16,1,7d23f10cc3e90aaa48cbc3bc24227cb4b6b80a37030aa250dc8b08f3ed7f5917,21,district,district_17,District 17,shooting_victims,Shooting Victims,last_7_days,count,count,2026,,,0,,0,,not_applicable,,,wilmington-compstat-v2,validated
weekly-2026-08-16-r1,weekly_compstat,2026-08-10,2026-08-16,1,7d23f10cc3e90aaa48cbc3bc24227cb4b6b80a37030aa250dc8b08f3ed7f5917,21,district,district_17,District 17,shooting_victims,Shooting Victims,last_7_days,count,count,2025,,,0,,0,,not_applicable,,,wilmington-compstat-v2,validated
weekly-2026-08-16-r1,weekly_compstat,2026-08-10,2026-08-16,1,7d23f10cc3e90aaa48cbc3bc24227cb4b6b80a37030aa250dc8b08f3ed7f5917,21,district,district_17,District 17,shooting_victims,Shooting Victims,last_7_days,percent_change,percent,2026,2025,1,,,*,,undefined_zero_denominator,,undefined_zero_denominator,wilmington-compstat-v2,validated
weekly-2026-08-16-r1,weekly_compstat,2026-08-10,2026-08-16,1,7d23f10cc3e90aaa48cbc3bc24227cb4b6b80a37030aa250dc8b08f3ed7f5917,21,district,district_17,District 17,shooting_victims,Shooting Victims,last_28_days,count,count,2026,,,1,,1,,not_applicable,,,wilmington-compstat-v2,validated
weekly-2026-08-16-r1,weekly_compstat,2026-08-10,2026-08-16,1,7d23f10cc3e90aaa48cbc3bc24227cb4b6b80a37030aa250dc8b08f3ed7f5917,21,district,district_17,District 17,shooting_victims,Shooting Victims,last_28_days,count,count,2025,,,0,,0,,not_applicable,,,wilmington-compstat-v2,validated
weekly-2026-08-16-r1,weekly_compstat,2026-08-10,2026-08-16,1,7d23f10cc3e90aaa48cbc3bc24227cb4b6b80a37030aa250dc8b08f3ed7f5917,21,district,district_17,District 17,shooting_victims,Shooting Victims,last_28_days,percent_change,percent,2026,2025,1,,,*,,undefined_zero_denominator,,undefined_zero_denominator,wilmington-compstat-v2,validated
weekly-2026-08-16-r1,weekly_compstat,2026-08-10,2026-08-16,1,7d23f10cc3e90aaa48cbc3bc24227cb4b6b80a37030aa250dc8b08f3ed7f5917,21,district,district_17,District 17,shooting_victims,Shooting Victims,year_to_date,count,count,2026,,,9,,9,,not_applicable,,,wilmington-compstat-v2,validated
weekly-2026-08-16-r1,weekly_compstat,2026-08-10,2026-08-16,1,7d23f10cc3e90aaa48cbc3bc24227cb4b6b80a37030aa250dc8b08f3ed7f5917,21,district,district_17,District 17,shooting_victims,Shooting Victims,year_to_date,count,count,2025,,,8,,8,,not_applicable,,,wilmington-compstat-v2,validated
weekly-2026-08-16-r1,weekly_compstat,2026-08-10,2026-08-16,1,7d23f10cc3e90aaa48cbc3bc24227cb4b6b80a37030aa250dc8b08f3ed7f5917,21,district,district_17,District 17,shooting_victims,Shooting Victims,year_to_date,percent_change,percent,2026,2025,1,13.0,0.13,13%,12.5,matched,,,wilmington-compstat-v2,validated
weekly-2026-08-16-r1,weekly_compstat,2026-08-10,2026-08-16,1,7d23f10cc3e90aaa48cbc3bc24227cb4b6b80a37030aa250dc8b08f3ed7f5917,21,district,district_17,District 17,shooting_victims,Shooting Victims,year_to_date,percent_change,percent,2026,2024,2,-10.0,-0.1,-10%,,not_checkable,,,wilmington-compstat-v2,validated
weekly-2026-08-16-r1,weekly_compstat,2026-08-10,2026-08-16,1,7d23f10cc3e90aaa48cbc3bc24227cb4b6b80a37030aa250dc8b08f3ed7f5917,21,district,district_17,District 17,shooting_victims,Shooting Victims,year_to_date,percent_change,percent,2026,2023,3,-44.0,-0.44,-44%,,not_checkable,,,wilmington-compstat-v2,validated
weekly-2026-08-16-r1,weekly_compstat,2026-08-10,2026-08-16,1,7d23f10cc3e90aaa48cbc3bc24227cb4b6b80a37030aa250dc8b08f3ed7f5917,21,district,district_17,District 17,shooting_victims,Shooting Victims,year_to_date,percent_change,percent,2026,2022,4,-47.0,-0.47,-47%,,not_checkable,,,wilmington-compstat-v2,validated
weekly-2026-08-16-r1,weekly_compstat,2026-08-10,2026-08-16,1,7d23f10cc3e90aaa48cbc3bc24227cb4b6b80a37030aa250dc8b08f3ed7f5917,21,district,district_17,District 17,shooting_victims,Shooting Victims,year_to_date,percent_change,percent,2026,2021,5,-31.0,-0.31,-31%,,not_checkable,,,wilmington-compstat-v2,validated
weekly-2026-08-16-r1,weekly_compstat,2026-08-10,2026-08-16,1,7d23f10cc3e90aaa48cbc3bc24227cb4b6b80a37030aa250dc8b08f3ed7f5917,21,district,district_17,District 17,shooting_victims,Shooting Victims,year_to_date,percent_change,percent,2026,2020,6,-31.0,-0.31,-31%,,not_checkable,,,wilmington-compstat-v2,validated
weekly-2026-08-16-r1,weekly_compstat,2026-08-10,2026-08-16,1,7d23f10cc3e90aaa48cbc3bc24227cb4b6b80a37030aa250dc8b08f3ed7f5917,21,district,district_17,District 17,juvenile_shooting_incidents,*Juv Shooting Incidents,last_7_days,count,count,2026,,,0,,0,,not_applicable,,,wilmington-compstat-v2,validated
weekly-2026-08-16-r1,weekly_compstat,2026-08-10,2026-08-16,1,7d23f10cc3e90aaa48cbc3bc24227cb4b6b80a37030aa250dc8b08f3ed7f5917,21,district,district_17,District 17,juvenile_shooting_incidents,*Juv Shooting Incidents,last_7_days,count,count,2025,,,0,,0,,not_applicable,,,wilmington-compstat-v2,validated
weekly-2026-08-16-r1,weekly_compstat,2026-08-10,2026-08-16,1,7d23f10cc3e90aaa48cbc3bc24227cb4b6b80a37030aa250dc8b08f3ed7f5917,21,district,district_17,District 17,juvenile_shooting_incidents,*Juv Shooting Incidents,last_7_days,percent_change,percent,2026,2025,1,,,*,,undefined_zero_denominator,,undefined_zero_denominator,wilmington-compstat-v2,validated
weekly-2026-08-16-r1,weekly_compstat,2026-08-10,2026-08-16,1,7d23f10cc3e90aaa48cbc3bc24227cb4b6b80a37030aa250dc8b08f3ed7f5917,21,district,district_17,District 17,juvenile_shooting_incidents,*Juv Shooting Incidents,last_28_days,count,count,2026,,,0,,0,,not_applicable,,,wilmington-compstat-v2,validated
weekly-2026-08-16-r1,weekly_compstat,2026-08-10,2026-08-16,1,7d23f10cc3e90aaa48cbc3bc24227cb4b6b80a37030aa250dc8b08f3ed7f5917,21,district,district_17,District 17,juvenile_shooting_incidents,*Juv Shooting Incidents,last_28_days,count,count,2025,,,0,,0,,not_applicable,,,wilmington-compstat-v2,validated
weekly-2026-08-16-r1,weekly_compstat,2026-08-10,2026-08-16,1,7d23f10cc3e90aaa48cbc3bc24227cb4b6b80a37030aa250dc8b08f3ed7f5917,21,district,district_17,District 17,juvenile_shooting_incidents,*Juv Shooting Incidents,last_28_days,percent_change,percent,2026,2025,1,,,*,,undefined_zero_denominator,,undefined_zero_denominator,wilmington-compstat-v2,validated
weekly-2026-08-16-r1,weekly_compstat,2026-08-10,2026-08-16,1,7d23f10cc3e90aaa48cbc3bc24227cb4b6b80a37030aa250dc8b08f3ed7f5917,21,district,district_17,District 17,juvenile_shooting_incidents,*Juv Shooting Incidents,year_to_date,count,count,2026,,,1,,1,,not_applicable,,,wilmington-compstat-v2,validated
weekly-2026-08-16-r1,weekly_compstat,2026-08-10,2026-08-16,1,7d23f10cc3e90aaa48cbc3bc24227cb4b6b80a37030aa250dc8b08f3ed7f5917,21,district,district_17,District 17,juvenile_shooting_incidents,*Juv Shooting Incidents,year_to_date,count,count,2025,,,3,,3,,not_applicable,,,wilmington-compstat-v2,validated
weekly-2026-08-16-r1,weekly_compstat,2026-08-10,2026-08-16,1,7d23f10cc3e90aaa48cbc3bc24227cb4b6b80a37030aa250dc8b08f3ed7f5917,21,district,district_17,District 17,juvenile_shooting_incidents,*Juv Shooting Incidents,year_to_date,percent_change,percent,2026,2025,1,-67.0,-0.67,-67%,-66.666667,matched,,,wilmington-compstat-v2,validated
weekly-2026-08-16-r1,weekly_compstat,2026-08-10,2026-08-16,1,7d23f10cc3e90aaa48cbc3bc24227cb4b6b80a37030aa250dc8b08f3ed7f5917,21,district,district_17,District 17,juvenile_shooting_incidents,*Juv Shooting Incidents,year_to_date,percent_change,percent,2026,2024,2,-50.0,-0.5,-50%,,not_checkable,,,wilmington-compstat-v2,validated
weekly-2026-08-16-r1,weekly_compstat,2026-08-10,2026-08-16,1,7d23f10cc3e90aaa48cbc3bc24227cb4b6b80a37030aa250dc8b08f3ed7f5917,21,district,district_17,District 17,juvenile_shooting_incidents,*Juv Shooting Incidents,year_to_date,percent_change,percent,2026,2023,3,-67.0,-0.67,-67%,,not_checkable,,,wilmington-compstat-v2,validated
weekly-2026-08-16-r1,weekly_compstat,2026-08-10,2026-08-16,1,7d23f10cc3e90aaa48cbc3bc24227cb4b6b80a37030aa250dc8b08f3ed7f5917,21,district,district_17,District 17,juvenile_shooting_incidents,*Juv Shooting Incidents,year_to_date,percent_change,percent,2026,2022,4,-80.0,-0.8,-80%,,not_checkable,,,wilmington-compstat-v2,validated
weekly-2026-08-16-r1,weekly_compstat,2026-08-10,2026-08-16,1,7d23f10cc3e90aaa48cbc3bc24227cb4b6b80a37030aa250dc8b08f3ed7f5917,21,district,district_17,District 17,juvenile_shooting_incidents,*Juv Shooting Incidents,year_to_date,percent_change,percent,2026,2021,5,0.0,0.0,0%,,not_checkable,,,wilmington-compstat-v2,validated
weekly-2026-08-16-r1,weekly_compstat,2026-08-10,2026-08-16,1,7d23f10cc3e90aaa48cbc3bc24227cb4b6b80a37030aa250dc8b08f3ed7f5917,21,district,district_17,District 17,juvenile_shooting_incidents,*Juv Shooting Incidents,year_to_date,percent_change,percent,2026,2020,6,-75.0,-0.75,-75%,,not_checkable,,,wilmington-compstat-v2,validated
weekly-2026-08-16-r1,weekly_compstat,2026-08-10,2026-08-16,1,7d23f10cc3e90aaa48cbc3bc24227cb4b6b80a37030aa250dc8b08f3ed7f5917,21,district,district_17,District 17,juvenile_shooting_victims,*Juv Shooting Victims,last_7_days,count,count,2026,,,0,,0,,not_applicable,,,wilmington-compstat-v2,validated
weekly-2026-08-16-r1,weekly_compstat,2026-08-10,2026-08-16,1,7d23f10cc3e90aaa48cbc3bc24227cb4b6b80a37030aa250dc8b08f3ed7f5917,21,district,district_17,District 17,juvenile_shooting_victims,*Juv Shooting Victims,last_7_days,count,count,2025,,,0,,0,,not_applicable,,,wilmington-compstat-v2,validated
weekly-2026-08-16-r1,weekly_compstat,2026-08-10,2026-08-16,1,7d23f10cc3e90aaa48cbc3bc24227cb4b6b80a37030aa250dc8b08f3ed7f5917,21,district,district_17,District 17,juvenile_shooting_victims,*Juv Shooting Victims,last_7_days,percent_change,percent,2026,2025,1,,,*,,undefined_zero_denominator,,undefined_zero_denominator,wilmington-compstat-v2,validated
weekly-2026-08-16-r1,weekly_compstat,2026-08-10,2026-08-16,1,7d23f10cc3e90aaa48cbc3bc24227cb4b6b80a37030aa250dc8b08f3ed7f5917,21,district,district_17,District 17,juvenile_shooting_victims,*Juv Shooting Victims,last_28_days,count,count,2026,,,0,,0,,not_applicable,,,wilmington-compstat-v2,validated
weekly-2026-08-16-r1,weekly_compstat,2026-08-10,2026-08-16,1,7d23f10cc3e90aaa48cbc3bc24227cb4b6b80a37030aa250dc8b08f3ed7f5917,21,district,district_17,District 17,juvenile_shooting_victims,*Juv Shooting Victims,last_28_days,count,count,2025,,,0,,0,,not_applicable,,,wilmington-compstat-v2,validated
weekly-2026-08-16-r1,weekly_compstat,2026-08-10,2026-08-16,1,7d23f10cc3e90aaa48cbc3bc24227cb4b6b80a37030aa250dc8b08f3ed7f5917,21,district,district_17,District 17,juvenile_shooting_victims,*Juv Shooting Victims,last_28_days,percent_change,percent,2026,2025,1,,,*,,undefined_zero_denominator,,undefined_zero_denominator,wilmington-compstat-v2,validated
weekly-2026-08-16-r1,weekly_compstat,2026-08-10,2026-08-16,1,7d23f10cc3e90aaa48cbc3bc24227cb4b6b80a37030aa250dc8b08f3ed7f5917,21,district,district_17,District 17,juvenile_shooting_victims,*Juv Shooting Victims,year_to_date,count,count,2026,,,1,,1,,not_applicable,,,wilmington-compstat-v2,validated
weekly-2026-08-16-r1,weekly_compstat,2026-08-10,2026-08-16,1,7d23f10cc3e90aaa48cbc3bc24227cb4b6b80a37030aa250dc8b08f3ed7f5917,21,district,district_17,District 17,juvenile_shooting_victims,*Juv Shooting Victims,year_to_date,count,count,2025,,,3,,3,,not_applicable,,,wilmington-compstat-v2,validated
weekly-2026-08-16-r1,weekly_compstat,2026-08-10,2026-08-16,1,7d23f10cc3e90aaa48cbc3bc24227cb4b6b80a37030aa250dc8b08f3ed7f5917,21,district,district_17,District 17,juvenile_shooting_victims,*Juv Shooting Victims,year_to_date,percent_change,percent,2026,2025,1,-67.0,-0.67,-67%,-66.666667,matched,,,wilmington-compstat-v2,validated
weekly-2026-08-16-r1,weekly_compstat,2026-08-10,2026-08-16,1,7d23f10cc3e90aaa48cbc3bc24227cb4b6b80a37030aa250dc8b08f3ed7f5917,21,district,district_17,District 17,juvenile_shooting_victims,*Juv Shooting Victims,year_to_date,percent_change,percent,2026,2024,2,-50.0,-0.5,-50%,,not_checkable,,,wilmington-compstat-v2,validated
weekly-2026-08-16-r1,weekly_compstat,2026-08-10,2026-08-16,1,7d23f10cc3e90aaa48cbc3bc24227cb4b6b80a37030aa250dc8b08f3ed7f5917,21,district,district_17,District 17,juvenile_shooting_victims,*Juv Shooting Victims,year_to_date,percent_change,percent,2026,2023,3,-67.0,-0.67,-67%,,not_checkable,,,wilmington-compstat-v2,validated
weekly-2026-08-16-r1,weekly_compstat,2026-08-10,2026-08-16,1,7d23f10cc3e90aaa48cbc3bc24227cb4b6b80a37030aa250dc8b08f3ed7f5917,21,district,district_17,District 17,juvenile_shooting_victims,*Juv Shooting Victims,year_to_date,percent_change,percent,2026,2022,4,-86.0,-0.86,-86%,,not_checkable,,,wilmington-compstat-v2,validated
weekly-2026-08-16-r1,weekly_compstat,2026-08-10,2026-08-16,1,7d23f10cc3e90aaa48cbc3bc24227cb4b6b80a37030aa250dc8b08f3ed7f5917,21,district,district_17,District 17,juvenile_shooting_victims,*Juv Shooting Victims,year_to_date,percent_change,percent,2026,2021,5,0.0,0.0,0%,,not_checkable,,,wilmington-compstat-v2,validated
weekly-2026-08-16-r1,weekly_compstat,2026-08-10,2026-08-16,1,7d23f10cc3e90aaa48cbc3bc24227cb4b6b80a37030aa250dc8b08f3ed7f5917,21,district,district_17,District 17,juvenile_shooting_victims,*Juv Shooting Victims,year_to_date,percent_change,percent,2026,2020,6,-75.0,-0.75,-75%,,not_checkable,,,wilmington-compstat-v2,validated
weekly-2026-08-16-r1,weekly_compstat,2026-08-10,2026-08-16,1,7d23f10cc3e90aaa48cbc3bc24227cb4b6b80a37030aa250dc8b08f3ed7f5917,21,district,district_17,District 17,misdemeanor_theft,Theft (Misdemeanor),last_7_days,count,count,2026,,,1,,1,,not_applicable,,,wilmington-compstat-v2,validated
weekly-2026-08-16-r1,weekly_compstat,2026-08-10,2026-08-16,1,7d23f10cc3e90aaa48cbc3bc24227cb4b6b80a37030aa250dc8b08f3ed7f5917,21,district,district_17,District 17,misdemeanor_theft,Theft (Misdemeanor),last_7_days,count,count,2025,,,0,,0,,not_applicable,,,wilmington-compstat-v2,validated
weekly-2026-08-16-r1,weekly_compstat,2026-08-10,2026-08-16,1,7d23f10cc3e90aaa48cbc3bc24227cb4b6b80a37030aa250dc8b08f3ed7f5917,21,district,district_17,District 17,misdemeanor_theft,Theft (Misdemeanor),last_7_days,percent_change,percent,2026,2025,1,,,*,,undefined_zero_denominator,,undefined_zero_denominator,wilmington-compstat-v2,validated
weekly-2026-08-16-r1,weekly_compstat,2026-08-10,2026-08-16,1,7d23f10cc3e90aaa48cbc3bc24227cb4b6b80a37030aa250dc8b08f3ed7f5917,21,district,district_17,District 17,misdemeanor_theft,Theft (Misdemeanor),last_28_days,count,count,2026,,,9,,9,,not_applicable,,,wilmington-compstat-v2,validated
weekly-2026-08-16-r1,weekly_compstat,2026-08-10,2026-08-16,1,7d23f10cc3e90aaa48cbc3bc24227cb4b6b80a37030aa250dc8b08f3ed7f5917,21,district,district_17,District 17,misdemeanor_theft,Theft (Misdemeanor),last_28_days,count,count,2025,,,8,,8,,not_applicable,,,wilmington-compstat-v2,validated
weekly-2026-08-16-r1,weekly_compstat,2026-08-10,2026-08-16,1,7d23f10cc3e90aaa48cbc3bc24227cb4b6b80a37030aa250dc8b08f3ed7f5917,21,district,district_17,District 17,misdemeanor_theft,Theft (Misdemeanor),last_28_days,percent_change,percent,2026,2025,1,13.0,0.13,13%,12.5,matched,,,wilmington-compstat-v2,validated
weekly-2026-08-16-r1,weekly_compstat,2026-08-10,2026-08-16,1,7d23f10cc3e90aaa48cbc3bc24227cb4b6b80a37030aa250dc8b08f3ed7f5917,21,district,district_17,District 17,misdemeanor_theft,Theft (Misdemeanor),year_to_date,count,count,2026,,,56,,56,,not_applicable,,,wilmington-compstat-v2,validated
weekly-2026-08-16-r1,weekly_compstat,2026-08-10,2026-08-16,1,7d23f10cc3e90aaa48cbc3bc24227cb4b6b80a37030aa250dc8b08f3ed7f5917,21,district,district_17,District 17,misdemeanor_theft,Theft (Misdemeanor),year_to_date,count,count,2025,,,69,,69,,not_applicable,,,wilmington-compstat-v2,validated
weekly-2026-08-16-r1,weekly_compstat,2026-08-10,2026-08-16,1,7d23f10cc3e90aaa48cbc3bc24227cb4b6b80a37030aa250dc8b08f3ed7f5917,21,district,district_17,District 17,misdemeanor_theft,Theft (Misdemeanor),year_to_date,percent_change,percent,2026,2025,1,-19.0,-0.19,-19%,-18.84058,matched,,,wilmington-compstat-v2,validated
weekly-2026-08-16-r1,weekly_compstat,2026-08-10,2026-08-16,1,7d23f10cc3e90aaa48cbc3bc24227cb4b6b80a37030aa250dc8b08f3ed7f5917,21,district,district_17,District 17,misdemeanor_theft,Theft (Misdemeanor),year_to_date,percent_change,percent,2026,2024,2,-30.0,-0.3,-30%,,not_checkable,,,wilmington-compstat-v2,validated
weekly-2026-08-16-r1,weekly_compstat,2026-08-10,2026-08-16,1,7d23f10cc3e90aaa48cbc3bc24227cb4b6b80a37030aa250dc8b08f3ed7f5917,21,district,district_17,District 17,misdemeanor_theft,Theft (Misdemeanor),year_to_date,percent_change,percent,2026,2023,3,-16.0,-0.16,-16%,,not_checkable,,,wilmington-compstat-v2,validated
weekly-2026-08-16-r1,weekly_compstat,2026-08-10,2026-08-16,1,7d23f10cc3e90aaa48cbc3bc24227cb4b6b80a37030aa250dc8b08f3ed7f5917,21,district,district_17,District 17,misdemeanor_theft,Theft (Misdemeanor),year_to_date,percent_change,percent,2026,2022,4,-42.0,-0.42,-42%,,not_checkable,,,wilmington-compstat-v2,validated
weekly-2026-08-16-r1,weekly_compstat,2026-08-10,2026-08-16,1,7d23f10cc3e90aaa48cbc3bc24227cb4b6b80a37030aa250dc8b08f3ed7f5917,21,district,district_17,District 17,misdemeanor_theft,Theft (Misdemeanor),year_to_date,percent_change,percent,2026,2021,5,-54.0,-0.54,-54%,,not_checkable,,,wilmington-compstat-v2,validated
weekly-2026-08-16-r1,weekly_compstat,2026-08-10,2026-08-16,1,7d23f10cc3e90aaa48cbc3bc24227cb4b6b80a37030aa250dc8b08f3ed7f5917,21,district,district_17,District 17,misdemeanor_theft,Theft (Misdemeanor),year_to_date,percent_change,percent,2026,2020,6,-40.0,-0.4,-40%,,not_checkable,,,wilmington-compstat-v2,validated
weekly-2026-08-16-r1,weekly_compstat,2026-08-10,2026-08-16,1,7d23f10cc3e90aaa48cbc3bc24227cb4b6b80a37030aa250dc8b08f3ed7f5917,23,district,district_18,District 18,murder,Murder,last_7_days,count,count,2026,,,0,,0,,not_applicable,,,wilmington-compstat-v2,validated
weekly-2026-08-16-r1,weekly_compstat,2026-08-10,2026-08-16,1,7d23f10cc3e90aaa48cbc3bc24227cb4b6b80a37030aa250dc8b08f3ed7f5917,23,district,district_18,District 18,murder,Murder,last_7_days,count,count,2025,,,0,,0,,not_applicable,,,wilmington-compstat-v2,validated
weekly-2026-08-16-r1,weekly_compstat,2026-08-10,2026-08-16,1,7d23f10cc3e90aaa48cbc3bc24227cb4b6b80a37030aa250dc8b08f3ed7f5917,23,district,district_18,District 18,murder,Murder,last_7_days,percent_change,percent,2026,2025,1,,,*,,undefined_zero_denominator,,undefined_zero_denominator,wilmington-compstat-v2,validated
weekly-2026-08-16-r1,weekly_compstat,2026-08-10,2026-08-16,1,7d23f10cc3e90aaa48cbc3bc24227cb4b6b80a37030aa250dc8b08f3ed7f5917,23,district,district_18,District 18,murder,Murder,last_28_days,count,count,2026,,,0,,0,,not_applicable,,,wilmington-compstat-v2,validated
weekly-2026-08-16-r1,weekly_compstat,2026-08-10,2026-08-16,1,7d23f10cc3e90aaa48cbc3bc24227cb4b6b80a37030aa250dc8b08f3ed7f5917,23,district,district_18,District 18,murder,Murder,last_28_days,count,count,2025,,,2,,2,,not_applicable,,,wilmington-compstat-v2,validated
weekly-2026-08-16-r1,weekly_compstat,2026-08-10,2026-08-16,1,7d23f10cc3e90aaa48cbc3bc24227cb4b6b80a37030aa250dc8b08f3ed7f5917,23,district,district_18,District 18,murder,Murder,last_28_days,percent_change,percent,2026,2025,1,-100.0,-1.0,-100%,-100.0,matched,,,wilmington-compstat-v2,validated
weekly-2026-08-16-r1,weekly_compstat,2026-08-10,2026-08-16,1,7d23f10cc3e90aaa48cbc3bc24227cb4b6b80a37030aa250dc8b08f3ed7f5917,23,district,district_18,District 18,murder,Murder,year_to_date,count,count,2026,,,1,,1,,not_applicable,,,wilmington-compstat-v2,validated
weekly-2026-08-16-r1,weekly_compstat,2026-08-10,2026-08-16,1,7d23f10cc3e90aaa48cbc3bc24227cb4b6b80a37030aa250dc8b08f3ed7f5917,23,district,district_18,District 18,murder,Murder,year_to_date,count,count,2025,,,2,,2,,not_applicable,,,wilmington-compstat-v2,validated
weekly-2026-08-16-r1,weekly_compstat,2026-08-10,2026-08-16,1,7d23f10cc3e90aaa48cbc3bc24227cb4b6b80a37030aa250dc8b08f3ed7f5917,23,district,district_18,District 18,murder,Murder,year_to_date,percent_change,percent,2026,2025,1,-50.0,-0.5,-50%,-50.0,matched,,,wilmington-compstat-v2,validated
weekly-2026-08-16-r1,weekly_compstat,2026-08-10,2026-08-16,1,7d23f10cc3e90aaa48cbc3bc24227cb4b6b80a37030aa250dc8b08f3ed7f5917,23,district,district_18,District 18,murder,Murder,year_to_date,percent_change,percent,2026,2024,2,-50.0,-0.5,-50%,,not_checkable,,,wilmington-compstat-v2,validated
weekly-2026-08-16-r1,weekly_compstat,2026-08-10,2026-08-16,1,7d23f10cc3e90aaa48cbc3bc24227cb4b6b80a37030aa250dc8b08f3ed7f5917,23,district,district_18,District 18,murder,Murder,year_to_date,percent_change,percent,2026,2023,3,,,*,,not_checkable,,undefined_zero_denominator,wilmington-compstat-v2,validated
weekly-2026-08-16-r1,weekly_compstat,2026-08-10,2026-08-16,1,7d23f10cc3e90aaa48cbc3bc24227cb4b6b80a37030aa250dc8b08f3ed7f5917,23,district,district_18,District 18,murder,Murder,year_to_date,percent_change,percent,2026,2022,4,0.0,0.0,0%,,not_checkable,,,wilmington-compstat-v2,validated
weekly-2026-08-16-r1,weekly_compstat,2026-08-10,2026-08-16,1,7d23f10cc3e90aaa48cbc3bc24227cb4b6b80a37030aa250dc8b08f3ed7f5917,23,district,district_18,District 18,murder,Murder,year_to_date,percent_change,percent,2026,2021,5,-50.0,-0.5,-50%,,not_checkable,,,wilmington-compstat-v2,validated
weekly-2026-08-16-r1,weekly_compstat,2026-08-10,2026-08-16,1,7d23f10cc3e90aaa48cbc3bc24227cb4b6b80a37030aa250dc8b08f3ed7f5917,23,district,district_18,District 18,murder,Murder,year_to_date,percent_change,percent,2026,2020,6,0.0,0.0,0%,,not_checkable,,,wilmington-compstat-v2,validated
weekly-2026-08-16-r1,weekly_compstat,2026-08-10,2026-08-16,1,7d23f10cc3e90aaa48cbc3bc24227cb4b6b80a37030aa250dc8b08f3ed7f5917,23,district,district_18,District 18,rape,Rape,last_7_days,count,count,2026,,,0,,0,,not_applicable,,,wilmington-compstat-v2,validated
weekly-2026-08-16-r1,weekly_compstat,2026-08-10,2026-08-16,1,7d23f10cc3e90aaa48cbc3bc24227cb4b6b80a37030aa250dc8b08f3ed7f5917,23,district,district_18,District 18,rape,Rape,last_7_days,count,count,2025,,,0,,0,,not_applicable,,,wilmington-compstat-v2,validated
weekly-2026-08-16-r1,weekly_compstat,2026-08-10,2026-08-16,1,7d23f10cc3e90aaa48cbc3bc24227cb4b6b80a37030aa250dc8b08f3ed7f5917,23,district,district_18,District 18,rape,Rape,last_7_days,percent_change,percent,2026,2025,1,,,*,,undefined_zero_denominator,,undefined_zero_denominator,wilmington-compstat-v2,validated
weekly-2026-08-16-r1,weekly_compstat,2026-08-10,2026-08-16,1,7d23f10cc3e90aaa48cbc3bc24227cb4b6b80a37030aa250dc8b08f3ed7f5917,23,district,district_18,District 18,rape,Rape,last_28_days,count,count,2026,,,2,,2,,not_applicable,,,wilmington-compstat-v2,validated
weekly-2026-08-16-r1,weekly_compstat,2026-08-10,2026-08-16,1,7d23f10cc3e90aaa48cbc3bc24227cb4b6b80a37030aa250dc8b08f3ed7f5917,23,district,district_18,District 18,rape,Rape,last_28_days,count,count,2025,,,0,,0,,not_applicable,,,wilmington-compstat-v2,validated
weekly-2026-08-16-r1,weekly_compstat,2026-08-10,2026-08-16,1,7d23f10cc3e90aaa48cbc3bc24227cb4b6b80a37030aa250dc8b08f3ed7f5917,23,district,district_18,District 18,rape,Rape,last_28_days,percent_change,percent,2026,2025,1,,,*,,undefined_zero_denominator,,undefined_zero_denominator,wilmington-compstat-v2,validated
weekly-2026-08-16-r1,weekly_compstat,2026-08-10,2026-08-16,1,7d23f10cc3e90aaa48cbc3bc24227cb4b6b80a37030aa250dc8b08f3ed7f5917,23,district,district_18,District 18,rape,Rape,year_to_date,count,count,2026,,,2,,2,,not_applicable,,,wilmington-compstat-v2,validated
weekly-2026-08-16-r1,weekly_compstat,2026-08-10,2026-08-16,1,7d23f10cc3e90aaa48cbc3bc24227cb4b6b80a37030aa250dc8b08f3ed7f5917,23,district,district_18,District 18,rape,Rape,year_to_date,count,count,2025,,,0,,0,,not_applicable,,,wilmington-compstat-v2,validated
weekly-2026-08-16-r1,weekly_compstat,2026-08-10,2026-08-16,1,7d23f10cc3e90aaa48cbc3bc24227cb4b6b80a37030aa250dc8b08f3ed7f5917,23,district,district_18,District 18,rape,Rape,year_to_date,percent_change,percent,2026,2025,1,,,*,,undefined_zero_denominator,,undefined_zero_denominator,wilmington-compstat-v2,validated
weekly-2026-08-16-r1,weekly_compstat,2026-08-10,2026-08-16,1,7d23f10cc3e90aaa48cbc3bc24227cb4b6b80a37030aa250dc8b08f3ed7f5917,23,district,district_18,District 18,rape,Rape,year_to_date,percent_change,percent,2026,2024,2,,,*,,not_checkable,,undefined_zero_denominator,wilmington-compstat-v2,validated
weekly-2026-08-16-r1,weekly_compstat,2026-08-10,2026-08-16,1,7d23f10cc3e90aaa48cbc3bc24227cb4b6b80a37030aa250dc8b08f3ed7f5917,23,district,district_18,District 18,rape,Rape,year_to_date,percent_change,percent,2026,2023,3,0.0,0.0,0%,,not_checkable,,,wilmington-compstat-v2,validated
weekly-2026-08-16-r1,weekly_compstat,2026-08-10,2026-08-16,1,7d23f10cc3e90aaa48cbc3bc24227cb4b6b80a37030aa250dc8b08f3ed7f5917,23,district,district_18,District 18,rape,Rape,year_to_date,percent_change,percent,2026,2022,4,100.0,1.0,100%,,not_checkable,,,wilmington-compstat-v2,validated
weekly-2026-08-16-r1,weekly_compstat,2026-08-10,2026-08-16,1,7d23f10cc3e90aaa48cbc3bc24227cb4b6b80a37030aa250dc8b08f3ed7f5917,23,district,district_18,District 18,rape,Rape,year_to_date,percent_change,percent,2026,2021,5,,,*,,not_checkable,,undefined_zero_denominator,wilmington-compstat-v2,validated
weekly-2026-08-16-r1,weekly_compstat,2026-08-10,2026-08-16,1,7d23f10cc3e90aaa48cbc3bc24227cb4b6b80a37030aa250dc8b08f3ed7f5917,23,district,district_18,District 18,rape,Rape,year_to_date,percent_change,percent,2026,2020,6,,,*,,not_checkable,,undefined_zero_denominator,wilmington-compstat-v2,validated
weekly-2026-08-16-r1,weekly_compstat,2026-08-10,2026-08-16,1,7d23f10cc3e90aaa48cbc3bc24227cb4b6b80a37030aa250dc8b08f3ed7f5917,23,district,district_18,District 18,robbery,Robbery,last_7_days,count,count,2026,,,0,,0,,not_applicable,,,wilmington-compstat-v2,validated
weekly-2026-08-16-r1,weekly_compstat,2026-08-10,2026-08-16,1,7d23f10cc3e90aaa48cbc3bc24227cb4b6b80a37030aa250dc8b08f3ed7f5917,23,district,district_18,District 18,robbery,Robbery,last_7_days,count,count,2025,,,0,,0,,not_applicable,,,wilmington-compstat-v2,validated
weekly-2026-08-16-r1,weekly_compstat,2026-08-10,2026-08-16,1,7d23f10cc3e90aaa48cbc3bc24227cb4b6b80a37030aa250dc8b08f3ed7f5917,23,district,district_18,District 18,robbery,Robbery,last_7_days,percent_change,percent,2026,2025,1,,,*,,undefined_zero_denominator,,undefined_zero_denominator,wilmington-compstat-v2,validated
weekly-2026-08-16-r1,weekly_compstat,2026-08-10,2026-08-16,1,7d23f10cc3e90aaa48cbc3bc24227cb4b6b80a37030aa250dc8b08f3ed7f5917,23,district,district_18,District 18,robbery,Robbery,last_28_days,count,count,2026,,,1,,1,,not_applicable,,,wilmington-compstat-v2,validated
weekly-2026-08-16-r1,weekly_compstat,2026-08-10,2026-08-16,1,7d23f10cc3e90aaa48cbc3bc24227cb4b6b80a37030aa250dc8b08f3ed7f5917,23,district,district_18,District 18,robbery,Robbery,last_28_days,count,count,2025,,,1,,1,,not_applicable,,,wilmington-compstat-v2,validated
weekly-2026-08-16-r1,weekly_compstat,2026-08-10,2026-08-16,1,7d23f10cc3e90aaa48cbc3bc24227cb4b6b80a37030aa250dc8b08f3ed7f5917,23,district,district_18,District 18,robbery,Robbery,last_28_days,percent_change,percent,2026,2025,1,0.0,0.0,0%,0.0,matched,,,wilmington-compstat-v2,validated
weekly-2026-08-16-r1,weekly_compstat,2026-08-10,2026-08-16,1,7d23f10cc3e90aaa48cbc3bc24227cb4b6b80a37030aa250dc8b08f3ed7f5917,23,district,district_18,District 18,robbery,Robbery,year_to_date,count,count,2026,,,17,,17,,not_applicable,,,wilmington-compstat-v2,validated
weekly-2026-08-16-r1,weekly_compstat,2026-08-10,2026-08-16,1,7d23f10cc3e90aaa48cbc3bc24227cb4b6b80a37030aa250dc8b08f3ed7f5917,23,district,district_18,District 18,robbery,Robbery,year_to_date,count,count,2025,,,9,,9,,not_applicable,,,wilmington-compstat-v2,validated
weekly-2026-08-16-r1,weekly_compstat,2026-08-10,2026-08-16,1,7d23f10cc3e90aaa48cbc3bc24227cb4b6b80a37030aa250dc8b08f3ed7f5917,23,district,district_18,District 18,robbery,Robbery,year_to_date,percent_change,percent,2026,2025,1,89.0,0.89,89%,88.888889,matched,,,wilmington-compstat-v2,validated
weekly-2026-08-16-r1,weekly_compstat,2026-08-10,2026-08-16,1,7d23f10cc3e90aaa48cbc3bc24227cb4b6b80a37030aa250dc8b08f3ed7f5917,23,district,district_18,District 18,robbery,Robbery,year_to_date,percent_change,percent,2026,2024,2,21.0,0.21,21%,,not_checkable,,,wilmington-compstat-v2,validated
weekly-2026-08-16-r1,weekly_compstat,2026-08-10,2026-08-16,1,7d23f10cc3e90aaa48cbc3bc24227cb4b6b80a37030aa250dc8b08f3ed7f5917,23,district,district_18,District 18,robbery,Robbery,year_to_date,percent_change,percent,2026,2023,3,-26.0,-0.26,-26%,,not_checkable,,,wilmington-compstat-v2,validated
weekly-2026-08-16-r1,weekly_compstat,2026-08-10,2026-08-16,1,7d23f10cc3e90aaa48cbc3bc24227cb4b6b80a37030aa250dc8b08f3ed7f5917,23,district,district_18,District 18,robbery,Robbery,year_to_date,percent_change,percent,2026,2022,4,-15.0,-0.15,-15%,,not_checkable,,,wilmington-compstat-v2,validated
weekly-2026-08-16-r1,weekly_compstat,2026-08-10,2026-08-16,1,7d23f10cc3e90aaa48cbc3bc24227cb4b6b80a37030aa250dc8b08f3ed7f5917,23,district,district_18,District 18,robbery,Robbery,year_to_date,percent_change,percent,2026,2021,5,13.0,0.13,13%,,not_checkable,,,wilmington-compstat-v2,validated
weekly-2026-08-16-r1,weekly_compstat,2026-08-10,2026-08-16,1,7d23f10cc3e90aaa48cbc3bc24227cb4b6b80a37030aa250dc8b08f3ed7f5917,23,district,district_18,District 18,robbery,Robbery,year_to_date,percent_change,percent,2026,2020,6,-23.0,-0.23,-23%,,not_checkable,,,wilmington-compstat-v2,validated
weekly-2026-08-16-r1,weekly_compstat,2026-08-10,2026-08-16,1,7d23f10cc3e90aaa48cbc3bc24227cb4b6b80a37030aa250dc8b08f3ed7f5917,23,district,district_18,District 18,aggravated_assault,Agg. Assault,last_7_days,count,count,2026,,,0,,0,,not_applicable,,,wilmington-compstat-v2,validated
weekly-2026-08-16-r1,weekly_compstat,2026-08-10,2026-08-16,1,7d23f10cc3e90aaa48cbc3bc24227cb4b6b80a37030aa250dc8b08f3ed7f5917,23,district,district_18,District 18,aggravated_assault,Agg. Assault,last_7_days,count,count,2025,,,0,,0,,not_applicable,,,wilmington-compstat-v2,validated
weekly-2026-08-16-r1,weekly_compstat,2026-08-10,2026-08-16,1,7d23f10cc3e90aaa48cbc3bc24227cb4b6b80a37030aa250dc8b08f3ed7f5917,23,district,district_18,District 18,aggravated_assault,Agg. Assault,last_7_days,percent_change,percent,2026,2025,1,,,*,,undefined_zero_denominator,,undefined_zero_denominator,wilmington-compstat-v2,validated
weekly-2026-08-16-r1,weekly_compstat,2026-08-10,2026-08-16,1,7d23f10cc3e90aaa48cbc3bc24227cb4b6b80a37030aa250dc8b08f3ed7f5917,23,district,district_18,District 18,aggravated_assault,Agg. Assault,last_28_days,count,count,2026,,,3,,3,,not_applicable,,,wilmington-compstat-v2,validated
weekly-2026-08-16-r1,weekly_compstat,2026-08-10,2026-08-16,1,7d23f10cc3e90aaa48cbc3bc24227cb4b6b80a37030aa250dc8b08f3ed7f5917,23,district,district_18,District 18,aggravated_assault,Agg. Assault,last_28_days,count,count,2025,,,6,,6,,not_applicable,,,wilmington-compstat-v2,validated
weekly-2026-08-16-r1,weekly_compstat,2026-08-10,2026-08-16,1,7d23f10cc3e90aaa48cbc3bc24227cb4b6b80a37030aa250dc8b08f3ed7f5917,23,district,district_18,District 18,aggravated_assault,Agg. Assault,last_28_days,percent_change,percent,2026,2025,1,-50.0,-0.5,-50%,-50.0,matched,,,wilmington-compstat-v2,validated
weekly-2026-08-16-r1,weekly_compstat,2026-08-10,2026-08-16,1,7d23f10cc3e90aaa48cbc3bc24227cb4b6b80a37030aa250dc8b08f3ed7f5917,23,district,district_18,District 18,aggravated_assault,Agg. Assault,year_to_date,count,count,2026,,,28,,28,,not_applicable,,,wilmington-compstat-v2,validated
weekly-2026-08-16-r1,weekly_compstat,2026-08-10,2026-08-16,1,7d23f10cc3e90aaa48cbc3bc24227cb4b6b80a37030aa250dc8b08f3ed7f5917,23,district,district_18,District 18,aggravated_assault,Agg. Assault,year_to_date,count,count,2025,,,32,,32,,not_applicable,,,wilmington-compstat-v2,validated
weekly-2026-08-16-r1,weekly_compstat,2026-08-10,2026-08-16,1,7d23f10cc3e90aaa48cbc3bc24227cb4b6b80a37030aa250dc8b08f3ed7f5917,23,district,district_18,District 18,aggravated_assault,Agg. Assault,year_to_date,percent_change,percent,2026,2025,1,-13.0,-0.13,-13%,-12.5,matched,,,wilmington-compstat-v2,validated
weekly-2026-08-16-r1,weekly_compstat,2026-08-10,2026-08-16,1,7d23f10cc3e90aaa48cbc3bc24227cb4b6b80a37030aa250dc8b08f3ed7f5917,23,district,district_18,District 18,aggravated_assault,Agg. Assault,year_to_date,percent_change,percent,2026,2024,2,-7.0,-0.07,-7%,,not_checkable,,,wilmington-compstat-v2,validated
weekly-2026-08-16-r1,weekly_compstat,2026-08-10,2026-08-16,1,7d23f10cc3e90aaa48cbc3bc24227cb4b6b80a37030aa250dc8b08f3ed7f5917,23,district,district_18,District 18,aggravated_assault,Agg. Assault,year_to_date,percent_change,percent,2026,2023,3,-18.0,-0.18,-18%,,not_checkable,,,wilmington-compstat-v2,validated
weekly-2026-08-16-r1,weekly_compstat,2026-08-10,2026-08-16,1,7d23f10cc3e90aaa48cbc3bc24227cb4b6b80a37030aa250dc8b08f3ed7f5917,23,district,district_18,District 18,aggravated_assault,Agg. Assault,year_to_date,percent_change,percent,2026,2022,4,65.0,0.65,65%,,not_checkable,,,wilmington-compstat-v2,validated
weekly-2026-08-16-r1,weekly_compstat,2026-08-10,2026-08-16,1,7d23f10cc3e90aaa48cbc3bc24227cb4b6b80a37030aa250dc8b08f3ed7f5917,23,district,district_18,District 18,aggravated_assault,Agg. Assault,year_to_date,percent_change,percent,2026,2021,5,22.0,0.22,22%,,not_checkable,,,wilmington-compstat-v2,validated
weekly-2026-08-16-r1,weekly_compstat,2026-08-10,2026-08-16,1,7d23f10cc3e90aaa48cbc3bc24227cb4b6b80a37030aa250dc8b08f3ed7f5917,23,district,district_18,District 18,aggravated_assault,Agg. Assault,year_to_date,percent_change,percent,2026,2020,6,27.0,0.27,27%,,not_checkable,,,wilmington-compstat-v2,validated
weekly-2026-08-16-r1,weekly_compstat,2026-08-10,2026-08-16,1,7d23f10cc3e90aaa48cbc3bc24227cb4b6b80a37030aa250dc8b08f3ed7f5917,23,district,district_18,District 18,burglary,Burglary,last_7_days,count,count,2026,,,0,,0,,not_applicable,,,wilmington-compstat-v2,validated
weekly-2026-08-16-r1,weekly_compstat,2026-08-10,2026-08-16,1,7d23f10cc3e90aaa48cbc3bc24227cb4b6b80a37030aa250dc8b08f3ed7f5917,23,district,district_18,District 18,burglary,Burglary,last_7_days,count,count,2025,,,0,,0,,not_applicable,,,wilmington-compstat-v2,validated
weekly-2026-08-16-r1,weekly_compstat,2026-08-10,2026-08-16,1,7d23f10cc3e90aaa48cbc3bc24227cb4b6b80a37030aa250dc8b08f3ed7f5917,23,district,district_18,District 18,burglary,Burglary,last_7_days,percent_change,percent,2026,2025,1,,,*,,undefined_zero_denominator,,undefined_zero_denominator,wilmington-compstat-v2,validated
weekly-2026-08-16-r1,weekly_compstat,2026-08-10,2026-08-16,1,7d23f10cc3e90aaa48cbc3bc24227cb4b6b80a37030aa250dc8b08f3ed7f5917,23,district,district_18,District 18,burglary,Burglary,last_28_days,count,count,2026,,,3,,3,,not_applicable,,,wilmington-compstat-v2,validated
weekly-2026-08-16-r1,weekly_compstat,2026-08-10,2026-08-16,1,7d23f10cc3e90aaa48cbc3bc24227cb4b6b80a37030aa250dc8b08f3ed7f5917,23,district,district_18,District 18,burglary,Burglary,last_28_days,count,count,2025,,,4,,4,,not_applicable,,,wilmington-compstat-v2,validated
weekly-2026-08-16-r1,weekly_compstat,2026-08-10,2026-08-16,1,7d23f10cc3e90aaa48cbc3bc24227cb4b6b80a37030aa250dc8b08f3ed7f5917,23,district,district_18,District 18,burglary,Burglary,last_28_days,percent_change,percent,2026,2025,1,-25.0,-0.25,-25%,-25.0,matched,,,wilmington-compstat-v2,validated
weekly-2026-08-16-r1,weekly_compstat,2026-08-10,2026-08-16,1,7d23f10cc3e90aaa48cbc3bc24227cb4b6b80a37030aa250dc8b08f3ed7f5917,23,district,district_18,District 18,burglary,Burglary,year_to_date,count,count,2026,,,36,,36,,not_applicable,,,wilmington-compstat-v2,validated
weekly-2026-08-16-r1,weekly_compstat,2026-08-10,2026-08-16,1,7d23f10cc3e90aaa48cbc3bc24227cb4b6b80a37030aa250dc8b08f3ed7f5917,23,district,district_18,District 18,burglary,Burglary,year_to_date,count,count,2025,,,33,,33,,not_applicable,,,wilmington-compstat-v2,validated
weekly-2026-08-16-r1,weekly_compstat,2026-08-10,2026-08-16,1,7d23f10cc3e90aaa48cbc3bc24227cb4b6b80a37030aa250dc8b08f3ed7f5917,23,district,district_18,District 18,burglary,Burglary,year_to_date,percent_change,percent,2026,2025,1,9.0,0.09,9%,9.090909,matched,,,wilmington-compstat-v2,validated
weekly-2026-08-16-r1,weekly_compstat,2026-08-10,2026-08-16,1,7d23f10cc3e90aaa48cbc3bc24227cb4b6b80a37030aa250dc8b08f3ed7f5917,23,district,district_18,District 18,burglary,Burglary,year_to_date,percent_change,percent,2026,2024,2,57.0,0.57,57%,,not_checkable,,,wilmington-compstat-v2,validated
weekly-2026-08-16-r1,weekly_compstat,2026-08-10,2026-08-16,1,7d23f10cc3e90aaa48cbc3bc24227cb4b6b80a37030aa250dc8b08f3ed7f5917,23,district,district_18,District 18,burglary,Burglary,year_to_date,percent_change,percent,2026,2023,3,9.0,0.09,9%,,not_checkable,,,wilmington-compstat-v2,validated
weekly-2026-08-16-r1,weekly_compstat,2026-08-10,2026-08-16,1,7d23f10cc3e90aaa48cbc3bc24227cb4b6b80a37030aa250dc8b08f3ed7f5917,23,district,district_18,District 18,burglary,Burglary,year_to_date,percent_change,percent,2026,2022,4,-5.0,-0.05,-5%,,not_checkable,,,wilmington-compstat-v2,validated
weekly-2026-08-16-r1,weekly_compstat,2026-08-10,2026-08-16,1,7d23f10cc3e90aaa48cbc3bc24227cb4b6b80a37030aa250dc8b08f3ed7f5917,23,district,district_18,District 18,burglary,Burglary,year_to_date,percent_change,percent,2026,2021,5,-28.0,-0.28,-28%,,not_checkable,,,wilmington-compstat-v2,validated
weekly-2026-08-16-r1,weekly_compstat,2026-08-10,2026-08-16,1,7d23f10cc3e90aaa48cbc3bc24227cb4b6b80a37030aa250dc8b08f3ed7f5917,23,district,district_18,District 18,burglary,Burglary,year_to_date,percent_change,percent,2026,2020,6,-20.0,-0.2,-20%,,not_checkable,,,wilmington-compstat-v2,validated
weekly-2026-08-16-r1,weekly_compstat,2026-08-10,2026-08-16,1,7d23f10cc3e90aaa48cbc3bc24227cb4b6b80a37030aa250dc8b08f3ed7f5917,23,district,district_18,District 18,felony_theft,Felony Theft,last_7_days,count,count,2026,,,1,,1,,not_applicable,,,wilmington-compstat-v2,validated
weekly-2026-08-16-r1,weekly_compstat,2026-08-10,2026-08-16,1,7d23f10cc3e90aaa48cbc3bc24227cb4b6b80a37030aa250dc8b08f3ed7f5917,23,district,district_18,District 18,felony_theft,Felony Theft,last_7_days,count,count,2025,,,1,,1,,not_applicable,,,wilmington-compstat-v2,validated
weekly-2026-08-16-r1,weekly_compstat,2026-08-10,2026-08-16,1,7d23f10cc3e90aaa48cbc3bc24227cb4b6b80a37030aa250dc8b08f3ed7f5917,23,district,district_18,District 18,felony_theft,Felony Theft,last_7_days,percent_change,percent,2026,2025,1,0.0,0.0,0%,0.0,matched,,,wilmington-compstat-v2,validated
weekly-2026-08-16-r1,weekly_compstat,2026-08-10,2026-08-16,1,7d23f10cc3e90aaa48cbc3bc24227cb4b6b80a37030aa250dc8b08f3ed7f5917,23,district,district_18,District 18,felony_theft,Felony Theft,last_28_days,count,count,2026,,,3,,3,,not_applicable,,,wilmington-compstat-v2,validated
weekly-2026-08-16-r1,weekly_compstat,2026-08-10,2026-08-16,1,7d23f10cc3e90aaa48cbc3bc24227cb4b6b80a37030aa250dc8b08f3ed7f5917,23,district,district_18,District 18,felony_theft,Felony Theft,last_28_days,count,count,2025,,,3,,3,,not_applicable,,,wilmington-compstat-v2,validated
weekly-2026-08-16-r1,weekly_compstat,2026-08-10,2026-08-16,1,7d23f10cc3e90aaa48cbc3bc24227cb4b6b80a37030aa250dc8b08f3ed7f5917,23,district,district_18,District 18,felony_theft,Felony Theft,last_28_days,percent_change,percent,2026,2025,1,0.0,0.0,0%,0.0,matched,,,wilmington-compstat-v2,validated
weekly-2026-08-16-r1,weekly_compstat,2026-08-10,2026-08-16,1,7d23f10cc3e90aaa48cbc3bc24227cb4b6b80a37030aa250dc8b08f3ed7f5917,23,district,district_18,District 18,felony_theft,Felony Theft,year_to_date,count,count,2026,,,20,,20,,not_applicable,,,wilmington-compstat-v2,validated
weekly-2026-08-16-r1,weekly_compstat,2026-08-10,2026-08-16,1,7d23f10cc3e90aaa48cbc3bc24227cb4b6b80a37030aa250dc8b08f3ed7f5917,23,district,district_18,District 18,felony_theft,Felony Theft,year_to_date,count,count,2025,,,16,,16,,not_applicable,,,wilmington-compstat-v2,validated
weekly-2026-08-16-r1,weekly_compstat,2026-08-10,2026-08-16,1,7d23f10cc3e90aaa48cbc3bc24227cb4b6b80a37030aa250dc8b08f3ed7f5917,23,district,district_18,District 18,felony_theft,Felony Theft,year_to_date,percent_change,percent,2026,2025,1,25.0,0.25,25%,25.0,matched,,,wilmington-compstat-v2,validated
weekly-2026-08-16-r1,weekly_compstat,2026-08-10,2026-08-16,1,7d23f10cc3e90aaa48cbc3bc24227cb4b6b80a37030aa250dc8b08f3ed7f5917,23,district,district_18,District 18,felony_theft,Felony Theft,year_to_date,percent_change,percent,2026,2024,2,-9.0,-0.09,-9%,,not_checkable,,,wilmington-compstat-v2,validated
weekly-2026-08-16-r1,weekly_compstat,2026-08-10,2026-08-16,1,7d23f10cc3e90aaa48cbc3bc24227cb4b6b80a37030aa250dc8b08f3ed7f5917,23,district,district_18,District 18,felony_theft,Felony Theft,year_to_date,percent_change,percent,2026,2023,3,-26.0,-0.26,-26%,,not_checkable,,,wilmington-compstat-v2,validated
weekly-2026-08-16-r1,weekly_compstat,2026-08-10,2026-08-16,1,7d23f10cc3e90aaa48cbc3bc24227cb4b6b80a37030aa250dc8b08f3ed7f5917,23,district,district_18,District 18,felony_theft,Felony Theft,year_to_date,percent_change,percent,2026,2022,4,-39.0,-0.39,-39%,,not_checkable,,,wilmington-compstat-v2,validated
weekly-2026-08-16-r1,weekly_compstat,2026-08-10,2026-08-16,1,7d23f10cc3e90aaa48cbc3bc24227cb4b6b80a37030aa250dc8b08f3ed7f5917,23,district,district_18,District 18,felony_theft,Felony Theft,year_to_date,percent_change,percent,2026,2021,5,-51.0,-0.51,-51%,,not_checkable,,,wilmington-compstat-v2,validated
weekly-2026-08-16-r1,weekly_compstat,2026-08-10,2026-08-16,1,7d23f10cc3e90aaa48cbc3bc24227cb4b6b80a37030aa250dc8b08f3ed7f5917,23,district,district_18,District 18,felony_theft,Felony Theft,year_to_date,percent_change,percent,2026,2020,6,100.0,1.0,100%,,not_checkable,,,wilmington-compstat-v2,validated
weekly-2026-08-16-r1,weekly_compstat,2026-08-10,2026-08-16,1,7d23f10cc3e90aaa48cbc3bc24227cb4b6b80a37030aa250dc8b08f3ed7f5917,23,district,district_18,District 18,auto_theft,Auto Theft,last_7_days,count,count,2026,,,0,,0,,not_applicable,,,wilmington-compstat-v2,validated
weekly-2026-08-16-r1,weekly_compstat,2026-08-10,2026-08-16,1,7d23f10cc3e90aaa48cbc3bc24227cb4b6b80a37030aa250dc8b08f3ed7f5917,23,district,district_18,District 18,auto_theft,Auto Theft,last_7_days,count,count,2025,,,0,,0,,not_applicable,,,wilmington-compstat-v2,validated
weekly-2026-08-16-r1,weekly_compstat,2026-08-10,2026-08-16,1,7d23f10cc3e90aaa48cbc3bc24227cb4b6b80a37030aa250dc8b08f3ed7f5917,23,district,district_18,District 18,auto_theft,Auto Theft,last_7_days,percent_change,percent,2026,2025,1,,,*,,undefined_zero_denominator,,undefined_zero_denominator,wilmington-compstat-v2,validated
weekly-2026-08-16-r1,weekly_compstat,2026-08-10,2026-08-16,1,7d23f10cc3e90aaa48cbc3bc24227cb4b6b80a37030aa250dc8b08f3ed7f5917,23,district,district_18,District 18,auto_theft,Auto Theft,last_28_days,count,count,2026,,,1,,1,,not_applicable,,,wilmington-compstat-v2,validated
weekly-2026-08-16-r1,weekly_compstat,2026-08-10,2026-08-16,1,7d23f10cc3e90aaa48cbc3bc24227cb4b6b80a37030aa250dc8b08f3ed7f5917,23,district,district_18,District 18,auto_theft,Auto Theft,last_28_days,count,count,2025,,,3,,3,,not_applicable,,,wilmington-compstat-v2,validated
weekly-2026-08-16-r1,weekly_compstat,2026-08-10,2026-08-16,1,7d23f10cc3e90aaa48cbc3bc24227cb4b6b80a37030aa250dc8b08f3ed7f5917,23,district,district_18,District 18,auto_theft,Auto Theft,last_28_days,percent_change,percent,2026,2025,1,-67.0,-0.67,-67%,-66.666667,matched,,,wilmington-compstat-v2,validated
weekly-2026-08-16-r1,weekly_compstat,2026-08-10,2026-08-16,1,7d23f10cc3e90aaa48cbc3bc24227cb4b6b80a37030aa250dc8b08f3ed7f5917,23,district,district_18,District 18,auto_theft,Auto Theft,year_to_date,count,count,2026,,,18,,18,,not_applicable,,,wilmington-compstat-v2,validated
weekly-2026-08-16-r1,weekly_compstat,2026-08-10,2026-08-16,1,7d23f10cc3e90aaa48cbc3bc24227cb4b6b80a37030aa250dc8b08f3ed7f5917,23,district,district_18,District 18,auto_theft,Auto Theft,year_to_date,count,count,2025,,,40,,40,,not_applicable,,,wilmington-compstat-v2,validated
weekly-2026-08-16-r1,weekly_compstat,2026-08-10,2026-08-16,1,7d23f10cc3e90aaa48cbc3bc24227cb4b6b80a37030aa250dc8b08f3ed7f5917,23,district,district_18,District 18,auto_theft,Auto Theft,year_to_date,percent_change,percent,2026,2025,1,-55.0,-0.55,-55%,-55.0,matched,,,wilmington-compstat-v2,validated
weekly-2026-08-16-r1,weekly_compstat,2026-08-10,2026-08-16,1,7d23f10cc3e90aaa48cbc3bc24227cb4b6b80a37030aa250dc8b08f3ed7f5917,23,district,district_18,District 18,auto_theft,Auto Theft,year_to_date,percent_change,percent,2026,2024,2,-67.0,-0.67,-67%,,not_checkable,,,wilmington-compstat-v2,validated
weekly-2026-08-16-r1,weekly_compstat,2026-08-10,2026-08-16,1,7d23f10cc3e90aaa48cbc3bc24227cb4b6b80a37030aa250dc8b08f3ed7f5917,23,district,district_18,District 18,auto_theft,Auto Theft,year_to_date,percent_change,percent,2026,2023,3,-71.0,-0.71,-71%,,not_checkable,,,wilmington-compstat-v2,validated
weekly-2026-08-16-r1,weekly_compstat,2026-08-10,2026-08-16,1,7d23f10cc3e90aaa48cbc3bc24227cb4b6b80a37030aa250dc8b08f3ed7f5917,23,district,district_18,District 18,auto_theft,Auto Theft,year_to_date,percent_change,percent,2026,2022,4,-61.0,-0.61,-61%,,not_checkable,,,wilmington-compstat-v2,validated
weekly-2026-08-16-r1,weekly_compstat,2026-08-10,2026-08-16,1,7d23f10cc3e90aaa48cbc3bc24227cb4b6b80a37030aa250dc8b08f3ed7f5917,23,district,district_18,District 18,auto_theft,Auto Theft,year_to_date,percent_change,percent,2026,2021,5,-54.0,-0.54,-54%,,not_checkable,,,wilmington-compstat-v2,validated
weekly-2026-08-16-r1,weekly_compstat,2026-08-10,2026-08-16,1,7d23f10cc3e90aaa48cbc3bc24227cb4b6b80a37030aa250dc8b08f3ed7f5917,23,district,district_18,District 18,auto_theft,Auto Theft,year_to_date,percent_change,percent,2026,2020,6,-10.0,-0.1,-10%,,not_checkable,,,wilmington-compstat-v2,validated
weekly-2026-08-16-r1,weekly_compstat,2026-08-10,2026-08-16,1,7d23f10cc3e90aaa48cbc3bc24227cb4b6b80a37030aa250dc8b08f3ed7f5917,23,district,district_18,District 18,major_crime_total,TOTAL,last_7_days,count,count,2026,,,1,,1,,not_applicable,,,wilmington-compstat-v2,validated
weekly-2026-08-16-r1,weekly_compstat,2026-08-10,2026-08-16,1,7d23f10cc3e90aaa48cbc3bc24227cb4b6b80a37030aa250dc8b08f3ed7f5917,23,district,district_18,District 18,major_crime_total,TOTAL,last_7_days,count,count,2025,,,1,,1,,not_applicable,,,wilmington-compstat-v2,validated
weekly-2026-08-16-r1,weekly_compstat,2026-08-10,2026-08-16,1,7d23f10cc3e90aaa48cbc3bc24227cb4b6b80a37030aa250dc8b08f3ed7f5917,23,district,district_18,District 18,major_crime_total,TOTAL,last_7_days,percent_change,percent,2026,2025,1,0.0,0.0,0%,0.0,matched,,,wilmington-compstat-v2,validated
weekly-2026-08-16-r1,weekly_compstat,2026-08-10,2026-08-16,1,7d23f10cc3e90aaa48cbc3bc24227cb4b6b80a37030aa250dc8b08f3ed7f5917,23,district,district_18,District 18,major_crime_total,TOTAL,last_28_days,count,count,2026,,,13,,13,,not_applicable,,,wilmington-compstat-v2,validated
weekly-2026-08-16-r1,weekly_compstat,2026-08-10,2026-08-16,1,7d23f10cc3e90aaa48cbc3bc24227cb4b6b80a37030aa250dc8b08f3ed7f5917,23,district,district_18,District 18,major_crime_total,TOTAL,last_28_days,count,count,2025,,,19,,19,,not_applicable,,,wilmington-compstat-v2,validated
weekly-2026-08-16-r1,weekly_compstat,2026-08-10,2026-08-16,1,7d23f10cc3e90aaa48cbc3bc24227cb4b6b80a37030aa250dc8b08f3ed7f5917,23,district,district_18,District 18,major_crime_total,TOTAL,last_28_days,percent_change,percent,2026,2025,1,-32.0,-0.32,-32%,-31.578947,matched,,,wilmington-compstat-v2,validated
weekly-2026-08-16-r1,weekly_compstat,2026-08-10,2026-08-16,1,7d23f10cc3e90aaa48cbc3bc24227cb4b6b80a37030aa250dc8b08f3ed7f5917,23,district,district_18,District 18,major_crime_total,TOTAL,year_to_date,count,count,2026,,,122,,122,,not_applicable,,,wilmington-compstat-v2,validated
weekly-2026-08-16-r1,weekly_compstat,2026-08-10,2026-08-16,1,7d23f10cc3e90aaa48cbc3bc24227cb4b6b80a37030aa250dc8b08f3ed7f5917,23,district,district_18,District 18,major_crime_total,TOTAL,year_to_date,count,count,2025,,,132,,132,,not_applicable,,,wilmington-compstat-v2,validated
weekly-2026-08-16-r1,weekly_compstat,2026-08-10,2026-08-16,1,7d23f10cc3e90aaa48cbc3bc24227cb4b6b80a37030aa250dc8b08f3ed7f5917,23,district,district_18,District 18,major_crime_total,TOTAL,year_to_date,percent_change,percent,2026,2025,1,-8.0,-0.08,-8%,-7.575758,matched,,,wilmington-compstat-v2,validated
weekly-2026-08-16-r1,weekly_compstat,2026-08-10,2026-08-16,1,7d23f10cc3e90aaa48cbc3bc24227cb4b6b80a37030aa250dc8b08f3ed7f5917,23,district,district_18,District 18,major_crime_total,TOTAL,year_to_date,percent_change,percent,2026,2024,2,-16.0,-0.16,-16%,,not_checkable,,,wilmington-compstat-v2,validated
weekly-2026-08-16-r1,weekly_compstat,2026-08-10,2026-08-16,1,7d23f10cc3e90aaa48cbc3bc24227cb4b6b80a37030aa250dc8b08f3ed7f5917,23,district,district_18,District 18,major_crime_total,TOTAL,year_to_date,percent_change,percent,2026,2023,3,-33.0,-0.33,-33%,,not_checkable,,,wilmington-compstat-v2,validated
weekly-2026-08-16-r1,weekly_compstat,2026-08-10,2026-08-16,1,7d23f10cc3e90aaa48cbc3bc24227cb4b6b80a37030aa250dc8b08f3ed7f5917,23,district,district_18,District 18,major_crime_total,TOTAL,year_to_date,percent_change,percent,2026,2022,4,-22.0,-0.22,-22%,,not_checkable,,,wilmington-compstat-v2,validated
weekly-2026-08-16-r1,weekly_compstat,2026-08-10,2026-08-16,1,7d23f10cc3e90aaa48cbc3bc24227cb4b6b80a37030aa250dc8b08f3ed7f5917,23,district,district_18,District 18,major_crime_total,TOTAL,year_to_date,percent_change,percent,2026,2021,5,-28.0,-0.28,-28%,,not_checkable,,,wilmington-compstat-v2,validated
weekly-2026-08-16-r1,weekly_compstat,2026-08-10,2026-08-16,1,7d23f10cc3e90aaa48cbc3bc24227cb4b6b80a37030aa250dc8b08f3ed7f5917,23,district,district_18,District 18,major_crime_total,TOTAL,year_to_date,percent_change,percent,2026,2020,6,2.0,0.02,2%,,not_checkable,,,wilmington-compstat-v2,validated
weekly-2026-08-16-r1,weekly_compstat,2026-08-10,2026-08-16,1,7d23f10cc3e90aaa48cbc3bc24227cb4b6b80a37030aa250dc8b08f3ed7f5917,23,district,district_18,District 18,shooting_incidents,Shooting Incidents,last_7_days,count,count,2026,,,0,,0,,not_applicable,,,wilmington-compstat-v2,validated
weekly-2026-08-16-r1,weekly_compstat,2026-08-10,2026-08-16,1,7d23f10cc3e90aaa48cbc3bc24227cb4b6b80a37030aa250dc8b08f3ed7f5917,23,district,district_18,District 18,shooting_incidents,Shooting Incidents,last_7_days,count,count,2025,,,0,,0,,not_applicable,,,wilmington-compstat-v2,validated
weekly-2026-08-16-r1,weekly_compstat,2026-08-10,2026-08-16,1,7d23f10cc3e90aaa48cbc3bc24227cb4b6b80a37030aa250dc8b08f3ed7f5917,23,district,district_18,District 18,shooting_incidents,Shooting Incidents,last_7_days,percent_change,percent,2026,2025,1,,,*,,undefined_zero_denominator,,undefined_zero_denominator,wilmington-compstat-v2,validated
weekly-2026-08-16-r1,weekly_compstat,2026-08-10,2026-08-16,1,7d23f10cc3e90aaa48cbc3bc24227cb4b6b80a37030aa250dc8b08f3ed7f5917,23,district,district_18,District 18,shooting_incidents,Shooting Incidents,last_28_days,count,count,2026,,,0,,0,,not_applicable,,,wilmington-compstat-v2,validated
weekly-2026-08-16-r1,weekly_compstat,2026-08-10,2026-08-16,1,7d23f10cc3e90aaa48cbc3bc24227cb4b6b80a37030aa250dc8b08f3ed7f5917,23,district,district_18,District 18,shooting_incidents,Shooting Incidents,last_28_days,count,count,2025,,,2,,2,,not_applicable,,,wilmington-compstat-v2,validated
weekly-2026-08-16-r1,weekly_compstat,2026-08-10,2026-08-16,1,7d23f10cc3e90aaa48cbc3bc24227cb4b6b80a37030aa250dc8b08f3ed7f5917,23,district,district_18,District 18,shooting_incidents,Shooting Incidents,last_28_days,percent_change,percent,2026,2025,1,-100.0,-1.0,-100%,-100.0,matched,,,wilmington-compstat-v2,validated
weekly-2026-08-16-r1,weekly_compstat,2026-08-10,2026-08-16,1,7d23f10cc3e90aaa48cbc3bc24227cb4b6b80a37030aa250dc8b08f3ed7f5917,23,district,district_18,District 18,shooting_incidents,Shooting Incidents,year_to_date,count,count,2026,,,4,,4,,not_applicable,,,wilmington-compstat-v2,validated
weekly-2026-08-16-r1,weekly_compstat,2026-08-10,2026-08-16,1,7d23f10cc3e90aaa48cbc3bc24227cb4b6b80a37030aa250dc8b08f3ed7f5917,23,district,district_18,District 18,shooting_incidents,Shooting Incidents,year_to_date,count,count,2025,,,4,,4,,not_applicable,,,wilmington-compstat-v2,validated
weekly-2026-08-16-r1,weekly_compstat,2026-08-10,2026-08-16,1,7d23f10cc3e90aaa48cbc3bc24227cb4b6b80a37030aa250dc8b08f3ed7f5917,23,district,district_18,District 18,shooting_incidents,Shooting Incidents,year_to_date,percent_change,percent,2026,2025,1,0.0,0.0,0%,0.0,matched,,,wilmington-compstat-v2,validated
weekly-2026-08-16-r1,weekly_compstat,2026-08-10,2026-08-16,1,7d23f10cc3e90aaa48cbc3bc24227cb4b6b80a37030aa250dc8b08f3ed7f5917,23,district,district_18,District 18,shooting_incidents,Shooting Incidents,year_to_date,percent_change,percent,2026,2024,2,33.0,0.33,33%,,not_checkable,,,wilmington-compstat-v2,validated
weekly-2026-08-16-r1,weekly_compstat,2026-08-10,2026-08-16,1,7d23f10cc3e90aaa48cbc3bc24227cb4b6b80a37030aa250dc8b08f3ed7f5917,23,district,district_18,District 18,shooting_incidents,Shooting Incidents,year_to_date,percent_change,percent,2026,2023,3,-20.0,-0.2,-20%,,not_checkable,,,wilmington-compstat-v2,validated
weekly-2026-08-16-r1,weekly_compstat,2026-08-10,2026-08-16,1,7d23f10cc3e90aaa48cbc3bc24227cb4b6b80a37030aa250dc8b08f3ed7f5917,23,district,district_18,District 18,shooting_incidents,Shooting Incidents,year_to_date,percent_change,percent,2026,2022,4,300.0,3.0,300%,,not_checkable,,,wilmington-compstat-v2,validated
weekly-2026-08-16-r1,weekly_compstat,2026-08-10,2026-08-16,1,7d23f10cc3e90aaa48cbc3bc24227cb4b6b80a37030aa250dc8b08f3ed7f5917,23,district,district_18,District 18,shooting_incidents,Shooting Incidents,year_to_date,percent_change,percent,2026,2021,5,33.0,0.33,33%,,not_checkable,,,wilmington-compstat-v2,validated
weekly-2026-08-16-r1,weekly_compstat,2026-08-10,2026-08-16,1,7d23f10cc3e90aaa48cbc3bc24227cb4b6b80a37030aa250dc8b08f3ed7f5917,23,district,district_18,District 18,shooting_incidents,Shooting Incidents,year_to_date,percent_change,percent,2026,2020,6,-43.0,-0.43,-43%,,not_checkable,,,wilmington-compstat-v2,validated
weekly-2026-08-16-r1,weekly_compstat,2026-08-10,2026-08-16,1,7d23f10cc3e90aaa48cbc3bc24227cb4b6b80a37030aa250dc8b08f3ed7f5917,23,district,district_18,District 18,shooting_victims,Shooting Victims,last_7_days,count,count,2026,,,0,,0,,not_applicable,,,wilmington-compstat-v2,validated
weekly-2026-08-16-r1,weekly_compstat,2026-08-10,2026-08-16,1,7d23f10cc3e90aaa48cbc3bc24227cb4b6b80a37030aa250dc8b08f3ed7f5917,23,district,district_18,District 18,shooting_victims,Shooting Victims,last_7_days,count,count,2025,,,0,,0,,not_applicable,,,wilmington-compstat-v2,validated
weekly-2026-08-16-r1,weekly_compstat,2026-08-10,2026-08-16,1,7d23f10cc3e90aaa48cbc3bc24227cb4b6b80a37030aa250dc8b08f3ed7f5917,23,district,district_18,District 18,shooting_victims,Shooting Victims,last_7_days,percent_change,percent,2026,2025,1,,,*,,undefined_zero_denominator,,undefined_zero_denominator,wilmington-compstat-v2,validated
weekly-2026-08-16-r1,weekly_compstat,2026-08-10,2026-08-16,1,7d23f10cc3e90aaa48cbc3bc24227cb4b6b80a37030aa250dc8b08f3ed7f5917,23,district,district_18,District 18,shooting_victims,Shooting Victims,last_28_days,count,count,2026,,,0,,0,,not_applicable,,,wilmington-compstat-v2,validated
weekly-2026-08-16-r1,weekly_compstat,2026-08-10,2026-08-16,1,7d23f10cc3e90aaa48cbc3bc24227cb4b6b80a37030aa250dc8b08f3ed7f5917,23,district,district_18,District 18,shooting_victims,Shooting Victims,last_28_days,count,count,2025,,,2,,2,,not_applicable,,,wilmington-compstat-v2,validated
weekly-2026-08-16-r1,weekly_compstat,2026-08-10,2026-08-16,1,7d23f10cc3e90aaa48cbc3bc24227cb4b6b80a37030aa250dc8b08f3ed7f5917,23,district,district_18,District 18,shooting_victims,Shooting Victims,last_28_days,percent_change,percent,2026,2025,1,-100.0,-1.0,-100%,-100.0,matched,,,wilmington-compstat-v2,validated
weekly-2026-08-16-r1,weekly_compstat,2026-08-10,2026-08-16,1,7d23f10cc3e90aaa48cbc3bc24227cb4b6b80a37030aa250dc8b08f3ed7f5917,23,district,district_18,District 18,shooting_victims,Shooting Victims,year_to_date,count,count,2026,,,5,,5,,not_applicable,,,wilmington-compstat-v2,validated
weekly-2026-08-16-r1,weekly_compstat,2026-08-10,2026-08-16,1,7d23f10cc3e90aaa48cbc3bc24227cb4b6b80a37030aa250dc8b08f3ed7f5917,23,district,district_18,District 18,shooting_victims,Shooting Victims,year_to_date,count,count,2025,,,7,,7,,not_applicable,,,wilmington-compstat-v2,validated
weekly-2026-08-16-r1,weekly_compstat,2026-08-10,2026-08-16,1,7d23f10cc3e90aaa48cbc3bc24227cb4b6b80a37030aa250dc8b08f3ed7f5917,23,district,district_18,District 18,shooting_victims,Shooting Victims,year_to_date,percent_change,percent,2026,2025,1,-29.0,-0.29,-29%,-28.571429,matched,,,wilmington-compstat-v2,validated
weekly-2026-08-16-r1,weekly_compstat,2026-08-10,2026-08-16,1,7d23f10cc3e90aaa48cbc3bc24227cb4b6b80a37030aa250dc8b08f3ed7f5917,23,district,district_18,District 18,shooting_victims,Shooting Victims,year_to_date,percent_change,percent,2026,2024,2,67.0,0.67,67%,,not_checkable,,,wilmington-compstat-v2,validated
weekly-2026-08-16-r1,weekly_compstat,2026-08-10,2026-08-16,1,7d23f10cc3e90aaa48cbc3bc24227cb4b6b80a37030aa250dc8b08f3ed7f5917,23,district,district_18,District 18,shooting_victims,Shooting Victims,year_to_date,percent_change,percent,2026,2023,3,0.0,0.0,0%,,not_checkable,,,wilmington-compstat-v2,validated
weekly-2026-08-16-r1,weekly_compstat,2026-08-10,2026-08-16,1,7d23f10cc3e90aaa48cbc3bc24227cb4b6b80a37030aa250dc8b08f3ed7f5917,23,district,district_18,District 18,shooting_victims,Shooting Victims,year_to_date,percent_change,percent,2026,2022,4,400.0,4.0,400%,,not_checkable,,,wilmington-compstat-v2,validated
weekly-2026-08-16-r1,weekly_compstat,2026-08-10,2026-08-16,1,7d23f10cc3e90aaa48cbc3bc24227cb4b6b80a37030aa250dc8b08f3ed7f5917,23,district,district_18,District 18,shooting_victims,Shooting Victims,year_to_date,percent_change,percent,2026,2021,5,67.0,0.67,67%,,not_checkable,,,wilmington-compstat-v2,validated
weekly-2026-08-16-r1,weekly_compstat,2026-08-10,2026-08-16,1,7d23f10cc3e90aaa48cbc3bc24227cb4b6b80a37030aa250dc8b08f3ed7f5917,23,district,district_18,District 18,shooting_victims,Shooting Victims,year_to_date,percent_change,percent,2026,2020,6,-44.0,-0.44,-44%,,not_checkable,,,wilmington-compstat-v2,validated
weekly-2026-08-16-r1,weekly_compstat,2026-08-10,2026-08-16,1,7d23f10cc3e90aaa48cbc3bc24227cb4b6b80a37030aa250dc8b08f3ed7f5917,23,district,district_18,District 18,juvenile_shooting_incidents,*Juv Shooting Incidents,last_7_days,count,count,2026,,,0,,0,,not_applicable,,,wilmington-compstat-v2,validated
weekly-2026-08-16-r1,weekly_compstat,2026-08-10,2026-08-16,1,7d23f10cc3e90aaa48cbc3bc24227cb4b6b80a37030aa250dc8b08f3ed7f5917,23,district,district_18,District 18,juvenile_shooting_incidents,*Juv Shooting Incidents,last_7_days,count,count,2025,,,0,,0,,not_applicable,,,wilmington-compstat-v2,validated
weekly-2026-08-16-r1,weekly_compstat,2026-08-10,2026-08-16,1,7d23f10cc3e90aaa48cbc3bc24227cb4b6b80a37030aa250dc8b08f3ed7f5917,23,district,district_18,District 18,juvenile_shooting_incidents,*Juv Shooting Incidents,last_7_days,percent_change,percent,2026,2025,1,,,*,,undefined_zero_denominator,,undefined_zero_denominator,wilmington-compstat-v2,validated
weekly-2026-08-16-r1,weekly_compstat,2026-08-10,2026-08-16,1,7d23f10cc3e90aaa48cbc3bc24227cb4b6b80a37030aa250dc8b08f3ed7f5917,23,district,district_18,District 18,juvenile_shooting_incidents,*Juv Shooting Incidents,last_28_days,count,count,2026,,,0,,0,,not_applicable,,,wilmington-compstat-v2,validated
weekly-2026-08-16-r1,weekly_compstat,2026-08-10,2026-08-16,1,7d23f10cc3e90aaa48cbc3bc24227cb4b6b80a37030aa250dc8b08f3ed7f5917,23,district,district_18,District 18,juvenile_shooting_incidents,*Juv Shooting Incidents,last_28_days,count,count,2025,,,1,,1,,not_applicable,,,wilmington-compstat-v2,validated
weekly-2026-08-16-r1,weekly_compstat,2026-08-10,2026-08-16,1,7d23f10cc3e90aaa48cbc3bc24227cb4b6b80a37030aa250dc8b08f3ed7f5917,23,district,district_18,District 18,juvenile_shooting_incidents,*Juv Shooting Incidents,last_28_days,percent_change,percent,2026,2025,1,-100.0,-1.0,-100%,-100.0,matched,,,wilmington-compstat-v2,validated
weekly-2026-08-16-r1,weekly_compstat,2026-08-10,2026-08-16,1,7d23f10cc3e90aaa48cbc3bc24227cb4b6b80a37030aa250dc8b08f3ed7f5917,23,district,district_18,District 18,juvenile_shooting_incidents,*Juv Shooting Incidents,year_to_date,count,count,2026,,,2,,2,,not_applicable,,,wilmington-compstat-v2,validated
weekly-2026-08-16-r1,weekly_compstat,2026-08-10,2026-08-16,1,7d23f10cc3e90aaa48cbc3bc24227cb4b6b80a37030aa250dc8b08f3ed7f5917,23,district,district_18,District 18,juvenile_shooting_incidents,*Juv Shooting Incidents,year_to_date,count,count,2025,,,1,,1,,not_applicable,,,wilmington-compstat-v2,validated
weekly-2026-08-16-r1,weekly_compstat,2026-08-10,2026-08-16,1,7d23f10cc3e90aaa48cbc3bc24227cb4b6b80a37030aa250dc8b08f3ed7f5917,23,district,district_18,District 18,juvenile_shooting_incidents,*Juv Shooting Incidents,year_to_date,percent_change,percent,2026,2025,1,100.0,1.0,100%,100.0,matched,,,wilmington-compstat-v2,validated
weekly-2026-08-16-r1,weekly_compstat,2026-08-10,2026-08-16,1,7d23f10cc3e90aaa48cbc3bc24227cb4b6b80a37030aa250dc8b08f3ed7f5917,23,district,district_18,District 18,juvenile_shooting_incidents,*Juv Shooting Incidents,year_to_date,percent_change,percent,2026,2024,2,100.0,1.0,100%,,not_checkable,,,wilmington-compstat-v2,validated
weekly-2026-08-16-r1,weekly_compstat,2026-08-10,2026-08-16,1,7d23f10cc3e90aaa48cbc3bc24227cb4b6b80a37030aa250dc8b08f3ed7f5917,23,district,district_18,District 18,juvenile_shooting_incidents,*Juv Shooting Incidents,year_to_date,percent_change,percent,2026,2023,3,,,*,,not_checkable,,undefined_zero_denominator,wilmington-compstat-v2,validated
weekly-2026-08-16-r1,weekly_compstat,2026-08-10,2026-08-16,1,7d23f10cc3e90aaa48cbc3bc24227cb4b6b80a37030aa250dc8b08f3ed7f5917,23,district,district_18,District 18,juvenile_shooting_incidents,*Juv Shooting Incidents,year_to_date,percent_change,percent,2026,2022,4,,,*,,not_checkable,,undefined_zero_denominator,wilmington-compstat-v2,validated
weekly-2026-08-16-r1,weekly_compstat,2026-08-10,2026-08-16,1,7d23f10cc3e90aaa48cbc3bc24227cb4b6b80a37030aa250dc8b08f3ed7f5917,23,district,district_18,District 18,juvenile_shooting_incidents,*Juv Shooting Incidents,year_to_date,percent_change,percent,2026,2021,5,,,*,,not_checkable,,undefined_zero_denominator,wilmington-compstat-v2,validated
weekly-2026-08-16-r1,weekly_compstat,2026-08-10,2026-08-16,1,7d23f10cc3e90aaa48cbc3bc24227cb4b6b80a37030aa250dc8b08f3ed7f5917,23,district,district_18,District 18,juvenile_shooting_incidents,*Juv Shooting Incidents,year_to_date,percent_change,percent,2026,2020,6,0.0,0.0,0%,,not_checkable,,,wilmington-compstat-v2,validated
weekly-2026-08-16-r1,weekly_compstat,2026-08-10,2026-08-16,1,7d23f10cc3e90aaa48cbc3bc24227cb4b6b80a37030aa250dc8b08f3ed7f5917,23,district,district_18,District 18,juvenile_shooting_victims,*Juv Shooting Victims,last_7_days,count,count,2026,,,0,,0,,not_applicable,,,wilmington-compstat-v2,validated
weekly-2026-08-16-r1,weekly_compstat,2026-08-10,2026-08-16,1,7d23f10cc3e90aaa48cbc3bc24227cb4b6b80a37030aa250dc8b08f3ed7f5917,23,district,district_18,District 18,juvenile_shooting_victims,*Juv Shooting Victims,last_7_days,count,count,2025,,,0,,0,,not_applicable,,,wilmington-compstat-v2,validated
weekly-2026-08-16-r1,weekly_compstat,2026-08-10,2026-08-16,1,7d23f10cc3e90aaa48cbc3bc24227cb4b6b80a37030aa250dc8b08f3ed7f5917,23,district,district_18,District 18,juvenile_shooting_victims,*Juv Shooting Victims,last_7_days,percent_change,percent,2026,2025,1,,,*,,undefined_zero_denominator,,undefined_zero_denominator,wilmington-compstat-v2,validated
weekly-2026-08-16-r1,weekly_compstat,2026-08-10,2026-08-16,1,7d23f10cc3e90aaa48cbc3bc24227cb4b6b80a37030aa250dc8b08f3ed7f5917,23,district,district_18,District 18,juvenile_shooting_victims,*Juv Shooting Victims,last_28_days,count,count,2026,,,0,,0,,not_applicable,,,wilmington-compstat-v2,validated
weekly-2026-08-16-r1,weekly_compstat,2026-08-10,2026-08-16,1,7d23f10cc3e90aaa48cbc3bc24227cb4b6b80a37030aa250dc8b08f3ed7f5917,23,district,district_18,District 18,juvenile_shooting_victims,*Juv Shooting Victims,last_28_days,count,count,2025,,,1,,1,,not_applicable,,,wilmington-compstat-v2,validated
weekly-2026-08-16-r1,weekly_compstat,2026-08-10,2026-08-16,1,7d23f10cc3e90aaa48cbc3bc24227cb4b6b80a37030aa250dc8b08f3ed7f5917,23,district,district_18,District 18,juvenile_shooting_victims,*Juv Shooting Victims,last_28_days,percent_change,percent,2026,2025,1,-100.0,-1.0,-100%,-100.0,matched,,,wilmington-compstat-v2,validated
weekly-2026-08-16-r1,weekly_compstat,2026-08-10,2026-08-16,1,7d23f10cc3e90aaa48cbc3bc24227cb4b6b80a37030aa250dc8b08f3ed7f5917,23,district,district_18,District 18,juvenile_shooting_victims,*Juv Shooting Victims,year_to_date,count,count,2026,,,2,,2,,not_applicable,,,wilmington-compstat-v2,validated
weekly-2026-08-16-r1,weekly_compstat,2026-08-10,2026-08-16,1,7d23f10cc3e90aaa48cbc3bc24227cb4b6b80a37030aa250dc8b08f3ed7f5917,23,district,district_18,District 18,juvenile_shooting_victims,*Juv Shooting Victims,year_to_date,count,count,2025,,,1,,1,,not_applicable,,,wilmington-compstat-v2,validated
weekly-2026-08-16-r1,weekly_compstat,2026-08-10,2026-08-16,1,7d23f10cc3e90aaa48cbc3bc24227cb4b6b80a37030aa250dc8b08f3ed7f5917,23,district,district_18,District 18,juvenile_shooting_victims,*Juv Shooting Victims,year_to_date,percent_change,percent,2026,2025,1,100.0,1.0,100%,100.0,matched,,,wilmington-compstat-v2,validated
weekly-2026-08-16-r1,weekly_compstat,2026-08-10,2026-08-16,1,7d23f10cc3e90aaa48cbc3bc24227cb4b6b80a37030aa250dc8b08f3ed7f5917,23,district,district_18,District 18,juvenile_shooting_victims,*Juv Shooting Victims,year_to_date,percent_change,percent,2026,2024,2,100.0,1.0,100%,,not_checkable,,,wilmington-compstat-v2,validated
weekly-2026-08-16-r1,weekly_compstat,2026-08-10,2026-08-16,1,7d23f10cc3e90aaa48cbc3bc24227cb4b6b80a37030aa250dc8b08f3ed7f5917,23,district,district_18,District 18,juvenile_shooting_victims,*Juv Shooting Victims,year_to_date,percent_change,percent,2026,2023,3,,,*,,not_checkable,,undefined_zero_denominator,wilmington-compstat-v2,validated
weekly-2026-08-16-r1,weekly_compstat,2026-08-10,2026-08-16,1,7d23f10cc3e90aaa48cbc3bc24227cb4b6b80a37030aa250dc8b08f3ed7f5917,23,district,district_18,District 18,juvenile_shooting_victims,*Juv Shooting Victims,year_to_date,percent_change,percent,2026,2022,4,,,*,,not_checkable,,undefined_zero_denominator,wilmington-compstat-v2,validated
weekly-2026-08-16-r1,weekly_compstat,2026-08-10,2026-08-16,1,7d23f10cc3e90aaa48cbc3bc24227cb4b6b80a37030aa250dc8b08f3ed7f5917,23,district,district_18,District 18,juvenile_shooting_victims,*Juv Shooting Victims,year_to_date,percent_change,percent,2026,2021,5,,,*,,not_checkable,,undefined_zero_denominator,wilmington-compstat-v2,validated
weekly-2026-08-16-r1,weekly_compstat,2026-08-10,2026-08-16,1,7d23f10cc3e90aaa48cbc3bc24227cb4b6b80a37030aa250dc8b08f3ed7f5917,23,district,district_18,District 18,juvenile_shooting_victims,*Juv Shooting Victims,year_to_date,percent_change,percent,2026,2020,6,0.0,0.0,0%,,not_checkable,,,wilmington-compstat-v2,validated
weekly-2026-08-16-r1,weekly_compstat,2026-08-10,2026-08-16,1,7d23f10cc3e90aaa48cbc3bc24227cb4b6b80a37030aa250dc8b08f3ed7f5917,23,district,district_18,District 18,misdemeanor_theft,Theft (Misdemeanor),last_7_days,count,count,2026,,,2,,2,,not_applicable,,,wilmington-compstat-v2,validated
weekly-2026-08-16-r1,weekly_compstat,2026-08-10,2026-08-16,1,7d23f10cc3e90aaa48cbc3bc24227cb4b6b80a37030aa250dc8b08f3ed7f5917,23,district,district_18,District 18,misdemeanor_theft,Theft (Misdemeanor),last_7_days,count,count,2025,,,9,,9,,not_applicable,,,wilmington-compstat-v2,validated
weekly-2026-08-16-r1,weekly_compstat,2026-08-10,2026-08-16,1,7d23f10cc3e90aaa48cbc3bc24227cb4b6b80a37030aa250dc8b08f3ed7f5917,23,district,district_18,District 18,misdemeanor_theft,Theft (Misdemeanor),last_7_days,percent_change,percent,2026,2025,1,-78.0,-0.78,-78%,-77.777778,matched,,,wilmington-compstat-v2,validated
weekly-2026-08-16-r1,weekly_compstat,2026-08-10,2026-08-16,1,7d23f10cc3e90aaa48cbc3bc24227cb4b6b80a37030aa250dc8b08f3ed7f5917,23,district,district_18,District 18,misdemeanor_theft,Theft (Misdemeanor),last_28_days,count,count,2026,,,14,,14,,not_applicable,,,wilmington-compstat-v2,validated
weekly-2026-08-16-r1,weekly_compstat,2026-08-10,2026-08-16,1,7d23f10cc3e90aaa48cbc3bc24227cb4b6b80a37030aa250dc8b08f3ed7f5917,23,district,district_18,District 18,misdemeanor_theft,Theft (Misdemeanor),last_28_days,count,count,2025,,,16,,16,,not_applicable,,,wilmington-compstat-v2,validated
weekly-2026-08-16-r1,weekly_compstat,2026-08-10,2026-08-16,1,7d23f10cc3e90aaa48cbc3bc24227cb4b6b80a37030aa250dc8b08f3ed7f5917,23,district,district_18,District 18,misdemeanor_theft,Theft (Misdemeanor),last_28_days,percent_change,percent,2026,2025,1,-13.0,-0.13,-13%,-12.5,matched,,,wilmington-compstat-v2,validated
weekly-2026-08-16-r1,weekly_compstat,2026-08-10,2026-08-16,1,7d23f10cc3e90aaa48cbc3bc24227cb4b6b80a37030aa250dc8b08f3ed7f5917,23,district,district_18,District 18,misdemeanor_theft,Theft (Misdemeanor),year_to_date,count,count,2026,,,97,,97,,not_applicable,,,wilmington-compstat-v2,validated
weekly-2026-08-16-r1,weekly_compstat,2026-08-10,2026-08-16,1,7d23f10cc3e90aaa48cbc3bc24227cb4b6b80a37030aa250dc8b08f3ed7f5917,23,district,district_18,District 18,misdemeanor_theft,Theft (Misdemeanor),year_to_date,count,count,2025,,,98,,98,,not_applicable,,,wilmington-compstat-v2,validated
weekly-2026-08-16-r1,weekly_compstat,2026-08-10,2026-08-16,1,7d23f10cc3e90aaa48cbc3bc24227cb4b6b80a37030aa250dc8b08f3ed7f5917,23,district,district_18,District 18,misdemeanor_theft,Theft (Misdemeanor),year_to_date,percent_change,percent,2026,2025,1,-1.0,-0.01,-1%,-1.020408,matched,,,wilmington-compstat-v2,validated
weekly-2026-08-16-r1,weekly_compstat,2026-08-10,2026-08-16,1,7d23f10cc3e90aaa48cbc3bc24227cb4b6b80a37030aa250dc8b08f3ed7f5917,23,district,district_18,District 18,misdemeanor_theft,Theft (Misdemeanor),year_to_date,percent_change,percent,2026,2024,2,-22.0,-0.22,-22%,,not_checkable,,,wilmington-compstat-v2,validated
weekly-2026-08-16-r1,weekly_compstat,2026-08-10,2026-08-16,1,7d23f10cc3e90aaa48cbc3bc24227cb4b6b80a37030aa250dc8b08f3ed7f5917,23,district,district_18,District 18,misdemeanor_theft,Theft (Misdemeanor),year_to_date,percent_change,percent,2026,2023,3,-46.0,-0.46,-46%,,not_checkable,,,wilmington-compstat-v2,validated
weekly-2026-08-16-r1,weekly_compstat,2026-08-10,2026-08-16,1,7d23f10cc3e90aaa48cbc3bc24227cb4b6b80a37030aa250dc8b08f3ed7f5917,23,district,district_18,District 18,misdemeanor_theft,Theft (Misdemeanor),year_to_date,percent_change,percent,2026,2022,4,-25.0,-0.25,-25%,,not_checkable,,,wilmington-compstat-v2,validated
weekly-2026-08-16-r1,weekly_compstat,2026-08-10,2026-08-16,1,7d23f10cc3e90aaa48cbc3bc24227cb4b6b80a37030aa250dc8b08f3ed7f5917,23,district,district_18,District 18,misdemeanor_theft,Theft (Misdemeanor),year_to_date,percent_change,percent,2026,2021,5,-38.0,-0.38,-38%,,not_checkable,,,wilmington-compstat-v2,validated
weekly-2026-08-16-r1,weekly_compstat,2026-08-10,2026-08-16,1,7d23f10cc3e90aaa48cbc3bc24227cb4b6b80a37030aa250dc8b08f3ed7f5917,23,district,district_18,District 18,misdemeanor_theft,Theft (Misdemeanor),year_to_date,percent_change,percent,2026,2020,6,-48.0,-0.48,-48%,,not_checkable,,,wilmington-compstat-v2,validated
weekly-2026-08-16-r1,weekly_compstat,2026-08-10,2026-08-16,1,7d23f10cc3e90aaa48cbc3bc24227cb4b6b80a37030aa250dc8b08f3ed7f5917,25,district,district_19,District 19,murder,Murder,last_7_days,count,count,2026,,,0,,0,,not_applicable,,,wilmington-compstat-v2,validated
weekly-2026-08-16-r1,weekly_compstat,2026-08-10,2026-08-16,1,7d23f10cc3e90aaa48cbc3bc24227cb4b6b80a37030aa250dc8b08f3ed7f5917,25,district,district_19,District 19,murder,Murder,last_7_days,count,count,2025,,,0,,0,,not_applicable,,,wilmington-compstat-v2,validated
weekly-2026-08-16-r1,weekly_compstat,2026-08-10,2026-08-16,1,7d23f10cc3e90aaa48cbc3bc24227cb4b6b80a37030aa250dc8b08f3ed7f5917,25,district,district_19,District 19,murder,Murder,last_7_days,percent_change,percent,2026,2025,1,,,*,,undefined_zero_denominator,,undefined_zero_denominator,wilmington-compstat-v2,validated
weekly-2026-08-16-r1,weekly_compstat,2026-08-10,2026-08-16,1,7d23f10cc3e90aaa48cbc3bc24227cb4b6b80a37030aa250dc8b08f3ed7f5917,25,district,district_19,District 19,murder,Murder,last_28_days,count,count,2026,,,0,,0,,not_applicable,,,wilmington-compstat-v2,validated
weekly-2026-08-16-r1,weekly_compstat,2026-08-10,2026-08-16,1,7d23f10cc3e90aaa48cbc3bc24227cb4b6b80a37030aa250dc8b08f3ed7f5917,25,district,district_19,District 19,murder,Murder,last_28_days,count,count,2025,,,0,,0,,not_applicable,,,wilmington-compstat-v2,validated
weekly-2026-08-16-r1,weekly_compstat,2026-08-10,2026-08-16,1,7d23f10cc3e90aaa48cbc3bc24227cb4b6b80a37030aa250dc8b08f3ed7f5917,25,district,district_19,District 19,murder,Murder,last_28_days,percent_change,percent,2026,2025,1,,,*,,undefined_zero_denominator,,undefined_zero_denominator,wilmington-compstat-v2,validated
weekly-2026-08-16-r1,weekly_compstat,2026-08-10,2026-08-16,1,7d23f10cc3e90aaa48cbc3bc24227cb4b6b80a37030aa250dc8b08f3ed7f5917,25,district,district_19,District 19,murder,Murder,year_to_date,count,count,2026,,,0,,0,,not_applicable,,,wilmington-compstat-v2,validated
weekly-2026-08-16-r1,weekly_compstat,2026-08-10,2026-08-16,1,7d23f10cc3e90aaa48cbc3bc24227cb4b6b80a37030aa250dc8b08f3ed7f5917,25,district,district_19,District 19,murder,Murder,year_to_date,count,count,2025,,,0,,0,,not_applicable,,,wilmington-compstat-v2,validated
weekly-2026-08-16-r1,weekly_compstat,2026-08-10,2026-08-16,1,7d23f10cc3e90aaa48cbc3bc24227cb4b6b80a37030aa250dc8b08f3ed7f5917,25,district,district_19,District 19,murder,Murder,year_to_date,percent_change,percent,2026,2025,1,,,*,,undefined_zero_denominator,,undefined_zero_denominator,wilmington-compstat-v2,validated
weekly-2026-08-16-r1,weekly_compstat,2026-08-10,2026-08-16,1,7d23f10cc3e90aaa48cbc3bc24227cb4b6b80a37030aa250dc8b08f3ed7f5917,25,district,district_19,District 19,murder,Murder,year_to_date,percent_change,percent,2026,2024,2,,,*,,not_checkable,,undefined_zero_denominator,wilmington-compstat-v2,validated
weekly-2026-08-16-r1,weekly_compstat,2026-08-10,2026-08-16,1,7d23f10cc3e90aaa48cbc3bc24227cb4b6b80a37030aa250dc8b08f3ed7f5917,25,district,district_19,District 19,murder,Murder,year_to_date,percent_change,percent,2026,2023,3,,,*,,not_checkable,,undefined_zero_denominator,wilmington-compstat-v2,validated
weekly-2026-08-16-r1,weekly_compstat,2026-08-10,2026-08-16,1,7d23f10cc3e90aaa48cbc3bc24227cb4b6b80a37030aa250dc8b08f3ed7f5917,25,district,district_19,District 19,murder,Murder,year_to_date,percent_change,percent,2026,2022,4,-100.0,-1.0,-100%,,not_checkable,,,wilmington-compstat-v2,validated
weekly-2026-08-16-r1,weekly_compstat,2026-08-10,2026-08-16,1,7d23f10cc3e90aaa48cbc3bc24227cb4b6b80a37030aa250dc8b08f3ed7f5917,25,district,district_19,District 19,murder,Murder,year_to_date,percent_change,percent,2026,2021,5,,,*,,not_checkable,,undefined_zero_denominator,wilmington-compstat-v2,validated
weekly-2026-08-16-r1,weekly_compstat,2026-08-10,2026-08-16,1,7d23f10cc3e90aaa48cbc3bc24227cb4b6b80a37030aa250dc8b08f3ed7f5917,25,district,district_19,District 19,murder,Murder,year_to_date,percent_change,percent,2026,2020,6,,,*,,not_checkable,,undefined_zero_denominator,wilmington-compstat-v2,validated
weekly-2026-08-16-r1,weekly_compstat,2026-08-10,2026-08-16,1,7d23f10cc3e90aaa48cbc3bc24227cb4b6b80a37030aa250dc8b08f3ed7f5917,25,district,district_19,District 19,rape,Rape,last_7_days,count,count,2026,,,0,,0,,not_applicable,,,wilmington-compstat-v2,validated
weekly-2026-08-16-r1,weekly_compstat,2026-08-10,2026-08-16,1,7d23f10cc3e90aaa48cbc3bc24227cb4b6b80a37030aa250dc8b08f3ed7f5917,25,district,district_19,District 19,rape,Rape,last_7_days,count,count,2025,,,0,,0,,not_applicable,,,wilmington-compstat-v2,validated
weekly-2026-08-16-r1,weekly_compstat,2026-08-10,2026-08-16,1,7d23f10cc3e90aaa48cbc3bc24227cb4b6b80a37030aa250dc8b08f3ed7f5917,25,district,district_19,District 19,rape,Rape,last_7_days,percent_change,percent,2026,2025,1,,,*,,undefined_zero_denominator,,undefined_zero_denominator,wilmington-compstat-v2,validated
weekly-2026-08-16-r1,weekly_compstat,2026-08-10,2026-08-16,1,7d23f10cc3e90aaa48cbc3bc24227cb4b6b80a37030aa250dc8b08f3ed7f5917,25,district,district_19,District 19,rape,Rape,last_28_days,count,count,2026,,,0,,0,,not_applicable,,,wilmington-compstat-v2,validated
weekly-2026-08-16-r1,weekly_compstat,2026-08-10,2026-08-16,1,7d23f10cc3e90aaa48cbc3bc24227cb4b6b80a37030aa250dc8b08f3ed7f5917,25,district,district_19,District 19,rape,Rape,last_28_days,count,count,2025,,,0,,0,,not_applicable,,,wilmington-compstat-v2,validated
weekly-2026-08-16-r1,weekly_compstat,2026-08-10,2026-08-16,1,7d23f10cc3e90aaa48cbc3bc24227cb4b6b80a37030aa250dc8b08f3ed7f5917,25,district,district_19,District 19,rape,Rape,last_28_days,percent_change,percent,2026,2025,1,,,*,,undefined_zero_denominator,,undefined_zero_denominator,wilmington-compstat-v2,validated
weekly-2026-08-16-r1,weekly_compstat,2026-08-10,2026-08-16,1,7d23f10cc3e90aaa48cbc3bc24227cb4b6b80a37030aa250dc8b08f3ed7f5917,25,district,district_19,District 19,rape,Rape,year_to_date,count,count,2026,,,0,,0,,not_applicable,,,wilmington-compstat-v2,validated
weekly-2026-08-16-r1,weekly_compstat,2026-08-10,2026-08-16,1,7d23f10cc3e90aaa48cbc3bc24227cb4b6b80a37030aa250dc8b08f3ed7f5917,25,district,district_19,District 19,rape,Rape,year_to_date,count,count,2025,,,0,,0,,not_applicable,,,wilmington-compstat-v2,validated
weekly-2026-08-16-r1,weekly_compstat,2026-08-10,2026-08-16,1,7d23f10cc3e90aaa48cbc3bc24227cb4b6b80a37030aa250dc8b08f3ed7f5917,25,district,district_19,District 19,rape,Rape,year_to_date,percent_change,percent,2026,2025,1,,,*,,undefined_zero_denominator,,undefined_zero_denominator,wilmington-compstat-v2,validated
weekly-2026-08-16-r1,weekly_compstat,2026-08-10,2026-08-16,1,7d23f10cc3e90aaa48cbc3bc24227cb4b6b80a37030aa250dc8b08f3ed7f5917,25,district,district_19,District 19,rape,Rape,year_to_date,percent_change,percent,2026,2024,2,,,*,,not_checkable,,undefined_zero_denominator,wilmington-compstat-v2,validated
weekly-2026-08-16-r1,weekly_compstat,2026-08-10,2026-08-16,1,7d23f10cc3e90aaa48cbc3bc24227cb4b6b80a37030aa250dc8b08f3ed7f5917,25,district,district_19,District 19,rape,Rape,year_to_date,percent_change,percent,2026,2023,3,,,*,,not_checkable,,undefined_zero_denominator,wilmington-compstat-v2,validated
weekly-2026-08-16-r1,weekly_compstat,2026-08-10,2026-08-16,1,7d23f10cc3e90aaa48cbc3bc24227cb4b6b80a37030aa250dc8b08f3ed7f5917,25,district,district_19,District 19,rape,Rape,year_to_date,percent_change,percent,2026,2022,4,,,*,,not_checkable,,undefined_zero_denominator,wilmington-compstat-v2,validated
weekly-2026-08-16-r1,weekly_compstat,2026-08-10,2026-08-16,1,7d23f10cc3e90aaa48cbc3bc24227cb4b6b80a37030aa250dc8b08f3ed7f5917,25,district,district_19,District 19,rape,Rape,year_to_date,percent_change,percent,2026,2021,5,,,*,,not_checkable,,undefined_zero_denominator,wilmington-compstat-v2,validated
weekly-2026-08-16-r1,weekly_compstat,2026-08-10,2026-08-16,1,7d23f10cc3e90aaa48cbc3bc24227cb4b6b80a37030aa250dc8b08f3ed7f5917,25,district,district_19,District 19,rape,Rape,year_to_date,percent_change,percent,2026,2020,6,,,*,,not_checkable,,undefined_zero_denominator,wilmington-compstat-v2,validated
weekly-2026-08-16-r1,weekly_compstat,2026-08-10,2026-08-16,1,7d23f10cc3e90aaa48cbc3bc24227cb4b6b80a37030aa250dc8b08f3ed7f5917,25,district,district_19,District 19,robbery,Robbery,last_7_days,count,count,2026,,,0,,0,,not_applicable,,,wilmington-compstat-v2,validated
weekly-2026-08-16-r1,weekly_compstat,2026-08-10,2026-08-16,1,7d23f10cc3e90aaa48cbc3bc24227cb4b6b80a37030aa250dc8b08f3ed7f5917,25,district,district_19,District 19,robbery,Robbery,last_7_days,count,count,2025,,,0,,0,,not_applicable,,,wilmington-compstat-v2,validated
weekly-2026-08-16-r1,weekly_compstat,2026-08-10,2026-08-16,1,7d23f10cc3e90aaa48cbc3bc24227cb4b6b80a37030aa250dc8b08f3ed7f5917,25,district,district_19,District 19,robbery,Robbery,last_7_days,percent_change,percent,2026,2025,1,,,*,,undefined_zero_denominator,,undefined_zero_denominator,wilmington-compstat-v2,validated
weekly-2026-08-16-r1,weekly_compstat,2026-08-10,2026-08-16,1,7d23f10cc3e90aaa48cbc3bc24227cb4b6b80a37030aa250dc8b08f3ed7f5917,25,district,district_19,District 19,robbery,Robbery,last_28_days,count,count,2026,,,2,,2,,not_applicable,,,wilmington-compstat-v2,validated
weekly-2026-08-16-r1,weekly_compstat,2026-08-10,2026-08-16,1,7d23f10cc3e90aaa48cbc3bc24227cb4b6b80a37030aa250dc8b08f3ed7f5917,25,district,district_19,District 19,robbery,Robbery,last_28_days,count,count,2025,,,0,,0,,not_applicable,,,wilmington-compstat-v2,validated
weekly-2026-08-16-r1,weekly_compstat,2026-08-10,2026-08-16,1,7d23f10cc3e90aaa48cbc3bc24227cb4b6b80a37030aa250dc8b08f3ed7f5917,25,district,district_19,District 19,robbery,Robbery,last_28_days,percent_change,percent,2026,2025,1,,,*,,undefined_zero_denominator,,undefined_zero_denominator,wilmington-compstat-v2,validated
weekly-2026-08-16-r1,weekly_compstat,2026-08-10,2026-08-16,1,7d23f10cc3e90aaa48cbc3bc24227cb4b6b80a37030aa250dc8b08f3ed7f5917,25,district,district_19,District 19,robbery,Robbery,year_to_date,count,count,2026,,,9,,9,,not_applicable,,,wilmington-compstat-v2,validated
weekly-2026-08-16-r1,weekly_compstat,2026-08-10,2026-08-16,1,7d23f10cc3e90aaa48cbc3bc24227cb4b6b80a37030aa250dc8b08f3ed7f5917,25,district,district_19,District 19,robbery,Robbery,year_to_date,count,count,2025,,,4,,4,,not_applicable,,,wilmington-compstat-v2,validated
weekly-2026-08-16-r1,weekly_compstat,2026-08-10,2026-08-16,1,7d23f10cc3e90aaa48cbc3bc24227cb4b6b80a37030aa250dc8b08f3ed7f5917,25,district,district_19,District 19,robbery,Robbery,year_to_date,percent_change,percent,2026,2025,1,125.0,1.25,125%,125.0,matched,,,wilmington-compstat-v2,validated
weekly-2026-08-16-r1,weekly_compstat,2026-08-10,2026-08-16,1,7d23f10cc3e90aaa48cbc3bc24227cb4b6b80a37030aa250dc8b08f3ed7f5917,25,district,district_19,District 19,robbery,Robbery,year_to_date,percent_change,percent,2026,2024,2,125.0,1.25,125%,,not_checkable,,,wilmington-compstat-v2,validated
weekly-2026-08-16-r1,weekly_compstat,2026-08-10,2026-08-16,1,7d23f10cc3e90aaa48cbc3bc24227cb4b6b80a37030aa250dc8b08f3ed7f5917,25,district,district_19,District 19,robbery,Robbery,year_to_date,percent_change,percent,2026,2023,3,80.0,0.8,80%,,not_checkable,,,wilmington-compstat-v2,validated
weekly-2026-08-16-r1,weekly_compstat,2026-08-10,2026-08-16,1,7d23f10cc3e90aaa48cbc3bc24227cb4b6b80a37030aa250dc8b08f3ed7f5917,25,district,district_19,District 19,robbery,Robbery,year_to_date,percent_change,percent,2026,2022,4,0.0,0.0,0%,,not_checkable,,,wilmington-compstat-v2,validated
weekly-2026-08-16-r1,weekly_compstat,2026-08-10,2026-08-16,1,7d23f10cc3e90aaa48cbc3bc24227cb4b6b80a37030aa250dc8b08f3ed7f5917,25,district,district_19,District 19,robbery,Robbery,year_to_date,percent_change,percent,2026,2021,5,125.0,1.25,125%,,not_checkable,,,wilmington-compstat-v2,validated
weekly-2026-08-16-r1,weekly_compstat,2026-08-10,2026-08-16,1,7d23f10cc3e90aaa48cbc3bc24227cb4b6b80a37030aa250dc8b08f3ed7f5917,25,district,district_19,District 19,robbery,Robbery,year_to_date,percent_change,percent,2026,2020,6,80.0,0.8,80%,,not_checkable,,,wilmington-compstat-v2,validated
weekly-2026-08-16-r1,weekly_compstat,2026-08-10,2026-08-16,1,7d23f10cc3e90aaa48cbc3bc24227cb4b6b80a37030aa250dc8b08f3ed7f5917,25,district,district_19,District 19,aggravated_assault,Agg. Assault,last_7_days,count,count,2026,,,0,,0,,not_applicable,,,wilmington-compstat-v2,validated
weekly-2026-08-16-r1,weekly_compstat,2026-08-10,2026-08-16,1,7d23f10cc3e90aaa48cbc3bc24227cb4b6b80a37030aa250dc8b08f3ed7f5917,25,district,district_19,District 19,aggravated_assault,Agg. Assault,last_7_days,count,count,2025,,,0,,0,,not_applicable,,,wilmington-compstat-v2,validated
weekly-2026-08-16-r1,weekly_compstat,2026-08-10,2026-08-16,1,7d23f10cc3e90aaa48cbc3bc24227cb4b6b80a37030aa250dc8b08f3ed7f5917,25,district,district_19,District 19,aggravated_assault,Agg. Assault,last_7_days,percent_change,percent,2026,2025,1,,,*,,undefined_zero_denominator,,undefined_zero_denominator,wilmington-compstat-v2,validated
weekly-2026-08-16-r1,weekly_compstat,2026-08-10,2026-08-16,1,7d23f10cc3e90aaa48cbc3bc24227cb4b6b80a37030aa250dc8b08f3ed7f5917,25,district,district_19,District 19,aggravated_assault,Agg. Assault,last_28_days,count,count,2026,,,3,,3,,not_applicable,,,wilmington-compstat-v2,validated
weekly-2026-08-16-r1,weekly_compstat,2026-08-10,2026-08-16,1,7d23f10cc3e90aaa48cbc3bc24227cb4b6b80a37030aa250dc8b08f3ed7f5917,25,district,district_19,District 19,aggravated_assault,Agg. Assault,last_28_days,count,count,2025,,,2,,2,,not_applicable,,,wilmington-compstat-v2,validated
weekly-2026-08-16-r1,weekly_compstat,2026-08-10,2026-08-16,1,7d23f10cc3e90aaa48cbc3bc24227cb4b6b80a37030aa250dc8b08f3ed7f5917,25,district,district_19,District 19,aggravated_assault,Agg. Assault,last_28_days,percent_change,percent,2026,2025,1,50.0,0.5,50%,50.0,matched,,,wilmington-compstat-v2,validated
weekly-2026-08-16-r1,weekly_compstat,2026-08-10,2026-08-16,1,7d23f10cc3e90aaa48cbc3bc24227cb4b6b80a37030aa250dc8b08f3ed7f5917,25,district,district_19,District 19,aggravated_assault,Agg. Assault,year_to_date,count,count,2026,,,14,,14,,not_applicable,,,wilmington-compstat-v2,validated
weekly-2026-08-16-r1,weekly_compstat,2026-08-10,2026-08-16,1,7d23f10cc3e90aaa48cbc3bc24227cb4b6b80a37030aa250dc8b08f3ed7f5917,25,district,district_19,District 19,aggravated_assault,Agg. Assault,year_to_date,count,count,2025,,,13,,13,,not_applicable,,,wilmington-compstat-v2,validated
weekly-2026-08-16-r1,weekly_compstat,2026-08-10,2026-08-16,1,7d23f10cc3e90aaa48cbc3bc24227cb4b6b80a37030aa250dc8b08f3ed7f5917,25,district,district_19,District 19,aggravated_assault,Agg. Assault,year_to_date,percent_change,percent,2026,2025,1,8.0,0.08,8%,7.692308,matched,,,wilmington-compstat-v2,validated
weekly-2026-08-16-r1,weekly_compstat,2026-08-10,2026-08-16,1,7d23f10cc3e90aaa48cbc3bc24227cb4b6b80a37030aa250dc8b08f3ed7f5917,25,district,district_19,District 19,aggravated_assault,Agg. Assault,year_to_date,percent_change,percent,2026,2024,2,-22.0,-0.22,-22%,,not_checkable,,,wilmington-compstat-v2,validated
weekly-2026-08-16-r1,weekly_compstat,2026-08-10,2026-08-16,1,7d23f10cc3e90aaa48cbc3bc24227cb4b6b80a37030aa250dc8b08f3ed7f5917,25,district,district_19,District 19,aggravated_assault,Agg. Assault,year_to_date,percent_change,percent,2026,2023,3,100.0,1.0,100%,,not_checkable,,,wilmington-compstat-v2,validated
weekly-2026-08-16-r1,weekly_compstat,2026-08-10,2026-08-16,1,7d23f10cc3e90aaa48cbc3bc24227cb4b6b80a37030aa250dc8b08f3ed7f5917,25,district,district_19,District 19,aggravated_assault,Agg. Assault,year_to_date,percent_change,percent,2026,2022,4,180.0,1.8,180%,,not_checkable,,,wilmington-compstat-v2,validated
weekly-2026-08-16-r1,weekly_compstat,2026-08-10,2026-08-16,1,7d23f10cc3e90aaa48cbc3bc24227cb4b6b80a37030aa250dc8b08f3ed7f5917,25,district,district_19,District 19,aggravated_assault,Agg. Assault,year_to_date,percent_change,percent,2026,2021,5,250.0,2.5,250%,,not_checkable,,,wilmington-compstat-v2,validated
weekly-2026-08-16-r1,weekly_compstat,2026-08-10,2026-08-16,1,7d23f10cc3e90aaa48cbc3bc24227cb4b6b80a37030aa250dc8b08f3ed7f5917,25,district,district_19,District 19,aggravated_assault,Agg. Assault,year_to_date,percent_change,percent,2026,2020,6,75.0,0.75,75%,,not_checkable,,,wilmington-compstat-v2,validated
weekly-2026-08-16-r1,weekly_compstat,2026-08-10,2026-08-16,1,7d23f10cc3e90aaa48cbc3bc24227cb4b6b80a37030aa250dc8b08f3ed7f5917,25,district,district_19,District 19,burglary,Burglary,last_7_days,count,count,2026,,,0,,0,,not_applicable,,,wilmington-compstat-v2,validated
weekly-2026-08-16-r1,weekly_compstat,2026-08-10,2026-08-16,1,7d23f10cc3e90aaa48cbc3bc24227cb4b6b80a37030aa250dc8b08f3ed7f5917,25,district,district_19,District 19,burglary,Burglary,last_7_days,count,count,2025,,,0,,0,,not_applicable,,,wilmington-compstat-v2,validated
weekly-2026-08-16-r1,weekly_compstat,2026-08-10,2026-08-16,1,7d23f10cc3e90aaa48cbc3bc24227cb4b6b80a37030aa250dc8b08f3ed7f5917,25,district,district_19,District 19,burglary,Burglary,last_7_days,percent_change,percent,2026,2025,1,,,*,,undefined_zero_denominator,,undefined_zero_denominator,wilmington-compstat-v2,validated
weekly-2026-08-16-r1,weekly_compstat,2026-08-10,2026-08-16,1,7d23f10cc3e90aaa48cbc3bc24227cb4b6b80a37030aa250dc8b08f3ed7f5917,25,district,district_19,District 19,burglary,Burglary,last_28_days,count,count,2026,,,2,,2,,not_applicable,,,wilmington-compstat-v2,validated
weekly-2026-08-16-r1,weekly_compstat,2026-08-10,2026-08-16,1,7d23f10cc3e90aaa48cbc3bc24227cb4b6b80a37030aa250dc8b08f3ed7f5917,25,district,district_19,District 19,burglary,Burglary,last_28_days,count,count,2025,,,1,,1,,not_applicable,,,wilmington-compstat-v2,validated
weekly-2026-08-16-r1,weekly_compstat,2026-08-10,2026-08-16,1,7d23f10cc3e90aaa48cbc3bc24227cb4b6b80a37030aa250dc8b08f3ed7f5917,25,district,district_19,District 19,burglary,Burglary,last_28_days,percent_change,percent,2026,2025,1,100.0,1.0,100%,100.0,matched,,,wilmington-compstat-v2,validated
weekly-2026-08-16-r1,weekly_compstat,2026-08-10,2026-08-16,1,7d23f10cc3e90aaa48cbc3bc24227cb4b6b80a37030aa250dc8b08f3ed7f5917,25,district,district_19,District 19,burglary,Burglary,year_to_date,count,count,2026,,,24,,24,,not_applicable,,,wilmington-compstat-v2,validated
weekly-2026-08-16-r1,weekly_compstat,2026-08-10,2026-08-16,1,7d23f10cc3e90aaa48cbc3bc24227cb4b6b80a37030aa250dc8b08f3ed7f5917,25,district,district_19,District 19,burglary,Burglary,year_to_date,count,count,2025,,,16,,16,,not_applicable,,,wilmington-compstat-v2,validated
weekly-2026-08-16-r1,weekly_compstat,2026-08-10,2026-08-16,1,7d23f10cc3e90aaa48cbc3bc24227cb4b6b80a37030aa250dc8b08f3ed7f5917,25,district,district_19,District 19,burglary,Burglary,year_to_date,percent_change,percent,2026,2025,1,50.0,0.5,50%,50.0,matched,,,wilmington-compstat-v2,validated
weekly-2026-08-16-r1,weekly_compstat,2026-08-10,2026-08-16,1,7d23f10cc3e90aaa48cbc3bc24227cb4b6b80a37030aa250dc8b08f3ed7f5917,25,district,district_19,District 19,burglary,Burglary,year_to_date,percent_change,percent,2026,2024,2,100.0,1.0,100%,,not_checkable,,,wilmington-compstat-v2,validated
weekly-2026-08-16-r1,weekly_compstat,2026-08-10,2026-08-16,1,7d23f10cc3e90aaa48cbc3bc24227cb4b6b80a37030aa250dc8b08f3ed7f5917,25,district,district_19,District 19,burglary,Burglary,year_to_date,percent_change,percent,2026,2023,3,4.0,0.04,4%,,not_checkable,,,wilmington-compstat-v2,validated
weekly-2026-08-16-r1,weekly_compstat,2026-08-10,2026-08-16,1,7d23f10cc3e90aaa48cbc3bc24227cb4b6b80a37030aa250dc8b08f3ed7f5917,25,district,district_19,District 19,burglary,Burglary,year_to_date,percent_change,percent,2026,2022,4,14.0,0.14,14%,,not_checkable,,,wilmington-compstat-v2,validated
weekly-2026-08-16-r1,weekly_compstat,2026-08-10,2026-08-16,1,7d23f10cc3e90aaa48cbc3bc24227cb4b6b80a37030aa250dc8b08f3ed7f5917,25,district,district_19,District 19,burglary,Burglary,year_to_date,percent_change,percent,2026,2021,5,-11.0,-0.11,-11%,,not_checkable,,,wilmington-compstat-v2,validated
weekly-2026-08-16-r1,weekly_compstat,2026-08-10,2026-08-16,1,7d23f10cc3e90aaa48cbc3bc24227cb4b6b80a37030aa250dc8b08f3ed7f5917,25,district,district_19,District 19,burglary,Burglary,year_to_date,percent_change,percent,2026,2020,6,-25.0,-0.25,-25%,,not_checkable,,,wilmington-compstat-v2,validated
weekly-2026-08-16-r1,weekly_compstat,2026-08-10,2026-08-16,1,7d23f10cc3e90aaa48cbc3bc24227cb4b6b80a37030aa250dc8b08f3ed7f5917,25,district,district_19,District 19,felony_theft,Felony Theft,last_7_days,count,count,2026,,,1,,1,,not_applicable,,,wilmington-compstat-v2,validated
weekly-2026-08-16-r1,weekly_compstat,2026-08-10,2026-08-16,1,7d23f10cc3e90aaa48cbc3bc24227cb4b6b80a37030aa250dc8b08f3ed7f5917,25,district,district_19,District 19,felony_theft,Felony Theft,last_7_days,count,count,2025,,,1,,1,,not_applicable,,,wilmington-compstat-v2,validated
weekly-2026-08-16-r1,weekly_compstat,2026-08-10,2026-08-16,1,7d23f10cc3e90aaa48cbc3bc24227cb4b6b80a37030aa250dc8b08f3ed7f5917,25,district,district_19,District 19,felony_theft,Felony Theft,last_7_days,percent_change,percent,2026,2025,1,0.0,0.0,0%,0.0,matched,,,wilmington-compstat-v2,validated
weekly-2026-08-16-r1,weekly_compstat,2026-08-10,2026-08-16,1,7d23f10cc3e90aaa48cbc3bc24227cb4b6b80a37030aa250dc8b08f3ed7f5917,25,district,district_19,District 19,felony_theft,Felony Theft,last_28_days,count,count,2026,,,3,,3,,not_applicable,,,wilmington-compstat-v2,validated
weekly-2026-08-16-r1,weekly_compstat,2026-08-10,2026-08-16,1,7d23f10cc3e90aaa48cbc3bc24227cb4b6b80a37030aa250dc8b08f3ed7f5917,25,district,district_19,District 19,felony_theft,Felony Theft,last_28_days,count,count,2025,,,1,,1,,not_applicable,,,wilmington-compstat-v2,validated
weekly-2026-08-16-r1,weekly_compstat,2026-08-10,2026-08-16,1,7d23f10cc3e90aaa48cbc3bc24227cb4b6b80a37030aa250dc8b08f3ed7f5917,25,district,district_19,District 19,felony_theft,Felony Theft,last_28_days,percent_change,percent,2026,2025,1,200.0,2.0,200%,200.0,matched,,,wilmington-compstat-v2,validated
weekly-2026-08-16-r1,weekly_compstat,2026-08-10,2026-08-16,1,7d23f10cc3e90aaa48cbc3bc24227cb4b6b80a37030aa250dc8b08f3ed7f5917,25,district,district_19,District 19,felony_theft,Felony Theft,year_to_date,count,count,2026,,,12,,12,,not_applicable,,,wilmington-compstat-v2,validated
weekly-2026-08-16-r1,weekly_compstat,2026-08-10,2026-08-16,1,7d23f10cc3e90aaa48cbc3bc24227cb4b6b80a37030aa250dc8b08f3ed7f5917,25,district,district_19,District 19,felony_theft,Felony Theft,year_to_date,count,count,2025,,,19,,19,,not_applicable,,,wilmington-compstat-v2,validated
weekly-2026-08-16-r1,weekly_compstat,2026-08-10,2026-08-16,1,7d23f10cc3e90aaa48cbc3bc24227cb4b6b80a37030aa250dc8b08f3ed7f5917,25,district,district_19,District 19,felony_theft,Felony Theft,year_to_date,percent_change,percent,2026,2025,1,-37.0,-0.37,-37%,-36.842105,matched,,,wilmington-compstat-v2,validated
weekly-2026-08-16-r1,weekly_compstat,2026-08-10,2026-08-16,1,7d23f10cc3e90aaa48cbc3bc24227cb4b6b80a37030aa250dc8b08f3ed7f5917,25,district,district_19,District 19,felony_theft,Felony Theft,year_to_date,percent_change,percent,2026,2024,2,-37.0,-0.37,-37%,,not_checkable,,,wilmington-compstat-v2,validated
weekly-2026-08-16-r1,weekly_compstat,2026-08-10,2026-08-16,1,7d23f10cc3e90aaa48cbc3bc24227cb4b6b80a37030aa250dc8b08f3ed7f5917,25,district,district_19,District 19,felony_theft,Felony Theft,year_to_date,percent_change,percent,2026,2023,3,-29.0,-0.29,-29%,,not_checkable,,,wilmington-compstat-v2,validated
weekly-2026-08-16-r1,weekly_compstat,2026-08-10,2026-08-16,1,7d23f10cc3e90aaa48cbc3bc24227cb4b6b80a37030aa250dc8b08f3ed7f5917,25,district,district_19,District 19,felony_theft,Felony Theft,year_to_date,percent_change,percent,2026,2022,4,0.0,0.0,0%,,not_checkable,,,wilmington-compstat-v2,validated
weekly-2026-08-16-r1,weekly_compstat,2026-08-10,2026-08-16,1,7d23f10cc3e90aaa48cbc3bc24227cb4b6b80a37030aa250dc8b08f3ed7f5917,25,district,district_19,District 19,felony_theft,Felony Theft,year_to_date,percent_change,percent,2026,2021,5,-45.0,-0.45,-45%,,not_checkable,,,wilmington-compstat-v2,validated
weekly-2026-08-16-r1,weekly_compstat,2026-08-10,2026-08-16,1,7d23f10cc3e90aaa48cbc3bc24227cb4b6b80a37030aa250dc8b08f3ed7f5917,25,district,district_19,District 19,felony_theft,Felony Theft,year_to_date,percent_change,percent,2026,2020,6,-40.0,-0.4,-40%,,not_checkable,,,wilmington-compstat-v2,validated
weekly-2026-08-16-r1,weekly_compstat,2026-08-10,2026-08-16,1,7d23f10cc3e90aaa48cbc3bc24227cb4b6b80a37030aa250dc8b08f3ed7f5917,25,district,district_19,District 19,auto_theft,Auto Theft,last_7_days,count,count,2026,,,1,,1,,not_applicable,,,wilmington-compstat-v2,validated
weekly-2026-08-16-r1,weekly_compstat,2026-08-10,2026-08-16,1,7d23f10cc3e90aaa48cbc3bc24227cb4b6b80a37030aa250dc8b08f3ed7f5917,25,district,district_19,District 19,auto_theft,Auto Theft,last_7_days,count,count,2025,,,0,,0,,not_applicable,,,wilmington-compstat-v2,validated
weekly-2026-08-16-r1,weekly_compstat,2026-08-10,2026-08-16,1,7d23f10cc3e90aaa48cbc3bc24227cb4b6b80a37030aa250dc8b08f3ed7f5917,25,district,district_19,District 19,auto_theft,Auto Theft,last_7_days,percent_change,percent,2026,2025,1,,,*,,undefined_zero_denominator,,undefined_zero_denominator,wilmington-compstat-v2,validated
weekly-2026-08-16-r1,weekly_compstat,2026-08-10,2026-08-16,1,7d23f10cc3e90aaa48cbc3bc24227cb4b6b80a37030aa250dc8b08f3ed7f5917,25,district,district_19,District 19,auto_theft,Auto Theft,last_28_days,count,count,2026,,,3,,3,,not_applicable,,,wilmington-compstat-v2,validated
weekly-2026-08-16-r1,weekly_compstat,2026-08-10,2026-08-16,1,7d23f10cc3e90aaa48cbc3bc24227cb4b6b80a37030aa250dc8b08f3ed7f5917,25,district,district_19,District 19,auto_theft,Auto Theft,last_28_days,count,count,2025,,,3,,3,,not_applicable,,,wilmington-compstat-v2,validated
weekly-2026-08-16-r1,weekly_compstat,2026-08-10,2026-08-16,1,7d23f10cc3e90aaa48cbc3bc24227cb4b6b80a37030aa250dc8b08f3ed7f5917,25,district,district_19,District 19,auto_theft,Auto Theft,last_28_days,percent_change,percent,2026,2025,1,0.0,0.0,0%,0.0,matched,,,wilmington-compstat-v2,validated
weekly-2026-08-16-r1,weekly_compstat,2026-08-10,2026-08-16,1,7d23f10cc3e90aaa48cbc3bc24227cb4b6b80a37030aa250dc8b08f3ed7f5917,25,district,district_19,District 19,auto_theft,Auto Theft,year_to_date,count,count,2026,,,23,,23,,not_applicable,,,wilmington-compstat-v2,validated
weekly-2026-08-16-r1,weekly_compstat,2026-08-10,2026-08-16,1,7d23f10cc3e90aaa48cbc3bc24227cb4b6b80a37030aa250dc8b08f3ed7f5917,25,district,district_19,District 19,auto_theft,Auto Theft,year_to_date,count,count,2025,,,21,,21,,not_applicable,,,wilmington-compstat-v2,validated
weekly-2026-08-16-r1,weekly_compstat,2026-08-10,2026-08-16,1,7d23f10cc3e90aaa48cbc3bc24227cb4b6b80a37030aa250dc8b08f3ed7f5917,25,district,district_19,District 19,auto_theft,Auto Theft,year_to_date,percent_change,percent,2026,2025,1,10.0,0.1,10%,9.52381,matched,,,wilmington-compstat-v2,validated
weekly-2026-08-16-r1,weekly_compstat,2026-08-10,2026-08-16,1,7d23f10cc3e90aaa48cbc3bc24227cb4b6b80a37030aa250dc8b08f3ed7f5917,25,district,district_19,District 19,auto_theft,Auto Theft,year_to_date,percent_change,percent,2026,2024,2,-4.0,-0.04,-4%,,not_checkable,,,wilmington-compstat-v2,validated
weekly-2026-08-16-r1,weekly_compstat,2026-08-10,2026-08-16,1,7d23f10cc3e90aaa48cbc3bc24227cb4b6b80a37030aa250dc8b08f3ed7f5917,25,district,district_19,District 19,auto_theft,Auto Theft,year_to_date,percent_change,percent,2026,2023,3,0.0,0.0,0%,,not_checkable,,,wilmington-compstat-v2,validated
weekly-2026-08-16-r1,weekly_compstat,2026-08-10,2026-08-16,1,7d23f10cc3e90aaa48cbc3bc24227cb4b6b80a37030aa250dc8b08f3ed7f5917,25,district,district_19,District 19,auto_theft,Auto Theft,year_to_date,percent_change,percent,2026,2022,4,109.0,1.09,109%,,not_checkable,,,wilmington-compstat-v2,validated
weekly-2026-08-16-r1,weekly_compstat,2026-08-10,2026-08-16,1,7d23f10cc3e90aaa48cbc3bc24227cb4b6b80a37030aa250dc8b08f3ed7f5917,25,district,district_19,District 19,auto_theft,Auto Theft,year_to_date,percent_change,percent,2026,2021,5,92.0,0.92,92%,,not_checkable,,,wilmington-compstat-v2,validated
weekly-2026-08-16-r1,weekly_compstat,2026-08-10,2026-08-16,1,7d23f10cc3e90aaa48cbc3bc24227cb4b6b80a37030aa250dc8b08f3ed7f5917,25,district,district_19,District 19,auto_theft,Auto Theft,year_to_date,percent_change,percent,2026,2020,6,15.0,0.15,15%,,not_checkable,,,wilmington-compstat-v2,validated
weekly-2026-08-16-r1,weekly_compstat,2026-08-10,2026-08-16,1,7d23f10cc3e90aaa48cbc3bc24227cb4b6b80a37030aa250dc8b08f3ed7f5917,25,district,district_19,District 19,major_crime_total,TOTAL,last_7_days,count,count,2026,,,2,,2,,not_applicable,,,wilmington-compstat-v2,validated
weekly-2026-08-16-r1,weekly_compstat,2026-08-10,2026-08-16,1,7d23f10cc3e90aaa48cbc3bc24227cb4b6b80a37030aa250dc8b08f3ed7f5917,25,district,district_19,District 19,major_crime_total,TOTAL,last_7_days,count,count,2025,,,1,,1,,not_applicable,,,wilmington-compstat-v2,validated
weekly-2026-08-16-r1,weekly_compstat,2026-08-10,2026-08-16,1,7d23f10cc3e90aaa48cbc3bc24227cb4b6b80a37030aa250dc8b08f3ed7f5917,25,district,district_19,District 19,major_crime_total,TOTAL,last_7_days,percent_change,percent,2026,2025,1,100.0,1.0,100%,100.0,matched,,,wilmington-compstat-v2,validated
weekly-2026-08-16-r1,weekly_compstat,2026-08-10,2026-08-16,1,7d23f10cc3e90aaa48cbc3bc24227cb4b6b80a37030aa250dc8b08f3ed7f5917,25,district,district_19,District 19,major_crime_total,TOTAL,last_28_days,count,count,2026,,,13,,13,,not_applicable,,,wilmington-compstat-v2,validated
weekly-2026-08-16-r1,weekly_compstat,2026-08-10,2026-08-16,1,7d23f10cc3e90aaa48cbc3bc24227cb4b6b80a37030aa250dc8b08f3ed7f5917,25,district,district_19,District 19,major_crime_total,TOTAL,last_28_days,count,count,2025,,,7,,7,,not_applicable,,,wilmington-compstat-v2,validated
weekly-2026-08-16-r1,weekly_compstat,2026-08-10,2026-08-16,1,7d23f10cc3e90aaa48cbc3bc24227cb4b6b80a37030aa250dc8b08f3ed7f5917,25,district,district_19,District 19,major_crime_total,TOTAL,last_28_days,percent_change,percent,2026,2025,1,86.0,0.86,86%,85.714286,matched,,,wilmington-compstat-v2,validated
weekly-2026-08-16-r1,weekly_compstat,2026-08-10,2026-08-16,1,7d23f10cc3e90aaa48cbc3bc24227cb4b6b80a37030aa250dc8b08f3ed7f5917,25,district,district_19,District 19,major_crime_total,TOTAL,year_to_date,count,count,2026,,,82,,82,,not_applicable,,,wilmington-compstat-v2,validated
weekly-2026-08-16-r1,weekly_compstat,2026-08-10,2026-08-16,1,7d23f10cc3e90aaa48cbc3bc24227cb4b6b80a37030aa250dc8b08f3ed7f5917,25,district,district_19,District 19,major_crime_total,TOTAL,year_to_date,count,count,2025,,,73,,73,,not_applicable,,,wilmington-compstat-v2,validated
weekly-2026-08-16-r1,weekly_compstat,2026-08-10,2026-08-16,1,7d23f10cc3e90aaa48cbc3bc24227cb4b6b80a37030aa250dc8b08f3ed7f5917,25,district,district_19,District 19,major_crime_total,TOTAL,year_to_date,percent_change,percent,2026,2025,1,12.0,0.12,12%,12.328767,matched,,,wilmington-compstat-v2,validated
weekly-2026-08-16-r1,weekly_compstat,2026-08-10,2026-08-16,1,7d23f10cc3e90aaa48cbc3bc24227cb4b6b80a37030aa250dc8b08f3ed7f5917,25,district,district_19,District 19,major_crime_total,TOTAL,year_to_date,percent_change,percent,2026,2024,2,6.0,0.06,6%,,not_checkable,,,wilmington-compstat-v2,validated
weekly-2026-08-16-r1,weekly_compstat,2026-08-10,2026-08-16,1,7d23f10cc3e90aaa48cbc3bc24227cb4b6b80a37030aa250dc8b08f3ed7f5917,25,district,district_19,District 19,major_crime_total,TOTAL,year_to_date,percent_change,percent,2026,2023,3,9.0,0.09,9%,,not_checkable,,,wilmington-compstat-v2,validated
weekly-2026-08-16-r1,weekly_compstat,2026-08-10,2026-08-16,1,7d23f10cc3e90aaa48cbc3bc24227cb4b6b80a37030aa250dc8b08f3ed7f5917,25,district,district_19,District 19,major_crime_total,TOTAL,year_to_date,percent_change,percent,2026,2022,4,39.0,0.39,39%,,not_checkable,,,wilmington-compstat-v2,validated
weekly-2026-08-16-r1,weekly_compstat,2026-08-10,2026-08-16,1,7d23f10cc3e90aaa48cbc3bc24227cb4b6b80a37030aa250dc8b08f3ed7f5917,25,district,district_19,District 19,major_crime_total,TOTAL,year_to_date,percent_change,percent,2026,2021,5,19.0,0.19,19%,,not_checkable,,,wilmington-compstat-v2,validated
weekly-2026-08-16-r1,weekly_compstat,2026-08-10,2026-08-16,1,7d23f10cc3e90aaa48cbc3bc24227cb4b6b80a37030aa250dc8b08f3ed7f5917,25,district,district_19,District 19,major_crime_total,TOTAL,year_to_date,percent_change,percent,2026,2020,6,-4.0,-0.04,-4%,,not_checkable,,,wilmington-compstat-v2,validated
weekly-2026-08-16-r1,weekly_compstat,2026-08-10,2026-08-16,1,7d23f10cc3e90aaa48cbc3bc24227cb4b6b80a37030aa250dc8b08f3ed7f5917,25,district,district_19,District 19,shooting_incidents,Shooting Incidents,last_7_days,count,count,2026,,,0,,0,,not_applicable,,,wilmington-compstat-v2,validated
weekly-2026-08-16-r1,weekly_compstat,2026-08-10,2026-08-16,1,7d23f10cc3e90aaa48cbc3bc24227cb4b6b80a37030aa250dc8b08f3ed7f5917,25,district,district_19,District 19,shooting_incidents,Shooting Incidents,last_7_days,count,count,2025,,,0,,0,,not_applicable,,,wilmington-compstat-v2,validated
weekly-2026-08-16-r1,weekly_compstat,2026-08-10,2026-08-16,1,7d23f10cc3e90aaa48cbc3bc24227cb4b6b80a37030aa250dc8b08f3ed7f5917,25,district,district_19,District 19,shooting_incidents,Shooting Incidents,last_7_days,percent_change,percent,2026,2025,1,,,*,,undefined_zero_denominator,,undefined_zero_denominator,wilmington-compstat-v2,validated
weekly-2026-08-16-r1,weekly_compstat,2026-08-10,2026-08-16,1,7d23f10cc3e90aaa48cbc3bc24227cb4b6b80a37030aa250dc8b08f3ed7f5917,25,district,district_19,District 19,shooting_incidents,Shooting Incidents,last_28_days,count,count,2026,,,0,,0,,not_applicable,,,wilmington-compstat-v2,validated
weekly-2026-08-16-r1,weekly_compstat,2026-08-10,2026-08-16,1,7d23f10cc3e90aaa48cbc3bc24227cb4b6b80a37030aa250dc8b08f3ed7f5917,25,district,district_19,District 19,shooting_incidents,Shooting Incidents,last_28_days,count,count,2025,,,1,,1,,not_applicable,,,wilmington-compstat-v2,validated
weekly-2026-08-16-r1,weekly_compstat,2026-08-10,2026-08-16,1,7d23f10cc3e90aaa48cbc3bc24227cb4b6b80a37030aa250dc8b08f3ed7f5917,25,district,district_19,District 19,shooting_incidents,Shooting Incidents,last_28_days,percent_change,percent,2026,2025,1,-100.0,-1.0,-100%,-100.0,matched,,,wilmington-compstat-v2,validated
weekly-2026-08-16-r1,weekly_compstat,2026-08-10,2026-08-16,1,7d23f10cc3e90aaa48cbc3bc24227cb4b6b80a37030aa250dc8b08f3ed7f5917,25,district,district_19,District 19,shooting_incidents,Shooting Incidents,year_to_date,count,count,2026,,,2,,2,,not_applicable,,,wilmington-compstat-v2,validated
weekly-2026-08-16-r1,weekly_compstat,2026-08-10,2026-08-16,1,7d23f10cc3e90aaa48cbc3bc24227cb4b6b80a37030aa250dc8b08f3ed7f5917,25,district,district_19,District 19,shooting_incidents,Shooting Incidents,year_to_date,count,count,2025,,,1,,1,,not_applicable,,,wilmington-compstat-v2,validated
weekly-2026-08-16-r1,weekly_compstat,2026-08-10,2026-08-16,1,7d23f10cc3e90aaa48cbc3bc24227cb4b6b80a37030aa250dc8b08f3ed7f5917,25,district,district_19,District 19,shooting_incidents,Shooting Incidents,year_to_date,percent_change,percent,2026,2025,1,100.0,1.0,100%,100.0,matched,,,wilmington-compstat-v2,validated
weekly-2026-08-16-r1,weekly_compstat,2026-08-10,2026-08-16,1,7d23f10cc3e90aaa48cbc3bc24227cb4b6b80a37030aa250dc8b08f3ed7f5917,25,district,district_19,District 19,shooting_incidents,Shooting Incidents,year_to_date,percent_change,percent,2026,2024,2,100.0,1.0,100%,,not_checkable,,,wilmington-compstat-v2,validated
weekly-2026-08-16-r1,weekly_compstat,2026-08-10,2026-08-16,1,7d23f10cc3e90aaa48cbc3bc24227cb4b6b80a37030aa250dc8b08f3ed7f5917,25,district,district_19,District 19,shooting_incidents,Shooting Incidents,year_to_date,percent_change,percent,2026,2023,3,-33.0,-0.33,-33%,,not_checkable,,,wilmington-compstat-v2,validated
weekly-2026-08-16-r1,weekly_compstat,2026-08-10,2026-08-16,1,7d23f10cc3e90aaa48cbc3bc24227cb4b6b80a37030aa250dc8b08f3ed7f5917,25,district,district_19,District 19,shooting_incidents,Shooting Incidents,year_to_date,percent_change,percent,2026,2022,4,,,*,,not_checkable,,undefined_zero_denominator,wilmington-compstat-v2,validated
weekly-2026-08-16-r1,weekly_compstat,2026-08-10,2026-08-16,1,7d23f10cc3e90aaa48cbc3bc24227cb4b6b80a37030aa250dc8b08f3ed7f5917,25,district,district_19,District 19,shooting_incidents,Shooting Incidents,year_to_date,percent_change,percent,2026,2021,5,,,*,,not_checkable,,undefined_zero_denominator,wilmington-compstat-v2,validated
weekly-2026-08-16-r1,weekly_compstat,2026-08-10,2026-08-16,1,7d23f10cc3e90aaa48cbc3bc24227cb4b6b80a37030aa250dc8b08f3ed7f5917,25,district,district_19,District 19,shooting_incidents,Shooting Incidents,year_to_date,percent_change,percent,2026,2020,6,0.0,0.0,0%,,not_checkable,,,wilmington-compstat-v2,validated
weekly-2026-08-16-r1,weekly_compstat,2026-08-10,2026-08-16,1,7d23f10cc3e90aaa48cbc3bc24227cb4b6b80a37030aa250dc8b08f3ed7f5917,25,district,district_19,District 19,shooting_victims,Shooting Victims,last_7_days,count,count,2026,,,0,,0,,not_applicable,,,wilmington-compstat-v2,validated
weekly-2026-08-16-r1,weekly_compstat,2026-08-10,2026-08-16,1,7d23f10cc3e90aaa48cbc3bc24227cb4b6b80a37030aa250dc8b08f3ed7f5917,25,district,district_19,District 19,shooting_victims,Shooting Victims,last_7_days,count,count,2025,,,0,,0,,not_applicable,,,wilmington-compstat-v2,validated
weekly-2026-08-16-r1,weekly_compstat,2026-08-10,2026-08-16,1,7d23f10cc3e90aaa48cbc3bc24227cb4b6b80a37030aa250dc8b08f3ed7f5917,25,district,district_19,District 19,shooting_victims,Shooting Victims,last_7_days,percent_change,percent,2026,2025,1,,,*,,undefined_zero_denominator,,undefined_zero_denominator,wilmington-compstat-v2,validated
weekly-2026-08-16-r1,weekly_compstat,2026-08-10,2026-08-16,1,7d23f10cc3e90aaa48cbc3bc24227cb4b6b80a37030aa250dc8b08f3ed7f5917,25,district,district_19,District 19,shooting_victims,Shooting Victims,last_28_days,count,count,2026,,,0,,0,,not_applicable,,,wilmington-compstat-v2,validated
weekly-2026-08-16-r1,weekly_compstat,2026-08-10,2026-08-16,1,7d23f10cc3e90aaa48cbc3bc24227cb4b6b80a37030aa250dc8b08f3ed7f5917,25,district,district_19,District 19,shooting_victims,Shooting Victims,last_28_days,count,count,2025,,,1,,1,,not_applicable,,,wilmington-compstat-v2,validated
weekly-2026-08-16-r1,weekly_compstat,2026-08-10,2026-08-16,1,7d23f10cc3e90aaa48cbc3bc24227cb4b6b80a37030aa250dc8b08f3ed7f5917,25,district,district_19,District 19,shooting_victims,Shooting Victims,last_28_days,percent_change,percent,2026,2025,1,-100.0,-1.0,-100%,-100.0,matched,,,wilmington-compstat-v2,validated
weekly-2026-08-16-r1,weekly_compstat,2026-08-10,2026-08-16,1,7d23f10cc3e90aaa48cbc3bc24227cb4b6b80a37030aa250dc8b08f3ed7f5917,25,district,district_19,District 19,shooting_victims,Shooting Victims,year_to_date,count,count,2026,,,3,,3,,not_applicable,,,wilmington-compstat-v2,validated
weekly-2026-08-16-r1,weekly_compstat,2026-08-10,2026-08-16,1,7d23f10cc3e90aaa48cbc3bc24227cb4b6b80a37030aa250dc8b08f3ed7f5917,25,district,district_19,District 19,shooting_victims,Shooting Victims,year_to_date,count,count,2025,,,1,,1,,not_applicable,,,wilmington-compstat-v2,validated
weekly-2026-08-16-r1,weekly_compstat,2026-08-10,2026-08-16,1,7d23f10cc3e90aaa48cbc3bc24227cb4b6b80a37030aa250dc8b08f3ed7f5917,25,district,district_19,District 19,shooting_victims,Shooting Victims,year_to_date,percent_change,percent,2026,2025,1,200.0,2.0,200%,200.0,matched,,,wilmington-compstat-v2,validated
weekly-2026-08-16-r1,weekly_compstat,2026-08-10,2026-08-16,1,7d23f10cc3e90aaa48cbc3bc24227cb4b6b80a37030aa250dc8b08f3ed7f5917,25,district,district_19,District 19,shooting_victims,Shooting Victims,year_to_date,percent_change,percent,2026,2024,2,200.0,2.0,200%,,not_checkable,,,wilmington-compstat-v2,validated
weekly-2026-08-16-r1,weekly_compstat,2026-08-10,2026-08-16,1,7d23f10cc3e90aaa48cbc3bc24227cb4b6b80a37030aa250dc8b08f3ed7f5917,25,district,district_19,District 19,shooting_victims,Shooting Victims,year_to_date,percent_change,percent,2026,2023,3,0.0,0.0,0%,,not_checkable,,,wilmington-compstat-v2,validated
weekly-2026-08-16-r1,weekly_compstat,2026-08-10,2026-08-16,1,7d23f10cc3e90aaa48cbc3bc24227cb4b6b80a37030aa250dc8b08f3ed7f5917,25,district,district_19,District 19,shooting_victims,Shooting Victims,year_to_date,percent_change,percent,2026,2022,4,,,*,,not_checkable,,undefined_zero_denominator,wilmington-compstat-v2,validated
weekly-2026-08-16-r1,weekly_compstat,2026-08-10,2026-08-16,1,7d23f10cc3e90aaa48cbc3bc24227cb4b6b80a37030aa250dc8b08f3ed7f5917,25,district,district_19,District 19,shooting_victims,Shooting Victims,year_to_date,percent_change,percent,2026,2021,5,,,*,,not_checkable,,undefined_zero_denominator,wilmington-compstat-v2,validated
weekly-2026-08-16-r1,weekly_compstat,2026-08-10,2026-08-16,1,7d23f10cc3e90aaa48cbc3bc24227cb4b6b80a37030aa250dc8b08f3ed7f5917,25,district,district_19,District 19,shooting_victims,Shooting Victims,year_to_date,percent_change,percent,2026,2020,6,50.0,0.5,50%,,not_checkable,,,wilmington-compstat-v2,validated
weekly-2026-08-16-r1,weekly_compstat,2026-08-10,2026-08-16,1,7d23f10cc3e90aaa48cbc3bc24227cb4b6b80a37030aa250dc8b08f3ed7f5917,25,district,district_19,District 19,juvenile_shooting_incidents,*Juv Shooting Incidents,last_7_days,count,count,2026,,,0,,0,,not_applicable,,,wilmington-compstat-v2,validated
weekly-2026-08-16-r1,weekly_compstat,2026-08-10,2026-08-16,1,7d23f10cc3e90aaa48cbc3bc24227cb4b6b80a37030aa250dc8b08f3ed7f5917,25,district,district_19,District 19,juvenile_shooting_incidents,*Juv Shooting Incidents,last_7_days,count,count,2025,,,0,,0,,not_applicable,,,wilmington-compstat-v2,validated
weekly-2026-08-16-r1,weekly_compstat,2026-08-10,2026-08-16,1,7d23f10cc3e90aaa48cbc3bc24227cb4b6b80a37030aa250dc8b08f3ed7f5917,25,district,district_19,District 19,juvenile_shooting_incidents,*Juv Shooting Incidents,last_7_days,percent_change,percent,2026,2025,1,,,*,,undefined_zero_denominator,,undefined_zero_denominator,wilmington-compstat-v2,validated
weekly-2026-08-16-r1,weekly_compstat,2026-08-10,2026-08-16,1,7d23f10cc3e90aaa48cbc3bc24227cb4b6b80a37030aa250dc8b08f3ed7f5917,25,district,district_19,District 19,juvenile_shooting_incidents,*Juv Shooting Incidents,last_28_days,count,count,2026,,,0,,0,,not_applicable,,,wilmington-compstat-v2,validated
weekly-2026-08-16-r1,weekly_compstat,2026-08-10,2026-08-16,1,7d23f10cc3e90aaa48cbc3bc24227cb4b6b80a37030aa250dc8b08f3ed7f5917,25,district,district_19,District 19,juvenile_shooting_incidents,*Juv Shooting Incidents,last_28_days,count,count,2025,,,0,,0,,not_applicable,,,wilmington-compstat-v2,validated
weekly-2026-08-16-r1,weekly_compstat,2026-08-10,2026-08-16,1,7d23f10cc3e90aaa48cbc3bc24227cb4b6b80a37030aa250dc8b08f3ed7f5917,25,district,district_19,District 19,juvenile_shooting_incidents,*Juv Shooting Incidents,last_28_days,percent_change,percent,2026,2025,1,,,*,,undefined_zero_denominator,,undefined_zero_denominator,wilmington-compstat-v2,validated
weekly-2026-08-16-r1,weekly_compstat,2026-08-10,2026-08-16,1,7d23f10cc3e90aaa48cbc3bc24227cb4b6b80a37030aa250dc8b08f3ed7f5917,25,district,district_19,District 19,juvenile_shooting_incidents,*Juv Shooting Incidents,year_to_date,count,count,2026,,,1,,1,,not_applicable,,,wilmington-compstat-v2,validated
weekly-2026-08-16-r1,weekly_compstat,2026-08-10,2026-08-16,1,7d23f10cc3e90aaa48cbc3bc24227cb4b6b80a37030aa250dc8b08f3ed7f5917,25,district,district_19,District 19,juvenile_shooting_incidents,*Juv Shooting Incidents,year_to_date,count,count,2025,,,0,,0,,not_applicable,,,wilmington-compstat-v2,validated
weekly-2026-08-16-r1,weekly_compstat,2026-08-10,2026-08-16,1,7d23f10cc3e90aaa48cbc3bc24227cb4b6b80a37030aa250dc8b08f3ed7f5917,25,district,district_19,District 19,juvenile_shooting_incidents,*Juv Shooting Incidents,year_to_date,percent_change,percent,2026,2025,1,,,*,,undefined_zero_denominator,,undefined_zero_denominator,wilmington-compstat-v2,validated
weekly-2026-08-16-r1,weekly_compstat,2026-08-10,2026-08-16,1,7d23f10cc3e90aaa48cbc3bc24227cb4b6b80a37030aa250dc8b08f3ed7f5917,25,district,district_19,District 19,juvenile_shooting_incidents,*Juv Shooting Incidents,year_to_date,percent_change,percent,2026,2024,2,,,*,,not_checkable,,undefined_zero_denominator,wilmington-compstat-v2,validated
weekly-2026-08-16-r1,weekly_compstat,2026-08-10,2026-08-16,1,7d23f10cc3e90aaa48cbc3bc24227cb4b6b80a37030aa250dc8b08f3ed7f5917,25,district,district_19,District 19,juvenile_shooting_incidents,*Juv Shooting Incidents,year_to_date,percent_change,percent,2026,2023,3,,,*,,not_checkable,,undefined_zero_denominator,wilmington-compstat-v2,validated
weekly-2026-08-16-r1,weekly_compstat,2026-08-10,2026-08-16,1,7d23f10cc3e90aaa48cbc3bc24227cb4b6b80a37030aa250dc8b08f3ed7f5917,25,district,district_19,District 19,juvenile_shooting_incidents,*Juv Shooting Incidents,year_to_date,percent_change,percent,2026,2022,4,,,*,,not_checkable,,undefined_zero_denominator,wilmington-compstat-v2,validated
weekly-2026-08-16-r1,weekly_compstat,2026-08-10,2026-08-16,1,7d23f10cc3e90aaa48cbc3bc24227cb4b6b80a37030aa250dc8b08f3ed7f5917,25,district,district_19,District 19,juvenile_shooting_incidents,*Juv Shooting Incidents,year_to_date,percent_change,percent,2026,2021,5,,,*,,not_checkable,,undefined_zero_denominator,wilmington-compstat-v2,validated
weekly-2026-08-16-r1,weekly_compstat,2026-08-10,2026-08-16,1,7d23f10cc3e90aaa48cbc3bc24227cb4b6b80a37030aa250dc8b08f3ed7f5917,25,district,district_19,District 19,juvenile_shooting_incidents,*Juv Shooting Incidents,year_to_date,percent_change,percent,2026,2020,6,0.0,0.0,0%,,not_checkable,,,wilmington-compstat-v2,validated
weekly-2026-08-16-r1,weekly_compstat,2026-08-10,2026-08-16,1,7d23f10cc3e90aaa48cbc3bc24227cb4b6b80a37030aa250dc8b08f3ed7f5917,25,district,district_19,District 19,juvenile_shooting_victims,*Juv Shooting Victims,last_7_days,count,count,2026,,,0,,0,,not_applicable,,,wilmington-compstat-v2,validated
weekly-2026-08-16-r1,weekly_compstat,2026-08-10,2026-08-16,1,7d23f10cc3e90aaa48cbc3bc24227cb4b6b80a37030aa250dc8b08f3ed7f5917,25,district,district_19,District 19,juvenile_shooting_victims,*Juv Shooting Victims,last_7_days,count,count,2025,,,0,,0,,not_applicable,,,wilmington-compstat-v2,validated
weekly-2026-08-16-r1,weekly_compstat,2026-08-10,2026-08-16,1,7d23f10cc3e90aaa48cbc3bc24227cb4b6b80a37030aa250dc8b08f3ed7f5917,25,district,district_19,District 19,juvenile_shooting_victims,*Juv Shooting Victims,last_7_days,percent_change,percent,2026,2025,1,,,*,,undefined_zero_denominator,,undefined_zero_denominator,wilmington-compstat-v2,validated
weekly-2026-08-16-r1,weekly_compstat,2026-08-10,2026-08-16,1,7d23f10cc3e90aaa48cbc3bc24227cb4b6b80a37030aa250dc8b08f3ed7f5917,25,district,district_19,District 19,juvenile_shooting_victims,*Juv Shooting Victims,last_28_days,count,count,2026,,,0,,0,,not_applicable,,,wilmington-compstat-v2,validated
weekly-2026-08-16-r1,weekly_compstat,2026-08-10,2026-08-16,1,7d23f10cc3e90aaa48cbc3bc24227cb4b6b80a37030aa250dc8b08f3ed7f5917,25,district,district_19,District 19,juvenile_shooting_victims,*Juv Shooting Victims,last_28_days,count,count,2025,,,0,,0,,not_applicable,,,wilmington-compstat-v2,validated
weekly-2026-08-16-r1,weekly_compstat,2026-08-10,2026-08-16,1,7d23f10cc3e90aaa48cbc3bc24227cb4b6b80a37030aa250dc8b08f3ed7f5917,25,district,district_19,District 19,juvenile_shooting_victims,*Juv Shooting Victims,last_28_days,percent_change,percent,2026,2025,1,,,*,,undefined_zero_denominator,,undefined_zero_denominator,wilmington-compstat-v2,validated
weekly-2026-08-16-r1,weekly_compstat,2026-08-10,2026-08-16,1,7d23f10cc3e90aaa48cbc3bc24227cb4b6b80a37030aa250dc8b08f3ed7f5917,25,district,district_19,District 19,juvenile_shooting_victims,*Juv Shooting Victims,year_to_date,count,count,2026,,,1,,1,,not_applicable,,,wilmington-compstat-v2,validated
weekly-2026-08-16-r1,weekly_compstat,2026-08-10,2026-08-16,1,7d23f10cc3e90aaa48cbc3bc24227cb4b6b80a37030aa250dc8b08f3ed7f5917,25,district,district_19,District 19,juvenile_shooting_victims,*Juv Shooting Victims,year_to_date,count,count,2025,,,0,,0,,not_applicable,,,wilmington-compstat-v2,validated
weekly-2026-08-16-r1,weekly_compstat,2026-08-10,2026-08-16,1,7d23f10cc3e90aaa48cbc3bc24227cb4b6b80a37030aa250dc8b08f3ed7f5917,25,district,district_19,District 19,juvenile_shooting_victims,*Juv Shooting Victims,year_to_date,percent_change,percent,2026,2025,1,,,*,,undefined_zero_denominator,,undefined_zero_denominator,wilmington-compstat-v2,validated
weekly-2026-08-16-r1,weekly_compstat,2026-08-10,2026-08-16,1,7d23f10cc3e90aaa48cbc3bc24227cb4b6b80a37030aa250dc8b08f3ed7f5917,25,district,district_19,District 19,juvenile_shooting_victims,*Juv Shooting Victims,year_to_date,percent_change,percent,2026,2024,2,,,*,,not_checkable,,undefined_zero_denominator,wilmington-compstat-v2,validated
weekly-2026-08-16-r1,weekly_compstat,2026-08-10,2026-08-16,1,7d23f10cc3e90aaa48cbc3bc24227cb4b6b80a37030aa250dc8b08f3ed7f5917,25,district,district_19,District 19,juvenile_shooting_victims,*Juv Shooting Victims,year_to_date,percent_change,percent,2026,2023,3,,,*,,not_checkable,,undefined_zero_denominator,wilmington-compstat-v2,validated
weekly-2026-08-16-r1,weekly_compstat,2026-08-10,2026-08-16,1,7d23f10cc3e90aaa48cbc3bc24227cb4b6b80a37030aa250dc8b08f3ed7f5917,25,district,district_19,District 19,juvenile_shooting_victims,*Juv Shooting Victims,year_to_date,percent_change,percent,2026,2022,4,,,*,,not_checkable,,undefined_zero_denominator,wilmington-compstat-v2,validated
weekly-2026-08-16-r1,weekly_compstat,2026-08-10,2026-08-16,1,7d23f10cc3e90aaa48cbc3bc24227cb4b6b80a37030aa250dc8b08f3ed7f5917,25,district,district_19,District 19,juvenile_shooting_victims,*Juv Shooting Victims,year_to_date,percent_change,percent,2026,2021,5,,,*,,not_checkable,,undefined_zero_denominator,wilmington-compstat-v2,validated
weekly-2026-08-16-r1,weekly_compstat,2026-08-10,2026-08-16,1,7d23f10cc3e90aaa48cbc3bc24227cb4b6b80a37030aa250dc8b08f3ed7f5917,25,district,district_19,District 19,juvenile_shooting_victims,*Juv Shooting Victims,year_to_date,percent_change,percent,2026,2020,6,0.0,0.0,0%,,not_checkable,,,wilmington-compstat-v2,validated
weekly-2026-08-16-r1,weekly_compstat,2026-08-10,2026-08-16,1,7d23f10cc3e90aaa48cbc3bc24227cb4b6b80a37030aa250dc8b08f3ed7f5917,25,district,district_19,District 19,misdemeanor_theft,Theft (Misdemeanor),last_7_days,count,count,2026,,,3,,3,,not_applicable,,,wilmington-compstat-v2,validated
weekly-2026-08-16-r1,weekly_compstat,2026-08-10,2026-08-16,1,7d23f10cc3e90aaa48cbc3bc24227cb4b6b80a37030aa250dc8b08f3ed7f5917,25,district,district_19,District 19,misdemeanor_theft,Theft (Misdemeanor),last_7_days,count,count,2025,,,3,,3,,not_applicable,,,wilmington-compstat-v2,validated
weekly-2026-08-16-r1,weekly_compstat,2026-08-10,2026-08-16,1,7d23f10cc3e90aaa48cbc3bc24227cb4b6b80a37030aa250dc8b08f3ed7f5917,25,district,district_19,District 19,misdemeanor_theft,Theft (Misdemeanor),last_7_days,percent_change,percent,2026,2025,1,0.0,0.0,0%,0.0,matched,,,wilmington-compstat-v2,validated
weekly-2026-08-16-r1,weekly_compstat,2026-08-10,2026-08-16,1,7d23f10cc3e90aaa48cbc3bc24227cb4b6b80a37030aa250dc8b08f3ed7f5917,25,district,district_19,District 19,misdemeanor_theft,Theft (Misdemeanor),last_28_days,count,count,2026,,,6,,6,,not_applicable,,,wilmington-compstat-v2,validated
weekly-2026-08-16-r1,weekly_compstat,2026-08-10,2026-08-16,1,7d23f10cc3e90aaa48cbc3bc24227cb4b6b80a37030aa250dc8b08f3ed7f5917,25,district,district_19,District 19,misdemeanor_theft,Theft (Misdemeanor),last_28_days,count,count,2025,,,11,,11,,not_applicable,,,wilmington-compstat-v2,validated
weekly-2026-08-16-r1,weekly_compstat,2026-08-10,2026-08-16,1,7d23f10cc3e90aaa48cbc3bc24227cb4b6b80a37030aa250dc8b08f3ed7f5917,25,district,district_19,District 19,misdemeanor_theft,Theft (Misdemeanor),last_28_days,percent_change,percent,2026,2025,1,-45.0,-0.45,-45%,-45.454545,matched,,,wilmington-compstat-v2,validated
weekly-2026-08-16-r1,weekly_compstat,2026-08-10,2026-08-16,1,7d23f10cc3e90aaa48cbc3bc24227cb4b6b80a37030aa250dc8b08f3ed7f5917,25,district,district_19,District 19,misdemeanor_theft,Theft (Misdemeanor),year_to_date,count,count,2026,,,47,,47,,not_applicable,,,wilmington-compstat-v2,validated
weekly-2026-08-16-r1,weekly_compstat,2026-08-10,2026-08-16,1,7d23f10cc3e90aaa48cbc3bc24227cb4b6b80a37030aa250dc8b08f3ed7f5917,25,district,district_19,District 19,misdemeanor_theft,Theft (Misdemeanor),year_to_date,count,count,2025,,,62,,62,,not_applicable,,,wilmington-compstat-v2,validated
weekly-2026-08-16-r1,weekly_compstat,2026-08-10,2026-08-16,1,7d23f10cc3e90aaa48cbc3bc24227cb4b6b80a37030aa250dc8b08f3ed7f5917,25,district,district_19,District 19,misdemeanor_theft,Theft (Misdemeanor),year_to_date,percent_change,percent,2026,2025,1,-24.0,-0.24,-24%,-24.193548,matched,,,wilmington-compstat-v2,validated
weekly-2026-08-16-r1,weekly_compstat,2026-08-10,2026-08-16,1,7d23f10cc3e90aaa48cbc3bc24227cb4b6b80a37030aa250dc8b08f3ed7f5917,25,district,district_19,District 19,misdemeanor_theft,Theft (Misdemeanor),year_to_date,percent_change,percent,2026,2024,2,-19.0,-0.19,-19%,,not_checkable,,,wilmington-compstat-v2,validated
weekly-2026-08-16-r1,weekly_compstat,2026-08-10,2026-08-16,1,7d23f10cc3e90aaa48cbc3bc24227cb4b6b80a37030aa250dc8b08f3ed7f5917,25,district,district_19,District 19,misdemeanor_theft,Theft (Misdemeanor),year_to_date,percent_change,percent,2026,2023,3,-36.0,-0.36,-36%,,not_checkable,,,wilmington-compstat-v2,validated
weekly-2026-08-16-r1,weekly_compstat,2026-08-10,2026-08-16,1,7d23f10cc3e90aaa48cbc3bc24227cb4b6b80a37030aa250dc8b08f3ed7f5917,25,district,district_19,District 19,misdemeanor_theft,Theft (Misdemeanor),year_to_date,percent_change,percent,2026,2022,4,-30.0,-0.3,-30%,,not_checkable,,,wilmington-compstat-v2,validated
weekly-2026-08-16-r1,weekly_compstat,2026-08-10,2026-08-16,1,7d23f10cc3e90aaa48cbc3bc24227cb4b6b80a37030aa250dc8b08f3ed7f5917,25,district,district_19,District 19,misdemeanor_theft,Theft (Misdemeanor),year_to_date,percent_change,percent,2026,2021,5,-36.0,-0.36,-36%,,not_checkable,,,wilmington-compstat-v2,validated
weekly-2026-08-16-r1,weekly_compstat,2026-08-10,2026-08-16,1,7d23f10cc3e90aaa48cbc3bc24227cb4b6b80a37030aa250dc8b08f3ed7f5917,25,district,district_19,District 19,misdemeanor_theft,Theft (Misdemeanor),year_to_date,percent_change,percent,2026,2020,6,-33.0,-0.33,-33%,,not_checkable,,,wilmington-compstat-v2,validated
