report_id,report_type,report_start,report_end,report_revision,source_sha256,source_page,geography_type,geography_code,geography_label,offense_code,offense_label,period,statistic,value_unit,observation_year,comparison_year,comparison_lag_years,value_numeric,value_ratio,value_reported,calculated_value_numeric,calculation_status,quality_flag,null_reason,extraction_version,validation_status
weekly-2026-09-20-r1,weekly_compstat,2026-09-14,2026-09-20,1,224441568f81ffe637b2bd2710d43d6899f14c5913e83b684efe2ba6fca9d029,1,citywide,citywide,Citywide,murder,Murder,last_7_days,count,count,2026,,,1,,1,,not_applicable,,,wilmington-compstat-v2,validated
weekly-2026-09-20-r1,weekly_compstat,2026-09-14,2026-09-20,1,224441568f81ffe637b2bd2710d43d6899f14c5913e83b684efe2ba6fca9d029,1,citywide,citywide,Citywide,murder,Murder,last_7_days,count,count,2025,,,0,,0,,not_applicable,,,wilmington-compstat-v2,validated
weekly-2026-09-20-r1,weekly_compstat,2026-09-14,2026-09-20,1,224441568f81ffe637b2bd2710d43d6899f14c5913e83b684efe2ba6fca9d029,1,citywide,citywide,Citywide,murder,Murder,last_7_days,percent_change,percent,2026,2025,1,,,*,,undefined_zero_denominator,,undefined_zero_denominator,wilmington-compstat-v2,validated
weekly-2026-09-20-r1,weekly_compstat,2026-09-14,2026-09-20,1,224441568f81ffe637b2bd2710d43d6899f14c5913e83b684efe2ba6fca9d029,1,citywide,citywide,Citywide,murder,Murder,last_28_days,count,count,2026,,,3,,3,,not_applicable,,,wilmington-compstat-v2,validated
weekly-2026-09-20-r1,weekly_compstat,2026-09-14,2026-09-20,1,224441568f81ffe637b2bd2710d43d6899f14c5913e83b684efe2ba6fca9d029,1,citywide,citywide,Citywide,murder,Murder,last_28_days,count,count,2025,,,1,,1,,not_applicable,,,wilmington-compstat-v2,validated
weekly-2026-09-20-r1,weekly_compstat,2026-09-14,2026-09-20,1,224441568f81ffe637b2bd2710d43d6899f14c5913e83b684efe2ba6fca9d029,1,citywide,citywide,Citywide,murder,Murder,last_28_days,percent_change,percent,2026,2025,1,200.0,2.0,200%,200.0,matched,,,wilmington-compstat-v2,validated
weekly-2026-09-20-r1,weekly_compstat,2026-09-14,2026-09-20,1,224441568f81ffe637b2bd2710d43d6899f14c5913e83b684efe2ba6fca9d029,1,citywide,citywide,Citywide,murder,Murder,year_to_date,count,count,2026,,,10,,10,,not_applicable,,,wilmington-compstat-v2,validated
weekly-2026-09-20-r1,weekly_compstat,2026-09-14,2026-09-20,1,224441568f81ffe637b2bd2710d43d6899f14c5913e83b684efe2ba6fca9d029,1,citywide,citywide,Citywide,murder,Murder,year_to_date,count,count,2025,,,11,,11,,not_applicable,,,wilmington-compstat-v2,validated
weekly-2026-09-20-r1,weekly_compstat,2026-09-14,2026-09-20,1,224441568f81ffe637b2bd2710d43d6899f14c5913e83b684efe2ba6fca9d029,1,citywide,citywide,Citywide,murder,Murder,year_to_date,percent_change,percent,2026,2025,1,-9.0,-0.09,-9%,-9.090909,matched,,,wilmington-compstat-v2,validated
weekly-2026-09-20-r1,weekly_compstat,2026-09-14,2026-09-20,1,224441568f81ffe637b2bd2710d43d6899f14c5913e83b684efe2ba6fca9d029,1,citywide,citywide,Citywide,murder,Murder,year_to_date,percent_change,percent,2026,2024,2,-44.0,-0.44,-44%,,not_checkable,,,wilmington-compstat-v2,validated
weekly-2026-09-20-r1,weekly_compstat,2026-09-14,2026-09-20,1,224441568f81ffe637b2bd2710d43d6899f14c5913e83b684efe2ba6fca9d029,1,citywide,citywide,Citywide,murder,Murder,year_to_date,percent_change,percent,2026,2023,3,-9.0,-0.09,-9%,,not_checkable,,,wilmington-compstat-v2,validated
weekly-2026-09-20-r1,weekly_compstat,2026-09-14,2026-09-20,1,224441568f81ffe637b2bd2710d43d6899f14c5913e83b684efe2ba6fca9d029,1,citywide,citywide,Citywide,murder,Murder,year_to_date,percent_change,percent,2026,2022,4,-33.0,-0.33,-33%,,not_checkable,,,wilmington-compstat-v2,validated
weekly-2026-09-20-r1,weekly_compstat,2026-09-14,2026-09-20,1,224441568f81ffe637b2bd2710d43d6899f14c5913e83b684efe2ba6fca9d029,1,citywide,citywide,Citywide,murder,Murder,year_to_date,percent_change,percent,2026,2021,5,-60.0,-0.6,-60%,,not_checkable,,,wilmington-compstat-v2,validated
weekly-2026-09-20-r1,weekly_compstat,2026-09-14,2026-09-20,1,224441568f81ffe637b2bd2710d43d6899f14c5913e83b684efe2ba6fca9d029,1,citywide,citywide,Citywide,murder,Murder,year_to_date,percent_change,percent,2026,2020,6,-57.0,-0.57,-57%,,not_checkable,,,wilmington-compstat-v2,validated
weekly-2026-09-20-r1,weekly_compstat,2026-09-14,2026-09-20,1,224441568f81ffe637b2bd2710d43d6899f14c5913e83b684efe2ba6fca9d029,1,citywide,citywide,Citywide,rape,Rape,last_7_days,count,count,2026,,,0,,0,,not_applicable,,,wilmington-compstat-v2,validated
weekly-2026-09-20-r1,weekly_compstat,2026-09-14,2026-09-20,1,224441568f81ffe637b2bd2710d43d6899f14c5913e83b684efe2ba6fca9d029,1,citywide,citywide,Citywide,rape,Rape,last_7_days,count,count,2025,,,0,,0,,not_applicable,,,wilmington-compstat-v2,validated
weekly-2026-09-20-r1,weekly_compstat,2026-09-14,2026-09-20,1,224441568f81ffe637b2bd2710d43d6899f14c5913e83b684efe2ba6fca9d029,1,citywide,citywide,Citywide,rape,Rape,last_7_days,percent_change,percent,2026,2025,1,,,*,,undefined_zero_denominator,,undefined_zero_denominator,wilmington-compstat-v2,validated
weekly-2026-09-20-r1,weekly_compstat,2026-09-14,2026-09-20,1,224441568f81ffe637b2bd2710d43d6899f14c5913e83b684efe2ba6fca9d029,1,citywide,citywide,Citywide,rape,Rape,last_28_days,count,count,2026,,,1,,1,,not_applicable,,,wilmington-compstat-v2,validated
weekly-2026-09-20-r1,weekly_compstat,2026-09-14,2026-09-20,1,224441568f81ffe637b2bd2710d43d6899f14c5913e83b684efe2ba6fca9d029,1,citywide,citywide,Citywide,rape,Rape,last_28_days,count,count,2025,,,0,,0,,not_applicable,,,wilmington-compstat-v2,validated
weekly-2026-09-20-r1,weekly_compstat,2026-09-14,2026-09-20,1,224441568f81ffe637b2bd2710d43d6899f14c5913e83b684efe2ba6fca9d029,1,citywide,citywide,Citywide,rape,Rape,last_28_days,percent_change,percent,2026,2025,1,,,*,,undefined_zero_denominator,,undefined_zero_denominator,wilmington-compstat-v2,validated
weekly-2026-09-20-r1,weekly_compstat,2026-09-14,2026-09-20,1,224441568f81ffe637b2bd2710d43d6899f14c5913e83b684efe2ba6fca9d029,1,citywide,citywide,Citywide,rape,Rape,year_to_date,count,count,2026,,,4,,4,,not_applicable,,,wilmington-compstat-v2,validated
weekly-2026-09-20-r1,weekly_compstat,2026-09-14,2026-09-20,1,224441568f81ffe637b2bd2710d43d6899f14c5913e83b684efe2ba6fca9d029,1,citywide,citywide,Citywide,rape,Rape,year_to_date,count,count,2025,,,1,,1,,not_applicable,,,wilmington-compstat-v2,validated
weekly-2026-09-20-r1,weekly_compstat,2026-09-14,2026-09-20,1,224441568f81ffe637b2bd2710d43d6899f14c5913e83b684efe2ba6fca9d029,1,citywide,citywide,Citywide,rape,Rape,year_to_date,percent_change,percent,2026,2025,1,300.0,3.0,300%,300.0,matched,,,wilmington-compstat-v2,validated
weekly-2026-09-20-r1,weekly_compstat,2026-09-14,2026-09-20,1,224441568f81ffe637b2bd2710d43d6899f14c5913e83b684efe2ba6fca9d029,1,citywide,citywide,Citywide,rape,Rape,year_to_date,percent_change,percent,2026,2024,2,100.0,1.0,100%,,not_checkable,,,wilmington-compstat-v2,validated
weekly-2026-09-20-r1,weekly_compstat,2026-09-14,2026-09-20,1,224441568f81ffe637b2bd2710d43d6899f14c5913e83b684efe2ba6fca9d029,1,citywide,citywide,Citywide,rape,Rape,year_to_date,percent_change,percent,2026,2023,3,0.0,0.0,0%,,not_checkable,,,wilmington-compstat-v2,validated
weekly-2026-09-20-r1,weekly_compstat,2026-09-14,2026-09-20,1,224441568f81ffe637b2bd2710d43d6899f14c5913e83b684efe2ba6fca9d029,1,citywide,citywide,Citywide,rape,Rape,year_to_date,percent_change,percent,2026,2022,4,-56.0,-0.56,-56%,,not_checkable,,,wilmington-compstat-v2,validated
weekly-2026-09-20-r1,weekly_compstat,2026-09-14,2026-09-20,1,224441568f81ffe637b2bd2710d43d6899f14c5913e83b684efe2ba6fca9d029,1,citywide,citywide,Citywide,rape,Rape,year_to_date,percent_change,percent,2026,2021,5,0.0,0.0,0%,,not_checkable,,,wilmington-compstat-v2,validated
weekly-2026-09-20-r1,weekly_compstat,2026-09-14,2026-09-20,1,224441568f81ffe637b2bd2710d43d6899f14c5913e83b684efe2ba6fca9d029,1,citywide,citywide,Citywide,rape,Rape,year_to_date,percent_change,percent,2026,2020,6,-50.0,-0.5,-50%,,not_checkable,,,wilmington-compstat-v2,validated
weekly-2026-09-20-r1,weekly_compstat,2026-09-14,2026-09-20,1,224441568f81ffe637b2bd2710d43d6899f14c5913e83b684efe2ba6fca9d029,1,citywide,citywide,Citywide,robbery,Robbery,last_7_days,count,count,2026,,,3,,3,,not_applicable,,,wilmington-compstat-v2,validated
weekly-2026-09-20-r1,weekly_compstat,2026-09-14,2026-09-20,1,224441568f81ffe637b2bd2710d43d6899f14c5913e83b684efe2ba6fca9d029,1,citywide,citywide,Citywide,robbery,Robbery,last_7_days,count,count,2025,,,2,,2,,not_applicable,,,wilmington-compstat-v2,validated
weekly-2026-09-20-r1,weekly_compstat,2026-09-14,2026-09-20,1,224441568f81ffe637b2bd2710d43d6899f14c5913e83b684efe2ba6fca9d029,1,citywide,citywide,Citywide,robbery,Robbery,last_7_days,percent_change,percent,2026,2025,1,50.0,0.5,50%,50.0,matched,,,wilmington-compstat-v2,validated
weekly-2026-09-20-r1,weekly_compstat,2026-09-14,2026-09-20,1,224441568f81ffe637b2bd2710d43d6899f14c5913e83b684efe2ba6fca9d029,1,citywide,citywide,Citywide,robbery,Robbery,last_28_days,count,count,2026,,,16,,16,,not_applicable,,,wilmington-compstat-v2,validated
weekly-2026-09-20-r1,weekly_compstat,2026-09-14,2026-09-20,1,224441568f81ffe637b2bd2710d43d6899f14c5913e83b684efe2ba6fca9d029,1,citywide,citywide,Citywide,robbery,Robbery,last_28_days,count,count,2025,,,11,,11,,not_applicable,,,wilmington-compstat-v2,validated
weekly-2026-09-20-r1,weekly_compstat,2026-09-14,2026-09-20,1,224441568f81ffe637b2bd2710d43d6899f14c5913e83b684efe2ba6fca9d029,1,citywide,citywide,Citywide,robbery,Robbery,last_28_days,percent_change,percent,2026,2025,1,45.0,0.45,45%,45.454545,matched,,,wilmington-compstat-v2,validated
weekly-2026-09-20-r1,weekly_compstat,2026-09-14,2026-09-20,1,224441568f81ffe637b2bd2710d43d6899f14c5913e83b684efe2ba6fca9d029,1,citywide,citywide,Citywide,robbery,Robbery,year_to_date,count,count,2026,,,150,,150,,not_applicable,,,wilmington-compstat-v2,validated
weekly-2026-09-20-r1,weekly_compstat,2026-09-14,2026-09-20,1,224441568f81ffe637b2bd2710d43d6899f14c5913e83b684efe2ba6fca9d029,1,citywide,citywide,Citywide,robbery,Robbery,year_to_date,count,count,2025,,,138,,138,,not_applicable,,,wilmington-compstat-v2,validated
weekly-2026-09-20-r1,weekly_compstat,2026-09-14,2026-09-20,1,224441568f81ffe637b2bd2710d43d6899f14c5913e83b684efe2ba6fca9d029,1,citywide,citywide,Citywide,robbery,Robbery,year_to_date,percent_change,percent,2026,2025,1,9.0,0.09,9%,8.695652,matched,,,wilmington-compstat-v2,validated
weekly-2026-09-20-r1,weekly_compstat,2026-09-14,2026-09-20,1,224441568f81ffe637b2bd2710d43d6899f14c5913e83b684efe2ba6fca9d029,1,citywide,citywide,Citywide,robbery,Robbery,year_to_date,percent_change,percent,2026,2024,2,21.0,0.21,21%,,not_checkable,,,wilmington-compstat-v2,validated
weekly-2026-09-20-r1,weekly_compstat,2026-09-14,2026-09-20,1,224441568f81ffe637b2bd2710d43d6899f14c5913e83b684efe2ba6fca9d029,1,citywide,citywide,Citywide,robbery,Robbery,year_to_date,percent_change,percent,2026,2023,3,-3.0,-0.03,-3%,,not_checkable,,,wilmington-compstat-v2,validated
weekly-2026-09-20-r1,weekly_compstat,2026-09-14,2026-09-20,1,224441568f81ffe637b2bd2710d43d6899f14c5913e83b684efe2ba6fca9d029,1,citywide,citywide,Citywide,robbery,Robbery,year_to_date,percent_change,percent,2026,2022,4,-2.0,-0.02,-2%,,not_checkable,,,wilmington-compstat-v2,validated
weekly-2026-09-20-r1,weekly_compstat,2026-09-14,2026-09-20,1,224441568f81ffe637b2bd2710d43d6899f14c5913e83b684efe2ba6fca9d029,1,citywide,citywide,Citywide,robbery,Robbery,year_to_date,percent_change,percent,2026,2021,5,9.0,0.09,9%,,not_checkable,,,wilmington-compstat-v2,validated
weekly-2026-09-20-r1,weekly_compstat,2026-09-14,2026-09-20,1,224441568f81ffe637b2bd2710d43d6899f14c5913e83b684efe2ba6fca9d029,1,citywide,citywide,Citywide,robbery,Robbery,year_to_date,percent_change,percent,2026,2020,6,-19.0,-0.19,-19%,,not_checkable,,,wilmington-compstat-v2,validated
weekly-2026-09-20-r1,weekly_compstat,2026-09-14,2026-09-20,1,224441568f81ffe637b2bd2710d43d6899f14c5913e83b684efe2ba6fca9d029,1,citywide,citywide,Citywide,aggravated_assault,Agg. Assault,last_7_days,count,count,2026,,,5,,5,,not_applicable,,,wilmington-compstat-v2,validated
weekly-2026-09-20-r1,weekly_compstat,2026-09-14,2026-09-20,1,224441568f81ffe637b2bd2710d43d6899f14c5913e83b684efe2ba6fca9d029,1,citywide,citywide,Citywide,aggravated_assault,Agg. Assault,last_7_days,count,count,2025,,,15,,15,,not_applicable,,,wilmington-compstat-v2,validated
weekly-2026-09-20-r1,weekly_compstat,2026-09-14,2026-09-20,1,224441568f81ffe637b2bd2710d43d6899f14c5913e83b684efe2ba6fca9d029,1,citywide,citywide,Citywide,aggravated_assault,Agg. Assault,last_7_days,percent_change,percent,2026,2025,1,-67.0,-0.67,-67%,-66.666667,matched,,,wilmington-compstat-v2,validated
weekly-2026-09-20-r1,weekly_compstat,2026-09-14,2026-09-20,1,224441568f81ffe637b2bd2710d43d6899f14c5913e83b684efe2ba6fca9d029,1,citywide,citywide,Citywide,aggravated_assault,Agg. Assault,last_28_days,count,count,2026,,,38,,38,,not_applicable,,,wilmington-compstat-v2,validated
weekly-2026-09-20-r1,weekly_compstat,2026-09-14,2026-09-20,1,224441568f81ffe637b2bd2710d43d6899f14c5913e83b684efe2ba6fca9d029,1,citywide,citywide,Citywide,aggravated_assault,Agg. Assault,last_28_days,count,count,2025,,,51,,51,,not_applicable,,,wilmington-compstat-v2,validated
weekly-2026-09-20-r1,weekly_compstat,2026-09-14,2026-09-20,1,224441568f81ffe637b2bd2710d43d6899f14c5913e83b684efe2ba6fca9d029,1,citywide,citywide,Citywide,aggravated_assault,Agg. Assault,last_28_days,percent_change,percent,2026,2025,1,-25.0,-0.25,-25%,-25.490196,matched,,,wilmington-compstat-v2,validated
weekly-2026-09-20-r1,weekly_compstat,2026-09-14,2026-09-20,1,224441568f81ffe637b2bd2710d43d6899f14c5913e83b684efe2ba6fca9d029,1,citywide,citywide,Citywide,aggravated_assault,Agg. Assault,year_to_date,count,count,2026,,,312,,312,,not_applicable,,,wilmington-compstat-v2,validated
weekly-2026-09-20-r1,weekly_compstat,2026-09-14,2026-09-20,1,224441568f81ffe637b2bd2710d43d6899f14c5913e83b684efe2ba6fca9d029,1,citywide,citywide,Citywide,aggravated_assault,Agg. Assault,year_to_date,count,count,2025,,,311,,311,,not_applicable,,,wilmington-compstat-v2,validated
weekly-2026-09-20-r1,weekly_compstat,2026-09-14,2026-09-20,1,224441568f81ffe637b2bd2710d43d6899f14c5913e83b684efe2ba6fca9d029,1,citywide,citywide,Citywide,aggravated_assault,Agg. Assault,year_to_date,percent_change,percent,2026,2025,1,0.0,0.0,0%,0.321543,matched,,,wilmington-compstat-v2,validated
weekly-2026-09-20-r1,weekly_compstat,2026-09-14,2026-09-20,1,224441568f81ffe637b2bd2710d43d6899f14c5913e83b684efe2ba6fca9d029,1,citywide,citywide,Citywide,aggravated_assault,Agg. Assault,year_to_date,percent_change,percent,2026,2024,2,14.0,0.14,14%,,not_checkable,,,wilmington-compstat-v2,validated
weekly-2026-09-20-r1,weekly_compstat,2026-09-14,2026-09-20,1,224441568f81ffe637b2bd2710d43d6899f14c5913e83b684efe2ba6fca9d029,1,citywide,citywide,Citywide,aggravated_assault,Agg. Assault,year_to_date,percent_change,percent,2026,2023,3,-1.0,-0.01,-1%,,not_checkable,,,wilmington-compstat-v2,validated
weekly-2026-09-20-r1,weekly_compstat,2026-09-14,2026-09-20,1,224441568f81ffe637b2bd2710d43d6899f14c5913e83b684efe2ba6fca9d029,1,citywide,citywide,Citywide,aggravated_assault,Agg. Assault,year_to_date,percent_change,percent,2026,2022,4,17.0,0.17,17%,,not_checkable,,,wilmington-compstat-v2,validated
weekly-2026-09-20-r1,weekly_compstat,2026-09-14,2026-09-20,1,224441568f81ffe637b2bd2710d43d6899f14c5913e83b684efe2ba6fca9d029,1,citywide,citywide,Citywide,aggravated_assault,Agg. Assault,year_to_date,percent_change,percent,2026,2021,5,-11.0,-0.11,-11%,,not_checkable,,,wilmington-compstat-v2,validated
weekly-2026-09-20-r1,weekly_compstat,2026-09-14,2026-09-20,1,224441568f81ffe637b2bd2710d43d6899f14c5913e83b684efe2ba6fca9d029,1,citywide,citywide,Citywide,aggravated_assault,Agg. Assault,year_to_date,percent_change,percent,2026,2020,6,-3.0,-0.03,-3%,,not_checkable,,,wilmington-compstat-v2,validated
weekly-2026-09-20-r1,weekly_compstat,2026-09-14,2026-09-20,1,224441568f81ffe637b2bd2710d43d6899f14c5913e83b684efe2ba6fca9d029,1,citywide,citywide,Citywide,burglary,Burglary,last_7_days,count,count,2026,,,6,,6,,not_applicable,,,wilmington-compstat-v2,validated
weekly-2026-09-20-r1,weekly_compstat,2026-09-14,2026-09-20,1,224441568f81ffe637b2bd2710d43d6899f14c5913e83b684efe2ba6fca9d029,1,citywide,citywide,Citywide,burglary,Burglary,last_7_days,count,count,2025,,,6,,6,,not_applicable,,,wilmington-compstat-v2,validated
weekly-2026-09-20-r1,weekly_compstat,2026-09-14,2026-09-20,1,224441568f81ffe637b2bd2710d43d6899f14c5913e83b684efe2ba6fca9d029,1,citywide,citywide,Citywide,burglary,Burglary,last_7_days,percent_change,percent,2026,2025,1,0.0,0.0,0%,0.0,matched,,,wilmington-compstat-v2,validated
weekly-2026-09-20-r1,weekly_compstat,2026-09-14,2026-09-20,1,224441568f81ffe637b2bd2710d43d6899f14c5913e83b684efe2ba6fca9d029,1,citywide,citywide,Citywide,burglary,Burglary,last_28_days,count,count,2026,,,23,,23,,not_applicable,,,wilmington-compstat-v2,validated
weekly-2026-09-20-r1,weekly_compstat,2026-09-14,2026-09-20,1,224441568f81ffe637b2bd2710d43d6899f14c5913e83b684efe2ba6fca9d029,1,citywide,citywide,Citywide,burglary,Burglary,last_28_days,count,count,2025,,,25,,25,,not_applicable,,,wilmington-compstat-v2,validated
weekly-2026-09-20-r1,weekly_compstat,2026-09-14,2026-09-20,1,224441568f81ffe637b2bd2710d43d6899f14c5913e83b684efe2ba6fca9d029,1,citywide,citywide,Citywide,burglary,Burglary,last_28_days,percent_change,percent,2026,2025,1,-8.0,-0.08,-8%,-8.0,matched,,,wilmington-compstat-v2,validated
weekly-2026-09-20-r1,weekly_compstat,2026-09-14,2026-09-20,1,224441568f81ffe637b2bd2710d43d6899f14c5913e83b684efe2ba6fca9d029,1,citywide,citywide,Citywide,burglary,Burglary,year_to_date,count,count,2026,,,251,,251,,not_applicable,,,wilmington-compstat-v2,validated
weekly-2026-09-20-r1,weekly_compstat,2026-09-14,2026-09-20,1,224441568f81ffe637b2bd2710d43d6899f14c5913e83b684efe2ba6fca9d029,1,citywide,citywide,Citywide,burglary,Burglary,year_to_date,count,count,2025,,,273,,273,,not_applicable,,,wilmington-compstat-v2,validated
weekly-2026-09-20-r1,weekly_compstat,2026-09-14,2026-09-20,1,224441568f81ffe637b2bd2710d43d6899f14c5913e83b684efe2ba6fca9d029,1,citywide,citywide,Citywide,burglary,Burglary,year_to_date,percent_change,percent,2026,2025,1,-8.0,-0.08,-8%,-8.058608,matched,,,wilmington-compstat-v2,validated
weekly-2026-09-20-r1,weekly_compstat,2026-09-14,2026-09-20,1,224441568f81ffe637b2bd2710d43d6899f14c5913e83b684efe2ba6fca9d029,1,citywide,citywide,Citywide,burglary,Burglary,year_to_date,percent_change,percent,2026,2024,2,11.0,0.11,11%,,not_checkable,,,wilmington-compstat-v2,validated
weekly-2026-09-20-r1,weekly_compstat,2026-09-14,2026-09-20,1,224441568f81ffe637b2bd2710d43d6899f14c5913e83b684efe2ba6fca9d029,1,citywide,citywide,Citywide,burglary,Burglary,year_to_date,percent_change,percent,2026,2023,3,-7.0,-0.07,-7%,,not_checkable,,,wilmington-compstat-v2,validated
weekly-2026-09-20-r1,weekly_compstat,2026-09-14,2026-09-20,1,224441568f81ffe637b2bd2710d43d6899f14c5913e83b684efe2ba6fca9d029,1,citywide,citywide,Citywide,burglary,Burglary,year_to_date,percent_change,percent,2026,2022,4,-13.0,-0.13,-13%,,not_checkable,,,wilmington-compstat-v2,validated
weekly-2026-09-20-r1,weekly_compstat,2026-09-14,2026-09-20,1,224441568f81ffe637b2bd2710d43d6899f14c5913e83b684efe2ba6fca9d029,1,citywide,citywide,Citywide,burglary,Burglary,year_to_date,percent_change,percent,2026,2021,5,-21.0,-0.21,-21%,,not_checkable,,,wilmington-compstat-v2,validated
weekly-2026-09-20-r1,weekly_compstat,2026-09-14,2026-09-20,1,224441568f81ffe637b2bd2710d43d6899f14c5913e83b684efe2ba6fca9d029,1,citywide,citywide,Citywide,burglary,Burglary,year_to_date,percent_change,percent,2026,2020,6,-33.0,-0.33,-33%,,not_checkable,,,wilmington-compstat-v2,validated
weekly-2026-09-20-r1,weekly_compstat,2026-09-14,2026-09-20,1,224441568f81ffe637b2bd2710d43d6899f14c5913e83b684efe2ba6fca9d029,1,citywide,citywide,Citywide,felony_theft,Felony Theft,last_7_days,count,count,2026,,,6,,6,,not_applicable,,,wilmington-compstat-v2,validated
weekly-2026-09-20-r1,weekly_compstat,2026-09-14,2026-09-20,1,224441568f81ffe637b2bd2710d43d6899f14c5913e83b684efe2ba6fca9d029,1,citywide,citywide,Citywide,felony_theft,Felony Theft,last_7_days,count,count,2025,,,5,,5,,not_applicable,,,wilmington-compstat-v2,validated
weekly-2026-09-20-r1,weekly_compstat,2026-09-14,2026-09-20,1,224441568f81ffe637b2bd2710d43d6899f14c5913e83b684efe2ba6fca9d029,1,citywide,citywide,Citywide,felony_theft,Felony Theft,last_7_days,percent_change,percent,2026,2025,1,20.0,0.2,20%,20.0,matched,,,wilmington-compstat-v2,validated
weekly-2026-09-20-r1,weekly_compstat,2026-09-14,2026-09-20,1,224441568f81ffe637b2bd2710d43d6899f14c5913e83b684efe2ba6fca9d029,1,citywide,citywide,Citywide,felony_theft,Felony Theft,last_28_days,count,count,2026,,,22,,22,,not_applicable,,,wilmington-compstat-v2,validated
weekly-2026-09-20-r1,weekly_compstat,2026-09-14,2026-09-20,1,224441568f81ffe637b2bd2710d43d6899f14c5913e83b684efe2ba6fca9d029,1,citywide,citywide,Citywide,felony_theft,Felony Theft,last_28_days,count,count,2025,,,23,,23,,not_applicable,,,wilmington-compstat-v2,validated
weekly-2026-09-20-r1,weekly_compstat,2026-09-14,2026-09-20,1,224441568f81ffe637b2bd2710d43d6899f14c5913e83b684efe2ba6fca9d029,1,citywide,citywide,Citywide,felony_theft,Felony Theft,last_28_days,percent_change,percent,2026,2025,1,-4.0,-0.04,-4%,-4.347826,matched,,,wilmington-compstat-v2,validated
weekly-2026-09-20-r1,weekly_compstat,2026-09-14,2026-09-20,1,224441568f81ffe637b2bd2710d43d6899f14c5913e83b684efe2ba6fca9d029,1,citywide,citywide,Citywide,felony_theft,Felony Theft,year_to_date,count,count,2026,,,176,,176,,not_applicable,,,wilmington-compstat-v2,validated
weekly-2026-09-20-r1,weekly_compstat,2026-09-14,2026-09-20,1,224441568f81ffe637b2bd2710d43d6899f14c5913e83b684efe2ba6fca9d029,1,citywide,citywide,Citywide,felony_theft,Felony Theft,year_to_date,count,count,2025,,,180,,180,,not_applicable,,,wilmington-compstat-v2,validated
weekly-2026-09-20-r1,weekly_compstat,2026-09-14,2026-09-20,1,224441568f81ffe637b2bd2710d43d6899f14c5913e83b684efe2ba6fca9d029,1,citywide,citywide,Citywide,felony_theft,Felony Theft,year_to_date,percent_change,percent,2026,2025,1,-2.0,-0.02,-2%,-2.222222,matched,,,wilmington-compstat-v2,validated
weekly-2026-09-20-r1,weekly_compstat,2026-09-14,2026-09-20,1,224441568f81ffe637b2bd2710d43d6899f14c5913e83b684efe2ba6fca9d029,1,citywide,citywide,Citywide,felony_theft,Felony Theft,year_to_date,percent_change,percent,2026,2024,2,-5.0,-0.05,-5%,,not_checkable,,,wilmington-compstat-v2,validated
weekly-2026-09-20-r1,weekly_compstat,2026-09-14,2026-09-20,1,224441568f81ffe637b2bd2710d43d6899f14c5913e83b684efe2ba6fca9d029,1,citywide,citywide,Citywide,felony_theft,Felony Theft,year_to_date,percent_change,percent,2026,2023,3,-21.0,-0.21,-21%,,not_checkable,,,wilmington-compstat-v2,validated
weekly-2026-09-20-r1,weekly_compstat,2026-09-14,2026-09-20,1,224441568f81ffe637b2bd2710d43d6899f14c5913e83b684efe2ba6fca9d029,1,citywide,citywide,Citywide,felony_theft,Felony Theft,year_to_date,percent_change,percent,2026,2022,4,-24.0,-0.24,-24%,,not_checkable,,,wilmington-compstat-v2,validated
weekly-2026-09-20-r1,weekly_compstat,2026-09-14,2026-09-20,1,224441568f81ffe637b2bd2710d43d6899f14c5913e83b684efe2ba6fca9d029,1,citywide,citywide,Citywide,felony_theft,Felony Theft,year_to_date,percent_change,percent,2026,2021,5,-20.0,-0.2,-20%,,not_checkable,,,wilmington-compstat-v2,validated
weekly-2026-09-20-r1,weekly_compstat,2026-09-14,2026-09-20,1,224441568f81ffe637b2bd2710d43d6899f14c5913e83b684efe2ba6fca9d029,1,citywide,citywide,Citywide,felony_theft,Felony Theft,year_to_date,percent_change,percent,2026,2020,6,14.0,0.14,14%,,not_checkable,,,wilmington-compstat-v2,validated
weekly-2026-09-20-r1,weekly_compstat,2026-09-14,2026-09-20,1,224441568f81ffe637b2bd2710d43d6899f14c5913e83b684efe2ba6fca9d029,1,citywide,citywide,Citywide,auto_theft,Auto Theft,last_7_days,count,count,2026,,,5,,5,,not_applicable,,,wilmington-compstat-v2,validated
weekly-2026-09-20-r1,weekly_compstat,2026-09-14,2026-09-20,1,224441568f81ffe637b2bd2710d43d6899f14c5913e83b684efe2ba6fca9d029,1,citywide,citywide,Citywide,auto_theft,Auto Theft,last_7_days,count,count,2025,,,5,,5,,not_applicable,,,wilmington-compstat-v2,validated
weekly-2026-09-20-r1,weekly_compstat,2026-09-14,2026-09-20,1,224441568f81ffe637b2bd2710d43d6899f14c5913e83b684efe2ba6fca9d029,1,citywide,citywide,Citywide,auto_theft,Auto Theft,last_7_days,percent_change,percent,2026,2025,1,0.0,0.0,0%,0.0,matched,,,wilmington-compstat-v2,validated
weekly-2026-09-20-r1,weekly_compstat,2026-09-14,2026-09-20,1,224441568f81ffe637b2bd2710d43d6899f14c5913e83b684efe2ba6fca9d029,1,citywide,citywide,Citywide,auto_theft,Auto Theft,last_28_days,count,count,2026,,,27,,27,,not_applicable,,,wilmington-compstat-v2,validated
weekly-2026-09-20-r1,weekly_compstat,2026-09-14,2026-09-20,1,224441568f81ffe637b2bd2710d43d6899f14c5913e83b684efe2ba6fca9d029,1,citywide,citywide,Citywide,auto_theft,Auto Theft,last_28_days,count,count,2025,,,33,,33,,not_applicable,,,wilmington-compstat-v2,validated
weekly-2026-09-20-r1,weekly_compstat,2026-09-14,2026-09-20,1,224441568f81ffe637b2bd2710d43d6899f14c5913e83b684efe2ba6fca9d029,1,citywide,citywide,Citywide,auto_theft,Auto Theft,last_28_days,percent_change,percent,2026,2025,1,-18.0,-0.18,-18%,-18.181818,matched,,,wilmington-compstat-v2,validated
weekly-2026-09-20-r1,weekly_compstat,2026-09-14,2026-09-20,1,224441568f81ffe637b2bd2710d43d6899f14c5913e83b684efe2ba6fca9d029,1,citywide,citywide,Citywide,auto_theft,Auto Theft,year_to_date,count,count,2026,,,213,,213,,not_applicable,,,wilmington-compstat-v2,validated
weekly-2026-09-20-r1,weekly_compstat,2026-09-14,2026-09-20,1,224441568f81ffe637b2bd2710d43d6899f14c5913e83b684efe2ba6fca9d029,1,citywide,citywide,Citywide,auto_theft,Auto Theft,year_to_date,count,count,2025,,,304,,304,,not_applicable,,,wilmington-compstat-v2,validated
weekly-2026-09-20-r1,weekly_compstat,2026-09-14,2026-09-20,1,224441568f81ffe637b2bd2710d43d6899f14c5913e83b684efe2ba6fca9d029,1,citywide,citywide,Citywide,auto_theft,Auto Theft,year_to_date,percent_change,percent,2026,2025,1,-30.0,-0.3,-30%,-29.934211,matched,,,wilmington-compstat-v2,validated
weekly-2026-09-20-r1,weekly_compstat,2026-09-14,2026-09-20,1,224441568f81ffe637b2bd2710d43d6899f14c5913e83b684efe2ba6fca9d029,1,citywide,citywide,Citywide,auto_theft,Auto Theft,year_to_date,percent_change,percent,2026,2024,2,-38.0,-0.38,-38%,,not_checkable,,,wilmington-compstat-v2,validated
weekly-2026-09-20-r1,weekly_compstat,2026-09-14,2026-09-20,1,224441568f81ffe637b2bd2710d43d6899f14c5913e83b684efe2ba6fca9d029,1,citywide,citywide,Citywide,auto_theft,Auto Theft,year_to_date,percent_change,percent,2026,2023,3,-43.0,-0.43,-43%,,not_checkable,,,wilmington-compstat-v2,validated
weekly-2026-09-20-r1,weekly_compstat,2026-09-14,2026-09-20,1,224441568f81ffe637b2bd2710d43d6899f14c5913e83b684efe2ba6fca9d029,1,citywide,citywide,Citywide,auto_theft,Auto Theft,year_to_date,percent_change,percent,2026,2022,4,-18.0,-0.18,-18%,,not_checkable,,,wilmington-compstat-v2,validated
weekly-2026-09-20-r1,weekly_compstat,2026-09-14,2026-09-20,1,224441568f81ffe637b2bd2710d43d6899f14c5913e83b684efe2ba6fca9d029,1,citywide,citywide,Citywide,auto_theft,Auto Theft,year_to_date,percent_change,percent,2026,2021,5,-27.0,-0.27,-27%,,not_checkable,,,wilmington-compstat-v2,validated
weekly-2026-09-20-r1,weekly_compstat,2026-09-14,2026-09-20,1,224441568f81ffe637b2bd2710d43d6899f14c5913e83b684efe2ba6fca9d029,1,citywide,citywide,Citywide,auto_theft,Auto Theft,year_to_date,percent_change,percent,2026,2020,6,-23.0,-0.23,-23%,,not_checkable,,,wilmington-compstat-v2,validated
weekly-2026-09-20-r1,weekly_compstat,2026-09-14,2026-09-20,1,224441568f81ffe637b2bd2710d43d6899f14c5913e83b684efe2ba6fca9d029,1,citywide,citywide,Citywide,major_crime_total,TOTAL,last_7_days,count,count,2026,,,26,,26,,not_applicable,,,wilmington-compstat-v2,validated
weekly-2026-09-20-r1,weekly_compstat,2026-09-14,2026-09-20,1,224441568f81ffe637b2bd2710d43d6899f14c5913e83b684efe2ba6fca9d029,1,citywide,citywide,Citywide,major_crime_total,TOTAL,last_7_days,count,count,2025,,,33,,33,,not_applicable,,,wilmington-compstat-v2,validated
weekly-2026-09-20-r1,weekly_compstat,2026-09-14,2026-09-20,1,224441568f81ffe637b2bd2710d43d6899f14c5913e83b684efe2ba6fca9d029,1,citywide,citywide,Citywide,major_crime_total,TOTAL,last_7_days,percent_change,percent,2026,2025,1,-21.0,-0.21,-21%,-21.212121,matched,,,wilmington-compstat-v2,validated
weekly-2026-09-20-r1,weekly_compstat,2026-09-14,2026-09-20,1,224441568f81ffe637b2bd2710d43d6899f14c5913e83b684efe2ba6fca9d029,1,citywide,citywide,Citywide,major_crime_total,TOTAL,last_28_days,count,count,2026,,,130,,130,,not_applicable,,,wilmington-compstat-v2,validated
weekly-2026-09-20-r1,weekly_compstat,2026-09-14,2026-09-20,1,224441568f81ffe637b2bd2710d43d6899f14c5913e83b684efe2ba6fca9d029,1,citywide,citywide,Citywide,major_crime_total,TOTAL,last_28_days,count,count,2025,,,144,,144,,not_applicable,,,wilmington-compstat-v2,validated
weekly-2026-09-20-r1,weekly_compstat,2026-09-14,2026-09-20,1,224441568f81ffe637b2bd2710d43d6899f14c5913e83b684efe2ba6fca9d029,1,citywide,citywide,Citywide,major_crime_total,TOTAL,last_28_days,percent_change,percent,2026,2025,1,-10.0,-0.1,-10%,-9.722222,matched,,,wilmington-compstat-v2,validated
weekly-2026-09-20-r1,weekly_compstat,2026-09-14,2026-09-20,1,224441568f81ffe637b2bd2710d43d6899f14c5913e83b684efe2ba6fca9d029,1,citywide,citywide,Citywide,major_crime_total,TOTAL,year_to_date,count,count,2026,,,1116,,1116,,not_applicable,,,wilmington-compstat-v2,validated
weekly-2026-09-20-r1,weekly_compstat,2026-09-14,2026-09-20,1,224441568f81ffe637b2bd2710d43d6899f14c5913e83b684efe2ba6fca9d029,1,citywide,citywide,Citywide,major_crime_total,TOTAL,year_to_date,count,count,2025,,,1218,,1218,,not_applicable,,,wilmington-compstat-v2,validated
weekly-2026-09-20-r1,weekly_compstat,2026-09-14,2026-09-20,1,224441568f81ffe637b2bd2710d43d6899f14c5913e83b684efe2ba6fca9d029,1,citywide,citywide,Citywide,major_crime_total,TOTAL,year_to_date,percent_change,percent,2026,2025,1,-8.0,-0.08,-8%,-8.374384,matched,,,wilmington-compstat-v2,validated
weekly-2026-09-20-r1,weekly_compstat,2026-09-14,2026-09-20,1,224441568f81ffe637b2bd2710d43d6899f14c5913e83b684efe2ba6fca9d029,1,citywide,citywide,Citywide,major_crime_total,TOTAL,year_to_date,percent_change,percent,2026,2024,2,-5.0,-0.05,-5%,,not_checkable,,,wilmington-compstat-v2,validated
weekly-2026-09-20-r1,weekly_compstat,2026-09-14,2026-09-20,1,224441568f81ffe637b2bd2710d43d6899f14c5913e83b684efe2ba6fca9d029,1,citywide,citywide,Citywide,major_crime_total,TOTAL,year_to_date,percent_change,percent,2026,2023,3,-18.0,-0.18,-18%,,not_checkable,,,wilmington-compstat-v2,validated
weekly-2026-09-20-r1,weekly_compstat,2026-09-14,2026-09-20,1,224441568f81ffe637b2bd2710d43d6899f14c5913e83b684efe2ba6fca9d029,1,citywide,citywide,Citywide,major_crime_total,TOTAL,year_to_date,percent_change,percent,2026,2022,4,-9.0,-0.09,-9%,,not_checkable,,,wilmington-compstat-v2,validated
weekly-2026-09-20-r1,weekly_compstat,2026-09-14,2026-09-20,1,224441568f81ffe637b2bd2710d43d6899f14c5913e83b684efe2ba6fca9d029,1,citywide,citywide,Citywide,major_crime_total,TOTAL,year_to_date,percent_change,percent,2026,2021,5,-17.0,-0.17,-17%,,not_checkable,,,wilmington-compstat-v2,validated
weekly-2026-09-20-r1,weekly_compstat,2026-09-14,2026-09-20,1,224441568f81ffe637b2bd2710d43d6899f14c5913e83b684efe2ba6fca9d029,1,citywide,citywide,Citywide,major_crime_total,TOTAL,year_to_date,percent_change,percent,2026,2020,6,-17.0,-0.17,-17%,,not_checkable,,,wilmington-compstat-v2,validated
weekly-2026-09-20-r1,weekly_compstat,2026-09-14,2026-09-20,1,224441568f81ffe637b2bd2710d43d6899f14c5913e83b684efe2ba6fca9d029,1,citywide,citywide,Citywide,shooting_incidents,Shooting Incidents,last_7_days,count,count,2026,,,2,,2,,not_applicable,,,wilmington-compstat-v2,validated
weekly-2026-09-20-r1,weekly_compstat,2026-09-14,2026-09-20,1,224441568f81ffe637b2bd2710d43d6899f14c5913e83b684efe2ba6fca9d029,1,citywide,citywide,Citywide,shooting_incidents,Shooting Incidents,last_7_days,count,count,2025,,,4,,4,,not_applicable,,,wilmington-compstat-v2,validated
weekly-2026-09-20-r1,weekly_compstat,2026-09-14,2026-09-20,1,224441568f81ffe637b2bd2710d43d6899f14c5913e83b684efe2ba6fca9d029,1,citywide,citywide,Citywide,shooting_incidents,Shooting Incidents,last_7_days,percent_change,percent,2026,2025,1,-50.0,-0.5,-50%,-50.0,matched,,,wilmington-compstat-v2,validated
weekly-2026-09-20-r1,weekly_compstat,2026-09-14,2026-09-20,1,224441568f81ffe637b2bd2710d43d6899f14c5913e83b684efe2ba6fca9d029,1,citywide,citywide,Citywide,shooting_incidents,Shooting Incidents,last_28_days,count,count,2026,,,9,,9,,not_applicable,,,wilmington-compstat-v2,validated
weekly-2026-09-20-r1,weekly_compstat,2026-09-14,2026-09-20,1,224441568f81ffe637b2bd2710d43d6899f14c5913e83b684efe2ba6fca9d029,1,citywide,citywide,Citywide,shooting_incidents,Shooting Incidents,last_28_days,count,count,2025,,,11,,11,,not_applicable,,,wilmington-compstat-v2,validated
weekly-2026-09-20-r1,weekly_compstat,2026-09-14,2026-09-20,1,224441568f81ffe637b2bd2710d43d6899f14c5913e83b684efe2ba6fca9d029,1,citywide,citywide,Citywide,shooting_incidents,Shooting Incidents,last_28_days,percent_change,percent,2026,2025,1,-18.0,-0.18,-18%,-18.181818,matched,,,wilmington-compstat-v2,validated
weekly-2026-09-20-r1,weekly_compstat,2026-09-14,2026-09-20,1,224441568f81ffe637b2bd2710d43d6899f14c5913e83b684efe2ba6fca9d029,1,citywide,citywide,Citywide,shooting_incidents,Shooting Incidents,year_to_date,count,count,2026,,,52,,52,,not_applicable,,,wilmington-compstat-v2,validated
weekly-2026-09-20-r1,weekly_compstat,2026-09-14,2026-09-20,1,224441568f81ffe637b2bd2710d43d6899f14c5913e83b684efe2ba6fca9d029,1,citywide,citywide,Citywide,shooting_incidents,Shooting Incidents,year_to_date,count,count,2025,,,47,,47,,not_applicable,,,wilmington-compstat-v2,validated
weekly-2026-09-20-r1,weekly_compstat,2026-09-14,2026-09-20,1,224441568f81ffe637b2bd2710d43d6899f14c5913e83b684efe2ba6fca9d029,1,citywide,citywide,Citywide,shooting_incidents,Shooting Incidents,year_to_date,percent_change,percent,2026,2025,1,11.0,0.11,11%,10.638298,matched,,,wilmington-compstat-v2,validated
weekly-2026-09-20-r1,weekly_compstat,2026-09-14,2026-09-20,1,224441568f81ffe637b2bd2710d43d6899f14c5913e83b684efe2ba6fca9d029,1,citywide,citywide,Citywide,shooting_incidents,Shooting Incidents,year_to_date,percent_change,percent,2026,2024,2,-16.0,-0.16,-16%,,not_checkable,,,wilmington-compstat-v2,validated
weekly-2026-09-20-r1,weekly_compstat,2026-09-14,2026-09-20,1,224441568f81ffe637b2bd2710d43d6899f14c5913e83b684efe2ba6fca9d029,1,citywide,citywide,Citywide,shooting_incidents,Shooting Incidents,year_to_date,percent_change,percent,2026,2023,3,-24.0,-0.24,-24%,,not_checkable,,,wilmington-compstat-v2,validated
weekly-2026-09-20-r1,weekly_compstat,2026-09-14,2026-09-20,1,224441568f81ffe637b2bd2710d43d6899f14c5913e83b684efe2ba6fca9d029,1,citywide,citywide,Citywide,shooting_incidents,Shooting Incidents,year_to_date,percent_change,percent,2026,2022,4,-22.0,-0.22,-22%,,not_checkable,,,wilmington-compstat-v2,validated
weekly-2026-09-20-r1,weekly_compstat,2026-09-14,2026-09-20,1,224441568f81ffe637b2bd2710d43d6899f14c5913e83b684efe2ba6fca9d029,1,citywide,citywide,Citywide,shooting_incidents,Shooting Incidents,year_to_date,percent_change,percent,2026,2021,5,-41.0,-0.41,-41%,,not_checkable,,,wilmington-compstat-v2,validated
weekly-2026-09-20-r1,weekly_compstat,2026-09-14,2026-09-20,1,224441568f81ffe637b2bd2710d43d6899f14c5913e83b684efe2ba6fca9d029,1,citywide,citywide,Citywide,shooting_incidents,Shooting Incidents,year_to_date,percent_change,percent,2026,2020,6,-50.0,-0.5,-50%,,not_checkable,,,wilmington-compstat-v2,validated
weekly-2026-09-20-r1,weekly_compstat,2026-09-14,2026-09-20,1,224441568f81ffe637b2bd2710d43d6899f14c5913e83b684efe2ba6fca9d029,1,citywide,citywide,Citywide,shooting_victims,Shooting Victims,last_7_days,count,count,2026,,,4,,4,,not_applicable,,,wilmington-compstat-v2,validated
weekly-2026-09-20-r1,weekly_compstat,2026-09-14,2026-09-20,1,224441568f81ffe637b2bd2710d43d6899f14c5913e83b684efe2ba6fca9d029,1,citywide,citywide,Citywide,shooting_victims,Shooting Victims,last_7_days,count,count,2025,,,4,,4,,not_applicable,,,wilmington-compstat-v2,validated
weekly-2026-09-20-r1,weekly_compstat,2026-09-14,2026-09-20,1,224441568f81ffe637b2bd2710d43d6899f14c5913e83b684efe2ba6fca9d029,1,citywide,citywide,Citywide,shooting_victims,Shooting Victims,last_7_days,percent_change,percent,2026,2025,1,0.0,0.0,0%,0.0,matched,,,wilmington-compstat-v2,validated
weekly-2026-09-20-r1,weekly_compstat,2026-09-14,2026-09-20,1,224441568f81ffe637b2bd2710d43d6899f14c5913e83b684efe2ba6fca9d029,1,citywide,citywide,Citywide,shooting_victims,Shooting Victims,last_28_days,count,count,2026,,,15,,15,,not_applicable,,,wilmington-compstat-v2,validated
weekly-2026-09-20-r1,weekly_compstat,2026-09-14,2026-09-20,1,224441568f81ffe637b2bd2710d43d6899f14c5913e83b684efe2ba6fca9d029,1,citywide,citywide,Citywide,shooting_victims,Shooting Victims,last_28_days,count,count,2025,,,14,,14,,not_applicable,,,wilmington-compstat-v2,validated
weekly-2026-09-20-r1,weekly_compstat,2026-09-14,2026-09-20,1,224441568f81ffe637b2bd2710d43d6899f14c5913e83b684efe2ba6fca9d029,1,citywide,citywide,Citywide,shooting_victims,Shooting Victims,last_28_days,percent_change,percent,2026,2025,1,7.0,0.07,7%,7.142857,matched,,,wilmington-compstat-v2,validated
weekly-2026-09-20-r1,weekly_compstat,2026-09-14,2026-09-20,1,224441568f81ffe637b2bd2710d43d6899f14c5913e83b684efe2ba6fca9d029,1,citywide,citywide,Citywide,shooting_victims,Shooting Victims,year_to_date,count,count,2026,,,71,,71,,not_applicable,,,wilmington-compstat-v2,validated
weekly-2026-09-20-r1,weekly_compstat,2026-09-14,2026-09-20,1,224441568f81ffe637b2bd2710d43d6899f14c5913e83b684efe2ba6fca9d029,1,citywide,citywide,Citywide,shooting_victims,Shooting Victims,year_to_date,count,count,2025,,,59,,59,,not_applicable,,,wilmington-compstat-v2,validated
weekly-2026-09-20-r1,weekly_compstat,2026-09-14,2026-09-20,1,224441568f81ffe637b2bd2710d43d6899f14c5913e83b684efe2ba6fca9d029,1,citywide,citywide,Citywide,shooting_victims,Shooting Victims,year_to_date,percent_change,percent,2026,2025,1,20.0,0.2,20%,20.338983,matched,,,wilmington-compstat-v2,validated
weekly-2026-09-20-r1,weekly_compstat,2026-09-14,2026-09-20,1,224441568f81ffe637b2bd2710d43d6899f14c5913e83b684efe2ba6fca9d029,1,citywide,citywide,Citywide,shooting_victims,Shooting Victims,year_to_date,percent_change,percent,2026,2024,2,-3.0,-0.03,-3%,,not_checkable,,,wilmington-compstat-v2,validated
weekly-2026-09-20-r1,weekly_compstat,2026-09-14,2026-09-20,1,224441568f81ffe637b2bd2710d43d6899f14c5913e83b684efe2ba6fca9d029,1,citywide,citywide,Citywide,shooting_victims,Shooting Victims,year_to_date,percent_change,percent,2026,2023,3,-14.0,-0.14,-14%,,not_checkable,,,wilmington-compstat-v2,validated
weekly-2026-09-20-r1,weekly_compstat,2026-09-14,2026-09-20,1,224441568f81ffe637b2bd2710d43d6899f14c5913e83b684efe2ba6fca9d029,1,citywide,citywide,Citywide,shooting_victims,Shooting Victims,year_to_date,percent_change,percent,2026,2022,4,-19.0,-0.19,-19%,,not_checkable,,,wilmington-compstat-v2,validated
weekly-2026-09-20-r1,weekly_compstat,2026-09-14,2026-09-20,1,224441568f81ffe637b2bd2710d43d6899f14c5913e83b684efe2ba6fca9d029,1,citywide,citywide,Citywide,shooting_victims,Shooting Victims,year_to_date,percent_change,percent,2026,2021,5,-39.0,-0.39,-39%,,not_checkable,,,wilmington-compstat-v2,validated
weekly-2026-09-20-r1,weekly_compstat,2026-09-14,2026-09-20,1,224441568f81ffe637b2bd2710d43d6899f14c5913e83b684efe2ba6fca9d029,1,citywide,citywide,Citywide,shooting_victims,Shooting Victims,year_to_date,percent_change,percent,2026,2020,6,-46.0,-0.46,-46%,,not_checkable,,,wilmington-compstat-v2,validated
weekly-2026-09-20-r1,weekly_compstat,2026-09-14,2026-09-20,1,224441568f81ffe637b2bd2710d43d6899f14c5913e83b684efe2ba6fca9d029,1,citywide,citywide,Citywide,juvenile_shooting_incidents,*Juv Shooting Incidents,last_7_days,count,count,2026,,,0,,0,,not_applicable,,,wilmington-compstat-v2,validated
weekly-2026-09-20-r1,weekly_compstat,2026-09-14,2026-09-20,1,224441568f81ffe637b2bd2710d43d6899f14c5913e83b684efe2ba6fca9d029,1,citywide,citywide,Citywide,juvenile_shooting_incidents,*Juv Shooting Incidents,last_7_days,count,count,2025,,,0,,0,,not_applicable,,,wilmington-compstat-v2,validated
weekly-2026-09-20-r1,weekly_compstat,2026-09-14,2026-09-20,1,224441568f81ffe637b2bd2710d43d6899f14c5913e83b684efe2ba6fca9d029,1,citywide,citywide,Citywide,juvenile_shooting_incidents,*Juv Shooting Incidents,last_7_days,percent_change,percent,2026,2025,1,,,*,,undefined_zero_denominator,,undefined_zero_denominator,wilmington-compstat-v2,validated
weekly-2026-09-20-r1,weekly_compstat,2026-09-14,2026-09-20,1,224441568f81ffe637b2bd2710d43d6899f14c5913e83b684efe2ba6fca9d029,1,citywide,citywide,Citywide,juvenile_shooting_incidents,*Juv Shooting Incidents,last_28_days,count,count,2026,,,1,,1,,not_applicable,,,wilmington-compstat-v2,validated
weekly-2026-09-20-r1,weekly_compstat,2026-09-14,2026-09-20,1,224441568f81ffe637b2bd2710d43d6899f14c5913e83b684efe2ba6fca9d029,1,citywide,citywide,Citywide,juvenile_shooting_incidents,*Juv Shooting Incidents,last_28_days,count,count,2025,,,1,,1,,not_applicable,,,wilmington-compstat-v2,validated
weekly-2026-09-20-r1,weekly_compstat,2026-09-14,2026-09-20,1,224441568f81ffe637b2bd2710d43d6899f14c5913e83b684efe2ba6fca9d029,1,citywide,citywide,Citywide,juvenile_shooting_incidents,*Juv Shooting Incidents,last_28_days,percent_change,percent,2026,2025,1,0.0,0.0,0%,0.0,matched,,,wilmington-compstat-v2,validated
weekly-2026-09-20-r1,weekly_compstat,2026-09-14,2026-09-20,1,224441568f81ffe637b2bd2710d43d6899f14c5913e83b684efe2ba6fca9d029,1,citywide,citywide,Citywide,juvenile_shooting_incidents,*Juv Shooting Incidents,year_to_date,count,count,2026,,,13,,13,,not_applicable,,,wilmington-compstat-v2,validated
weekly-2026-09-20-r1,weekly_compstat,2026-09-14,2026-09-20,1,224441568f81ffe637b2bd2710d43d6899f14c5913e83b684efe2ba6fca9d029,1,citywide,citywide,Citywide,juvenile_shooting_incidents,*Juv Shooting Incidents,year_to_date,count,count,2025,,,7,,7,,not_applicable,,,wilmington-compstat-v2,validated
weekly-2026-09-20-r1,weekly_compstat,2026-09-14,2026-09-20,1,224441568f81ffe637b2bd2710d43d6899f14c5913e83b684efe2ba6fca9d029,1,citywide,citywide,Citywide,juvenile_shooting_incidents,*Juv Shooting Incidents,year_to_date,percent_change,percent,2026,2025,1,86.0,0.86,86%,85.714286,matched,,,wilmington-compstat-v2,validated
weekly-2026-09-20-r1,weekly_compstat,2026-09-14,2026-09-20,1,224441568f81ffe637b2bd2710d43d6899f14c5913e83b684efe2ba6fca9d029,1,citywide,citywide,Citywide,juvenile_shooting_incidents,*Juv Shooting Incidents,year_to_date,percent_change,percent,2026,2024,2,18.0,0.18,18%,,not_checkable,,,wilmington-compstat-v2,validated
weekly-2026-09-20-r1,weekly_compstat,2026-09-14,2026-09-20,1,224441568f81ffe637b2bd2710d43d6899f14c5913e83b684efe2ba6fca9d029,1,citywide,citywide,Citywide,juvenile_shooting_incidents,*Juv Shooting Incidents,year_to_date,percent_change,percent,2026,2023,3,18.0,0.18,18%,,not_checkable,,,wilmington-compstat-v2,validated
weekly-2026-09-20-r1,weekly_compstat,2026-09-14,2026-09-20,1,224441568f81ffe637b2bd2710d43d6899f14c5913e83b684efe2ba6fca9d029,1,citywide,citywide,Citywide,juvenile_shooting_incidents,*Juv Shooting Incidents,year_to_date,percent_change,percent,2026,2022,4,-13.0,-0.13,-13%,,not_checkable,,,wilmington-compstat-v2,validated
weekly-2026-09-20-r1,weekly_compstat,2026-09-14,2026-09-20,1,224441568f81ffe637b2bd2710d43d6899f14c5913e83b684efe2ba6fca9d029,1,citywide,citywide,Citywide,juvenile_shooting_incidents,*Juv Shooting Incidents,year_to_date,percent_change,percent,2026,2021,5,18.0,0.18,18%,,not_checkable,,,wilmington-compstat-v2,validated
weekly-2026-09-20-r1,weekly_compstat,2026-09-14,2026-09-20,1,224441568f81ffe637b2bd2710d43d6899f14c5913e83b684efe2ba6fca9d029,1,citywide,citywide,Citywide,juvenile_shooting_incidents,*Juv Shooting Incidents,year_to_date,percent_change,percent,2026,2020,6,-50.0,-0.5,-50%,,not_checkable,,,wilmington-compstat-v2,validated
weekly-2026-09-20-r1,weekly_compstat,2026-09-14,2026-09-20,1,224441568f81ffe637b2bd2710d43d6899f14c5913e83b684efe2ba6fca9d029,1,citywide,citywide,Citywide,juvenile_shooting_victims,*Juv Shooting Victims,last_7_days,count,count,2026,,,0,,0,,not_applicable,,,wilmington-compstat-v2,validated
weekly-2026-09-20-r1,weekly_compstat,2026-09-14,2026-09-20,1,224441568f81ffe637b2bd2710d43d6899f14c5913e83b684efe2ba6fca9d029,1,citywide,citywide,Citywide,juvenile_shooting_victims,*Juv Shooting Victims,last_7_days,count,count,2025,,,0,,0,,not_applicable,,,wilmington-compstat-v2,validated
weekly-2026-09-20-r1,weekly_compstat,2026-09-14,2026-09-20,1,224441568f81ffe637b2bd2710d43d6899f14c5913e83b684efe2ba6fca9d029,1,citywide,citywide,Citywide,juvenile_shooting_victims,*Juv Shooting Victims,last_7_days,percent_change,percent,2026,2025,1,,,*,,undefined_zero_denominator,,undefined_zero_denominator,wilmington-compstat-v2,validated
weekly-2026-09-20-r1,weekly_compstat,2026-09-14,2026-09-20,1,224441568f81ffe637b2bd2710d43d6899f14c5913e83b684efe2ba6fca9d029,1,citywide,citywide,Citywide,juvenile_shooting_victims,*Juv Shooting Victims,last_28_days,count,count,2026,,,1,,1,,not_applicable,,,wilmington-compstat-v2,validated
weekly-2026-09-20-r1,weekly_compstat,2026-09-14,2026-09-20,1,224441568f81ffe637b2bd2710d43d6899f14c5913e83b684efe2ba6fca9d029,1,citywide,citywide,Citywide,juvenile_shooting_victims,*Juv Shooting Victims,last_28_days,count,count,2025,,,1,,1,,not_applicable,,,wilmington-compstat-v2,validated
weekly-2026-09-20-r1,weekly_compstat,2026-09-14,2026-09-20,1,224441568f81ffe637b2bd2710d43d6899f14c5913e83b684efe2ba6fca9d029,1,citywide,citywide,Citywide,juvenile_shooting_victims,*Juv Shooting Victims,last_28_days,percent_change,percent,2026,2025,1,0.0,0.0,0%,0.0,matched,,,wilmington-compstat-v2,validated
weekly-2026-09-20-r1,weekly_compstat,2026-09-14,2026-09-20,1,224441568f81ffe637b2bd2710d43d6899f14c5913e83b684efe2ba6fca9d029,1,citywide,citywide,Citywide,juvenile_shooting_victims,*Juv Shooting Victims,year_to_date,count,count,2026,,,13,,13,,not_applicable,,,wilmington-compstat-v2,validated
weekly-2026-09-20-r1,weekly_compstat,2026-09-14,2026-09-20,1,224441568f81ffe637b2bd2710d43d6899f14c5913e83b684efe2ba6fca9d029,1,citywide,citywide,Citywide,juvenile_shooting_victims,*Juv Shooting Victims,year_to_date,count,count,2025,,,7,,7,,not_applicable,,,wilmington-compstat-v2,validated
weekly-2026-09-20-r1,weekly_compstat,2026-09-14,2026-09-20,1,224441568f81ffe637b2bd2710d43d6899f14c5913e83b684efe2ba6fca9d029,1,citywide,citywide,Citywide,juvenile_shooting_victims,*Juv Shooting Victims,year_to_date,percent_change,percent,2026,2025,1,86.0,0.86,86%,85.714286,matched,,,wilmington-compstat-v2,validated
weekly-2026-09-20-r1,weekly_compstat,2026-09-14,2026-09-20,1,224441568f81ffe637b2bd2710d43d6899f14c5913e83b684efe2ba6fca9d029,1,citywide,citywide,Citywide,juvenile_shooting_victims,*Juv Shooting Victims,year_to_date,percent_change,percent,2026,2024,2,8.0,0.08,8%,,not_checkable,,,wilmington-compstat-v2,validated
weekly-2026-09-20-r1,weekly_compstat,2026-09-14,2026-09-20,1,224441568f81ffe637b2bd2710d43d6899f14c5913e83b684efe2ba6fca9d029,1,citywide,citywide,Citywide,juvenile_shooting_victims,*Juv Shooting Victims,year_to_date,percent_change,percent,2026,2023,3,8.0,0.08,8%,,not_checkable,,,wilmington-compstat-v2,validated
weekly-2026-09-20-r1,weekly_compstat,2026-09-14,2026-09-20,1,224441568f81ffe637b2bd2710d43d6899f14c5913e83b684efe2ba6fca9d029,1,citywide,citywide,Citywide,juvenile_shooting_victims,*Juv Shooting Victims,year_to_date,percent_change,percent,2026,2022,4,-32.0,-0.32,-32%,,not_checkable,,,wilmington-compstat-v2,validated
weekly-2026-09-20-r1,weekly_compstat,2026-09-14,2026-09-20,1,224441568f81ffe637b2bd2710d43d6899f14c5913e83b684efe2ba6fca9d029,1,citywide,citywide,Citywide,juvenile_shooting_victims,*Juv Shooting Victims,year_to_date,percent_change,percent,2026,2021,5,8.0,0.08,8%,,not_checkable,,,wilmington-compstat-v2,validated
weekly-2026-09-20-r1,weekly_compstat,2026-09-14,2026-09-20,1,224441568f81ffe637b2bd2710d43d6899f14c5913e83b684efe2ba6fca9d029,1,citywide,citywide,Citywide,juvenile_shooting_victims,*Juv Shooting Victims,year_to_date,percent_change,percent,2026,2020,6,-58.0,-0.58,-58%,,not_checkable,,,wilmington-compstat-v2,validated
weekly-2026-09-20-r1,weekly_compstat,2026-09-14,2026-09-20,1,224441568f81ffe637b2bd2710d43d6899f14c5913e83b684efe2ba6fca9d029,1,citywide,citywide,Citywide,misdemeanor_theft,Theft (Misdemeanor),last_7_days,count,count,2026,,,20,,20,,not_applicable,,,wilmington-compstat-v2,validated
weekly-2026-09-20-r1,weekly_compstat,2026-09-14,2026-09-20,1,224441568f81ffe637b2bd2710d43d6899f14c5913e83b684efe2ba6fca9d029,1,citywide,citywide,Citywide,misdemeanor_theft,Theft (Misdemeanor),last_7_days,count,count,2025,,,17,,17,,not_applicable,,,wilmington-compstat-v2,validated
weekly-2026-09-20-r1,weekly_compstat,2026-09-14,2026-09-20,1,224441568f81ffe637b2bd2710d43d6899f14c5913e83b684efe2ba6fca9d029,1,citywide,citywide,Citywide,misdemeanor_theft,Theft (Misdemeanor),last_7_days,percent_change,percent,2026,2025,1,18.0,0.18,18%,17.647059,matched,,,wilmington-compstat-v2,validated
weekly-2026-09-20-r1,weekly_compstat,2026-09-14,2026-09-20,1,224441568f81ffe637b2bd2710d43d6899f14c5913e83b684efe2ba6fca9d029,1,citywide,citywide,Citywide,misdemeanor_theft,Theft (Misdemeanor),last_28_days,count,count,2026,,,85,,85,,not_applicable,,,wilmington-compstat-v2,validated
weekly-2026-09-20-r1,weekly_compstat,2026-09-14,2026-09-20,1,224441568f81ffe637b2bd2710d43d6899f14c5913e83b684efe2ba6fca9d029,1,citywide,citywide,Citywide,misdemeanor_theft,Theft (Misdemeanor),last_28_days,count,count,2025,,,81,,81,,not_applicable,,,wilmington-compstat-v2,validated
weekly-2026-09-20-r1,weekly_compstat,2026-09-14,2026-09-20,1,224441568f81ffe637b2bd2710d43d6899f14c5913e83b684efe2ba6fca9d029,1,citywide,citywide,Citywide,misdemeanor_theft,Theft (Misdemeanor),last_28_days,percent_change,percent,2026,2025,1,5.0,0.05,5%,4.938272,matched,,,wilmington-compstat-v2,validated
weekly-2026-09-20-r1,weekly_compstat,2026-09-14,2026-09-20,1,224441568f81ffe637b2bd2710d43d6899f14c5913e83b684efe2ba6fca9d029,1,citywide,citywide,Citywide,misdemeanor_theft,Theft (Misdemeanor),year_to_date,count,count,2026,,,699,,699,,not_applicable,,,wilmington-compstat-v2,validated
weekly-2026-09-20-r1,weekly_compstat,2026-09-14,2026-09-20,1,224441568f81ffe637b2bd2710d43d6899f14c5913e83b684efe2ba6fca9d029,1,citywide,citywide,Citywide,misdemeanor_theft,Theft (Misdemeanor),year_to_date,count,count,2025,,,697,,697,,not_applicable,,,wilmington-compstat-v2,validated
weekly-2026-09-20-r1,weekly_compstat,2026-09-14,2026-09-20,1,224441568f81ffe637b2bd2710d43d6899f14c5913e83b684efe2ba6fca9d029,1,citywide,citywide,Citywide,misdemeanor_theft,Theft (Misdemeanor),year_to_date,percent_change,percent,2026,2025,1,0.0,0.0,0%,0.286944,matched,,,wilmington-compstat-v2,validated
weekly-2026-09-20-r1,weekly_compstat,2026-09-14,2026-09-20,1,224441568f81ffe637b2bd2710d43d6899f14c5913e83b684efe2ba6fca9d029,1,citywide,citywide,Citywide,misdemeanor_theft,Theft (Misdemeanor),year_to_date,percent_change,percent,2026,2024,2,-7.0,-0.07,-7%,,not_checkable,,,wilmington-compstat-v2,validated
weekly-2026-09-20-r1,weekly_compstat,2026-09-14,2026-09-20,1,224441568f81ffe637b2bd2710d43d6899f14c5913e83b684efe2ba6fca9d029,1,citywide,citywide,Citywide,misdemeanor_theft,Theft (Misdemeanor),year_to_date,percent_change,percent,2026,2023,3,-15.0,-0.15,-15%,,not_checkable,,,wilmington-compstat-v2,validated
weekly-2026-09-20-r1,weekly_compstat,2026-09-14,2026-09-20,1,224441568f81ffe637b2bd2710d43d6899f14c5913e83b684efe2ba6fca9d029,1,citywide,citywide,Citywide,misdemeanor_theft,Theft (Misdemeanor),year_to_date,percent_change,percent,2026,2022,4,-14.0,-0.14,-14%,,not_checkable,,,wilmington-compstat-v2,validated
weekly-2026-09-20-r1,weekly_compstat,2026-09-14,2026-09-20,1,224441568f81ffe637b2bd2710d43d6899f14c5913e83b684efe2ba6fca9d029,1,citywide,citywide,Citywide,misdemeanor_theft,Theft (Misdemeanor),year_to_date,percent_change,percent,2026,2021,5,-20.0,-0.2,-20%,,not_checkable,,,wilmington-compstat-v2,validated
weekly-2026-09-20-r1,weekly_compstat,2026-09-14,2026-09-20,1,224441568f81ffe637b2bd2710d43d6899f14c5913e83b684efe2ba6fca9d029,1,citywide,citywide,Citywide,misdemeanor_theft,Theft (Misdemeanor),year_to_date,percent_change,percent,2026,2020,6,-23.0,-0.23,-23%,,not_checkable,,,wilmington-compstat-v2,validated
weekly-2026-09-20-r1,weekly_compstat,2026-09-14,2026-09-20,1,224441568f81ffe637b2bd2710d43d6899f14c5913e83b684efe2ba6fca9d029,3,sector,sector_1,Sector 1,murder,Murder,last_7_days,count,count,2026,,,0,,0,,not_applicable,,,wilmington-compstat-v2,validated
weekly-2026-09-20-r1,weekly_compstat,2026-09-14,2026-09-20,1,224441568f81ffe637b2bd2710d43d6899f14c5913e83b684efe2ba6fca9d029,3,sector,sector_1,Sector 1,murder,Murder,last_7_days,count,count,2025,,,0,,0,,not_applicable,,,wilmington-compstat-v2,validated
weekly-2026-09-20-r1,weekly_compstat,2026-09-14,2026-09-20,1,224441568f81ffe637b2bd2710d43d6899f14c5913e83b684efe2ba6fca9d029,3,sector,sector_1,Sector 1,murder,Murder,last_7_days,percent_change,percent,2026,2025,1,,,*,,undefined_zero_denominator,,undefined_zero_denominator,wilmington-compstat-v2,validated
weekly-2026-09-20-r1,weekly_compstat,2026-09-14,2026-09-20,1,224441568f81ffe637b2bd2710d43d6899f14c5913e83b684efe2ba6fca9d029,3,sector,sector_1,Sector 1,murder,Murder,last_28_days,count,count,2026,,,1,,1,,not_applicable,,,wilmington-compstat-v2,validated
weekly-2026-09-20-r1,weekly_compstat,2026-09-14,2026-09-20,1,224441568f81ffe637b2bd2710d43d6899f14c5913e83b684efe2ba6fca9d029,3,sector,sector_1,Sector 1,murder,Murder,last_28_days,count,count,2025,,,0,,0,,not_applicable,,,wilmington-compstat-v2,validated
weekly-2026-09-20-r1,weekly_compstat,2026-09-14,2026-09-20,1,224441568f81ffe637b2bd2710d43d6899f14c5913e83b684efe2ba6fca9d029,3,sector,sector_1,Sector 1,murder,Murder,last_28_days,percent_change,percent,2026,2025,1,,,*,,undefined_zero_denominator,,undefined_zero_denominator,wilmington-compstat-v2,validated
weekly-2026-09-20-r1,weekly_compstat,2026-09-14,2026-09-20,1,224441568f81ffe637b2bd2710d43d6899f14c5913e83b684efe2ba6fca9d029,3,sector,sector_1,Sector 1,murder,Murder,year_to_date,count,count,2026,,,1,,1,,not_applicable,,,wilmington-compstat-v2,validated
weekly-2026-09-20-r1,weekly_compstat,2026-09-14,2026-09-20,1,224441568f81ffe637b2bd2710d43d6899f14c5913e83b684efe2ba6fca9d029,3,sector,sector_1,Sector 1,murder,Murder,year_to_date,count,count,2025,,,4,,4,,not_applicable,,,wilmington-compstat-v2,validated
weekly-2026-09-20-r1,weekly_compstat,2026-09-14,2026-09-20,1,224441568f81ffe637b2bd2710d43d6899f14c5913e83b684efe2ba6fca9d029,3,sector,sector_1,Sector 1,murder,Murder,year_to_date,percent_change,percent,2026,2025,1,-75.0,-0.75,-75%,-75.0,matched,,,wilmington-compstat-v2,validated
weekly-2026-09-20-r1,weekly_compstat,2026-09-14,2026-09-20,1,224441568f81ffe637b2bd2710d43d6899f14c5913e83b684efe2ba6fca9d029,3,sector,sector_1,Sector 1,murder,Murder,year_to_date,percent_change,percent,2026,2024,2,-83.0,-0.83,-83%,,not_checkable,,,wilmington-compstat-v2,validated
weekly-2026-09-20-r1,weekly_compstat,2026-09-14,2026-09-20,1,224441568f81ffe637b2bd2710d43d6899f14c5913e83b684efe2ba6fca9d029,3,sector,sector_1,Sector 1,murder,Murder,year_to_date,percent_change,percent,2026,2023,3,-83.0,-0.83,-83%,,not_checkable,,,wilmington-compstat-v2,validated
weekly-2026-09-20-r1,weekly_compstat,2026-09-14,2026-09-20,1,224441568f81ffe637b2bd2710d43d6899f14c5913e83b684efe2ba6fca9d029,3,sector,sector_1,Sector 1,murder,Murder,year_to_date,percent_change,percent,2026,2022,4,-75.0,-0.75,-75%,,not_checkable,,,wilmington-compstat-v2,validated
weekly-2026-09-20-r1,weekly_compstat,2026-09-14,2026-09-20,1,224441568f81ffe637b2bd2710d43d6899f14c5913e83b684efe2ba6fca9d029,3,sector,sector_1,Sector 1,murder,Murder,year_to_date,percent_change,percent,2026,2021,5,-92.0,-0.92,-92%,,not_checkable,,,wilmington-compstat-v2,validated
weekly-2026-09-20-r1,weekly_compstat,2026-09-14,2026-09-20,1,224441568f81ffe637b2bd2710d43d6899f14c5913e83b684efe2ba6fca9d029,3,sector,sector_1,Sector 1,murder,Murder,year_to_date,percent_change,percent,2026,2020,6,-83.0,-0.83,-83%,,not_checkable,,,wilmington-compstat-v2,validated
weekly-2026-09-20-r1,weekly_compstat,2026-09-14,2026-09-20,1,224441568f81ffe637b2bd2710d43d6899f14c5913e83b684efe2ba6fca9d029,3,sector,sector_1,Sector 1,rape,Rape,last_7_days,count,count,2026,,,0,,0,,not_applicable,,,wilmington-compstat-v2,validated
weekly-2026-09-20-r1,weekly_compstat,2026-09-14,2026-09-20,1,224441568f81ffe637b2bd2710d43d6899f14c5913e83b684efe2ba6fca9d029,3,sector,sector_1,Sector 1,rape,Rape,last_7_days,count,count,2025,,,0,,0,,not_applicable,,,wilmington-compstat-v2,validated
weekly-2026-09-20-r1,weekly_compstat,2026-09-14,2026-09-20,1,224441568f81ffe637b2bd2710d43d6899f14c5913e83b684efe2ba6fca9d029,3,sector,sector_1,Sector 1,rape,Rape,last_7_days,percent_change,percent,2026,2025,1,,,*,,undefined_zero_denominator,,undefined_zero_denominator,wilmington-compstat-v2,validated
weekly-2026-09-20-r1,weekly_compstat,2026-09-14,2026-09-20,1,224441568f81ffe637b2bd2710d43d6899f14c5913e83b684efe2ba6fca9d029,3,sector,sector_1,Sector 1,rape,Rape,last_28_days,count,count,2026,,,0,,0,,not_applicable,,,wilmington-compstat-v2,validated
weekly-2026-09-20-r1,weekly_compstat,2026-09-14,2026-09-20,1,224441568f81ffe637b2bd2710d43d6899f14c5913e83b684efe2ba6fca9d029,3,sector,sector_1,Sector 1,rape,Rape,last_28_days,count,count,2025,,,0,,0,,not_applicable,,,wilmington-compstat-v2,validated
weekly-2026-09-20-r1,weekly_compstat,2026-09-14,2026-09-20,1,224441568f81ffe637b2bd2710d43d6899f14c5913e83b684efe2ba6fca9d029,3,sector,sector_1,Sector 1,rape,Rape,last_28_days,percent_change,percent,2026,2025,1,,,*,,undefined_zero_denominator,,undefined_zero_denominator,wilmington-compstat-v2,validated
weekly-2026-09-20-r1,weekly_compstat,2026-09-14,2026-09-20,1,224441568f81ffe637b2bd2710d43d6899f14c5913e83b684efe2ba6fca9d029,3,sector,sector_1,Sector 1,rape,Rape,year_to_date,count,count,2026,,,0,,0,,not_applicable,,,wilmington-compstat-v2,validated
weekly-2026-09-20-r1,weekly_compstat,2026-09-14,2026-09-20,1,224441568f81ffe637b2bd2710d43d6899f14c5913e83b684efe2ba6fca9d029,3,sector,sector_1,Sector 1,rape,Rape,year_to_date,count,count,2025,,,1,,1,,not_applicable,,,wilmington-compstat-v2,validated
weekly-2026-09-20-r1,weekly_compstat,2026-09-14,2026-09-20,1,224441568f81ffe637b2bd2710d43d6899f14c5913e83b684efe2ba6fca9d029,3,sector,sector_1,Sector 1,rape,Rape,year_to_date,percent_change,percent,2026,2025,1,-100.0,-1.0,-100%,-100.0,matched,,,wilmington-compstat-v2,validated
weekly-2026-09-20-r1,weekly_compstat,2026-09-14,2026-09-20,1,224441568f81ffe637b2bd2710d43d6899f14c5913e83b684efe2ba6fca9d029,3,sector,sector_1,Sector 1,rape,Rape,year_to_date,percent_change,percent,2026,2024,2,-100.0,-1.0,-100%,,not_checkable,,,wilmington-compstat-v2,validated
weekly-2026-09-20-r1,weekly_compstat,2026-09-14,2026-09-20,1,224441568f81ffe637b2bd2710d43d6899f14c5913e83b684efe2ba6fca9d029,3,sector,sector_1,Sector 1,rape,Rape,year_to_date,percent_change,percent,2026,2023,3,,,*,,not_checkable,,undefined_zero_denominator,wilmington-compstat-v2,validated
weekly-2026-09-20-r1,weekly_compstat,2026-09-14,2026-09-20,1,224441568f81ffe637b2bd2710d43d6899f14c5913e83b684efe2ba6fca9d029,3,sector,sector_1,Sector 1,rape,Rape,year_to_date,percent_change,percent,2026,2022,4,-100.0,-1.0,-100%,,not_checkable,,,wilmington-compstat-v2,validated
weekly-2026-09-20-r1,weekly_compstat,2026-09-14,2026-09-20,1,224441568f81ffe637b2bd2710d43d6899f14c5913e83b684efe2ba6fca9d029,3,sector,sector_1,Sector 1,rape,Rape,year_to_date,percent_change,percent,2026,2021,5,-100.0,-1.0,-100%,,not_checkable,,,wilmington-compstat-v2,validated
weekly-2026-09-20-r1,weekly_compstat,2026-09-14,2026-09-20,1,224441568f81ffe637b2bd2710d43d6899f14c5913e83b684efe2ba6fca9d029,3,sector,sector_1,Sector 1,rape,Rape,year_to_date,percent_change,percent,2026,2020,6,-100.0,-1.0,-100%,,not_checkable,,,wilmington-compstat-v2,validated
weekly-2026-09-20-r1,weekly_compstat,2026-09-14,2026-09-20,1,224441568f81ffe637b2bd2710d43d6899f14c5913e83b684efe2ba6fca9d029,3,sector,sector_1,Sector 1,robbery,Robbery,last_7_days,count,count,2026,,,1,,1,,not_applicable,,,wilmington-compstat-v2,validated
weekly-2026-09-20-r1,weekly_compstat,2026-09-14,2026-09-20,1,224441568f81ffe637b2bd2710d43d6899f14c5913e83b684efe2ba6fca9d029,3,sector,sector_1,Sector 1,robbery,Robbery,last_7_days,count,count,2025,,,0,,0,,not_applicable,,,wilmington-compstat-v2,validated
weekly-2026-09-20-r1,weekly_compstat,2026-09-14,2026-09-20,1,224441568f81ffe637b2bd2710d43d6899f14c5913e83b684efe2ba6fca9d029,3,sector,sector_1,Sector 1,robbery,Robbery,last_7_days,percent_change,percent,2026,2025,1,,,*,,undefined_zero_denominator,,undefined_zero_denominator,wilmington-compstat-v2,validated
weekly-2026-09-20-r1,weekly_compstat,2026-09-14,2026-09-20,1,224441568f81ffe637b2bd2710d43d6899f14c5913e83b684efe2ba6fca9d029,3,sector,sector_1,Sector 1,robbery,Robbery,last_28_days,count,count,2026,,,3,,3,,not_applicable,,,wilmington-compstat-v2,validated
weekly-2026-09-20-r1,weekly_compstat,2026-09-14,2026-09-20,1,224441568f81ffe637b2bd2710d43d6899f14c5913e83b684efe2ba6fca9d029,3,sector,sector_1,Sector 1,robbery,Robbery,last_28_days,count,count,2025,,,2,,2,,not_applicable,,,wilmington-compstat-v2,validated
weekly-2026-09-20-r1,weekly_compstat,2026-09-14,2026-09-20,1,224441568f81ffe637b2bd2710d43d6899f14c5913e83b684efe2ba6fca9d029,3,sector,sector_1,Sector 1,robbery,Robbery,last_28_days,percent_change,percent,2026,2025,1,50.0,0.5,50%,50.0,matched,,,wilmington-compstat-v2,validated
weekly-2026-09-20-r1,weekly_compstat,2026-09-14,2026-09-20,1,224441568f81ffe637b2bd2710d43d6899f14c5913e83b684efe2ba6fca9d029,3,sector,sector_1,Sector 1,robbery,Robbery,year_to_date,count,count,2026,,,29,,29,,not_applicable,,,wilmington-compstat-v2,validated
weekly-2026-09-20-r1,weekly_compstat,2026-09-14,2026-09-20,1,224441568f81ffe637b2bd2710d43d6899f14c5913e83b684efe2ba6fca9d029,3,sector,sector_1,Sector 1,robbery,Robbery,year_to_date,count,count,2025,,,23,,23,,not_applicable,,,wilmington-compstat-v2,validated
weekly-2026-09-20-r1,weekly_compstat,2026-09-14,2026-09-20,1,224441568f81ffe637b2bd2710d43d6899f14c5913e83b684efe2ba6fca9d029,3,sector,sector_1,Sector 1,robbery,Robbery,year_to_date,percent_change,percent,2026,2025,1,26.0,0.26,26%,26.086957,matched,,,wilmington-compstat-v2,validated
weekly-2026-09-20-r1,weekly_compstat,2026-09-14,2026-09-20,1,224441568f81ffe637b2bd2710d43d6899f14c5913e83b684efe2ba6fca9d029,3,sector,sector_1,Sector 1,robbery,Robbery,year_to_date,percent_change,percent,2026,2024,2,7.0,0.07,7%,,not_checkable,,,wilmington-compstat-v2,validated
weekly-2026-09-20-r1,weekly_compstat,2026-09-14,2026-09-20,1,224441568f81ffe637b2bd2710d43d6899f14c5913e83b684efe2ba6fca9d029,3,sector,sector_1,Sector 1,robbery,Robbery,year_to_date,percent_change,percent,2026,2023,3,-15.0,-0.15,-15%,,not_checkable,,,wilmington-compstat-v2,validated
weekly-2026-09-20-r1,weekly_compstat,2026-09-14,2026-09-20,1,224441568f81ffe637b2bd2710d43d6899f14c5913e83b684efe2ba6fca9d029,3,sector,sector_1,Sector 1,robbery,Robbery,year_to_date,percent_change,percent,2026,2022,4,-3.0,-0.03,-3%,,not_checkable,,,wilmington-compstat-v2,validated
weekly-2026-09-20-r1,weekly_compstat,2026-09-14,2026-09-20,1,224441568f81ffe637b2bd2710d43d6899f14c5913e83b684efe2ba6fca9d029,3,sector,sector_1,Sector 1,robbery,Robbery,year_to_date,percent_change,percent,2026,2021,5,-28.0,-0.28,-28%,,not_checkable,,,wilmington-compstat-v2,validated
weekly-2026-09-20-r1,weekly_compstat,2026-09-14,2026-09-20,1,224441568f81ffe637b2bd2710d43d6899f14c5913e83b684efe2ba6fca9d029,3,sector,sector_1,Sector 1,robbery,Robbery,year_to_date,percent_change,percent,2026,2020,6,-50.0,-0.5,-50%,,not_checkable,,,wilmington-compstat-v2,validated
weekly-2026-09-20-r1,weekly_compstat,2026-09-14,2026-09-20,1,224441568f81ffe637b2bd2710d43d6899f14c5913e83b684efe2ba6fca9d029,3,sector,sector_1,Sector 1,aggravated_assault,Agg. Assault,last_7_days,count,count,2026,,,1,,1,,not_applicable,,,wilmington-compstat-v2,validated
weekly-2026-09-20-r1,weekly_compstat,2026-09-14,2026-09-20,1,224441568f81ffe637b2bd2710d43d6899f14c5913e83b684efe2ba6fca9d029,3,sector,sector_1,Sector 1,aggravated_assault,Agg. Assault,last_7_days,count,count,2025,,,3,,3,,not_applicable,,,wilmington-compstat-v2,validated
weekly-2026-09-20-r1,weekly_compstat,2026-09-14,2026-09-20,1,224441568f81ffe637b2bd2710d43d6899f14c5913e83b684efe2ba6fca9d029,3,sector,sector_1,Sector 1,aggravated_assault,Agg. Assault,last_7_days,percent_change,percent,2026,2025,1,-67.0,-0.67,-67%,-66.666667,matched,,,wilmington-compstat-v2,validated
weekly-2026-09-20-r1,weekly_compstat,2026-09-14,2026-09-20,1,224441568f81ffe637b2bd2710d43d6899f14c5913e83b684efe2ba6fca9d029,3,sector,sector_1,Sector 1,aggravated_assault,Agg. Assault,last_28_days,count,count,2026,,,10,,10,,not_applicable,,,wilmington-compstat-v2,validated
weekly-2026-09-20-r1,weekly_compstat,2026-09-14,2026-09-20,1,224441568f81ffe637b2bd2710d43d6899f14c5913e83b684efe2ba6fca9d029,3,sector,sector_1,Sector 1,aggravated_assault,Agg. Assault,last_28_days,count,count,2025,,,14,,14,,not_applicable,,,wilmington-compstat-v2,validated
weekly-2026-09-20-r1,weekly_compstat,2026-09-14,2026-09-20,1,224441568f81ffe637b2bd2710d43d6899f14c5913e83b684efe2ba6fca9d029,3,sector,sector_1,Sector 1,aggravated_assault,Agg. Assault,last_28_days,percent_change,percent,2026,2025,1,-29.0,-0.29,-29%,-28.571429,matched,,,wilmington-compstat-v2,validated
weekly-2026-09-20-r1,weekly_compstat,2026-09-14,2026-09-20,1,224441568f81ffe637b2bd2710d43d6899f14c5913e83b684efe2ba6fca9d029,3,sector,sector_1,Sector 1,aggravated_assault,Agg. Assault,year_to_date,count,count,2026,,,85,,85,,not_applicable,,,wilmington-compstat-v2,validated
weekly-2026-09-20-r1,weekly_compstat,2026-09-14,2026-09-20,1,224441568f81ffe637b2bd2710d43d6899f14c5913e83b684efe2ba6fca9d029,3,sector,sector_1,Sector 1,aggravated_assault,Agg. Assault,year_to_date,count,count,2025,,,84,,84,,not_applicable,,,wilmington-compstat-v2,validated
weekly-2026-09-20-r1,weekly_compstat,2026-09-14,2026-09-20,1,224441568f81ffe637b2bd2710d43d6899f14c5913e83b684efe2ba6fca9d029,3,sector,sector_1,Sector 1,aggravated_assault,Agg. Assault,year_to_date,percent_change,percent,2026,2025,1,1.0,0.01,1%,1.190476,matched,,,wilmington-compstat-v2,validated
weekly-2026-09-20-r1,weekly_compstat,2026-09-14,2026-09-20,1,224441568f81ffe637b2bd2710d43d6899f14c5913e83b684efe2ba6fca9d029,3,sector,sector_1,Sector 1,aggravated_assault,Agg. Assault,year_to_date,percent_change,percent,2026,2024,2,12.0,0.12,12%,,not_checkable,,,wilmington-compstat-v2,validated
weekly-2026-09-20-r1,weekly_compstat,2026-09-14,2026-09-20,1,224441568f81ffe637b2bd2710d43d6899f14c5913e83b684efe2ba6fca9d029,3,sector,sector_1,Sector 1,aggravated_assault,Agg. Assault,year_to_date,percent_change,percent,2026,2023,3,9.0,0.09,9%,,not_checkable,,,wilmington-compstat-v2,validated
weekly-2026-09-20-r1,weekly_compstat,2026-09-14,2026-09-20,1,224441568f81ffe637b2bd2710d43d6899f14c5913e83b684efe2ba6fca9d029,3,sector,sector_1,Sector 1,aggravated_assault,Agg. Assault,year_to_date,percent_change,percent,2026,2022,4,23.0,0.23,23%,,not_checkable,,,wilmington-compstat-v2,validated
weekly-2026-09-20-r1,weekly_compstat,2026-09-14,2026-09-20,1,224441568f81ffe637b2bd2710d43d6899f14c5913e83b684efe2ba6fca9d029,3,sector,sector_1,Sector 1,aggravated_assault,Agg. Assault,year_to_date,percent_change,percent,2026,2021,5,-20.0,-0.2,-20%,,not_checkable,,,wilmington-compstat-v2,validated
weekly-2026-09-20-r1,weekly_compstat,2026-09-14,2026-09-20,1,224441568f81ffe637b2bd2710d43d6899f14c5913e83b684efe2ba6fca9d029,3,sector,sector_1,Sector 1,aggravated_assault,Agg. Assault,year_to_date,percent_change,percent,2026,2020,6,-24.0,-0.24,-24%,,not_checkable,,,wilmington-compstat-v2,validated
weekly-2026-09-20-r1,weekly_compstat,2026-09-14,2026-09-20,1,224441568f81ffe637b2bd2710d43d6899f14c5913e83b684efe2ba6fca9d029,3,sector,sector_1,Sector 1,burglary,Burglary,last_7_days,count,count,2026,,,3,,3,,not_applicable,,,wilmington-compstat-v2,validated
weekly-2026-09-20-r1,weekly_compstat,2026-09-14,2026-09-20,1,224441568f81ffe637b2bd2710d43d6899f14c5913e83b684efe2ba6fca9d029,3,sector,sector_1,Sector 1,burglary,Burglary,last_7_days,count,count,2025,,,1,,1,,not_applicable,,,wilmington-compstat-v2,validated
weekly-2026-09-20-r1,weekly_compstat,2026-09-14,2026-09-20,1,224441568f81ffe637b2bd2710d43d6899f14c5913e83b684efe2ba6fca9d029,3,sector,sector_1,Sector 1,burglary,Burglary,last_7_days,percent_change,percent,2026,2025,1,200.0,2.0,200%,200.0,matched,,,wilmington-compstat-v2,validated
weekly-2026-09-20-r1,weekly_compstat,2026-09-14,2026-09-20,1,224441568f81ffe637b2bd2710d43d6899f14c5913e83b684efe2ba6fca9d029,3,sector,sector_1,Sector 1,burglary,Burglary,last_28_days,count,count,2026,,,10,,10,,not_applicable,,,wilmington-compstat-v2,validated
weekly-2026-09-20-r1,weekly_compstat,2026-09-14,2026-09-20,1,224441568f81ffe637b2bd2710d43d6899f14c5913e83b684efe2ba6fca9d029,3,sector,sector_1,Sector 1,burglary,Burglary,last_28_days,count,count,2025,,,3,,3,,not_applicable,,,wilmington-compstat-v2,validated
weekly-2026-09-20-r1,weekly_compstat,2026-09-14,2026-09-20,1,224441568f81ffe637b2bd2710d43d6899f14c5913e83b684efe2ba6fca9d029,3,sector,sector_1,Sector 1,burglary,Burglary,last_28_days,percent_change,percent,2026,2025,1,233.0,2.33,233%,233.333333,matched,,,wilmington-compstat-v2,validated
weekly-2026-09-20-r1,weekly_compstat,2026-09-14,2026-09-20,1,224441568f81ffe637b2bd2710d43d6899f14c5913e83b684efe2ba6fca9d029,3,sector,sector_1,Sector 1,burglary,Burglary,year_to_date,count,count,2026,,,69,,69,,not_applicable,,,wilmington-compstat-v2,validated
weekly-2026-09-20-r1,weekly_compstat,2026-09-14,2026-09-20,1,224441568f81ffe637b2bd2710d43d6899f14c5913e83b684efe2ba6fca9d029,3,sector,sector_1,Sector 1,burglary,Burglary,year_to_date,count,count,2025,,,83,,83,,not_applicable,,,wilmington-compstat-v2,validated
weekly-2026-09-20-r1,weekly_compstat,2026-09-14,2026-09-20,1,224441568f81ffe637b2bd2710d43d6899f14c5913e83b684efe2ba6fca9d029,3,sector,sector_1,Sector 1,burglary,Burglary,year_to_date,percent_change,percent,2026,2025,1,-17.0,-0.17,-17%,-16.86747,matched,,,wilmington-compstat-v2,validated
weekly-2026-09-20-r1,weekly_compstat,2026-09-14,2026-09-20,1,224441568f81ffe637b2bd2710d43d6899f14c5913e83b684efe2ba6fca9d029,3,sector,sector_1,Sector 1,burglary,Burglary,year_to_date,percent_change,percent,2026,2024,2,30.0,0.3,30%,,not_checkable,,,wilmington-compstat-v2,validated
weekly-2026-09-20-r1,weekly_compstat,2026-09-14,2026-09-20,1,224441568f81ffe637b2bd2710d43d6899f14c5913e83b684efe2ba6fca9d029,3,sector,sector_1,Sector 1,burglary,Burglary,year_to_date,percent_change,percent,2026,2023,3,13.0,0.13,13%,,not_checkable,,,wilmington-compstat-v2,validated
weekly-2026-09-20-r1,weekly_compstat,2026-09-14,2026-09-20,1,224441568f81ffe637b2bd2710d43d6899f14c5913e83b684efe2ba6fca9d029,3,sector,sector_1,Sector 1,burglary,Burglary,year_to_date,percent_change,percent,2026,2022,4,-19.0,-0.19,-19%,,not_checkable,,,wilmington-compstat-v2,validated
weekly-2026-09-20-r1,weekly_compstat,2026-09-14,2026-09-20,1,224441568f81ffe637b2bd2710d43d6899f14c5913e83b684efe2ba6fca9d029,3,sector,sector_1,Sector 1,burglary,Burglary,year_to_date,percent_change,percent,2026,2021,5,-7.0,-0.07,-7%,,not_checkable,,,wilmington-compstat-v2,validated
weekly-2026-09-20-r1,weekly_compstat,2026-09-14,2026-09-20,1,224441568f81ffe637b2bd2710d43d6899f14c5913e83b684efe2ba6fca9d029,3,sector,sector_1,Sector 1,burglary,Burglary,year_to_date,percent_change,percent,2026,2020,6,-25.0,-0.25,-25%,,not_checkable,,,wilmington-compstat-v2,validated
weekly-2026-09-20-r1,weekly_compstat,2026-09-14,2026-09-20,1,224441568f81ffe637b2bd2710d43d6899f14c5913e83b684efe2ba6fca9d029,3,sector,sector_1,Sector 1,felony_theft,Felony Theft,last_7_days,count,count,2026,,,1,,1,,not_applicable,,,wilmington-compstat-v2,validated
weekly-2026-09-20-r1,weekly_compstat,2026-09-14,2026-09-20,1,224441568f81ffe637b2bd2710d43d6899f14c5913e83b684efe2ba6fca9d029,3,sector,sector_1,Sector 1,felony_theft,Felony Theft,last_7_days,count,count,2025,,,1,,1,,not_applicable,,,wilmington-compstat-v2,validated
weekly-2026-09-20-r1,weekly_compstat,2026-09-14,2026-09-20,1,224441568f81ffe637b2bd2710d43d6899f14c5913e83b684efe2ba6fca9d029,3,sector,sector_1,Sector 1,felony_theft,Felony Theft,last_7_days,percent_change,percent,2026,2025,1,0.0,0.0,0%,0.0,matched,,,wilmington-compstat-v2,validated
weekly-2026-09-20-r1,weekly_compstat,2026-09-14,2026-09-20,1,224441568f81ffe637b2bd2710d43d6899f14c5913e83b684efe2ba6fca9d029,3,sector,sector_1,Sector 1,felony_theft,Felony Theft,last_28_days,count,count,2026,,,6,,6,,not_applicable,,,wilmington-compstat-v2,validated
weekly-2026-09-20-r1,weekly_compstat,2026-09-14,2026-09-20,1,224441568f81ffe637b2bd2710d43d6899f14c5913e83b684efe2ba6fca9d029,3,sector,sector_1,Sector 1,felony_theft,Felony Theft,last_28_days,count,count,2025,,,6,,6,,not_applicable,,,wilmington-compstat-v2,validated
weekly-2026-09-20-r1,weekly_compstat,2026-09-14,2026-09-20,1,224441568f81ffe637b2bd2710d43d6899f14c5913e83b684efe2ba6fca9d029,3,sector,sector_1,Sector 1,felony_theft,Felony Theft,last_28_days,percent_change,percent,2026,2025,1,0.0,0.0,0%,0.0,matched,,,wilmington-compstat-v2,validated
weekly-2026-09-20-r1,weekly_compstat,2026-09-14,2026-09-20,1,224441568f81ffe637b2bd2710d43d6899f14c5913e83b684efe2ba6fca9d029,3,sector,sector_1,Sector 1,felony_theft,Felony Theft,year_to_date,count,count,2026,,,61,,61,,not_applicable,,,wilmington-compstat-v2,validated
weekly-2026-09-20-r1,weekly_compstat,2026-09-14,2026-09-20,1,224441568f81ffe637b2bd2710d43d6899f14c5913e83b684efe2ba6fca9d029,3,sector,sector_1,Sector 1,felony_theft,Felony Theft,year_to_date,count,count,2025,,,47,,47,,not_applicable,,,wilmington-compstat-v2,validated
weekly-2026-09-20-r1,weekly_compstat,2026-09-14,2026-09-20,1,224441568f81ffe637b2bd2710d43d6899f14c5913e83b684efe2ba6fca9d029,3,sector,sector_1,Sector 1,felony_theft,Felony Theft,year_to_date,percent_change,percent,2026,2025,1,30.0,0.3,30%,29.787234,matched,,,wilmington-compstat-v2,validated
weekly-2026-09-20-r1,weekly_compstat,2026-09-14,2026-09-20,1,224441568f81ffe637b2bd2710d43d6899f14c5913e83b684efe2ba6fca9d029,3,sector,sector_1,Sector 1,felony_theft,Felony Theft,year_to_date,percent_change,percent,2026,2024,2,42.0,0.42,42%,,not_checkable,,,wilmington-compstat-v2,validated
weekly-2026-09-20-r1,weekly_compstat,2026-09-14,2026-09-20,1,224441568f81ffe637b2bd2710d43d6899f14c5913e83b684efe2ba6fca9d029,3,sector,sector_1,Sector 1,felony_theft,Felony Theft,year_to_date,percent_change,percent,2026,2023,3,-3.0,-0.03,-3%,,not_checkable,,,wilmington-compstat-v2,validated
weekly-2026-09-20-r1,weekly_compstat,2026-09-14,2026-09-20,1,224441568f81ffe637b2bd2710d43d6899f14c5913e83b684efe2ba6fca9d029,3,sector,sector_1,Sector 1,felony_theft,Felony Theft,year_to_date,percent_change,percent,2026,2022,4,-6.0,-0.06,-6%,,not_checkable,,,wilmington-compstat-v2,validated
weekly-2026-09-20-r1,weekly_compstat,2026-09-14,2026-09-20,1,224441568f81ffe637b2bd2710d43d6899f14c5913e83b684efe2ba6fca9d029,3,sector,sector_1,Sector 1,felony_theft,Felony Theft,year_to_date,percent_change,percent,2026,2021,5,-3.0,-0.03,-3%,,not_checkable,,,wilmington-compstat-v2,validated
weekly-2026-09-20-r1,weekly_compstat,2026-09-14,2026-09-20,1,224441568f81ffe637b2bd2710d43d6899f14c5913e83b684efe2ba6fca9d029,3,sector,sector_1,Sector 1,felony_theft,Felony Theft,year_to_date,percent_change,percent,2026,2020,6,56.0,0.56,56%,,not_checkable,,,wilmington-compstat-v2,validated
weekly-2026-09-20-r1,weekly_compstat,2026-09-14,2026-09-20,1,224441568f81ffe637b2bd2710d43d6899f14c5913e83b684efe2ba6fca9d029,3,sector,sector_1,Sector 1,auto_theft,Auto Theft,last_7_days,count,count,2026,,,1,,1,,not_applicable,,,wilmington-compstat-v2,validated
weekly-2026-09-20-r1,weekly_compstat,2026-09-14,2026-09-20,1,224441568f81ffe637b2bd2710d43d6899f14c5913e83b684efe2ba6fca9d029,3,sector,sector_1,Sector 1,auto_theft,Auto Theft,last_7_days,count,count,2025,,,2,,2,,not_applicable,,,wilmington-compstat-v2,validated
weekly-2026-09-20-r1,weekly_compstat,2026-09-14,2026-09-20,1,224441568f81ffe637b2bd2710d43d6899f14c5913e83b684efe2ba6fca9d029,3,sector,sector_1,Sector 1,auto_theft,Auto Theft,last_7_days,percent_change,percent,2026,2025,1,-50.0,-0.5,-50%,-50.0,matched,,,wilmington-compstat-v2,validated
weekly-2026-09-20-r1,weekly_compstat,2026-09-14,2026-09-20,1,224441568f81ffe637b2bd2710d43d6899f14c5913e83b684efe2ba6fca9d029,3,sector,sector_1,Sector 1,auto_theft,Auto Theft,last_28_days,count,count,2026,,,6,,6,,not_applicable,,,wilmington-compstat-v2,validated
weekly-2026-09-20-r1,weekly_compstat,2026-09-14,2026-09-20,1,224441568f81ffe637b2bd2710d43d6899f14c5913e83b684efe2ba6fca9d029,3,sector,sector_1,Sector 1,auto_theft,Auto Theft,last_28_days,count,count,2025,,,10,,10,,not_applicable,,,wilmington-compstat-v2,validated
weekly-2026-09-20-r1,weekly_compstat,2026-09-14,2026-09-20,1,224441568f81ffe637b2bd2710d43d6899f14c5913e83b684efe2ba6fca9d029,3,sector,sector_1,Sector 1,auto_theft,Auto Theft,last_28_days,percent_change,percent,2026,2025,1,-40.0,-0.4,-40%,-40.0,matched,,,wilmington-compstat-v2,validated
weekly-2026-09-20-r1,weekly_compstat,2026-09-14,2026-09-20,1,224441568f81ffe637b2bd2710d43d6899f14c5913e83b684efe2ba6fca9d029,3,sector,sector_1,Sector 1,auto_theft,Auto Theft,year_to_date,count,count,2026,,,88,,88,,not_applicable,,,wilmington-compstat-v2,validated
weekly-2026-09-20-r1,weekly_compstat,2026-09-14,2026-09-20,1,224441568f81ffe637b2bd2710d43d6899f14c5913e83b684efe2ba6fca9d029,3,sector,sector_1,Sector 1,auto_theft,Auto Theft,year_to_date,count,count,2025,,,107,,107,,not_applicable,,,wilmington-compstat-v2,validated
weekly-2026-09-20-r1,weekly_compstat,2026-09-14,2026-09-20,1,224441568f81ffe637b2bd2710d43d6899f14c5913e83b684efe2ba6fca9d029,3,sector,sector_1,Sector 1,auto_theft,Auto Theft,year_to_date,percent_change,percent,2026,2025,1,-18.0,-0.18,-18%,-17.757009,matched,,,wilmington-compstat-v2,validated
weekly-2026-09-20-r1,weekly_compstat,2026-09-14,2026-09-20,1,224441568f81ffe637b2bd2710d43d6899f14c5913e83b684efe2ba6fca9d029,3,sector,sector_1,Sector 1,auto_theft,Auto Theft,year_to_date,percent_change,percent,2026,2024,2,-23.0,-0.23,-23%,,not_checkable,,,wilmington-compstat-v2,validated
weekly-2026-09-20-r1,weekly_compstat,2026-09-14,2026-09-20,1,224441568f81ffe637b2bd2710d43d6899f14c5913e83b684efe2ba6fca9d029,3,sector,sector_1,Sector 1,auto_theft,Auto Theft,year_to_date,percent_change,percent,2026,2023,3,-21.0,-0.21,-21%,,not_checkable,,,wilmington-compstat-v2,validated
weekly-2026-09-20-r1,weekly_compstat,2026-09-14,2026-09-20,1,224441568f81ffe637b2bd2710d43d6899f14c5913e83b684efe2ba6fca9d029,3,sector,sector_1,Sector 1,auto_theft,Auto Theft,year_to_date,percent_change,percent,2026,2022,4,-8.0,-0.08,-8%,,not_checkable,,,wilmington-compstat-v2,validated
weekly-2026-09-20-r1,weekly_compstat,2026-09-14,2026-09-20,1,224441568f81ffe637b2bd2710d43d6899f14c5913e83b684efe2ba6fca9d029,3,sector,sector_1,Sector 1,auto_theft,Auto Theft,year_to_date,percent_change,percent,2026,2021,5,-6.0,-0.06,-6%,,not_checkable,,,wilmington-compstat-v2,validated
weekly-2026-09-20-r1,weekly_compstat,2026-09-14,2026-09-20,1,224441568f81ffe637b2bd2710d43d6899f14c5913e83b684efe2ba6fca9d029,3,sector,sector_1,Sector 1,auto_theft,Auto Theft,year_to_date,percent_change,percent,2026,2020,6,-6.0,-0.06,-6%,,not_checkable,,,wilmington-compstat-v2,validated
weekly-2026-09-20-r1,weekly_compstat,2026-09-14,2026-09-20,1,224441568f81ffe637b2bd2710d43d6899f14c5913e83b684efe2ba6fca9d029,3,sector,sector_1,Sector 1,major_crime_total,TOTAL,last_7_days,count,count,2026,,,7,,7,,not_applicable,,,wilmington-compstat-v2,validated
weekly-2026-09-20-r1,weekly_compstat,2026-09-14,2026-09-20,1,224441568f81ffe637b2bd2710d43d6899f14c5913e83b684efe2ba6fca9d029,3,sector,sector_1,Sector 1,major_crime_total,TOTAL,last_7_days,count,count,2025,,,7,,7,,not_applicable,,,wilmington-compstat-v2,validated
weekly-2026-09-20-r1,weekly_compstat,2026-09-14,2026-09-20,1,224441568f81ffe637b2bd2710d43d6899f14c5913e83b684efe2ba6fca9d029,3,sector,sector_1,Sector 1,major_crime_total,TOTAL,last_7_days,percent_change,percent,2026,2025,1,0.0,0.0,0%,0.0,matched,,,wilmington-compstat-v2,validated
weekly-2026-09-20-r1,weekly_compstat,2026-09-14,2026-09-20,1,224441568f81ffe637b2bd2710d43d6899f14c5913e83b684efe2ba6fca9d029,3,sector,sector_1,Sector 1,major_crime_total,TOTAL,last_28_days,count,count,2026,,,36,,36,,not_applicable,,,wilmington-compstat-v2,validated
weekly-2026-09-20-r1,weekly_compstat,2026-09-14,2026-09-20,1,224441568f81ffe637b2bd2710d43d6899f14c5913e83b684efe2ba6fca9d029,3,sector,sector_1,Sector 1,major_crime_total,TOTAL,last_28_days,count,count,2025,,,35,,35,,not_applicable,,,wilmington-compstat-v2,validated
weekly-2026-09-20-r1,weekly_compstat,2026-09-14,2026-09-20,1,224441568f81ffe637b2bd2710d43d6899f14c5913e83b684efe2ba6fca9d029,3,sector,sector_1,Sector 1,major_crime_total,TOTAL,last_28_days,percent_change,percent,2026,2025,1,3.0,0.03,3%,2.857143,matched,,,wilmington-compstat-v2,validated
weekly-2026-09-20-r1,weekly_compstat,2026-09-14,2026-09-20,1,224441568f81ffe637b2bd2710d43d6899f14c5913e83b684efe2ba6fca9d029,3,sector,sector_1,Sector 1,major_crime_total,TOTAL,year_to_date,count,count,2026,,,333,,333,,not_applicable,,,wilmington-compstat-v2,validated
weekly-2026-09-20-r1,weekly_compstat,2026-09-14,2026-09-20,1,224441568f81ffe637b2bd2710d43d6899f14c5913e83b684efe2ba6fca9d029,3,sector,sector_1,Sector 1,major_crime_total,TOTAL,year_to_date,count,count,2025,,,349,,349,,not_applicable,,,wilmington-compstat-v2,validated
weekly-2026-09-20-r1,weekly_compstat,2026-09-14,2026-09-20,1,224441568f81ffe637b2bd2710d43d6899f14c5913e83b684efe2ba6fca9d029,3,sector,sector_1,Sector 1,major_crime_total,TOTAL,year_to_date,percent_change,percent,2026,2025,1,-5.0,-0.05,-5%,-4.584527,matched,,,wilmington-compstat-v2,validated
weekly-2026-09-20-r1,weekly_compstat,2026-09-14,2026-09-20,1,224441568f81ffe637b2bd2710d43d6899f14c5913e83b684efe2ba6fca9d029,3,sector,sector_1,Sector 1,major_crime_total,TOTAL,year_to_date,percent_change,percent,2026,2024,2,4.0,0.04,4%,,not_checkable,,,wilmington-compstat-v2,validated
weekly-2026-09-20-r1,weekly_compstat,2026-09-14,2026-09-20,1,224441568f81ffe637b2bd2710d43d6899f14c5913e83b684efe2ba6fca9d029,3,sector,sector_1,Sector 1,major_crime_total,TOTAL,year_to_date,percent_change,percent,2026,2023,3,-6.0,-0.06,-6%,,not_checkable,,,wilmington-compstat-v2,validated
weekly-2026-09-20-r1,weekly_compstat,2026-09-14,2026-09-20,1,224441568f81ffe637b2bd2710d43d6899f14c5913e83b684efe2ba6fca9d029,3,sector,sector_1,Sector 1,major_crime_total,TOTAL,year_to_date,percent_change,percent,2026,2022,4,-5.0,-0.05,-5%,,not_checkable,,,wilmington-compstat-v2,validated
weekly-2026-09-20-r1,weekly_compstat,2026-09-14,2026-09-20,1,224441568f81ffe637b2bd2710d43d6899f14c5913e83b684efe2ba6fca9d029,3,sector,sector_1,Sector 1,major_crime_total,TOTAL,year_to_date,percent_change,percent,2026,2021,5,-15.0,-0.15,-15%,,not_checkable,,,wilmington-compstat-v2,validated
weekly-2026-09-20-r1,weekly_compstat,2026-09-14,2026-09-20,1,224441568f81ffe637b2bd2710d43d6899f14c5913e83b684efe2ba6fca9d029,3,sector,sector_1,Sector 1,major_crime_total,TOTAL,year_to_date,percent_change,percent,2026,2020,6,-18.0,-0.18,-18%,,not_checkable,,,wilmington-compstat-v2,validated
weekly-2026-09-20-r1,weekly_compstat,2026-09-14,2026-09-20,1,224441568f81ffe637b2bd2710d43d6899f14c5913e83b684efe2ba6fca9d029,3,sector,sector_1,Sector 1,shooting_incidents,Shooting Incidents,last_7_days,count,count,2026,,,0,,0,,not_applicable,,,wilmington-compstat-v2,validated
weekly-2026-09-20-r1,weekly_compstat,2026-09-14,2026-09-20,1,224441568f81ffe637b2bd2710d43d6899f14c5913e83b684efe2ba6fca9d029,3,sector,sector_1,Sector 1,shooting_incidents,Shooting Incidents,last_7_days,count,count,2025,,,2,,2,,not_applicable,,,wilmington-compstat-v2,validated
weekly-2026-09-20-r1,weekly_compstat,2026-09-14,2026-09-20,1,224441568f81ffe637b2bd2710d43d6899f14c5913e83b684efe2ba6fca9d029,3,sector,sector_1,Sector 1,shooting_incidents,Shooting Incidents,last_7_days,percent_change,percent,2026,2025,1,-100.0,-1.0,-100%,-100.0,matched,,,wilmington-compstat-v2,validated
weekly-2026-09-20-r1,weekly_compstat,2026-09-14,2026-09-20,1,224441568f81ffe637b2bd2710d43d6899f14c5913e83b684efe2ba6fca9d029,3,sector,sector_1,Sector 1,shooting_incidents,Shooting Incidents,last_28_days,count,count,2026,,,2,,2,,not_applicable,,,wilmington-compstat-v2,validated
weekly-2026-09-20-r1,weekly_compstat,2026-09-14,2026-09-20,1,224441568f81ffe637b2bd2710d43d6899f14c5913e83b684efe2ba6fca9d029,3,sector,sector_1,Sector 1,shooting_incidents,Shooting Incidents,last_28_days,count,count,2025,,,3,,3,,not_applicable,,,wilmington-compstat-v2,validated
weekly-2026-09-20-r1,weekly_compstat,2026-09-14,2026-09-20,1,224441568f81ffe637b2bd2710d43d6899f14c5913e83b684efe2ba6fca9d029,3,sector,sector_1,Sector 1,shooting_incidents,Shooting Incidents,last_28_days,percent_change,percent,2026,2025,1,-33.0,-0.33,-33%,-33.333333,matched,,,wilmington-compstat-v2,validated
weekly-2026-09-20-r1,weekly_compstat,2026-09-14,2026-09-20,1,224441568f81ffe637b2bd2710d43d6899f14c5913e83b684efe2ba6fca9d029,3,sector,sector_1,Sector 1,shooting_incidents,Shooting Incidents,year_to_date,count,count,2026,,,14,,14,,not_applicable,,,wilmington-compstat-v2,validated
weekly-2026-09-20-r1,weekly_compstat,2026-09-14,2026-09-20,1,224441568f81ffe637b2bd2710d43d6899f14c5913e83b684efe2ba6fca9d029,3,sector,sector_1,Sector 1,shooting_incidents,Shooting Incidents,year_to_date,count,count,2025,,,15,,15,,not_applicable,,,wilmington-compstat-v2,validated
weekly-2026-09-20-r1,weekly_compstat,2026-09-14,2026-09-20,1,224441568f81ffe637b2bd2710d43d6899f14c5913e83b684efe2ba6fca9d029,3,sector,sector_1,Sector 1,shooting_incidents,Shooting Incidents,year_to_date,percent_change,percent,2026,2025,1,-7.0,-0.07,-7%,-6.666667,matched,,,wilmington-compstat-v2,validated
weekly-2026-09-20-r1,weekly_compstat,2026-09-14,2026-09-20,1,224441568f81ffe637b2bd2710d43d6899f14c5913e83b684efe2ba6fca9d029,3,sector,sector_1,Sector 1,shooting_incidents,Shooting Incidents,year_to_date,percent_change,percent,2026,2024,2,-33.0,-0.33,-33%,,not_checkable,,,wilmington-compstat-v2,validated
weekly-2026-09-20-r1,weekly_compstat,2026-09-14,2026-09-20,1,224441568f81ffe637b2bd2710d43d6899f14c5913e83b684efe2ba6fca9d029,3,sector,sector_1,Sector 1,shooting_incidents,Shooting Incidents,year_to_date,percent_change,percent,2026,2023,3,-39.0,-0.39,-39%,,not_checkable,,,wilmington-compstat-v2,validated
weekly-2026-09-20-r1,weekly_compstat,2026-09-14,2026-09-20,1,224441568f81ffe637b2bd2710d43d6899f14c5913e83b684efe2ba6fca9d029,3,sector,sector_1,Sector 1,shooting_incidents,Shooting Incidents,year_to_date,percent_change,percent,2026,2022,4,-50.0,-0.5,-50%,,not_checkable,,,wilmington-compstat-v2,validated
weekly-2026-09-20-r1,weekly_compstat,2026-09-14,2026-09-20,1,224441568f81ffe637b2bd2710d43d6899f14c5913e83b684efe2ba6fca9d029,3,sector,sector_1,Sector 1,shooting_incidents,Shooting Incidents,year_to_date,percent_change,percent,2026,2021,5,-56.0,-0.56,-56%,,not_checkable,,,wilmington-compstat-v2,validated
weekly-2026-09-20-r1,weekly_compstat,2026-09-14,2026-09-20,1,224441568f81ffe637b2bd2710d43d6899f14c5913e83b684efe2ba6fca9d029,3,sector,sector_1,Sector 1,shooting_incidents,Shooting Incidents,year_to_date,percent_change,percent,2026,2020,6,-65.0,-0.65,-65%,,not_checkable,,,wilmington-compstat-v2,validated
weekly-2026-09-20-r1,weekly_compstat,2026-09-14,2026-09-20,1,224441568f81ffe637b2bd2710d43d6899f14c5913e83b684efe2ba6fca9d029,3,sector,sector_1,Sector 1,shooting_victims,Shooting Victims,last_7_days,count,count,2026,,,0,,0,,not_applicable,,,wilmington-compstat-v2,validated
weekly-2026-09-20-r1,weekly_compstat,2026-09-14,2026-09-20,1,224441568f81ffe637b2bd2710d43d6899f14c5913e83b684efe2ba6fca9d029,3,sector,sector_1,Sector 1,shooting_victims,Shooting Victims,last_7_days,count,count,2025,,,2,,2,,not_applicable,,,wilmington-compstat-v2,validated
weekly-2026-09-20-r1,weekly_compstat,2026-09-14,2026-09-20,1,224441568f81ffe637b2bd2710d43d6899f14c5913e83b684efe2ba6fca9d029,3,sector,sector_1,Sector 1,shooting_victims,Shooting Victims,last_7_days,percent_change,percent,2026,2025,1,-100.0,-1.0,-100%,-100.0,matched,,,wilmington-compstat-v2,validated
weekly-2026-09-20-r1,weekly_compstat,2026-09-14,2026-09-20,1,224441568f81ffe637b2bd2710d43d6899f14c5913e83b684efe2ba6fca9d029,3,sector,sector_1,Sector 1,shooting_victims,Shooting Victims,last_28_days,count,count,2026,,,2,,2,,not_applicable,,,wilmington-compstat-v2,validated
weekly-2026-09-20-r1,weekly_compstat,2026-09-14,2026-09-20,1,224441568f81ffe637b2bd2710d43d6899f14c5913e83b684efe2ba6fca9d029,3,sector,sector_1,Sector 1,shooting_victims,Shooting Victims,last_28_days,count,count,2025,,,3,,3,,not_applicable,,,wilmington-compstat-v2,validated
weekly-2026-09-20-r1,weekly_compstat,2026-09-14,2026-09-20,1,224441568f81ffe637b2bd2710d43d6899f14c5913e83b684efe2ba6fca9d029,3,sector,sector_1,Sector 1,shooting_victims,Shooting Victims,last_28_days,percent_change,percent,2026,2025,1,-33.0,-0.33,-33%,-33.333333,matched,,,wilmington-compstat-v2,validated
weekly-2026-09-20-r1,weekly_compstat,2026-09-14,2026-09-20,1,224441568f81ffe637b2bd2710d43d6899f14c5913e83b684efe2ba6fca9d029,3,sector,sector_1,Sector 1,shooting_victims,Shooting Victims,year_to_date,count,count,2026,,,16,,16,,not_applicable,,,wilmington-compstat-v2,validated
weekly-2026-09-20-r1,weekly_compstat,2026-09-14,2026-09-20,1,224441568f81ffe637b2bd2710d43d6899f14c5913e83b684efe2ba6fca9d029,3,sector,sector_1,Sector 1,shooting_victims,Shooting Victims,year_to_date,count,count,2025,,,19,,19,,not_applicable,,,wilmington-compstat-v2,validated
weekly-2026-09-20-r1,weekly_compstat,2026-09-14,2026-09-20,1,224441568f81ffe637b2bd2710d43d6899f14c5913e83b684efe2ba6fca9d029,3,sector,sector_1,Sector 1,shooting_victims,Shooting Victims,year_to_date,percent_change,percent,2026,2025,1,-16.0,-0.16,-16%,-15.789474,matched,,,wilmington-compstat-v2,validated
weekly-2026-09-20-r1,weekly_compstat,2026-09-14,2026-09-20,1,224441568f81ffe637b2bd2710d43d6899f14c5913e83b684efe2ba6fca9d029,3,sector,sector_1,Sector 1,shooting_victims,Shooting Victims,year_to_date,percent_change,percent,2026,2024,2,-41.0,-0.41,-41%,,not_checkable,,,wilmington-compstat-v2,validated
weekly-2026-09-20-r1,weekly_compstat,2026-09-14,2026-09-20,1,224441568f81ffe637b2bd2710d43d6899f14c5913e83b684efe2ba6fca9d029,3,sector,sector_1,Sector 1,shooting_victims,Shooting Victims,year_to_date,percent_change,percent,2026,2023,3,-41.0,-0.41,-41%,,not_checkable,,,wilmington-compstat-v2,validated
weekly-2026-09-20-r1,weekly_compstat,2026-09-14,2026-09-20,1,224441568f81ffe637b2bd2710d43d6899f14c5913e83b684efe2ba6fca9d029,3,sector,sector_1,Sector 1,shooting_victims,Shooting Victims,year_to_date,percent_change,percent,2026,2022,4,-60.0,-0.6,-60%,,not_checkable,,,wilmington-compstat-v2,validated
weekly-2026-09-20-r1,weekly_compstat,2026-09-14,2026-09-20,1,224441568f81ffe637b2bd2710d43d6899f14c5913e83b684efe2ba6fca9d029,3,sector,sector_1,Sector 1,shooting_victims,Shooting Victims,year_to_date,percent_change,percent,2026,2021,5,-60.0,-0.6,-60%,,not_checkable,,,wilmington-compstat-v2,validated
weekly-2026-09-20-r1,weekly_compstat,2026-09-14,2026-09-20,1,224441568f81ffe637b2bd2710d43d6899f14c5913e83b684efe2ba6fca9d029,3,sector,sector_1,Sector 1,shooting_victims,Shooting Victims,year_to_date,percent_change,percent,2026,2020,6,-67.0,-0.67,-67%,,not_checkable,,,wilmington-compstat-v2,validated
weekly-2026-09-20-r1,weekly_compstat,2026-09-14,2026-09-20,1,224441568f81ffe637b2bd2710d43d6899f14c5913e83b684efe2ba6fca9d029,3,sector,sector_1,Sector 1,juvenile_shooting_incidents,*Juv Shooting Incidents,last_7_days,count,count,2026,,,0,,0,,not_applicable,,,wilmington-compstat-v2,validated
weekly-2026-09-20-r1,weekly_compstat,2026-09-14,2026-09-20,1,224441568f81ffe637b2bd2710d43d6899f14c5913e83b684efe2ba6fca9d029,3,sector,sector_1,Sector 1,juvenile_shooting_incidents,*Juv Shooting Incidents,last_7_days,count,count,2025,,,0,,0,,not_applicable,,,wilmington-compstat-v2,validated
weekly-2026-09-20-r1,weekly_compstat,2026-09-14,2026-09-20,1,224441568f81ffe637b2bd2710d43d6899f14c5913e83b684efe2ba6fca9d029,3,sector,sector_1,Sector 1,juvenile_shooting_incidents,*Juv Shooting Incidents,last_7_days,percent_change,percent,2026,2025,1,,,*,,undefined_zero_denominator,,undefined_zero_denominator,wilmington-compstat-v2,validated
weekly-2026-09-20-r1,weekly_compstat,2026-09-14,2026-09-20,1,224441568f81ffe637b2bd2710d43d6899f14c5913e83b684efe2ba6fca9d029,3,sector,sector_1,Sector 1,juvenile_shooting_incidents,*Juv Shooting Incidents,last_28_days,count,count,2026,,,0,,0,,not_applicable,,,wilmington-compstat-v2,validated
weekly-2026-09-20-r1,weekly_compstat,2026-09-14,2026-09-20,1,224441568f81ffe637b2bd2710d43d6899f14c5913e83b684efe2ba6fca9d029,3,sector,sector_1,Sector 1,juvenile_shooting_incidents,*Juv Shooting Incidents,last_28_days,count,count,2025,,,0,,0,,not_applicable,,,wilmington-compstat-v2,validated
weekly-2026-09-20-r1,weekly_compstat,2026-09-14,2026-09-20,1,224441568f81ffe637b2bd2710d43d6899f14c5913e83b684efe2ba6fca9d029,3,sector,sector_1,Sector 1,juvenile_shooting_incidents,*Juv Shooting Incidents,last_28_days,percent_change,percent,2026,2025,1,,,*,,undefined_zero_denominator,,undefined_zero_denominator,wilmington-compstat-v2,validated
weekly-2026-09-20-r1,weekly_compstat,2026-09-14,2026-09-20,1,224441568f81ffe637b2bd2710d43d6899f14c5913e83b684efe2ba6fca9d029,3,sector,sector_1,Sector 1,juvenile_shooting_incidents,*Juv Shooting Incidents,year_to_date,count,count,2026,,,2,,2,,not_applicable,,,wilmington-compstat-v2,validated
weekly-2026-09-20-r1,weekly_compstat,2026-09-14,2026-09-20,1,224441568f81ffe637b2bd2710d43d6899f14c5913e83b684efe2ba6fca9d029,3,sector,sector_1,Sector 1,juvenile_shooting_incidents,*Juv Shooting Incidents,year_to_date,count,count,2025,,,2,,2,,not_applicable,,,wilmington-compstat-v2,validated
weekly-2026-09-20-r1,weekly_compstat,2026-09-14,2026-09-20,1,224441568f81ffe637b2bd2710d43d6899f14c5913e83b684efe2ba6fca9d029,3,sector,sector_1,Sector 1,juvenile_shooting_incidents,*Juv Shooting Incidents,year_to_date,percent_change,percent,2026,2025,1,0.0,0.0,0%,0.0,matched,,,wilmington-compstat-v2,validated
weekly-2026-09-20-r1,weekly_compstat,2026-09-14,2026-09-20,1,224441568f81ffe637b2bd2710d43d6899f14c5913e83b684efe2ba6fca9d029,3,sector,sector_1,Sector 1,juvenile_shooting_incidents,*Juv Shooting Incidents,year_to_date,percent_change,percent,2026,2024,2,-60.0,-0.6,-60%,,not_checkable,,,wilmington-compstat-v2,validated
weekly-2026-09-20-r1,weekly_compstat,2026-09-14,2026-09-20,1,224441568f81ffe637b2bd2710d43d6899f14c5913e83b684efe2ba6fca9d029,3,sector,sector_1,Sector 1,juvenile_shooting_incidents,*Juv Shooting Incidents,year_to_date,percent_change,percent,2026,2023,3,-50.0,-0.5,-50%,,not_checkable,,,wilmington-compstat-v2,validated
weekly-2026-09-20-r1,weekly_compstat,2026-09-14,2026-09-20,1,224441568f81ffe637b2bd2710d43d6899f14c5913e83b684efe2ba6fca9d029,3,sector,sector_1,Sector 1,juvenile_shooting_incidents,*Juv Shooting Incidents,year_to_date,percent_change,percent,2026,2022,4,-71.0,-0.71,-71%,,not_checkable,,,wilmington-compstat-v2,validated
weekly-2026-09-20-r1,weekly_compstat,2026-09-14,2026-09-20,1,224441568f81ffe637b2bd2710d43d6899f14c5913e83b684efe2ba6fca9d029,3,sector,sector_1,Sector 1,juvenile_shooting_incidents,*Juv Shooting Incidents,year_to_date,percent_change,percent,2026,2021,5,-60.0,-0.6,-60%,,not_checkable,,,wilmington-compstat-v2,validated
weekly-2026-09-20-r1,weekly_compstat,2026-09-14,2026-09-20,1,224441568f81ffe637b2bd2710d43d6899f14c5913e83b684efe2ba6fca9d029,3,sector,sector_1,Sector 1,juvenile_shooting_incidents,*Juv Shooting Incidents,year_to_date,percent_change,percent,2026,2020,6,-71.0,-0.71,-71%,,not_checkable,,,wilmington-compstat-v2,validated
weekly-2026-09-20-r1,weekly_compstat,2026-09-14,2026-09-20,1,224441568f81ffe637b2bd2710d43d6899f14c5913e83b684efe2ba6fca9d029,3,sector,sector_1,Sector 1,juvenile_shooting_victims,*Juv Shooting Victims,last_7_days,count,count,2026,,,0,,0,,not_applicable,,,wilmington-compstat-v2,validated
weekly-2026-09-20-r1,weekly_compstat,2026-09-14,2026-09-20,1,224441568f81ffe637b2bd2710d43d6899f14c5913e83b684efe2ba6fca9d029,3,sector,sector_1,Sector 1,juvenile_shooting_victims,*Juv Shooting Victims,last_7_days,count,count,2025,,,0,,0,,not_applicable,,,wilmington-compstat-v2,validated
weekly-2026-09-20-r1,weekly_compstat,2026-09-14,2026-09-20,1,224441568f81ffe637b2bd2710d43d6899f14c5913e83b684efe2ba6fca9d029,3,sector,sector_1,Sector 1,juvenile_shooting_victims,*Juv Shooting Victims,last_7_days,percent_change,percent,2026,2025,1,,,*,,undefined_zero_denominator,,undefined_zero_denominator,wilmington-compstat-v2,validated
weekly-2026-09-20-r1,weekly_compstat,2026-09-14,2026-09-20,1,224441568f81ffe637b2bd2710d43d6899f14c5913e83b684efe2ba6fca9d029,3,sector,sector_1,Sector 1,juvenile_shooting_victims,*Juv Shooting Victims,last_28_days,count,count,2026,,,0,,0,,not_applicable,,,wilmington-compstat-v2,validated
weekly-2026-09-20-r1,weekly_compstat,2026-09-14,2026-09-20,1,224441568f81ffe637b2bd2710d43d6899f14c5913e83b684efe2ba6fca9d029,3,sector,sector_1,Sector 1,juvenile_shooting_victims,*Juv Shooting Victims,last_28_days,count,count,2025,,,0,,0,,not_applicable,,,wilmington-compstat-v2,validated
weekly-2026-09-20-r1,weekly_compstat,2026-09-14,2026-09-20,1,224441568f81ffe637b2bd2710d43d6899f14c5913e83b684efe2ba6fca9d029,3,sector,sector_1,Sector 1,juvenile_shooting_victims,*Juv Shooting Victims,last_28_days,percent_change,percent,2026,2025,1,,,*,,undefined_zero_denominator,,undefined_zero_denominator,wilmington-compstat-v2,validated
weekly-2026-09-20-r1,weekly_compstat,2026-09-14,2026-09-20,1,224441568f81ffe637b2bd2710d43d6899f14c5913e83b684efe2ba6fca9d029,3,sector,sector_1,Sector 1,juvenile_shooting_victims,*Juv Shooting Victims,year_to_date,count,count,2026,,,2,,2,,not_applicable,,,wilmington-compstat-v2,validated
weekly-2026-09-20-r1,weekly_compstat,2026-09-14,2026-09-20,1,224441568f81ffe637b2bd2710d43d6899f14c5913e83b684efe2ba6fca9d029,3,sector,sector_1,Sector 1,juvenile_shooting_victims,*Juv Shooting Victims,year_to_date,count,count,2025,,,2,,2,,not_applicable,,,wilmington-compstat-v2,validated
weekly-2026-09-20-r1,weekly_compstat,2026-09-14,2026-09-20,1,224441568f81ffe637b2bd2710d43d6899f14c5913e83b684efe2ba6fca9d029,3,sector,sector_1,Sector 1,juvenile_shooting_victims,*Juv Shooting Victims,year_to_date,percent_change,percent,2026,2025,1,0.0,0.0,0%,0.0,matched,,,wilmington-compstat-v2,validated
weekly-2026-09-20-r1,weekly_compstat,2026-09-14,2026-09-20,1,224441568f81ffe637b2bd2710d43d6899f14c5913e83b684efe2ba6fca9d029,3,sector,sector_1,Sector 1,juvenile_shooting_victims,*Juv Shooting Victims,year_to_date,percent_change,percent,2026,2024,2,-67.0,-0.67,-67%,,not_checkable,,,wilmington-compstat-v2,validated
weekly-2026-09-20-r1,weekly_compstat,2026-09-14,2026-09-20,1,224441568f81ffe637b2bd2710d43d6899f14c5913e83b684efe2ba6fca9d029,3,sector,sector_1,Sector 1,juvenile_shooting_victims,*Juv Shooting Victims,year_to_date,percent_change,percent,2026,2023,3,-50.0,-0.5,-50%,,not_checkable,,,wilmington-compstat-v2,validated
weekly-2026-09-20-r1,weekly_compstat,2026-09-14,2026-09-20,1,224441568f81ffe637b2bd2710d43d6899f14c5913e83b684efe2ba6fca9d029,3,sector,sector_1,Sector 1,juvenile_shooting_victims,*Juv Shooting Victims,year_to_date,percent_change,percent,2026,2022,4,-75.0,-0.75,-75%,,not_checkable,,,wilmington-compstat-v2,validated
weekly-2026-09-20-r1,weekly_compstat,2026-09-14,2026-09-20,1,224441568f81ffe637b2bd2710d43d6899f14c5913e83b684efe2ba6fca9d029,3,sector,sector_1,Sector 1,juvenile_shooting_victims,*Juv Shooting Victims,year_to_date,percent_change,percent,2026,2021,5,-67.0,-0.67,-67%,,not_checkable,,,wilmington-compstat-v2,validated
weekly-2026-09-20-r1,weekly_compstat,2026-09-14,2026-09-20,1,224441568f81ffe637b2bd2710d43d6899f14c5913e83b684efe2ba6fca9d029,3,sector,sector_1,Sector 1,juvenile_shooting_victims,*Juv Shooting Victims,year_to_date,percent_change,percent,2026,2020,6,-75.0,-0.75,-75%,,not_checkable,,,wilmington-compstat-v2,validated
weekly-2026-09-20-r1,weekly_compstat,2026-09-14,2026-09-20,1,224441568f81ffe637b2bd2710d43d6899f14c5913e83b684efe2ba6fca9d029,3,sector,sector_1,Sector 1,misdemeanor_theft,Theft (Misdemeanor),last_7_days,count,count,2026,,,5,,5,,not_applicable,,,wilmington-compstat-v2,validated
weekly-2026-09-20-r1,weekly_compstat,2026-09-14,2026-09-20,1,224441568f81ffe637b2bd2710d43d6899f14c5913e83b684efe2ba6fca9d029,3,sector,sector_1,Sector 1,misdemeanor_theft,Theft (Misdemeanor),last_7_days,count,count,2025,,,3,,3,,not_applicable,,,wilmington-compstat-v2,validated
weekly-2026-09-20-r1,weekly_compstat,2026-09-14,2026-09-20,1,224441568f81ffe637b2bd2710d43d6899f14c5913e83b684efe2ba6fca9d029,3,sector,sector_1,Sector 1,misdemeanor_theft,Theft (Misdemeanor),last_7_days,percent_change,percent,2026,2025,1,67.0,0.67,67%,66.666667,matched,,,wilmington-compstat-v2,validated
weekly-2026-09-20-r1,weekly_compstat,2026-09-14,2026-09-20,1,224441568f81ffe637b2bd2710d43d6899f14c5913e83b684efe2ba6fca9d029,3,sector,sector_1,Sector 1,misdemeanor_theft,Theft (Misdemeanor),last_28_days,count,count,2026,,,17,,17,,not_applicable,,,wilmington-compstat-v2,validated
weekly-2026-09-20-r1,weekly_compstat,2026-09-14,2026-09-20,1,224441568f81ffe637b2bd2710d43d6899f14c5913e83b684efe2ba6fca9d029,3,sector,sector_1,Sector 1,misdemeanor_theft,Theft (Misdemeanor),last_28_days,count,count,2025,,,16,,16,,not_applicable,,,wilmington-compstat-v2,validated
weekly-2026-09-20-r1,weekly_compstat,2026-09-14,2026-09-20,1,224441568f81ffe637b2bd2710d43d6899f14c5913e83b684efe2ba6fca9d029,3,sector,sector_1,Sector 1,misdemeanor_theft,Theft (Misdemeanor),last_28_days,percent_change,percent,2026,2025,1,6.0,0.06,6%,6.25,matched,,,wilmington-compstat-v2,validated
weekly-2026-09-20-r1,weekly_compstat,2026-09-14,2026-09-20,1,224441568f81ffe637b2bd2710d43d6899f14c5913e83b684efe2ba6fca9d029,3,sector,sector_1,Sector 1,misdemeanor_theft,Theft (Misdemeanor),year_to_date,count,count,2026,,,198,,198,,not_applicable,,,wilmington-compstat-v2,validated
weekly-2026-09-20-r1,weekly_compstat,2026-09-14,2026-09-20,1,224441568f81ffe637b2bd2710d43d6899f14c5913e83b684efe2ba6fca9d029,3,sector,sector_1,Sector 1,misdemeanor_theft,Theft (Misdemeanor),year_to_date,count,count,2025,,,161,,161,,not_applicable,,,wilmington-compstat-v2,validated
weekly-2026-09-20-r1,weekly_compstat,2026-09-14,2026-09-20,1,224441568f81ffe637b2bd2710d43d6899f14c5913e83b684efe2ba6fca9d029,3,sector,sector_1,Sector 1,misdemeanor_theft,Theft (Misdemeanor),year_to_date,percent_change,percent,2026,2025,1,23.0,0.23,23%,22.981366,matched,,,wilmington-compstat-v2,validated
weekly-2026-09-20-r1,weekly_compstat,2026-09-14,2026-09-20,1,224441568f81ffe637b2bd2710d43d6899f14c5913e83b684efe2ba6fca9d029,3,sector,sector_1,Sector 1,misdemeanor_theft,Theft (Misdemeanor),year_to_date,percent_change,percent,2026,2024,2,15.0,0.15,15%,,not_checkable,,,wilmington-compstat-v2,validated
weekly-2026-09-20-r1,weekly_compstat,2026-09-14,2026-09-20,1,224441568f81ffe637b2bd2710d43d6899f14c5913e83b684efe2ba6fca9d029,3,sector,sector_1,Sector 1,misdemeanor_theft,Theft (Misdemeanor),year_to_date,percent_change,percent,2026,2023,3,25.0,0.25,25%,,not_checkable,,,wilmington-compstat-v2,validated
weekly-2026-09-20-r1,weekly_compstat,2026-09-14,2026-09-20,1,224441568f81ffe637b2bd2710d43d6899f14c5913e83b684efe2ba6fca9d029,3,sector,sector_1,Sector 1,misdemeanor_theft,Theft (Misdemeanor),year_to_date,percent_change,percent,2026,2022,4,-1.0,-0.01,-1%,,not_checkable,,,wilmington-compstat-v2,validated
weekly-2026-09-20-r1,weekly_compstat,2026-09-14,2026-09-20,1,224441568f81ffe637b2bd2710d43d6899f14c5913e83b684efe2ba6fca9d029,3,sector,sector_1,Sector 1,misdemeanor_theft,Theft (Misdemeanor),year_to_date,percent_change,percent,2026,2021,5,14.0,0.14,14%,,not_checkable,,,wilmington-compstat-v2,validated
weekly-2026-09-20-r1,weekly_compstat,2026-09-14,2026-09-20,1,224441568f81ffe637b2bd2710d43d6899f14c5913e83b684efe2ba6fca9d029,3,sector,sector_1,Sector 1,misdemeanor_theft,Theft (Misdemeanor),year_to_date,percent_change,percent,2026,2020,6,-6.0,-0.06,-6%,,not_checkable,,,wilmington-compstat-v2,validated
weekly-2026-09-20-r1,weekly_compstat,2026-09-14,2026-09-20,1,224441568f81ffe637b2bd2710d43d6899f14c5913e83b684efe2ba6fca9d029,5,district,district_12,District 12,murder,Murder,last_7_days,count,count,2026,,,0,,0,,not_applicable,,,wilmington-compstat-v2,validated
weekly-2026-09-20-r1,weekly_compstat,2026-09-14,2026-09-20,1,224441568f81ffe637b2bd2710d43d6899f14c5913e83b684efe2ba6fca9d029,5,district,district_12,District 12,murder,Murder,last_7_days,count,count,2025,,,0,,0,,not_applicable,,,wilmington-compstat-v2,validated
weekly-2026-09-20-r1,weekly_compstat,2026-09-14,2026-09-20,1,224441568f81ffe637b2bd2710d43d6899f14c5913e83b684efe2ba6fca9d029,5,district,district_12,District 12,murder,Murder,last_7_days,percent_change,percent,2026,2025,1,,,*,,undefined_zero_denominator,,undefined_zero_denominator,wilmington-compstat-v2,validated
weekly-2026-09-20-r1,weekly_compstat,2026-09-14,2026-09-20,1,224441568f81ffe637b2bd2710d43d6899f14c5913e83b684efe2ba6fca9d029,5,district,district_12,District 12,murder,Murder,last_28_days,count,count,2026,,,0,,0,,not_applicable,,,wilmington-compstat-v2,validated
weekly-2026-09-20-r1,weekly_compstat,2026-09-14,2026-09-20,1,224441568f81ffe637b2bd2710d43d6899f14c5913e83b684efe2ba6fca9d029,5,district,district_12,District 12,murder,Murder,last_28_days,count,count,2025,,,0,,0,,not_applicable,,,wilmington-compstat-v2,validated
weekly-2026-09-20-r1,weekly_compstat,2026-09-14,2026-09-20,1,224441568f81ffe637b2bd2710d43d6899f14c5913e83b684efe2ba6fca9d029,5,district,district_12,District 12,murder,Murder,last_28_days,percent_change,percent,2026,2025,1,,,*,,undefined_zero_denominator,,undefined_zero_denominator,wilmington-compstat-v2,validated
weekly-2026-09-20-r1,weekly_compstat,2026-09-14,2026-09-20,1,224441568f81ffe637b2bd2710d43d6899f14c5913e83b684efe2ba6fca9d029,5,district,district_12,District 12,murder,Murder,year_to_date,count,count,2026,,,0,,0,,not_applicable,,,wilmington-compstat-v2,validated
weekly-2026-09-20-r1,weekly_compstat,2026-09-14,2026-09-20,1,224441568f81ffe637b2bd2710d43d6899f14c5913e83b684efe2ba6fca9d029,5,district,district_12,District 12,murder,Murder,year_to_date,count,count,2025,,,0,,0,,not_applicable,,,wilmington-compstat-v2,validated
weekly-2026-09-20-r1,weekly_compstat,2026-09-14,2026-09-20,1,224441568f81ffe637b2bd2710d43d6899f14c5913e83b684efe2ba6fca9d029,5,district,district_12,District 12,murder,Murder,year_to_date,percent_change,percent,2026,2025,1,,,*,,undefined_zero_denominator,,undefined_zero_denominator,wilmington-compstat-v2,validated
weekly-2026-09-20-r1,weekly_compstat,2026-09-14,2026-09-20,1,224441568f81ffe637b2bd2710d43d6899f14c5913e83b684efe2ba6fca9d029,5,district,district_12,District 12,murder,Murder,year_to_date,percent_change,percent,2026,2024,2,,,*,,not_checkable,,undefined_zero_denominator,wilmington-compstat-v2,validated
weekly-2026-09-20-r1,weekly_compstat,2026-09-14,2026-09-20,1,224441568f81ffe637b2bd2710d43d6899f14c5913e83b684efe2ba6fca9d029,5,district,district_12,District 12,murder,Murder,year_to_date,percent_change,percent,2026,2023,3,-100.0,-1.0,-100%,,not_checkable,,,wilmington-compstat-v2,validated
weekly-2026-09-20-r1,weekly_compstat,2026-09-14,2026-09-20,1,224441568f81ffe637b2bd2710d43d6899f14c5913e83b684efe2ba6fca9d029,5,district,district_12,District 12,murder,Murder,year_to_date,percent_change,percent,2026,2022,4,-100.0,-1.0,-100%,,not_checkable,,,wilmington-compstat-v2,validated
weekly-2026-09-20-r1,weekly_compstat,2026-09-14,2026-09-20,1,224441568f81ffe637b2bd2710d43d6899f14c5913e83b684efe2ba6fca9d029,5,district,district_12,District 12,murder,Murder,year_to_date,percent_change,percent,2026,2021,5,-100.0,-1.0,-100%,,not_checkable,,,wilmington-compstat-v2,validated
weekly-2026-09-20-r1,weekly_compstat,2026-09-14,2026-09-20,1,224441568f81ffe637b2bd2710d43d6899f14c5913e83b684efe2ba6fca9d029,5,district,district_12,District 12,murder,Murder,year_to_date,percent_change,percent,2026,2020,6,,,*,,not_checkable,,undefined_zero_denominator,wilmington-compstat-v2,validated
weekly-2026-09-20-r1,weekly_compstat,2026-09-14,2026-09-20,1,224441568f81ffe637b2bd2710d43d6899f14c5913e83b684efe2ba6fca9d029,5,district,district_12,District 12,rape,Rape,last_7_days,count,count,2026,,,0,,0,,not_applicable,,,wilmington-compstat-v2,validated
weekly-2026-09-20-r1,weekly_compstat,2026-09-14,2026-09-20,1,224441568f81ffe637b2bd2710d43d6899f14c5913e83b684efe2ba6fca9d029,5,district,district_12,District 12,rape,Rape,last_7_days,count,count,2025,,,0,,0,,not_applicable,,,wilmington-compstat-v2,validated
weekly-2026-09-20-r1,weekly_compstat,2026-09-14,2026-09-20,1,224441568f81ffe637b2bd2710d43d6899f14c5913e83b684efe2ba6fca9d029,5,district,district_12,District 12,rape,Rape,last_7_days,percent_change,percent,2026,2025,1,,,*,,undefined_zero_denominator,,undefined_zero_denominator,wilmington-compstat-v2,validated
weekly-2026-09-20-r1,weekly_compstat,2026-09-14,2026-09-20,1,224441568f81ffe637b2bd2710d43d6899f14c5913e83b684efe2ba6fca9d029,5,district,district_12,District 12,rape,Rape,last_28_days,count,count,2026,,,0,,0,,not_applicable,,,wilmington-compstat-v2,validated
weekly-2026-09-20-r1,weekly_compstat,2026-09-14,2026-09-20,1,224441568f81ffe637b2bd2710d43d6899f14c5913e83b684efe2ba6fca9d029,5,district,district_12,District 12,rape,Rape,last_28_days,count,count,2025,,,0,,0,,not_applicable,,,wilmington-compstat-v2,validated
weekly-2026-09-20-r1,weekly_compstat,2026-09-14,2026-09-20,1,224441568f81ffe637b2bd2710d43d6899f14c5913e83b684efe2ba6fca9d029,5,district,district_12,District 12,rape,Rape,last_28_days,percent_change,percent,2026,2025,1,,,*,,undefined_zero_denominator,,undefined_zero_denominator,wilmington-compstat-v2,validated
weekly-2026-09-20-r1,weekly_compstat,2026-09-14,2026-09-20,1,224441568f81ffe637b2bd2710d43d6899f14c5913e83b684efe2ba6fca9d029,5,district,district_12,District 12,rape,Rape,year_to_date,count,count,2026,,,0,,0,,not_applicable,,,wilmington-compstat-v2,validated
weekly-2026-09-20-r1,weekly_compstat,2026-09-14,2026-09-20,1,224441568f81ffe637b2bd2710d43d6899f14c5913e83b684efe2ba6fca9d029,5,district,district_12,District 12,rape,Rape,year_to_date,count,count,2025,,,0,,0,,not_applicable,,,wilmington-compstat-v2,validated
weekly-2026-09-20-r1,weekly_compstat,2026-09-14,2026-09-20,1,224441568f81ffe637b2bd2710d43d6899f14c5913e83b684efe2ba6fca9d029,5,district,district_12,District 12,rape,Rape,year_to_date,percent_change,percent,2026,2025,1,,,*,,undefined_zero_denominator,,undefined_zero_denominator,wilmington-compstat-v2,validated
weekly-2026-09-20-r1,weekly_compstat,2026-09-14,2026-09-20,1,224441568f81ffe637b2bd2710d43d6899f14c5913e83b684efe2ba6fca9d029,5,district,district_12,District 12,rape,Rape,year_to_date,percent_change,percent,2026,2024,2,,,*,,not_checkable,,undefined_zero_denominator,wilmington-compstat-v2,validated
weekly-2026-09-20-r1,weekly_compstat,2026-09-14,2026-09-20,1,224441568f81ffe637b2bd2710d43d6899f14c5913e83b684efe2ba6fca9d029,5,district,district_12,District 12,rape,Rape,year_to_date,percent_change,percent,2026,2023,3,,,*,,not_checkable,,undefined_zero_denominator,wilmington-compstat-v2,validated
weekly-2026-09-20-r1,weekly_compstat,2026-09-14,2026-09-20,1,224441568f81ffe637b2bd2710d43d6899f14c5913e83b684efe2ba6fca9d029,5,district,district_12,District 12,rape,Rape,year_to_date,percent_change,percent,2026,2022,4,,,*,,not_checkable,,undefined_zero_denominator,wilmington-compstat-v2,validated
weekly-2026-09-20-r1,weekly_compstat,2026-09-14,2026-09-20,1,224441568f81ffe637b2bd2710d43d6899f14c5913e83b684efe2ba6fca9d029,5,district,district_12,District 12,rape,Rape,year_to_date,percent_change,percent,2026,2021,5,,,*,,not_checkable,,undefined_zero_denominator,wilmington-compstat-v2,validated
weekly-2026-09-20-r1,weekly_compstat,2026-09-14,2026-09-20,1,224441568f81ffe637b2bd2710d43d6899f14c5913e83b684efe2ba6fca9d029,5,district,district_12,District 12,rape,Rape,year_to_date,percent_change,percent,2026,2020,6,,,*,,not_checkable,,undefined_zero_denominator,wilmington-compstat-v2,validated
weekly-2026-09-20-r1,weekly_compstat,2026-09-14,2026-09-20,1,224441568f81ffe637b2bd2710d43d6899f14c5913e83b684efe2ba6fca9d029,5,district,district_12,District 12,robbery,Robbery,last_7_days,count,count,2026,,,0,,0,,not_applicable,,,wilmington-compstat-v2,validated
weekly-2026-09-20-r1,weekly_compstat,2026-09-14,2026-09-20,1,224441568f81ffe637b2bd2710d43d6899f14c5913e83b684efe2ba6fca9d029,5,district,district_12,District 12,robbery,Robbery,last_7_days,count,count,2025,,,0,,0,,not_applicable,,,wilmington-compstat-v2,validated
weekly-2026-09-20-r1,weekly_compstat,2026-09-14,2026-09-20,1,224441568f81ffe637b2bd2710d43d6899f14c5913e83b684efe2ba6fca9d029,5,district,district_12,District 12,robbery,Robbery,last_7_days,percent_change,percent,2026,2025,1,,,*,,undefined_zero_denominator,,undefined_zero_denominator,wilmington-compstat-v2,validated
weekly-2026-09-20-r1,weekly_compstat,2026-09-14,2026-09-20,1,224441568f81ffe637b2bd2710d43d6899f14c5913e83b684efe2ba6fca9d029,5,district,district_12,District 12,robbery,Robbery,last_28_days,count,count,2026,,,1,,1,,not_applicable,,,wilmington-compstat-v2,validated
weekly-2026-09-20-r1,weekly_compstat,2026-09-14,2026-09-20,1,224441568f81ffe637b2bd2710d43d6899f14c5913e83b684efe2ba6fca9d029,5,district,district_12,District 12,robbery,Robbery,last_28_days,count,count,2025,,,0,,0,,not_applicable,,,wilmington-compstat-v2,validated
weekly-2026-09-20-r1,weekly_compstat,2026-09-14,2026-09-20,1,224441568f81ffe637b2bd2710d43d6899f14c5913e83b684efe2ba6fca9d029,5,district,district_12,District 12,robbery,Robbery,last_28_days,percent_change,percent,2026,2025,1,,,*,,undefined_zero_denominator,,undefined_zero_denominator,wilmington-compstat-v2,validated
weekly-2026-09-20-r1,weekly_compstat,2026-09-14,2026-09-20,1,224441568f81ffe637b2bd2710d43d6899f14c5913e83b684efe2ba6fca9d029,5,district,district_12,District 12,robbery,Robbery,year_to_date,count,count,2026,,,8,,8,,not_applicable,,,wilmington-compstat-v2,validated
weekly-2026-09-20-r1,weekly_compstat,2026-09-14,2026-09-20,1,224441568f81ffe637b2bd2710d43d6899f14c5913e83b684efe2ba6fca9d029,5,district,district_12,District 12,robbery,Robbery,year_to_date,count,count,2025,,,2,,2,,not_applicable,,,wilmington-compstat-v2,validated
weekly-2026-09-20-r1,weekly_compstat,2026-09-14,2026-09-20,1,224441568f81ffe637b2bd2710d43d6899f14c5913e83b684efe2ba6fca9d029,5,district,district_12,District 12,robbery,Robbery,year_to_date,percent_change,percent,2026,2025,1,300.0,3.0,300%,300.0,matched,,,wilmington-compstat-v2,validated
weekly-2026-09-20-r1,weekly_compstat,2026-09-14,2026-09-20,1,224441568f81ffe637b2bd2710d43d6899f14c5913e83b684efe2ba6fca9d029,5,district,district_12,District 12,robbery,Robbery,year_to_date,percent_change,percent,2026,2024,2,33.0,0.33,33%,,not_checkable,,,wilmington-compstat-v2,validated
weekly-2026-09-20-r1,weekly_compstat,2026-09-14,2026-09-20,1,224441568f81ffe637b2bd2710d43d6899f14c5913e83b684efe2ba6fca9d029,5,district,district_12,District 12,robbery,Robbery,year_to_date,percent_change,percent,2026,2023,3,60.0,0.6,60%,,not_checkable,,,wilmington-compstat-v2,validated
weekly-2026-09-20-r1,weekly_compstat,2026-09-14,2026-09-20,1,224441568f81ffe637b2bd2710d43d6899f14c5913e83b684efe2ba6fca9d029,5,district,district_12,District 12,robbery,Robbery,year_to_date,percent_change,percent,2026,2022,4,,,*,,not_checkable,,undefined_zero_denominator,wilmington-compstat-v2,validated
weekly-2026-09-20-r1,weekly_compstat,2026-09-14,2026-09-20,1,224441568f81ffe637b2bd2710d43d6899f14c5913e83b684efe2ba6fca9d029,5,district,district_12,District 12,robbery,Robbery,year_to_date,percent_change,percent,2026,2021,5,-20.0,-0.2,-20%,,not_checkable,,,wilmington-compstat-v2,validated
weekly-2026-09-20-r1,weekly_compstat,2026-09-14,2026-09-20,1,224441568f81ffe637b2bd2710d43d6899f14c5913e83b684efe2ba6fca9d029,5,district,district_12,District 12,robbery,Robbery,year_to_date,percent_change,percent,2026,2020,6,14.0,0.14,14%,,not_checkable,,,wilmington-compstat-v2,validated
weekly-2026-09-20-r1,weekly_compstat,2026-09-14,2026-09-20,1,224441568f81ffe637b2bd2710d43d6899f14c5913e83b684efe2ba6fca9d029,5,district,district_12,District 12,aggravated_assault,Agg. Assault,last_7_days,count,count,2026,,,0,,0,,not_applicable,,,wilmington-compstat-v2,validated
weekly-2026-09-20-r1,weekly_compstat,2026-09-14,2026-09-20,1,224441568f81ffe637b2bd2710d43d6899f14c5913e83b684efe2ba6fca9d029,5,district,district_12,District 12,aggravated_assault,Agg. Assault,last_7_days,count,count,2025,,,0,,0,,not_applicable,,,wilmington-compstat-v2,validated
weekly-2026-09-20-r1,weekly_compstat,2026-09-14,2026-09-20,1,224441568f81ffe637b2bd2710d43d6899f14c5913e83b684efe2ba6fca9d029,5,district,district_12,District 12,aggravated_assault,Agg. Assault,last_7_days,percent_change,percent,2026,2025,1,,,*,,undefined_zero_denominator,,undefined_zero_denominator,wilmington-compstat-v2,validated
weekly-2026-09-20-r1,weekly_compstat,2026-09-14,2026-09-20,1,224441568f81ffe637b2bd2710d43d6899f14c5913e83b684efe2ba6fca9d029,5,district,district_12,District 12,aggravated_assault,Agg. Assault,last_28_days,count,count,2026,,,1,,1,,not_applicable,,,wilmington-compstat-v2,validated
weekly-2026-09-20-r1,weekly_compstat,2026-09-14,2026-09-20,1,224441568f81ffe637b2bd2710d43d6899f14c5913e83b684efe2ba6fca9d029,5,district,district_12,District 12,aggravated_assault,Agg. Assault,last_28_days,count,count,2025,,,1,,1,,not_applicable,,,wilmington-compstat-v2,validated
weekly-2026-09-20-r1,weekly_compstat,2026-09-14,2026-09-20,1,224441568f81ffe637b2bd2710d43d6899f14c5913e83b684efe2ba6fca9d029,5,district,district_12,District 12,aggravated_assault,Agg. Assault,last_28_days,percent_change,percent,2026,2025,1,0.0,0.0,0%,0.0,matched,,,wilmington-compstat-v2,validated
weekly-2026-09-20-r1,weekly_compstat,2026-09-14,2026-09-20,1,224441568f81ffe637b2bd2710d43d6899f14c5913e83b684efe2ba6fca9d029,5,district,district_12,District 12,aggravated_assault,Agg. Assault,year_to_date,count,count,2026,,,7,,7,,not_applicable,,,wilmington-compstat-v2,validated
weekly-2026-09-20-r1,weekly_compstat,2026-09-14,2026-09-20,1,224441568f81ffe637b2bd2710d43d6899f14c5913e83b684efe2ba6fca9d029,5,district,district_12,District 12,aggravated_assault,Agg. Assault,year_to_date,count,count,2025,,,5,,5,,not_applicable,,,wilmington-compstat-v2,validated
weekly-2026-09-20-r1,weekly_compstat,2026-09-14,2026-09-20,1,224441568f81ffe637b2bd2710d43d6899f14c5913e83b684efe2ba6fca9d029,5,district,district_12,District 12,aggravated_assault,Agg. Assault,year_to_date,percent_change,percent,2026,2025,1,40.0,0.4,40%,40.0,matched,,,wilmington-compstat-v2,validated
weekly-2026-09-20-r1,weekly_compstat,2026-09-14,2026-09-20,1,224441568f81ffe637b2bd2710d43d6899f14c5913e83b684efe2ba6fca9d029,5,district,district_12,District 12,aggravated_assault,Agg. Assault,year_to_date,percent_change,percent,2026,2024,2,75.0,0.75,75%,,not_checkable,,,wilmington-compstat-v2,validated
weekly-2026-09-20-r1,weekly_compstat,2026-09-14,2026-09-20,1,224441568f81ffe637b2bd2710d43d6899f14c5913e83b684efe2ba6fca9d029,5,district,district_12,District 12,aggravated_assault,Agg. Assault,year_to_date,percent_change,percent,2026,2023,3,-53.0,-0.53,-53%,,not_checkable,,,wilmington-compstat-v2,validated
weekly-2026-09-20-r1,weekly_compstat,2026-09-14,2026-09-20,1,224441568f81ffe637b2bd2710d43d6899f14c5913e83b684efe2ba6fca9d029,5,district,district_12,District 12,aggravated_assault,Agg. Assault,year_to_date,percent_change,percent,2026,2022,4,75.0,0.75,75%,,not_checkable,,,wilmington-compstat-v2,validated
weekly-2026-09-20-r1,weekly_compstat,2026-09-14,2026-09-20,1,224441568f81ffe637b2bd2710d43d6899f14c5913e83b684efe2ba6fca9d029,5,district,district_12,District 12,aggravated_assault,Agg. Assault,year_to_date,percent_change,percent,2026,2021,5,-50.0,-0.5,-50%,,not_checkable,,,wilmington-compstat-v2,validated
weekly-2026-09-20-r1,weekly_compstat,2026-09-14,2026-09-20,1,224441568f81ffe637b2bd2710d43d6899f14c5913e83b684efe2ba6fca9d029,5,district,district_12,District 12,aggravated_assault,Agg. Assault,year_to_date,percent_change,percent,2026,2020,6,-42.0,-0.42,-42%,,not_checkable,,,wilmington-compstat-v2,validated
weekly-2026-09-20-r1,weekly_compstat,2026-09-14,2026-09-20,1,224441568f81ffe637b2bd2710d43d6899f14c5913e83b684efe2ba6fca9d029,5,district,district_12,District 12,burglary,Burglary,last_7_days,count,count,2026,,,0,,0,,not_applicable,,,wilmington-compstat-v2,validated
weekly-2026-09-20-r1,weekly_compstat,2026-09-14,2026-09-20,1,224441568f81ffe637b2bd2710d43d6899f14c5913e83b684efe2ba6fca9d029,5,district,district_12,District 12,burglary,Burglary,last_7_days,count,count,2025,,,0,,0,,not_applicable,,,wilmington-compstat-v2,validated
weekly-2026-09-20-r1,weekly_compstat,2026-09-14,2026-09-20,1,224441568f81ffe637b2bd2710d43d6899f14c5913e83b684efe2ba6fca9d029,5,district,district_12,District 12,burglary,Burglary,last_7_days,percent_change,percent,2026,2025,1,,,*,,undefined_zero_denominator,,undefined_zero_denominator,wilmington-compstat-v2,validated
weekly-2026-09-20-r1,weekly_compstat,2026-09-14,2026-09-20,1,224441568f81ffe637b2bd2710d43d6899f14c5913e83b684efe2ba6fca9d029,5,district,district_12,District 12,burglary,Burglary,last_28_days,count,count,2026,,,0,,0,,not_applicable,,,wilmington-compstat-v2,validated
weekly-2026-09-20-r1,weekly_compstat,2026-09-14,2026-09-20,1,224441568f81ffe637b2bd2710d43d6899f14c5913e83b684efe2ba6fca9d029,5,district,district_12,District 12,burglary,Burglary,last_28_days,count,count,2025,,,0,,0,,not_applicable,,,wilmington-compstat-v2,validated
weekly-2026-09-20-r1,weekly_compstat,2026-09-14,2026-09-20,1,224441568f81ffe637b2bd2710d43d6899f14c5913e83b684efe2ba6fca9d029,5,district,district_12,District 12,burglary,Burglary,last_28_days,percent_change,percent,2026,2025,1,,,*,,undefined_zero_denominator,,undefined_zero_denominator,wilmington-compstat-v2,validated
weekly-2026-09-20-r1,weekly_compstat,2026-09-14,2026-09-20,1,224441568f81ffe637b2bd2710d43d6899f14c5913e83b684efe2ba6fca9d029,5,district,district_12,District 12,burglary,Burglary,year_to_date,count,count,2026,,,7,,7,,not_applicable,,,wilmington-compstat-v2,validated
weekly-2026-09-20-r1,weekly_compstat,2026-09-14,2026-09-20,1,224441568f81ffe637b2bd2710d43d6899f14c5913e83b684efe2ba6fca9d029,5,district,district_12,District 12,burglary,Burglary,year_to_date,count,count,2025,,,8,,8,,not_applicable,,,wilmington-compstat-v2,validated
weekly-2026-09-20-r1,weekly_compstat,2026-09-14,2026-09-20,1,224441568f81ffe637b2bd2710d43d6899f14c5913e83b684efe2ba6fca9d029,5,district,district_12,District 12,burglary,Burglary,year_to_date,percent_change,percent,2026,2025,1,-13.0,-0.13,-13%,-12.5,matched,,,wilmington-compstat-v2,validated
weekly-2026-09-20-r1,weekly_compstat,2026-09-14,2026-09-20,1,224441568f81ffe637b2bd2710d43d6899f14c5913e83b684efe2ba6fca9d029,5,district,district_12,District 12,burglary,Burglary,year_to_date,percent_change,percent,2026,2024,2,-13.0,-0.13,-13%,,not_checkable,,,wilmington-compstat-v2,validated
weekly-2026-09-20-r1,weekly_compstat,2026-09-14,2026-09-20,1,224441568f81ffe637b2bd2710d43d6899f14c5913e83b684efe2ba6fca9d029,5,district,district_12,District 12,burglary,Burglary,year_to_date,percent_change,percent,2026,2023,3,-50.0,-0.5,-50%,,not_checkable,,,wilmington-compstat-v2,validated
weekly-2026-09-20-r1,weekly_compstat,2026-09-14,2026-09-20,1,224441568f81ffe637b2bd2710d43d6899f14c5913e83b684efe2ba6fca9d029,5,district,district_12,District 12,burglary,Burglary,year_to_date,percent_change,percent,2026,2022,4,-30.0,-0.3,-30%,,not_checkable,,,wilmington-compstat-v2,validated
weekly-2026-09-20-r1,weekly_compstat,2026-09-14,2026-09-20,1,224441568f81ffe637b2bd2710d43d6899f14c5913e83b684efe2ba6fca9d029,5,district,district_12,District 12,burglary,Burglary,year_to_date,percent_change,percent,2026,2021,5,133.0,1.33,133%,,not_checkable,,,wilmington-compstat-v2,validated
weekly-2026-09-20-r1,weekly_compstat,2026-09-14,2026-09-20,1,224441568f81ffe637b2bd2710d43d6899f14c5913e83b684efe2ba6fca9d029,5,district,district_12,District 12,burglary,Burglary,year_to_date,percent_change,percent,2026,2020,6,-36.0,-0.36,-36%,,not_checkable,,,wilmington-compstat-v2,validated
weekly-2026-09-20-r1,weekly_compstat,2026-09-14,2026-09-20,1,224441568f81ffe637b2bd2710d43d6899f14c5913e83b684efe2ba6fca9d029,5,district,district_12,District 12,felony_theft,Felony Theft,last_7_days,count,count,2026,,,0,,0,,not_applicable,,,wilmington-compstat-v2,validated
weekly-2026-09-20-r1,weekly_compstat,2026-09-14,2026-09-20,1,224441568f81ffe637b2bd2710d43d6899f14c5913e83b684efe2ba6fca9d029,5,district,district_12,District 12,felony_theft,Felony Theft,last_7_days,count,count,2025,,,1,,1,,not_applicable,,,wilmington-compstat-v2,validated
weekly-2026-09-20-r1,weekly_compstat,2026-09-14,2026-09-20,1,224441568f81ffe637b2bd2710d43d6899f14c5913e83b684efe2ba6fca9d029,5,district,district_12,District 12,felony_theft,Felony Theft,last_7_days,percent_change,percent,2026,2025,1,-100.0,-1.0,-100%,-100.0,matched,,,wilmington-compstat-v2,validated
weekly-2026-09-20-r1,weekly_compstat,2026-09-14,2026-09-20,1,224441568f81ffe637b2bd2710d43d6899f14c5913e83b684efe2ba6fca9d029,5,district,district_12,District 12,felony_theft,Felony Theft,last_28_days,count,count,2026,,,1,,1,,not_applicable,,,wilmington-compstat-v2,validated
weekly-2026-09-20-r1,weekly_compstat,2026-09-14,2026-09-20,1,224441568f81ffe637b2bd2710d43d6899f14c5913e83b684efe2ba6fca9d029,5,district,district_12,District 12,felony_theft,Felony Theft,last_28_days,count,count,2025,,,1,,1,,not_applicable,,,wilmington-compstat-v2,validated
weekly-2026-09-20-r1,weekly_compstat,2026-09-14,2026-09-20,1,224441568f81ffe637b2bd2710d43d6899f14c5913e83b684efe2ba6fca9d029,5,district,district_12,District 12,felony_theft,Felony Theft,last_28_days,percent_change,percent,2026,2025,1,0.0,0.0,0%,0.0,matched,,,wilmington-compstat-v2,validated
weekly-2026-09-20-r1,weekly_compstat,2026-09-14,2026-09-20,1,224441568f81ffe637b2bd2710d43d6899f14c5913e83b684efe2ba6fca9d029,5,district,district_12,District 12,felony_theft,Felony Theft,year_to_date,count,count,2026,,,11,,11,,not_applicable,,,wilmington-compstat-v2,validated
weekly-2026-09-20-r1,weekly_compstat,2026-09-14,2026-09-20,1,224441568f81ffe637b2bd2710d43d6899f14c5913e83b684efe2ba6fca9d029,5,district,district_12,District 12,felony_theft,Felony Theft,year_to_date,count,count,2025,,,4,,4,,not_applicable,,,wilmington-compstat-v2,validated
weekly-2026-09-20-r1,weekly_compstat,2026-09-14,2026-09-20,1,224441568f81ffe637b2bd2710d43d6899f14c5913e83b684efe2ba6fca9d029,5,district,district_12,District 12,felony_theft,Felony Theft,year_to_date,percent_change,percent,2026,2025,1,175.0,1.75,175%,175.0,matched,,,wilmington-compstat-v2,validated
weekly-2026-09-20-r1,weekly_compstat,2026-09-14,2026-09-20,1,224441568f81ffe637b2bd2710d43d6899f14c5913e83b684efe2ba6fca9d029,5,district,district_12,District 12,felony_theft,Felony Theft,year_to_date,percent_change,percent,2026,2024,2,38.0,0.38,38%,,not_checkable,,,wilmington-compstat-v2,validated
weekly-2026-09-20-r1,weekly_compstat,2026-09-14,2026-09-20,1,224441568f81ffe637b2bd2710d43d6899f14c5913e83b684efe2ba6fca9d029,5,district,district_12,District 12,felony_theft,Felony Theft,year_to_date,percent_change,percent,2026,2023,3,10.0,0.1,10%,,not_checkable,,,wilmington-compstat-v2,validated
weekly-2026-09-20-r1,weekly_compstat,2026-09-14,2026-09-20,1,224441568f81ffe637b2bd2710d43d6899f14c5913e83b684efe2ba6fca9d029,5,district,district_12,District 12,felony_theft,Felony Theft,year_to_date,percent_change,percent,2026,2022,4,0.0,0.0,0%,,not_checkable,,,wilmington-compstat-v2,validated
weekly-2026-09-20-r1,weekly_compstat,2026-09-14,2026-09-20,1,224441568f81ffe637b2bd2710d43d6899f14c5913e83b684efe2ba6fca9d029,5,district,district_12,District 12,felony_theft,Felony Theft,year_to_date,percent_change,percent,2026,2021,5,22.0,0.22,22%,,not_checkable,,,wilmington-compstat-v2,validated
weekly-2026-09-20-r1,weekly_compstat,2026-09-14,2026-09-20,1,224441568f81ffe637b2bd2710d43d6899f14c5913e83b684efe2ba6fca9d029,5,district,district_12,District 12,felony_theft,Felony Theft,year_to_date,percent_change,percent,2026,2020,6,267.0,2.67,267%,,not_checkable,,,wilmington-compstat-v2,validated
weekly-2026-09-20-r1,weekly_compstat,2026-09-14,2026-09-20,1,224441568f81ffe637b2bd2710d43d6899f14c5913e83b684efe2ba6fca9d029,5,district,district_12,District 12,auto_theft,Auto Theft,last_7_days,count,count,2026,,,0,,0,,not_applicable,,,wilmington-compstat-v2,validated
weekly-2026-09-20-r1,weekly_compstat,2026-09-14,2026-09-20,1,224441568f81ffe637b2bd2710d43d6899f14c5913e83b684efe2ba6fca9d029,5,district,district_12,District 12,auto_theft,Auto Theft,last_7_days,count,count,2025,,,0,,0,,not_applicable,,,wilmington-compstat-v2,validated
weekly-2026-09-20-r1,weekly_compstat,2026-09-14,2026-09-20,1,224441568f81ffe637b2bd2710d43d6899f14c5913e83b684efe2ba6fca9d029,5,district,district_12,District 12,auto_theft,Auto Theft,last_7_days,percent_change,percent,2026,2025,1,,,*,,undefined_zero_denominator,,undefined_zero_denominator,wilmington-compstat-v2,validated
weekly-2026-09-20-r1,weekly_compstat,2026-09-14,2026-09-20,1,224441568f81ffe637b2bd2710d43d6899f14c5913e83b684efe2ba6fca9d029,5,district,district_12,District 12,auto_theft,Auto Theft,last_28_days,count,count,2026,,,1,,1,,not_applicable,,,wilmington-compstat-v2,validated
weekly-2026-09-20-r1,weekly_compstat,2026-09-14,2026-09-20,1,224441568f81ffe637b2bd2710d43d6899f14c5913e83b684efe2ba6fca9d029,5,district,district_12,District 12,auto_theft,Auto Theft,last_28_days,count,count,2025,,,0,,0,,not_applicable,,,wilmington-compstat-v2,validated
weekly-2026-09-20-r1,weekly_compstat,2026-09-14,2026-09-20,1,224441568f81ffe637b2bd2710d43d6899f14c5913e83b684efe2ba6fca9d029,5,district,district_12,District 12,auto_theft,Auto Theft,last_28_days,percent_change,percent,2026,2025,1,,,*,,undefined_zero_denominator,,undefined_zero_denominator,wilmington-compstat-v2,validated
weekly-2026-09-20-r1,weekly_compstat,2026-09-14,2026-09-20,1,224441568f81ffe637b2bd2710d43d6899f14c5913e83b684efe2ba6fca9d029,5,district,district_12,District 12,auto_theft,Auto Theft,year_to_date,count,count,2026,,,7,,7,,not_applicable,,,wilmington-compstat-v2,validated
weekly-2026-09-20-r1,weekly_compstat,2026-09-14,2026-09-20,1,224441568f81ffe637b2bd2710d43d6899f14c5913e83b684efe2ba6fca9d029,5,district,district_12,District 12,auto_theft,Auto Theft,year_to_date,count,count,2025,,,8,,8,,not_applicable,,,wilmington-compstat-v2,validated
weekly-2026-09-20-r1,weekly_compstat,2026-09-14,2026-09-20,1,224441568f81ffe637b2bd2710d43d6899f14c5913e83b684efe2ba6fca9d029,5,district,district_12,District 12,auto_theft,Auto Theft,year_to_date,percent_change,percent,2026,2025,1,-13.0,-0.13,-13%,-12.5,matched,,,wilmington-compstat-v2,validated
weekly-2026-09-20-r1,weekly_compstat,2026-09-14,2026-09-20,1,224441568f81ffe637b2bd2710d43d6899f14c5913e83b684efe2ba6fca9d029,5,district,district_12,District 12,auto_theft,Auto Theft,year_to_date,percent_change,percent,2026,2024,2,-50.0,-0.5,-50%,,not_checkable,,,wilmington-compstat-v2,validated
weekly-2026-09-20-r1,weekly_compstat,2026-09-14,2026-09-20,1,224441568f81ffe637b2bd2710d43d6899f14c5913e83b684efe2ba6fca9d029,5,district,district_12,District 12,auto_theft,Auto Theft,year_to_date,percent_change,percent,2026,2023,3,17.0,0.17,17%,,not_checkable,,,wilmington-compstat-v2,validated
weekly-2026-09-20-r1,weekly_compstat,2026-09-14,2026-09-20,1,224441568f81ffe637b2bd2710d43d6899f14c5913e83b684efe2ba6fca9d029,5,district,district_12,District 12,auto_theft,Auto Theft,year_to_date,percent_change,percent,2026,2022,4,-30.0,-0.3,-30%,,not_checkable,,,wilmington-compstat-v2,validated
weekly-2026-09-20-r1,weekly_compstat,2026-09-14,2026-09-20,1,224441568f81ffe637b2bd2710d43d6899f14c5913e83b684efe2ba6fca9d029,5,district,district_12,District 12,auto_theft,Auto Theft,year_to_date,percent_change,percent,2026,2021,5,-65.0,-0.65,-65%,,not_checkable,,,wilmington-compstat-v2,validated
weekly-2026-09-20-r1,weekly_compstat,2026-09-14,2026-09-20,1,224441568f81ffe637b2bd2710d43d6899f14c5913e83b684efe2ba6fca9d029,5,district,district_12,District 12,auto_theft,Auto Theft,year_to_date,percent_change,percent,2026,2020,6,-42.0,-0.42,-42%,,not_checkable,,,wilmington-compstat-v2,validated
weekly-2026-09-20-r1,weekly_compstat,2026-09-14,2026-09-20,1,224441568f81ffe637b2bd2710d43d6899f14c5913e83b684efe2ba6fca9d029,5,district,district_12,District 12,major_crime_total,TOTAL,last_7_days,count,count,2026,,,0,,0,,not_applicable,,,wilmington-compstat-v2,validated
weekly-2026-09-20-r1,weekly_compstat,2026-09-14,2026-09-20,1,224441568f81ffe637b2bd2710d43d6899f14c5913e83b684efe2ba6fca9d029,5,district,district_12,District 12,major_crime_total,TOTAL,last_7_days,count,count,2025,,,1,,1,,not_applicable,,,wilmington-compstat-v2,validated
weekly-2026-09-20-r1,weekly_compstat,2026-09-14,2026-09-20,1,224441568f81ffe637b2bd2710d43d6899f14c5913e83b684efe2ba6fca9d029,5,district,district_12,District 12,major_crime_total,TOTAL,last_7_days,percent_change,percent,2026,2025,1,-100.0,-1.0,-100%,-100.0,matched,,,wilmington-compstat-v2,validated
weekly-2026-09-20-r1,weekly_compstat,2026-09-14,2026-09-20,1,224441568f81ffe637b2bd2710d43d6899f14c5913e83b684efe2ba6fca9d029,5,district,district_12,District 12,major_crime_total,TOTAL,last_28_days,count,count,2026,,,4,,4,,not_applicable,,,wilmington-compstat-v2,validated
weekly-2026-09-20-r1,weekly_compstat,2026-09-14,2026-09-20,1,224441568f81ffe637b2bd2710d43d6899f14c5913e83b684efe2ba6fca9d029,5,district,district_12,District 12,major_crime_total,TOTAL,last_28_days,count,count,2025,,,2,,2,,not_applicable,,,wilmington-compstat-v2,validated
weekly-2026-09-20-r1,weekly_compstat,2026-09-14,2026-09-20,1,224441568f81ffe637b2bd2710d43d6899f14c5913e83b684efe2ba6fca9d029,5,district,district_12,District 12,major_crime_total,TOTAL,last_28_days,percent_change,percent,2026,2025,1,100.0,1.0,100%,100.0,matched,,,wilmington-compstat-v2,validated
weekly-2026-09-20-r1,weekly_compstat,2026-09-14,2026-09-20,1,224441568f81ffe637b2bd2710d43d6899f14c5913e83b684efe2ba6fca9d029,5,district,district_12,District 12,major_crime_total,TOTAL,year_to_date,count,count,2026,,,40,,40,,not_applicable,,,wilmington-compstat-v2,validated
weekly-2026-09-20-r1,weekly_compstat,2026-09-14,2026-09-20,1,224441568f81ffe637b2bd2710d43d6899f14c5913e83b684efe2ba6fca9d029,5,district,district_12,District 12,major_crime_total,TOTAL,year_to_date,count,count,2025,,,27,,27,,not_applicable,,,wilmington-compstat-v2,validated
weekly-2026-09-20-r1,weekly_compstat,2026-09-14,2026-09-20,1,224441568f81ffe637b2bd2710d43d6899f14c5913e83b684efe2ba6fca9d029,5,district,district_12,District 12,major_crime_total,TOTAL,year_to_date,percent_change,percent,2026,2025,1,48.0,0.48,48%,48.148148,matched,,,wilmington-compstat-v2,validated
weekly-2026-09-20-r1,weekly_compstat,2026-09-14,2026-09-20,1,224441568f81ffe637b2bd2710d43d6899f14c5913e83b684efe2ba6fca9d029,5,district,district_12,District 12,major_crime_total,TOTAL,year_to_date,percent_change,percent,2026,2024,2,0.0,0.0,0%,,not_checkable,,,wilmington-compstat-v2,validated
weekly-2026-09-20-r1,weekly_compstat,2026-09-14,2026-09-20,1,224441568f81ffe637b2bd2710d43d6899f14c5913e83b684efe2ba6fca9d029,5,district,district_12,District 12,major_crime_total,TOTAL,year_to_date,percent_change,percent,2026,2023,3,-22.0,-0.22,-22%,,not_checkable,,,wilmington-compstat-v2,validated
weekly-2026-09-20-r1,weekly_compstat,2026-09-14,2026-09-20,1,224441568f81ffe637b2bd2710d43d6899f14c5913e83b684efe2ba6fca9d029,5,district,district_12,District 12,major_crime_total,TOTAL,year_to_date,percent_change,percent,2026,2022,4,11.0,0.11,11%,,not_checkable,,,wilmington-compstat-v2,validated
weekly-2026-09-20-r1,weekly_compstat,2026-09-14,2026-09-20,1,224441568f81ffe637b2bd2710d43d6899f14c5913e83b684efe2ba6fca9d029,5,district,district_12,District 12,major_crime_total,TOTAL,year_to_date,percent_change,percent,2026,2021,5,-31.0,-0.31,-31%,,not_checkable,,,wilmington-compstat-v2,validated
weekly-2026-09-20-r1,weekly_compstat,2026-09-14,2026-09-20,1,224441568f81ffe637b2bd2710d43d6899f14c5913e83b684efe2ba6fca9d029,5,district,district_12,District 12,major_crime_total,TOTAL,year_to_date,percent_change,percent,2026,2020,6,-11.0,-0.11,-11%,,not_checkable,,,wilmington-compstat-v2,validated
weekly-2026-09-20-r1,weekly_compstat,2026-09-14,2026-09-20,1,224441568f81ffe637b2bd2710d43d6899f14c5913e83b684efe2ba6fca9d029,5,district,district_12,District 12,shooting_incidents,Shooting Incidents,last_7_days,count,count,2026,,,0,,0,,not_applicable,,,wilmington-compstat-v2,validated
weekly-2026-09-20-r1,weekly_compstat,2026-09-14,2026-09-20,1,224441568f81ffe637b2bd2710d43d6899f14c5913e83b684efe2ba6fca9d029,5,district,district_12,District 12,shooting_incidents,Shooting Incidents,last_7_days,count,count,2025,,,0,,0,,not_applicable,,,wilmington-compstat-v2,validated
weekly-2026-09-20-r1,weekly_compstat,2026-09-14,2026-09-20,1,224441568f81ffe637b2bd2710d43d6899f14c5913e83b684efe2ba6fca9d029,5,district,district_12,District 12,shooting_incidents,Shooting Incidents,last_7_days,percent_change,percent,2026,2025,1,,,*,,undefined_zero_denominator,,undefined_zero_denominator,wilmington-compstat-v2,validated
weekly-2026-09-20-r1,weekly_compstat,2026-09-14,2026-09-20,1,224441568f81ffe637b2bd2710d43d6899f14c5913e83b684efe2ba6fca9d029,5,district,district_12,District 12,shooting_incidents,Shooting Incidents,last_28_days,count,count,2026,,,0,,0,,not_applicable,,,wilmington-compstat-v2,validated
weekly-2026-09-20-r1,weekly_compstat,2026-09-14,2026-09-20,1,224441568f81ffe637b2bd2710d43d6899f14c5913e83b684efe2ba6fca9d029,5,district,district_12,District 12,shooting_incidents,Shooting Incidents,last_28_days,count,count,2025,,,0,,0,,not_applicable,,,wilmington-compstat-v2,validated
weekly-2026-09-20-r1,weekly_compstat,2026-09-14,2026-09-20,1,224441568f81ffe637b2bd2710d43d6899f14c5913e83b684efe2ba6fca9d029,5,district,district_12,District 12,shooting_incidents,Shooting Incidents,last_28_days,percent_change,percent,2026,2025,1,,,*,,undefined_zero_denominator,,undefined_zero_denominator,wilmington-compstat-v2,validated
weekly-2026-09-20-r1,weekly_compstat,2026-09-14,2026-09-20,1,224441568f81ffe637b2bd2710d43d6899f14c5913e83b684efe2ba6fca9d029,5,district,district_12,District 12,shooting_incidents,Shooting Incidents,year_to_date,count,count,2026,,,0,,0,,not_applicable,,,wilmington-compstat-v2,validated
weekly-2026-09-20-r1,weekly_compstat,2026-09-14,2026-09-20,1,224441568f81ffe637b2bd2710d43d6899f14c5913e83b684efe2ba6fca9d029,5,district,district_12,District 12,shooting_incidents,Shooting Incidents,year_to_date,count,count,2025,,,0,,0,,not_applicable,,,wilmington-compstat-v2,validated
weekly-2026-09-20-r1,weekly_compstat,2026-09-14,2026-09-20,1,224441568f81ffe637b2bd2710d43d6899f14c5913e83b684efe2ba6fca9d029,5,district,district_12,District 12,shooting_incidents,Shooting Incidents,year_to_date,percent_change,percent,2026,2025,1,,,*,,undefined_zero_denominator,,undefined_zero_denominator,wilmington-compstat-v2,validated
weekly-2026-09-20-r1,weekly_compstat,2026-09-14,2026-09-20,1,224441568f81ffe637b2bd2710d43d6899f14c5913e83b684efe2ba6fca9d029,5,district,district_12,District 12,shooting_incidents,Shooting Incidents,year_to_date,percent_change,percent,2026,2024,2,-100.0,-1.0,-100%,,not_checkable,,,wilmington-compstat-v2,validated
weekly-2026-09-20-r1,weekly_compstat,2026-09-14,2026-09-20,1,224441568f81ffe637b2bd2710d43d6899f14c5913e83b684efe2ba6fca9d029,5,district,district_12,District 12,shooting_incidents,Shooting Incidents,year_to_date,percent_change,percent,2026,2023,3,-100.0,-1.0,-100%,,not_checkable,,,wilmington-compstat-v2,validated
weekly-2026-09-20-r1,weekly_compstat,2026-09-14,2026-09-20,1,224441568f81ffe637b2bd2710d43d6899f14c5913e83b684efe2ba6fca9d029,5,district,district_12,District 12,shooting_incidents,Shooting Incidents,year_to_date,percent_change,percent,2026,2022,4,-100.0,-1.0,-100%,,not_checkable,,,wilmington-compstat-v2,validated
weekly-2026-09-20-r1,weekly_compstat,2026-09-14,2026-09-20,1,224441568f81ffe637b2bd2710d43d6899f14c5913e83b684efe2ba6fca9d029,5,district,district_12,District 12,shooting_incidents,Shooting Incidents,year_to_date,percent_change,percent,2026,2021,5,-100.0,-1.0,-100%,,not_checkable,,,wilmington-compstat-v2,validated
weekly-2026-09-20-r1,weekly_compstat,2026-09-14,2026-09-20,1,224441568f81ffe637b2bd2710d43d6899f14c5913e83b684efe2ba6fca9d029,5,district,district_12,District 12,shooting_incidents,Shooting Incidents,year_to_date,percent_change,percent,2026,2020,6,-100.0,-1.0,-100%,,not_checkable,,,wilmington-compstat-v2,validated
weekly-2026-09-20-r1,weekly_compstat,2026-09-14,2026-09-20,1,224441568f81ffe637b2bd2710d43d6899f14c5913e83b684efe2ba6fca9d029,5,district,district_12,District 12,shooting_victims,Shooting Victims,last_7_days,count,count,2026,,,0,,0,,not_applicable,,,wilmington-compstat-v2,validated
weekly-2026-09-20-r1,weekly_compstat,2026-09-14,2026-09-20,1,224441568f81ffe637b2bd2710d43d6899f14c5913e83b684efe2ba6fca9d029,5,district,district_12,District 12,shooting_victims,Shooting Victims,last_7_days,count,count,2025,,,0,,0,,not_applicable,,,wilmington-compstat-v2,validated
weekly-2026-09-20-r1,weekly_compstat,2026-09-14,2026-09-20,1,224441568f81ffe637b2bd2710d43d6899f14c5913e83b684efe2ba6fca9d029,5,district,district_12,District 12,shooting_victims,Shooting Victims,last_7_days,percent_change,percent,2026,2025,1,,,*,,undefined_zero_denominator,,undefined_zero_denominator,wilmington-compstat-v2,validated
weekly-2026-09-20-r1,weekly_compstat,2026-09-14,2026-09-20,1,224441568f81ffe637b2bd2710d43d6899f14c5913e83b684efe2ba6fca9d029,5,district,district_12,District 12,shooting_victims,Shooting Victims,last_28_days,count,count,2026,,,0,,0,,not_applicable,,,wilmington-compstat-v2,validated
weekly-2026-09-20-r1,weekly_compstat,2026-09-14,2026-09-20,1,224441568f81ffe637b2bd2710d43d6899f14c5913e83b684efe2ba6fca9d029,5,district,district_12,District 12,shooting_victims,Shooting Victims,last_28_days,count,count,2025,,,0,,0,,not_applicable,,,wilmington-compstat-v2,validated
weekly-2026-09-20-r1,weekly_compstat,2026-09-14,2026-09-20,1,224441568f81ffe637b2bd2710d43d6899f14c5913e83b684efe2ba6fca9d029,5,district,district_12,District 12,shooting_victims,Shooting Victims,last_28_days,percent_change,percent,2026,2025,1,,,*,,undefined_zero_denominator,,undefined_zero_denominator,wilmington-compstat-v2,validated
weekly-2026-09-20-r1,weekly_compstat,2026-09-14,2026-09-20,1,224441568f81ffe637b2bd2710d43d6899f14c5913e83b684efe2ba6fca9d029,5,district,district_12,District 12,shooting_victims,Shooting Victims,year_to_date,count,count,2026,,,0,,0,,not_applicable,,,wilmington-compstat-v2,validated
weekly-2026-09-20-r1,weekly_compstat,2026-09-14,2026-09-20,1,224441568f81ffe637b2bd2710d43d6899f14c5913e83b684efe2ba6fca9d029,5,district,district_12,District 12,shooting_victims,Shooting Victims,year_to_date,count,count,2025,,,0,,0,,not_applicable,,,wilmington-compstat-v2,validated
weekly-2026-09-20-r1,weekly_compstat,2026-09-14,2026-09-20,1,224441568f81ffe637b2bd2710d43d6899f14c5913e83b684efe2ba6fca9d029,5,district,district_12,District 12,shooting_victims,Shooting Victims,year_to_date,percent_change,percent,2026,2025,1,,,*,,undefined_zero_denominator,,undefined_zero_denominator,wilmington-compstat-v2,validated
weekly-2026-09-20-r1,weekly_compstat,2026-09-14,2026-09-20,1,224441568f81ffe637b2bd2710d43d6899f14c5913e83b684efe2ba6fca9d029,5,district,district_12,District 12,shooting_victims,Shooting Victims,year_to_date,percent_change,percent,2026,2024,2,-100.0,-1.0,-100%,,not_checkable,,,wilmington-compstat-v2,validated
weekly-2026-09-20-r1,weekly_compstat,2026-09-14,2026-09-20,1,224441568f81ffe637b2bd2710d43d6899f14c5913e83b684efe2ba6fca9d029,5,district,district_12,District 12,shooting_victims,Shooting Victims,year_to_date,percent_change,percent,2026,2023,3,-100.0,-1.0,-100%,,not_checkable,,,wilmington-compstat-v2,validated
weekly-2026-09-20-r1,weekly_compstat,2026-09-14,2026-09-20,1,224441568f81ffe637b2bd2710d43d6899f14c5913e83b684efe2ba6fca9d029,5,district,district_12,District 12,shooting_victims,Shooting Victims,year_to_date,percent_change,percent,2026,2022,4,-100.0,-1.0,-100%,,not_checkable,,,wilmington-compstat-v2,validated
weekly-2026-09-20-r1,weekly_compstat,2026-09-14,2026-09-20,1,224441568f81ffe637b2bd2710d43d6899f14c5913e83b684efe2ba6fca9d029,5,district,district_12,District 12,shooting_victims,Shooting Victims,year_to_date,percent_change,percent,2026,2021,5,-100.0,-1.0,-100%,,not_checkable,,,wilmington-compstat-v2,validated
weekly-2026-09-20-r1,weekly_compstat,2026-09-14,2026-09-20,1,224441568f81ffe637b2bd2710d43d6899f14c5913e83b684efe2ba6fca9d029,5,district,district_12,District 12,shooting_victims,Shooting Victims,year_to_date,percent_change,percent,2026,2020,6,-100.0,-1.0,-100%,,not_checkable,,,wilmington-compstat-v2,validated
weekly-2026-09-20-r1,weekly_compstat,2026-09-14,2026-09-20,1,224441568f81ffe637b2bd2710d43d6899f14c5913e83b684efe2ba6fca9d029,5,district,district_12,District 12,juvenile_shooting_incidents,*Juv Shooting Incidents,last_7_days,count,count,2026,,,0,,0,,not_applicable,,,wilmington-compstat-v2,validated
weekly-2026-09-20-r1,weekly_compstat,2026-09-14,2026-09-20,1,224441568f81ffe637b2bd2710d43d6899f14c5913e83b684efe2ba6fca9d029,5,district,district_12,District 12,juvenile_shooting_incidents,*Juv Shooting Incidents,last_7_days,count,count,2025,,,0,,0,,not_applicable,,,wilmington-compstat-v2,validated
weekly-2026-09-20-r1,weekly_compstat,2026-09-14,2026-09-20,1,224441568f81ffe637b2bd2710d43d6899f14c5913e83b684efe2ba6fca9d029,5,district,district_12,District 12,juvenile_shooting_incidents,*Juv Shooting Incidents,last_7_days,percent_change,percent,2026,2025,1,,,*,,undefined_zero_denominator,,undefined_zero_denominator,wilmington-compstat-v2,validated
weekly-2026-09-20-r1,weekly_compstat,2026-09-14,2026-09-20,1,224441568f81ffe637b2bd2710d43d6899f14c5913e83b684efe2ba6fca9d029,5,district,district_12,District 12,juvenile_shooting_incidents,*Juv Shooting Incidents,last_28_days,count,count,2026,,,0,,0,,not_applicable,,,wilmington-compstat-v2,validated
weekly-2026-09-20-r1,weekly_compstat,2026-09-14,2026-09-20,1,224441568f81ffe637b2bd2710d43d6899f14c5913e83b684efe2ba6fca9d029,5,district,district_12,District 12,juvenile_shooting_incidents,*Juv Shooting Incidents,last_28_days,count,count,2025,,,0,,0,,not_applicable,,,wilmington-compstat-v2,validated
weekly-2026-09-20-r1,weekly_compstat,2026-09-14,2026-09-20,1,224441568f81ffe637b2bd2710d43d6899f14c5913e83b684efe2ba6fca9d029,5,district,district_12,District 12,juvenile_shooting_incidents,*Juv Shooting Incidents,last_28_days,percent_change,percent,2026,2025,1,,,*,,undefined_zero_denominator,,undefined_zero_denominator,wilmington-compstat-v2,validated
weekly-2026-09-20-r1,weekly_compstat,2026-09-14,2026-09-20,1,224441568f81ffe637b2bd2710d43d6899f14c5913e83b684efe2ba6fca9d029,5,district,district_12,District 12,juvenile_shooting_incidents,*Juv Shooting Incidents,year_to_date,count,count,2026,,,0,,0,,not_applicable,,,wilmington-compstat-v2,validated
weekly-2026-09-20-r1,weekly_compstat,2026-09-14,2026-09-20,1,224441568f81ffe637b2bd2710d43d6899f14c5913e83b684efe2ba6fca9d029,5,district,district_12,District 12,juvenile_shooting_incidents,*Juv Shooting Incidents,year_to_date,count,count,2025,,,0,,0,,not_applicable,,,wilmington-compstat-v2,validated
weekly-2026-09-20-r1,weekly_compstat,2026-09-14,2026-09-20,1,224441568f81ffe637b2bd2710d43d6899f14c5913e83b684efe2ba6fca9d029,5,district,district_12,District 12,juvenile_shooting_incidents,*Juv Shooting Incidents,year_to_date,percent_change,percent,2026,2025,1,,,*,,undefined_zero_denominator,,undefined_zero_denominator,wilmington-compstat-v2,validated
weekly-2026-09-20-r1,weekly_compstat,2026-09-14,2026-09-20,1,224441568f81ffe637b2bd2710d43d6899f14c5913e83b684efe2ba6fca9d029,5,district,district_12,District 12,juvenile_shooting_incidents,*Juv Shooting Incidents,year_to_date,percent_change,percent,2026,2024,2,,,*,,not_checkable,,undefined_zero_denominator,wilmington-compstat-v2,validated
weekly-2026-09-20-r1,weekly_compstat,2026-09-14,2026-09-20,1,224441568f81ffe637b2bd2710d43d6899f14c5913e83b684efe2ba6fca9d029,5,district,district_12,District 12,juvenile_shooting_incidents,*Juv Shooting Incidents,year_to_date,percent_change,percent,2026,2023,3,,,*,,not_checkable,,undefined_zero_denominator,wilmington-compstat-v2,validated
weekly-2026-09-20-r1,weekly_compstat,2026-09-14,2026-09-20,1,224441568f81ffe637b2bd2710d43d6899f14c5913e83b684efe2ba6fca9d029,5,district,district_12,District 12,juvenile_shooting_incidents,*Juv Shooting Incidents,year_to_date,percent_change,percent,2026,2022,4,,,*,,not_checkable,,undefined_zero_denominator,wilmington-compstat-v2,validated
weekly-2026-09-20-r1,weekly_compstat,2026-09-14,2026-09-20,1,224441568f81ffe637b2bd2710d43d6899f14c5913e83b684efe2ba6fca9d029,5,district,district_12,District 12,juvenile_shooting_incidents,*Juv Shooting Incidents,year_to_date,percent_change,percent,2026,2021,5,,,*,,not_checkable,,undefined_zero_denominator,wilmington-compstat-v2,validated
weekly-2026-09-20-r1,weekly_compstat,2026-09-14,2026-09-20,1,224441568f81ffe637b2bd2710d43d6899f14c5913e83b684efe2ba6fca9d029,5,district,district_12,District 12,juvenile_shooting_incidents,*Juv Shooting Incidents,year_to_date,percent_change,percent,2026,2020,6,-100.0,-1.0,-100%,,not_checkable,,,wilmington-compstat-v2,validated
weekly-2026-09-20-r1,weekly_compstat,2026-09-14,2026-09-20,1,224441568f81ffe637b2bd2710d43d6899f14c5913e83b684efe2ba6fca9d029,5,district,district_12,District 12,juvenile_shooting_victims,*Juv Shooting Victims,last_7_days,count,count,2026,,,0,,0,,not_applicable,,,wilmington-compstat-v2,validated
weekly-2026-09-20-r1,weekly_compstat,2026-09-14,2026-09-20,1,224441568f81ffe637b2bd2710d43d6899f14c5913e83b684efe2ba6fca9d029,5,district,district_12,District 12,juvenile_shooting_victims,*Juv Shooting Victims,last_7_days,count,count,2025,,,0,,0,,not_applicable,,,wilmington-compstat-v2,validated
weekly-2026-09-20-r1,weekly_compstat,2026-09-14,2026-09-20,1,224441568f81ffe637b2bd2710d43d6899f14c5913e83b684efe2ba6fca9d029,5,district,district_12,District 12,juvenile_shooting_victims,*Juv Shooting Victims,last_7_days,percent_change,percent,2026,2025,1,,,*,,undefined_zero_denominator,,undefined_zero_denominator,wilmington-compstat-v2,validated
weekly-2026-09-20-r1,weekly_compstat,2026-09-14,2026-09-20,1,224441568f81ffe637b2bd2710d43d6899f14c5913e83b684efe2ba6fca9d029,5,district,district_12,District 12,juvenile_shooting_victims,*Juv Shooting Victims,last_28_days,count,count,2026,,,0,,0,,not_applicable,,,wilmington-compstat-v2,validated
weekly-2026-09-20-r1,weekly_compstat,2026-09-14,2026-09-20,1,224441568f81ffe637b2bd2710d43d6899f14c5913e83b684efe2ba6fca9d029,5,district,district_12,District 12,juvenile_shooting_victims,*Juv Shooting Victims,last_28_days,count,count,2025,,,0,,0,,not_applicable,,,wilmington-compstat-v2,validated
weekly-2026-09-20-r1,weekly_compstat,2026-09-14,2026-09-20,1,224441568f81ffe637b2bd2710d43d6899f14c5913e83b684efe2ba6fca9d029,5,district,district_12,District 12,juvenile_shooting_victims,*Juv Shooting Victims,last_28_days,percent_change,percent,2026,2025,1,,,*,,undefined_zero_denominator,,undefined_zero_denominator,wilmington-compstat-v2,validated
weekly-2026-09-20-r1,weekly_compstat,2026-09-14,2026-09-20,1,224441568f81ffe637b2bd2710d43d6899f14c5913e83b684efe2ba6fca9d029,5,district,district_12,District 12,juvenile_shooting_victims,*Juv Shooting Victims,year_to_date,count,count,2026,,,0,,0,,not_applicable,,,wilmington-compstat-v2,validated
weekly-2026-09-20-r1,weekly_compstat,2026-09-14,2026-09-20,1,224441568f81ffe637b2bd2710d43d6899f14c5913e83b684efe2ba6fca9d029,5,district,district_12,District 12,juvenile_shooting_victims,*Juv Shooting Victims,year_to_date,count,count,2025,,,0,,0,,not_applicable,,,wilmington-compstat-v2,validated
weekly-2026-09-20-r1,weekly_compstat,2026-09-14,2026-09-20,1,224441568f81ffe637b2bd2710d43d6899f14c5913e83b684efe2ba6fca9d029,5,district,district_12,District 12,juvenile_shooting_victims,*Juv Shooting Victims,year_to_date,percent_change,percent,2026,2025,1,,,*,,undefined_zero_denominator,,undefined_zero_denominator,wilmington-compstat-v2,validated
weekly-2026-09-20-r1,weekly_compstat,2026-09-14,2026-09-20,1,224441568f81ffe637b2bd2710d43d6899f14c5913e83b684efe2ba6fca9d029,5,district,district_12,District 12,juvenile_shooting_victims,*Juv Shooting Victims,year_to_date,percent_change,percent,2026,2024,2,,,*,,not_checkable,,undefined_zero_denominator,wilmington-compstat-v2,validated
weekly-2026-09-20-r1,weekly_compstat,2026-09-14,2026-09-20,1,224441568f81ffe637b2bd2710d43d6899f14c5913e83b684efe2ba6fca9d029,5,district,district_12,District 12,juvenile_shooting_victims,*Juv Shooting Victims,year_to_date,percent_change,percent,2026,2023,3,,,*,,not_checkable,,undefined_zero_denominator,wilmington-compstat-v2,validated
weekly-2026-09-20-r1,weekly_compstat,2026-09-14,2026-09-20,1,224441568f81ffe637b2bd2710d43d6899f14c5913e83b684efe2ba6fca9d029,5,district,district_12,District 12,juvenile_shooting_victims,*Juv Shooting Victims,year_to_date,percent_change,percent,2026,2022,4,,,*,,not_checkable,,undefined_zero_denominator,wilmington-compstat-v2,validated
weekly-2026-09-20-r1,weekly_compstat,2026-09-14,2026-09-20,1,224441568f81ffe637b2bd2710d43d6899f14c5913e83b684efe2ba6fca9d029,5,district,district_12,District 12,juvenile_shooting_victims,*Juv Shooting Victims,year_to_date,percent_change,percent,2026,2021,5,,,*,,not_checkable,,undefined_zero_denominator,wilmington-compstat-v2,validated
weekly-2026-09-20-r1,weekly_compstat,2026-09-14,2026-09-20,1,224441568f81ffe637b2bd2710d43d6899f14c5913e83b684efe2ba6fca9d029,5,district,district_12,District 12,juvenile_shooting_victims,*Juv Shooting Victims,year_to_date,percent_change,percent,2026,2020,6,-100.0,-1.0,-100%,,not_checkable,,,wilmington-compstat-v2,validated
weekly-2026-09-20-r1,weekly_compstat,2026-09-14,2026-09-20,1,224441568f81ffe637b2bd2710d43d6899f14c5913e83b684efe2ba6fca9d029,5,district,district_12,District 12,misdemeanor_theft,Theft (Misdemeanor),last_7_days,count,count,2026,,,2,,2,,not_applicable,,,wilmington-compstat-v2,validated
weekly-2026-09-20-r1,weekly_compstat,2026-09-14,2026-09-20,1,224441568f81ffe637b2bd2710d43d6899f14c5913e83b684efe2ba6fca9d029,5,district,district_12,District 12,misdemeanor_theft,Theft (Misdemeanor),last_7_days,count,count,2025,,,1,,1,,not_applicable,,,wilmington-compstat-v2,validated
weekly-2026-09-20-r1,weekly_compstat,2026-09-14,2026-09-20,1,224441568f81ffe637b2bd2710d43d6899f14c5913e83b684efe2ba6fca9d029,5,district,district_12,District 12,misdemeanor_theft,Theft (Misdemeanor),last_7_days,percent_change,percent,2026,2025,1,100.0,1.0,100%,100.0,matched,,,wilmington-compstat-v2,validated
weekly-2026-09-20-r1,weekly_compstat,2026-09-14,2026-09-20,1,224441568f81ffe637b2bd2710d43d6899f14c5913e83b684efe2ba6fca9d029,5,district,district_12,District 12,misdemeanor_theft,Theft (Misdemeanor),last_28_days,count,count,2026,,,3,,3,,not_applicable,,,wilmington-compstat-v2,validated
weekly-2026-09-20-r1,weekly_compstat,2026-09-14,2026-09-20,1,224441568f81ffe637b2bd2710d43d6899f14c5913e83b684efe2ba6fca9d029,5,district,district_12,District 12,misdemeanor_theft,Theft (Misdemeanor),last_28_days,count,count,2025,,,3,,3,,not_applicable,,,wilmington-compstat-v2,validated
weekly-2026-09-20-r1,weekly_compstat,2026-09-14,2026-09-20,1,224441568f81ffe637b2bd2710d43d6899f14c5913e83b684efe2ba6fca9d029,5,district,district_12,District 12,misdemeanor_theft,Theft (Misdemeanor),last_28_days,percent_change,percent,2026,2025,1,0.0,0.0,0%,0.0,matched,,,wilmington-compstat-v2,validated
weekly-2026-09-20-r1,weekly_compstat,2026-09-14,2026-09-20,1,224441568f81ffe637b2bd2710d43d6899f14c5913e83b684efe2ba6fca9d029,5,district,district_12,District 12,misdemeanor_theft,Theft (Misdemeanor),year_to_date,count,count,2026,,,22,,22,,not_applicable,,,wilmington-compstat-v2,validated
weekly-2026-09-20-r1,weekly_compstat,2026-09-14,2026-09-20,1,224441568f81ffe637b2bd2710d43d6899f14c5913e83b684efe2ba6fca9d029,5,district,district_12,District 12,misdemeanor_theft,Theft (Misdemeanor),year_to_date,count,count,2025,,,19,,19,,not_applicable,,,wilmington-compstat-v2,validated
weekly-2026-09-20-r1,weekly_compstat,2026-09-14,2026-09-20,1,224441568f81ffe637b2bd2710d43d6899f14c5913e83b684efe2ba6fca9d029,5,district,district_12,District 12,misdemeanor_theft,Theft (Misdemeanor),year_to_date,percent_change,percent,2026,2025,1,16.0,0.16,16%,15.789474,matched,,,wilmington-compstat-v2,validated
weekly-2026-09-20-r1,weekly_compstat,2026-09-14,2026-09-20,1,224441568f81ffe637b2bd2710d43d6899f14c5913e83b684efe2ba6fca9d029,5,district,district_12,District 12,misdemeanor_theft,Theft (Misdemeanor),year_to_date,percent_change,percent,2026,2024,2,-21.0,-0.21,-21%,,not_checkable,,,wilmington-compstat-v2,validated
weekly-2026-09-20-r1,weekly_compstat,2026-09-14,2026-09-20,1,224441568f81ffe637b2bd2710d43d6899f14c5913e83b684efe2ba6fca9d029,5,district,district_12,District 12,misdemeanor_theft,Theft (Misdemeanor),year_to_date,percent_change,percent,2026,2023,3,-33.0,-0.33,-33%,,not_checkable,,,wilmington-compstat-v2,validated
weekly-2026-09-20-r1,weekly_compstat,2026-09-14,2026-09-20,1,224441568f81ffe637b2bd2710d43d6899f14c5913e83b684efe2ba6fca9d029,5,district,district_12,District 12,misdemeanor_theft,Theft (Misdemeanor),year_to_date,percent_change,percent,2026,2022,4,-39.0,-0.39,-39%,,not_checkable,,,wilmington-compstat-v2,validated
weekly-2026-09-20-r1,weekly_compstat,2026-09-14,2026-09-20,1,224441568f81ffe637b2bd2710d43d6899f14c5913e83b684efe2ba6fca9d029,5,district,district_12,District 12,misdemeanor_theft,Theft (Misdemeanor),year_to_date,percent_change,percent,2026,2021,5,-12.0,-0.12,-12%,,not_checkable,,,wilmington-compstat-v2,validated
weekly-2026-09-20-r1,weekly_compstat,2026-09-14,2026-09-20,1,224441568f81ffe637b2bd2710d43d6899f14c5913e83b684efe2ba6fca9d029,5,district,district_12,District 12,misdemeanor_theft,Theft (Misdemeanor),year_to_date,percent_change,percent,2026,2020,6,-31.0,-0.31,-31%,,not_checkable,,,wilmington-compstat-v2,validated
weekly-2026-09-20-r1,weekly_compstat,2026-09-14,2026-09-20,1,224441568f81ffe637b2bd2710d43d6899f14c5913e83b684efe2ba6fca9d029,7,district,district_13,District 13,murder,Murder,last_7_days,count,count,2026,,,0,,0,,not_applicable,,,wilmington-compstat-v2,validated
weekly-2026-09-20-r1,weekly_compstat,2026-09-14,2026-09-20,1,224441568f81ffe637b2bd2710d43d6899f14c5913e83b684efe2ba6fca9d029,7,district,district_13,District 13,murder,Murder,last_7_days,count,count,2025,,,0,,0,,not_applicable,,,wilmington-compstat-v2,validated
weekly-2026-09-20-r1,weekly_compstat,2026-09-14,2026-09-20,1,224441568f81ffe637b2bd2710d43d6899f14c5913e83b684efe2ba6fca9d029,7,district,district_13,District 13,murder,Murder,last_7_days,percent_change,percent,2026,2025,1,,,*,,undefined_zero_denominator,,undefined_zero_denominator,wilmington-compstat-v2,validated
weekly-2026-09-20-r1,weekly_compstat,2026-09-14,2026-09-20,1,224441568f81ffe637b2bd2710d43d6899f14c5913e83b684efe2ba6fca9d029,7,district,district_13,District 13,murder,Murder,last_28_days,count,count,2026,,,0,,0,,not_applicable,,,wilmington-compstat-v2,validated
weekly-2026-09-20-r1,weekly_compstat,2026-09-14,2026-09-20,1,224441568f81ffe637b2bd2710d43d6899f14c5913e83b684efe2ba6fca9d029,7,district,district_13,District 13,murder,Murder,last_28_days,count,count,2025,,,0,,0,,not_applicable,,,wilmington-compstat-v2,validated
weekly-2026-09-20-r1,weekly_compstat,2026-09-14,2026-09-20,1,224441568f81ffe637b2bd2710d43d6899f14c5913e83b684efe2ba6fca9d029,7,district,district_13,District 13,murder,Murder,last_28_days,percent_change,percent,2026,2025,1,,,*,,undefined_zero_denominator,,undefined_zero_denominator,wilmington-compstat-v2,validated
weekly-2026-09-20-r1,weekly_compstat,2026-09-14,2026-09-20,1,224441568f81ffe637b2bd2710d43d6899f14c5913e83b684efe2ba6fca9d029,7,district,district_13,District 13,murder,Murder,year_to_date,count,count,2026,,,0,,0,,not_applicable,,,wilmington-compstat-v2,validated
weekly-2026-09-20-r1,weekly_compstat,2026-09-14,2026-09-20,1,224441568f81ffe637b2bd2710d43d6899f14c5913e83b684efe2ba6fca9d029,7,district,district_13,District 13,murder,Murder,year_to_date,count,count,2025,,,1,,1,,not_applicable,,,wilmington-compstat-v2,validated
weekly-2026-09-20-r1,weekly_compstat,2026-09-14,2026-09-20,1,224441568f81ffe637b2bd2710d43d6899f14c5913e83b684efe2ba6fca9d029,7,district,district_13,District 13,murder,Murder,year_to_date,percent_change,percent,2026,2025,1,-100.0,-1.0,-100%,-100.0,matched,,,wilmington-compstat-v2,validated
weekly-2026-09-20-r1,weekly_compstat,2026-09-14,2026-09-20,1,224441568f81ffe637b2bd2710d43d6899f14c5913e83b684efe2ba6fca9d029,7,district,district_13,District 13,murder,Murder,year_to_date,percent_change,percent,2026,2024,2,-100.0,-1.0,-100%,,not_checkable,,,wilmington-compstat-v2,validated
weekly-2026-09-20-r1,weekly_compstat,2026-09-14,2026-09-20,1,224441568f81ffe637b2bd2710d43d6899f14c5913e83b684efe2ba6fca9d029,7,district,district_13,District 13,murder,Murder,year_to_date,percent_change,percent,2026,2023,3,-100.0,-1.0,-100%,,not_checkable,,,wilmington-compstat-v2,validated
weekly-2026-09-20-r1,weekly_compstat,2026-09-14,2026-09-20,1,224441568f81ffe637b2bd2710d43d6899f14c5913e83b684efe2ba6fca9d029,7,district,district_13,District 13,murder,Murder,year_to_date,percent_change,percent,2026,2022,4,-100.0,-1.0,-100%,,not_checkable,,,wilmington-compstat-v2,validated
weekly-2026-09-20-r1,weekly_compstat,2026-09-14,2026-09-20,1,224441568f81ffe637b2bd2710d43d6899f14c5913e83b684efe2ba6fca9d029,7,district,district_13,District 13,murder,Murder,year_to_date,percent_change,percent,2026,2021,5,-100.0,-1.0,-100%,,not_checkable,,,wilmington-compstat-v2,validated
weekly-2026-09-20-r1,weekly_compstat,2026-09-14,2026-09-20,1,224441568f81ffe637b2bd2710d43d6899f14c5913e83b684efe2ba6fca9d029,7,district,district_13,District 13,murder,Murder,year_to_date,percent_change,percent,2026,2020,6,-100.0,-1.0,-100%,,not_checkable,,,wilmington-compstat-v2,validated
weekly-2026-09-20-r1,weekly_compstat,2026-09-14,2026-09-20,1,224441568f81ffe637b2bd2710d43d6899f14c5913e83b684efe2ba6fca9d029,7,district,district_13,District 13,rape,Rape,last_7_days,count,count,2026,,,0,,0,,not_applicable,,,wilmington-compstat-v2,validated
weekly-2026-09-20-r1,weekly_compstat,2026-09-14,2026-09-20,1,224441568f81ffe637b2bd2710d43d6899f14c5913e83b684efe2ba6fca9d029,7,district,district_13,District 13,rape,Rape,last_7_days,count,count,2025,,,0,,0,,not_applicable,,,wilmington-compstat-v2,validated
weekly-2026-09-20-r1,weekly_compstat,2026-09-14,2026-09-20,1,224441568f81ffe637b2bd2710d43d6899f14c5913e83b684efe2ba6fca9d029,7,district,district_13,District 13,rape,Rape,last_7_days,percent_change,percent,2026,2025,1,,,*,,undefined_zero_denominator,,undefined_zero_denominator,wilmington-compstat-v2,validated
weekly-2026-09-20-r1,weekly_compstat,2026-09-14,2026-09-20,1,224441568f81ffe637b2bd2710d43d6899f14c5913e83b684efe2ba6fca9d029,7,district,district_13,District 13,rape,Rape,last_28_days,count,count,2026,,,0,,0,,not_applicable,,,wilmington-compstat-v2,validated
weekly-2026-09-20-r1,weekly_compstat,2026-09-14,2026-09-20,1,224441568f81ffe637b2bd2710d43d6899f14c5913e83b684efe2ba6fca9d029,7,district,district_13,District 13,rape,Rape,last_28_days,count,count,2025,,,0,,0,,not_applicable,,,wilmington-compstat-v2,validated
weekly-2026-09-20-r1,weekly_compstat,2026-09-14,2026-09-20,1,224441568f81ffe637b2bd2710d43d6899f14c5913e83b684efe2ba6fca9d029,7,district,district_13,District 13,rape,Rape,last_28_days,percent_change,percent,2026,2025,1,,,*,,undefined_zero_denominator,,undefined_zero_denominator,wilmington-compstat-v2,validated
weekly-2026-09-20-r1,weekly_compstat,2026-09-14,2026-09-20,1,224441568f81ffe637b2bd2710d43d6899f14c5913e83b684efe2ba6fca9d029,7,district,district_13,District 13,rape,Rape,year_to_date,count,count,2026,,,0,,0,,not_applicable,,,wilmington-compstat-v2,validated
weekly-2026-09-20-r1,weekly_compstat,2026-09-14,2026-09-20,1,224441568f81ffe637b2bd2710d43d6899f14c5913e83b684efe2ba6fca9d029,7,district,district_13,District 13,rape,Rape,year_to_date,count,count,2025,,,0,,0,,not_applicable,,,wilmington-compstat-v2,validated
weekly-2026-09-20-r1,weekly_compstat,2026-09-14,2026-09-20,1,224441568f81ffe637b2bd2710d43d6899f14c5913e83b684efe2ba6fca9d029,7,district,district_13,District 13,rape,Rape,year_to_date,percent_change,percent,2026,2025,1,,,*,,undefined_zero_denominator,,undefined_zero_denominator,wilmington-compstat-v2,validated
weekly-2026-09-20-r1,weekly_compstat,2026-09-14,2026-09-20,1,224441568f81ffe637b2bd2710d43d6899f14c5913e83b684efe2ba6fca9d029,7,district,district_13,District 13,rape,Rape,year_to_date,percent_change,percent,2026,2024,2,-100.0,-1.0,-100%,,not_checkable,,,wilmington-compstat-v2,validated
weekly-2026-09-20-r1,weekly_compstat,2026-09-14,2026-09-20,1,224441568f81ffe637b2bd2710d43d6899f14c5913e83b684efe2ba6fca9d029,7,district,district_13,District 13,rape,Rape,year_to_date,percent_change,percent,2026,2023,3,,,*,,not_checkable,,undefined_zero_denominator,wilmington-compstat-v2,validated
weekly-2026-09-20-r1,weekly_compstat,2026-09-14,2026-09-20,1,224441568f81ffe637b2bd2710d43d6899f14c5913e83b684efe2ba6fca9d029,7,district,district_13,District 13,rape,Rape,year_to_date,percent_change,percent,2026,2022,4,-100.0,-1.0,-100%,,not_checkable,,,wilmington-compstat-v2,validated
weekly-2026-09-20-r1,weekly_compstat,2026-09-14,2026-09-20,1,224441568f81ffe637b2bd2710d43d6899f14c5913e83b684efe2ba6fca9d029,7,district,district_13,District 13,rape,Rape,year_to_date,percent_change,percent,2026,2021,5,,,*,,not_checkable,,undefined_zero_denominator,wilmington-compstat-v2,validated
weekly-2026-09-20-r1,weekly_compstat,2026-09-14,2026-09-20,1,224441568f81ffe637b2bd2710d43d6899f14c5913e83b684efe2ba6fca9d029,7,district,district_13,District 13,rape,Rape,year_to_date,percent_change,percent,2026,2020,6,-100.0,-1.0,-100%,,not_checkable,,,wilmington-compstat-v2,validated
weekly-2026-09-20-r1,weekly_compstat,2026-09-14,2026-09-20,1,224441568f81ffe637b2bd2710d43d6899f14c5913e83b684efe2ba6fca9d029,7,district,district_13,District 13,robbery,Robbery,last_7_days,count,count,2026,,,1,,1,,not_applicable,,,wilmington-compstat-v2,validated
weekly-2026-09-20-r1,weekly_compstat,2026-09-14,2026-09-20,1,224441568f81ffe637b2bd2710d43d6899f14c5913e83b684efe2ba6fca9d029,7,district,district_13,District 13,robbery,Robbery,last_7_days,count,count,2025,,,0,,0,,not_applicable,,,wilmington-compstat-v2,validated
weekly-2026-09-20-r1,weekly_compstat,2026-09-14,2026-09-20,1,224441568f81ffe637b2bd2710d43d6899f14c5913e83b684efe2ba6fca9d029,7,district,district_13,District 13,robbery,Robbery,last_7_days,percent_change,percent,2026,2025,1,,,*,,undefined_zero_denominator,,undefined_zero_denominator,wilmington-compstat-v2,validated
weekly-2026-09-20-r1,weekly_compstat,2026-09-14,2026-09-20,1,224441568f81ffe637b2bd2710d43d6899f14c5913e83b684efe2ba6fca9d029,7,district,district_13,District 13,robbery,Robbery,last_28_days,count,count,2026,,,1,,1,,not_applicable,,,wilmington-compstat-v2,validated
weekly-2026-09-20-r1,weekly_compstat,2026-09-14,2026-09-20,1,224441568f81ffe637b2bd2710d43d6899f14c5913e83b684efe2ba6fca9d029,7,district,district_13,District 13,robbery,Robbery,last_28_days,count,count,2025,,,1,,1,,not_applicable,,,wilmington-compstat-v2,validated
weekly-2026-09-20-r1,weekly_compstat,2026-09-14,2026-09-20,1,224441568f81ffe637b2bd2710d43d6899f14c5913e83b684efe2ba6fca9d029,7,district,district_13,District 13,robbery,Robbery,last_28_days,percent_change,percent,2026,2025,1,0.0,0.0,0%,0.0,matched,,,wilmington-compstat-v2,validated
weekly-2026-09-20-r1,weekly_compstat,2026-09-14,2026-09-20,1,224441568f81ffe637b2bd2710d43d6899f14c5913e83b684efe2ba6fca9d029,7,district,district_13,District 13,robbery,Robbery,year_to_date,count,count,2026,,,14,,14,,not_applicable,,,wilmington-compstat-v2,validated
weekly-2026-09-20-r1,weekly_compstat,2026-09-14,2026-09-20,1,224441568f81ffe637b2bd2710d43d6899f14c5913e83b684efe2ba6fca9d029,7,district,district_13,District 13,robbery,Robbery,year_to_date,count,count,2025,,,9,,9,,not_applicable,,,wilmington-compstat-v2,validated
weekly-2026-09-20-r1,weekly_compstat,2026-09-14,2026-09-20,1,224441568f81ffe637b2bd2710d43d6899f14c5913e83b684efe2ba6fca9d029,7,district,district_13,District 13,robbery,Robbery,year_to_date,percent_change,percent,2026,2025,1,56.0,0.56,56%,55.555556,matched,,,wilmington-compstat-v2,validated
weekly-2026-09-20-r1,weekly_compstat,2026-09-14,2026-09-20,1,224441568f81ffe637b2bd2710d43d6899f14c5913e83b684efe2ba6fca9d029,7,district,district_13,District 13,robbery,Robbery,year_to_date,percent_change,percent,2026,2024,2,133.0,1.33,133%,,not_checkable,,,wilmington-compstat-v2,validated
weekly-2026-09-20-r1,weekly_compstat,2026-09-14,2026-09-20,1,224441568f81ffe637b2bd2710d43d6899f14c5913e83b684efe2ba6fca9d029,7,district,district_13,District 13,robbery,Robbery,year_to_date,percent_change,percent,2026,2023,3,27.0,0.27,27%,,not_checkable,,,wilmington-compstat-v2,validated
weekly-2026-09-20-r1,weekly_compstat,2026-09-14,2026-09-20,1,224441568f81ffe637b2bd2710d43d6899f14c5913e83b684efe2ba6fca9d029,7,district,district_13,District 13,robbery,Robbery,year_to_date,percent_change,percent,2026,2022,4,40.0,0.4,40%,,not_checkable,,,wilmington-compstat-v2,validated
weekly-2026-09-20-r1,weekly_compstat,2026-09-14,2026-09-20,1,224441568f81ffe637b2bd2710d43d6899f14c5913e83b684efe2ba6fca9d029,7,district,district_13,District 13,robbery,Robbery,year_to_date,percent_change,percent,2026,2021,5,40.0,0.4,40%,,not_checkable,,,wilmington-compstat-v2,validated
weekly-2026-09-20-r1,weekly_compstat,2026-09-14,2026-09-20,1,224441568f81ffe637b2bd2710d43d6899f14c5913e83b684efe2ba6fca9d029,7,district,district_13,District 13,robbery,Robbery,year_to_date,percent_change,percent,2026,2020,6,-33.0,-0.33,-33%,,not_checkable,,,wilmington-compstat-v2,validated
weekly-2026-09-20-r1,weekly_compstat,2026-09-14,2026-09-20,1,224441568f81ffe637b2bd2710d43d6899f14c5913e83b684efe2ba6fca9d029,7,district,district_13,District 13,aggravated_assault,Agg. Assault,last_7_days,count,count,2026,,,1,,1,,not_applicable,,,wilmington-compstat-v2,validated
weekly-2026-09-20-r1,weekly_compstat,2026-09-14,2026-09-20,1,224441568f81ffe637b2bd2710d43d6899f14c5913e83b684efe2ba6fca9d029,7,district,district_13,District 13,aggravated_assault,Agg. Assault,last_7_days,count,count,2025,,,1,,1,,not_applicable,,,wilmington-compstat-v2,validated
weekly-2026-09-20-r1,weekly_compstat,2026-09-14,2026-09-20,1,224441568f81ffe637b2bd2710d43d6899f14c5913e83b684efe2ba6fca9d029,7,district,district_13,District 13,aggravated_assault,Agg. Assault,last_7_days,percent_change,percent,2026,2025,1,0.0,0.0,0%,0.0,matched,,,wilmington-compstat-v2,validated
weekly-2026-09-20-r1,weekly_compstat,2026-09-14,2026-09-20,1,224441568f81ffe637b2bd2710d43d6899f14c5913e83b684efe2ba6fca9d029,7,district,district_13,District 13,aggravated_assault,Agg. Assault,last_28_days,count,count,2026,,,5,,5,,not_applicable,,,wilmington-compstat-v2,validated
weekly-2026-09-20-r1,weekly_compstat,2026-09-14,2026-09-20,1,224441568f81ffe637b2bd2710d43d6899f14c5913e83b684efe2ba6fca9d029,7,district,district_13,District 13,aggravated_assault,Agg. Assault,last_28_days,count,count,2025,,,5,,5,,not_applicable,,,wilmington-compstat-v2,validated
weekly-2026-09-20-r1,weekly_compstat,2026-09-14,2026-09-20,1,224441568f81ffe637b2bd2710d43d6899f14c5913e83b684efe2ba6fca9d029,7,district,district_13,District 13,aggravated_assault,Agg. Assault,last_28_days,percent_change,percent,2026,2025,1,0.0,0.0,0%,0.0,matched,,,wilmington-compstat-v2,validated
weekly-2026-09-20-r1,weekly_compstat,2026-09-14,2026-09-20,1,224441568f81ffe637b2bd2710d43d6899f14c5913e83b684efe2ba6fca9d029,7,district,district_13,District 13,aggravated_assault,Agg. Assault,year_to_date,count,count,2026,,,39,,39,,not_applicable,,,wilmington-compstat-v2,validated
weekly-2026-09-20-r1,weekly_compstat,2026-09-14,2026-09-20,1,224441568f81ffe637b2bd2710d43d6899f14c5913e83b684efe2ba6fca9d029,7,district,district_13,District 13,aggravated_assault,Agg. Assault,year_to_date,count,count,2025,,,35,,35,,not_applicable,,,wilmington-compstat-v2,validated
weekly-2026-09-20-r1,weekly_compstat,2026-09-14,2026-09-20,1,224441568f81ffe637b2bd2710d43d6899f14c5913e83b684efe2ba6fca9d029,7,district,district_13,District 13,aggravated_assault,Agg. Assault,year_to_date,percent_change,percent,2026,2025,1,11.0,0.11,11%,11.428571,matched,,,wilmington-compstat-v2,validated
weekly-2026-09-20-r1,weekly_compstat,2026-09-14,2026-09-20,1,224441568f81ffe637b2bd2710d43d6899f14c5913e83b684efe2ba6fca9d029,7,district,district_13,District 13,aggravated_assault,Agg. Assault,year_to_date,percent_change,percent,2026,2024,2,34.0,0.34,34%,,not_checkable,,,wilmington-compstat-v2,validated
weekly-2026-09-20-r1,weekly_compstat,2026-09-14,2026-09-20,1,224441568f81ffe637b2bd2710d43d6899f14c5913e83b684efe2ba6fca9d029,7,district,district_13,District 13,aggravated_assault,Agg. Assault,year_to_date,percent_change,percent,2026,2023,3,77.0,0.77,77%,,not_checkable,,,wilmington-compstat-v2,validated
weekly-2026-09-20-r1,weekly_compstat,2026-09-14,2026-09-20,1,224441568f81ffe637b2bd2710d43d6899f14c5913e83b684efe2ba6fca9d029,7,district,district_13,District 13,aggravated_assault,Agg. Assault,year_to_date,percent_change,percent,2026,2022,4,44.0,0.44,44%,,not_checkable,,,wilmington-compstat-v2,validated
weekly-2026-09-20-r1,weekly_compstat,2026-09-14,2026-09-20,1,224441568f81ffe637b2bd2710d43d6899f14c5913e83b684efe2ba6fca9d029,7,district,district_13,District 13,aggravated_assault,Agg. Assault,year_to_date,percent_change,percent,2026,2021,5,8.0,0.08,8%,,not_checkable,,,wilmington-compstat-v2,validated
weekly-2026-09-20-r1,weekly_compstat,2026-09-14,2026-09-20,1,224441568f81ffe637b2bd2710d43d6899f14c5913e83b684efe2ba6fca9d029,7,district,district_13,District 13,aggravated_assault,Agg. Assault,year_to_date,percent_change,percent,2026,2020,6,-7.0,-0.07,-7%,,not_checkable,,,wilmington-compstat-v2,validated
weekly-2026-09-20-r1,weekly_compstat,2026-09-14,2026-09-20,1,224441568f81ffe637b2bd2710d43d6899f14c5913e83b684efe2ba6fca9d029,7,district,district_13,District 13,burglary,Burglary,last_7_days,count,count,2026,,,1,,1,,not_applicable,,,wilmington-compstat-v2,validated
weekly-2026-09-20-r1,weekly_compstat,2026-09-14,2026-09-20,1,224441568f81ffe637b2bd2710d43d6899f14c5913e83b684efe2ba6fca9d029,7,district,district_13,District 13,burglary,Burglary,last_7_days,count,count,2025,,,1,,1,,not_applicable,,,wilmington-compstat-v2,validated
weekly-2026-09-20-r1,weekly_compstat,2026-09-14,2026-09-20,1,224441568f81ffe637b2bd2710d43d6899f14c5913e83b684efe2ba6fca9d029,7,district,district_13,District 13,burglary,Burglary,last_7_days,percent_change,percent,2026,2025,1,0.0,0.0,0%,0.0,matched,,,wilmington-compstat-v2,validated
weekly-2026-09-20-r1,weekly_compstat,2026-09-14,2026-09-20,1,224441568f81ffe637b2bd2710d43d6899f14c5913e83b684efe2ba6fca9d029,7,district,district_13,District 13,burglary,Burglary,last_28_days,count,count,2026,,,4,,4,,not_applicable,,,wilmington-compstat-v2,validated
weekly-2026-09-20-r1,weekly_compstat,2026-09-14,2026-09-20,1,224441568f81ffe637b2bd2710d43d6899f14c5913e83b684efe2ba6fca9d029,7,district,district_13,District 13,burglary,Burglary,last_28_days,count,count,2025,,,2,,2,,not_applicable,,,wilmington-compstat-v2,validated
weekly-2026-09-20-r1,weekly_compstat,2026-09-14,2026-09-20,1,224441568f81ffe637b2bd2710d43d6899f14c5913e83b684efe2ba6fca9d029,7,district,district_13,District 13,burglary,Burglary,last_28_days,percent_change,percent,2026,2025,1,100.0,1.0,100%,100.0,matched,,,wilmington-compstat-v2,validated
weekly-2026-09-20-r1,weekly_compstat,2026-09-14,2026-09-20,1,224441568f81ffe637b2bd2710d43d6899f14c5913e83b684efe2ba6fca9d029,7,district,district_13,District 13,burglary,Burglary,year_to_date,count,count,2026,,,21,,21,,not_applicable,,,wilmington-compstat-v2,validated
weekly-2026-09-20-r1,weekly_compstat,2026-09-14,2026-09-20,1,224441568f81ffe637b2bd2710d43d6899f14c5913e83b684efe2ba6fca9d029,7,district,district_13,District 13,burglary,Burglary,year_to_date,count,count,2025,,,28,,28,,not_applicable,,,wilmington-compstat-v2,validated
weekly-2026-09-20-r1,weekly_compstat,2026-09-14,2026-09-20,1,224441568f81ffe637b2bd2710d43d6899f14c5913e83b684efe2ba6fca9d029,7,district,district_13,District 13,burglary,Burglary,year_to_date,percent_change,percent,2026,2025,1,-25.0,-0.25,-25%,-25.0,matched,,,wilmington-compstat-v2,validated
weekly-2026-09-20-r1,weekly_compstat,2026-09-14,2026-09-20,1,224441568f81ffe637b2bd2710d43d6899f14c5913e83b684efe2ba6fca9d029,7,district,district_13,District 13,burglary,Burglary,year_to_date,percent_change,percent,2026,2024,2,11.0,0.11,11%,,not_checkable,,,wilmington-compstat-v2,validated
weekly-2026-09-20-r1,weekly_compstat,2026-09-14,2026-09-20,1,224441568f81ffe637b2bd2710d43d6899f14c5913e83b684efe2ba6fca9d029,7,district,district_13,District 13,burglary,Burglary,year_to_date,percent_change,percent,2026,2023,3,31.0,0.31,31%,,not_checkable,,,wilmington-compstat-v2,validated
weekly-2026-09-20-r1,weekly_compstat,2026-09-14,2026-09-20,1,224441568f81ffe637b2bd2710d43d6899f14c5913e83b684efe2ba6fca9d029,7,district,district_13,District 13,burglary,Burglary,year_to_date,percent_change,percent,2026,2022,4,-30.0,-0.3,-30%,,not_checkable,,,wilmington-compstat-v2,validated
weekly-2026-09-20-r1,weekly_compstat,2026-09-14,2026-09-20,1,224441568f81ffe637b2bd2710d43d6899f14c5913e83b684efe2ba6fca9d029,7,district,district_13,District 13,burglary,Burglary,year_to_date,percent_change,percent,2026,2021,5,-34.0,-0.34,-34%,,not_checkable,,,wilmington-compstat-v2,validated
weekly-2026-09-20-r1,weekly_compstat,2026-09-14,2026-09-20,1,224441568f81ffe637b2bd2710d43d6899f14c5913e83b684efe2ba6fca9d029,7,district,district_13,District 13,burglary,Burglary,year_to_date,percent_change,percent,2026,2020,6,-40.0,-0.4,-40%,,not_checkable,,,wilmington-compstat-v2,validated
weekly-2026-09-20-r1,weekly_compstat,2026-09-14,2026-09-20,1,224441568f81ffe637b2bd2710d43d6899f14c5913e83b684efe2ba6fca9d029,7,district,district_13,District 13,felony_theft,Felony Theft,last_7_days,count,count,2026,,,0,,0,,not_applicable,,,wilmington-compstat-v2,validated
weekly-2026-09-20-r1,weekly_compstat,2026-09-14,2026-09-20,1,224441568f81ffe637b2bd2710d43d6899f14c5913e83b684efe2ba6fca9d029,7,district,district_13,District 13,felony_theft,Felony Theft,last_7_days,count,count,2025,,,0,,0,,not_applicable,,,wilmington-compstat-v2,validated
weekly-2026-09-20-r1,weekly_compstat,2026-09-14,2026-09-20,1,224441568f81ffe637b2bd2710d43d6899f14c5913e83b684efe2ba6fca9d029,7,district,district_13,District 13,felony_theft,Felony Theft,last_7_days,percent_change,percent,2026,2025,1,,,*,,undefined_zero_denominator,,undefined_zero_denominator,wilmington-compstat-v2,validated
weekly-2026-09-20-r1,weekly_compstat,2026-09-14,2026-09-20,1,224441568f81ffe637b2bd2710d43d6899f14c5913e83b684efe2ba6fca9d029,7,district,district_13,District 13,felony_theft,Felony Theft,last_28_days,count,count,2026,,,1,,1,,not_applicable,,,wilmington-compstat-v2,validated
weekly-2026-09-20-r1,weekly_compstat,2026-09-14,2026-09-20,1,224441568f81ffe637b2bd2710d43d6899f14c5913e83b684efe2ba6fca9d029,7,district,district_13,District 13,felony_theft,Felony Theft,last_28_days,count,count,2025,,,1,,1,,not_applicable,,,wilmington-compstat-v2,validated
weekly-2026-09-20-r1,weekly_compstat,2026-09-14,2026-09-20,1,224441568f81ffe637b2bd2710d43d6899f14c5913e83b684efe2ba6fca9d029,7,district,district_13,District 13,felony_theft,Felony Theft,last_28_days,percent_change,percent,2026,2025,1,0.0,0.0,0%,0.0,matched,,,wilmington-compstat-v2,validated
weekly-2026-09-20-r1,weekly_compstat,2026-09-14,2026-09-20,1,224441568f81ffe637b2bd2710d43d6899f14c5913e83b684efe2ba6fca9d029,7,district,district_13,District 13,felony_theft,Felony Theft,year_to_date,count,count,2026,,,17,,17,,not_applicable,,,wilmington-compstat-v2,validated
weekly-2026-09-20-r1,weekly_compstat,2026-09-14,2026-09-20,1,224441568f81ffe637b2bd2710d43d6899f14c5913e83b684efe2ba6fca9d029,7,district,district_13,District 13,felony_theft,Felony Theft,year_to_date,count,count,2025,,,11,,11,,not_applicable,,,wilmington-compstat-v2,validated
weekly-2026-09-20-r1,weekly_compstat,2026-09-14,2026-09-20,1,224441568f81ffe637b2bd2710d43d6899f14c5913e83b684efe2ba6fca9d029,7,district,district_13,District 13,felony_theft,Felony Theft,year_to_date,percent_change,percent,2026,2025,1,55.0,0.55,55%,54.545455,matched,,,wilmington-compstat-v2,validated
weekly-2026-09-20-r1,weekly_compstat,2026-09-14,2026-09-20,1,224441568f81ffe637b2bd2710d43d6899f14c5913e83b684efe2ba6fca9d029,7,district,district_13,District 13,felony_theft,Felony Theft,year_to_date,percent_change,percent,2026,2024,2,89.0,0.89,89%,,not_checkable,,,wilmington-compstat-v2,validated
weekly-2026-09-20-r1,weekly_compstat,2026-09-14,2026-09-20,1,224441568f81ffe637b2bd2710d43d6899f14c5913e83b684efe2ba6fca9d029,7,district,district_13,District 13,felony_theft,Felony Theft,year_to_date,percent_change,percent,2026,2023,3,-15.0,-0.15,-15%,,not_checkable,,,wilmington-compstat-v2,validated
weekly-2026-09-20-r1,weekly_compstat,2026-09-14,2026-09-20,1,224441568f81ffe637b2bd2710d43d6899f14c5913e83b684efe2ba6fca9d029,7,district,district_13,District 13,felony_theft,Felony Theft,year_to_date,percent_change,percent,2026,2022,4,0.0,0.0,0%,,not_checkable,,,wilmington-compstat-v2,validated
weekly-2026-09-20-r1,weekly_compstat,2026-09-14,2026-09-20,1,224441568f81ffe637b2bd2710d43d6899f14c5913e83b684efe2ba6fca9d029,7,district,district_13,District 13,felony_theft,Felony Theft,year_to_date,percent_change,percent,2026,2021,5,55.0,0.55,55%,,not_checkable,,,wilmington-compstat-v2,validated
weekly-2026-09-20-r1,weekly_compstat,2026-09-14,2026-09-20,1,224441568f81ffe637b2bd2710d43d6899f14c5913e83b684efe2ba6fca9d029,7,district,district_13,District 13,felony_theft,Felony Theft,year_to_date,percent_change,percent,2026,2020,6,31.0,0.31,31%,,not_checkable,,,wilmington-compstat-v2,validated
weekly-2026-09-20-r1,weekly_compstat,2026-09-14,2026-09-20,1,224441568f81ffe637b2bd2710d43d6899f14c5913e83b684efe2ba6fca9d029,7,district,district_13,District 13,auto_theft,Auto Theft,last_7_days,count,count,2026,,,1,,1,,not_applicable,,,wilmington-compstat-v2,validated
weekly-2026-09-20-r1,weekly_compstat,2026-09-14,2026-09-20,1,224441568f81ffe637b2bd2710d43d6899f14c5913e83b684efe2ba6fca9d029,7,district,district_13,District 13,auto_theft,Auto Theft,last_7_days,count,count,2025,,,2,,2,,not_applicable,,,wilmington-compstat-v2,validated
weekly-2026-09-20-r1,weekly_compstat,2026-09-14,2026-09-20,1,224441568f81ffe637b2bd2710d43d6899f14c5913e83b684efe2ba6fca9d029,7,district,district_13,District 13,auto_theft,Auto Theft,last_7_days,percent_change,percent,2026,2025,1,-50.0,-0.5,-50%,-50.0,matched,,,wilmington-compstat-v2,validated
weekly-2026-09-20-r1,weekly_compstat,2026-09-14,2026-09-20,1,224441568f81ffe637b2bd2710d43d6899f14c5913e83b684efe2ba6fca9d029,7,district,district_13,District 13,auto_theft,Auto Theft,last_28_days,count,count,2026,,,2,,2,,not_applicable,,,wilmington-compstat-v2,validated
weekly-2026-09-20-r1,weekly_compstat,2026-09-14,2026-09-20,1,224441568f81ffe637b2bd2710d43d6899f14c5913e83b684efe2ba6fca9d029,7,district,district_13,District 13,auto_theft,Auto Theft,last_28_days,count,count,2025,,,6,,6,,not_applicable,,,wilmington-compstat-v2,validated
weekly-2026-09-20-r1,weekly_compstat,2026-09-14,2026-09-20,1,224441568f81ffe637b2bd2710d43d6899f14c5913e83b684efe2ba6fca9d029,7,district,district_13,District 13,auto_theft,Auto Theft,last_28_days,percent_change,percent,2026,2025,1,-67.0,-0.67,-67%,-66.666667,matched,,,wilmington-compstat-v2,validated
weekly-2026-09-20-r1,weekly_compstat,2026-09-14,2026-09-20,1,224441568f81ffe637b2bd2710d43d6899f14c5913e83b684efe2ba6fca9d029,7,district,district_13,District 13,auto_theft,Auto Theft,year_to_date,count,count,2026,,,33,,33,,not_applicable,,,wilmington-compstat-v2,validated
weekly-2026-09-20-r1,weekly_compstat,2026-09-14,2026-09-20,1,224441568f81ffe637b2bd2710d43d6899f14c5913e83b684efe2ba6fca9d029,7,district,district_13,District 13,auto_theft,Auto Theft,year_to_date,count,count,2025,,,30,,30,,not_applicable,,,wilmington-compstat-v2,validated
weekly-2026-09-20-r1,weekly_compstat,2026-09-14,2026-09-20,1,224441568f81ffe637b2bd2710d43d6899f14c5913e83b684efe2ba6fca9d029,7,district,district_13,District 13,auto_theft,Auto Theft,year_to_date,percent_change,percent,2026,2025,1,10.0,0.1,10%,10.0,matched,,,wilmington-compstat-v2,validated
weekly-2026-09-20-r1,weekly_compstat,2026-09-14,2026-09-20,1,224441568f81ffe637b2bd2710d43d6899f14c5913e83b684efe2ba6fca9d029,7,district,district_13,District 13,auto_theft,Auto Theft,year_to_date,percent_change,percent,2026,2024,2,22.0,0.22,22%,,not_checkable,,,wilmington-compstat-v2,validated
weekly-2026-09-20-r1,weekly_compstat,2026-09-14,2026-09-20,1,224441568f81ffe637b2bd2710d43d6899f14c5913e83b684efe2ba6fca9d029,7,district,district_13,District 13,auto_theft,Auto Theft,year_to_date,percent_change,percent,2026,2023,3,3.0,0.03,3%,,not_checkable,,,wilmington-compstat-v2,validated
weekly-2026-09-20-r1,weekly_compstat,2026-09-14,2026-09-20,1,224441568f81ffe637b2bd2710d43d6899f14c5913e83b684efe2ba6fca9d029,7,district,district_13,District 13,auto_theft,Auto Theft,year_to_date,percent_change,percent,2026,2022,4,-6.0,-0.06,-6%,,not_checkable,,,wilmington-compstat-v2,validated
weekly-2026-09-20-r1,weekly_compstat,2026-09-14,2026-09-20,1,224441568f81ffe637b2bd2710d43d6899f14c5913e83b684efe2ba6fca9d029,7,district,district_13,District 13,auto_theft,Auto Theft,year_to_date,percent_change,percent,2026,2021,5,6.0,0.06,6%,,not_checkable,,,wilmington-compstat-v2,validated
weekly-2026-09-20-r1,weekly_compstat,2026-09-14,2026-09-20,1,224441568f81ffe637b2bd2710d43d6899f14c5913e83b684efe2ba6fca9d029,7,district,district_13,District 13,auto_theft,Auto Theft,year_to_date,percent_change,percent,2026,2020,6,32.0,0.32,32%,,not_checkable,,,wilmington-compstat-v2,validated
weekly-2026-09-20-r1,weekly_compstat,2026-09-14,2026-09-20,1,224441568f81ffe637b2bd2710d43d6899f14c5913e83b684efe2ba6fca9d029,7,district,district_13,District 13,major_crime_total,TOTAL,last_7_days,count,count,2026,,,4,,4,,not_applicable,,,wilmington-compstat-v2,validated
weekly-2026-09-20-r1,weekly_compstat,2026-09-14,2026-09-20,1,224441568f81ffe637b2bd2710d43d6899f14c5913e83b684efe2ba6fca9d029,7,district,district_13,District 13,major_crime_total,TOTAL,last_7_days,count,count,2025,,,4,,4,,not_applicable,,,wilmington-compstat-v2,validated
weekly-2026-09-20-r1,weekly_compstat,2026-09-14,2026-09-20,1,224441568f81ffe637b2bd2710d43d6899f14c5913e83b684efe2ba6fca9d029,7,district,district_13,District 13,major_crime_total,TOTAL,last_7_days,percent_change,percent,2026,2025,1,0.0,0.0,0%,0.0,matched,,,wilmington-compstat-v2,validated
weekly-2026-09-20-r1,weekly_compstat,2026-09-14,2026-09-20,1,224441568f81ffe637b2bd2710d43d6899f14c5913e83b684efe2ba6fca9d029,7,district,district_13,District 13,major_crime_total,TOTAL,last_28_days,count,count,2026,,,13,,13,,not_applicable,,,wilmington-compstat-v2,validated
weekly-2026-09-20-r1,weekly_compstat,2026-09-14,2026-09-20,1,224441568f81ffe637b2bd2710d43d6899f14c5913e83b684efe2ba6fca9d029,7,district,district_13,District 13,major_crime_total,TOTAL,last_28_days,count,count,2025,,,15,,15,,not_applicable,,,wilmington-compstat-v2,validated
weekly-2026-09-20-r1,weekly_compstat,2026-09-14,2026-09-20,1,224441568f81ffe637b2bd2710d43d6899f14c5913e83b684efe2ba6fca9d029,7,district,district_13,District 13,major_crime_total,TOTAL,last_28_days,percent_change,percent,2026,2025,1,-13.0,-0.13,-13%,-13.333333,matched,,,wilmington-compstat-v2,validated
weekly-2026-09-20-r1,weekly_compstat,2026-09-14,2026-09-20,1,224441568f81ffe637b2bd2710d43d6899f14c5913e83b684efe2ba6fca9d029,7,district,district_13,District 13,major_crime_total,TOTAL,year_to_date,count,count,2026,,,124,,124,,not_applicable,,,wilmington-compstat-v2,validated
weekly-2026-09-20-r1,weekly_compstat,2026-09-14,2026-09-20,1,224441568f81ffe637b2bd2710d43d6899f14c5913e83b684efe2ba6fca9d029,7,district,district_13,District 13,major_crime_total,TOTAL,year_to_date,count,count,2025,,,114,,114,,not_applicable,,,wilmington-compstat-v2,validated
weekly-2026-09-20-r1,weekly_compstat,2026-09-14,2026-09-20,1,224441568f81ffe637b2bd2710d43d6899f14c5913e83b684efe2ba6fca9d029,7,district,district_13,District 13,major_crime_total,TOTAL,year_to_date,percent_change,percent,2026,2025,1,9.0,0.09,9%,8.77193,matched,,,wilmington-compstat-v2,validated
weekly-2026-09-20-r1,weekly_compstat,2026-09-14,2026-09-20,1,224441568f81ffe637b2bd2710d43d6899f14c5913e83b684efe2ba6fca9d029,7,district,district_13,District 13,major_crime_total,TOTAL,year_to_date,percent_change,percent,2026,2024,2,28.0,0.28,28%,,not_checkable,,,wilmington-compstat-v2,validated
weekly-2026-09-20-r1,weekly_compstat,2026-09-14,2026-09-20,1,224441568f81ffe637b2bd2710d43d6899f14c5913e83b684efe2ba6fca9d029,7,district,district_13,District 13,major_crime_total,TOTAL,year_to_date,percent_change,percent,2026,2023,3,17.0,0.17,17%,,not_checkable,,,wilmington-compstat-v2,validated
weekly-2026-09-20-r1,weekly_compstat,2026-09-14,2026-09-20,1,224441568f81ffe637b2bd2710d43d6899f14c5913e83b684efe2ba6fca9d029,7,district,district_13,District 13,major_crime_total,TOTAL,year_to_date,percent_change,percent,2026,2022,4,2.0,0.02,2%,,not_checkable,,,wilmington-compstat-v2,validated
weekly-2026-09-20-r1,weekly_compstat,2026-09-14,2026-09-20,1,224441568f81ffe637b2bd2710d43d6899f14c5913e83b684efe2ba6fca9d029,7,district,district_13,District 13,major_crime_total,TOTAL,year_to_date,percent_change,percent,2026,2021,5,1.0,0.01,1%,,not_checkable,,,wilmington-compstat-v2,validated
weekly-2026-09-20-r1,weekly_compstat,2026-09-14,2026-09-20,1,224441568f81ffe637b2bd2710d43d6899f14c5913e83b684efe2ba6fca9d029,7,district,district_13,District 13,major_crime_total,TOTAL,year_to_date,percent_change,percent,2026,2020,6,-14.0,-0.14,-14%,,not_checkable,,,wilmington-compstat-v2,validated
weekly-2026-09-20-r1,weekly_compstat,2026-09-14,2026-09-20,1,224441568f81ffe637b2bd2710d43d6899f14c5913e83b684efe2ba6fca9d029,7,district,district_13,District 13,shooting_incidents,Shooting Incidents,last_7_days,count,count,2026,,,0,,0,,not_applicable,,,wilmington-compstat-v2,validated
weekly-2026-09-20-r1,weekly_compstat,2026-09-14,2026-09-20,1,224441568f81ffe637b2bd2710d43d6899f14c5913e83b684efe2ba6fca9d029,7,district,district_13,District 13,shooting_incidents,Shooting Incidents,last_7_days,count,count,2025,,,1,,1,,not_applicable,,,wilmington-compstat-v2,validated
weekly-2026-09-20-r1,weekly_compstat,2026-09-14,2026-09-20,1,224441568f81ffe637b2bd2710d43d6899f14c5913e83b684efe2ba6fca9d029,7,district,district_13,District 13,shooting_incidents,Shooting Incidents,last_7_days,percent_change,percent,2026,2025,1,-100.0,-1.0,-100%,-100.0,matched,,,wilmington-compstat-v2,validated
weekly-2026-09-20-r1,weekly_compstat,2026-09-14,2026-09-20,1,224441568f81ffe637b2bd2710d43d6899f14c5913e83b684efe2ba6fca9d029,7,district,district_13,District 13,shooting_incidents,Shooting Incidents,last_28_days,count,count,2026,,,1,,1,,not_applicable,,,wilmington-compstat-v2,validated
weekly-2026-09-20-r1,weekly_compstat,2026-09-14,2026-09-20,1,224441568f81ffe637b2bd2710d43d6899f14c5913e83b684efe2ba6fca9d029,7,district,district_13,District 13,shooting_incidents,Shooting Incidents,last_28_days,count,count,2025,,,2,,2,,not_applicable,,,wilmington-compstat-v2,validated
weekly-2026-09-20-r1,weekly_compstat,2026-09-14,2026-09-20,1,224441568f81ffe637b2bd2710d43d6899f14c5913e83b684efe2ba6fca9d029,7,district,district_13,District 13,shooting_incidents,Shooting Incidents,last_28_days,percent_change,percent,2026,2025,1,-50.0,-0.5,-50%,-50.0,matched,,,wilmington-compstat-v2,validated
weekly-2026-09-20-r1,weekly_compstat,2026-09-14,2026-09-20,1,224441568f81ffe637b2bd2710d43d6899f14c5913e83b684efe2ba6fca9d029,7,district,district_13,District 13,shooting_incidents,Shooting Incidents,year_to_date,count,count,2026,,,8,,8,,not_applicable,,,wilmington-compstat-v2,validated
weekly-2026-09-20-r1,weekly_compstat,2026-09-14,2026-09-20,1,224441568f81ffe637b2bd2710d43d6899f14c5913e83b684efe2ba6fca9d029,7,district,district_13,District 13,shooting_incidents,Shooting Incidents,year_to_date,count,count,2025,,,9,,9,,not_applicable,,,wilmington-compstat-v2,validated
weekly-2026-09-20-r1,weekly_compstat,2026-09-14,2026-09-20,1,224441568f81ffe637b2bd2710d43d6899f14c5913e83b684efe2ba6fca9d029,7,district,district_13,District 13,shooting_incidents,Shooting Incidents,year_to_date,percent_change,percent,2026,2025,1,-11.0,-0.11,-11%,-11.111111,matched,,,wilmington-compstat-v2,validated
weekly-2026-09-20-r1,weekly_compstat,2026-09-14,2026-09-20,1,224441568f81ffe637b2bd2710d43d6899f14c5913e83b684efe2ba6fca9d029,7,district,district_13,District 13,shooting_incidents,Shooting Incidents,year_to_date,percent_change,percent,2026,2024,2,-47.0,-0.47,-47%,,not_checkable,,,wilmington-compstat-v2,validated
weekly-2026-09-20-r1,weekly_compstat,2026-09-14,2026-09-20,1,224441568f81ffe637b2bd2710d43d6899f14c5913e83b684efe2ba6fca9d029,7,district,district_13,District 13,shooting_incidents,Shooting Incidents,year_to_date,percent_change,percent,2026,2023,3,-33.0,-0.33,-33%,,not_checkable,,,wilmington-compstat-v2,validated
weekly-2026-09-20-r1,weekly_compstat,2026-09-14,2026-09-20,1,224441568f81ffe637b2bd2710d43d6899f14c5913e83b684efe2ba6fca9d029,7,district,district_13,District 13,shooting_incidents,Shooting Incidents,year_to_date,percent_change,percent,2026,2022,4,-47.0,-0.47,-47%,,not_checkable,,,wilmington-compstat-v2,validated
weekly-2026-09-20-r1,weekly_compstat,2026-09-14,2026-09-20,1,224441568f81ffe637b2bd2710d43d6899f14c5913e83b684efe2ba6fca9d029,7,district,district_13,District 13,shooting_incidents,Shooting Incidents,year_to_date,percent_change,percent,2026,2021,5,-11.0,-0.11,-11%,,not_checkable,,,wilmington-compstat-v2,validated
weekly-2026-09-20-r1,weekly_compstat,2026-09-14,2026-09-20,1,224441568f81ffe637b2bd2710d43d6899f14c5913e83b684efe2ba6fca9d029,7,district,district_13,District 13,shooting_incidents,Shooting Incidents,year_to_date,percent_change,percent,2026,2020,6,-56.0,-0.56,-56%,,not_checkable,,,wilmington-compstat-v2,validated
weekly-2026-09-20-r1,weekly_compstat,2026-09-14,2026-09-20,1,224441568f81ffe637b2bd2710d43d6899f14c5913e83b684efe2ba6fca9d029,7,district,district_13,District 13,shooting_victims,Shooting Victims,last_7_days,count,count,2026,,,0,,0,,not_applicable,,,wilmington-compstat-v2,validated
weekly-2026-09-20-r1,weekly_compstat,2026-09-14,2026-09-20,1,224441568f81ffe637b2bd2710d43d6899f14c5913e83b684efe2ba6fca9d029,7,district,district_13,District 13,shooting_victims,Shooting Victims,last_7_days,count,count,2025,,,1,,1,,not_applicable,,,wilmington-compstat-v2,validated
weekly-2026-09-20-r1,weekly_compstat,2026-09-14,2026-09-20,1,224441568f81ffe637b2bd2710d43d6899f14c5913e83b684efe2ba6fca9d029,7,district,district_13,District 13,shooting_victims,Shooting Victims,last_7_days,percent_change,percent,2026,2025,1,-100.0,-1.0,-100%,-100.0,matched,,,wilmington-compstat-v2,validated
weekly-2026-09-20-r1,weekly_compstat,2026-09-14,2026-09-20,1,224441568f81ffe637b2bd2710d43d6899f14c5913e83b684efe2ba6fca9d029,7,district,district_13,District 13,shooting_victims,Shooting Victims,last_28_days,count,count,2026,,,1,,1,,not_applicable,,,wilmington-compstat-v2,validated
weekly-2026-09-20-r1,weekly_compstat,2026-09-14,2026-09-20,1,224441568f81ffe637b2bd2710d43d6899f14c5913e83b684efe2ba6fca9d029,7,district,district_13,District 13,shooting_victims,Shooting Victims,last_28_days,count,count,2025,,,2,,2,,not_applicable,,,wilmington-compstat-v2,validated
weekly-2026-09-20-r1,weekly_compstat,2026-09-14,2026-09-20,1,224441568f81ffe637b2bd2710d43d6899f14c5913e83b684efe2ba6fca9d029,7,district,district_13,District 13,shooting_victims,Shooting Victims,last_28_days,percent_change,percent,2026,2025,1,-50.0,-0.5,-50%,-50.0,matched,,,wilmington-compstat-v2,validated
weekly-2026-09-20-r1,weekly_compstat,2026-09-14,2026-09-20,1,224441568f81ffe637b2bd2710d43d6899f14c5913e83b684efe2ba6fca9d029,7,district,district_13,District 13,shooting_victims,Shooting Victims,year_to_date,count,count,2026,,,10,,10,,not_applicable,,,wilmington-compstat-v2,validated
weekly-2026-09-20-r1,weekly_compstat,2026-09-14,2026-09-20,1,224441568f81ffe637b2bd2710d43d6899f14c5913e83b684efe2ba6fca9d029,7,district,district_13,District 13,shooting_victims,Shooting Victims,year_to_date,count,count,2025,,,12,,12,,not_applicable,,,wilmington-compstat-v2,validated
weekly-2026-09-20-r1,weekly_compstat,2026-09-14,2026-09-20,1,224441568f81ffe637b2bd2710d43d6899f14c5913e83b684efe2ba6fca9d029,7,district,district_13,District 13,shooting_victims,Shooting Victims,year_to_date,percent_change,percent,2026,2025,1,-17.0,-0.17,-17%,-16.666667,matched,,,wilmington-compstat-v2,validated
weekly-2026-09-20-r1,weekly_compstat,2026-09-14,2026-09-20,1,224441568f81ffe637b2bd2710d43d6899f14c5913e83b684efe2ba6fca9d029,7,district,district_13,District 13,shooting_victims,Shooting Victims,year_to_date,percent_change,percent,2026,2024,2,-44.0,-0.44,-44%,,not_checkable,,,wilmington-compstat-v2,validated
weekly-2026-09-20-r1,weekly_compstat,2026-09-14,2026-09-20,1,224441568f81ffe637b2bd2710d43d6899f14c5913e83b684efe2ba6fca9d029,7,district,district_13,District 13,shooting_victims,Shooting Victims,year_to_date,percent_change,percent,2026,2023,3,-38.0,-0.38,-38%,,not_checkable,,,wilmington-compstat-v2,validated
weekly-2026-09-20-r1,weekly_compstat,2026-09-14,2026-09-20,1,224441568f81ffe637b2bd2710d43d6899f14c5913e83b684efe2ba6fca9d029,7,district,district_13,District 13,shooting_victims,Shooting Victims,year_to_date,percent_change,percent,2026,2022,4,-44.0,-0.44,-44%,,not_checkable,,,wilmington-compstat-v2,validated
weekly-2026-09-20-r1,weekly_compstat,2026-09-14,2026-09-20,1,224441568f81ffe637b2bd2710d43d6899f14c5913e83b684efe2ba6fca9d029,7,district,district_13,District 13,shooting_victims,Shooting Victims,year_to_date,percent_change,percent,2026,2021,5,-29.0,-0.29,-29%,,not_checkable,,,wilmington-compstat-v2,validated
weekly-2026-09-20-r1,weekly_compstat,2026-09-14,2026-09-20,1,224441568f81ffe637b2bd2710d43d6899f14c5913e83b684efe2ba6fca9d029,7,district,district_13,District 13,shooting_victims,Shooting Victims,year_to_date,percent_change,percent,2026,2020,6,-58.0,-0.58,-58%,,not_checkable,,,wilmington-compstat-v2,validated
weekly-2026-09-20-r1,weekly_compstat,2026-09-14,2026-09-20,1,224441568f81ffe637b2bd2710d43d6899f14c5913e83b684efe2ba6fca9d029,7,district,district_13,District 13,juvenile_shooting_incidents,*Juv Shooting Incidents,last_7_days,count,count,2026,,,0,,0,,not_applicable,,,wilmington-compstat-v2,validated
weekly-2026-09-20-r1,weekly_compstat,2026-09-14,2026-09-20,1,224441568f81ffe637b2bd2710d43d6899f14c5913e83b684efe2ba6fca9d029,7,district,district_13,District 13,juvenile_shooting_incidents,*Juv Shooting Incidents,last_7_days,count,count,2025,,,0,,0,,not_applicable,,,wilmington-compstat-v2,validated
weekly-2026-09-20-r1,weekly_compstat,2026-09-14,2026-09-20,1,224441568f81ffe637b2bd2710d43d6899f14c5913e83b684efe2ba6fca9d029,7,district,district_13,District 13,juvenile_shooting_incidents,*Juv Shooting Incidents,last_7_days,percent_change,percent,2026,2025,1,,,*,,undefined_zero_denominator,,undefined_zero_denominator,wilmington-compstat-v2,validated
weekly-2026-09-20-r1,weekly_compstat,2026-09-14,2026-09-20,1,224441568f81ffe637b2bd2710d43d6899f14c5913e83b684efe2ba6fca9d029,7,district,district_13,District 13,juvenile_shooting_incidents,*Juv Shooting Incidents,last_28_days,count,count,2026,,,0,,0,,not_applicable,,,wilmington-compstat-v2,validated
weekly-2026-09-20-r1,weekly_compstat,2026-09-14,2026-09-20,1,224441568f81ffe637b2bd2710d43d6899f14c5913e83b684efe2ba6fca9d029,7,district,district_13,District 13,juvenile_shooting_incidents,*Juv Shooting Incidents,last_28_days,count,count,2025,,,0,,0,,not_applicable,,,wilmington-compstat-v2,validated
weekly-2026-09-20-r1,weekly_compstat,2026-09-14,2026-09-20,1,224441568f81ffe637b2bd2710d43d6899f14c5913e83b684efe2ba6fca9d029,7,district,district_13,District 13,juvenile_shooting_incidents,*Juv Shooting Incidents,last_28_days,percent_change,percent,2026,2025,1,,,*,,undefined_zero_denominator,,undefined_zero_denominator,wilmington-compstat-v2,validated
weekly-2026-09-20-r1,weekly_compstat,2026-09-14,2026-09-20,1,224441568f81ffe637b2bd2710d43d6899f14c5913e83b684efe2ba6fca9d029,7,district,district_13,District 13,juvenile_shooting_incidents,*Juv Shooting Incidents,year_to_date,count,count,2026,,,2,,2,,not_applicable,,,wilmington-compstat-v2,validated
weekly-2026-09-20-r1,weekly_compstat,2026-09-14,2026-09-20,1,224441568f81ffe637b2bd2710d43d6899f14c5913e83b684efe2ba6fca9d029,7,district,district_13,District 13,juvenile_shooting_incidents,*Juv Shooting Incidents,year_to_date,count,count,2025,,,1,,1,,not_applicable,,,wilmington-compstat-v2,validated
weekly-2026-09-20-r1,weekly_compstat,2026-09-14,2026-09-20,1,224441568f81ffe637b2bd2710d43d6899f14c5913e83b684efe2ba6fca9d029,7,district,district_13,District 13,juvenile_shooting_incidents,*Juv Shooting Incidents,year_to_date,percent_change,percent,2026,2025,1,100.0,1.0,100%,100.0,matched,,,wilmington-compstat-v2,validated
weekly-2026-09-20-r1,weekly_compstat,2026-09-14,2026-09-20,1,224441568f81ffe637b2bd2710d43d6899f14c5913e83b684efe2ba6fca9d029,7,district,district_13,District 13,juvenile_shooting_incidents,*Juv Shooting Incidents,year_to_date,percent_change,percent,2026,2024,2,-33.0,-0.33,-33%,,not_checkable,,,wilmington-compstat-v2,validated
weekly-2026-09-20-r1,weekly_compstat,2026-09-14,2026-09-20,1,224441568f81ffe637b2bd2710d43d6899f14c5913e83b684efe2ba6fca9d029,7,district,district_13,District 13,juvenile_shooting_incidents,*Juv Shooting Incidents,year_to_date,percent_change,percent,2026,2023,3,100.0,1.0,100%,,not_checkable,,,wilmington-compstat-v2,validated
weekly-2026-09-20-r1,weekly_compstat,2026-09-14,2026-09-20,1,224441568f81ffe637b2bd2710d43d6899f14c5913e83b684efe2ba6fca9d029,7,district,district_13,District 13,juvenile_shooting_incidents,*Juv Shooting Incidents,year_to_date,percent_change,percent,2026,2022,4,0.0,0.0,0%,,not_checkable,,,wilmington-compstat-v2,validated
weekly-2026-09-20-r1,weekly_compstat,2026-09-14,2026-09-20,1,224441568f81ffe637b2bd2710d43d6899f14c5913e83b684efe2ba6fca9d029,7,district,district_13,District 13,juvenile_shooting_incidents,*Juv Shooting Incidents,year_to_date,percent_change,percent,2026,2021,5,,,*,,not_checkable,,undefined_zero_denominator,wilmington-compstat-v2,validated
weekly-2026-09-20-r1,weekly_compstat,2026-09-14,2026-09-20,1,224441568f81ffe637b2bd2710d43d6899f14c5913e83b684efe2ba6fca9d029,7,district,district_13,District 13,juvenile_shooting_incidents,*Juv Shooting Incidents,year_to_date,percent_change,percent,2026,2020,6,,,*,,not_checkable,,undefined_zero_denominator,wilmington-compstat-v2,validated
weekly-2026-09-20-r1,weekly_compstat,2026-09-14,2026-09-20,1,224441568f81ffe637b2bd2710d43d6899f14c5913e83b684efe2ba6fca9d029,7,district,district_13,District 13,juvenile_shooting_victims,*Juv Shooting Victims,last_7_days,count,count,2026,,,0,,0,,not_applicable,,,wilmington-compstat-v2,validated
weekly-2026-09-20-r1,weekly_compstat,2026-09-14,2026-09-20,1,224441568f81ffe637b2bd2710d43d6899f14c5913e83b684efe2ba6fca9d029,7,district,district_13,District 13,juvenile_shooting_victims,*Juv Shooting Victims,last_7_days,count,count,2025,,,0,,0,,not_applicable,,,wilmington-compstat-v2,validated
weekly-2026-09-20-r1,weekly_compstat,2026-09-14,2026-09-20,1,224441568f81ffe637b2bd2710d43d6899f14c5913e83b684efe2ba6fca9d029,7,district,district_13,District 13,juvenile_shooting_victims,*Juv Shooting Victims,last_7_days,percent_change,percent,2026,2025,1,,,*,,undefined_zero_denominator,,undefined_zero_denominator,wilmington-compstat-v2,validated
weekly-2026-09-20-r1,weekly_compstat,2026-09-14,2026-09-20,1,224441568f81ffe637b2bd2710d43d6899f14c5913e83b684efe2ba6fca9d029,7,district,district_13,District 13,juvenile_shooting_victims,*Juv Shooting Victims,last_28_days,count,count,2026,,,0,,0,,not_applicable,,,wilmington-compstat-v2,validated
weekly-2026-09-20-r1,weekly_compstat,2026-09-14,2026-09-20,1,224441568f81ffe637b2bd2710d43d6899f14c5913e83b684efe2ba6fca9d029,7,district,district_13,District 13,juvenile_shooting_victims,*Juv Shooting Victims,last_28_days,count,count,2025,,,0,,0,,not_applicable,,,wilmington-compstat-v2,validated
weekly-2026-09-20-r1,weekly_compstat,2026-09-14,2026-09-20,1,224441568f81ffe637b2bd2710d43d6899f14c5913e83b684efe2ba6fca9d029,7,district,district_13,District 13,juvenile_shooting_victims,*Juv Shooting Victims,last_28_days,percent_change,percent,2026,2025,1,,,*,,undefined_zero_denominator,,undefined_zero_denominator,wilmington-compstat-v2,validated
weekly-2026-09-20-r1,weekly_compstat,2026-09-14,2026-09-20,1,224441568f81ffe637b2bd2710d43d6899f14c5913e83b684efe2ba6fca9d029,7,district,district_13,District 13,juvenile_shooting_victims,*Juv Shooting Victims,year_to_date,count,count,2026,,,2,,2,,not_applicable,,,wilmington-compstat-v2,validated
weekly-2026-09-20-r1,weekly_compstat,2026-09-14,2026-09-20,1,224441568f81ffe637b2bd2710d43d6899f14c5913e83b684efe2ba6fca9d029,7,district,district_13,District 13,juvenile_shooting_victims,*Juv Shooting Victims,year_to_date,count,count,2025,,,1,,1,,not_applicable,,,wilmington-compstat-v2,validated
weekly-2026-09-20-r1,weekly_compstat,2026-09-14,2026-09-20,1,224441568f81ffe637b2bd2710d43d6899f14c5913e83b684efe2ba6fca9d029,7,district,district_13,District 13,juvenile_shooting_victims,*Juv Shooting Victims,year_to_date,percent_change,percent,2026,2025,1,100.0,1.0,100%,100.0,matched,,,wilmington-compstat-v2,validated
weekly-2026-09-20-r1,weekly_compstat,2026-09-14,2026-09-20,1,224441568f81ffe637b2bd2710d43d6899f14c5913e83b684efe2ba6fca9d029,7,district,district_13,District 13,juvenile_shooting_victims,*Juv Shooting Victims,year_to_date,percent_change,percent,2026,2024,2,-33.0,-0.33,-33%,,not_checkable,,,wilmington-compstat-v2,validated
weekly-2026-09-20-r1,weekly_compstat,2026-09-14,2026-09-20,1,224441568f81ffe637b2bd2710d43d6899f14c5913e83b684efe2ba6fca9d029,7,district,district_13,District 13,juvenile_shooting_victims,*Juv Shooting Victims,year_to_date,percent_change,percent,2026,2023,3,100.0,1.0,100%,,not_checkable,,,wilmington-compstat-v2,validated
weekly-2026-09-20-r1,weekly_compstat,2026-09-14,2026-09-20,1,224441568f81ffe637b2bd2710d43d6899f14c5913e83b684efe2ba6fca9d029,7,district,district_13,District 13,juvenile_shooting_victims,*Juv Shooting Victims,year_to_date,percent_change,percent,2026,2022,4,-33.0,-0.33,-33%,,not_checkable,,,wilmington-compstat-v2,validated
weekly-2026-09-20-r1,weekly_compstat,2026-09-14,2026-09-20,1,224441568f81ffe637b2bd2710d43d6899f14c5913e83b684efe2ba6fca9d029,7,district,district_13,District 13,juvenile_shooting_victims,*Juv Shooting Victims,year_to_date,percent_change,percent,2026,2021,5,,,*,,not_checkable,,undefined_zero_denominator,wilmington-compstat-v2,validated
weekly-2026-09-20-r1,weekly_compstat,2026-09-14,2026-09-20,1,224441568f81ffe637b2bd2710d43d6899f14c5913e83b684efe2ba6fca9d029,7,district,district_13,District 13,juvenile_shooting_victims,*Juv Shooting Victims,year_to_date,percent_change,percent,2026,2020,6,,,*,,not_checkable,,undefined_zero_denominator,wilmington-compstat-v2,validated
weekly-2026-09-20-r1,weekly_compstat,2026-09-14,2026-09-20,1,224441568f81ffe637b2bd2710d43d6899f14c5913e83b684efe2ba6fca9d029,7,district,district_13,District 13,misdemeanor_theft,Theft (Misdemeanor),last_7_days,count,count,2026,,,1,,1,,not_applicable,,,wilmington-compstat-v2,validated
weekly-2026-09-20-r1,weekly_compstat,2026-09-14,2026-09-20,1,224441568f81ffe637b2bd2710d43d6899f14c5913e83b684efe2ba6fca9d029,7,district,district_13,District 13,misdemeanor_theft,Theft (Misdemeanor),last_7_days,count,count,2025,,,0,,0,,not_applicable,,,wilmington-compstat-v2,validated
weekly-2026-09-20-r1,weekly_compstat,2026-09-14,2026-09-20,1,224441568f81ffe637b2bd2710d43d6899f14c5913e83b684efe2ba6fca9d029,7,district,district_13,District 13,misdemeanor_theft,Theft (Misdemeanor),last_7_days,percent_change,percent,2026,2025,1,,,*,,undefined_zero_denominator,,undefined_zero_denominator,wilmington-compstat-v2,validated
weekly-2026-09-20-r1,weekly_compstat,2026-09-14,2026-09-20,1,224441568f81ffe637b2bd2710d43d6899f14c5913e83b684efe2ba6fca9d029,7,district,district_13,District 13,misdemeanor_theft,Theft (Misdemeanor),last_28_days,count,count,2026,,,4,,4,,not_applicable,,,wilmington-compstat-v2,validated
weekly-2026-09-20-r1,weekly_compstat,2026-09-14,2026-09-20,1,224441568f81ffe637b2bd2710d43d6899f14c5913e83b684efe2ba6fca9d029,7,district,district_13,District 13,misdemeanor_theft,Theft (Misdemeanor),last_28_days,count,count,2025,,,2,,2,,not_applicable,,,wilmington-compstat-v2,validated
weekly-2026-09-20-r1,weekly_compstat,2026-09-14,2026-09-20,1,224441568f81ffe637b2bd2710d43d6899f14c5913e83b684efe2ba6fca9d029,7,district,district_13,District 13,misdemeanor_theft,Theft (Misdemeanor),last_28_days,percent_change,percent,2026,2025,1,100.0,1.0,100%,100.0,matched,,,wilmington-compstat-v2,validated
weekly-2026-09-20-r1,weekly_compstat,2026-09-14,2026-09-20,1,224441568f81ffe637b2bd2710d43d6899f14c5913e83b684efe2ba6fca9d029,7,district,district_13,District 13,misdemeanor_theft,Theft (Misdemeanor),year_to_date,count,count,2026,,,59,,59,,not_applicable,,,wilmington-compstat-v2,validated
weekly-2026-09-20-r1,weekly_compstat,2026-09-14,2026-09-20,1,224441568f81ffe637b2bd2710d43d6899f14c5913e83b684efe2ba6fca9d029,7,district,district_13,District 13,misdemeanor_theft,Theft (Misdemeanor),year_to_date,count,count,2025,,,50,,50,,not_applicable,,,wilmington-compstat-v2,validated
weekly-2026-09-20-r1,weekly_compstat,2026-09-14,2026-09-20,1,224441568f81ffe637b2bd2710d43d6899f14c5913e83b684efe2ba6fca9d029,7,district,district_13,District 13,misdemeanor_theft,Theft (Misdemeanor),year_to_date,percent_change,percent,2026,2025,1,18.0,0.18,18%,18.0,matched,,,wilmington-compstat-v2,validated
weekly-2026-09-20-r1,weekly_compstat,2026-09-14,2026-09-20,1,224441568f81ffe637b2bd2710d43d6899f14c5913e83b684efe2ba6fca9d029,7,district,district_13,District 13,misdemeanor_theft,Theft (Misdemeanor),year_to_date,percent_change,percent,2026,2024,2,23.0,0.23,23%,,not_checkable,,,wilmington-compstat-v2,validated
weekly-2026-09-20-r1,weekly_compstat,2026-09-14,2026-09-20,1,224441568f81ffe637b2bd2710d43d6899f14c5913e83b684efe2ba6fca9d029,7,district,district_13,District 13,misdemeanor_theft,Theft (Misdemeanor),year_to_date,percent_change,percent,2026,2023,3,37.0,0.37,37%,,not_checkable,,,wilmington-compstat-v2,validated
weekly-2026-09-20-r1,weekly_compstat,2026-09-14,2026-09-20,1,224441568f81ffe637b2bd2710d43d6899f14c5913e83b684efe2ba6fca9d029,7,district,district_13,District 13,misdemeanor_theft,Theft (Misdemeanor),year_to_date,percent_change,percent,2026,2022,4,13.0,0.13,13%,,not_checkable,,,wilmington-compstat-v2,validated
weekly-2026-09-20-r1,weekly_compstat,2026-09-14,2026-09-20,1,224441568f81ffe637b2bd2710d43d6899f14c5913e83b684efe2ba6fca9d029,7,district,district_13,District 13,misdemeanor_theft,Theft (Misdemeanor),year_to_date,percent_change,percent,2026,2021,5,13.0,0.13,13%,,not_checkable,,,wilmington-compstat-v2,validated
weekly-2026-09-20-r1,weekly_compstat,2026-09-14,2026-09-20,1,224441568f81ffe637b2bd2710d43d6899f14c5913e83b684efe2ba6fca9d029,7,district,district_13,District 13,misdemeanor_theft,Theft (Misdemeanor),year_to_date,percent_change,percent,2026,2020,6,4.0,0.04,4%,,not_checkable,,,wilmington-compstat-v2,validated
weekly-2026-09-20-r1,weekly_compstat,2026-09-14,2026-09-20,1,224441568f81ffe637b2bd2710d43d6899f14c5913e83b684efe2ba6fca9d029,9,district,district_14,District 14,murder,Murder,last_7_days,count,count,2026,,,0,,0,,not_applicable,,,wilmington-compstat-v2,validated
weekly-2026-09-20-r1,weekly_compstat,2026-09-14,2026-09-20,1,224441568f81ffe637b2bd2710d43d6899f14c5913e83b684efe2ba6fca9d029,9,district,district_14,District 14,murder,Murder,last_7_days,count,count,2025,,,0,,0,,not_applicable,,,wilmington-compstat-v2,validated
weekly-2026-09-20-r1,weekly_compstat,2026-09-14,2026-09-20,1,224441568f81ffe637b2bd2710d43d6899f14c5913e83b684efe2ba6fca9d029,9,district,district_14,District 14,murder,Murder,last_7_days,percent_change,percent,2026,2025,1,,,*,,undefined_zero_denominator,,undefined_zero_denominator,wilmington-compstat-v2,validated
weekly-2026-09-20-r1,weekly_compstat,2026-09-14,2026-09-20,1,224441568f81ffe637b2bd2710d43d6899f14c5913e83b684efe2ba6fca9d029,9,district,district_14,District 14,murder,Murder,last_28_days,count,count,2026,,,1,,1,,not_applicable,,,wilmington-compstat-v2,validated
weekly-2026-09-20-r1,weekly_compstat,2026-09-14,2026-09-20,1,224441568f81ffe637b2bd2710d43d6899f14c5913e83b684efe2ba6fca9d029,9,district,district_14,District 14,murder,Murder,last_28_days,count,count,2025,,,0,,0,,not_applicable,,,wilmington-compstat-v2,validated
weekly-2026-09-20-r1,weekly_compstat,2026-09-14,2026-09-20,1,224441568f81ffe637b2bd2710d43d6899f14c5913e83b684efe2ba6fca9d029,9,district,district_14,District 14,murder,Murder,last_28_days,percent_change,percent,2026,2025,1,,,*,,undefined_zero_denominator,,undefined_zero_denominator,wilmington-compstat-v2,validated
weekly-2026-09-20-r1,weekly_compstat,2026-09-14,2026-09-20,1,224441568f81ffe637b2bd2710d43d6899f14c5913e83b684efe2ba6fca9d029,9,district,district_14,District 14,murder,Murder,year_to_date,count,count,2026,,,1,,1,,not_applicable,,,wilmington-compstat-v2,validated
weekly-2026-09-20-r1,weekly_compstat,2026-09-14,2026-09-20,1,224441568f81ffe637b2bd2710d43d6899f14c5913e83b684efe2ba6fca9d029,9,district,district_14,District 14,murder,Murder,year_to_date,count,count,2025,,,3,,3,,not_applicable,,,wilmington-compstat-v2,validated
weekly-2026-09-20-r1,weekly_compstat,2026-09-14,2026-09-20,1,224441568f81ffe637b2bd2710d43d6899f14c5913e83b684efe2ba6fca9d029,9,district,district_14,District 14,murder,Murder,year_to_date,percent_change,percent,2026,2025,1,-67.0,-0.67,-67%,-66.666667,matched,,,wilmington-compstat-v2,validated
weekly-2026-09-20-r1,weekly_compstat,2026-09-14,2026-09-20,1,224441568f81ffe637b2bd2710d43d6899f14c5913e83b684efe2ba6fca9d029,9,district,district_14,District 14,murder,Murder,year_to_date,percent_change,percent,2026,2024,2,,,*,,not_checkable,,undefined_zero_denominator,wilmington-compstat-v2,validated
weekly-2026-09-20-r1,weekly_compstat,2026-09-14,2026-09-20,1,224441568f81ffe637b2bd2710d43d6899f14c5913e83b684efe2ba6fca9d029,9,district,district_14,District 14,murder,Murder,year_to_date,percent_change,percent,2026,2023,3,,,*,,not_checkable,,undefined_zero_denominator,wilmington-compstat-v2,validated
weekly-2026-09-20-r1,weekly_compstat,2026-09-14,2026-09-20,1,224441568f81ffe637b2bd2710d43d6899f14c5913e83b684efe2ba6fca9d029,9,district,district_14,District 14,murder,Murder,year_to_date,percent_change,percent,2026,2022,4,-50.0,-0.5,-50%,,not_checkable,,,wilmington-compstat-v2,validated
weekly-2026-09-20-r1,weekly_compstat,2026-09-14,2026-09-20,1,224441568f81ffe637b2bd2710d43d6899f14c5913e83b684efe2ba6fca9d029,9,district,district_14,District 14,murder,Murder,year_to_date,percent_change,percent,2026,2021,5,-86.0,-0.86,-86%,,not_checkable,,,wilmington-compstat-v2,validated
weekly-2026-09-20-r1,weekly_compstat,2026-09-14,2026-09-20,1,224441568f81ffe637b2bd2710d43d6899f14c5913e83b684efe2ba6fca9d029,9,district,district_14,District 14,murder,Murder,year_to_date,percent_change,percent,2026,2020,6,,,*,,not_checkable,,undefined_zero_denominator,wilmington-compstat-v2,validated
weekly-2026-09-20-r1,weekly_compstat,2026-09-14,2026-09-20,1,224441568f81ffe637b2bd2710d43d6899f14c5913e83b684efe2ba6fca9d029,9,district,district_14,District 14,rape,Rape,last_7_days,count,count,2026,,,0,,0,,not_applicable,,,wilmington-compstat-v2,validated
weekly-2026-09-20-r1,weekly_compstat,2026-09-14,2026-09-20,1,224441568f81ffe637b2bd2710d43d6899f14c5913e83b684efe2ba6fca9d029,9,district,district_14,District 14,rape,Rape,last_7_days,count,count,2025,,,0,,0,,not_applicable,,,wilmington-compstat-v2,validated
weekly-2026-09-20-r1,weekly_compstat,2026-09-14,2026-09-20,1,224441568f81ffe637b2bd2710d43d6899f14c5913e83b684efe2ba6fca9d029,9,district,district_14,District 14,rape,Rape,last_7_days,percent_change,percent,2026,2025,1,,,*,,undefined_zero_denominator,,undefined_zero_denominator,wilmington-compstat-v2,validated
weekly-2026-09-20-r1,weekly_compstat,2026-09-14,2026-09-20,1,224441568f81ffe637b2bd2710d43d6899f14c5913e83b684efe2ba6fca9d029,9,district,district_14,District 14,rape,Rape,last_28_days,count,count,2026,,,0,,0,,not_applicable,,,wilmington-compstat-v2,validated
weekly-2026-09-20-r1,weekly_compstat,2026-09-14,2026-09-20,1,224441568f81ffe637b2bd2710d43d6899f14c5913e83b684efe2ba6fca9d029,9,district,district_14,District 14,rape,Rape,last_28_days,count,count,2025,,,0,,0,,not_applicable,,,wilmington-compstat-v2,validated
weekly-2026-09-20-r1,weekly_compstat,2026-09-14,2026-09-20,1,224441568f81ffe637b2bd2710d43d6899f14c5913e83b684efe2ba6fca9d029,9,district,district_14,District 14,rape,Rape,last_28_days,percent_change,percent,2026,2025,1,,,*,,undefined_zero_denominator,,undefined_zero_denominator,wilmington-compstat-v2,validated
weekly-2026-09-20-r1,weekly_compstat,2026-09-14,2026-09-20,1,224441568f81ffe637b2bd2710d43d6899f14c5913e83b684efe2ba6fca9d029,9,district,district_14,District 14,rape,Rape,year_to_date,count,count,2026,,,0,,0,,not_applicable,,,wilmington-compstat-v2,validated
weekly-2026-09-20-r1,weekly_compstat,2026-09-14,2026-09-20,1,224441568f81ffe637b2bd2710d43d6899f14c5913e83b684efe2ba6fca9d029,9,district,district_14,District 14,rape,Rape,year_to_date,count,count,2025,,,1,,1,,not_applicable,,,wilmington-compstat-v2,validated
weekly-2026-09-20-r1,weekly_compstat,2026-09-14,2026-09-20,1,224441568f81ffe637b2bd2710d43d6899f14c5913e83b684efe2ba6fca9d029,9,district,district_14,District 14,rape,Rape,year_to_date,percent_change,percent,2026,2025,1,-100.0,-1.0,-100%,-100.0,matched,,,wilmington-compstat-v2,validated
weekly-2026-09-20-r1,weekly_compstat,2026-09-14,2026-09-20,1,224441568f81ffe637b2bd2710d43d6899f14c5913e83b684efe2ba6fca9d029,9,district,district_14,District 14,rape,Rape,year_to_date,percent_change,percent,2026,2024,2,,,*,,not_checkable,,undefined_zero_denominator,wilmington-compstat-v2,validated
weekly-2026-09-20-r1,weekly_compstat,2026-09-14,2026-09-20,1,224441568f81ffe637b2bd2710d43d6899f14c5913e83b684efe2ba6fca9d029,9,district,district_14,District 14,rape,Rape,year_to_date,percent_change,percent,2026,2023,3,,,*,,not_checkable,,undefined_zero_denominator,wilmington-compstat-v2,validated
weekly-2026-09-20-r1,weekly_compstat,2026-09-14,2026-09-20,1,224441568f81ffe637b2bd2710d43d6899f14c5913e83b684efe2ba6fca9d029,9,district,district_14,District 14,rape,Rape,year_to_date,percent_change,percent,2026,2022,4,-100.0,-1.0,-100%,,not_checkable,,,wilmington-compstat-v2,validated
weekly-2026-09-20-r1,weekly_compstat,2026-09-14,2026-09-20,1,224441568f81ffe637b2bd2710d43d6899f14c5913e83b684efe2ba6fca9d029,9,district,district_14,District 14,rape,Rape,year_to_date,percent_change,percent,2026,2021,5,-100.0,-1.0,-100%,,not_checkable,,,wilmington-compstat-v2,validated
weekly-2026-09-20-r1,weekly_compstat,2026-09-14,2026-09-20,1,224441568f81ffe637b2bd2710d43d6899f14c5913e83b684efe2ba6fca9d029,9,district,district_14,District 14,rape,Rape,year_to_date,percent_change,percent,2026,2020,6,-100.0,-1.0,-100%,,not_checkable,,,wilmington-compstat-v2,validated
weekly-2026-09-20-r1,weekly_compstat,2026-09-14,2026-09-20,1,224441568f81ffe637b2bd2710d43d6899f14c5913e83b684efe2ba6fca9d029,9,district,district_14,District 14,robbery,Robbery,last_7_days,count,count,2026,,,0,,0,,not_applicable,,,wilmington-compstat-v2,validated
weekly-2026-09-20-r1,weekly_compstat,2026-09-14,2026-09-20,1,224441568f81ffe637b2bd2710d43d6899f14c5913e83b684efe2ba6fca9d029,9,district,district_14,District 14,robbery,Robbery,last_7_days,count,count,2025,,,0,,0,,not_applicable,,,wilmington-compstat-v2,validated
weekly-2026-09-20-r1,weekly_compstat,2026-09-14,2026-09-20,1,224441568f81ffe637b2bd2710d43d6899f14c5913e83b684efe2ba6fca9d029,9,district,district_14,District 14,robbery,Robbery,last_7_days,percent_change,percent,2026,2025,1,,,*,,undefined_zero_denominator,,undefined_zero_denominator,wilmington-compstat-v2,validated
weekly-2026-09-20-r1,weekly_compstat,2026-09-14,2026-09-20,1,224441568f81ffe637b2bd2710d43d6899f14c5913e83b684efe2ba6fca9d029,9,district,district_14,District 14,robbery,Robbery,last_28_days,count,count,2026,,,1,,1,,not_applicable,,,wilmington-compstat-v2,validated
weekly-2026-09-20-r1,weekly_compstat,2026-09-14,2026-09-20,1,224441568f81ffe637b2bd2710d43d6899f14c5913e83b684efe2ba6fca9d029,9,district,district_14,District 14,robbery,Robbery,last_28_days,count,count,2025,,,1,,1,,not_applicable,,,wilmington-compstat-v2,validated
weekly-2026-09-20-r1,weekly_compstat,2026-09-14,2026-09-20,1,224441568f81ffe637b2bd2710d43d6899f14c5913e83b684efe2ba6fca9d029,9,district,district_14,District 14,robbery,Robbery,last_28_days,percent_change,percent,2026,2025,1,0.0,0.0,0%,0.0,matched,,,wilmington-compstat-v2,validated
weekly-2026-09-20-r1,weekly_compstat,2026-09-14,2026-09-20,1,224441568f81ffe637b2bd2710d43d6899f14c5913e83b684efe2ba6fca9d029,9,district,district_14,District 14,robbery,Robbery,year_to_date,count,count,2026,,,7,,7,,not_applicable,,,wilmington-compstat-v2,validated
weekly-2026-09-20-r1,weekly_compstat,2026-09-14,2026-09-20,1,224441568f81ffe637b2bd2710d43d6899f14c5913e83b684efe2ba6fca9d029,9,district,district_14,District 14,robbery,Robbery,year_to_date,count,count,2025,,,12,,12,,not_applicable,,,wilmington-compstat-v2,validated
weekly-2026-09-20-r1,weekly_compstat,2026-09-14,2026-09-20,1,224441568f81ffe637b2bd2710d43d6899f14c5913e83b684efe2ba6fca9d029,9,district,district_14,District 14,robbery,Robbery,year_to_date,percent_change,percent,2026,2025,1,-42.0,-0.42,-42%,-41.666667,matched,,,wilmington-compstat-v2,validated
weekly-2026-09-20-r1,weekly_compstat,2026-09-14,2026-09-20,1,224441568f81ffe637b2bd2710d43d6899f14c5913e83b684efe2ba6fca9d029,9,district,district_14,District 14,robbery,Robbery,year_to_date,percent_change,percent,2026,2024,2,-53.0,-0.53,-53%,,not_checkable,,,wilmington-compstat-v2,validated
weekly-2026-09-20-r1,weekly_compstat,2026-09-14,2026-09-20,1,224441568f81ffe637b2bd2710d43d6899f14c5913e83b684efe2ba6fca9d029,9,district,district_14,District 14,robbery,Robbery,year_to_date,percent_change,percent,2026,2023,3,-61.0,-0.61,-61%,,not_checkable,,,wilmington-compstat-v2,validated
weekly-2026-09-20-r1,weekly_compstat,2026-09-14,2026-09-20,1,224441568f81ffe637b2bd2710d43d6899f14c5913e83b684efe2ba6fca9d029,9,district,district_14,District 14,robbery,Robbery,year_to_date,percent_change,percent,2026,2022,4,-65.0,-0.65,-65%,,not_checkable,,,wilmington-compstat-v2,validated
weekly-2026-09-20-r1,weekly_compstat,2026-09-14,2026-09-20,1,224441568f81ffe637b2bd2710d43d6899f14c5913e83b684efe2ba6fca9d029,9,district,district_14,District 14,robbery,Robbery,year_to_date,percent_change,percent,2026,2021,5,-65.0,-0.65,-65%,,not_checkable,,,wilmington-compstat-v2,validated
weekly-2026-09-20-r1,weekly_compstat,2026-09-14,2026-09-20,1,224441568f81ffe637b2bd2710d43d6899f14c5913e83b684efe2ba6fca9d029,9,district,district_14,District 14,robbery,Robbery,year_to_date,percent_change,percent,2026,2020,6,-77.0,-0.77,-77%,,not_checkable,,,wilmington-compstat-v2,validated
weekly-2026-09-20-r1,weekly_compstat,2026-09-14,2026-09-20,1,224441568f81ffe637b2bd2710d43d6899f14c5913e83b684efe2ba6fca9d029,9,district,district_14,District 14,aggravated_assault,Agg. Assault,last_7_days,count,count,2026,,,0,,0,,not_applicable,,,wilmington-compstat-v2,validated
weekly-2026-09-20-r1,weekly_compstat,2026-09-14,2026-09-20,1,224441568f81ffe637b2bd2710d43d6899f14c5913e83b684efe2ba6fca9d029,9,district,district_14,District 14,aggravated_assault,Agg. Assault,last_7_days,count,count,2025,,,2,,2,,not_applicable,,,wilmington-compstat-v2,validated
weekly-2026-09-20-r1,weekly_compstat,2026-09-14,2026-09-20,1,224441568f81ffe637b2bd2710d43d6899f14c5913e83b684efe2ba6fca9d029,9,district,district_14,District 14,aggravated_assault,Agg. Assault,last_7_days,percent_change,percent,2026,2025,1,-100.0,-1.0,-100%,-100.0,matched,,,wilmington-compstat-v2,validated
weekly-2026-09-20-r1,weekly_compstat,2026-09-14,2026-09-20,1,224441568f81ffe637b2bd2710d43d6899f14c5913e83b684efe2ba6fca9d029,9,district,district_14,District 14,aggravated_assault,Agg. Assault,last_28_days,count,count,2026,,,4,,4,,not_applicable,,,wilmington-compstat-v2,validated
weekly-2026-09-20-r1,weekly_compstat,2026-09-14,2026-09-20,1,224441568f81ffe637b2bd2710d43d6899f14c5913e83b684efe2ba6fca9d029,9,district,district_14,District 14,aggravated_assault,Agg. Assault,last_28_days,count,count,2025,,,8,,8,,not_applicable,,,wilmington-compstat-v2,validated
weekly-2026-09-20-r1,weekly_compstat,2026-09-14,2026-09-20,1,224441568f81ffe637b2bd2710d43d6899f14c5913e83b684efe2ba6fca9d029,9,district,district_14,District 14,aggravated_assault,Agg. Assault,last_28_days,percent_change,percent,2026,2025,1,-50.0,-0.5,-50%,-50.0,matched,,,wilmington-compstat-v2,validated
weekly-2026-09-20-r1,weekly_compstat,2026-09-14,2026-09-20,1,224441568f81ffe637b2bd2710d43d6899f14c5913e83b684efe2ba6fca9d029,9,district,district_14,District 14,aggravated_assault,Agg. Assault,year_to_date,count,count,2026,,,39,,39,,not_applicable,,,wilmington-compstat-v2,validated
weekly-2026-09-20-r1,weekly_compstat,2026-09-14,2026-09-20,1,224441568f81ffe637b2bd2710d43d6899f14c5913e83b684efe2ba6fca9d029,9,district,district_14,District 14,aggravated_assault,Agg. Assault,year_to_date,count,count,2025,,,44,,44,,not_applicable,,,wilmington-compstat-v2,validated
weekly-2026-09-20-r1,weekly_compstat,2026-09-14,2026-09-20,1,224441568f81ffe637b2bd2710d43d6899f14c5913e83b684efe2ba6fca9d029,9,district,district_14,District 14,aggravated_assault,Agg. Assault,year_to_date,percent_change,percent,2026,2025,1,-11.0,-0.11,-11%,-11.363636,matched,,,wilmington-compstat-v2,validated
weekly-2026-09-20-r1,weekly_compstat,2026-09-14,2026-09-20,1,224441568f81ffe637b2bd2710d43d6899f14c5913e83b684efe2ba6fca9d029,9,district,district_14,District 14,aggravated_assault,Agg. Assault,year_to_date,percent_change,percent,2026,2024,2,-9.0,-0.09,-9%,,not_checkable,,,wilmington-compstat-v2,validated
weekly-2026-09-20-r1,weekly_compstat,2026-09-14,2026-09-20,1,224441568f81ffe637b2bd2710d43d6899f14c5913e83b684efe2ba6fca9d029,9,district,district_14,District 14,aggravated_assault,Agg. Assault,year_to_date,percent_change,percent,2026,2023,3,-5.0,-0.05,-5%,,not_checkable,,,wilmington-compstat-v2,validated
weekly-2026-09-20-r1,weekly_compstat,2026-09-14,2026-09-20,1,224441568f81ffe637b2bd2710d43d6899f14c5913e83b684efe2ba6fca9d029,9,district,district_14,District 14,aggravated_assault,Agg. Assault,year_to_date,percent_change,percent,2026,2022,4,3.0,0.03,3%,,not_checkable,,,wilmington-compstat-v2,validated
weekly-2026-09-20-r1,weekly_compstat,2026-09-14,2026-09-20,1,224441568f81ffe637b2bd2710d43d6899f14c5913e83b684efe2ba6fca9d029,9,district,district_14,District 14,aggravated_assault,Agg. Assault,year_to_date,percent_change,percent,2026,2021,5,-30.0,-0.3,-30%,,not_checkable,,,wilmington-compstat-v2,validated
weekly-2026-09-20-r1,weekly_compstat,2026-09-14,2026-09-20,1,224441568f81ffe637b2bd2710d43d6899f14c5913e83b684efe2ba6fca9d029,9,district,district_14,District 14,aggravated_assault,Agg. Assault,year_to_date,percent_change,percent,2026,2020,6,-33.0,-0.33,-33%,,not_checkable,,,wilmington-compstat-v2,validated
weekly-2026-09-20-r1,weekly_compstat,2026-09-14,2026-09-20,1,224441568f81ffe637b2bd2710d43d6899f14c5913e83b684efe2ba6fca9d029,9,district,district_14,District 14,burglary,Burglary,last_7_days,count,count,2026,,,2,,2,,not_applicable,,,wilmington-compstat-v2,validated
weekly-2026-09-20-r1,weekly_compstat,2026-09-14,2026-09-20,1,224441568f81ffe637b2bd2710d43d6899f14c5913e83b684efe2ba6fca9d029,9,district,district_14,District 14,burglary,Burglary,last_7_days,count,count,2025,,,0,,0,,not_applicable,,,wilmington-compstat-v2,validated
weekly-2026-09-20-r1,weekly_compstat,2026-09-14,2026-09-20,1,224441568f81ffe637b2bd2710d43d6899f14c5913e83b684efe2ba6fca9d029,9,district,district_14,District 14,burglary,Burglary,last_7_days,percent_change,percent,2026,2025,1,,,*,,undefined_zero_denominator,,undefined_zero_denominator,wilmington-compstat-v2,validated
weekly-2026-09-20-r1,weekly_compstat,2026-09-14,2026-09-20,1,224441568f81ffe637b2bd2710d43d6899f14c5913e83b684efe2ba6fca9d029,9,district,district_14,District 14,burglary,Burglary,last_28_days,count,count,2026,,,6,,6,,not_applicable,,,wilmington-compstat-v2,validated
weekly-2026-09-20-r1,weekly_compstat,2026-09-14,2026-09-20,1,224441568f81ffe637b2bd2710d43d6899f14c5913e83b684efe2ba6fca9d029,9,district,district_14,District 14,burglary,Burglary,last_28_days,count,count,2025,,,1,,1,,not_applicable,,,wilmington-compstat-v2,validated
weekly-2026-09-20-r1,weekly_compstat,2026-09-14,2026-09-20,1,224441568f81ffe637b2bd2710d43d6899f14c5913e83b684efe2ba6fca9d029,9,district,district_14,District 14,burglary,Burglary,last_28_days,percent_change,percent,2026,2025,1,500.0,5.0,500%,500.0,matched,,,wilmington-compstat-v2,validated
weekly-2026-09-20-r1,weekly_compstat,2026-09-14,2026-09-20,1,224441568f81ffe637b2bd2710d43d6899f14c5913e83b684efe2ba6fca9d029,9,district,district_14,District 14,burglary,Burglary,year_to_date,count,count,2026,,,41,,41,,not_applicable,,,wilmington-compstat-v2,validated
weekly-2026-09-20-r1,weekly_compstat,2026-09-14,2026-09-20,1,224441568f81ffe637b2bd2710d43d6899f14c5913e83b684efe2ba6fca9d029,9,district,district_14,District 14,burglary,Burglary,year_to_date,count,count,2025,,,47,,47,,not_applicable,,,wilmington-compstat-v2,validated
weekly-2026-09-20-r1,weekly_compstat,2026-09-14,2026-09-20,1,224441568f81ffe637b2bd2710d43d6899f14c5913e83b684efe2ba6fca9d029,9,district,district_14,District 14,burglary,Burglary,year_to_date,percent_change,percent,2026,2025,1,-13.0,-0.13,-13%,-12.765957,matched,,,wilmington-compstat-v2,validated
weekly-2026-09-20-r1,weekly_compstat,2026-09-14,2026-09-20,1,224441568f81ffe637b2bd2710d43d6899f14c5913e83b684efe2ba6fca9d029,9,district,district_14,District 14,burglary,Burglary,year_to_date,percent_change,percent,2026,2024,2,58.0,0.58,58%,,not_checkable,,,wilmington-compstat-v2,validated
weekly-2026-09-20-r1,weekly_compstat,2026-09-14,2026-09-20,1,224441568f81ffe637b2bd2710d43d6899f14c5913e83b684efe2ba6fca9d029,9,district,district_14,District 14,burglary,Burglary,year_to_date,percent_change,percent,2026,2023,3,32.0,0.32,32%,,not_checkable,,,wilmington-compstat-v2,validated
weekly-2026-09-20-r1,weekly_compstat,2026-09-14,2026-09-20,1,224441568f81ffe637b2bd2710d43d6899f14c5913e83b684efe2ba6fca9d029,9,district,district_14,District 14,burglary,Burglary,year_to_date,percent_change,percent,2026,2022,4,-9.0,-0.09,-9%,,not_checkable,,,wilmington-compstat-v2,validated
weekly-2026-09-20-r1,weekly_compstat,2026-09-14,2026-09-20,1,224441568f81ffe637b2bd2710d43d6899f14c5913e83b684efe2ba6fca9d029,9,district,district_14,District 14,burglary,Burglary,year_to_date,percent_change,percent,2026,2021,5,5.0,0.05,5%,,not_checkable,,,wilmington-compstat-v2,validated
weekly-2026-09-20-r1,weekly_compstat,2026-09-14,2026-09-20,1,224441568f81ffe637b2bd2710d43d6899f14c5913e83b684efe2ba6fca9d029,9,district,district_14,District 14,burglary,Burglary,year_to_date,percent_change,percent,2026,2020,6,-11.0,-0.11,-11%,,not_checkable,,,wilmington-compstat-v2,validated
weekly-2026-09-20-r1,weekly_compstat,2026-09-14,2026-09-20,1,224441568f81ffe637b2bd2710d43d6899f14c5913e83b684efe2ba6fca9d029,9,district,district_14,District 14,felony_theft,Felony Theft,last_7_days,count,count,2026,,,1,,1,,not_applicable,,,wilmington-compstat-v2,validated
weekly-2026-09-20-r1,weekly_compstat,2026-09-14,2026-09-20,1,224441568f81ffe637b2bd2710d43d6899f14c5913e83b684efe2ba6fca9d029,9,district,district_14,District 14,felony_theft,Felony Theft,last_7_days,count,count,2025,,,0,,0,,not_applicable,,,wilmington-compstat-v2,validated
weekly-2026-09-20-r1,weekly_compstat,2026-09-14,2026-09-20,1,224441568f81ffe637b2bd2710d43d6899f14c5913e83b684efe2ba6fca9d029,9,district,district_14,District 14,felony_theft,Felony Theft,last_7_days,percent_change,percent,2026,2025,1,,,*,,undefined_zero_denominator,,undefined_zero_denominator,wilmington-compstat-v2,validated
weekly-2026-09-20-r1,weekly_compstat,2026-09-14,2026-09-20,1,224441568f81ffe637b2bd2710d43d6899f14c5913e83b684efe2ba6fca9d029,9,district,district_14,District 14,felony_theft,Felony Theft,last_28_days,count,count,2026,,,4,,4,,not_applicable,,,wilmington-compstat-v2,validated
weekly-2026-09-20-r1,weekly_compstat,2026-09-14,2026-09-20,1,224441568f81ffe637b2bd2710d43d6899f14c5913e83b684efe2ba6fca9d029,9,district,district_14,District 14,felony_theft,Felony Theft,last_28_days,count,count,2025,,,4,,4,,not_applicable,,,wilmington-compstat-v2,validated
weekly-2026-09-20-r1,weekly_compstat,2026-09-14,2026-09-20,1,224441568f81ffe637b2bd2710d43d6899f14c5913e83b684efe2ba6fca9d029,9,district,district_14,District 14,felony_theft,Felony Theft,last_28_days,percent_change,percent,2026,2025,1,0.0,0.0,0%,0.0,matched,,,wilmington-compstat-v2,validated
weekly-2026-09-20-r1,weekly_compstat,2026-09-14,2026-09-20,1,224441568f81ffe637b2bd2710d43d6899f14c5913e83b684efe2ba6fca9d029,9,district,district_14,District 14,felony_theft,Felony Theft,year_to_date,count,count,2026,,,33,,33,,not_applicable,,,wilmington-compstat-v2,validated
weekly-2026-09-20-r1,weekly_compstat,2026-09-14,2026-09-20,1,224441568f81ffe637b2bd2710d43d6899f14c5913e83b684efe2ba6fca9d029,9,district,district_14,District 14,felony_theft,Felony Theft,year_to_date,count,count,2025,,,32,,32,,not_applicable,,,wilmington-compstat-v2,validated
weekly-2026-09-20-r1,weekly_compstat,2026-09-14,2026-09-20,1,224441568f81ffe637b2bd2710d43d6899f14c5913e83b684efe2ba6fca9d029,9,district,district_14,District 14,felony_theft,Felony Theft,year_to_date,percent_change,percent,2026,2025,1,3.0,0.03,3%,3.125,matched,,,wilmington-compstat-v2,validated
weekly-2026-09-20-r1,weekly_compstat,2026-09-14,2026-09-20,1,224441568f81ffe637b2bd2710d43d6899f14c5913e83b684efe2ba6fca9d029,9,district,district_14,District 14,felony_theft,Felony Theft,year_to_date,percent_change,percent,2026,2024,2,27.0,0.27,27%,,not_checkable,,,wilmington-compstat-v2,validated
weekly-2026-09-20-r1,weekly_compstat,2026-09-14,2026-09-20,1,224441568f81ffe637b2bd2710d43d6899f14c5913e83b684efe2ba6fca9d029,9,district,district_14,District 14,felony_theft,Felony Theft,year_to_date,percent_change,percent,2026,2023,3,0.0,0.0,0%,,not_checkable,,,wilmington-compstat-v2,validated
weekly-2026-09-20-r1,weekly_compstat,2026-09-14,2026-09-20,1,224441568f81ffe637b2bd2710d43d6899f14c5913e83b684efe2ba6fca9d029,9,district,district_14,District 14,felony_theft,Felony Theft,year_to_date,percent_change,percent,2026,2022,4,-11.0,-0.11,-11%,,not_checkable,,,wilmington-compstat-v2,validated
weekly-2026-09-20-r1,weekly_compstat,2026-09-14,2026-09-20,1,224441568f81ffe637b2bd2710d43d6899f14c5913e83b684efe2ba6fca9d029,9,district,district_14,District 14,felony_theft,Felony Theft,year_to_date,percent_change,percent,2026,2021,5,-23.0,-0.23,-23%,,not_checkable,,,wilmington-compstat-v2,validated
weekly-2026-09-20-r1,weekly_compstat,2026-09-14,2026-09-20,1,224441568f81ffe637b2bd2710d43d6899f14c5913e83b684efe2ba6fca9d029,9,district,district_14,District 14,felony_theft,Felony Theft,year_to_date,percent_change,percent,2026,2020,6,43.0,0.43,43%,,not_checkable,,,wilmington-compstat-v2,validated
weekly-2026-09-20-r1,weekly_compstat,2026-09-14,2026-09-20,1,224441568f81ffe637b2bd2710d43d6899f14c5913e83b684efe2ba6fca9d029,9,district,district_14,District 14,auto_theft,Auto Theft,last_7_days,count,count,2026,,,0,,0,,not_applicable,,,wilmington-compstat-v2,validated
weekly-2026-09-20-r1,weekly_compstat,2026-09-14,2026-09-20,1,224441568f81ffe637b2bd2710d43d6899f14c5913e83b684efe2ba6fca9d029,9,district,district_14,District 14,auto_theft,Auto Theft,last_7_days,count,count,2025,,,0,,0,,not_applicable,,,wilmington-compstat-v2,validated
weekly-2026-09-20-r1,weekly_compstat,2026-09-14,2026-09-20,1,224441568f81ffe637b2bd2710d43d6899f14c5913e83b684efe2ba6fca9d029,9,district,district_14,District 14,auto_theft,Auto Theft,last_7_days,percent_change,percent,2026,2025,1,,,*,,undefined_zero_denominator,,undefined_zero_denominator,wilmington-compstat-v2,validated
weekly-2026-09-20-r1,weekly_compstat,2026-09-14,2026-09-20,1,224441568f81ffe637b2bd2710d43d6899f14c5913e83b684efe2ba6fca9d029,9,district,district_14,District 14,auto_theft,Auto Theft,last_28_days,count,count,2026,,,3,,3,,not_applicable,,,wilmington-compstat-v2,validated
weekly-2026-09-20-r1,weekly_compstat,2026-09-14,2026-09-20,1,224441568f81ffe637b2bd2710d43d6899f14c5913e83b684efe2ba6fca9d029,9,district,district_14,District 14,auto_theft,Auto Theft,last_28_days,count,count,2025,,,4,,4,,not_applicable,,,wilmington-compstat-v2,validated
weekly-2026-09-20-r1,weekly_compstat,2026-09-14,2026-09-20,1,224441568f81ffe637b2bd2710d43d6899f14c5913e83b684efe2ba6fca9d029,9,district,district_14,District 14,auto_theft,Auto Theft,last_28_days,percent_change,percent,2026,2025,1,-25.0,-0.25,-25%,-25.0,matched,,,wilmington-compstat-v2,validated
weekly-2026-09-20-r1,weekly_compstat,2026-09-14,2026-09-20,1,224441568f81ffe637b2bd2710d43d6899f14c5913e83b684efe2ba6fca9d029,9,district,district_14,District 14,auto_theft,Auto Theft,year_to_date,count,count,2026,,,48,,48,,not_applicable,,,wilmington-compstat-v2,validated
weekly-2026-09-20-r1,weekly_compstat,2026-09-14,2026-09-20,1,224441568f81ffe637b2bd2710d43d6899f14c5913e83b684efe2ba6fca9d029,9,district,district_14,District 14,auto_theft,Auto Theft,year_to_date,count,count,2025,,,69,,69,,not_applicable,,,wilmington-compstat-v2,validated
weekly-2026-09-20-r1,weekly_compstat,2026-09-14,2026-09-20,1,224441568f81ffe637b2bd2710d43d6899f14c5913e83b684efe2ba6fca9d029,9,district,district_14,District 14,auto_theft,Auto Theft,year_to_date,percent_change,percent,2026,2025,1,-30.0,-0.3,-30%,-30.434783,matched,,,wilmington-compstat-v2,validated
weekly-2026-09-20-r1,weekly_compstat,2026-09-14,2026-09-20,1,224441568f81ffe637b2bd2710d43d6899f14c5913e83b684efe2ba6fca9d029,9,district,district_14,District 14,auto_theft,Auto Theft,year_to_date,percent_change,percent,2026,2024,2,-34.0,-0.34,-34%,,not_checkable,,,wilmington-compstat-v2,validated
weekly-2026-09-20-r1,weekly_compstat,2026-09-14,2026-09-20,1,224441568f81ffe637b2bd2710d43d6899f14c5913e83b684efe2ba6fca9d029,9,district,district_14,District 14,auto_theft,Auto Theft,year_to_date,percent_change,percent,2026,2023,3,-34.0,-0.34,-34%,,not_checkable,,,wilmington-compstat-v2,validated
weekly-2026-09-20-r1,weekly_compstat,2026-09-14,2026-09-20,1,224441568f81ffe637b2bd2710d43d6899f14c5913e83b684efe2ba6fca9d029,9,district,district_14,District 14,auto_theft,Auto Theft,year_to_date,percent_change,percent,2026,2022,4,-6.0,-0.06,-6%,,not_checkable,,,wilmington-compstat-v2,validated
weekly-2026-09-20-r1,weekly_compstat,2026-09-14,2026-09-20,1,224441568f81ffe637b2bd2710d43d6899f14c5913e83b684efe2ba6fca9d029,9,district,district_14,District 14,auto_theft,Auto Theft,year_to_date,percent_change,percent,2026,2021,5,12.0,0.12,12%,,not_checkable,,,wilmington-compstat-v2,validated
weekly-2026-09-20-r1,weekly_compstat,2026-09-14,2026-09-20,1,224441568f81ffe637b2bd2710d43d6899f14c5913e83b684efe2ba6fca9d029,9,district,district_14,District 14,auto_theft,Auto Theft,year_to_date,percent_change,percent,2026,2020,6,-16.0,-0.16,-16%,,not_checkable,,,wilmington-compstat-v2,validated
weekly-2026-09-20-r1,weekly_compstat,2026-09-14,2026-09-20,1,224441568f81ffe637b2bd2710d43d6899f14c5913e83b684efe2ba6fca9d029,9,district,district_14,District 14,major_crime_total,TOTAL,last_7_days,count,count,2026,,,3,,3,,not_applicable,,,wilmington-compstat-v2,validated
weekly-2026-09-20-r1,weekly_compstat,2026-09-14,2026-09-20,1,224441568f81ffe637b2bd2710d43d6899f14c5913e83b684efe2ba6fca9d029,9,district,district_14,District 14,major_crime_total,TOTAL,last_7_days,count,count,2025,,,2,,2,,not_applicable,,,wilmington-compstat-v2,validated
weekly-2026-09-20-r1,weekly_compstat,2026-09-14,2026-09-20,1,224441568f81ffe637b2bd2710d43d6899f14c5913e83b684efe2ba6fca9d029,9,district,district_14,District 14,major_crime_total,TOTAL,last_7_days,percent_change,percent,2026,2025,1,50.0,0.5,50%,50.0,matched,,,wilmington-compstat-v2,validated
weekly-2026-09-20-r1,weekly_compstat,2026-09-14,2026-09-20,1,224441568f81ffe637b2bd2710d43d6899f14c5913e83b684efe2ba6fca9d029,9,district,district_14,District 14,major_crime_total,TOTAL,last_28_days,count,count,2026,,,19,,19,,not_applicable,,,wilmington-compstat-v2,validated
weekly-2026-09-20-r1,weekly_compstat,2026-09-14,2026-09-20,1,224441568f81ffe637b2bd2710d43d6899f14c5913e83b684efe2ba6fca9d029,9,district,district_14,District 14,major_crime_total,TOTAL,last_28_days,count,count,2025,,,18,,18,,not_applicable,,,wilmington-compstat-v2,validated
weekly-2026-09-20-r1,weekly_compstat,2026-09-14,2026-09-20,1,224441568f81ffe637b2bd2710d43d6899f14c5913e83b684efe2ba6fca9d029,9,district,district_14,District 14,major_crime_total,TOTAL,last_28_days,percent_change,percent,2026,2025,1,6.0,0.06,6%,5.555556,matched,,,wilmington-compstat-v2,validated
weekly-2026-09-20-r1,weekly_compstat,2026-09-14,2026-09-20,1,224441568f81ffe637b2bd2710d43d6899f14c5913e83b684efe2ba6fca9d029,9,district,district_14,District 14,major_crime_total,TOTAL,year_to_date,count,count,2026,,,169,,169,,not_applicable,,,wilmington-compstat-v2,validated
weekly-2026-09-20-r1,weekly_compstat,2026-09-14,2026-09-20,1,224441568f81ffe637b2bd2710d43d6899f14c5913e83b684efe2ba6fca9d029,9,district,district_14,District 14,major_crime_total,TOTAL,year_to_date,count,count,2025,,,208,,208,,not_applicable,,,wilmington-compstat-v2,validated
weekly-2026-09-20-r1,weekly_compstat,2026-09-14,2026-09-20,1,224441568f81ffe637b2bd2710d43d6899f14c5913e83b684efe2ba6fca9d029,9,district,district_14,District 14,major_crime_total,TOTAL,year_to_date,percent_change,percent,2026,2025,1,-19.0,-0.19,-19%,-18.75,matched,,,wilmington-compstat-v2,validated
weekly-2026-09-20-r1,weekly_compstat,2026-09-14,2026-09-20,1,224441568f81ffe637b2bd2710d43d6899f14c5913e83b684efe2ba6fca9d029,9,district,district_14,District 14,major_crime_total,TOTAL,year_to_date,percent_change,percent,2026,2024,2,-8.0,-0.08,-8%,,not_checkable,,,wilmington-compstat-v2,validated
weekly-2026-09-20-r1,weekly_compstat,2026-09-14,2026-09-20,1,224441568f81ffe637b2bd2710d43d6899f14c5913e83b684efe2ba6fca9d029,9,district,district_14,District 14,major_crime_total,TOTAL,year_to_date,percent_change,percent,2026,2023,3,-14.0,-0.14,-14%,,not_checkable,,,wilmington-compstat-v2,validated
weekly-2026-09-20-r1,weekly_compstat,2026-09-14,2026-09-20,1,224441568f81ffe637b2bd2710d43d6899f14c5913e83b684efe2ba6fca9d029,9,district,district_14,District 14,major_crime_total,TOTAL,year_to_date,percent_change,percent,2026,2022,4,-13.0,-0.13,-13%,,not_checkable,,,wilmington-compstat-v2,validated
weekly-2026-09-20-r1,weekly_compstat,2026-09-14,2026-09-20,1,224441568f81ffe637b2bd2710d43d6899f14c5913e83b684efe2ba6fca9d029,9,district,district_14,District 14,major_crime_total,TOTAL,year_to_date,percent_change,percent,2026,2021,5,-19.0,-0.19,-19%,,not_checkable,,,wilmington-compstat-v2,validated
weekly-2026-09-20-r1,weekly_compstat,2026-09-14,2026-09-20,1,224441568f81ffe637b2bd2710d43d6899f14c5913e83b684efe2ba6fca9d029,9,district,district_14,District 14,major_crime_total,TOTAL,year_to_date,percent_change,percent,2026,2020,6,-22.0,-0.22,-22%,,not_checkable,,,wilmington-compstat-v2,validated
weekly-2026-09-20-r1,weekly_compstat,2026-09-14,2026-09-20,1,224441568f81ffe637b2bd2710d43d6899f14c5913e83b684efe2ba6fca9d029,9,district,district_14,District 14,shooting_incidents,Shooting Incidents,last_7_days,count,count,2026,,,0,,0,,not_applicable,,,wilmington-compstat-v2,validated
weekly-2026-09-20-r1,weekly_compstat,2026-09-14,2026-09-20,1,224441568f81ffe637b2bd2710d43d6899f14c5913e83b684efe2ba6fca9d029,9,district,district_14,District 14,shooting_incidents,Shooting Incidents,last_7_days,count,count,2025,,,1,,1,,not_applicable,,,wilmington-compstat-v2,validated
weekly-2026-09-20-r1,weekly_compstat,2026-09-14,2026-09-20,1,224441568f81ffe637b2bd2710d43d6899f14c5913e83b684efe2ba6fca9d029,9,district,district_14,District 14,shooting_incidents,Shooting Incidents,last_7_days,percent_change,percent,2026,2025,1,-100.0,-1.0,-100%,-100.0,matched,,,wilmington-compstat-v2,validated
weekly-2026-09-20-r1,weekly_compstat,2026-09-14,2026-09-20,1,224441568f81ffe637b2bd2710d43d6899f14c5913e83b684efe2ba6fca9d029,9,district,district_14,District 14,shooting_incidents,Shooting Incidents,last_28_days,count,count,2026,,,1,,1,,not_applicable,,,wilmington-compstat-v2,validated
weekly-2026-09-20-r1,weekly_compstat,2026-09-14,2026-09-20,1,224441568f81ffe637b2bd2710d43d6899f14c5913e83b684efe2ba6fca9d029,9,district,district_14,District 14,shooting_incidents,Shooting Incidents,last_28_days,count,count,2025,,,1,,1,,not_applicable,,,wilmington-compstat-v2,validated
weekly-2026-09-20-r1,weekly_compstat,2026-09-14,2026-09-20,1,224441568f81ffe637b2bd2710d43d6899f14c5913e83b684efe2ba6fca9d029,9,district,district_14,District 14,shooting_incidents,Shooting Incidents,last_28_days,percent_change,percent,2026,2025,1,0.0,0.0,0%,0.0,matched,,,wilmington-compstat-v2,validated
weekly-2026-09-20-r1,weekly_compstat,2026-09-14,2026-09-20,1,224441568f81ffe637b2bd2710d43d6899f14c5913e83b684efe2ba6fca9d029,9,district,district_14,District 14,shooting_incidents,Shooting Incidents,year_to_date,count,count,2026,,,6,,6,,not_applicable,,,wilmington-compstat-v2,validated
weekly-2026-09-20-r1,weekly_compstat,2026-09-14,2026-09-20,1,224441568f81ffe637b2bd2710d43d6899f14c5913e83b684efe2ba6fca9d029,9,district,district_14,District 14,shooting_incidents,Shooting Incidents,year_to_date,count,count,2025,,,6,,6,,not_applicable,,,wilmington-compstat-v2,validated
weekly-2026-09-20-r1,weekly_compstat,2026-09-14,2026-09-20,1,224441568f81ffe637b2bd2710d43d6899f14c5913e83b684efe2ba6fca9d029,9,district,district_14,District 14,shooting_incidents,Shooting Incidents,year_to_date,percent_change,percent,2026,2025,1,0.0,0.0,0%,0.0,matched,,,wilmington-compstat-v2,validated
weekly-2026-09-20-r1,weekly_compstat,2026-09-14,2026-09-20,1,224441568f81ffe637b2bd2710d43d6899f14c5913e83b684efe2ba6fca9d029,9,district,district_14,District 14,shooting_incidents,Shooting Incidents,year_to_date,percent_change,percent,2026,2024,2,20.0,0.2,20%,,not_checkable,,,wilmington-compstat-v2,validated
weekly-2026-09-20-r1,weekly_compstat,2026-09-14,2026-09-20,1,224441568f81ffe637b2bd2710d43d6899f14c5913e83b684efe2ba6fca9d029,9,district,district_14,District 14,shooting_incidents,Shooting Incidents,year_to_date,percent_change,percent,2026,2023,3,-14.0,-0.14,-14%,,not_checkable,,,wilmington-compstat-v2,validated
weekly-2026-09-20-r1,weekly_compstat,2026-09-14,2026-09-20,1,224441568f81ffe637b2bd2710d43d6899f14c5913e83b684efe2ba6fca9d029,9,district,district_14,District 14,shooting_incidents,Shooting Incidents,year_to_date,percent_change,percent,2026,2022,4,-45.0,-0.45,-45%,,not_checkable,,,wilmington-compstat-v2,validated
weekly-2026-09-20-r1,weekly_compstat,2026-09-14,2026-09-20,1,224441568f81ffe637b2bd2710d43d6899f14c5913e83b684efe2ba6fca9d029,9,district,district_14,District 14,shooting_incidents,Shooting Incidents,year_to_date,percent_change,percent,2026,2021,5,-63.0,-0.63,-63%,,not_checkable,,,wilmington-compstat-v2,validated
weekly-2026-09-20-r1,weekly_compstat,2026-09-14,2026-09-20,1,224441568f81ffe637b2bd2710d43d6899f14c5913e83b684efe2ba6fca9d029,9,district,district_14,District 14,shooting_incidents,Shooting Incidents,year_to_date,percent_change,percent,2026,2020,6,-68.0,-0.68,-68%,,not_checkable,,,wilmington-compstat-v2,validated
weekly-2026-09-20-r1,weekly_compstat,2026-09-14,2026-09-20,1,224441568f81ffe637b2bd2710d43d6899f14c5913e83b684efe2ba6fca9d029,9,district,district_14,District 14,shooting_victims,Shooting Victims,last_7_days,count,count,2026,,,0,,0,,not_applicable,,,wilmington-compstat-v2,validated
weekly-2026-09-20-r1,weekly_compstat,2026-09-14,2026-09-20,1,224441568f81ffe637b2bd2710d43d6899f14c5913e83b684efe2ba6fca9d029,9,district,district_14,District 14,shooting_victims,Shooting Victims,last_7_days,count,count,2025,,,1,,1,,not_applicable,,,wilmington-compstat-v2,validated
weekly-2026-09-20-r1,weekly_compstat,2026-09-14,2026-09-20,1,224441568f81ffe637b2bd2710d43d6899f14c5913e83b684efe2ba6fca9d029,9,district,district_14,District 14,shooting_victims,Shooting Victims,last_7_days,percent_change,percent,2026,2025,1,-100.0,-1.0,-100%,-100.0,matched,,,wilmington-compstat-v2,validated
weekly-2026-09-20-r1,weekly_compstat,2026-09-14,2026-09-20,1,224441568f81ffe637b2bd2710d43d6899f14c5913e83b684efe2ba6fca9d029,9,district,district_14,District 14,shooting_victims,Shooting Victims,last_28_days,count,count,2026,,,1,,1,,not_applicable,,,wilmington-compstat-v2,validated
weekly-2026-09-20-r1,weekly_compstat,2026-09-14,2026-09-20,1,224441568f81ffe637b2bd2710d43d6899f14c5913e83b684efe2ba6fca9d029,9,district,district_14,District 14,shooting_victims,Shooting Victims,last_28_days,count,count,2025,,,1,,1,,not_applicable,,,wilmington-compstat-v2,validated
weekly-2026-09-20-r1,weekly_compstat,2026-09-14,2026-09-20,1,224441568f81ffe637b2bd2710d43d6899f14c5913e83b684efe2ba6fca9d029,9,district,district_14,District 14,shooting_victims,Shooting Victims,last_28_days,percent_change,percent,2026,2025,1,0.0,0.0,0%,0.0,matched,,,wilmington-compstat-v2,validated
weekly-2026-09-20-r1,weekly_compstat,2026-09-14,2026-09-20,1,224441568f81ffe637b2bd2710d43d6899f14c5913e83b684efe2ba6fca9d029,9,district,district_14,District 14,shooting_victims,Shooting Victims,year_to_date,count,count,2026,,,6,,6,,not_applicable,,,wilmington-compstat-v2,validated
weekly-2026-09-20-r1,weekly_compstat,2026-09-14,2026-09-20,1,224441568f81ffe637b2bd2710d43d6899f14c5913e83b684efe2ba6fca9d029,9,district,district_14,District 14,shooting_victims,Shooting Victims,year_to_date,count,count,2025,,,7,,7,,not_applicable,,,wilmington-compstat-v2,validated
weekly-2026-09-20-r1,weekly_compstat,2026-09-14,2026-09-20,1,224441568f81ffe637b2bd2710d43d6899f14c5913e83b684efe2ba6fca9d029,9,district,district_14,District 14,shooting_victims,Shooting Victims,year_to_date,percent_change,percent,2026,2025,1,-14.0,-0.14,-14%,-14.285714,matched,,,wilmington-compstat-v2,validated
weekly-2026-09-20-r1,weekly_compstat,2026-09-14,2026-09-20,1,224441568f81ffe637b2bd2710d43d6899f14c5913e83b684efe2ba6fca9d029,9,district,district_14,District 14,shooting_victims,Shooting Victims,year_to_date,percent_change,percent,2026,2024,2,-14.0,-0.14,-14%,,not_checkable,,,wilmington-compstat-v2,validated
weekly-2026-09-20-r1,weekly_compstat,2026-09-14,2026-09-20,1,224441568f81ffe637b2bd2710d43d6899f14c5913e83b684efe2ba6fca9d029,9,district,district_14,District 14,shooting_victims,Shooting Victims,year_to_date,percent_change,percent,2026,2023,3,-14.0,-0.14,-14%,,not_checkable,,,wilmington-compstat-v2,validated
weekly-2026-09-20-r1,weekly_compstat,2026-09-14,2026-09-20,1,224441568f81ffe637b2bd2710d43d6899f14c5913e83b684efe2ba6fca9d029,9,district,district_14,District 14,shooting_victims,Shooting Victims,year_to_date,percent_change,percent,2026,2022,4,-67.0,-0.67,-67%,,not_checkable,,,wilmington-compstat-v2,validated
weekly-2026-09-20-r1,weekly_compstat,2026-09-14,2026-09-20,1,224441568f81ffe637b2bd2710d43d6899f14c5913e83b684efe2ba6fca9d029,9,district,district_14,District 14,shooting_victims,Shooting Victims,year_to_date,percent_change,percent,2026,2021,5,-68.0,-0.68,-68%,,not_checkable,,,wilmington-compstat-v2,validated
weekly-2026-09-20-r1,weekly_compstat,2026-09-14,2026-09-20,1,224441568f81ffe637b2bd2710d43d6899f14c5913e83b684efe2ba6fca9d029,9,district,district_14,District 14,shooting_victims,Shooting Victims,year_to_date,percent_change,percent,2026,2020,6,-71.0,-0.71,-71%,,not_checkable,,,wilmington-compstat-v2,validated
weekly-2026-09-20-r1,weekly_compstat,2026-09-14,2026-09-20,1,224441568f81ffe637b2bd2710d43d6899f14c5913e83b684efe2ba6fca9d029,9,district,district_14,District 14,juvenile_shooting_incidents,*Juv Shooting Incidents,last_7_days,count,count,2026,,,0,,0,,not_applicable,,,wilmington-compstat-v2,validated
weekly-2026-09-20-r1,weekly_compstat,2026-09-14,2026-09-20,1,224441568f81ffe637b2bd2710d43d6899f14c5913e83b684efe2ba6fca9d029,9,district,district_14,District 14,juvenile_shooting_incidents,*Juv Shooting Incidents,last_7_days,count,count,2025,,,0,,0,,not_applicable,,,wilmington-compstat-v2,validated
weekly-2026-09-20-r1,weekly_compstat,2026-09-14,2026-09-20,1,224441568f81ffe637b2bd2710d43d6899f14c5913e83b684efe2ba6fca9d029,9,district,district_14,District 14,juvenile_shooting_incidents,*Juv Shooting Incidents,last_7_days,percent_change,percent,2026,2025,1,,,*,,undefined_zero_denominator,,undefined_zero_denominator,wilmington-compstat-v2,validated
weekly-2026-09-20-r1,weekly_compstat,2026-09-14,2026-09-20,1,224441568f81ffe637b2bd2710d43d6899f14c5913e83b684efe2ba6fca9d029,9,district,district_14,District 14,juvenile_shooting_incidents,*Juv Shooting Incidents,last_28_days,count,count,2026,,,0,,0,,not_applicable,,,wilmington-compstat-v2,validated
weekly-2026-09-20-r1,weekly_compstat,2026-09-14,2026-09-20,1,224441568f81ffe637b2bd2710d43d6899f14c5913e83b684efe2ba6fca9d029,9,district,district_14,District 14,juvenile_shooting_incidents,*Juv Shooting Incidents,last_28_days,count,count,2025,,,0,,0,,not_applicable,,,wilmington-compstat-v2,validated
weekly-2026-09-20-r1,weekly_compstat,2026-09-14,2026-09-20,1,224441568f81ffe637b2bd2710d43d6899f14c5913e83b684efe2ba6fca9d029,9,district,district_14,District 14,juvenile_shooting_incidents,*Juv Shooting Incidents,last_28_days,percent_change,percent,2026,2025,1,,,*,,undefined_zero_denominator,,undefined_zero_denominator,wilmington-compstat-v2,validated
weekly-2026-09-20-r1,weekly_compstat,2026-09-14,2026-09-20,1,224441568f81ffe637b2bd2710d43d6899f14c5913e83b684efe2ba6fca9d029,9,district,district_14,District 14,juvenile_shooting_incidents,*Juv Shooting Incidents,year_to_date,count,count,2026,,,0,,0,,not_applicable,,,wilmington-compstat-v2,validated
weekly-2026-09-20-r1,weekly_compstat,2026-09-14,2026-09-20,1,224441568f81ffe637b2bd2710d43d6899f14c5913e83b684efe2ba6fca9d029,9,district,district_14,District 14,juvenile_shooting_incidents,*Juv Shooting Incidents,year_to_date,count,count,2025,,,1,,1,,not_applicable,,,wilmington-compstat-v2,validated
weekly-2026-09-20-r1,weekly_compstat,2026-09-14,2026-09-20,1,224441568f81ffe637b2bd2710d43d6899f14c5913e83b684efe2ba6fca9d029,9,district,district_14,District 14,juvenile_shooting_incidents,*Juv Shooting Incidents,year_to_date,percent_change,percent,2026,2025,1,-100.0,-1.0,-100%,-100.0,matched,,,wilmington-compstat-v2,validated
weekly-2026-09-20-r1,weekly_compstat,2026-09-14,2026-09-20,1,224441568f81ffe637b2bd2710d43d6899f14c5913e83b684efe2ba6fca9d029,9,district,district_14,District 14,juvenile_shooting_incidents,*Juv Shooting Incidents,year_to_date,percent_change,percent,2026,2024,2,-100.0,-1.0,-100%,,not_checkable,,,wilmington-compstat-v2,validated
weekly-2026-09-20-r1,weekly_compstat,2026-09-14,2026-09-20,1,224441568f81ffe637b2bd2710d43d6899f14c5913e83b684efe2ba6fca9d029,9,district,district_14,District 14,juvenile_shooting_incidents,*Juv Shooting Incidents,year_to_date,percent_change,percent,2026,2023,3,-100.0,-1.0,-100%,,not_checkable,,,wilmington-compstat-v2,validated
weekly-2026-09-20-r1,weekly_compstat,2026-09-14,2026-09-20,1,224441568f81ffe637b2bd2710d43d6899f14c5913e83b684efe2ba6fca9d029,9,district,district_14,District 14,juvenile_shooting_incidents,*Juv Shooting Incidents,year_to_date,percent_change,percent,2026,2022,4,-100.0,-1.0,-100%,,not_checkable,,,wilmington-compstat-v2,validated
weekly-2026-09-20-r1,weekly_compstat,2026-09-14,2026-09-20,1,224441568f81ffe637b2bd2710d43d6899f14c5913e83b684efe2ba6fca9d029,9,district,district_14,District 14,juvenile_shooting_incidents,*Juv Shooting Incidents,year_to_date,percent_change,percent,2026,2021,5,-100.0,-1.0,-100%,,not_checkable,,,wilmington-compstat-v2,validated
weekly-2026-09-20-r1,weekly_compstat,2026-09-14,2026-09-20,1,224441568f81ffe637b2bd2710d43d6899f14c5913e83b684efe2ba6fca9d029,9,district,district_14,District 14,juvenile_shooting_incidents,*Juv Shooting Incidents,year_to_date,percent_change,percent,2026,2020,6,-100.0,-1.0,-100%,,not_checkable,,,wilmington-compstat-v2,validated
weekly-2026-09-20-r1,weekly_compstat,2026-09-14,2026-09-20,1,224441568f81ffe637b2bd2710d43d6899f14c5913e83b684efe2ba6fca9d029,9,district,district_14,District 14,juvenile_shooting_victims,*Juv Shooting Victims,last_7_days,count,count,2026,,,0,,0,,not_applicable,,,wilmington-compstat-v2,validated
weekly-2026-09-20-r1,weekly_compstat,2026-09-14,2026-09-20,1,224441568f81ffe637b2bd2710d43d6899f14c5913e83b684efe2ba6fca9d029,9,district,district_14,District 14,juvenile_shooting_victims,*Juv Shooting Victims,last_7_days,count,count,2025,,,0,,0,,not_applicable,,,wilmington-compstat-v2,validated
weekly-2026-09-20-r1,weekly_compstat,2026-09-14,2026-09-20,1,224441568f81ffe637b2bd2710d43d6899f14c5913e83b684efe2ba6fca9d029,9,district,district_14,District 14,juvenile_shooting_victims,*Juv Shooting Victims,last_7_days,percent_change,percent,2026,2025,1,,,*,,undefined_zero_denominator,,undefined_zero_denominator,wilmington-compstat-v2,validated
weekly-2026-09-20-r1,weekly_compstat,2026-09-14,2026-09-20,1,224441568f81ffe637b2bd2710d43d6899f14c5913e83b684efe2ba6fca9d029,9,district,district_14,District 14,juvenile_shooting_victims,*Juv Shooting Victims,last_28_days,count,count,2026,,,0,,0,,not_applicable,,,wilmington-compstat-v2,validated
weekly-2026-09-20-r1,weekly_compstat,2026-09-14,2026-09-20,1,224441568f81ffe637b2bd2710d43d6899f14c5913e83b684efe2ba6fca9d029,9,district,district_14,District 14,juvenile_shooting_victims,*Juv Shooting Victims,last_28_days,count,count,2025,,,0,,0,,not_applicable,,,wilmington-compstat-v2,validated
weekly-2026-09-20-r1,weekly_compstat,2026-09-14,2026-09-20,1,224441568f81ffe637b2bd2710d43d6899f14c5913e83b684efe2ba6fca9d029,9,district,district_14,District 14,juvenile_shooting_victims,*Juv Shooting Victims,last_28_days,percent_change,percent,2026,2025,1,,,*,,undefined_zero_denominator,,undefined_zero_denominator,wilmington-compstat-v2,validated
weekly-2026-09-20-r1,weekly_compstat,2026-09-14,2026-09-20,1,224441568f81ffe637b2bd2710d43d6899f14c5913e83b684efe2ba6fca9d029,9,district,district_14,District 14,juvenile_shooting_victims,*Juv Shooting Victims,year_to_date,count,count,2026,,,0,,0,,not_applicable,,,wilmington-compstat-v2,validated
weekly-2026-09-20-r1,weekly_compstat,2026-09-14,2026-09-20,1,224441568f81ffe637b2bd2710d43d6899f14c5913e83b684efe2ba6fca9d029,9,district,district_14,District 14,juvenile_shooting_victims,*Juv Shooting Victims,year_to_date,count,count,2025,,,1,,1,,not_applicable,,,wilmington-compstat-v2,validated
weekly-2026-09-20-r1,weekly_compstat,2026-09-14,2026-09-20,1,224441568f81ffe637b2bd2710d43d6899f14c5913e83b684efe2ba6fca9d029,9,district,district_14,District 14,juvenile_shooting_victims,*Juv Shooting Victims,year_to_date,percent_change,percent,2026,2025,1,-100.0,-1.0,-100%,-100.0,matched,,,wilmington-compstat-v2,validated
weekly-2026-09-20-r1,weekly_compstat,2026-09-14,2026-09-20,1,224441568f81ffe637b2bd2710d43d6899f14c5913e83b684efe2ba6fca9d029,9,district,district_14,District 14,juvenile_shooting_victims,*Juv Shooting Victims,year_to_date,percent_change,percent,2026,2024,2,-100.0,-1.0,-100%,,not_checkable,,,wilmington-compstat-v2,validated
weekly-2026-09-20-r1,weekly_compstat,2026-09-14,2026-09-20,1,224441568f81ffe637b2bd2710d43d6899f14c5913e83b684efe2ba6fca9d029,9,district,district_14,District 14,juvenile_shooting_victims,*Juv Shooting Victims,year_to_date,percent_change,percent,2026,2023,3,-100.0,-1.0,-100%,,not_checkable,,,wilmington-compstat-v2,validated
weekly-2026-09-20-r1,weekly_compstat,2026-09-14,2026-09-20,1,224441568f81ffe637b2bd2710d43d6899f14c5913e83b684efe2ba6fca9d029,9,district,district_14,District 14,juvenile_shooting_victims,*Juv Shooting Victims,year_to_date,percent_change,percent,2026,2022,4,-100.0,-1.0,-100%,,not_checkable,,,wilmington-compstat-v2,validated
weekly-2026-09-20-r1,weekly_compstat,2026-09-14,2026-09-20,1,224441568f81ffe637b2bd2710d43d6899f14c5913e83b684efe2ba6fca9d029,9,district,district_14,District 14,juvenile_shooting_victims,*Juv Shooting Victims,year_to_date,percent_change,percent,2026,2021,5,-100.0,-1.0,-100%,,not_checkable,,,wilmington-compstat-v2,validated
weekly-2026-09-20-r1,weekly_compstat,2026-09-14,2026-09-20,1,224441568f81ffe637b2bd2710d43d6899f14c5913e83b684efe2ba6fca9d029,9,district,district_14,District 14,juvenile_shooting_victims,*Juv Shooting Victims,year_to_date,percent_change,percent,2026,2020,6,-100.0,-1.0,-100%,,not_checkable,,,wilmington-compstat-v2,validated
weekly-2026-09-20-r1,weekly_compstat,2026-09-14,2026-09-20,1,224441568f81ffe637b2bd2710d43d6899f14c5913e83b684efe2ba6fca9d029,9,district,district_14,District 14,misdemeanor_theft,Theft (Misdemeanor),last_7_days,count,count,2026,,,2,,2,,not_applicable,,,wilmington-compstat-v2,validated
weekly-2026-09-20-r1,weekly_compstat,2026-09-14,2026-09-20,1,224441568f81ffe637b2bd2710d43d6899f14c5913e83b684efe2ba6fca9d029,9,district,district_14,District 14,misdemeanor_theft,Theft (Misdemeanor),last_7_days,count,count,2025,,,2,,2,,not_applicable,,,wilmington-compstat-v2,validated
weekly-2026-09-20-r1,weekly_compstat,2026-09-14,2026-09-20,1,224441568f81ffe637b2bd2710d43d6899f14c5913e83b684efe2ba6fca9d029,9,district,district_14,District 14,misdemeanor_theft,Theft (Misdemeanor),last_7_days,percent_change,percent,2026,2025,1,0.0,0.0,0%,0.0,matched,,,wilmington-compstat-v2,validated
weekly-2026-09-20-r1,weekly_compstat,2026-09-14,2026-09-20,1,224441568f81ffe637b2bd2710d43d6899f14c5913e83b684efe2ba6fca9d029,9,district,district_14,District 14,misdemeanor_theft,Theft (Misdemeanor),last_28_days,count,count,2026,,,10,,10,,not_applicable,,,wilmington-compstat-v2,validated
weekly-2026-09-20-r1,weekly_compstat,2026-09-14,2026-09-20,1,224441568f81ffe637b2bd2710d43d6899f14c5913e83b684efe2ba6fca9d029,9,district,district_14,District 14,misdemeanor_theft,Theft (Misdemeanor),last_28_days,count,count,2025,,,11,,11,,not_applicable,,,wilmington-compstat-v2,validated
weekly-2026-09-20-r1,weekly_compstat,2026-09-14,2026-09-20,1,224441568f81ffe637b2bd2710d43d6899f14c5913e83b684efe2ba6fca9d029,9,district,district_14,District 14,misdemeanor_theft,Theft (Misdemeanor),last_28_days,percent_change,percent,2026,2025,1,-9.0,-0.09,-9%,-9.090909,matched,,,wilmington-compstat-v2,validated
weekly-2026-09-20-r1,weekly_compstat,2026-09-14,2026-09-20,1,224441568f81ffe637b2bd2710d43d6899f14c5913e83b684efe2ba6fca9d029,9,district,district_14,District 14,misdemeanor_theft,Theft (Misdemeanor),year_to_date,count,count,2026,,,117,,117,,not_applicable,,,wilmington-compstat-v2,validated
weekly-2026-09-20-r1,weekly_compstat,2026-09-14,2026-09-20,1,224441568f81ffe637b2bd2710d43d6899f14c5913e83b684efe2ba6fca9d029,9,district,district_14,District 14,misdemeanor_theft,Theft (Misdemeanor),year_to_date,count,count,2025,,,92,,92,,not_applicable,,,wilmington-compstat-v2,validated
weekly-2026-09-20-r1,weekly_compstat,2026-09-14,2026-09-20,1,224441568f81ffe637b2bd2710d43d6899f14c5913e83b684efe2ba6fca9d029,9,district,district_14,District 14,misdemeanor_theft,Theft (Misdemeanor),year_to_date,percent_change,percent,2026,2025,1,27.0,0.27,27%,27.173913,matched,,,wilmington-compstat-v2,validated
weekly-2026-09-20-r1,weekly_compstat,2026-09-14,2026-09-20,1,224441568f81ffe637b2bd2710d43d6899f14c5913e83b684efe2ba6fca9d029,9,district,district_14,District 14,misdemeanor_theft,Theft (Misdemeanor),year_to_date,percent_change,percent,2026,2024,2,22.0,0.22,22%,,not_checkable,,,wilmington-compstat-v2,validated
weekly-2026-09-20-r1,weekly_compstat,2026-09-14,2026-09-20,1,224441568f81ffe637b2bd2710d43d6899f14c5913e83b684efe2ba6fca9d029,9,district,district_14,District 14,misdemeanor_theft,Theft (Misdemeanor),year_to_date,percent_change,percent,2026,2023,3,41.0,0.41,41%,,not_checkable,,,wilmington-compstat-v2,validated
weekly-2026-09-20-r1,weekly_compstat,2026-09-14,2026-09-20,1,224441568f81ffe637b2bd2710d43d6899f14c5913e83b684efe2ba6fca9d029,9,district,district_14,District 14,misdemeanor_theft,Theft (Misdemeanor),year_to_date,percent_change,percent,2026,2022,4,5.0,0.05,5%,,not_checkable,,,wilmington-compstat-v2,validated
weekly-2026-09-20-r1,weekly_compstat,2026-09-14,2026-09-20,1,224441568f81ffe637b2bd2710d43d6899f14c5913e83b684efe2ba6fca9d029,9,district,district_14,District 14,misdemeanor_theft,Theft (Misdemeanor),year_to_date,percent_change,percent,2026,2021,5,22.0,0.22,22%,,not_checkable,,,wilmington-compstat-v2,validated
weekly-2026-09-20-r1,weekly_compstat,2026-09-14,2026-09-20,1,224441568f81ffe637b2bd2710d43d6899f14c5913e83b684efe2ba6fca9d029,9,district,district_14,District 14,misdemeanor_theft,Theft (Misdemeanor),year_to_date,percent_change,percent,2026,2020,6,-3.0,-0.03,-3%,,not_checkable,,,wilmington-compstat-v2,validated
weekly-2026-09-20-r1,weekly_compstat,2026-09-14,2026-09-20,1,224441568f81ffe637b2bd2710d43d6899f14c5913e83b684efe2ba6fca9d029,11,sector,sector_2,Sector 2,murder,Murder,last_7_days,count,count,2026,,,1,,1,,not_applicable,,,wilmington-compstat-v2,validated
weekly-2026-09-20-r1,weekly_compstat,2026-09-14,2026-09-20,1,224441568f81ffe637b2bd2710d43d6899f14c5913e83b684efe2ba6fca9d029,11,sector,sector_2,Sector 2,murder,Murder,last_7_days,count,count,2025,,,0,,0,,not_applicable,,,wilmington-compstat-v2,validated
weekly-2026-09-20-r1,weekly_compstat,2026-09-14,2026-09-20,1,224441568f81ffe637b2bd2710d43d6899f14c5913e83b684efe2ba6fca9d029,11,sector,sector_2,Sector 2,murder,Murder,last_7_days,percent_change,percent,2026,2025,1,,,*,,undefined_zero_denominator,,undefined_zero_denominator,wilmington-compstat-v2,validated
weekly-2026-09-20-r1,weekly_compstat,2026-09-14,2026-09-20,1,224441568f81ffe637b2bd2710d43d6899f14c5913e83b684efe2ba6fca9d029,11,sector,sector_2,Sector 2,murder,Murder,last_28_days,count,count,2026,,,1,,1,,not_applicable,,,wilmington-compstat-v2,validated
weekly-2026-09-20-r1,weekly_compstat,2026-09-14,2026-09-20,1,224441568f81ffe637b2bd2710d43d6899f14c5913e83b684efe2ba6fca9d029,11,sector,sector_2,Sector 2,murder,Murder,last_28_days,count,count,2025,,,0,,0,,not_applicable,,,wilmington-compstat-v2,validated
weekly-2026-09-20-r1,weekly_compstat,2026-09-14,2026-09-20,1,224441568f81ffe637b2bd2710d43d6899f14c5913e83b684efe2ba6fca9d029,11,sector,sector_2,Sector 2,murder,Murder,last_28_days,percent_change,percent,2026,2025,1,,,*,,undefined_zero_denominator,,undefined_zero_denominator,wilmington-compstat-v2,validated
weekly-2026-09-20-r1,weekly_compstat,2026-09-14,2026-09-20,1,224441568f81ffe637b2bd2710d43d6899f14c5913e83b684efe2ba6fca9d029,11,sector,sector_2,Sector 2,murder,Murder,year_to_date,count,count,2026,,,6,,6,,not_applicable,,,wilmington-compstat-v2,validated
weekly-2026-09-20-r1,weekly_compstat,2026-09-14,2026-09-20,1,224441568f81ffe637b2bd2710d43d6899f14c5913e83b684efe2ba6fca9d029,11,sector,sector_2,Sector 2,murder,Murder,year_to_date,count,count,2025,,,4,,4,,not_applicable,,,wilmington-compstat-v2,validated
weekly-2026-09-20-r1,weekly_compstat,2026-09-14,2026-09-20,1,224441568f81ffe637b2bd2710d43d6899f14c5913e83b684efe2ba6fca9d029,11,sector,sector_2,Sector 2,murder,Murder,year_to_date,percent_change,percent,2026,2025,1,50.0,0.5,50%,50.0,matched,,,wilmington-compstat-v2,validated
weekly-2026-09-20-r1,weekly_compstat,2026-09-14,2026-09-20,1,224441568f81ffe637b2bd2710d43d6899f14c5913e83b684efe2ba6fca9d029,11,sector,sector_2,Sector 2,murder,Murder,year_to_date,percent_change,percent,2026,2024,2,-14.0,-0.14,-14%,,not_checkable,,,wilmington-compstat-v2,validated
weekly-2026-09-20-r1,weekly_compstat,2026-09-14,2026-09-20,1,224441568f81ffe637b2bd2710d43d6899f14c5913e83b684efe2ba6fca9d029,11,sector,sector_2,Sector 2,murder,Murder,year_to_date,percent_change,percent,2026,2023,3,200.0,2.0,200%,,not_checkable,,,wilmington-compstat-v2,validated
weekly-2026-09-20-r1,weekly_compstat,2026-09-14,2026-09-20,1,224441568f81ffe637b2bd2710d43d6899f14c5913e83b684efe2ba6fca9d029,11,sector,sector_2,Sector 2,murder,Murder,year_to_date,percent_change,percent,2026,2022,4,0.0,0.0,0%,,not_checkable,,,wilmington-compstat-v2,validated
weekly-2026-09-20-r1,weekly_compstat,2026-09-14,2026-09-20,1,224441568f81ffe637b2bd2710d43d6899f14c5913e83b684efe2ba6fca9d029,11,sector,sector_2,Sector 2,murder,Murder,year_to_date,percent_change,percent,2026,2021,5,-14.0,-0.14,-14%,,not_checkable,,,wilmington-compstat-v2,validated
weekly-2026-09-20-r1,weekly_compstat,2026-09-14,2026-09-20,1,224441568f81ffe637b2bd2710d43d6899f14c5913e83b684efe2ba6fca9d029,11,sector,sector_2,Sector 2,murder,Murder,year_to_date,percent_change,percent,2026,2020,6,-45.0,-0.45,-45%,,not_checkable,,,wilmington-compstat-v2,validated
weekly-2026-09-20-r1,weekly_compstat,2026-09-14,2026-09-20,1,224441568f81ffe637b2bd2710d43d6899f14c5913e83b684efe2ba6fca9d029,11,sector,sector_2,Sector 2,rape,Rape,last_7_days,count,count,2026,,,0,,0,,not_applicable,,,wilmington-compstat-v2,validated
weekly-2026-09-20-r1,weekly_compstat,2026-09-14,2026-09-20,1,224441568f81ffe637b2bd2710d43d6899f14c5913e83b684efe2ba6fca9d029,11,sector,sector_2,Sector 2,rape,Rape,last_7_days,count,count,2025,,,0,,0,,not_applicable,,,wilmington-compstat-v2,validated
weekly-2026-09-20-r1,weekly_compstat,2026-09-14,2026-09-20,1,224441568f81ffe637b2bd2710d43d6899f14c5913e83b684efe2ba6fca9d029,11,sector,sector_2,Sector 2,rape,Rape,last_7_days,percent_change,percent,2026,2025,1,,,*,,undefined_zero_denominator,,undefined_zero_denominator,wilmington-compstat-v2,validated
weekly-2026-09-20-r1,weekly_compstat,2026-09-14,2026-09-20,1,224441568f81ffe637b2bd2710d43d6899f14c5913e83b684efe2ba6fca9d029,11,sector,sector_2,Sector 2,rape,Rape,last_28_days,count,count,2026,,,0,,0,,not_applicable,,,wilmington-compstat-v2,validated
weekly-2026-09-20-r1,weekly_compstat,2026-09-14,2026-09-20,1,224441568f81ffe637b2bd2710d43d6899f14c5913e83b684efe2ba6fca9d029,11,sector,sector_2,Sector 2,rape,Rape,last_28_days,count,count,2025,,,0,,0,,not_applicable,,,wilmington-compstat-v2,validated
weekly-2026-09-20-r1,weekly_compstat,2026-09-14,2026-09-20,1,224441568f81ffe637b2bd2710d43d6899f14c5913e83b684efe2ba6fca9d029,11,sector,sector_2,Sector 2,rape,Rape,last_28_days,percent_change,percent,2026,2025,1,,,*,,undefined_zero_denominator,,undefined_zero_denominator,wilmington-compstat-v2,validated
weekly-2026-09-20-r1,weekly_compstat,2026-09-14,2026-09-20,1,224441568f81ffe637b2bd2710d43d6899f14c5913e83b684efe2ba6fca9d029,11,sector,sector_2,Sector 2,rape,Rape,year_to_date,count,count,2026,,,0,,0,,not_applicable,,,wilmington-compstat-v2,validated
weekly-2026-09-20-r1,weekly_compstat,2026-09-14,2026-09-20,1,224441568f81ffe637b2bd2710d43d6899f14c5913e83b684efe2ba6fca9d029,11,sector,sector_2,Sector 2,rape,Rape,year_to_date,count,count,2025,,,0,,0,,not_applicable,,,wilmington-compstat-v2,validated
weekly-2026-09-20-r1,weekly_compstat,2026-09-14,2026-09-20,1,224441568f81ffe637b2bd2710d43d6899f14c5913e83b684efe2ba6fca9d029,11,sector,sector_2,Sector 2,rape,Rape,year_to_date,percent_change,percent,2026,2025,1,,,*,,undefined_zero_denominator,,undefined_zero_denominator,wilmington-compstat-v2,validated
weekly-2026-09-20-r1,weekly_compstat,2026-09-14,2026-09-20,1,224441568f81ffe637b2bd2710d43d6899f14c5913e83b684efe2ba6fca9d029,11,sector,sector_2,Sector 2,rape,Rape,year_to_date,percent_change,percent,2026,2024,2,,,*,,not_checkable,,undefined_zero_denominator,wilmington-compstat-v2,validated
weekly-2026-09-20-r1,weekly_compstat,2026-09-14,2026-09-20,1,224441568f81ffe637b2bd2710d43d6899f14c5913e83b684efe2ba6fca9d029,11,sector,sector_2,Sector 2,rape,Rape,year_to_date,percent_change,percent,2026,2023,3,,,*,,not_checkable,,undefined_zero_denominator,wilmington-compstat-v2,validated
weekly-2026-09-20-r1,weekly_compstat,2026-09-14,2026-09-20,1,224441568f81ffe637b2bd2710d43d6899f14c5913e83b684efe2ba6fca9d029,11,sector,sector_2,Sector 2,rape,Rape,year_to_date,percent_change,percent,2026,2022,4,-100.0,-1.0,-100%,,not_checkable,,,wilmington-compstat-v2,validated
weekly-2026-09-20-r1,weekly_compstat,2026-09-14,2026-09-20,1,224441568f81ffe637b2bd2710d43d6899f14c5913e83b684efe2ba6fca9d029,11,sector,sector_2,Sector 2,rape,Rape,year_to_date,percent_change,percent,2026,2021,5,-100.0,-1.0,-100%,,not_checkable,,,wilmington-compstat-v2,validated
weekly-2026-09-20-r1,weekly_compstat,2026-09-14,2026-09-20,1,224441568f81ffe637b2bd2710d43d6899f14c5913e83b684efe2ba6fca9d029,11,sector,sector_2,Sector 2,rape,Rape,year_to_date,percent_change,percent,2026,2020,6,-100.0,-1.0,-100%,,not_checkable,,,wilmington-compstat-v2,validated
weekly-2026-09-20-r1,weekly_compstat,2026-09-14,2026-09-20,1,224441568f81ffe637b2bd2710d43d6899f14c5913e83b684efe2ba6fca9d029,11,sector,sector_2,Sector 2,robbery,Robbery,last_7_days,count,count,2026,,,0,,0,,not_applicable,,,wilmington-compstat-v2,validated
weekly-2026-09-20-r1,weekly_compstat,2026-09-14,2026-09-20,1,224441568f81ffe637b2bd2710d43d6899f14c5913e83b684efe2ba6fca9d029,11,sector,sector_2,Sector 2,robbery,Robbery,last_7_days,count,count,2025,,,0,,0,,not_applicable,,,wilmington-compstat-v2,validated
weekly-2026-09-20-r1,weekly_compstat,2026-09-14,2026-09-20,1,224441568f81ffe637b2bd2710d43d6899f14c5913e83b684efe2ba6fca9d029,11,sector,sector_2,Sector 2,robbery,Robbery,last_7_days,percent_change,percent,2026,2025,1,,,*,,undefined_zero_denominator,,undefined_zero_denominator,wilmington-compstat-v2,validated
weekly-2026-09-20-r1,weekly_compstat,2026-09-14,2026-09-20,1,224441568f81ffe637b2bd2710d43d6899f14c5913e83b684efe2ba6fca9d029,11,sector,sector_2,Sector 2,robbery,Robbery,last_28_days,count,count,2026,,,5,,5,,not_applicable,,,wilmington-compstat-v2,validated
weekly-2026-09-20-r1,weekly_compstat,2026-09-14,2026-09-20,1,224441568f81ffe637b2bd2710d43d6899f14c5913e83b684efe2ba6fca9d029,11,sector,sector_2,Sector 2,robbery,Robbery,last_28_days,count,count,2025,,,5,,5,,not_applicable,,,wilmington-compstat-v2,validated
weekly-2026-09-20-r1,weekly_compstat,2026-09-14,2026-09-20,1,224441568f81ffe637b2bd2710d43d6899f14c5913e83b684efe2ba6fca9d029,11,sector,sector_2,Sector 2,robbery,Robbery,last_28_days,percent_change,percent,2026,2025,1,0.0,0.0,0%,0.0,matched,,,wilmington-compstat-v2,validated
weekly-2026-09-20-r1,weekly_compstat,2026-09-14,2026-09-20,1,224441568f81ffe637b2bd2710d43d6899f14c5913e83b684efe2ba6fca9d029,11,sector,sector_2,Sector 2,robbery,Robbery,year_to_date,count,count,2026,,,64,,64,,not_applicable,,,wilmington-compstat-v2,validated
weekly-2026-09-20-r1,weekly_compstat,2026-09-14,2026-09-20,1,224441568f81ffe637b2bd2710d43d6899f14c5913e83b684efe2ba6fca9d029,11,sector,sector_2,Sector 2,robbery,Robbery,year_to_date,count,count,2025,,,67,,67,,not_applicable,,,wilmington-compstat-v2,validated
weekly-2026-09-20-r1,weekly_compstat,2026-09-14,2026-09-20,1,224441568f81ffe637b2bd2710d43d6899f14c5913e83b684efe2ba6fca9d029,11,sector,sector_2,Sector 2,robbery,Robbery,year_to_date,percent_change,percent,2026,2025,1,-4.0,-0.04,-4%,-4.477612,matched,,,wilmington-compstat-v2,validated
weekly-2026-09-20-r1,weekly_compstat,2026-09-14,2026-09-20,1,224441568f81ffe637b2bd2710d43d6899f14c5913e83b684efe2ba6fca9d029,11,sector,sector_2,Sector 2,robbery,Robbery,year_to_date,percent_change,percent,2026,2024,2,7.0,0.07,7%,,not_checkable,,,wilmington-compstat-v2,validated
weekly-2026-09-20-r1,weekly_compstat,2026-09-14,2026-09-20,1,224441568f81ffe637b2bd2710d43d6899f14c5913e83b684efe2ba6fca9d029,11,sector,sector_2,Sector 2,robbery,Robbery,year_to_date,percent_change,percent,2026,2023,3,-6.0,-0.06,-6%,,not_checkable,,,wilmington-compstat-v2,validated
weekly-2026-09-20-r1,weekly_compstat,2026-09-14,2026-09-20,1,224441568f81ffe637b2bd2710d43d6899f14c5913e83b684efe2ba6fca9d029,11,sector,sector_2,Sector 2,robbery,Robbery,year_to_date,percent_change,percent,2026,2022,4,8.0,0.08,8%,,not_checkable,,,wilmington-compstat-v2,validated
weekly-2026-09-20-r1,weekly_compstat,2026-09-14,2026-09-20,1,224441568f81ffe637b2bd2710d43d6899f14c5913e83b684efe2ba6fca9d029,11,sector,sector_2,Sector 2,robbery,Robbery,year_to_date,percent_change,percent,2026,2021,5,49.0,0.49,49%,,not_checkable,,,wilmington-compstat-v2,validated
weekly-2026-09-20-r1,weekly_compstat,2026-09-14,2026-09-20,1,224441568f81ffe637b2bd2710d43d6899f14c5913e83b684efe2ba6fca9d029,11,sector,sector_2,Sector 2,robbery,Robbery,year_to_date,percent_change,percent,2026,2020,6,-4.0,-0.04,-4%,,not_checkable,,,wilmington-compstat-v2,validated
weekly-2026-09-20-r1,weekly_compstat,2026-09-14,2026-09-20,1,224441568f81ffe637b2bd2710d43d6899f14c5913e83b684efe2ba6fca9d029,11,sector,sector_2,Sector 2,aggravated_assault,Agg. Assault,last_7_days,count,count,2026,,,2,,2,,not_applicable,,,wilmington-compstat-v2,validated
weekly-2026-09-20-r1,weekly_compstat,2026-09-14,2026-09-20,1,224441568f81ffe637b2bd2710d43d6899f14c5913e83b684efe2ba6fca9d029,11,sector,sector_2,Sector 2,aggravated_assault,Agg. Assault,last_7_days,count,count,2025,,,6,,6,,not_applicable,,,wilmington-compstat-v2,validated
weekly-2026-09-20-r1,weekly_compstat,2026-09-14,2026-09-20,1,224441568f81ffe637b2bd2710d43d6899f14c5913e83b684efe2ba6fca9d029,11,sector,sector_2,Sector 2,aggravated_assault,Agg. Assault,last_7_days,percent_change,percent,2026,2025,1,-67.0,-0.67,-67%,-66.666667,matched,,,wilmington-compstat-v2,validated
weekly-2026-09-20-r1,weekly_compstat,2026-09-14,2026-09-20,1,224441568f81ffe637b2bd2710d43d6899f14c5913e83b684efe2ba6fca9d029,11,sector,sector_2,Sector 2,aggravated_assault,Agg. Assault,last_28_days,count,count,2026,,,21,,21,,not_applicable,,,wilmington-compstat-v2,validated
weekly-2026-09-20-r1,weekly_compstat,2026-09-14,2026-09-20,1,224441568f81ffe637b2bd2710d43d6899f14c5913e83b684efe2ba6fca9d029,11,sector,sector_2,Sector 2,aggravated_assault,Agg. Assault,last_28_days,count,count,2025,,,17,,17,,not_applicable,,,wilmington-compstat-v2,validated
weekly-2026-09-20-r1,weekly_compstat,2026-09-14,2026-09-20,1,224441568f81ffe637b2bd2710d43d6899f14c5913e83b684efe2ba6fca9d029,11,sector,sector_2,Sector 2,aggravated_assault,Agg. Assault,last_28_days,percent_change,percent,2026,2025,1,24.0,0.24,24%,23.529412,matched,,,wilmington-compstat-v2,validated
weekly-2026-09-20-r1,weekly_compstat,2026-09-14,2026-09-20,1,224441568f81ffe637b2bd2710d43d6899f14c5913e83b684efe2ba6fca9d029,11,sector,sector_2,Sector 2,aggravated_assault,Agg. Assault,year_to_date,count,count,2026,,,127,,127,,not_applicable,,,wilmington-compstat-v2,validated
weekly-2026-09-20-r1,weekly_compstat,2026-09-14,2026-09-20,1,224441568f81ffe637b2bd2710d43d6899f14c5913e83b684efe2ba6fca9d029,11,sector,sector_2,Sector 2,aggravated_assault,Agg. Assault,year_to_date,count,count,2025,,,107,,107,,not_applicable,,,wilmington-compstat-v2,validated
weekly-2026-09-20-r1,weekly_compstat,2026-09-14,2026-09-20,1,224441568f81ffe637b2bd2710d43d6899f14c5913e83b684efe2ba6fca9d029,11,sector,sector_2,Sector 2,aggravated_assault,Agg. Assault,year_to_date,percent_change,percent,2026,2025,1,19.0,0.19,19%,18.691589,matched,,,wilmington-compstat-v2,validated
weekly-2026-09-20-r1,weekly_compstat,2026-09-14,2026-09-20,1,224441568f81ffe637b2bd2710d43d6899f14c5913e83b684efe2ba6fca9d029,11,sector,sector_2,Sector 2,aggravated_assault,Agg. Assault,year_to_date,percent_change,percent,2026,2024,2,26.0,0.26,26%,,not_checkable,,,wilmington-compstat-v2,validated
weekly-2026-09-20-r1,weekly_compstat,2026-09-14,2026-09-20,1,224441568f81ffe637b2bd2710d43d6899f14c5913e83b684efe2ba6fca9d029,11,sector,sector_2,Sector 2,aggravated_assault,Agg. Assault,year_to_date,percent_change,percent,2026,2023,3,-10.0,-0.1,-10%,,not_checkable,,,wilmington-compstat-v2,validated
weekly-2026-09-20-r1,weekly_compstat,2026-09-14,2026-09-20,1,224441568f81ffe637b2bd2710d43d6899f14c5913e83b684efe2ba6fca9d029,11,sector,sector_2,Sector 2,aggravated_assault,Agg. Assault,year_to_date,percent_change,percent,2026,2022,4,15.0,0.15,15%,,not_checkable,,,wilmington-compstat-v2,validated
weekly-2026-09-20-r1,weekly_compstat,2026-09-14,2026-09-20,1,224441568f81ffe637b2bd2710d43d6899f14c5913e83b684efe2ba6fca9d029,11,sector,sector_2,Sector 2,aggravated_assault,Agg. Assault,year_to_date,percent_change,percent,2026,2021,5,-7.0,-0.07,-7%,,not_checkable,,,wilmington-compstat-v2,validated
weekly-2026-09-20-r1,weekly_compstat,2026-09-14,2026-09-20,1,224441568f81ffe637b2bd2710d43d6899f14c5913e83b684efe2ba6fca9d029,11,sector,sector_2,Sector 2,aggravated_assault,Agg. Assault,year_to_date,percent_change,percent,2026,2020,6,8.0,0.08,8%,,not_checkable,,,wilmington-compstat-v2,validated
weekly-2026-09-20-r1,weekly_compstat,2026-09-14,2026-09-20,1,224441568f81ffe637b2bd2710d43d6899f14c5913e83b684efe2ba6fca9d029,11,sector,sector_2,Sector 2,burglary,Burglary,last_7_days,count,count,2026,,,2,,2,,not_applicable,,,wilmington-compstat-v2,validated
weekly-2026-09-20-r1,weekly_compstat,2026-09-14,2026-09-20,1,224441568f81ffe637b2bd2710d43d6899f14c5913e83b684efe2ba6fca9d029,11,sector,sector_2,Sector 2,burglary,Burglary,last_7_days,count,count,2025,,,2,,2,,not_applicable,,,wilmington-compstat-v2,validated
weekly-2026-09-20-r1,weekly_compstat,2026-09-14,2026-09-20,1,224441568f81ffe637b2bd2710d43d6899f14c5913e83b684efe2ba6fca9d029,11,sector,sector_2,Sector 2,burglary,Burglary,last_7_days,percent_change,percent,2026,2025,1,0.0,0.0,0%,0.0,matched,,,wilmington-compstat-v2,validated
weekly-2026-09-20-r1,weekly_compstat,2026-09-14,2026-09-20,1,224441568f81ffe637b2bd2710d43d6899f14c5913e83b684efe2ba6fca9d029,11,sector,sector_2,Sector 2,burglary,Burglary,last_28_days,count,count,2026,,,6,,6,,not_applicable,,,wilmington-compstat-v2,validated
weekly-2026-09-20-r1,weekly_compstat,2026-09-14,2026-09-20,1,224441568f81ffe637b2bd2710d43d6899f14c5913e83b684efe2ba6fca9d029,11,sector,sector_2,Sector 2,burglary,Burglary,last_28_days,count,count,2025,,,9,,9,,not_applicable,,,wilmington-compstat-v2,validated
weekly-2026-09-20-r1,weekly_compstat,2026-09-14,2026-09-20,1,224441568f81ffe637b2bd2710d43d6899f14c5913e83b684efe2ba6fca9d029,11,sector,sector_2,Sector 2,burglary,Burglary,last_28_days,percent_change,percent,2026,2025,1,-33.0,-0.33,-33%,-33.333333,matched,,,wilmington-compstat-v2,validated
weekly-2026-09-20-r1,weekly_compstat,2026-09-14,2026-09-20,1,224441568f81ffe637b2bd2710d43d6899f14c5913e83b684efe2ba6fca9d029,11,sector,sector_2,Sector 2,burglary,Burglary,year_to_date,count,count,2026,,,86,,86,,not_applicable,,,wilmington-compstat-v2,validated
weekly-2026-09-20-r1,weekly_compstat,2026-09-14,2026-09-20,1,224441568f81ffe637b2bd2710d43d6899f14c5913e83b684efe2ba6fca9d029,11,sector,sector_2,Sector 2,burglary,Burglary,year_to_date,count,count,2025,,,96,,96,,not_applicable,,,wilmington-compstat-v2,validated
weekly-2026-09-20-r1,weekly_compstat,2026-09-14,2026-09-20,1,224441568f81ffe637b2bd2710d43d6899f14c5913e83b684efe2ba6fca9d029,11,sector,sector_2,Sector 2,burglary,Burglary,year_to_date,percent_change,percent,2026,2025,1,-10.0,-0.1,-10%,-10.416667,matched,,,wilmington-compstat-v2,validated
weekly-2026-09-20-r1,weekly_compstat,2026-09-14,2026-09-20,1,224441568f81ffe637b2bd2710d43d6899f14c5913e83b684efe2ba6fca9d029,11,sector,sector_2,Sector 2,burglary,Burglary,year_to_date,percent_change,percent,2026,2024,2,-7.0,-0.07,-7%,,not_checkable,,,wilmington-compstat-v2,validated
weekly-2026-09-20-r1,weekly_compstat,2026-09-14,2026-09-20,1,224441568f81ffe637b2bd2710d43d6899f14c5913e83b684efe2ba6fca9d029,11,sector,sector_2,Sector 2,burglary,Burglary,year_to_date,percent_change,percent,2026,2023,3,-17.0,-0.17,-17%,,not_checkable,,,wilmington-compstat-v2,validated
weekly-2026-09-20-r1,weekly_compstat,2026-09-14,2026-09-20,1,224441568f81ffe637b2bd2710d43d6899f14c5913e83b684efe2ba6fca9d029,11,sector,sector_2,Sector 2,burglary,Burglary,year_to_date,percent_change,percent,2026,2022,4,4.0,0.04,4%,,not_checkable,,,wilmington-compstat-v2,validated
weekly-2026-09-20-r1,weekly_compstat,2026-09-14,2026-09-20,1,224441568f81ffe637b2bd2710d43d6899f14c5913e83b684efe2ba6fca9d029,11,sector,sector_2,Sector 2,burglary,Burglary,year_to_date,percent_change,percent,2026,2021,5,-20.0,-0.2,-20%,,not_checkable,,,wilmington-compstat-v2,validated
weekly-2026-09-20-r1,weekly_compstat,2026-09-14,2026-09-20,1,224441568f81ffe637b2bd2710d43d6899f14c5913e83b684efe2ba6fca9d029,11,sector,sector_2,Sector 2,burglary,Burglary,year_to_date,percent_change,percent,2026,2020,6,-32.0,-0.32,-32%,,not_checkable,,,wilmington-compstat-v2,validated
weekly-2026-09-20-r1,weekly_compstat,2026-09-14,2026-09-20,1,224441568f81ffe637b2bd2710d43d6899f14c5913e83b684efe2ba6fca9d029,11,sector,sector_2,Sector 2,felony_theft,Felony Theft,last_7_days,count,count,2026,,,1,,1,,not_applicable,,,wilmington-compstat-v2,validated
weekly-2026-09-20-r1,weekly_compstat,2026-09-14,2026-09-20,1,224441568f81ffe637b2bd2710d43d6899f14c5913e83b684efe2ba6fca9d029,11,sector,sector_2,Sector 2,felony_theft,Felony Theft,last_7_days,count,count,2025,,,2,,2,,not_applicable,,,wilmington-compstat-v2,validated
weekly-2026-09-20-r1,weekly_compstat,2026-09-14,2026-09-20,1,224441568f81ffe637b2bd2710d43d6899f14c5913e83b684efe2ba6fca9d029,11,sector,sector_2,Sector 2,felony_theft,Felony Theft,last_7_days,percent_change,percent,2026,2025,1,-50.0,-0.5,-50%,-50.0,matched,,,wilmington-compstat-v2,validated
weekly-2026-09-20-r1,weekly_compstat,2026-09-14,2026-09-20,1,224441568f81ffe637b2bd2710d43d6899f14c5913e83b684efe2ba6fca9d029,11,sector,sector_2,Sector 2,felony_theft,Felony Theft,last_28_days,count,count,2026,,,10,,10,,not_applicable,,,wilmington-compstat-v2,validated
weekly-2026-09-20-r1,weekly_compstat,2026-09-14,2026-09-20,1,224441568f81ffe637b2bd2710d43d6899f14c5913e83b684efe2ba6fca9d029,11,sector,sector_2,Sector 2,felony_theft,Felony Theft,last_28_days,count,count,2025,,,11,,11,,not_applicable,,,wilmington-compstat-v2,validated
weekly-2026-09-20-r1,weekly_compstat,2026-09-14,2026-09-20,1,224441568f81ffe637b2bd2710d43d6899f14c5913e83b684efe2ba6fca9d029,11,sector,sector_2,Sector 2,felony_theft,Felony Theft,last_28_days,percent_change,percent,2026,2025,1,-9.0,-0.09,-9%,-9.090909,matched,,,wilmington-compstat-v2,validated
weekly-2026-09-20-r1,weekly_compstat,2026-09-14,2026-09-20,1,224441568f81ffe637b2bd2710d43d6899f14c5913e83b684efe2ba6fca9d029,11,sector,sector_2,Sector 2,felony_theft,Felony Theft,year_to_date,count,count,2026,,,64,,64,,not_applicable,,,wilmington-compstat-v2,validated
weekly-2026-09-20-r1,weekly_compstat,2026-09-14,2026-09-20,1,224441568f81ffe637b2bd2710d43d6899f14c5913e83b684efe2ba6fca9d029,11,sector,sector_2,Sector 2,felony_theft,Felony Theft,year_to_date,count,count,2025,,,73,,73,,not_applicable,,,wilmington-compstat-v2,validated
weekly-2026-09-20-r1,weekly_compstat,2026-09-14,2026-09-20,1,224441568f81ffe637b2bd2710d43d6899f14c5913e83b684efe2ba6fca9d029,11,sector,sector_2,Sector 2,felony_theft,Felony Theft,year_to_date,percent_change,percent,2026,2025,1,-12.0,-0.12,-12%,-12.328767,matched,,,wilmington-compstat-v2,validated
weekly-2026-09-20-r1,weekly_compstat,2026-09-14,2026-09-20,1,224441568f81ffe637b2bd2710d43d6899f14c5913e83b684efe2ba6fca9d029,11,sector,sector_2,Sector 2,felony_theft,Felony Theft,year_to_date,percent_change,percent,2026,2024,2,-21.0,-0.21,-21%,,not_checkable,,,wilmington-compstat-v2,validated
weekly-2026-09-20-r1,weekly_compstat,2026-09-14,2026-09-20,1,224441568f81ffe637b2bd2710d43d6899f14c5913e83b684efe2ba6fca9d029,11,sector,sector_2,Sector 2,felony_theft,Felony Theft,year_to_date,percent_change,percent,2026,2023,3,-18.0,-0.18,-18%,,not_checkable,,,wilmington-compstat-v2,validated
weekly-2026-09-20-r1,weekly_compstat,2026-09-14,2026-09-20,1,224441568f81ffe637b2bd2710d43d6899f14c5913e83b684efe2ba6fca9d029,11,sector,sector_2,Sector 2,felony_theft,Felony Theft,year_to_date,percent_change,percent,2026,2022,4,-25.0,-0.25,-25%,,not_checkable,,,wilmington-compstat-v2,validated
weekly-2026-09-20-r1,weekly_compstat,2026-09-14,2026-09-20,1,224441568f81ffe637b2bd2710d43d6899f14c5913e83b684efe2ba6fca9d029,11,sector,sector_2,Sector 2,felony_theft,Felony Theft,year_to_date,percent_change,percent,2026,2021,5,10.0,0.1,10%,,not_checkable,,,wilmington-compstat-v2,validated
weekly-2026-09-20-r1,weekly_compstat,2026-09-14,2026-09-20,1,224441568f81ffe637b2bd2710d43d6899f14c5913e83b684efe2ba6fca9d029,11,sector,sector_2,Sector 2,felony_theft,Felony Theft,year_to_date,percent_change,percent,2026,2020,6,16.0,0.16,16%,,not_checkable,,,wilmington-compstat-v2,validated
weekly-2026-09-20-r1,weekly_compstat,2026-09-14,2026-09-20,1,224441568f81ffe637b2bd2710d43d6899f14c5913e83b684efe2ba6fca9d029,11,sector,sector_2,Sector 2,auto_theft,Auto Theft,last_7_days,count,count,2026,,,1,,1,,not_applicable,,,wilmington-compstat-v2,validated
weekly-2026-09-20-r1,weekly_compstat,2026-09-14,2026-09-20,1,224441568f81ffe637b2bd2710d43d6899f14c5913e83b684efe2ba6fca9d029,11,sector,sector_2,Sector 2,auto_theft,Auto Theft,last_7_days,count,count,2025,,,2,,2,,not_applicable,,,wilmington-compstat-v2,validated
weekly-2026-09-20-r1,weekly_compstat,2026-09-14,2026-09-20,1,224441568f81ffe637b2bd2710d43d6899f14c5913e83b684efe2ba6fca9d029,11,sector,sector_2,Sector 2,auto_theft,Auto Theft,last_7_days,percent_change,percent,2026,2025,1,-50.0,-0.5,-50%,-50.0,matched,,,wilmington-compstat-v2,validated
weekly-2026-09-20-r1,weekly_compstat,2026-09-14,2026-09-20,1,224441568f81ffe637b2bd2710d43d6899f14c5913e83b684efe2ba6fca9d029,11,sector,sector_2,Sector 2,auto_theft,Auto Theft,last_28_days,count,count,2026,,,11,,11,,not_applicable,,,wilmington-compstat-v2,validated
weekly-2026-09-20-r1,weekly_compstat,2026-09-14,2026-09-20,1,224441568f81ffe637b2bd2710d43d6899f14c5913e83b684efe2ba6fca9d029,11,sector,sector_2,Sector 2,auto_theft,Auto Theft,last_28_days,count,count,2025,,,14,,14,,not_applicable,,,wilmington-compstat-v2,validated
weekly-2026-09-20-r1,weekly_compstat,2026-09-14,2026-09-20,1,224441568f81ffe637b2bd2710d43d6899f14c5913e83b684efe2ba6fca9d029,11,sector,sector_2,Sector 2,auto_theft,Auto Theft,last_28_days,percent_change,percent,2026,2025,1,-21.0,-0.21,-21%,-21.428571,matched,,,wilmington-compstat-v2,validated
weekly-2026-09-20-r1,weekly_compstat,2026-09-14,2026-09-20,1,224441568f81ffe637b2bd2710d43d6899f14c5913e83b684efe2ba6fca9d029,11,sector,sector_2,Sector 2,auto_theft,Auto Theft,year_to_date,count,count,2026,,,54,,54,,not_applicable,,,wilmington-compstat-v2,validated
weekly-2026-09-20-r1,weekly_compstat,2026-09-14,2026-09-20,1,224441568f81ffe637b2bd2710d43d6899f14c5913e83b684efe2ba6fca9d029,11,sector,sector_2,Sector 2,auto_theft,Auto Theft,year_to_date,count,count,2025,,,68,,68,,not_applicable,,,wilmington-compstat-v2,validated
weekly-2026-09-20-r1,weekly_compstat,2026-09-14,2026-09-20,1,224441568f81ffe637b2bd2710d43d6899f14c5913e83b684efe2ba6fca9d029,11,sector,sector_2,Sector 2,auto_theft,Auto Theft,year_to_date,percent_change,percent,2026,2025,1,-21.0,-0.21,-21%,-20.588235,matched,,,wilmington-compstat-v2,validated
weekly-2026-09-20-r1,weekly_compstat,2026-09-14,2026-09-20,1,224441568f81ffe637b2bd2710d43d6899f14c5913e83b684efe2ba6fca9d029,11,sector,sector_2,Sector 2,auto_theft,Auto Theft,year_to_date,percent_change,percent,2026,2024,2,-31.0,-0.31,-31%,,not_checkable,,,wilmington-compstat-v2,validated
weekly-2026-09-20-r1,weekly_compstat,2026-09-14,2026-09-20,1,224441568f81ffe637b2bd2710d43d6899f14c5913e83b684efe2ba6fca9d029,11,sector,sector_2,Sector 2,auto_theft,Auto Theft,year_to_date,percent_change,percent,2026,2023,3,-51.0,-0.51,-51%,,not_checkable,,,wilmington-compstat-v2,validated
weekly-2026-09-20-r1,weekly_compstat,2026-09-14,2026-09-20,1,224441568f81ffe637b2bd2710d43d6899f14c5913e83b684efe2ba6fca9d029,11,sector,sector_2,Sector 2,auto_theft,Auto Theft,year_to_date,percent_change,percent,2026,2022,4,-17.0,-0.17,-17%,,not_checkable,,,wilmington-compstat-v2,validated
weekly-2026-09-20-r1,weekly_compstat,2026-09-14,2026-09-20,1,224441568f81ffe637b2bd2710d43d6899f14c5913e83b684efe2ba6fca9d029,11,sector,sector_2,Sector 2,auto_theft,Auto Theft,year_to_date,percent_change,percent,2026,2021,5,-33.0,-0.33,-33%,,not_checkable,,,wilmington-compstat-v2,validated
weekly-2026-09-20-r1,weekly_compstat,2026-09-14,2026-09-20,1,224441568f81ffe637b2bd2710d43d6899f14c5913e83b684efe2ba6fca9d029,11,sector,sector_2,Sector 2,auto_theft,Auto Theft,year_to_date,percent_change,percent,2026,2020,6,-39.0,-0.39,-39%,,not_checkable,,,wilmington-compstat-v2,validated
weekly-2026-09-20-r1,weekly_compstat,2026-09-14,2026-09-20,1,224441568f81ffe637b2bd2710d43d6899f14c5913e83b684efe2ba6fca9d029,11,sector,sector_2,Sector 2,major_crime_total,TOTAL,last_7_days,count,count,2026,,,7,,7,,not_applicable,,,wilmington-compstat-v2,validated
weekly-2026-09-20-r1,weekly_compstat,2026-09-14,2026-09-20,1,224441568f81ffe637b2bd2710d43d6899f14c5913e83b684efe2ba6fca9d029,11,sector,sector_2,Sector 2,major_crime_total,TOTAL,last_7_days,count,count,2025,,,12,,12,,not_applicable,,,wilmington-compstat-v2,validated
weekly-2026-09-20-r1,weekly_compstat,2026-09-14,2026-09-20,1,224441568f81ffe637b2bd2710d43d6899f14c5913e83b684efe2ba6fca9d029,11,sector,sector_2,Sector 2,major_crime_total,TOTAL,last_7_days,percent_change,percent,2026,2025,1,-42.0,-0.42,-42%,-41.666667,matched,,,wilmington-compstat-v2,validated
weekly-2026-09-20-r1,weekly_compstat,2026-09-14,2026-09-20,1,224441568f81ffe637b2bd2710d43d6899f14c5913e83b684efe2ba6fca9d029,11,sector,sector_2,Sector 2,major_crime_total,TOTAL,last_28_days,count,count,2026,,,54,,54,,not_applicable,,,wilmington-compstat-v2,validated
weekly-2026-09-20-r1,weekly_compstat,2026-09-14,2026-09-20,1,224441568f81ffe637b2bd2710d43d6899f14c5913e83b684efe2ba6fca9d029,11,sector,sector_2,Sector 2,major_crime_total,TOTAL,last_28_days,count,count,2025,,,56,,56,,not_applicable,,,wilmington-compstat-v2,validated
weekly-2026-09-20-r1,weekly_compstat,2026-09-14,2026-09-20,1,224441568f81ffe637b2bd2710d43d6899f14c5913e83b684efe2ba6fca9d029,11,sector,sector_2,Sector 2,major_crime_total,TOTAL,last_28_days,percent_change,percent,2026,2025,1,-4.0,-0.04,-4%,-3.571429,matched,,,wilmington-compstat-v2,validated
weekly-2026-09-20-r1,weekly_compstat,2026-09-14,2026-09-20,1,224441568f81ffe637b2bd2710d43d6899f14c5913e83b684efe2ba6fca9d029,11,sector,sector_2,Sector 2,major_crime_total,TOTAL,year_to_date,count,count,2026,,,401,,401,,not_applicable,,,wilmington-compstat-v2,validated
weekly-2026-09-20-r1,weekly_compstat,2026-09-14,2026-09-20,1,224441568f81ffe637b2bd2710d43d6899f14c5913e83b684efe2ba6fca9d029,11,sector,sector_2,Sector 2,major_crime_total,TOTAL,year_to_date,count,count,2025,,,415,,415,,not_applicable,,,wilmington-compstat-v2,validated
weekly-2026-09-20-r1,weekly_compstat,2026-09-14,2026-09-20,1,224441568f81ffe637b2bd2710d43d6899f14c5913e83b684efe2ba6fca9d029,11,sector,sector_2,Sector 2,major_crime_total,TOTAL,year_to_date,percent_change,percent,2026,2025,1,-3.0,-0.03,-3%,-3.373494,matched,,,wilmington-compstat-v2,validated
weekly-2026-09-20-r1,weekly_compstat,2026-09-14,2026-09-20,1,224441568f81ffe637b2bd2710d43d6899f14c5913e83b684efe2ba6fca9d029,11,sector,sector_2,Sector 2,major_crime_total,TOTAL,year_to_date,percent_change,percent,2026,2024,2,-4.0,-0.04,-4%,,not_checkable,,,wilmington-compstat-v2,validated
weekly-2026-09-20-r1,weekly_compstat,2026-09-14,2026-09-20,1,224441568f81ffe637b2bd2710d43d6899f14c5913e83b684efe2ba6fca9d029,11,sector,sector_2,Sector 2,major_crime_total,TOTAL,year_to_date,percent_change,percent,2026,2023,3,-20.0,-0.2,-20%,,not_checkable,,,wilmington-compstat-v2,validated
weekly-2026-09-20-r1,weekly_compstat,2026-09-14,2026-09-20,1,224441568f81ffe637b2bd2710d43d6899f14c5913e83b684efe2ba6fca9d029,11,sector,sector_2,Sector 2,major_crime_total,TOTAL,year_to_date,percent_change,percent,2026,2022,4,-3.0,-0.03,-3%,,not_checkable,,,wilmington-compstat-v2,validated
weekly-2026-09-20-r1,weekly_compstat,2026-09-14,2026-09-20,1,224441568f81ffe637b2bd2710d43d6899f14c5913e83b684efe2ba6fca9d029,11,sector,sector_2,Sector 2,major_crime_total,TOTAL,year_to_date,percent_change,percent,2026,2021,5,-7.0,-0.07,-7%,,not_checkable,,,wilmington-compstat-v2,validated
weekly-2026-09-20-r1,weekly_compstat,2026-09-14,2026-09-20,1,224441568f81ffe637b2bd2710d43d6899f14c5913e83b684efe2ba6fca9d029,11,sector,sector_2,Sector 2,major_crime_total,TOTAL,year_to_date,percent_change,percent,2026,2020,6,-14.0,-0.14,-14%,,not_checkable,,,wilmington-compstat-v2,validated
weekly-2026-09-20-r1,weekly_compstat,2026-09-14,2026-09-20,1,224441568f81ffe637b2bd2710d43d6899f14c5913e83b684efe2ba6fca9d029,11,sector,sector_2,Sector 2,shooting_incidents,Shooting Incidents,last_7_days,count,count,2026,,,1,,1,,not_applicable,,,wilmington-compstat-v2,validated
weekly-2026-09-20-r1,weekly_compstat,2026-09-14,2026-09-20,1,224441568f81ffe637b2bd2710d43d6899f14c5913e83b684efe2ba6fca9d029,11,sector,sector_2,Sector 2,shooting_incidents,Shooting Incidents,last_7_days,count,count,2025,,,0,,0,,not_applicable,,,wilmington-compstat-v2,validated
weekly-2026-09-20-r1,weekly_compstat,2026-09-14,2026-09-20,1,224441568f81ffe637b2bd2710d43d6899f14c5913e83b684efe2ba6fca9d029,11,sector,sector_2,Sector 2,shooting_incidents,Shooting Incidents,last_7_days,percent_change,percent,2026,2025,1,,,*,,undefined_zero_denominator,,undefined_zero_denominator,wilmington-compstat-v2,validated
weekly-2026-09-20-r1,weekly_compstat,2026-09-14,2026-09-20,1,224441568f81ffe637b2bd2710d43d6899f14c5913e83b684efe2ba6fca9d029,11,sector,sector_2,Sector 2,shooting_incidents,Shooting Incidents,last_28_days,count,count,2026,,,4,,4,,not_applicable,,,wilmington-compstat-v2,validated
weekly-2026-09-20-r1,weekly_compstat,2026-09-14,2026-09-20,1,224441568f81ffe637b2bd2710d43d6899f14c5913e83b684efe2ba6fca9d029,11,sector,sector_2,Sector 2,shooting_incidents,Shooting Incidents,last_28_days,count,count,2025,,,2,,2,,not_applicable,,,wilmington-compstat-v2,validated
weekly-2026-09-20-r1,weekly_compstat,2026-09-14,2026-09-20,1,224441568f81ffe637b2bd2710d43d6899f14c5913e83b684efe2ba6fca9d029,11,sector,sector_2,Sector 2,shooting_incidents,Shooting Incidents,last_28_days,percent_change,percent,2026,2025,1,100.0,1.0,100%,100.0,matched,,,wilmington-compstat-v2,validated
weekly-2026-09-20-r1,weekly_compstat,2026-09-14,2026-09-20,1,224441568f81ffe637b2bd2710d43d6899f14c5913e83b684efe2ba6fca9d029,11,sector,sector_2,Sector 2,shooting_incidents,Shooting Incidents,year_to_date,count,count,2026,,,22,,22,,not_applicable,,,wilmington-compstat-v2,validated
weekly-2026-09-20-r1,weekly_compstat,2026-09-14,2026-09-20,1,224441568f81ffe637b2bd2710d43d6899f14c5913e83b684efe2ba6fca9d029,11,sector,sector_2,Sector 2,shooting_incidents,Shooting Incidents,year_to_date,count,count,2025,,,13,,13,,not_applicable,,,wilmington-compstat-v2,validated
weekly-2026-09-20-r1,weekly_compstat,2026-09-14,2026-09-20,1,224441568f81ffe637b2bd2710d43d6899f14c5913e83b684efe2ba6fca9d029,11,sector,sector_2,Sector 2,shooting_incidents,Shooting Incidents,year_to_date,percent_change,percent,2026,2025,1,69.0,0.69,69%,69.230769,matched,,,wilmington-compstat-v2,validated
weekly-2026-09-20-r1,weekly_compstat,2026-09-14,2026-09-20,1,224441568f81ffe637b2bd2710d43d6899f14c5913e83b684efe2ba6fca9d029,11,sector,sector_2,Sector 2,shooting_incidents,Shooting Incidents,year_to_date,percent_change,percent,2026,2024,2,-15.0,-0.15,-15%,,not_checkable,,,wilmington-compstat-v2,validated
weekly-2026-09-20-r1,weekly_compstat,2026-09-14,2026-09-20,1,224441568f81ffe637b2bd2710d43d6899f14c5913e83b684efe2ba6fca9d029,11,sector,sector_2,Sector 2,shooting_incidents,Shooting Incidents,year_to_date,percent_change,percent,2026,2023,3,-8.0,-0.08,-8%,,not_checkable,,,wilmington-compstat-v2,validated
weekly-2026-09-20-r1,weekly_compstat,2026-09-14,2026-09-20,1,224441568f81ffe637b2bd2710d43d6899f14c5913e83b684efe2ba6fca9d029,11,sector,sector_2,Sector 2,shooting_incidents,Shooting Incidents,year_to_date,percent_change,percent,2026,2022,4,-4.0,-0.04,-4%,,not_checkable,,,wilmington-compstat-v2,validated
weekly-2026-09-20-r1,weekly_compstat,2026-09-14,2026-09-20,1,224441568f81ffe637b2bd2710d43d6899f14c5913e83b684efe2ba6fca9d029,11,sector,sector_2,Sector 2,shooting_incidents,Shooting Incidents,year_to_date,percent_change,percent,2026,2021,5,-39.0,-0.39,-39%,,not_checkable,,,wilmington-compstat-v2,validated
weekly-2026-09-20-r1,weekly_compstat,2026-09-14,2026-09-20,1,224441568f81ffe637b2bd2710d43d6899f14c5913e83b684efe2ba6fca9d029,11,sector,sector_2,Sector 2,shooting_incidents,Shooting Incidents,year_to_date,percent_change,percent,2026,2020,6,-46.0,-0.46,-46%,,not_checkable,,,wilmington-compstat-v2,validated
weekly-2026-09-20-r1,weekly_compstat,2026-09-14,2026-09-20,1,224441568f81ffe637b2bd2710d43d6899f14c5913e83b684efe2ba6fca9d029,11,sector,sector_2,Sector 2,shooting_victims,Shooting Victims,last_7_days,count,count,2026,,,3,,3,,not_applicable,,,wilmington-compstat-v2,validated
weekly-2026-09-20-r1,weekly_compstat,2026-09-14,2026-09-20,1,224441568f81ffe637b2bd2710d43d6899f14c5913e83b684efe2ba6fca9d029,11,sector,sector_2,Sector 2,shooting_victims,Shooting Victims,last_7_days,count,count,2025,,,0,,0,,not_applicable,,,wilmington-compstat-v2,validated
weekly-2026-09-20-r1,weekly_compstat,2026-09-14,2026-09-20,1,224441568f81ffe637b2bd2710d43d6899f14c5913e83b684efe2ba6fca9d029,11,sector,sector_2,Sector 2,shooting_victims,Shooting Victims,last_7_days,percent_change,percent,2026,2025,1,,,*,,undefined_zero_denominator,,undefined_zero_denominator,wilmington-compstat-v2,validated
weekly-2026-09-20-r1,weekly_compstat,2026-09-14,2026-09-20,1,224441568f81ffe637b2bd2710d43d6899f14c5913e83b684efe2ba6fca9d029,11,sector,sector_2,Sector 2,shooting_victims,Shooting Victims,last_28_days,count,count,2026,,,8,,8,,not_applicable,,,wilmington-compstat-v2,validated
weekly-2026-09-20-r1,weekly_compstat,2026-09-14,2026-09-20,1,224441568f81ffe637b2bd2710d43d6899f14c5913e83b684efe2ba6fca9d029,11,sector,sector_2,Sector 2,shooting_victims,Shooting Victims,last_28_days,count,count,2025,,,4,,4,,not_applicable,,,wilmington-compstat-v2,validated
weekly-2026-09-20-r1,weekly_compstat,2026-09-14,2026-09-20,1,224441568f81ffe637b2bd2710d43d6899f14c5913e83b684efe2ba6fca9d029,11,sector,sector_2,Sector 2,shooting_victims,Shooting Victims,last_28_days,percent_change,percent,2026,2025,1,100.0,1.0,100%,100.0,matched,,,wilmington-compstat-v2,validated
weekly-2026-09-20-r1,weekly_compstat,2026-09-14,2026-09-20,1,224441568f81ffe637b2bd2710d43d6899f14c5913e83b684efe2ba6fca9d029,11,sector,sector_2,Sector 2,shooting_victims,Shooting Victims,year_to_date,count,count,2026,,,33,,33,,not_applicable,,,wilmington-compstat-v2,validated
weekly-2026-09-20-r1,weekly_compstat,2026-09-14,2026-09-20,1,224441568f81ffe637b2bd2710d43d6899f14c5913e83b684efe2ba6fca9d029,11,sector,sector_2,Sector 2,shooting_victims,Shooting Victims,year_to_date,count,count,2025,,,16,,16,,not_applicable,,,wilmington-compstat-v2,validated
weekly-2026-09-20-r1,weekly_compstat,2026-09-14,2026-09-20,1,224441568f81ffe637b2bd2710d43d6899f14c5913e83b684efe2ba6fca9d029,11,sector,sector_2,Sector 2,shooting_victims,Shooting Victims,year_to_date,percent_change,percent,2026,2025,1,106.0,1.06,106%,106.25,matched,,,wilmington-compstat-v2,validated
weekly-2026-09-20-r1,weekly_compstat,2026-09-14,2026-09-20,1,224441568f81ffe637b2bd2710d43d6899f14c5913e83b684efe2ba6fca9d029,11,sector,sector_2,Sector 2,shooting_victims,Shooting Victims,year_to_date,percent_change,percent,2026,2024,2,14.0,0.14,14%,,not_checkable,,,wilmington-compstat-v2,validated
weekly-2026-09-20-r1,weekly_compstat,2026-09-14,2026-09-20,1,224441568f81ffe637b2bd2710d43d6899f14c5913e83b684efe2ba6fca9d029,11,sector,sector_2,Sector 2,shooting_victims,Shooting Victims,year_to_date,percent_change,percent,2026,2023,3,6.0,0.06,6%,,not_checkable,,,wilmington-compstat-v2,validated
weekly-2026-09-20-r1,weekly_compstat,2026-09-14,2026-09-20,1,224441568f81ffe637b2bd2710d43d6899f14c5913e83b684efe2ba6fca9d029,11,sector,sector_2,Sector 2,shooting_victims,Shooting Victims,year_to_date,percent_change,percent,2026,2022,4,14.0,0.14,14%,,not_checkable,,,wilmington-compstat-v2,validated
weekly-2026-09-20-r1,weekly_compstat,2026-09-14,2026-09-20,1,224441568f81ffe637b2bd2710d43d6899f14c5913e83b684efe2ba6fca9d029,11,sector,sector_2,Sector 2,shooting_victims,Shooting Victims,year_to_date,percent_change,percent,2026,2021,5,-38.0,-0.38,-38%,,not_checkable,,,wilmington-compstat-v2,validated
weekly-2026-09-20-r1,weekly_compstat,2026-09-14,2026-09-20,1,224441568f81ffe637b2bd2710d43d6899f14c5913e83b684efe2ba6fca9d029,11,sector,sector_2,Sector 2,shooting_victims,Shooting Victims,year_to_date,percent_change,percent,2026,2020,6,-35.0,-0.35,-35%,,not_checkable,,,wilmington-compstat-v2,validated
weekly-2026-09-20-r1,weekly_compstat,2026-09-14,2026-09-20,1,224441568f81ffe637b2bd2710d43d6899f14c5913e83b684efe2ba6fca9d029,11,sector,sector_2,Sector 2,juvenile_shooting_incidents,*Juv Shooting Incidents,last_7_days,count,count,2026,,,0,,0,,not_applicable,,,wilmington-compstat-v2,validated
weekly-2026-09-20-r1,weekly_compstat,2026-09-14,2026-09-20,1,224441568f81ffe637b2bd2710d43d6899f14c5913e83b684efe2ba6fca9d029,11,sector,sector_2,Sector 2,juvenile_shooting_incidents,*Juv Shooting Incidents,last_7_days,count,count,2025,,,0,,0,,not_applicable,,,wilmington-compstat-v2,validated
weekly-2026-09-20-r1,weekly_compstat,2026-09-14,2026-09-20,1,224441568f81ffe637b2bd2710d43d6899f14c5913e83b684efe2ba6fca9d029,11,sector,sector_2,Sector 2,juvenile_shooting_incidents,*Juv Shooting Incidents,last_7_days,percent_change,percent,2026,2025,1,,,*,,undefined_zero_denominator,,undefined_zero_denominator,wilmington-compstat-v2,validated
weekly-2026-09-20-r1,weekly_compstat,2026-09-14,2026-09-20,1,224441568f81ffe637b2bd2710d43d6899f14c5913e83b684efe2ba6fca9d029,11,sector,sector_2,Sector 2,juvenile_shooting_incidents,*Juv Shooting Incidents,last_28_days,count,count,2026,,,0,,0,,not_applicable,,,wilmington-compstat-v2,validated
weekly-2026-09-20-r1,weekly_compstat,2026-09-14,2026-09-20,1,224441568f81ffe637b2bd2710d43d6899f14c5913e83b684efe2ba6fca9d029,11,sector,sector_2,Sector 2,juvenile_shooting_incidents,*Juv Shooting Incidents,last_28_days,count,count,2025,,,0,,0,,not_applicable,,,wilmington-compstat-v2,validated
weekly-2026-09-20-r1,weekly_compstat,2026-09-14,2026-09-20,1,224441568f81ffe637b2bd2710d43d6899f14c5913e83b684efe2ba6fca9d029,11,sector,sector_2,Sector 2,juvenile_shooting_incidents,*Juv Shooting Incidents,last_28_days,percent_change,percent,2026,2025,1,,,*,,undefined_zero_denominator,,undefined_zero_denominator,wilmington-compstat-v2,validated
weekly-2026-09-20-r1,weekly_compstat,2026-09-14,2026-09-20,1,224441568f81ffe637b2bd2710d43d6899f14c5913e83b684efe2ba6fca9d029,11,sector,sector_2,Sector 2,juvenile_shooting_incidents,*Juv Shooting Incidents,year_to_date,count,count,2026,,,6,,6,,not_applicable,,,wilmington-compstat-v2,validated
weekly-2026-09-20-r1,weekly_compstat,2026-09-14,2026-09-20,1,224441568f81ffe637b2bd2710d43d6899f14c5913e83b684efe2ba6fca9d029,11,sector,sector_2,Sector 2,juvenile_shooting_incidents,*Juv Shooting Incidents,year_to_date,count,count,2025,,,0,,0,,not_applicable,,,wilmington-compstat-v2,validated
weekly-2026-09-20-r1,weekly_compstat,2026-09-14,2026-09-20,1,224441568f81ffe637b2bd2710d43d6899f14c5913e83b684efe2ba6fca9d029,11,sector,sector_2,Sector 2,juvenile_shooting_incidents,*Juv Shooting Incidents,year_to_date,percent_change,percent,2026,2025,1,,,*,,undefined_zero_denominator,,undefined_zero_denominator,wilmington-compstat-v2,validated
weekly-2026-09-20-r1,weekly_compstat,2026-09-14,2026-09-20,1,224441568f81ffe637b2bd2710d43d6899f14c5913e83b684efe2ba6fca9d029,11,sector,sector_2,Sector 2,juvenile_shooting_incidents,*Juv Shooting Incidents,year_to_date,percent_change,percent,2026,2024,2,100.0,1.0,100%,,not_checkable,,,wilmington-compstat-v2,validated
weekly-2026-09-20-r1,weekly_compstat,2026-09-14,2026-09-20,1,224441568f81ffe637b2bd2710d43d6899f14c5913e83b684efe2ba6fca9d029,11,sector,sector_2,Sector 2,juvenile_shooting_incidents,*Juv Shooting Incidents,year_to_date,percent_change,percent,2026,2023,3,50.0,0.5,50%,,not_checkable,,,wilmington-compstat-v2,validated
weekly-2026-09-20-r1,weekly_compstat,2026-09-14,2026-09-20,1,224441568f81ffe637b2bd2710d43d6899f14c5913e83b684efe2ba6fca9d029,11,sector,sector_2,Sector 2,juvenile_shooting_incidents,*Juv Shooting Incidents,year_to_date,percent_change,percent,2026,2022,4,100.0,1.0,100%,,not_checkable,,,wilmington-compstat-v2,validated
weekly-2026-09-20-r1,weekly_compstat,2026-09-14,2026-09-20,1,224441568f81ffe637b2bd2710d43d6899f14c5913e83b684efe2ba6fca9d029,11,sector,sector_2,Sector 2,juvenile_shooting_incidents,*Juv Shooting Incidents,year_to_date,percent_change,percent,2026,2021,5,50.0,0.5,50%,,not_checkable,,,wilmington-compstat-v2,validated
weekly-2026-09-20-r1,weekly_compstat,2026-09-14,2026-09-20,1,224441568f81ffe637b2bd2710d43d6899f14c5913e83b684efe2ba6fca9d029,11,sector,sector_2,Sector 2,juvenile_shooting_incidents,*Juv Shooting Incidents,year_to_date,percent_change,percent,2026,2020,6,-50.0,-0.5,-50%,,not_checkable,,,wilmington-compstat-v2,validated
weekly-2026-09-20-r1,weekly_compstat,2026-09-14,2026-09-20,1,224441568f81ffe637b2bd2710d43d6899f14c5913e83b684efe2ba6fca9d029,11,sector,sector_2,Sector 2,juvenile_shooting_victims,*Juv Shooting Victims,last_7_days,count,count,2026,,,0,,0,,not_applicable,,,wilmington-compstat-v2,validated
weekly-2026-09-20-r1,weekly_compstat,2026-09-14,2026-09-20,1,224441568f81ffe637b2bd2710d43d6899f14c5913e83b684efe2ba6fca9d029,11,sector,sector_2,Sector 2,juvenile_shooting_victims,*Juv Shooting Victims,last_7_days,count,count,2025,,,0,,0,,not_applicable,,,wilmington-compstat-v2,validated
weekly-2026-09-20-r1,weekly_compstat,2026-09-14,2026-09-20,1,224441568f81ffe637b2bd2710d43d6899f14c5913e83b684efe2ba6fca9d029,11,sector,sector_2,Sector 2,juvenile_shooting_victims,*Juv Shooting Victims,last_7_days,percent_change,percent,2026,2025,1,,,*,,undefined_zero_denominator,,undefined_zero_denominator,wilmington-compstat-v2,validated
weekly-2026-09-20-r1,weekly_compstat,2026-09-14,2026-09-20,1,224441568f81ffe637b2bd2710d43d6899f14c5913e83b684efe2ba6fca9d029,11,sector,sector_2,Sector 2,juvenile_shooting_victims,*Juv Shooting Victims,last_28_days,count,count,2026,,,0,,0,,not_applicable,,,wilmington-compstat-v2,validated
weekly-2026-09-20-r1,weekly_compstat,2026-09-14,2026-09-20,1,224441568f81ffe637b2bd2710d43d6899f14c5913e83b684efe2ba6fca9d029,11,sector,sector_2,Sector 2,juvenile_shooting_victims,*Juv Shooting Victims,last_28_days,count,count,2025,,,0,,0,,not_applicable,,,wilmington-compstat-v2,validated
weekly-2026-09-20-r1,weekly_compstat,2026-09-14,2026-09-20,1,224441568f81ffe637b2bd2710d43d6899f14c5913e83b684efe2ba6fca9d029,11,sector,sector_2,Sector 2,juvenile_shooting_victims,*Juv Shooting Victims,last_28_days,percent_change,percent,2026,2025,1,,,*,,undefined_zero_denominator,,undefined_zero_denominator,wilmington-compstat-v2,validated
weekly-2026-09-20-r1,weekly_compstat,2026-09-14,2026-09-20,1,224441568f81ffe637b2bd2710d43d6899f14c5913e83b684efe2ba6fca9d029,11,sector,sector_2,Sector 2,juvenile_shooting_victims,*Juv Shooting Victims,year_to_date,count,count,2026,,,6,,6,,not_applicable,,,wilmington-compstat-v2,validated
weekly-2026-09-20-r1,weekly_compstat,2026-09-14,2026-09-20,1,224441568f81ffe637b2bd2710d43d6899f14c5913e83b684efe2ba6fca9d029,11,sector,sector_2,Sector 2,juvenile_shooting_victims,*Juv Shooting Victims,year_to_date,count,count,2025,,,0,,0,,not_applicable,,,wilmington-compstat-v2,validated
weekly-2026-09-20-r1,weekly_compstat,2026-09-14,2026-09-20,1,224441568f81ffe637b2bd2710d43d6899f14c5913e83b684efe2ba6fca9d029,11,sector,sector_2,Sector 2,juvenile_shooting_victims,*Juv Shooting Victims,year_to_date,percent_change,percent,2026,2025,1,,,*,,undefined_zero_denominator,,undefined_zero_denominator,wilmington-compstat-v2,validated
weekly-2026-09-20-r1,weekly_compstat,2026-09-14,2026-09-20,1,224441568f81ffe637b2bd2710d43d6899f14c5913e83b684efe2ba6fca9d029,11,sector,sector_2,Sector 2,juvenile_shooting_victims,*Juv Shooting Victims,year_to_date,percent_change,percent,2026,2024,2,100.0,1.0,100%,,not_checkable,,,wilmington-compstat-v2,validated
weekly-2026-09-20-r1,weekly_compstat,2026-09-14,2026-09-20,1,224441568f81ffe637b2bd2710d43d6899f14c5913e83b684efe2ba6fca9d029,11,sector,sector_2,Sector 2,juvenile_shooting_victims,*Juv Shooting Victims,year_to_date,percent_change,percent,2026,2023,3,20.0,0.2,20%,,not_checkable,,,wilmington-compstat-v2,validated
weekly-2026-09-20-r1,weekly_compstat,2026-09-14,2026-09-20,1,224441568f81ffe637b2bd2710d43d6899f14c5913e83b684efe2ba6fca9d029,11,sector,sector_2,Sector 2,juvenile_shooting_victims,*Juv Shooting Victims,year_to_date,percent_change,percent,2026,2022,4,50.0,0.5,50%,,not_checkable,,,wilmington-compstat-v2,validated
weekly-2026-09-20-r1,weekly_compstat,2026-09-14,2026-09-20,1,224441568f81ffe637b2bd2710d43d6899f14c5913e83b684efe2ba6fca9d029,11,sector,sector_2,Sector 2,juvenile_shooting_victims,*Juv Shooting Victims,year_to_date,percent_change,percent,2026,2021,5,50.0,0.5,50%,,not_checkable,,,wilmington-compstat-v2,validated
weekly-2026-09-20-r1,weekly_compstat,2026-09-14,2026-09-20,1,224441568f81ffe637b2bd2710d43d6899f14c5913e83b684efe2ba6fca9d029,11,sector,sector_2,Sector 2,juvenile_shooting_victims,*Juv Shooting Victims,year_to_date,percent_change,percent,2026,2020,6,-63.0,-0.63,-63%,,not_checkable,,,wilmington-compstat-v2,validated
weekly-2026-09-20-r1,weekly_compstat,2026-09-14,2026-09-20,1,224441568f81ffe637b2bd2710d43d6899f14c5913e83b684efe2ba6fca9d029,11,sector,sector_2,Sector 2,misdemeanor_theft,Theft (Misdemeanor),last_7_days,count,count,2026,,,7,,7,,not_applicable,,,wilmington-compstat-v2,validated
weekly-2026-09-20-r1,weekly_compstat,2026-09-14,2026-09-20,1,224441568f81ffe637b2bd2710d43d6899f14c5913e83b684efe2ba6fca9d029,11,sector,sector_2,Sector 2,misdemeanor_theft,Theft (Misdemeanor),last_7_days,count,count,2025,,,9,,9,,not_applicable,,,wilmington-compstat-v2,validated
weekly-2026-09-20-r1,weekly_compstat,2026-09-14,2026-09-20,1,224441568f81ffe637b2bd2710d43d6899f14c5913e83b684efe2ba6fca9d029,11,sector,sector_2,Sector 2,misdemeanor_theft,Theft (Misdemeanor),last_7_days,percent_change,percent,2026,2025,1,-22.0,-0.22,-22%,-22.222222,matched,,,wilmington-compstat-v2,validated
weekly-2026-09-20-r1,weekly_compstat,2026-09-14,2026-09-20,1,224441568f81ffe637b2bd2710d43d6899f14c5913e83b684efe2ba6fca9d029,11,sector,sector_2,Sector 2,misdemeanor_theft,Theft (Misdemeanor),last_28_days,count,count,2026,,,36,,36,,not_applicable,,,wilmington-compstat-v2,validated
weekly-2026-09-20-r1,weekly_compstat,2026-09-14,2026-09-20,1,224441568f81ffe637b2bd2710d43d6899f14c5913e83b684efe2ba6fca9d029,11,sector,sector_2,Sector 2,misdemeanor_theft,Theft (Misdemeanor),last_28_days,count,count,2025,,,32,,32,,not_applicable,,,wilmington-compstat-v2,validated
weekly-2026-09-20-r1,weekly_compstat,2026-09-14,2026-09-20,1,224441568f81ffe637b2bd2710d43d6899f14c5913e83b684efe2ba6fca9d029,11,sector,sector_2,Sector 2,misdemeanor_theft,Theft (Misdemeanor),last_28_days,percent_change,percent,2026,2025,1,13.0,0.13,13%,12.5,matched,,,wilmington-compstat-v2,validated
weekly-2026-09-20-r1,weekly_compstat,2026-09-14,2026-09-20,1,224441568f81ffe637b2bd2710d43d6899f14c5913e83b684efe2ba6fca9d029,11,sector,sector_2,Sector 2,misdemeanor_theft,Theft (Misdemeanor),year_to_date,count,count,2026,,,261,,261,,not_applicable,,,wilmington-compstat-v2,validated
weekly-2026-09-20-r1,weekly_compstat,2026-09-14,2026-09-20,1,224441568f81ffe637b2bd2710d43d6899f14c5913e83b684efe2ba6fca9d029,11,sector,sector_2,Sector 2,misdemeanor_theft,Theft (Misdemeanor),year_to_date,count,count,2025,,,268,,268,,not_applicable,,,wilmington-compstat-v2,validated
weekly-2026-09-20-r1,weekly_compstat,2026-09-14,2026-09-20,1,224441568f81ffe637b2bd2710d43d6899f14c5913e83b684efe2ba6fca9d029,11,sector,sector_2,Sector 2,misdemeanor_theft,Theft (Misdemeanor),year_to_date,percent_change,percent,2026,2025,1,-3.0,-0.03,-3%,-2.61194,matched,,,wilmington-compstat-v2,validated
weekly-2026-09-20-r1,weekly_compstat,2026-09-14,2026-09-20,1,224441568f81ffe637b2bd2710d43d6899f14c5913e83b684efe2ba6fca9d029,11,sector,sector_2,Sector 2,misdemeanor_theft,Theft (Misdemeanor),year_to_date,percent_change,percent,2026,2024,2,0.0,0.0,0%,,not_checkable,,,wilmington-compstat-v2,validated
weekly-2026-09-20-r1,weekly_compstat,2026-09-14,2026-09-20,1,224441568f81ffe637b2bd2710d43d6899f14c5913e83b684efe2ba6fca9d029,11,sector,sector_2,Sector 2,misdemeanor_theft,Theft (Misdemeanor),year_to_date,percent_change,percent,2026,2023,3,-3.0,-0.03,-3%,,not_checkable,,,wilmington-compstat-v2,validated
weekly-2026-09-20-r1,weekly_compstat,2026-09-14,2026-09-20,1,224441568f81ffe637b2bd2710d43d6899f14c5913e83b684efe2ba6fca9d029,11,sector,sector_2,Sector 2,misdemeanor_theft,Theft (Misdemeanor),year_to_date,percent_change,percent,2026,2022,4,-13.0,-0.13,-13%,,not_checkable,,,wilmington-compstat-v2,validated
weekly-2026-09-20-r1,weekly_compstat,2026-09-14,2026-09-20,1,224441568f81ffe637b2bd2710d43d6899f14c5913e83b684efe2ba6fca9d029,11,sector,sector_2,Sector 2,misdemeanor_theft,Theft (Misdemeanor),year_to_date,percent_change,percent,2026,2021,5,-16.0,-0.16,-16%,,not_checkable,,,wilmington-compstat-v2,validated
weekly-2026-09-20-r1,weekly_compstat,2026-09-14,2026-09-20,1,224441568f81ffe637b2bd2710d43d6899f14c5913e83b684efe2ba6fca9d029,11,sector,sector_2,Sector 2,misdemeanor_theft,Theft (Misdemeanor),year_to_date,percent_change,percent,2026,2020,6,-8.0,-0.08,-8%,,not_checkable,,,wilmington-compstat-v2,validated
weekly-2026-09-20-r1,weekly_compstat,2026-09-14,2026-09-20,1,224441568f81ffe637b2bd2710d43d6899f14c5913e83b684efe2ba6fca9d029,13,district,district_10,District 10,murder,Murder,last_7_days,count,count,2026,,,0,,0,,not_applicable,,,wilmington-compstat-v2,validated
weekly-2026-09-20-r1,weekly_compstat,2026-09-14,2026-09-20,1,224441568f81ffe637b2bd2710d43d6899f14c5913e83b684efe2ba6fca9d029,13,district,district_10,District 10,murder,Murder,last_7_days,count,count,2025,,,0,,0,,not_applicable,,,wilmington-compstat-v2,validated
weekly-2026-09-20-r1,weekly_compstat,2026-09-14,2026-09-20,1,224441568f81ffe637b2bd2710d43d6899f14c5913e83b684efe2ba6fca9d029,13,district,district_10,District 10,murder,Murder,last_7_days,percent_change,percent,2026,2025,1,,,*,,undefined_zero_denominator,,undefined_zero_denominator,wilmington-compstat-v2,validated
weekly-2026-09-20-r1,weekly_compstat,2026-09-14,2026-09-20,1,224441568f81ffe637b2bd2710d43d6899f14c5913e83b684efe2ba6fca9d029,13,district,district_10,District 10,murder,Murder,last_28_days,count,count,2026,,,0,,0,,not_applicable,,,wilmington-compstat-v2,validated
weekly-2026-09-20-r1,weekly_compstat,2026-09-14,2026-09-20,1,224441568f81ffe637b2bd2710d43d6899f14c5913e83b684efe2ba6fca9d029,13,district,district_10,District 10,murder,Murder,last_28_days,count,count,2025,,,0,,0,,not_applicable,,,wilmington-compstat-v2,validated
weekly-2026-09-20-r1,weekly_compstat,2026-09-14,2026-09-20,1,224441568f81ffe637b2bd2710d43d6899f14c5913e83b684efe2ba6fca9d029,13,district,district_10,District 10,murder,Murder,last_28_days,percent_change,percent,2026,2025,1,,,*,,undefined_zero_denominator,,undefined_zero_denominator,wilmington-compstat-v2,validated
weekly-2026-09-20-r1,weekly_compstat,2026-09-14,2026-09-20,1,224441568f81ffe637b2bd2710d43d6899f14c5913e83b684efe2ba6fca9d029,13,district,district_10,District 10,murder,Murder,year_to_date,count,count,2026,,,1,,1,,not_applicable,,,wilmington-compstat-v2,validated
weekly-2026-09-20-r1,weekly_compstat,2026-09-14,2026-09-20,1,224441568f81ffe637b2bd2710d43d6899f14c5913e83b684efe2ba6fca9d029,13,district,district_10,District 10,murder,Murder,year_to_date,count,count,2025,,,1,,1,,not_applicable,,,wilmington-compstat-v2,validated
weekly-2026-09-20-r1,weekly_compstat,2026-09-14,2026-09-20,1,224441568f81ffe637b2bd2710d43d6899f14c5913e83b684efe2ba6fca9d029,13,district,district_10,District 10,murder,Murder,year_to_date,percent_change,percent,2026,2025,1,0.0,0.0,0%,0.0,matched,,,wilmington-compstat-v2,validated
weekly-2026-09-20-r1,weekly_compstat,2026-09-14,2026-09-20,1,224441568f81ffe637b2bd2710d43d6899f14c5913e83b684efe2ba6fca9d029,13,district,district_10,District 10,murder,Murder,year_to_date,percent_change,percent,2026,2024,2,-50.0,-0.5,-50%,,not_checkable,,,wilmington-compstat-v2,validated
weekly-2026-09-20-r1,weekly_compstat,2026-09-14,2026-09-20,1,224441568f81ffe637b2bd2710d43d6899f14c5913e83b684efe2ba6fca9d029,13,district,district_10,District 10,murder,Murder,year_to_date,percent_change,percent,2026,2023,3,,,*,,not_checkable,,undefined_zero_denominator,wilmington-compstat-v2,validated
weekly-2026-09-20-r1,weekly_compstat,2026-09-14,2026-09-20,1,224441568f81ffe637b2bd2710d43d6899f14c5913e83b684efe2ba6fca9d029,13,district,district_10,District 10,murder,Murder,year_to_date,percent_change,percent,2026,2022,4,0.0,0.0,0%,,not_checkable,,,wilmington-compstat-v2,validated
weekly-2026-09-20-r1,weekly_compstat,2026-09-14,2026-09-20,1,224441568f81ffe637b2bd2710d43d6899f14c5913e83b684efe2ba6fca9d029,13,district,district_10,District 10,murder,Murder,year_to_date,percent_change,percent,2026,2021,5,0.0,0.0,0%,,not_checkable,,,wilmington-compstat-v2,validated
weekly-2026-09-20-r1,weekly_compstat,2026-09-14,2026-09-20,1,224441568f81ffe637b2bd2710d43d6899f14c5913e83b684efe2ba6fca9d029,13,district,district_10,District 10,murder,Murder,year_to_date,percent_change,percent,2026,2020,6,,,*,,not_checkable,,undefined_zero_denominator,wilmington-compstat-v2,validated
weekly-2026-09-20-r1,weekly_compstat,2026-09-14,2026-09-20,1,224441568f81ffe637b2bd2710d43d6899f14c5913e83b684efe2ba6fca9d029,13,district,district_10,District 10,rape,Rape,last_7_days,count,count,2026,,,0,,0,,not_applicable,,,wilmington-compstat-v2,validated
weekly-2026-09-20-r1,weekly_compstat,2026-09-14,2026-09-20,1,224441568f81ffe637b2bd2710d43d6899f14c5913e83b684efe2ba6fca9d029,13,district,district_10,District 10,rape,Rape,last_7_days,count,count,2025,,,0,,0,,not_applicable,,,wilmington-compstat-v2,validated
weekly-2026-09-20-r1,weekly_compstat,2026-09-14,2026-09-20,1,224441568f81ffe637b2bd2710d43d6899f14c5913e83b684efe2ba6fca9d029,13,district,district_10,District 10,rape,Rape,last_7_days,percent_change,percent,2026,2025,1,,,*,,undefined_zero_denominator,,undefined_zero_denominator,wilmington-compstat-v2,validated
weekly-2026-09-20-r1,weekly_compstat,2026-09-14,2026-09-20,1,224441568f81ffe637b2bd2710d43d6899f14c5913e83b684efe2ba6fca9d029,13,district,district_10,District 10,rape,Rape,last_28_days,count,count,2026,,,0,,0,,not_applicable,,,wilmington-compstat-v2,validated
weekly-2026-09-20-r1,weekly_compstat,2026-09-14,2026-09-20,1,224441568f81ffe637b2bd2710d43d6899f14c5913e83b684efe2ba6fca9d029,13,district,district_10,District 10,rape,Rape,last_28_days,count,count,2025,,,0,,0,,not_applicable,,,wilmington-compstat-v2,validated
weekly-2026-09-20-r1,weekly_compstat,2026-09-14,2026-09-20,1,224441568f81ffe637b2bd2710d43d6899f14c5913e83b684efe2ba6fca9d029,13,district,district_10,District 10,rape,Rape,last_28_days,percent_change,percent,2026,2025,1,,,*,,undefined_zero_denominator,,undefined_zero_denominator,wilmington-compstat-v2,validated
weekly-2026-09-20-r1,weekly_compstat,2026-09-14,2026-09-20,1,224441568f81ffe637b2bd2710d43d6899f14c5913e83b684efe2ba6fca9d029,13,district,district_10,District 10,rape,Rape,year_to_date,count,count,2026,,,0,,0,,not_applicable,,,wilmington-compstat-v2,validated
weekly-2026-09-20-r1,weekly_compstat,2026-09-14,2026-09-20,1,224441568f81ffe637b2bd2710d43d6899f14c5913e83b684efe2ba6fca9d029,13,district,district_10,District 10,rape,Rape,year_to_date,count,count,2025,,,0,,0,,not_applicable,,,wilmington-compstat-v2,validated
weekly-2026-09-20-r1,weekly_compstat,2026-09-14,2026-09-20,1,224441568f81ffe637b2bd2710d43d6899f14c5913e83b684efe2ba6fca9d029,13,district,district_10,District 10,rape,Rape,year_to_date,percent_change,percent,2026,2025,1,,,*,,undefined_zero_denominator,,undefined_zero_denominator,wilmington-compstat-v2,validated
weekly-2026-09-20-r1,weekly_compstat,2026-09-14,2026-09-20,1,224441568f81ffe637b2bd2710d43d6899f14c5913e83b684efe2ba6fca9d029,13,district,district_10,District 10,rape,Rape,year_to_date,percent_change,percent,2026,2024,2,,,*,,not_checkable,,undefined_zero_denominator,wilmington-compstat-v2,validated
weekly-2026-09-20-r1,weekly_compstat,2026-09-14,2026-09-20,1,224441568f81ffe637b2bd2710d43d6899f14c5913e83b684efe2ba6fca9d029,13,district,district_10,District 10,rape,Rape,year_to_date,percent_change,percent,2026,2023,3,,,*,,not_checkable,,undefined_zero_denominator,wilmington-compstat-v2,validated
weekly-2026-09-20-r1,weekly_compstat,2026-09-14,2026-09-20,1,224441568f81ffe637b2bd2710d43d6899f14c5913e83b684efe2ba6fca9d029,13,district,district_10,District 10,rape,Rape,year_to_date,percent_change,percent,2026,2022,4,-100.0,-1.0,-100%,,not_checkable,,,wilmington-compstat-v2,validated
weekly-2026-09-20-r1,weekly_compstat,2026-09-14,2026-09-20,1,224441568f81ffe637b2bd2710d43d6899f14c5913e83b684efe2ba6fca9d029,13,district,district_10,District 10,rape,Rape,year_to_date,percent_change,percent,2026,2021,5,,,*,,not_checkable,,undefined_zero_denominator,wilmington-compstat-v2,validated
weekly-2026-09-20-r1,weekly_compstat,2026-09-14,2026-09-20,1,224441568f81ffe637b2bd2710d43d6899f14c5913e83b684efe2ba6fca9d029,13,district,district_10,District 10,rape,Rape,year_to_date,percent_change,percent,2026,2020,6,,,*,,not_checkable,,undefined_zero_denominator,wilmington-compstat-v2,validated
weekly-2026-09-20-r1,weekly_compstat,2026-09-14,2026-09-20,1,224441568f81ffe637b2bd2710d43d6899f14c5913e83b684efe2ba6fca9d029,13,district,district_10,District 10,robbery,Robbery,last_7_days,count,count,2026,,,0,,0,,not_applicable,,,wilmington-compstat-v2,validated
weekly-2026-09-20-r1,weekly_compstat,2026-09-14,2026-09-20,1,224441568f81ffe637b2bd2710d43d6899f14c5913e83b684efe2ba6fca9d029,13,district,district_10,District 10,robbery,Robbery,last_7_days,count,count,2025,,,0,,0,,not_applicable,,,wilmington-compstat-v2,validated
weekly-2026-09-20-r1,weekly_compstat,2026-09-14,2026-09-20,1,224441568f81ffe637b2bd2710d43d6899f14c5913e83b684efe2ba6fca9d029,13,district,district_10,District 10,robbery,Robbery,last_7_days,percent_change,percent,2026,2025,1,,,*,,undefined_zero_denominator,,undefined_zero_denominator,wilmington-compstat-v2,validated
weekly-2026-09-20-r1,weekly_compstat,2026-09-14,2026-09-20,1,224441568f81ffe637b2bd2710d43d6899f14c5913e83b684efe2ba6fca9d029,13,district,district_10,District 10,robbery,Robbery,last_28_days,count,count,2026,,,0,,0,,not_applicable,,,wilmington-compstat-v2,validated
weekly-2026-09-20-r1,weekly_compstat,2026-09-14,2026-09-20,1,224441568f81ffe637b2bd2710d43d6899f14c5913e83b684efe2ba6fca9d029,13,district,district_10,District 10,robbery,Robbery,last_28_days,count,count,2025,,,0,,0,,not_applicable,,,wilmington-compstat-v2,validated
weekly-2026-09-20-r1,weekly_compstat,2026-09-14,2026-09-20,1,224441568f81ffe637b2bd2710d43d6899f14c5913e83b684efe2ba6fca9d029,13,district,district_10,District 10,robbery,Robbery,last_28_days,percent_change,percent,2026,2025,1,,,*,,undefined_zero_denominator,,undefined_zero_denominator,wilmington-compstat-v2,validated
weekly-2026-09-20-r1,weekly_compstat,2026-09-14,2026-09-20,1,224441568f81ffe637b2bd2710d43d6899f14c5913e83b684efe2ba6fca9d029,13,district,district_10,District 10,robbery,Robbery,year_to_date,count,count,2026,,,8,,8,,not_applicable,,,wilmington-compstat-v2,validated
weekly-2026-09-20-r1,weekly_compstat,2026-09-14,2026-09-20,1,224441568f81ffe637b2bd2710d43d6899f14c5913e83b684efe2ba6fca9d029,13,district,district_10,District 10,robbery,Robbery,year_to_date,count,count,2025,,,13,,13,,not_applicable,,,wilmington-compstat-v2,validated
weekly-2026-09-20-r1,weekly_compstat,2026-09-14,2026-09-20,1,224441568f81ffe637b2bd2710d43d6899f14c5913e83b684efe2ba6fca9d029,13,district,district_10,District 10,robbery,Robbery,year_to_date,percent_change,percent,2026,2025,1,-38.0,-0.38,-38%,-38.461538,matched,,,wilmington-compstat-v2,validated
weekly-2026-09-20-r1,weekly_compstat,2026-09-14,2026-09-20,1,224441568f81ffe637b2bd2710d43d6899f14c5913e83b684efe2ba6fca9d029,13,district,district_10,District 10,robbery,Robbery,year_to_date,percent_change,percent,2026,2024,2,-38.0,-0.38,-38%,,not_checkable,,,wilmington-compstat-v2,validated
weekly-2026-09-20-r1,weekly_compstat,2026-09-14,2026-09-20,1,224441568f81ffe637b2bd2710d43d6899f14c5913e83b684efe2ba6fca9d029,13,district,district_10,District 10,robbery,Robbery,year_to_date,percent_change,percent,2026,2023,3,33.0,0.33,33%,,not_checkable,,,wilmington-compstat-v2,validated
weekly-2026-09-20-r1,weekly_compstat,2026-09-14,2026-09-20,1,224441568f81ffe637b2bd2710d43d6899f14c5913e83b684efe2ba6fca9d029,13,district,district_10,District 10,robbery,Robbery,year_to_date,percent_change,percent,2026,2022,4,14.0,0.14,14%,,not_checkable,,,wilmington-compstat-v2,validated
weekly-2026-09-20-r1,weekly_compstat,2026-09-14,2026-09-20,1,224441568f81ffe637b2bd2710d43d6899f14c5913e83b684efe2ba6fca9d029,13,district,district_10,District 10,robbery,Robbery,year_to_date,percent_change,percent,2026,2021,5,60.0,0.6,60%,,not_checkable,,,wilmington-compstat-v2,validated
weekly-2026-09-20-r1,weekly_compstat,2026-09-14,2026-09-20,1,224441568f81ffe637b2bd2710d43d6899f14c5913e83b684efe2ba6fca9d029,13,district,district_10,District 10,robbery,Robbery,year_to_date,percent_change,percent,2026,2020,6,0.0,0.0,0%,,not_checkable,,,wilmington-compstat-v2,validated
weekly-2026-09-20-r1,weekly_compstat,2026-09-14,2026-09-20,1,224441568f81ffe637b2bd2710d43d6899f14c5913e83b684efe2ba6fca9d029,13,district,district_10,District 10,aggravated_assault,Agg. Assault,last_7_days,count,count,2026,,,0,,0,,not_applicable,,,wilmington-compstat-v2,validated
weekly-2026-09-20-r1,weekly_compstat,2026-09-14,2026-09-20,1,224441568f81ffe637b2bd2710d43d6899f14c5913e83b684efe2ba6fca9d029,13,district,district_10,District 10,aggravated_assault,Agg. Assault,last_7_days,count,count,2025,,,2,,2,,not_applicable,,,wilmington-compstat-v2,validated
weekly-2026-09-20-r1,weekly_compstat,2026-09-14,2026-09-20,1,224441568f81ffe637b2bd2710d43d6899f14c5913e83b684efe2ba6fca9d029,13,district,district_10,District 10,aggravated_assault,Agg. Assault,last_7_days,percent_change,percent,2026,2025,1,-100.0,-1.0,-100%,-100.0,matched,,,wilmington-compstat-v2,validated
weekly-2026-09-20-r1,weekly_compstat,2026-09-14,2026-09-20,1,224441568f81ffe637b2bd2710d43d6899f14c5913e83b684efe2ba6fca9d029,13,district,district_10,District 10,aggravated_assault,Agg. Assault,last_28_days,count,count,2026,,,3,,3,,not_applicable,,,wilmington-compstat-v2,validated
weekly-2026-09-20-r1,weekly_compstat,2026-09-14,2026-09-20,1,224441568f81ffe637b2bd2710d43d6899f14c5913e83b684efe2ba6fca9d029,13,district,district_10,District 10,aggravated_assault,Agg. Assault,last_28_days,count,count,2025,,,2,,2,,not_applicable,,,wilmington-compstat-v2,validated
weekly-2026-09-20-r1,weekly_compstat,2026-09-14,2026-09-20,1,224441568f81ffe637b2bd2710d43d6899f14c5913e83b684efe2ba6fca9d029,13,district,district_10,District 10,aggravated_assault,Agg. Assault,last_28_days,percent_change,percent,2026,2025,1,50.0,0.5,50%,50.0,matched,,,wilmington-compstat-v2,validated
weekly-2026-09-20-r1,weekly_compstat,2026-09-14,2026-09-20,1,224441568f81ffe637b2bd2710d43d6899f14c5913e83b684efe2ba6fca9d029,13,district,district_10,District 10,aggravated_assault,Agg. Assault,year_to_date,count,count,2026,,,15,,15,,not_applicable,,,wilmington-compstat-v2,validated
weekly-2026-09-20-r1,weekly_compstat,2026-09-14,2026-09-20,1,224441568f81ffe637b2bd2710d43d6899f14c5913e83b684efe2ba6fca9d029,13,district,district_10,District 10,aggravated_assault,Agg. Assault,year_to_date,count,count,2025,,,8,,8,,not_applicable,,,wilmington-compstat-v2,validated
weekly-2026-09-20-r1,weekly_compstat,2026-09-14,2026-09-20,1,224441568f81ffe637b2bd2710d43d6899f14c5913e83b684efe2ba6fca9d029,13,district,district_10,District 10,aggravated_assault,Agg. Assault,year_to_date,percent_change,percent,2026,2025,1,88.0,0.88,88%,87.5,matched,,,wilmington-compstat-v2,validated
weekly-2026-09-20-r1,weekly_compstat,2026-09-14,2026-09-20,1,224441568f81ffe637b2bd2710d43d6899f14c5913e83b684efe2ba6fca9d029,13,district,district_10,District 10,aggravated_assault,Agg. Assault,year_to_date,percent_change,percent,2026,2024,2,88.0,0.88,88%,,not_checkable,,,wilmington-compstat-v2,validated
weekly-2026-09-20-r1,weekly_compstat,2026-09-14,2026-09-20,1,224441568f81ffe637b2bd2710d43d6899f14c5913e83b684efe2ba6fca9d029,13,district,district_10,District 10,aggravated_assault,Agg. Assault,year_to_date,percent_change,percent,2026,2023,3,-6.0,-0.06,-6%,,not_checkable,,,wilmington-compstat-v2,validated
weekly-2026-09-20-r1,weekly_compstat,2026-09-14,2026-09-20,1,224441568f81ffe637b2bd2710d43d6899f14c5913e83b684efe2ba6fca9d029,13,district,district_10,District 10,aggravated_assault,Agg. Assault,year_to_date,percent_change,percent,2026,2022,4,50.0,0.5,50%,,not_checkable,,,wilmington-compstat-v2,validated
weekly-2026-09-20-r1,weekly_compstat,2026-09-14,2026-09-20,1,224441568f81ffe637b2bd2710d43d6899f14c5913e83b684efe2ba6fca9d029,13,district,district_10,District 10,aggravated_assault,Agg. Assault,year_to_date,percent_change,percent,2026,2021,5,-32.0,-0.32,-32%,,not_checkable,,,wilmington-compstat-v2,validated
weekly-2026-09-20-r1,weekly_compstat,2026-09-14,2026-09-20,1,224441568f81ffe637b2bd2710d43d6899f14c5913e83b684efe2ba6fca9d029,13,district,district_10,District 10,aggravated_assault,Agg. Assault,year_to_date,percent_change,percent,2026,2020,6,25.0,0.25,25%,,not_checkable,,,wilmington-compstat-v2,validated
weekly-2026-09-20-r1,weekly_compstat,2026-09-14,2026-09-20,1,224441568f81ffe637b2bd2710d43d6899f14c5913e83b684efe2ba6fca9d029,13,district,district_10,District 10,burglary,Burglary,last_7_days,count,count,2026,,,0,,0,,not_applicable,,,wilmington-compstat-v2,validated
weekly-2026-09-20-r1,weekly_compstat,2026-09-14,2026-09-20,1,224441568f81ffe637b2bd2710d43d6899f14c5913e83b684efe2ba6fca9d029,13,district,district_10,District 10,burglary,Burglary,last_7_days,count,count,2025,,,0,,0,,not_applicable,,,wilmington-compstat-v2,validated
weekly-2026-09-20-r1,weekly_compstat,2026-09-14,2026-09-20,1,224441568f81ffe637b2bd2710d43d6899f14c5913e83b684efe2ba6fca9d029,13,district,district_10,District 10,burglary,Burglary,last_7_days,percent_change,percent,2026,2025,1,,,*,,undefined_zero_denominator,,undefined_zero_denominator,wilmington-compstat-v2,validated
weekly-2026-09-20-r1,weekly_compstat,2026-09-14,2026-09-20,1,224441568f81ffe637b2bd2710d43d6899f14c5913e83b684efe2ba6fca9d029,13,district,district_10,District 10,burglary,Burglary,last_28_days,count,count,2026,,,1,,1,,not_applicable,,,wilmington-compstat-v2,validated
weekly-2026-09-20-r1,weekly_compstat,2026-09-14,2026-09-20,1,224441568f81ffe637b2bd2710d43d6899f14c5913e83b684efe2ba6fca9d029,13,district,district_10,District 10,burglary,Burglary,last_28_days,count,count,2025,,,1,,1,,not_applicable,,,wilmington-compstat-v2,validated
weekly-2026-09-20-r1,weekly_compstat,2026-09-14,2026-09-20,1,224441568f81ffe637b2bd2710d43d6899f14c5913e83b684efe2ba6fca9d029,13,district,district_10,District 10,burglary,Burglary,last_28_days,percent_change,percent,2026,2025,1,0.0,0.0,0%,0.0,matched,,,wilmington-compstat-v2,validated
weekly-2026-09-20-r1,weekly_compstat,2026-09-14,2026-09-20,1,224441568f81ffe637b2bd2710d43d6899f14c5913e83b684efe2ba6fca9d029,13,district,district_10,District 10,burglary,Burglary,year_to_date,count,count,2026,,,6,,6,,not_applicable,,,wilmington-compstat-v2,validated
weekly-2026-09-20-r1,weekly_compstat,2026-09-14,2026-09-20,1,224441568f81ffe637b2bd2710d43d6899f14c5913e83b684efe2ba6fca9d029,13,district,district_10,District 10,burglary,Burglary,year_to_date,count,count,2025,,,8,,8,,not_applicable,,,wilmington-compstat-v2,validated
weekly-2026-09-20-r1,weekly_compstat,2026-09-14,2026-09-20,1,224441568f81ffe637b2bd2710d43d6899f14c5913e83b684efe2ba6fca9d029,13,district,district_10,District 10,burglary,Burglary,year_to_date,percent_change,percent,2026,2025,1,-25.0,-0.25,-25%,-25.0,matched,,,wilmington-compstat-v2,validated
weekly-2026-09-20-r1,weekly_compstat,2026-09-14,2026-09-20,1,224441568f81ffe637b2bd2710d43d6899f14c5913e83b684efe2ba6fca9d029,13,district,district_10,District 10,burglary,Burglary,year_to_date,percent_change,percent,2026,2024,2,-33.0,-0.33,-33%,,not_checkable,,,wilmington-compstat-v2,validated
weekly-2026-09-20-r1,weekly_compstat,2026-09-14,2026-09-20,1,224441568f81ffe637b2bd2710d43d6899f14c5913e83b684efe2ba6fca9d029,13,district,district_10,District 10,burglary,Burglary,year_to_date,percent_change,percent,2026,2023,3,-63.0,-0.63,-63%,,not_checkable,,,wilmington-compstat-v2,validated
weekly-2026-09-20-r1,weekly_compstat,2026-09-14,2026-09-20,1,224441568f81ffe637b2bd2710d43d6899f14c5913e83b684efe2ba6fca9d029,13,district,district_10,District 10,burglary,Burglary,year_to_date,percent_change,percent,2026,2022,4,20.0,0.2,20%,,not_checkable,,,wilmington-compstat-v2,validated
weekly-2026-09-20-r1,weekly_compstat,2026-09-14,2026-09-20,1,224441568f81ffe637b2bd2710d43d6899f14c5913e83b684efe2ba6fca9d029,13,district,district_10,District 10,burglary,Burglary,year_to_date,percent_change,percent,2026,2021,5,-45.0,-0.45,-45%,,not_checkable,,,wilmington-compstat-v2,validated
weekly-2026-09-20-r1,weekly_compstat,2026-09-14,2026-09-20,1,224441568f81ffe637b2bd2710d43d6899f14c5913e83b684efe2ba6fca9d029,13,district,district_10,District 10,burglary,Burglary,year_to_date,percent_change,percent,2026,2020,6,-63.0,-0.63,-63%,,not_checkable,,,wilmington-compstat-v2,validated
weekly-2026-09-20-r1,weekly_compstat,2026-09-14,2026-09-20,1,224441568f81ffe637b2bd2710d43d6899f14c5913e83b684efe2ba6fca9d029,13,district,district_10,District 10,felony_theft,Felony Theft,last_7_days,count,count,2026,,,0,,0,,not_applicable,,,wilmington-compstat-v2,validated
weekly-2026-09-20-r1,weekly_compstat,2026-09-14,2026-09-20,1,224441568f81ffe637b2bd2710d43d6899f14c5913e83b684efe2ba6fca9d029,13,district,district_10,District 10,felony_theft,Felony Theft,last_7_days,count,count,2025,,,0,,0,,not_applicable,,,wilmington-compstat-v2,validated
weekly-2026-09-20-r1,weekly_compstat,2026-09-14,2026-09-20,1,224441568f81ffe637b2bd2710d43d6899f14c5913e83b684efe2ba6fca9d029,13,district,district_10,District 10,felony_theft,Felony Theft,last_7_days,percent_change,percent,2026,2025,1,,,*,,undefined_zero_denominator,,undefined_zero_denominator,wilmington-compstat-v2,validated
weekly-2026-09-20-r1,weekly_compstat,2026-09-14,2026-09-20,1,224441568f81ffe637b2bd2710d43d6899f14c5913e83b684efe2ba6fca9d029,13,district,district_10,District 10,felony_theft,Felony Theft,last_28_days,count,count,2026,,,0,,0,,not_applicable,,,wilmington-compstat-v2,validated
weekly-2026-09-20-r1,weekly_compstat,2026-09-14,2026-09-20,1,224441568f81ffe637b2bd2710d43d6899f14c5913e83b684efe2ba6fca9d029,13,district,district_10,District 10,felony_theft,Felony Theft,last_28_days,count,count,2025,,,2,,2,,not_applicable,,,wilmington-compstat-v2,validated
weekly-2026-09-20-r1,weekly_compstat,2026-09-14,2026-09-20,1,224441568f81ffe637b2bd2710d43d6899f14c5913e83b684efe2ba6fca9d029,13,district,district_10,District 10,felony_theft,Felony Theft,last_28_days,percent_change,percent,2026,2025,1,-100.0,-1.0,-100%,-100.0,matched,,,wilmington-compstat-v2,validated
weekly-2026-09-20-r1,weekly_compstat,2026-09-14,2026-09-20,1,224441568f81ffe637b2bd2710d43d6899f14c5913e83b684efe2ba6fca9d029,13,district,district_10,District 10,felony_theft,Felony Theft,year_to_date,count,count,2026,,,11,,11,,not_applicable,,,wilmington-compstat-v2,validated
weekly-2026-09-20-r1,weekly_compstat,2026-09-14,2026-09-20,1,224441568f81ffe637b2bd2710d43d6899f14c5913e83b684efe2ba6fca9d029,13,district,district_10,District 10,felony_theft,Felony Theft,year_to_date,count,count,2025,,,8,,8,,not_applicable,,,wilmington-compstat-v2,validated
weekly-2026-09-20-r1,weekly_compstat,2026-09-14,2026-09-20,1,224441568f81ffe637b2bd2710d43d6899f14c5913e83b684efe2ba6fca9d029,13,district,district_10,District 10,felony_theft,Felony Theft,year_to_date,percent_change,percent,2026,2025,1,38.0,0.38,38%,37.5,matched,,,wilmington-compstat-v2,validated
weekly-2026-09-20-r1,weekly_compstat,2026-09-14,2026-09-20,1,224441568f81ffe637b2bd2710d43d6899f14c5913e83b684efe2ba6fca9d029,13,district,district_10,District 10,felony_theft,Felony Theft,year_to_date,percent_change,percent,2026,2024,2,38.0,0.38,38%,,not_checkable,,,wilmington-compstat-v2,validated
weekly-2026-09-20-r1,weekly_compstat,2026-09-14,2026-09-20,1,224441568f81ffe637b2bd2710d43d6899f14c5913e83b684efe2ba6fca9d029,13,district,district_10,District 10,felony_theft,Felony Theft,year_to_date,percent_change,percent,2026,2023,3,0.0,0.0,0%,,not_checkable,,,wilmington-compstat-v2,validated
weekly-2026-09-20-r1,weekly_compstat,2026-09-14,2026-09-20,1,224441568f81ffe637b2bd2710d43d6899f14c5913e83b684efe2ba6fca9d029,13,district,district_10,District 10,felony_theft,Felony Theft,year_to_date,percent_change,percent,2026,2022,4,-35.0,-0.35,-35%,,not_checkable,,,wilmington-compstat-v2,validated
weekly-2026-09-20-r1,weekly_compstat,2026-09-14,2026-09-20,1,224441568f81ffe637b2bd2710d43d6899f14c5913e83b684efe2ba6fca9d029,13,district,district_10,District 10,felony_theft,Felony Theft,year_to_date,percent_change,percent,2026,2021,5,-15.0,-0.15,-15%,,not_checkable,,,wilmington-compstat-v2,validated
weekly-2026-09-20-r1,weekly_compstat,2026-09-14,2026-09-20,1,224441568f81ffe637b2bd2710d43d6899f14c5913e83b684efe2ba6fca9d029,13,district,district_10,District 10,felony_theft,Felony Theft,year_to_date,percent_change,percent,2026,2020,6,450.0,4.5,450%,,not_checkable,,,wilmington-compstat-v2,validated
weekly-2026-09-20-r1,weekly_compstat,2026-09-14,2026-09-20,1,224441568f81ffe637b2bd2710d43d6899f14c5913e83b684efe2ba6fca9d029,13,district,district_10,District 10,auto_theft,Auto Theft,last_7_days,count,count,2026,,,0,,0,,not_applicable,,,wilmington-compstat-v2,validated
weekly-2026-09-20-r1,weekly_compstat,2026-09-14,2026-09-20,1,224441568f81ffe637b2bd2710d43d6899f14c5913e83b684efe2ba6fca9d029,13,district,district_10,District 10,auto_theft,Auto Theft,last_7_days,count,count,2025,,,0,,0,,not_applicable,,,wilmington-compstat-v2,validated
weekly-2026-09-20-r1,weekly_compstat,2026-09-14,2026-09-20,1,224441568f81ffe637b2bd2710d43d6899f14c5913e83b684efe2ba6fca9d029,13,district,district_10,District 10,auto_theft,Auto Theft,last_7_days,percent_change,percent,2026,2025,1,,,*,,undefined_zero_denominator,,undefined_zero_denominator,wilmington-compstat-v2,validated
weekly-2026-09-20-r1,weekly_compstat,2026-09-14,2026-09-20,1,224441568f81ffe637b2bd2710d43d6899f14c5913e83b684efe2ba6fca9d029,13,district,district_10,District 10,auto_theft,Auto Theft,last_28_days,count,count,2026,,,4,,4,,not_applicable,,,wilmington-compstat-v2,validated
weekly-2026-09-20-r1,weekly_compstat,2026-09-14,2026-09-20,1,224441568f81ffe637b2bd2710d43d6899f14c5913e83b684efe2ba6fca9d029,13,district,district_10,District 10,auto_theft,Auto Theft,last_28_days,count,count,2025,,,5,,5,,not_applicable,,,wilmington-compstat-v2,validated
weekly-2026-09-20-r1,weekly_compstat,2026-09-14,2026-09-20,1,224441568f81ffe637b2bd2710d43d6899f14c5913e83b684efe2ba6fca9d029,13,district,district_10,District 10,auto_theft,Auto Theft,last_28_days,percent_change,percent,2026,2025,1,-20.0,-0.2,-20%,-20.0,matched,,,wilmington-compstat-v2,validated
weekly-2026-09-20-r1,weekly_compstat,2026-09-14,2026-09-20,1,224441568f81ffe637b2bd2710d43d6899f14c5913e83b684efe2ba6fca9d029,13,district,district_10,District 10,auto_theft,Auto Theft,year_to_date,count,count,2026,,,6,,6,,not_applicable,,,wilmington-compstat-v2,validated
weekly-2026-09-20-r1,weekly_compstat,2026-09-14,2026-09-20,1,224441568f81ffe637b2bd2710d43d6899f14c5913e83b684efe2ba6fca9d029,13,district,district_10,District 10,auto_theft,Auto Theft,year_to_date,count,count,2025,,,17,,17,,not_applicable,,,wilmington-compstat-v2,validated
weekly-2026-09-20-r1,weekly_compstat,2026-09-14,2026-09-20,1,224441568f81ffe637b2bd2710d43d6899f14c5913e83b684efe2ba6fca9d029,13,district,district_10,District 10,auto_theft,Auto Theft,year_to_date,percent_change,percent,2026,2025,1,-65.0,-0.65,-65%,-64.705882,matched,,,wilmington-compstat-v2,validated
weekly-2026-09-20-r1,weekly_compstat,2026-09-14,2026-09-20,1,224441568f81ffe637b2bd2710d43d6899f14c5913e83b684efe2ba6fca9d029,13,district,district_10,District 10,auto_theft,Auto Theft,year_to_date,percent_change,percent,2026,2024,2,-50.0,-0.5,-50%,,not_checkable,,,wilmington-compstat-v2,validated
weekly-2026-09-20-r1,weekly_compstat,2026-09-14,2026-09-20,1,224441568f81ffe637b2bd2710d43d6899f14c5913e83b684efe2ba6fca9d029,13,district,district_10,District 10,auto_theft,Auto Theft,year_to_date,percent_change,percent,2026,2023,3,-82.0,-0.82,-82%,,not_checkable,,,wilmington-compstat-v2,validated
weekly-2026-09-20-r1,weekly_compstat,2026-09-14,2026-09-20,1,224441568f81ffe637b2bd2710d43d6899f14c5913e83b684efe2ba6fca9d029,13,district,district_10,District 10,auto_theft,Auto Theft,year_to_date,percent_change,percent,2026,2022,4,-33.0,-0.33,-33%,,not_checkable,,,wilmington-compstat-v2,validated
weekly-2026-09-20-r1,weekly_compstat,2026-09-14,2026-09-20,1,224441568f81ffe637b2bd2710d43d6899f14c5913e83b684efe2ba6fca9d029,13,district,district_10,District 10,auto_theft,Auto Theft,year_to_date,percent_change,percent,2026,2021,5,-40.0,-0.4,-40%,,not_checkable,,,wilmington-compstat-v2,validated
weekly-2026-09-20-r1,weekly_compstat,2026-09-14,2026-09-20,1,224441568f81ffe637b2bd2710d43d6899f14c5913e83b684efe2ba6fca9d029,13,district,district_10,District 10,auto_theft,Auto Theft,year_to_date,percent_change,percent,2026,2020,6,-63.0,-0.63,-63%,,not_checkable,,,wilmington-compstat-v2,validated
weekly-2026-09-20-r1,weekly_compstat,2026-09-14,2026-09-20,1,224441568f81ffe637b2bd2710d43d6899f14c5913e83b684efe2ba6fca9d029,13,district,district_10,District 10,major_crime_total,TOTAL,last_7_days,count,count,2026,,,0,,0,,not_applicable,,,wilmington-compstat-v2,validated
weekly-2026-09-20-r1,weekly_compstat,2026-09-14,2026-09-20,1,224441568f81ffe637b2bd2710d43d6899f14c5913e83b684efe2ba6fca9d029,13,district,district_10,District 10,major_crime_total,TOTAL,last_7_days,count,count,2025,,,2,,2,,not_applicable,,,wilmington-compstat-v2,validated
weekly-2026-09-20-r1,weekly_compstat,2026-09-14,2026-09-20,1,224441568f81ffe637b2bd2710d43d6899f14c5913e83b684efe2ba6fca9d029,13,district,district_10,District 10,major_crime_total,TOTAL,last_7_days,percent_change,percent,2026,2025,1,-100.0,-1.0,-100%,-100.0,matched,,,wilmington-compstat-v2,validated
weekly-2026-09-20-r1,weekly_compstat,2026-09-14,2026-09-20,1,224441568f81ffe637b2bd2710d43d6899f14c5913e83b684efe2ba6fca9d029,13,district,district_10,District 10,major_crime_total,TOTAL,last_28_days,count,count,2026,,,8,,8,,not_applicable,,,wilmington-compstat-v2,validated
weekly-2026-09-20-r1,weekly_compstat,2026-09-14,2026-09-20,1,224441568f81ffe637b2bd2710d43d6899f14c5913e83b684efe2ba6fca9d029,13,district,district_10,District 10,major_crime_total,TOTAL,last_28_days,count,count,2025,,,10,,10,,not_applicable,,,wilmington-compstat-v2,validated
weekly-2026-09-20-r1,weekly_compstat,2026-09-14,2026-09-20,1,224441568f81ffe637b2bd2710d43d6899f14c5913e83b684efe2ba6fca9d029,13,district,district_10,District 10,major_crime_total,TOTAL,last_28_days,percent_change,percent,2026,2025,1,-20.0,-0.2,-20%,-20.0,matched,,,wilmington-compstat-v2,validated
weekly-2026-09-20-r1,weekly_compstat,2026-09-14,2026-09-20,1,224441568f81ffe637b2bd2710d43d6899f14c5913e83b684efe2ba6fca9d029,13,district,district_10,District 10,major_crime_total,TOTAL,year_to_date,count,count,2026,,,47,,47,,not_applicable,,,wilmington-compstat-v2,validated
weekly-2026-09-20-r1,weekly_compstat,2026-09-14,2026-09-20,1,224441568f81ffe637b2bd2710d43d6899f14c5913e83b684efe2ba6fca9d029,13,district,district_10,District 10,major_crime_total,TOTAL,year_to_date,count,count,2025,,,55,,55,,not_applicable,,,wilmington-compstat-v2,validated
weekly-2026-09-20-r1,weekly_compstat,2026-09-14,2026-09-20,1,224441568f81ffe637b2bd2710d43d6899f14c5913e83b684efe2ba6fca9d029,13,district,district_10,District 10,major_crime_total,TOTAL,year_to_date,percent_change,percent,2026,2025,1,-15.0,-0.15,-15%,-14.545455,matched,,,wilmington-compstat-v2,validated
weekly-2026-09-20-r1,weekly_compstat,2026-09-14,2026-09-20,1,224441568f81ffe637b2bd2710d43d6899f14c5913e83b684efe2ba6fca9d029,13,district,district_10,District 10,major_crime_total,TOTAL,year_to_date,percent_change,percent,2026,2024,2,-10.0,-0.1,-10%,,not_checkable,,,wilmington-compstat-v2,validated
weekly-2026-09-20-r1,weekly_compstat,2026-09-14,2026-09-20,1,224441568f81ffe637b2bd2710d43d6899f14c5913e83b684efe2ba6fca9d029,13,district,district_10,District 10,major_crime_total,TOTAL,year_to_date,percent_change,percent,2026,2023,3,-43.0,-0.43,-43%,,not_checkable,,,wilmington-compstat-v2,validated
weekly-2026-09-20-r1,weekly_compstat,2026-09-14,2026-09-20,1,224441568f81ffe637b2bd2710d43d6899f14c5913e83b684efe2ba6fca9d029,13,district,district_10,District 10,major_crime_total,TOTAL,year_to_date,percent_change,percent,2026,2022,4,-6.0,-0.06,-6%,,not_checkable,,,wilmington-compstat-v2,validated
weekly-2026-09-20-r1,weekly_compstat,2026-09-14,2026-09-20,1,224441568f81ffe637b2bd2710d43d6899f14c5913e83b684efe2ba6fca9d029,13,district,district_10,District 10,major_crime_total,TOTAL,year_to_date,percent_change,percent,2026,2021,5,-24.0,-0.24,-24%,,not_checkable,,,wilmington-compstat-v2,validated
weekly-2026-09-20-r1,weekly_compstat,2026-09-14,2026-09-20,1,224441568f81ffe637b2bd2710d43d6899f14c5913e83b684efe2ba6fca9d029,13,district,district_10,District 10,major_crime_total,TOTAL,year_to_date,percent_change,percent,2026,2020,6,-13.0,-0.13,-13%,,not_checkable,,,wilmington-compstat-v2,validated
weekly-2026-09-20-r1,weekly_compstat,2026-09-14,2026-09-20,1,224441568f81ffe637b2bd2710d43d6899f14c5913e83b684efe2ba6fca9d029,13,district,district_10,District 10,shooting_incidents,Shooting Incidents,last_7_days,count,count,2026,,,0,,0,,not_applicable,,,wilmington-compstat-v2,validated
weekly-2026-09-20-r1,weekly_compstat,2026-09-14,2026-09-20,1,224441568f81ffe637b2bd2710d43d6899f14c5913e83b684efe2ba6fca9d029,13,district,district_10,District 10,shooting_incidents,Shooting Incidents,last_7_days,count,count,2025,,,0,,0,,not_applicable,,,wilmington-compstat-v2,validated
weekly-2026-09-20-r1,weekly_compstat,2026-09-14,2026-09-20,1,224441568f81ffe637b2bd2710d43d6899f14c5913e83b684efe2ba6fca9d029,13,district,district_10,District 10,shooting_incidents,Shooting Incidents,last_7_days,percent_change,percent,2026,2025,1,,,*,,undefined_zero_denominator,,undefined_zero_denominator,wilmington-compstat-v2,validated
weekly-2026-09-20-r1,weekly_compstat,2026-09-14,2026-09-20,1,224441568f81ffe637b2bd2710d43d6899f14c5913e83b684efe2ba6fca9d029,13,district,district_10,District 10,shooting_incidents,Shooting Incidents,last_28_days,count,count,2026,,,2,,2,,not_applicable,,,wilmington-compstat-v2,validated
weekly-2026-09-20-r1,weekly_compstat,2026-09-14,2026-09-20,1,224441568f81ffe637b2bd2710d43d6899f14c5913e83b684efe2ba6fca9d029,13,district,district_10,District 10,shooting_incidents,Shooting Incidents,last_28_days,count,count,2025,,,0,,0,,not_applicable,,,wilmington-compstat-v2,validated
weekly-2026-09-20-r1,weekly_compstat,2026-09-14,2026-09-20,1,224441568f81ffe637b2bd2710d43d6899f14c5913e83b684efe2ba6fca9d029,13,district,district_10,District 10,shooting_incidents,Shooting Incidents,last_28_days,percent_change,percent,2026,2025,1,,,*,,undefined_zero_denominator,,undefined_zero_denominator,wilmington-compstat-v2,validated
weekly-2026-09-20-r1,weekly_compstat,2026-09-14,2026-09-20,1,224441568f81ffe637b2bd2710d43d6899f14c5913e83b684efe2ba6fca9d029,13,district,district_10,District 10,shooting_incidents,Shooting Incidents,year_to_date,count,count,2026,,,4,,4,,not_applicable,,,wilmington-compstat-v2,validated
weekly-2026-09-20-r1,weekly_compstat,2026-09-14,2026-09-20,1,224441568f81ffe637b2bd2710d43d6899f14c5913e83b684efe2ba6fca9d029,13,district,district_10,District 10,shooting_incidents,Shooting Incidents,year_to_date,count,count,2025,,,2,,2,,not_applicable,,,wilmington-compstat-v2,validated
weekly-2026-09-20-r1,weekly_compstat,2026-09-14,2026-09-20,1,224441568f81ffe637b2bd2710d43d6899f14c5913e83b684efe2ba6fca9d029,13,district,district_10,District 10,shooting_incidents,Shooting Incidents,year_to_date,percent_change,percent,2026,2025,1,100.0,1.0,100%,100.0,matched,,,wilmington-compstat-v2,validated
weekly-2026-09-20-r1,weekly_compstat,2026-09-14,2026-09-20,1,224441568f81ffe637b2bd2710d43d6899f14c5913e83b684efe2ba6fca9d029,13,district,district_10,District 10,shooting_incidents,Shooting Incidents,year_to_date,percent_change,percent,2026,2024,2,33.0,0.33,33%,,not_checkable,,,wilmington-compstat-v2,validated
weekly-2026-09-20-r1,weekly_compstat,2026-09-14,2026-09-20,1,224441568f81ffe637b2bd2710d43d6899f14c5913e83b684efe2ba6fca9d029,13,district,district_10,District 10,shooting_incidents,Shooting Incidents,year_to_date,percent_change,percent,2026,2023,3,33.0,0.33,33%,,not_checkable,,,wilmington-compstat-v2,validated
weekly-2026-09-20-r1,weekly_compstat,2026-09-14,2026-09-20,1,224441568f81ffe637b2bd2710d43d6899f14c5913e83b684efe2ba6fca9d029,13,district,district_10,District 10,shooting_incidents,Shooting Incidents,year_to_date,percent_change,percent,2026,2022,4,100.0,1.0,100%,,not_checkable,,,wilmington-compstat-v2,validated
weekly-2026-09-20-r1,weekly_compstat,2026-09-14,2026-09-20,1,224441568f81ffe637b2bd2710d43d6899f14c5913e83b684efe2ba6fca9d029,13,district,district_10,District 10,shooting_incidents,Shooting Incidents,year_to_date,percent_change,percent,2026,2021,5,-33.0,-0.33,-33%,,not_checkable,,,wilmington-compstat-v2,validated
weekly-2026-09-20-r1,weekly_compstat,2026-09-14,2026-09-20,1,224441568f81ffe637b2bd2710d43d6899f14c5913e83b684efe2ba6fca9d029,13,district,district_10,District 10,shooting_incidents,Shooting Incidents,year_to_date,percent_change,percent,2026,2020,6,33.0,0.33,33%,,not_checkable,,,wilmington-compstat-v2,validated
weekly-2026-09-20-r1,weekly_compstat,2026-09-14,2026-09-20,1,224441568f81ffe637b2bd2710d43d6899f14c5913e83b684efe2ba6fca9d029,13,district,district_10,District 10,shooting_victims,Shooting Victims,last_7_days,count,count,2026,,,0,,0,,not_applicable,,,wilmington-compstat-v2,validated
weekly-2026-09-20-r1,weekly_compstat,2026-09-14,2026-09-20,1,224441568f81ffe637b2bd2710d43d6899f14c5913e83b684efe2ba6fca9d029,13,district,district_10,District 10,shooting_victims,Shooting Victims,last_7_days,count,count,2025,,,0,,0,,not_applicable,,,wilmington-compstat-v2,validated
weekly-2026-09-20-r1,weekly_compstat,2026-09-14,2026-09-20,1,224441568f81ffe637b2bd2710d43d6899f14c5913e83b684efe2ba6fca9d029,13,district,district_10,District 10,shooting_victims,Shooting Victims,last_7_days,percent_change,percent,2026,2025,1,,,*,,undefined_zero_denominator,,undefined_zero_denominator,wilmington-compstat-v2,validated
weekly-2026-09-20-r1,weekly_compstat,2026-09-14,2026-09-20,1,224441568f81ffe637b2bd2710d43d6899f14c5913e83b684efe2ba6fca9d029,13,district,district_10,District 10,shooting_victims,Shooting Victims,last_28_days,count,count,2026,,,4,,4,,not_applicable,,,wilmington-compstat-v2,validated
weekly-2026-09-20-r1,weekly_compstat,2026-09-14,2026-09-20,1,224441568f81ffe637b2bd2710d43d6899f14c5913e83b684efe2ba6fca9d029,13,district,district_10,District 10,shooting_victims,Shooting Victims,last_28_days,count,count,2025,,,0,,0,,not_applicable,,,wilmington-compstat-v2,validated
weekly-2026-09-20-r1,weekly_compstat,2026-09-14,2026-09-20,1,224441568f81ffe637b2bd2710d43d6899f14c5913e83b684efe2ba6fca9d029,13,district,district_10,District 10,shooting_victims,Shooting Victims,last_28_days,percent_change,percent,2026,2025,1,,,*,,undefined_zero_denominator,,undefined_zero_denominator,wilmington-compstat-v2,validated
weekly-2026-09-20-r1,weekly_compstat,2026-09-14,2026-09-20,1,224441568f81ffe637b2bd2710d43d6899f14c5913e83b684efe2ba6fca9d029,13,district,district_10,District 10,shooting_victims,Shooting Victims,year_to_date,count,count,2026,,,6,,6,,not_applicable,,,wilmington-compstat-v2,validated
weekly-2026-09-20-r1,weekly_compstat,2026-09-14,2026-09-20,1,224441568f81ffe637b2bd2710d43d6899f14c5913e83b684efe2ba6fca9d029,13,district,district_10,District 10,shooting_victims,Shooting Victims,year_to_date,count,count,2025,,,2,,2,,not_applicable,,,wilmington-compstat-v2,validated
weekly-2026-09-20-r1,weekly_compstat,2026-09-14,2026-09-20,1,224441568f81ffe637b2bd2710d43d6899f14c5913e83b684efe2ba6fca9d029,13,district,district_10,District 10,shooting_victims,Shooting Victims,year_to_date,percent_change,percent,2026,2025,1,200.0,2.0,200%,200.0,matched,,,wilmington-compstat-v2,validated
weekly-2026-09-20-r1,weekly_compstat,2026-09-14,2026-09-20,1,224441568f81ffe637b2bd2710d43d6899f14c5913e83b684efe2ba6fca9d029,13,district,district_10,District 10,shooting_victims,Shooting Victims,year_to_date,percent_change,percent,2026,2024,2,50.0,0.5,50%,,not_checkable,,,wilmington-compstat-v2,validated
weekly-2026-09-20-r1,weekly_compstat,2026-09-14,2026-09-20,1,224441568f81ffe637b2bd2710d43d6899f14c5913e83b684efe2ba6fca9d029,13,district,district_10,District 10,shooting_victims,Shooting Victims,year_to_date,percent_change,percent,2026,2023,3,0.0,0.0,0%,,not_checkable,,,wilmington-compstat-v2,validated
weekly-2026-09-20-r1,weekly_compstat,2026-09-14,2026-09-20,1,224441568f81ffe637b2bd2710d43d6899f14c5913e83b684efe2ba6fca9d029,13,district,district_10,District 10,shooting_victims,Shooting Victims,year_to_date,percent_change,percent,2026,2022,4,200.0,2.0,200%,,not_checkable,,,wilmington-compstat-v2,validated
weekly-2026-09-20-r1,weekly_compstat,2026-09-14,2026-09-20,1,224441568f81ffe637b2bd2710d43d6899f14c5913e83b684efe2ba6fca9d029,13,district,district_10,District 10,shooting_victims,Shooting Victims,year_to_date,percent_change,percent,2026,2021,5,-40.0,-0.4,-40%,,not_checkable,,,wilmington-compstat-v2,validated
weekly-2026-09-20-r1,weekly_compstat,2026-09-14,2026-09-20,1,224441568f81ffe637b2bd2710d43d6899f14c5913e83b684efe2ba6fca9d029,13,district,district_10,District 10,shooting_victims,Shooting Victims,year_to_date,percent_change,percent,2026,2020,6,100.0,1.0,100%,,not_checkable,,,wilmington-compstat-v2,validated
weekly-2026-09-20-r1,weekly_compstat,2026-09-14,2026-09-20,1,224441568f81ffe637b2bd2710d43d6899f14c5913e83b684efe2ba6fca9d029,13,district,district_10,District 10,juvenile_shooting_incidents,*Juv Shooting Incidents,last_7_days,count,count,2026,,,0,,0,,not_applicable,,,wilmington-compstat-v2,validated
weekly-2026-09-20-r1,weekly_compstat,2026-09-14,2026-09-20,1,224441568f81ffe637b2bd2710d43d6899f14c5913e83b684efe2ba6fca9d029,13,district,district_10,District 10,juvenile_shooting_incidents,*Juv Shooting Incidents,last_7_days,count,count,2025,,,0,,0,,not_applicable,,,wilmington-compstat-v2,validated
weekly-2026-09-20-r1,weekly_compstat,2026-09-14,2026-09-20,1,224441568f81ffe637b2bd2710d43d6899f14c5913e83b684efe2ba6fca9d029,13,district,district_10,District 10,juvenile_shooting_incidents,*Juv Shooting Incidents,last_7_days,percent_change,percent,2026,2025,1,,,*,,undefined_zero_denominator,,undefined_zero_denominator,wilmington-compstat-v2,validated
weekly-2026-09-20-r1,weekly_compstat,2026-09-14,2026-09-20,1,224441568f81ffe637b2bd2710d43d6899f14c5913e83b684efe2ba6fca9d029,13,district,district_10,District 10,juvenile_shooting_incidents,*Juv Shooting Incidents,last_28_days,count,count,2026,,,0,,0,,not_applicable,,,wilmington-compstat-v2,validated
weekly-2026-09-20-r1,weekly_compstat,2026-09-14,2026-09-20,1,224441568f81ffe637b2bd2710d43d6899f14c5913e83b684efe2ba6fca9d029,13,district,district_10,District 10,juvenile_shooting_incidents,*Juv Shooting Incidents,last_28_days,count,count,2025,,,0,,0,,not_applicable,,,wilmington-compstat-v2,validated
weekly-2026-09-20-r1,weekly_compstat,2026-09-14,2026-09-20,1,224441568f81ffe637b2bd2710d43d6899f14c5913e83b684efe2ba6fca9d029,13,district,district_10,District 10,juvenile_shooting_incidents,*Juv Shooting Incidents,last_28_days,percent_change,percent,2026,2025,1,,,*,,undefined_zero_denominator,,undefined_zero_denominator,wilmington-compstat-v2,validated
weekly-2026-09-20-r1,weekly_compstat,2026-09-14,2026-09-20,1,224441568f81ffe637b2bd2710d43d6899f14c5913e83b684efe2ba6fca9d029,13,district,district_10,District 10,juvenile_shooting_incidents,*Juv Shooting Incidents,year_to_date,count,count,2026,,,1,,1,,not_applicable,,,wilmington-compstat-v2,validated
weekly-2026-09-20-r1,weekly_compstat,2026-09-14,2026-09-20,1,224441568f81ffe637b2bd2710d43d6899f14c5913e83b684efe2ba6fca9d029,13,district,district_10,District 10,juvenile_shooting_incidents,*Juv Shooting Incidents,year_to_date,count,count,2025,,,0,,0,,not_applicable,,,wilmington-compstat-v2,validated
weekly-2026-09-20-r1,weekly_compstat,2026-09-14,2026-09-20,1,224441568f81ffe637b2bd2710d43d6899f14c5913e83b684efe2ba6fca9d029,13,district,district_10,District 10,juvenile_shooting_incidents,*Juv Shooting Incidents,year_to_date,percent_change,percent,2026,2025,1,,,*,,undefined_zero_denominator,,undefined_zero_denominator,wilmington-compstat-v2,validated
weekly-2026-09-20-r1,weekly_compstat,2026-09-14,2026-09-20,1,224441568f81ffe637b2bd2710d43d6899f14c5913e83b684efe2ba6fca9d029,13,district,district_10,District 10,juvenile_shooting_incidents,*Juv Shooting Incidents,year_to_date,percent_change,percent,2026,2024,2,0.0,0.0,0%,,not_checkable,,,wilmington-compstat-v2,validated
weekly-2026-09-20-r1,weekly_compstat,2026-09-14,2026-09-20,1,224441568f81ffe637b2bd2710d43d6899f14c5913e83b684efe2ba6fca9d029,13,district,district_10,District 10,juvenile_shooting_incidents,*Juv Shooting Incidents,year_to_date,percent_change,percent,2026,2023,3,,,*,,not_checkable,,undefined_zero_denominator,wilmington-compstat-v2,validated
weekly-2026-09-20-r1,weekly_compstat,2026-09-14,2026-09-20,1,224441568f81ffe637b2bd2710d43d6899f14c5913e83b684efe2ba6fca9d029,13,district,district_10,District 10,juvenile_shooting_incidents,*Juv Shooting Incidents,year_to_date,percent_change,percent,2026,2022,4,,,*,,not_checkable,,undefined_zero_denominator,wilmington-compstat-v2,validated
weekly-2026-09-20-r1,weekly_compstat,2026-09-14,2026-09-20,1,224441568f81ffe637b2bd2710d43d6899f14c5913e83b684efe2ba6fca9d029,13,district,district_10,District 10,juvenile_shooting_incidents,*Juv Shooting Incidents,year_to_date,percent_change,percent,2026,2021,5,0.0,0.0,0%,,not_checkable,,,wilmington-compstat-v2,validated
weekly-2026-09-20-r1,weekly_compstat,2026-09-14,2026-09-20,1,224441568f81ffe637b2bd2710d43d6899f14c5913e83b684efe2ba6fca9d029,13,district,district_10,District 10,juvenile_shooting_incidents,*Juv Shooting Incidents,year_to_date,percent_change,percent,2026,2020,6,0.0,0.0,0%,,not_checkable,,,wilmington-compstat-v2,validated
weekly-2026-09-20-r1,weekly_compstat,2026-09-14,2026-09-20,1,224441568f81ffe637b2bd2710d43d6899f14c5913e83b684efe2ba6fca9d029,13,district,district_10,District 10,juvenile_shooting_victims,*Juv Shooting Victims,last_7_days,count,count,2026,,,0,,0,,not_applicable,,,wilmington-compstat-v2,validated
weekly-2026-09-20-r1,weekly_compstat,2026-09-14,2026-09-20,1,224441568f81ffe637b2bd2710d43d6899f14c5913e83b684efe2ba6fca9d029,13,district,district_10,District 10,juvenile_shooting_victims,*Juv Shooting Victims,last_7_days,count,count,2025,,,0,,0,,not_applicable,,,wilmington-compstat-v2,validated
weekly-2026-09-20-r1,weekly_compstat,2026-09-14,2026-09-20,1,224441568f81ffe637b2bd2710d43d6899f14c5913e83b684efe2ba6fca9d029,13,district,district_10,District 10,juvenile_shooting_victims,*Juv Shooting Victims,last_7_days,percent_change,percent,2026,2025,1,,,*,,undefined_zero_denominator,,undefined_zero_denominator,wilmington-compstat-v2,validated
weekly-2026-09-20-r1,weekly_compstat,2026-09-14,2026-09-20,1,224441568f81ffe637b2bd2710d43d6899f14c5913e83b684efe2ba6fca9d029,13,district,district_10,District 10,juvenile_shooting_victims,*Juv Shooting Victims,last_28_days,count,count,2026,,,0,,0,,not_applicable,,,wilmington-compstat-v2,validated
weekly-2026-09-20-r1,weekly_compstat,2026-09-14,2026-09-20,1,224441568f81ffe637b2bd2710d43d6899f14c5913e83b684efe2ba6fca9d029,13,district,district_10,District 10,juvenile_shooting_victims,*Juv Shooting Victims,last_28_days,count,count,2025,,,0,,0,,not_applicable,,,wilmington-compstat-v2,validated
weekly-2026-09-20-r1,weekly_compstat,2026-09-14,2026-09-20,1,224441568f81ffe637b2bd2710d43d6899f14c5913e83b684efe2ba6fca9d029,13,district,district_10,District 10,juvenile_shooting_victims,*Juv Shooting Victims,last_28_days,percent_change,percent,2026,2025,1,,,*,,undefined_zero_denominator,,undefined_zero_denominator,wilmington-compstat-v2,validated
weekly-2026-09-20-r1,weekly_compstat,2026-09-14,2026-09-20,1,224441568f81ffe637b2bd2710d43d6899f14c5913e83b684efe2ba6fca9d029,13,district,district_10,District 10,juvenile_shooting_victims,*Juv Shooting Victims,year_to_date,count,count,2026,,,1,,1,,not_applicable,,,wilmington-compstat-v2,validated
weekly-2026-09-20-r1,weekly_compstat,2026-09-14,2026-09-20,1,224441568f81ffe637b2bd2710d43d6899f14c5913e83b684efe2ba6fca9d029,13,district,district_10,District 10,juvenile_shooting_victims,*Juv Shooting Victims,year_to_date,count,count,2025,,,0,,0,,not_applicable,,,wilmington-compstat-v2,validated
weekly-2026-09-20-r1,weekly_compstat,2026-09-14,2026-09-20,1,224441568f81ffe637b2bd2710d43d6899f14c5913e83b684efe2ba6fca9d029,13,district,district_10,District 10,juvenile_shooting_victims,*Juv Shooting Victims,year_to_date,percent_change,percent,2026,2025,1,,,*,,undefined_zero_denominator,,undefined_zero_denominator,wilmington-compstat-v2,validated
weekly-2026-09-20-r1,weekly_compstat,2026-09-14,2026-09-20,1,224441568f81ffe637b2bd2710d43d6899f14c5913e83b684efe2ba6fca9d029,13,district,district_10,District 10,juvenile_shooting_victims,*Juv Shooting Victims,year_to_date,percent_change,percent,2026,2024,2,0.0,0.0,0%,,not_checkable,,,wilmington-compstat-v2,validated
weekly-2026-09-20-r1,weekly_compstat,2026-09-14,2026-09-20,1,224441568f81ffe637b2bd2710d43d6899f14c5913e83b684efe2ba6fca9d029,13,district,district_10,District 10,juvenile_shooting_victims,*Juv Shooting Victims,year_to_date,percent_change,percent,2026,2023,3,,,*,,not_checkable,,undefined_zero_denominator,wilmington-compstat-v2,validated
weekly-2026-09-20-r1,weekly_compstat,2026-09-14,2026-09-20,1,224441568f81ffe637b2bd2710d43d6899f14c5913e83b684efe2ba6fca9d029,13,district,district_10,District 10,juvenile_shooting_victims,*Juv Shooting Victims,year_to_date,percent_change,percent,2026,2022,4,,,*,,not_checkable,,undefined_zero_denominator,wilmington-compstat-v2,validated
weekly-2026-09-20-r1,weekly_compstat,2026-09-14,2026-09-20,1,224441568f81ffe637b2bd2710d43d6899f14c5913e83b684efe2ba6fca9d029,13,district,district_10,District 10,juvenile_shooting_victims,*Juv Shooting Victims,year_to_date,percent_change,percent,2026,2021,5,0.0,0.0,0%,,not_checkable,,,wilmington-compstat-v2,validated
weekly-2026-09-20-r1,weekly_compstat,2026-09-14,2026-09-20,1,224441568f81ffe637b2bd2710d43d6899f14c5913e83b684efe2ba6fca9d029,13,district,district_10,District 10,juvenile_shooting_victims,*Juv Shooting Victims,year_to_date,percent_change,percent,2026,2020,6,0.0,0.0,0%,,not_checkable,,,wilmington-compstat-v2,validated
weekly-2026-09-20-r1,weekly_compstat,2026-09-14,2026-09-20,1,224441568f81ffe637b2bd2710d43d6899f14c5913e83b684efe2ba6fca9d029,13,district,district_10,District 10,misdemeanor_theft,Theft (Misdemeanor),last_7_days,count,count,2026,,,2,,2,,not_applicable,,,wilmington-compstat-v2,validated
weekly-2026-09-20-r1,weekly_compstat,2026-09-14,2026-09-20,1,224441568f81ffe637b2bd2710d43d6899f14c5913e83b684efe2ba6fca9d029,13,district,district_10,District 10,misdemeanor_theft,Theft (Misdemeanor),last_7_days,count,count,2025,,,0,,0,,not_applicable,,,wilmington-compstat-v2,validated
weekly-2026-09-20-r1,weekly_compstat,2026-09-14,2026-09-20,1,224441568f81ffe637b2bd2710d43d6899f14c5913e83b684efe2ba6fca9d029,13,district,district_10,District 10,misdemeanor_theft,Theft (Misdemeanor),last_7_days,percent_change,percent,2026,2025,1,,,*,,undefined_zero_denominator,,undefined_zero_denominator,wilmington-compstat-v2,validated
weekly-2026-09-20-r1,weekly_compstat,2026-09-14,2026-09-20,1,224441568f81ffe637b2bd2710d43d6899f14c5913e83b684efe2ba6fca9d029,13,district,district_10,District 10,misdemeanor_theft,Theft (Misdemeanor),last_28_days,count,count,2026,,,3,,3,,not_applicable,,,wilmington-compstat-v2,validated
weekly-2026-09-20-r1,weekly_compstat,2026-09-14,2026-09-20,1,224441568f81ffe637b2bd2710d43d6899f14c5913e83b684efe2ba6fca9d029,13,district,district_10,District 10,misdemeanor_theft,Theft (Misdemeanor),last_28_days,count,count,2025,,,2,,2,,not_applicable,,,wilmington-compstat-v2,validated
weekly-2026-09-20-r1,weekly_compstat,2026-09-14,2026-09-20,1,224441568f81ffe637b2bd2710d43d6899f14c5913e83b684efe2ba6fca9d029,13,district,district_10,District 10,misdemeanor_theft,Theft (Misdemeanor),last_28_days,percent_change,percent,2026,2025,1,50.0,0.5,50%,50.0,matched,,,wilmington-compstat-v2,validated
weekly-2026-09-20-r1,weekly_compstat,2026-09-14,2026-09-20,1,224441568f81ffe637b2bd2710d43d6899f14c5913e83b684efe2ba6fca9d029,13,district,district_10,District 10,misdemeanor_theft,Theft (Misdemeanor),year_to_date,count,count,2026,,,36,,36,,not_applicable,,,wilmington-compstat-v2,validated
weekly-2026-09-20-r1,weekly_compstat,2026-09-14,2026-09-20,1,224441568f81ffe637b2bd2710d43d6899f14c5913e83b684efe2ba6fca9d029,13,district,district_10,District 10,misdemeanor_theft,Theft (Misdemeanor),year_to_date,count,count,2025,,,34,,34,,not_applicable,,,wilmington-compstat-v2,validated
weekly-2026-09-20-r1,weekly_compstat,2026-09-14,2026-09-20,1,224441568f81ffe637b2bd2710d43d6899f14c5913e83b684efe2ba6fca9d029,13,district,district_10,District 10,misdemeanor_theft,Theft (Misdemeanor),year_to_date,percent_change,percent,2026,2025,1,6.0,0.06,6%,5.882353,matched,,,wilmington-compstat-v2,validated
weekly-2026-09-20-r1,weekly_compstat,2026-09-14,2026-09-20,1,224441568f81ffe637b2bd2710d43d6899f14c5913e83b684efe2ba6fca9d029,13,district,district_10,District 10,misdemeanor_theft,Theft (Misdemeanor),year_to_date,percent_change,percent,2026,2024,2,29.0,0.29,29%,,not_checkable,,,wilmington-compstat-v2,validated
weekly-2026-09-20-r1,weekly_compstat,2026-09-14,2026-09-20,1,224441568f81ffe637b2bd2710d43d6899f14c5913e83b684efe2ba6fca9d029,13,district,district_10,District 10,misdemeanor_theft,Theft (Misdemeanor),year_to_date,percent_change,percent,2026,2023,3,-8.0,-0.08,-8%,,not_checkable,,,wilmington-compstat-v2,validated
weekly-2026-09-20-r1,weekly_compstat,2026-09-14,2026-09-20,1,224441568f81ffe637b2bd2710d43d6899f14c5913e83b684efe2ba6fca9d029,13,district,district_10,District 10,misdemeanor_theft,Theft (Misdemeanor),year_to_date,percent_change,percent,2026,2022,4,-14.0,-0.14,-14%,,not_checkable,,,wilmington-compstat-v2,validated
weekly-2026-09-20-r1,weekly_compstat,2026-09-14,2026-09-20,1,224441568f81ffe637b2bd2710d43d6899f14c5913e83b684efe2ba6fca9d029,13,district,district_10,District 10,misdemeanor_theft,Theft (Misdemeanor),year_to_date,percent_change,percent,2026,2021,5,-22.0,-0.22,-22%,,not_checkable,,,wilmington-compstat-v2,validated
weekly-2026-09-20-r1,weekly_compstat,2026-09-14,2026-09-20,1,224441568f81ffe637b2bd2710d43d6899f14c5913e83b684efe2ba6fca9d029,13,district,district_10,District 10,misdemeanor_theft,Theft (Misdemeanor),year_to_date,percent_change,percent,2026,2020,6,3.0,0.03,3%,,not_checkable,,,wilmington-compstat-v2,validated
weekly-2026-09-20-r1,weekly_compstat,2026-09-14,2026-09-20,1,224441568f81ffe637b2bd2710d43d6899f14c5913e83b684efe2ba6fca9d029,15,district,district_11,District 11,murder,Murder,last_7_days,count,count,2026,,,0,,0,,not_applicable,,,wilmington-compstat-v2,validated
weekly-2026-09-20-r1,weekly_compstat,2026-09-14,2026-09-20,1,224441568f81ffe637b2bd2710d43d6899f14c5913e83b684efe2ba6fca9d029,15,district,district_11,District 11,murder,Murder,last_7_days,count,count,2025,,,0,,0,,not_applicable,,,wilmington-compstat-v2,validated
weekly-2026-09-20-r1,weekly_compstat,2026-09-14,2026-09-20,1,224441568f81ffe637b2bd2710d43d6899f14c5913e83b684efe2ba6fca9d029,15,district,district_11,District 11,murder,Murder,last_7_days,percent_change,percent,2026,2025,1,,,*,,undefined_zero_denominator,,undefined_zero_denominator,wilmington-compstat-v2,validated
weekly-2026-09-20-r1,weekly_compstat,2026-09-14,2026-09-20,1,224441568f81ffe637b2bd2710d43d6899f14c5913e83b684efe2ba6fca9d029,15,district,district_11,District 11,murder,Murder,last_28_days,count,count,2026,,,0,,0,,not_applicable,,,wilmington-compstat-v2,validated
weekly-2026-09-20-r1,weekly_compstat,2026-09-14,2026-09-20,1,224441568f81ffe637b2bd2710d43d6899f14c5913e83b684efe2ba6fca9d029,15,district,district_11,District 11,murder,Murder,last_28_days,count,count,2025,,,0,,0,,not_applicable,,,wilmington-compstat-v2,validated
weekly-2026-09-20-r1,weekly_compstat,2026-09-14,2026-09-20,1,224441568f81ffe637b2bd2710d43d6899f14c5913e83b684efe2ba6fca9d029,15,district,district_11,District 11,murder,Murder,last_28_days,percent_change,percent,2026,2025,1,,,*,,undefined_zero_denominator,,undefined_zero_denominator,wilmington-compstat-v2,validated
weekly-2026-09-20-r1,weekly_compstat,2026-09-14,2026-09-20,1,224441568f81ffe637b2bd2710d43d6899f14c5913e83b684efe2ba6fca9d029,15,district,district_11,District 11,murder,Murder,year_to_date,count,count,2026,,,0,,0,,not_applicable,,,wilmington-compstat-v2,validated
weekly-2026-09-20-r1,weekly_compstat,2026-09-14,2026-09-20,1,224441568f81ffe637b2bd2710d43d6899f14c5913e83b684efe2ba6fca9d029,15,district,district_11,District 11,murder,Murder,year_to_date,count,count,2025,,,0,,0,,not_applicable,,,wilmington-compstat-v2,validated
weekly-2026-09-20-r1,weekly_compstat,2026-09-14,2026-09-20,1,224441568f81ffe637b2bd2710d43d6899f14c5913e83b684efe2ba6fca9d029,15,district,district_11,District 11,murder,Murder,year_to_date,percent_change,percent,2026,2025,1,,,*,,undefined_zero_denominator,,undefined_zero_denominator,wilmington-compstat-v2,validated
weekly-2026-09-20-r1,weekly_compstat,2026-09-14,2026-09-20,1,224441568f81ffe637b2bd2710d43d6899f14c5913e83b684efe2ba6fca9d029,15,district,district_11,District 11,murder,Murder,year_to_date,percent_change,percent,2026,2024,2,-100.0,-1.0,-100%,,not_checkable,,,wilmington-compstat-v2,validated
weekly-2026-09-20-r1,weekly_compstat,2026-09-14,2026-09-20,1,224441568f81ffe637b2bd2710d43d6899f14c5913e83b684efe2ba6fca9d029,15,district,district_11,District 11,murder,Murder,year_to_date,percent_change,percent,2026,2023,3,-100.0,-1.0,-100%,,not_checkable,,,wilmington-compstat-v2,validated
weekly-2026-09-20-r1,weekly_compstat,2026-09-14,2026-09-20,1,224441568f81ffe637b2bd2710d43d6899f14c5913e83b684efe2ba6fca9d029,15,district,district_11,District 11,murder,Murder,year_to_date,percent_change,percent,2026,2022,4,-100.0,-1.0,-100%,,not_checkable,,,wilmington-compstat-v2,validated
weekly-2026-09-20-r1,weekly_compstat,2026-09-14,2026-09-20,1,224441568f81ffe637b2bd2710d43d6899f14c5913e83b684efe2ba6fca9d029,15,district,district_11,District 11,murder,Murder,year_to_date,percent_change,percent,2026,2021,5,-100.0,-1.0,-100%,,not_checkable,,,wilmington-compstat-v2,validated
weekly-2026-09-20-r1,weekly_compstat,2026-09-14,2026-09-20,1,224441568f81ffe637b2bd2710d43d6899f14c5913e83b684efe2ba6fca9d029,15,district,district_11,District 11,murder,Murder,year_to_date,percent_change,percent,2026,2020,6,-100.0,-1.0,-100%,,not_checkable,,,wilmington-compstat-v2,validated
weekly-2026-09-20-r1,weekly_compstat,2026-09-14,2026-09-20,1,224441568f81ffe637b2bd2710d43d6899f14c5913e83b684efe2ba6fca9d029,15,district,district_11,District 11,rape,Rape,last_7_days,count,count,2026,,,0,,0,,not_applicable,,,wilmington-compstat-v2,validated
weekly-2026-09-20-r1,weekly_compstat,2026-09-14,2026-09-20,1,224441568f81ffe637b2bd2710d43d6899f14c5913e83b684efe2ba6fca9d029,15,district,district_11,District 11,rape,Rape,last_7_days,count,count,2025,,,0,,0,,not_applicable,,,wilmington-compstat-v2,validated
weekly-2026-09-20-r1,weekly_compstat,2026-09-14,2026-09-20,1,224441568f81ffe637b2bd2710d43d6899f14c5913e83b684efe2ba6fca9d029,15,district,district_11,District 11,rape,Rape,last_7_days,percent_change,percent,2026,2025,1,,,*,,undefined_zero_denominator,,undefined_zero_denominator,wilmington-compstat-v2,validated
weekly-2026-09-20-r1,weekly_compstat,2026-09-14,2026-09-20,1,224441568f81ffe637b2bd2710d43d6899f14c5913e83b684efe2ba6fca9d029,15,district,district_11,District 11,rape,Rape,last_28_days,count,count,2026,,,0,,0,,not_applicable,,,wilmington-compstat-v2,validated
weekly-2026-09-20-r1,weekly_compstat,2026-09-14,2026-09-20,1,224441568f81ffe637b2bd2710d43d6899f14c5913e83b684efe2ba6fca9d029,15,district,district_11,District 11,rape,Rape,last_28_days,count,count,2025,,,0,,0,,not_applicable,,,wilmington-compstat-v2,validated
weekly-2026-09-20-r1,weekly_compstat,2026-09-14,2026-09-20,1,224441568f81ffe637b2bd2710d43d6899f14c5913e83b684efe2ba6fca9d029,15,district,district_11,District 11,rape,Rape,last_28_days,percent_change,percent,2026,2025,1,,,*,,undefined_zero_denominator,,undefined_zero_denominator,wilmington-compstat-v2,validated
weekly-2026-09-20-r1,weekly_compstat,2026-09-14,2026-09-20,1,224441568f81ffe637b2bd2710d43d6899f14c5913e83b684efe2ba6fca9d029,15,district,district_11,District 11,rape,Rape,year_to_date,count,count,2026,,,0,,0,,not_applicable,,,wilmington-compstat-v2,validated
weekly-2026-09-20-r1,weekly_compstat,2026-09-14,2026-09-20,1,224441568f81ffe637b2bd2710d43d6899f14c5913e83b684efe2ba6fca9d029,15,district,district_11,District 11,rape,Rape,year_to_date,count,count,2025,,,0,,0,,not_applicable,,,wilmington-compstat-v2,validated
weekly-2026-09-20-r1,weekly_compstat,2026-09-14,2026-09-20,1,224441568f81ffe637b2bd2710d43d6899f14c5913e83b684efe2ba6fca9d029,15,district,district_11,District 11,rape,Rape,year_to_date,percent_change,percent,2026,2025,1,,,*,,undefined_zero_denominator,,undefined_zero_denominator,wilmington-compstat-v2,validated
weekly-2026-09-20-r1,weekly_compstat,2026-09-14,2026-09-20,1,224441568f81ffe637b2bd2710d43d6899f14c5913e83b684efe2ba6fca9d029,15,district,district_11,District 11,rape,Rape,year_to_date,percent_change,percent,2026,2024,2,,,*,,not_checkable,,undefined_zero_denominator,wilmington-compstat-v2,validated
weekly-2026-09-20-r1,weekly_compstat,2026-09-14,2026-09-20,1,224441568f81ffe637b2bd2710d43d6899f14c5913e83b684efe2ba6fca9d029,15,district,district_11,District 11,rape,Rape,year_to_date,percent_change,percent,2026,2023,3,,,*,,not_checkable,,undefined_zero_denominator,wilmington-compstat-v2,validated
weekly-2026-09-20-r1,weekly_compstat,2026-09-14,2026-09-20,1,224441568f81ffe637b2bd2710d43d6899f14c5913e83b684efe2ba6fca9d029,15,district,district_11,District 11,rape,Rape,year_to_date,percent_change,percent,2026,2022,4,-100.0,-1.0,-100%,,not_checkable,,,wilmington-compstat-v2,validated
weekly-2026-09-20-r1,weekly_compstat,2026-09-14,2026-09-20,1,224441568f81ffe637b2bd2710d43d6899f14c5913e83b684efe2ba6fca9d029,15,district,district_11,District 11,rape,Rape,year_to_date,percent_change,percent,2026,2021,5,,,*,,not_checkable,,undefined_zero_denominator,wilmington-compstat-v2,validated
weekly-2026-09-20-r1,weekly_compstat,2026-09-14,2026-09-20,1,224441568f81ffe637b2bd2710d43d6899f14c5913e83b684efe2ba6fca9d029,15,district,district_11,District 11,rape,Rape,year_to_date,percent_change,percent,2026,2020,6,,,*,,not_checkable,,undefined_zero_denominator,wilmington-compstat-v2,validated
weekly-2026-09-20-r1,weekly_compstat,2026-09-14,2026-09-20,1,224441568f81ffe637b2bd2710d43d6899f14c5913e83b684efe2ba6fca9d029,15,district,district_11,District 11,robbery,Robbery,last_7_days,count,count,2026,,,0,,0,,not_applicable,,,wilmington-compstat-v2,validated
weekly-2026-09-20-r1,weekly_compstat,2026-09-14,2026-09-20,1,224441568f81ffe637b2bd2710d43d6899f14c5913e83b684efe2ba6fca9d029,15,district,district_11,District 11,robbery,Robbery,last_7_days,count,count,2025,,,0,,0,,not_applicable,,,wilmington-compstat-v2,validated
weekly-2026-09-20-r1,weekly_compstat,2026-09-14,2026-09-20,1,224441568f81ffe637b2bd2710d43d6899f14c5913e83b684efe2ba6fca9d029,15,district,district_11,District 11,robbery,Robbery,last_7_days,percent_change,percent,2026,2025,1,,,*,,undefined_zero_denominator,,undefined_zero_denominator,wilmington-compstat-v2,validated
weekly-2026-09-20-r1,weekly_compstat,2026-09-14,2026-09-20,1,224441568f81ffe637b2bd2710d43d6899f14c5913e83b684efe2ba6fca9d029,15,district,district_11,District 11,robbery,Robbery,last_28_days,count,count,2026,,,1,,1,,not_applicable,,,wilmington-compstat-v2,validated
weekly-2026-09-20-r1,weekly_compstat,2026-09-14,2026-09-20,1,224441568f81ffe637b2bd2710d43d6899f14c5913e83b684efe2ba6fca9d029,15,district,district_11,District 11,robbery,Robbery,last_28_days,count,count,2025,,,3,,3,,not_applicable,,,wilmington-compstat-v2,validated
weekly-2026-09-20-r1,weekly_compstat,2026-09-14,2026-09-20,1,224441568f81ffe637b2bd2710d43d6899f14c5913e83b684efe2ba6fca9d029,15,district,district_11,District 11,robbery,Robbery,last_28_days,percent_change,percent,2026,2025,1,-67.0,-0.67,-67%,-66.666667,matched,,,wilmington-compstat-v2,validated
weekly-2026-09-20-r1,weekly_compstat,2026-09-14,2026-09-20,1,224441568f81ffe637b2bd2710d43d6899f14c5913e83b684efe2ba6fca9d029,15,district,district_11,District 11,robbery,Robbery,year_to_date,count,count,2026,,,17,,17,,not_applicable,,,wilmington-compstat-v2,validated
weekly-2026-09-20-r1,weekly_compstat,2026-09-14,2026-09-20,1,224441568f81ffe637b2bd2710d43d6899f14c5913e83b684efe2ba6fca9d029,15,district,district_11,District 11,robbery,Robbery,year_to_date,count,count,2025,,,19,,19,,not_applicable,,,wilmington-compstat-v2,validated
weekly-2026-09-20-r1,weekly_compstat,2026-09-14,2026-09-20,1,224441568f81ffe637b2bd2710d43d6899f14c5913e83b684efe2ba6fca9d029,15,district,district_11,District 11,robbery,Robbery,year_to_date,percent_change,percent,2026,2025,1,-11.0,-0.11,-11%,-10.526316,matched,,,wilmington-compstat-v2,validated
weekly-2026-09-20-r1,weekly_compstat,2026-09-14,2026-09-20,1,224441568f81ffe637b2bd2710d43d6899f14c5913e83b684efe2ba6fca9d029,15,district,district_11,District 11,robbery,Robbery,year_to_date,percent_change,percent,2026,2024,2,55.0,0.55,55%,,not_checkable,,,wilmington-compstat-v2,validated
weekly-2026-09-20-r1,weekly_compstat,2026-09-14,2026-09-20,1,224441568f81ffe637b2bd2710d43d6899f14c5913e83b684efe2ba6fca9d029,15,district,district_11,District 11,robbery,Robbery,year_to_date,percent_change,percent,2026,2023,3,-11.0,-0.11,-11%,,not_checkable,,,wilmington-compstat-v2,validated
weekly-2026-09-20-r1,weekly_compstat,2026-09-14,2026-09-20,1,224441568f81ffe637b2bd2710d43d6899f14c5913e83b684efe2ba6fca9d029,15,district,district_11,District 11,robbery,Robbery,year_to_date,percent_change,percent,2026,2022,4,-15.0,-0.15,-15%,,not_checkable,,,wilmington-compstat-v2,validated
weekly-2026-09-20-r1,weekly_compstat,2026-09-14,2026-09-20,1,224441568f81ffe637b2bd2710d43d6899f14c5913e83b684efe2ba6fca9d029,15,district,district_11,District 11,robbery,Robbery,year_to_date,percent_change,percent,2026,2021,5,0.0,0.0,0%,,not_checkable,,,wilmington-compstat-v2,validated
weekly-2026-09-20-r1,weekly_compstat,2026-09-14,2026-09-20,1,224441568f81ffe637b2bd2710d43d6899f14c5913e83b684efe2ba6fca9d029,15,district,district_11,District 11,robbery,Robbery,year_to_date,percent_change,percent,2026,2020,6,-35.0,-0.35,-35%,,not_checkable,,,wilmington-compstat-v2,validated
weekly-2026-09-20-r1,weekly_compstat,2026-09-14,2026-09-20,1,224441568f81ffe637b2bd2710d43d6899f14c5913e83b684efe2ba6fca9d029,15,district,district_11,District 11,aggravated_assault,Agg. Assault,last_7_days,count,count,2026,,,2,,2,,not_applicable,,,wilmington-compstat-v2,validated
weekly-2026-09-20-r1,weekly_compstat,2026-09-14,2026-09-20,1,224441568f81ffe637b2bd2710d43d6899f14c5913e83b684efe2ba6fca9d029,15,district,district_11,District 11,aggravated_assault,Agg. Assault,last_7_days,count,count,2025,,,2,,2,,not_applicable,,,wilmington-compstat-v2,validated
weekly-2026-09-20-r1,weekly_compstat,2026-09-14,2026-09-20,1,224441568f81ffe637b2bd2710d43d6899f14c5913e83b684efe2ba6fca9d029,15,district,district_11,District 11,aggravated_assault,Agg. Assault,last_7_days,percent_change,percent,2026,2025,1,0.0,0.0,0%,0.0,matched,,,wilmington-compstat-v2,validated
weekly-2026-09-20-r1,weekly_compstat,2026-09-14,2026-09-20,1,224441568f81ffe637b2bd2710d43d6899f14c5913e83b684efe2ba6fca9d029,15,district,district_11,District 11,aggravated_assault,Agg. Assault,last_28_days,count,count,2026,,,11,,11,,not_applicable,,,wilmington-compstat-v2,validated
weekly-2026-09-20-r1,weekly_compstat,2026-09-14,2026-09-20,1,224441568f81ffe637b2bd2710d43d6899f14c5913e83b684efe2ba6fca9d029,15,district,district_11,District 11,aggravated_assault,Agg. Assault,last_28_days,count,count,2025,,,5,,5,,not_applicable,,,wilmington-compstat-v2,validated
weekly-2026-09-20-r1,weekly_compstat,2026-09-14,2026-09-20,1,224441568f81ffe637b2bd2710d43d6899f14c5913e83b684efe2ba6fca9d029,15,district,district_11,District 11,aggravated_assault,Agg. Assault,last_28_days,percent_change,percent,2026,2025,1,120.0,1.2,120%,120.0,matched,,,wilmington-compstat-v2,validated
weekly-2026-09-20-r1,weekly_compstat,2026-09-14,2026-09-20,1,224441568f81ffe637b2bd2710d43d6899f14c5913e83b684efe2ba6fca9d029,15,district,district_11,District 11,aggravated_assault,Agg. Assault,year_to_date,count,count,2026,,,59,,59,,not_applicable,,,wilmington-compstat-v2,validated
weekly-2026-09-20-r1,weekly_compstat,2026-09-14,2026-09-20,1,224441568f81ffe637b2bd2710d43d6899f14c5913e83b684efe2ba6fca9d029,15,district,district_11,District 11,aggravated_assault,Agg. Assault,year_to_date,count,count,2025,,,52,,52,,not_applicable,,,wilmington-compstat-v2,validated
weekly-2026-09-20-r1,weekly_compstat,2026-09-14,2026-09-20,1,224441568f81ffe637b2bd2710d43d6899f14c5913e83b684efe2ba6fca9d029,15,district,district_11,District 11,aggravated_assault,Agg. Assault,year_to_date,percent_change,percent,2026,2025,1,13.0,0.13,13%,13.461538,matched,,,wilmington-compstat-v2,validated
weekly-2026-09-20-r1,weekly_compstat,2026-09-14,2026-09-20,1,224441568f81ffe637b2bd2710d43d6899f14c5913e83b684efe2ba6fca9d029,15,district,district_11,District 11,aggravated_assault,Agg. Assault,year_to_date,percent_change,percent,2026,2024,2,37.0,0.37,37%,,not_checkable,,,wilmington-compstat-v2,validated
weekly-2026-09-20-r1,weekly_compstat,2026-09-14,2026-09-20,1,224441568f81ffe637b2bd2710d43d6899f14c5913e83b684efe2ba6fca9d029,15,district,district_11,District 11,aggravated_assault,Agg. Assault,year_to_date,percent_change,percent,2026,2023,3,7.0,0.07,7%,,not_checkable,,,wilmington-compstat-v2,validated
weekly-2026-09-20-r1,weekly_compstat,2026-09-14,2026-09-20,1,224441568f81ffe637b2bd2710d43d6899f14c5913e83b684efe2ba6fca9d029,15,district,district_11,District 11,aggravated_assault,Agg. Assault,year_to_date,percent_change,percent,2026,2022,4,31.0,0.31,31%,,not_checkable,,,wilmington-compstat-v2,validated
weekly-2026-09-20-r1,weekly_compstat,2026-09-14,2026-09-20,1,224441568f81ffe637b2bd2710d43d6899f14c5913e83b684efe2ba6fca9d029,15,district,district_11,District 11,aggravated_assault,Agg. Assault,year_to_date,percent_change,percent,2026,2021,5,11.0,0.11,11%,,not_checkable,,,wilmington-compstat-v2,validated
weekly-2026-09-20-r1,weekly_compstat,2026-09-14,2026-09-20,1,224441568f81ffe637b2bd2710d43d6899f14c5913e83b684efe2ba6fca9d029,15,district,district_11,District 11,aggravated_assault,Agg. Assault,year_to_date,percent_change,percent,2026,2020,6,13.0,0.13,13%,,not_checkable,,,wilmington-compstat-v2,validated
weekly-2026-09-20-r1,weekly_compstat,2026-09-14,2026-09-20,1,224441568f81ffe637b2bd2710d43d6899f14c5913e83b684efe2ba6fca9d029,15,district,district_11,District 11,burglary,Burglary,last_7_days,count,count,2026,,,2,,2,,not_applicable,,,wilmington-compstat-v2,validated
weekly-2026-09-20-r1,weekly_compstat,2026-09-14,2026-09-20,1,224441568f81ffe637b2bd2710d43d6899f14c5913e83b684efe2ba6fca9d029,15,district,district_11,District 11,burglary,Burglary,last_7_days,count,count,2025,,,2,,2,,not_applicable,,,wilmington-compstat-v2,validated
weekly-2026-09-20-r1,weekly_compstat,2026-09-14,2026-09-20,1,224441568f81ffe637b2bd2710d43d6899f14c5913e83b684efe2ba6fca9d029,15,district,district_11,District 11,burglary,Burglary,last_7_days,percent_change,percent,2026,2025,1,0.0,0.0,0%,0.0,matched,,,wilmington-compstat-v2,validated
weekly-2026-09-20-r1,weekly_compstat,2026-09-14,2026-09-20,1,224441568f81ffe637b2bd2710d43d6899f14c5913e83b684efe2ba6fca9d029,15,district,district_11,District 11,burglary,Burglary,last_28_days,count,count,2026,,,4,,4,,not_applicable,,,wilmington-compstat-v2,validated
weekly-2026-09-20-r1,weekly_compstat,2026-09-14,2026-09-20,1,224441568f81ffe637b2bd2710d43d6899f14c5913e83b684efe2ba6fca9d029,15,district,district_11,District 11,burglary,Burglary,last_28_days,count,count,2025,,,8,,8,,not_applicable,,,wilmington-compstat-v2,validated
weekly-2026-09-20-r1,weekly_compstat,2026-09-14,2026-09-20,1,224441568f81ffe637b2bd2710d43d6899f14c5913e83b684efe2ba6fca9d029,15,district,district_11,District 11,burglary,Burglary,last_28_days,percent_change,percent,2026,2025,1,-50.0,-0.5,-50%,-50.0,matched,,,wilmington-compstat-v2,validated
weekly-2026-09-20-r1,weekly_compstat,2026-09-14,2026-09-20,1,224441568f81ffe637b2bd2710d43d6899f14c5913e83b684efe2ba6fca9d029,15,district,district_11,District 11,burglary,Burglary,year_to_date,count,count,2026,,,45,,45,,not_applicable,,,wilmington-compstat-v2,validated
weekly-2026-09-20-r1,weekly_compstat,2026-09-14,2026-09-20,1,224441568f81ffe637b2bd2710d43d6899f14c5913e83b684efe2ba6fca9d029,15,district,district_11,District 11,burglary,Burglary,year_to_date,count,count,2025,,,52,,52,,not_applicable,,,wilmington-compstat-v2,validated
weekly-2026-09-20-r1,weekly_compstat,2026-09-14,2026-09-20,1,224441568f81ffe637b2bd2710d43d6899f14c5913e83b684efe2ba6fca9d029,15,district,district_11,District 11,burglary,Burglary,year_to_date,percent_change,percent,2026,2025,1,-13.0,-0.13,-13%,-13.461538,matched,,,wilmington-compstat-v2,validated
weekly-2026-09-20-r1,weekly_compstat,2026-09-14,2026-09-20,1,224441568f81ffe637b2bd2710d43d6899f14c5913e83b684efe2ba6fca9d029,15,district,district_11,District 11,burglary,Burglary,year_to_date,percent_change,percent,2026,2024,2,25.0,0.25,25%,,not_checkable,,,wilmington-compstat-v2,validated
weekly-2026-09-20-r1,weekly_compstat,2026-09-14,2026-09-20,1,224441568f81ffe637b2bd2710d43d6899f14c5913e83b684efe2ba6fca9d029,15,district,district_11,District 11,burglary,Burglary,year_to_date,percent_change,percent,2026,2023,3,32.0,0.32,32%,,not_checkable,,,wilmington-compstat-v2,validated
weekly-2026-09-20-r1,weekly_compstat,2026-09-14,2026-09-20,1,224441568f81ffe637b2bd2710d43d6899f14c5913e83b684efe2ba6fca9d029,15,district,district_11,District 11,burglary,Burglary,year_to_date,percent_change,percent,2026,2022,4,25.0,0.25,25%,,not_checkable,,,wilmington-compstat-v2,validated
weekly-2026-09-20-r1,weekly_compstat,2026-09-14,2026-09-20,1,224441568f81ffe637b2bd2710d43d6899f14c5913e83b684efe2ba6fca9d029,15,district,district_11,District 11,burglary,Burglary,year_to_date,percent_change,percent,2026,2021,5,13.0,0.13,13%,,not_checkable,,,wilmington-compstat-v2,validated
weekly-2026-09-20-r1,weekly_compstat,2026-09-14,2026-09-20,1,224441568f81ffe637b2bd2710d43d6899f14c5913e83b684efe2ba6fca9d029,15,district,district_11,District 11,burglary,Burglary,year_to_date,percent_change,percent,2026,2020,6,-22.0,-0.22,-22%,,not_checkable,,,wilmington-compstat-v2,validated
weekly-2026-09-20-r1,weekly_compstat,2026-09-14,2026-09-20,1,224441568f81ffe637b2bd2710d43d6899f14c5913e83b684efe2ba6fca9d029,15,district,district_11,District 11,felony_theft,Felony Theft,last_7_days,count,count,2026,,,0,,0,,not_applicable,,,wilmington-compstat-v2,validated
weekly-2026-09-20-r1,weekly_compstat,2026-09-14,2026-09-20,1,224441568f81ffe637b2bd2710d43d6899f14c5913e83b684efe2ba6fca9d029,15,district,district_11,District 11,felony_theft,Felony Theft,last_7_days,count,count,2025,,,2,,2,,not_applicable,,,wilmington-compstat-v2,validated
weekly-2026-09-20-r1,weekly_compstat,2026-09-14,2026-09-20,1,224441568f81ffe637b2bd2710d43d6899f14c5913e83b684efe2ba6fca9d029,15,district,district_11,District 11,felony_theft,Felony Theft,last_7_days,percent_change,percent,2026,2025,1,-100.0,-1.0,-100%,-100.0,matched,,,wilmington-compstat-v2,validated
weekly-2026-09-20-r1,weekly_compstat,2026-09-14,2026-09-20,1,224441568f81ffe637b2bd2710d43d6899f14c5913e83b684efe2ba6fca9d029,15,district,district_11,District 11,felony_theft,Felony Theft,last_28_days,count,count,2026,,,5,,5,,not_applicable,,,wilmington-compstat-v2,validated
weekly-2026-09-20-r1,weekly_compstat,2026-09-14,2026-09-20,1,224441568f81ffe637b2bd2710d43d6899f14c5913e83b684efe2ba6fca9d029,15,district,district_11,District 11,felony_theft,Felony Theft,last_28_days,count,count,2025,,,7,,7,,not_applicable,,,wilmington-compstat-v2,validated
weekly-2026-09-20-r1,weekly_compstat,2026-09-14,2026-09-20,1,224441568f81ffe637b2bd2710d43d6899f14c5913e83b684efe2ba6fca9d029,15,district,district_11,District 11,felony_theft,Felony Theft,last_28_days,percent_change,percent,2026,2025,1,-29.0,-0.29,-29%,-28.571429,matched,,,wilmington-compstat-v2,validated
weekly-2026-09-20-r1,weekly_compstat,2026-09-14,2026-09-20,1,224441568f81ffe637b2bd2710d43d6899f14c5913e83b684efe2ba6fca9d029,15,district,district_11,District 11,felony_theft,Felony Theft,year_to_date,count,count,2026,,,22,,22,,not_applicable,,,wilmington-compstat-v2,validated
weekly-2026-09-20-r1,weekly_compstat,2026-09-14,2026-09-20,1,224441568f81ffe637b2bd2710d43d6899f14c5913e83b684efe2ba6fca9d029,15,district,district_11,District 11,felony_theft,Felony Theft,year_to_date,count,count,2025,,,29,,29,,not_applicable,,,wilmington-compstat-v2,validated
weekly-2026-09-20-r1,weekly_compstat,2026-09-14,2026-09-20,1,224441568f81ffe637b2bd2710d43d6899f14c5913e83b684efe2ba6fca9d029,15,district,district_11,District 11,felony_theft,Felony Theft,year_to_date,percent_change,percent,2026,2025,1,-24.0,-0.24,-24%,-24.137931,matched,,,wilmington-compstat-v2,validated
weekly-2026-09-20-r1,weekly_compstat,2026-09-14,2026-09-20,1,224441568f81ffe637b2bd2710d43d6899f14c5913e83b684efe2ba6fca9d029,15,district,district_11,District 11,felony_theft,Felony Theft,year_to_date,percent_change,percent,2026,2024,2,-33.0,-0.33,-33%,,not_checkable,,,wilmington-compstat-v2,validated
weekly-2026-09-20-r1,weekly_compstat,2026-09-14,2026-09-20,1,224441568f81ffe637b2bd2710d43d6899f14c5913e83b684efe2ba6fca9d029,15,district,district_11,District 11,felony_theft,Felony Theft,year_to_date,percent_change,percent,2026,2023,3,-8.0,-0.08,-8%,,not_checkable,,,wilmington-compstat-v2,validated
weekly-2026-09-20-r1,weekly_compstat,2026-09-14,2026-09-20,1,224441568f81ffe637b2bd2710d43d6899f14c5913e83b684efe2ba6fca9d029,15,district,district_11,District 11,felony_theft,Felony Theft,year_to_date,percent_change,percent,2026,2022,4,-19.0,-0.19,-19%,,not_checkable,,,wilmington-compstat-v2,validated
weekly-2026-09-20-r1,weekly_compstat,2026-09-14,2026-09-20,1,224441568f81ffe637b2bd2710d43d6899f14c5913e83b684efe2ba6fca9d029,15,district,district_11,District 11,felony_theft,Felony Theft,year_to_date,percent_change,percent,2026,2021,5,57.0,0.57,57%,,not_checkable,,,wilmington-compstat-v2,validated
weekly-2026-09-20-r1,weekly_compstat,2026-09-14,2026-09-20,1,224441568f81ffe637b2bd2710d43d6899f14c5913e83b684efe2ba6fca9d029,15,district,district_11,District 11,felony_theft,Felony Theft,year_to_date,percent_change,percent,2026,2020,6,-8.0,-0.08,-8%,,not_checkable,,,wilmington-compstat-v2,validated
weekly-2026-09-20-r1,weekly_compstat,2026-09-14,2026-09-20,1,224441568f81ffe637b2bd2710d43d6899f14c5913e83b684efe2ba6fca9d029,15,district,district_11,District 11,auto_theft,Auto Theft,last_7_days,count,count,2026,,,1,,1,,not_applicable,,,wilmington-compstat-v2,validated
weekly-2026-09-20-r1,weekly_compstat,2026-09-14,2026-09-20,1,224441568f81ffe637b2bd2710d43d6899f14c5913e83b684efe2ba6fca9d029,15,district,district_11,District 11,auto_theft,Auto Theft,last_7_days,count,count,2025,,,1,,1,,not_applicable,,,wilmington-compstat-v2,validated
weekly-2026-09-20-r1,weekly_compstat,2026-09-14,2026-09-20,1,224441568f81ffe637b2bd2710d43d6899f14c5913e83b684efe2ba6fca9d029,15,district,district_11,District 11,auto_theft,Auto Theft,last_7_days,percent_change,percent,2026,2025,1,0.0,0.0,0%,0.0,matched,,,wilmington-compstat-v2,validated
weekly-2026-09-20-r1,weekly_compstat,2026-09-14,2026-09-20,1,224441568f81ffe637b2bd2710d43d6899f14c5913e83b684efe2ba6fca9d029,15,district,district_11,District 11,auto_theft,Auto Theft,last_28_days,count,count,2026,,,4,,4,,not_applicable,,,wilmington-compstat-v2,validated
weekly-2026-09-20-r1,weekly_compstat,2026-09-14,2026-09-20,1,224441568f81ffe637b2bd2710d43d6899f14c5913e83b684efe2ba6fca9d029,15,district,district_11,District 11,auto_theft,Auto Theft,last_28_days,count,count,2025,,,6,,6,,not_applicable,,,wilmington-compstat-v2,validated
weekly-2026-09-20-r1,weekly_compstat,2026-09-14,2026-09-20,1,224441568f81ffe637b2bd2710d43d6899f14c5913e83b684efe2ba6fca9d029,15,district,district_11,District 11,auto_theft,Auto Theft,last_28_days,percent_change,percent,2026,2025,1,-33.0,-0.33,-33%,-33.333333,matched,,,wilmington-compstat-v2,validated
weekly-2026-09-20-r1,weekly_compstat,2026-09-14,2026-09-20,1,224441568f81ffe637b2bd2710d43d6899f14c5913e83b684efe2ba6fca9d029,15,district,district_11,District 11,auto_theft,Auto Theft,year_to_date,count,count,2026,,,21,,21,,not_applicable,,,wilmington-compstat-v2,validated
weekly-2026-09-20-r1,weekly_compstat,2026-09-14,2026-09-20,1,224441568f81ffe637b2bd2710d43d6899f14c5913e83b684efe2ba6fca9d029,15,district,district_11,District 11,auto_theft,Auto Theft,year_to_date,count,count,2025,,,26,,26,,not_applicable,,,wilmington-compstat-v2,validated
weekly-2026-09-20-r1,weekly_compstat,2026-09-14,2026-09-20,1,224441568f81ffe637b2bd2710d43d6899f14c5913e83b684efe2ba6fca9d029,15,district,district_11,District 11,auto_theft,Auto Theft,year_to_date,percent_change,percent,2026,2025,1,-19.0,-0.19,-19%,-19.230769,matched,,,wilmington-compstat-v2,validated
weekly-2026-09-20-r1,weekly_compstat,2026-09-14,2026-09-20,1,224441568f81ffe637b2bd2710d43d6899f14c5913e83b684efe2ba6fca9d029,15,district,district_11,District 11,auto_theft,Auto Theft,year_to_date,percent_change,percent,2026,2024,2,-25.0,-0.25,-25%,,not_checkable,,,wilmington-compstat-v2,validated
weekly-2026-09-20-r1,weekly_compstat,2026-09-14,2026-09-20,1,224441568f81ffe637b2bd2710d43d6899f14c5913e83b684efe2ba6fca9d029,15,district,district_11,District 11,auto_theft,Auto Theft,year_to_date,percent_change,percent,2026,2023,3,-28.0,-0.28,-28%,,not_checkable,,,wilmington-compstat-v2,validated
weekly-2026-09-20-r1,weekly_compstat,2026-09-14,2026-09-20,1,224441568f81ffe637b2bd2710d43d6899f14c5913e83b684efe2ba6fca9d029,15,district,district_11,District 11,auto_theft,Auto Theft,year_to_date,percent_change,percent,2026,2022,4,-16.0,-0.16,-16%,,not_checkable,,,wilmington-compstat-v2,validated
weekly-2026-09-20-r1,weekly_compstat,2026-09-14,2026-09-20,1,224441568f81ffe637b2bd2710d43d6899f14c5913e83b684efe2ba6fca9d029,15,district,district_11,District 11,auto_theft,Auto Theft,year_to_date,percent_change,percent,2026,2021,5,-19.0,-0.19,-19%,,not_checkable,,,wilmington-compstat-v2,validated
weekly-2026-09-20-r1,weekly_compstat,2026-09-14,2026-09-20,1,224441568f81ffe637b2bd2710d43d6899f14c5913e83b684efe2ba6fca9d029,15,district,district_11,District 11,auto_theft,Auto Theft,year_to_date,percent_change,percent,2026,2020,6,-43.0,-0.43,-43%,,not_checkable,,,wilmington-compstat-v2,validated
weekly-2026-09-20-r1,weekly_compstat,2026-09-14,2026-09-20,1,224441568f81ffe637b2bd2710d43d6899f14c5913e83b684efe2ba6fca9d029,15,district,district_11,District 11,major_crime_total,TOTAL,last_7_days,count,count,2026,,,5,,5,,not_applicable,,,wilmington-compstat-v2,validated
weekly-2026-09-20-r1,weekly_compstat,2026-09-14,2026-09-20,1,224441568f81ffe637b2bd2710d43d6899f14c5913e83b684efe2ba6fca9d029,15,district,district_11,District 11,major_crime_total,TOTAL,last_7_days,count,count,2025,,,7,,7,,not_applicable,,,wilmington-compstat-v2,validated
weekly-2026-09-20-r1,weekly_compstat,2026-09-14,2026-09-20,1,224441568f81ffe637b2bd2710d43d6899f14c5913e83b684efe2ba6fca9d029,15,district,district_11,District 11,major_crime_total,TOTAL,last_7_days,percent_change,percent,2026,2025,1,-29.0,-0.29,-29%,-28.571429,matched,,,wilmington-compstat-v2,validated
weekly-2026-09-20-r1,weekly_compstat,2026-09-14,2026-09-20,1,224441568f81ffe637b2bd2710d43d6899f14c5913e83b684efe2ba6fca9d029,15,district,district_11,District 11,major_crime_total,TOTAL,last_28_days,count,count,2026,,,25,,25,,not_applicable,,,wilmington-compstat-v2,validated
weekly-2026-09-20-r1,weekly_compstat,2026-09-14,2026-09-20,1,224441568f81ffe637b2bd2710d43d6899f14c5913e83b684efe2ba6fca9d029,15,district,district_11,District 11,major_crime_total,TOTAL,last_28_days,count,count,2025,,,29,,29,,not_applicable,,,wilmington-compstat-v2,validated
weekly-2026-09-20-r1,weekly_compstat,2026-09-14,2026-09-20,1,224441568f81ffe637b2bd2710d43d6899f14c5913e83b684efe2ba6fca9d029,15,district,district_11,District 11,major_crime_total,TOTAL,last_28_days,percent_change,percent,2026,2025,1,-14.0,-0.14,-14%,-13.793103,matched,,,wilmington-compstat-v2,validated
weekly-2026-09-20-r1,weekly_compstat,2026-09-14,2026-09-20,1,224441568f81ffe637b2bd2710d43d6899f14c5913e83b684efe2ba6fca9d029,15,district,district_11,District 11,major_crime_total,TOTAL,year_to_date,count,count,2026,,,164,,164,,not_applicable,,,wilmington-compstat-v2,validated
weekly-2026-09-20-r1,weekly_compstat,2026-09-14,2026-09-20,1,224441568f81ffe637b2bd2710d43d6899f14c5913e83b684efe2ba6fca9d029,15,district,district_11,District 11,major_crime_total,TOTAL,year_to_date,count,count,2025,,,178,,178,,not_applicable,,,wilmington-compstat-v2,validated
weekly-2026-09-20-r1,weekly_compstat,2026-09-14,2026-09-20,1,224441568f81ffe637b2bd2710d43d6899f14c5913e83b684efe2ba6fca9d029,15,district,district_11,District 11,major_crime_total,TOTAL,year_to_date,percent_change,percent,2026,2025,1,-8.0,-0.08,-8%,-7.865169,matched,,,wilmington-compstat-v2,validated
weekly-2026-09-20-r1,weekly_compstat,2026-09-14,2026-09-20,1,224441568f81ffe637b2bd2710d43d6899f14c5913e83b684efe2ba6fca9d029,15,district,district_11,District 11,major_crime_total,TOTAL,year_to_date,percent_change,percent,2026,2024,2,6.0,0.06,6%,,not_checkable,,,wilmington-compstat-v2,validated
weekly-2026-09-20-r1,weekly_compstat,2026-09-14,2026-09-20,1,224441568f81ffe637b2bd2710d43d6899f14c5913e83b684efe2ba6fca9d029,15,district,district_11,District 11,major_crime_total,TOTAL,year_to_date,percent_change,percent,2026,2023,3,1.0,0.01,1%,,not_checkable,,,wilmington-compstat-v2,validated
weekly-2026-09-20-r1,weekly_compstat,2026-09-14,2026-09-20,1,224441568f81ffe637b2bd2710d43d6899f14c5913e83b684efe2ba6fca9d029,15,district,district_11,District 11,major_crime_total,TOTAL,year_to_date,percent_change,percent,2026,2022,4,4.0,0.04,4%,,not_checkable,,,wilmington-compstat-v2,validated
weekly-2026-09-20-r1,weekly_compstat,2026-09-14,2026-09-20,1,224441568f81ffe637b2bd2710d43d6899f14c5913e83b684efe2ba6fca9d029,15,district,district_11,District 11,major_crime_total,TOTAL,year_to_date,percent_change,percent,2026,2021,5,7.0,0.07,7%,,not_checkable,,,wilmington-compstat-v2,validated
weekly-2026-09-20-r1,weekly_compstat,2026-09-14,2026-09-20,1,224441568f81ffe637b2bd2710d43d6899f14c5913e83b684efe2ba6fca9d029,15,district,district_11,District 11,major_crime_total,TOTAL,year_to_date,percent_change,percent,2026,2020,6,-20.0,-0.2,-20%,,not_checkable,,,wilmington-compstat-v2,validated
weekly-2026-09-20-r1,weekly_compstat,2026-09-14,2026-09-20,1,224441568f81ffe637b2bd2710d43d6899f14c5913e83b684efe2ba6fca9d029,15,district,district_11,District 11,shooting_incidents,Shooting Incidents,last_7_days,count,count,2026,,,0,,0,,not_applicable,,,wilmington-compstat-v2,validated
weekly-2026-09-20-r1,weekly_compstat,2026-09-14,2026-09-20,1,224441568f81ffe637b2bd2710d43d6899f14c5913e83b684efe2ba6fca9d029,15,district,district_11,District 11,shooting_incidents,Shooting Incidents,last_7_days,count,count,2025,,,0,,0,,not_applicable,,,wilmington-compstat-v2,validated
weekly-2026-09-20-r1,weekly_compstat,2026-09-14,2026-09-20,1,224441568f81ffe637b2bd2710d43d6899f14c5913e83b684efe2ba6fca9d029,15,district,district_11,District 11,shooting_incidents,Shooting Incidents,last_7_days,percent_change,percent,2026,2025,1,,,*,,undefined_zero_denominator,,undefined_zero_denominator,wilmington-compstat-v2,validated
weekly-2026-09-20-r1,weekly_compstat,2026-09-14,2026-09-20,1,224441568f81ffe637b2bd2710d43d6899f14c5913e83b684efe2ba6fca9d029,15,district,district_11,District 11,shooting_incidents,Shooting Incidents,last_28_days,count,count,2026,,,0,,0,,not_applicable,,,wilmington-compstat-v2,validated
weekly-2026-09-20-r1,weekly_compstat,2026-09-14,2026-09-20,1,224441568f81ffe637b2bd2710d43d6899f14c5913e83b684efe2ba6fca9d029,15,district,district_11,District 11,shooting_incidents,Shooting Incidents,last_28_days,count,count,2025,,,1,,1,,not_applicable,,,wilmington-compstat-v2,validated
weekly-2026-09-20-r1,weekly_compstat,2026-09-14,2026-09-20,1,224441568f81ffe637b2bd2710d43d6899f14c5913e83b684efe2ba6fca9d029,15,district,district_11,District 11,shooting_incidents,Shooting Incidents,last_28_days,percent_change,percent,2026,2025,1,-100.0,-1.0,-100%,-100.0,matched,,,wilmington-compstat-v2,validated
weekly-2026-09-20-r1,weekly_compstat,2026-09-14,2026-09-20,1,224441568f81ffe637b2bd2710d43d6899f14c5913e83b684efe2ba6fca9d029,15,district,district_11,District 11,shooting_incidents,Shooting Incidents,year_to_date,count,count,2026,,,5,,5,,not_applicable,,,wilmington-compstat-v2,validated
weekly-2026-09-20-r1,weekly_compstat,2026-09-14,2026-09-20,1,224441568f81ffe637b2bd2710d43d6899f14c5913e83b684efe2ba6fca9d029,15,district,district_11,District 11,shooting_incidents,Shooting Incidents,year_to_date,count,count,2025,,,6,,6,,not_applicable,,,wilmington-compstat-v2,validated
weekly-2026-09-20-r1,weekly_compstat,2026-09-14,2026-09-20,1,224441568f81ffe637b2bd2710d43d6899f14c5913e83b684efe2ba6fca9d029,15,district,district_11,District 11,shooting_incidents,Shooting Incidents,year_to_date,percent_change,percent,2026,2025,1,-17.0,-0.17,-17%,-16.666667,matched,,,wilmington-compstat-v2,validated
weekly-2026-09-20-r1,weekly_compstat,2026-09-14,2026-09-20,1,224441568f81ffe637b2bd2710d43d6899f14c5913e83b684efe2ba6fca9d029,15,district,district_11,District 11,shooting_incidents,Shooting Incidents,year_to_date,percent_change,percent,2026,2024,2,-29.0,-0.29,-29%,,not_checkable,,,wilmington-compstat-v2,validated
weekly-2026-09-20-r1,weekly_compstat,2026-09-14,2026-09-20,1,224441568f81ffe637b2bd2710d43d6899f14c5913e83b684efe2ba6fca9d029,15,district,district_11,District 11,shooting_incidents,Shooting Incidents,year_to_date,percent_change,percent,2026,2023,3,-44.0,-0.44,-44%,,not_checkable,,,wilmington-compstat-v2,validated
weekly-2026-09-20-r1,weekly_compstat,2026-09-14,2026-09-20,1,224441568f81ffe637b2bd2710d43d6899f14c5913e83b684efe2ba6fca9d029,15,district,district_11,District 11,shooting_incidents,Shooting Incidents,year_to_date,percent_change,percent,2026,2022,4,-29.0,-0.29,-29%,,not_checkable,,,wilmington-compstat-v2,validated
weekly-2026-09-20-r1,weekly_compstat,2026-09-14,2026-09-20,1,224441568f81ffe637b2bd2710d43d6899f14c5913e83b684efe2ba6fca9d029,15,district,district_11,District 11,shooting_incidents,Shooting Incidents,year_to_date,percent_change,percent,2026,2021,5,-62.0,-0.62,-62%,,not_checkable,,,wilmington-compstat-v2,validated
weekly-2026-09-20-r1,weekly_compstat,2026-09-14,2026-09-20,1,224441568f81ffe637b2bd2710d43d6899f14c5913e83b684efe2ba6fca9d029,15,district,district_11,District 11,shooting_incidents,Shooting Incidents,year_to_date,percent_change,percent,2026,2020,6,-72.0,-0.72,-72%,,not_checkable,,,wilmington-compstat-v2,validated
weekly-2026-09-20-r1,weekly_compstat,2026-09-14,2026-09-20,1,224441568f81ffe637b2bd2710d43d6899f14c5913e83b684efe2ba6fca9d029,15,district,district_11,District 11,shooting_victims,Shooting Victims,last_7_days,count,count,2026,,,0,,0,,not_applicable,,,wilmington-compstat-v2,validated
weekly-2026-09-20-r1,weekly_compstat,2026-09-14,2026-09-20,1,224441568f81ffe637b2bd2710d43d6899f14c5913e83b684efe2ba6fca9d029,15,district,district_11,District 11,shooting_victims,Shooting Victims,last_7_days,count,count,2025,,,0,,0,,not_applicable,,,wilmington-compstat-v2,validated
weekly-2026-09-20-r1,weekly_compstat,2026-09-14,2026-09-20,1,224441568f81ffe637b2bd2710d43d6899f14c5913e83b684efe2ba6fca9d029,15,district,district_11,District 11,shooting_victims,Shooting Victims,last_7_days,percent_change,percent,2026,2025,1,,,*,,undefined_zero_denominator,,undefined_zero_denominator,wilmington-compstat-v2,validated
weekly-2026-09-20-r1,weekly_compstat,2026-09-14,2026-09-20,1,224441568f81ffe637b2bd2710d43d6899f14c5913e83b684efe2ba6fca9d029,15,district,district_11,District 11,shooting_victims,Shooting Victims,last_28_days,count,count,2026,,,0,,0,,not_applicable,,,wilmington-compstat-v2,validated
weekly-2026-09-20-r1,weekly_compstat,2026-09-14,2026-09-20,1,224441568f81ffe637b2bd2710d43d6899f14c5913e83b684efe2ba6fca9d029,15,district,district_11,District 11,shooting_victims,Shooting Victims,last_28_days,count,count,2025,,,2,,2,,not_applicable,,,wilmington-compstat-v2,validated
weekly-2026-09-20-r1,weekly_compstat,2026-09-14,2026-09-20,1,224441568f81ffe637b2bd2710d43d6899f14c5913e83b684efe2ba6fca9d029,15,district,district_11,District 11,shooting_victims,Shooting Victims,last_28_days,percent_change,percent,2026,2025,1,-100.0,-1.0,-100%,-100.0,matched,,,wilmington-compstat-v2,validated
weekly-2026-09-20-r1,weekly_compstat,2026-09-14,2026-09-20,1,224441568f81ffe637b2bd2710d43d6899f14c5913e83b684efe2ba6fca9d029,15,district,district_11,District 11,shooting_victims,Shooting Victims,year_to_date,count,count,2026,,,8,,8,,not_applicable,,,wilmington-compstat-v2,validated
weekly-2026-09-20-r1,weekly_compstat,2026-09-14,2026-09-20,1,224441568f81ffe637b2bd2710d43d6899f14c5913e83b684efe2ba6fca9d029,15,district,district_11,District 11,shooting_victims,Shooting Victims,year_to_date,count,count,2025,,,8,,8,,not_applicable,,,wilmington-compstat-v2,validated
weekly-2026-09-20-r1,weekly_compstat,2026-09-14,2026-09-20,1,224441568f81ffe637b2bd2710d43d6899f14c5913e83b684efe2ba6fca9d029,15,district,district_11,District 11,shooting_victims,Shooting Victims,year_to_date,percent_change,percent,2026,2025,1,0.0,0.0,0%,0.0,matched,,,wilmington-compstat-v2,validated
weekly-2026-09-20-r1,weekly_compstat,2026-09-14,2026-09-20,1,224441568f81ffe637b2bd2710d43d6899f14c5913e83b684efe2ba6fca9d029,15,district,district_11,District 11,shooting_victims,Shooting Victims,year_to_date,percent_change,percent,2026,2024,2,14.0,0.14,14%,,not_checkable,,,wilmington-compstat-v2,validated
weekly-2026-09-20-r1,weekly_compstat,2026-09-14,2026-09-20,1,224441568f81ffe637b2bd2710d43d6899f14c5913e83b684efe2ba6fca9d029,15,district,district_11,District 11,shooting_victims,Shooting Victims,year_to_date,percent_change,percent,2026,2023,3,-33.0,-0.33,-33%,,not_checkable,,,wilmington-compstat-v2,validated
weekly-2026-09-20-r1,weekly_compstat,2026-09-14,2026-09-20,1,224441568f81ffe637b2bd2710d43d6899f14c5913e83b684efe2ba6fca9d029,15,district,district_11,District 11,shooting_victims,Shooting Victims,year_to_date,percent_change,percent,2026,2022,4,-20.0,-0.2,-20%,,not_checkable,,,wilmington-compstat-v2,validated
weekly-2026-09-20-r1,weekly_compstat,2026-09-14,2026-09-20,1,224441568f81ffe637b2bd2710d43d6899f14c5913e83b684efe2ba6fca9d029,15,district,district_11,District 11,shooting_victims,Shooting Victims,year_to_date,percent_change,percent,2026,2021,5,-62.0,-0.62,-62%,,not_checkable,,,wilmington-compstat-v2,validated
weekly-2026-09-20-r1,weekly_compstat,2026-09-14,2026-09-20,1,224441568f81ffe637b2bd2710d43d6899f14c5913e83b684efe2ba6fca9d029,15,district,district_11,District 11,shooting_victims,Shooting Victims,year_to_date,percent_change,percent,2026,2020,6,-68.0,-0.68,-68%,,not_checkable,,,wilmington-compstat-v2,validated
weekly-2026-09-20-r1,weekly_compstat,2026-09-14,2026-09-20,1,224441568f81ffe637b2bd2710d43d6899f14c5913e83b684efe2ba6fca9d029,15,district,district_11,District 11,juvenile_shooting_incidents,*Juv Shooting Incidents,last_7_days,count,count,2026,,,0,,0,,not_applicable,,,wilmington-compstat-v2,validated
weekly-2026-09-20-r1,weekly_compstat,2026-09-14,2026-09-20,1,224441568f81ffe637b2bd2710d43d6899f14c5913e83b684efe2ba6fca9d029,15,district,district_11,District 11,juvenile_shooting_incidents,*Juv Shooting Incidents,last_7_days,count,count,2025,,,0,,0,,not_applicable,,,wilmington-compstat-v2,validated
weekly-2026-09-20-r1,weekly_compstat,2026-09-14,2026-09-20,1,224441568f81ffe637b2bd2710d43d6899f14c5913e83b684efe2ba6fca9d029,15,district,district_11,District 11,juvenile_shooting_incidents,*Juv Shooting Incidents,last_7_days,percent_change,percent,2026,2025,1,,,*,,undefined_zero_denominator,,undefined_zero_denominator,wilmington-compstat-v2,validated
weekly-2026-09-20-r1,weekly_compstat,2026-09-14,2026-09-20,1,224441568f81ffe637b2bd2710d43d6899f14c5913e83b684efe2ba6fca9d029,15,district,district_11,District 11,juvenile_shooting_incidents,*Juv Shooting Incidents,last_28_days,count,count,2026,,,0,,0,,not_applicable,,,wilmington-compstat-v2,validated
weekly-2026-09-20-r1,weekly_compstat,2026-09-14,2026-09-20,1,224441568f81ffe637b2bd2710d43d6899f14c5913e83b684efe2ba6fca9d029,15,district,district_11,District 11,juvenile_shooting_incidents,*Juv Shooting Incidents,last_28_days,count,count,2025,,,0,,0,,not_applicable,,,wilmington-compstat-v2,validated
weekly-2026-09-20-r1,weekly_compstat,2026-09-14,2026-09-20,1,224441568f81ffe637b2bd2710d43d6899f14c5913e83b684efe2ba6fca9d029,15,district,district_11,District 11,juvenile_shooting_incidents,*Juv Shooting Incidents,last_28_days,percent_change,percent,2026,2025,1,,,*,,undefined_zero_denominator,,undefined_zero_denominator,wilmington-compstat-v2,validated
weekly-2026-09-20-r1,weekly_compstat,2026-09-14,2026-09-20,1,224441568f81ffe637b2bd2710d43d6899f14c5913e83b684efe2ba6fca9d029,15,district,district_11,District 11,juvenile_shooting_incidents,*Juv Shooting Incidents,year_to_date,count,count,2026,,,2,,2,,not_applicable,,,wilmington-compstat-v2,validated
weekly-2026-09-20-r1,weekly_compstat,2026-09-14,2026-09-20,1,224441568f81ffe637b2bd2710d43d6899f14c5913e83b684efe2ba6fca9d029,15,district,district_11,District 11,juvenile_shooting_incidents,*Juv Shooting Incidents,year_to_date,count,count,2025,,,0,,0,,not_applicable,,,wilmington-compstat-v2,validated
weekly-2026-09-20-r1,weekly_compstat,2026-09-14,2026-09-20,1,224441568f81ffe637b2bd2710d43d6899f14c5913e83b684efe2ba6fca9d029,15,district,district_11,District 11,juvenile_shooting_incidents,*Juv Shooting Incidents,year_to_date,percent_change,percent,2026,2025,1,,,*,,undefined_zero_denominator,,undefined_zero_denominator,wilmington-compstat-v2,validated
weekly-2026-09-20-r1,weekly_compstat,2026-09-14,2026-09-20,1,224441568f81ffe637b2bd2710d43d6899f14c5913e83b684efe2ba6fca9d029,15,district,district_11,District 11,juvenile_shooting_incidents,*Juv Shooting Incidents,year_to_date,percent_change,percent,2026,2024,2,,,*,,not_checkable,,undefined_zero_denominator,wilmington-compstat-v2,validated
weekly-2026-09-20-r1,weekly_compstat,2026-09-14,2026-09-20,1,224441568f81ffe637b2bd2710d43d6899f14c5913e83b684efe2ba6fca9d029,15,district,district_11,District 11,juvenile_shooting_incidents,*Juv Shooting Incidents,year_to_date,percent_change,percent,2026,2023,3,0.0,0.0,0%,,not_checkable,,,wilmington-compstat-v2,validated
weekly-2026-09-20-r1,weekly_compstat,2026-09-14,2026-09-20,1,224441568f81ffe637b2bd2710d43d6899f14c5913e83b684efe2ba6fca9d029,15,district,district_11,District 11,juvenile_shooting_incidents,*Juv Shooting Incidents,year_to_date,percent_change,percent,2026,2022,4,100.0,1.0,100%,,not_checkable,,,wilmington-compstat-v2,validated
weekly-2026-09-20-r1,weekly_compstat,2026-09-14,2026-09-20,1,224441568f81ffe637b2bd2710d43d6899f14c5913e83b684efe2ba6fca9d029,15,district,district_11,District 11,juvenile_shooting_incidents,*Juv Shooting Incidents,year_to_date,percent_change,percent,2026,2021,5,0.0,0.0,0%,,not_checkable,,,wilmington-compstat-v2,validated
weekly-2026-09-20-r1,weekly_compstat,2026-09-14,2026-09-20,1,224441568f81ffe637b2bd2710d43d6899f14c5913e83b684efe2ba6fca9d029,15,district,district_11,District 11,juvenile_shooting_incidents,*Juv Shooting Incidents,year_to_date,percent_change,percent,2026,2020,6,-71.0,-0.71,-71%,,not_checkable,,,wilmington-compstat-v2,validated
weekly-2026-09-20-r1,weekly_compstat,2026-09-14,2026-09-20,1,224441568f81ffe637b2bd2710d43d6899f14c5913e83b684efe2ba6fca9d029,15,district,district_11,District 11,juvenile_shooting_victims,*Juv Shooting Victims,last_7_days,count,count,2026,,,0,,0,,not_applicable,,,wilmington-compstat-v2,validated
weekly-2026-09-20-r1,weekly_compstat,2026-09-14,2026-09-20,1,224441568f81ffe637b2bd2710d43d6899f14c5913e83b684efe2ba6fca9d029,15,district,district_11,District 11,juvenile_shooting_victims,*Juv Shooting Victims,last_7_days,count,count,2025,,,0,,0,,not_applicable,,,wilmington-compstat-v2,validated
weekly-2026-09-20-r1,weekly_compstat,2026-09-14,2026-09-20,1,224441568f81ffe637b2bd2710d43d6899f14c5913e83b684efe2ba6fca9d029,15,district,district_11,District 11,juvenile_shooting_victims,*Juv Shooting Victims,last_7_days,percent_change,percent,2026,2025,1,,,*,,undefined_zero_denominator,,undefined_zero_denominator,wilmington-compstat-v2,validated
weekly-2026-09-20-r1,weekly_compstat,2026-09-14,2026-09-20,1,224441568f81ffe637b2bd2710d43d6899f14c5913e83b684efe2ba6fca9d029,15,district,district_11,District 11,juvenile_shooting_victims,*Juv Shooting Victims,last_28_days,count,count,2026,,,0,,0,,not_applicable,,,wilmington-compstat-v2,validated
weekly-2026-09-20-r1,weekly_compstat,2026-09-14,2026-09-20,1,224441568f81ffe637b2bd2710d43d6899f14c5913e83b684efe2ba6fca9d029,15,district,district_11,District 11,juvenile_shooting_victims,*Juv Shooting Victims,last_28_days,count,count,2025,,,0,,0,,not_applicable,,,wilmington-compstat-v2,validated
weekly-2026-09-20-r1,weekly_compstat,2026-09-14,2026-09-20,1,224441568f81ffe637b2bd2710d43d6899f14c5913e83b684efe2ba6fca9d029,15,district,district_11,District 11,juvenile_shooting_victims,*Juv Shooting Victims,last_28_days,percent_change,percent,2026,2025,1,,,*,,undefined_zero_denominator,,undefined_zero_denominator,wilmington-compstat-v2,validated
weekly-2026-09-20-r1,weekly_compstat,2026-09-14,2026-09-20,1,224441568f81ffe637b2bd2710d43d6899f14c5913e83b684efe2ba6fca9d029,15,district,district_11,District 11,juvenile_shooting_victims,*Juv Shooting Victims,year_to_date,count,count,2026,,,2,,2,,not_applicable,,,wilmington-compstat-v2,validated
weekly-2026-09-20-r1,weekly_compstat,2026-09-14,2026-09-20,1,224441568f81ffe637b2bd2710d43d6899f14c5913e83b684efe2ba6fca9d029,15,district,district_11,District 11,juvenile_shooting_victims,*Juv Shooting Victims,year_to_date,count,count,2025,,,0,,0,,not_applicable,,,wilmington-compstat-v2,validated
weekly-2026-09-20-r1,weekly_compstat,2026-09-14,2026-09-20,1,224441568f81ffe637b2bd2710d43d6899f14c5913e83b684efe2ba6fca9d029,15,district,district_11,District 11,juvenile_shooting_victims,*Juv Shooting Victims,year_to_date,percent_change,percent,2026,2025,1,,,*,,undefined_zero_denominator,,undefined_zero_denominator,wilmington-compstat-v2,validated
weekly-2026-09-20-r1,weekly_compstat,2026-09-14,2026-09-20,1,224441568f81ffe637b2bd2710d43d6899f14c5913e83b684efe2ba6fca9d029,15,district,district_11,District 11,juvenile_shooting_victims,*Juv Shooting Victims,year_to_date,percent_change,percent,2026,2024,2,,,*,,not_checkable,,undefined_zero_denominator,wilmington-compstat-v2,validated
weekly-2026-09-20-r1,weekly_compstat,2026-09-14,2026-09-20,1,224441568f81ffe637b2bd2710d43d6899f14c5913e83b684efe2ba6fca9d029,15,district,district_11,District 11,juvenile_shooting_victims,*Juv Shooting Victims,year_to_date,percent_change,percent,2026,2023,3,-33.0,-0.33,-33%,,not_checkable,,,wilmington-compstat-v2,validated
weekly-2026-09-20-r1,weekly_compstat,2026-09-14,2026-09-20,1,224441568f81ffe637b2bd2710d43d6899f14c5913e83b684efe2ba6fca9d029,15,district,district_11,District 11,juvenile_shooting_victims,*Juv Shooting Victims,year_to_date,percent_change,percent,2026,2022,4,0.0,0.0,0%,,not_checkable,,,wilmington-compstat-v2,validated
weekly-2026-09-20-r1,weekly_compstat,2026-09-14,2026-09-20,1,224441568f81ffe637b2bd2710d43d6899f14c5913e83b684efe2ba6fca9d029,15,district,district_11,District 11,juvenile_shooting_victims,*Juv Shooting Victims,year_to_date,percent_change,percent,2026,2021,5,0.0,0.0,0%,,not_checkable,,,wilmington-compstat-v2,validated
weekly-2026-09-20-r1,weekly_compstat,2026-09-14,2026-09-20,1,224441568f81ffe637b2bd2710d43d6899f14c5913e83b684efe2ba6fca9d029,15,district,district_11,District 11,juvenile_shooting_victims,*Juv Shooting Victims,year_to_date,percent_change,percent,2026,2020,6,-82.0,-0.82,-82%,,not_checkable,,,wilmington-compstat-v2,validated
weekly-2026-09-20-r1,weekly_compstat,2026-09-14,2026-09-20,1,224441568f81ffe637b2bd2710d43d6899f14c5913e83b684efe2ba6fca9d029,15,district,district_11,District 11,misdemeanor_theft,Theft (Misdemeanor),last_7_days,count,count,2026,,,2,,2,,not_applicable,,,wilmington-compstat-v2,validated
weekly-2026-09-20-r1,weekly_compstat,2026-09-14,2026-09-20,1,224441568f81ffe637b2bd2710d43d6899f14c5913e83b684efe2ba6fca9d029,15,district,district_11,District 11,misdemeanor_theft,Theft (Misdemeanor),last_7_days,count,count,2025,,,4,,4,,not_applicable,,,wilmington-compstat-v2,validated
weekly-2026-09-20-r1,weekly_compstat,2026-09-14,2026-09-20,1,224441568f81ffe637b2bd2710d43d6899f14c5913e83b684efe2ba6fca9d029,15,district,district_11,District 11,misdemeanor_theft,Theft (Misdemeanor),last_7_days,percent_change,percent,2026,2025,1,-50.0,-0.5,-50%,-50.0,matched,,,wilmington-compstat-v2,validated
weekly-2026-09-20-r1,weekly_compstat,2026-09-14,2026-09-20,1,224441568f81ffe637b2bd2710d43d6899f14c5913e83b684efe2ba6fca9d029,15,district,district_11,District 11,misdemeanor_theft,Theft (Misdemeanor),last_28_days,count,count,2026,,,15,,15,,not_applicable,,,wilmington-compstat-v2,validated
weekly-2026-09-20-r1,weekly_compstat,2026-09-14,2026-09-20,1,224441568f81ffe637b2bd2710d43d6899f14c5913e83b684efe2ba6fca9d029,15,district,district_11,District 11,misdemeanor_theft,Theft (Misdemeanor),last_28_days,count,count,2025,,,15,,15,,not_applicable,,,wilmington-compstat-v2,validated
weekly-2026-09-20-r1,weekly_compstat,2026-09-14,2026-09-20,1,224441568f81ffe637b2bd2710d43d6899f14c5913e83b684efe2ba6fca9d029,15,district,district_11,District 11,misdemeanor_theft,Theft (Misdemeanor),last_28_days,percent_change,percent,2026,2025,1,0.0,0.0,0%,0.0,matched,,,wilmington-compstat-v2,validated
weekly-2026-09-20-r1,weekly_compstat,2026-09-14,2026-09-20,1,224441568f81ffe637b2bd2710d43d6899f14c5913e83b684efe2ba6fca9d029,15,district,district_11,District 11,misdemeanor_theft,Theft (Misdemeanor),year_to_date,count,count,2026,,,91,,91,,not_applicable,,,wilmington-compstat-v2,validated
weekly-2026-09-20-r1,weekly_compstat,2026-09-14,2026-09-20,1,224441568f81ffe637b2bd2710d43d6899f14c5913e83b684efe2ba6fca9d029,15,district,district_11,District 11,misdemeanor_theft,Theft (Misdemeanor),year_to_date,count,count,2025,,,87,,87,,not_applicable,,,wilmington-compstat-v2,validated
weekly-2026-09-20-r1,weekly_compstat,2026-09-14,2026-09-20,1,224441568f81ffe637b2bd2710d43d6899f14c5913e83b684efe2ba6fca9d029,15,district,district_11,District 11,misdemeanor_theft,Theft (Misdemeanor),year_to_date,percent_change,percent,2026,2025,1,5.0,0.05,5%,4.597701,matched,,,wilmington-compstat-v2,validated
weekly-2026-09-20-r1,weekly_compstat,2026-09-14,2026-09-20,1,224441568f81ffe637b2bd2710d43d6899f14c5913e83b684efe2ba6fca9d029,15,district,district_11,District 11,misdemeanor_theft,Theft (Misdemeanor),year_to_date,percent_change,percent,2026,2024,2,1.0,0.01,1%,,not_checkable,,,wilmington-compstat-v2,validated
weekly-2026-09-20-r1,weekly_compstat,2026-09-14,2026-09-20,1,224441568f81ffe637b2bd2710d43d6899f14c5913e83b684efe2ba6fca9d029,15,district,district_11,District 11,misdemeanor_theft,Theft (Misdemeanor),year_to_date,percent_change,percent,2026,2023,3,10.0,0.1,10%,,not_checkable,,,wilmington-compstat-v2,validated
weekly-2026-09-20-r1,weekly_compstat,2026-09-14,2026-09-20,1,224441568f81ffe637b2bd2710d43d6899f14c5913e83b684efe2ba6fca9d029,15,district,district_11,District 11,misdemeanor_theft,Theft (Misdemeanor),year_to_date,percent_change,percent,2026,2022,4,8.0,0.08,8%,,not_checkable,,,wilmington-compstat-v2,validated
weekly-2026-09-20-r1,weekly_compstat,2026-09-14,2026-09-20,1,224441568f81ffe637b2bd2710d43d6899f14c5913e83b684efe2ba6fca9d029,15,district,district_11,District 11,misdemeanor_theft,Theft (Misdemeanor),year_to_date,percent_change,percent,2026,2021,5,23.0,0.23,23%,,not_checkable,,,wilmington-compstat-v2,validated
weekly-2026-09-20-r1,weekly_compstat,2026-09-14,2026-09-20,1,224441568f81ffe637b2bd2710d43d6899f14c5913e83b684efe2ba6fca9d029,15,district,district_11,District 11,misdemeanor_theft,Theft (Misdemeanor),year_to_date,percent_change,percent,2026,2020,6,1.0,0.01,1%,,not_checkable,,,wilmington-compstat-v2,validated
weekly-2026-09-20-r1,weekly_compstat,2026-09-14,2026-09-20,1,224441568f81ffe637b2bd2710d43d6899f14c5913e83b684efe2ba6fca9d029,17,district,district_16,District 16,murder,Murder,last_7_days,count,count,2026,,,1,,1,,not_applicable,,,wilmington-compstat-v2,validated
weekly-2026-09-20-r1,weekly_compstat,2026-09-14,2026-09-20,1,224441568f81ffe637b2bd2710d43d6899f14c5913e83b684efe2ba6fca9d029,17,district,district_16,District 16,murder,Murder,last_7_days,count,count,2025,,,0,,0,,not_applicable,,,wilmington-compstat-v2,validated
weekly-2026-09-20-r1,weekly_compstat,2026-09-14,2026-09-20,1,224441568f81ffe637b2bd2710d43d6899f14c5913e83b684efe2ba6fca9d029,17,district,district_16,District 16,murder,Murder,last_7_days,percent_change,percent,2026,2025,1,,,*,,undefined_zero_denominator,,undefined_zero_denominator,wilmington-compstat-v2,validated
weekly-2026-09-20-r1,weekly_compstat,2026-09-14,2026-09-20,1,224441568f81ffe637b2bd2710d43d6899f14c5913e83b684efe2ba6fca9d029,17,district,district_16,District 16,murder,Murder,last_28_days,count,count,2026,,,1,,1,,not_applicable,,,wilmington-compstat-v2,validated
weekly-2026-09-20-r1,weekly_compstat,2026-09-14,2026-09-20,1,224441568f81ffe637b2bd2710d43d6899f14c5913e83b684efe2ba6fca9d029,17,district,district_16,District 16,murder,Murder,last_28_days,count,count,2025,,,0,,0,,not_applicable,,,wilmington-compstat-v2,validated
weekly-2026-09-20-r1,weekly_compstat,2026-09-14,2026-09-20,1,224441568f81ffe637b2bd2710d43d6899f14c5913e83b684efe2ba6fca9d029,17,district,district_16,District 16,murder,Murder,last_28_days,percent_change,percent,2026,2025,1,,,*,,undefined_zero_denominator,,undefined_zero_denominator,wilmington-compstat-v2,validated
weekly-2026-09-20-r1,weekly_compstat,2026-09-14,2026-09-20,1,224441568f81ffe637b2bd2710d43d6899f14c5913e83b684efe2ba6fca9d029,17,district,district_16,District 16,murder,Murder,year_to_date,count,count,2026,,,5,,5,,not_applicable,,,wilmington-compstat-v2,validated
weekly-2026-09-20-r1,weekly_compstat,2026-09-14,2026-09-20,1,224441568f81ffe637b2bd2710d43d6899f14c5913e83b684efe2ba6fca9d029,17,district,district_16,District 16,murder,Murder,year_to_date,count,count,2025,,,3,,3,,not_applicable,,,wilmington-compstat-v2,validated
weekly-2026-09-20-r1,weekly_compstat,2026-09-14,2026-09-20,1,224441568f81ffe637b2bd2710d43d6899f14c5913e83b684efe2ba6fca9d029,17,district,district_16,District 16,murder,Murder,year_to_date,percent_change,percent,2026,2025,1,67.0,0.67,67%,66.666667,matched,,,wilmington-compstat-v2,validated
weekly-2026-09-20-r1,weekly_compstat,2026-09-14,2026-09-20,1,224441568f81ffe637b2bd2710d43d6899f14c5913e83b684efe2ba6fca9d029,17,district,district_16,District 16,murder,Murder,year_to_date,percent_change,percent,2026,2024,2,150.0,1.5,150%,,not_checkable,,,wilmington-compstat-v2,validated
weekly-2026-09-20-r1,weekly_compstat,2026-09-14,2026-09-20,1,224441568f81ffe637b2bd2710d43d6899f14c5913e83b684efe2ba6fca9d029,17,district,district_16,District 16,murder,Murder,year_to_date,percent_change,percent,2026,2023,3,,,*,,not_checkable,,undefined_zero_denominator,wilmington-compstat-v2,validated
weekly-2026-09-20-r1,weekly_compstat,2026-09-14,2026-09-20,1,224441568f81ffe637b2bd2710d43d6899f14c5913e83b684efe2ba6fca9d029,17,district,district_16,District 16,murder,Murder,year_to_date,percent_change,percent,2026,2022,4,67.0,0.67,67%,,not_checkable,,,wilmington-compstat-v2,validated
weekly-2026-09-20-r1,weekly_compstat,2026-09-14,2026-09-20,1,224441568f81ffe637b2bd2710d43d6899f14c5913e83b684efe2ba6fca9d029,17,district,district_16,District 16,murder,Murder,year_to_date,percent_change,percent,2026,2021,5,67.0,0.67,67%,,not_checkable,,,wilmington-compstat-v2,validated
weekly-2026-09-20-r1,weekly_compstat,2026-09-14,2026-09-20,1,224441568f81ffe637b2bd2710d43d6899f14c5913e83b684efe2ba6fca9d029,17,district,district_16,District 16,murder,Murder,year_to_date,percent_change,percent,2026,2020,6,25.0,0.25,25%,,not_checkable,,,wilmington-compstat-v2,validated
weekly-2026-09-20-r1,weekly_compstat,2026-09-14,2026-09-20,1,224441568f81ffe637b2bd2710d43d6899f14c5913e83b684efe2ba6fca9d029,17,district,district_16,District 16,rape,Rape,last_7_days,count,count,2026,,,0,,0,,not_applicable,,,wilmington-compstat-v2,validated
weekly-2026-09-20-r1,weekly_compstat,2026-09-14,2026-09-20,1,224441568f81ffe637b2bd2710d43d6899f14c5913e83b684efe2ba6fca9d029,17,district,district_16,District 16,rape,Rape,last_7_days,count,count,2025,,,0,,0,,not_applicable,,,wilmington-compstat-v2,validated
weekly-2026-09-20-r1,weekly_compstat,2026-09-14,2026-09-20,1,224441568f81ffe637b2bd2710d43d6899f14c5913e83b684efe2ba6fca9d029,17,district,district_16,District 16,rape,Rape,last_7_days,percent_change,percent,2026,2025,1,,,*,,undefined_zero_denominator,,undefined_zero_denominator,wilmington-compstat-v2,validated
weekly-2026-09-20-r1,weekly_compstat,2026-09-14,2026-09-20,1,224441568f81ffe637b2bd2710d43d6899f14c5913e83b684efe2ba6fca9d029,17,district,district_16,District 16,rape,Rape,last_28_days,count,count,2026,,,0,,0,,not_applicable,,,wilmington-compstat-v2,validated
weekly-2026-09-20-r1,weekly_compstat,2026-09-14,2026-09-20,1,224441568f81ffe637b2bd2710d43d6899f14c5913e83b684efe2ba6fca9d029,17,district,district_16,District 16,rape,Rape,last_28_days,count,count,2025,,,0,,0,,not_applicable,,,wilmington-compstat-v2,validated
weekly-2026-09-20-r1,weekly_compstat,2026-09-14,2026-09-20,1,224441568f81ffe637b2bd2710d43d6899f14c5913e83b684efe2ba6fca9d029,17,district,district_16,District 16,rape,Rape,last_28_days,percent_change,percent,2026,2025,1,,,*,,undefined_zero_denominator,,undefined_zero_denominator,wilmington-compstat-v2,validated
weekly-2026-09-20-r1,weekly_compstat,2026-09-14,2026-09-20,1,224441568f81ffe637b2bd2710d43d6899f14c5913e83b684efe2ba6fca9d029,17,district,district_16,District 16,rape,Rape,year_to_date,count,count,2026,,,0,,0,,not_applicable,,,wilmington-compstat-v2,validated
weekly-2026-09-20-r1,weekly_compstat,2026-09-14,2026-09-20,1,224441568f81ffe637b2bd2710d43d6899f14c5913e83b684efe2ba6fca9d029,17,district,district_16,District 16,rape,Rape,year_to_date,count,count,2025,,,0,,0,,not_applicable,,,wilmington-compstat-v2,validated
weekly-2026-09-20-r1,weekly_compstat,2026-09-14,2026-09-20,1,224441568f81ffe637b2bd2710d43d6899f14c5913e83b684efe2ba6fca9d029,17,district,district_16,District 16,rape,Rape,year_to_date,percent_change,percent,2026,2025,1,,,*,,undefined_zero_denominator,,undefined_zero_denominator,wilmington-compstat-v2,validated
weekly-2026-09-20-r1,weekly_compstat,2026-09-14,2026-09-20,1,224441568f81ffe637b2bd2710d43d6899f14c5913e83b684efe2ba6fca9d029,17,district,district_16,District 16,rape,Rape,year_to_date,percent_change,percent,2026,2024,2,,,*,,not_checkable,,undefined_zero_denominator,wilmington-compstat-v2,validated
weekly-2026-09-20-r1,weekly_compstat,2026-09-14,2026-09-20,1,224441568f81ffe637b2bd2710d43d6899f14c5913e83b684efe2ba6fca9d029,17,district,district_16,District 16,rape,Rape,year_to_date,percent_change,percent,2026,2023,3,,,*,,not_checkable,,undefined_zero_denominator,wilmington-compstat-v2,validated
weekly-2026-09-20-r1,weekly_compstat,2026-09-14,2026-09-20,1,224441568f81ffe637b2bd2710d43d6899f14c5913e83b684efe2ba6fca9d029,17,district,district_16,District 16,rape,Rape,year_to_date,percent_change,percent,2026,2022,4,,,*,,not_checkable,,undefined_zero_denominator,wilmington-compstat-v2,validated
weekly-2026-09-20-r1,weekly_compstat,2026-09-14,2026-09-20,1,224441568f81ffe637b2bd2710d43d6899f14c5913e83b684efe2ba6fca9d029,17,district,district_16,District 16,rape,Rape,year_to_date,percent_change,percent,2026,2021,5,-100.0,-1.0,-100%,,not_checkable,,,wilmington-compstat-v2,validated
weekly-2026-09-20-r1,weekly_compstat,2026-09-14,2026-09-20,1,224441568f81ffe637b2bd2710d43d6899f14c5913e83b684efe2ba6fca9d029,17,district,district_16,District 16,rape,Rape,year_to_date,percent_change,percent,2026,2020,6,-100.0,-1.0,-100%,,not_checkable,,,wilmington-compstat-v2,validated
weekly-2026-09-20-r1,weekly_compstat,2026-09-14,2026-09-20,1,224441568f81ffe637b2bd2710d43d6899f14c5913e83b684efe2ba6fca9d029,17,district,district_16,District 16,robbery,Robbery,last_7_days,count,count,2026,,,0,,0,,not_applicable,,,wilmington-compstat-v2,validated
weekly-2026-09-20-r1,weekly_compstat,2026-09-14,2026-09-20,1,224441568f81ffe637b2bd2710d43d6899f14c5913e83b684efe2ba6fca9d029,17,district,district_16,District 16,robbery,Robbery,last_7_days,count,count,2025,,,0,,0,,not_applicable,,,wilmington-compstat-v2,validated
weekly-2026-09-20-r1,weekly_compstat,2026-09-14,2026-09-20,1,224441568f81ffe637b2bd2710d43d6899f14c5913e83b684efe2ba6fca9d029,17,district,district_16,District 16,robbery,Robbery,last_7_days,percent_change,percent,2026,2025,1,,,*,,undefined_zero_denominator,,undefined_zero_denominator,wilmington-compstat-v2,validated
weekly-2026-09-20-r1,weekly_compstat,2026-09-14,2026-09-20,1,224441568f81ffe637b2bd2710d43d6899f14c5913e83b684efe2ba6fca9d029,17,district,district_16,District 16,robbery,Robbery,last_28_days,count,count,2026,,,4,,4,,not_applicable,,,wilmington-compstat-v2,validated
weekly-2026-09-20-r1,weekly_compstat,2026-09-14,2026-09-20,1,224441568f81ffe637b2bd2710d43d6899f14c5913e83b684efe2ba6fca9d029,17,district,district_16,District 16,robbery,Robbery,last_28_days,count,count,2025,,,2,,2,,not_applicable,,,wilmington-compstat-v2,validated
weekly-2026-09-20-r1,weekly_compstat,2026-09-14,2026-09-20,1,224441568f81ffe637b2bd2710d43d6899f14c5913e83b684efe2ba6fca9d029,17,district,district_16,District 16,robbery,Robbery,last_28_days,percent_change,percent,2026,2025,1,100.0,1.0,100%,100.0,matched,,,wilmington-compstat-v2,validated
weekly-2026-09-20-r1,weekly_compstat,2026-09-14,2026-09-20,1,224441568f81ffe637b2bd2710d43d6899f14c5913e83b684efe2ba6fca9d029,17,district,district_16,District 16,robbery,Robbery,year_to_date,count,count,2026,,,39,,39,,not_applicable,,,wilmington-compstat-v2,validated
weekly-2026-09-20-r1,weekly_compstat,2026-09-14,2026-09-20,1,224441568f81ffe637b2bd2710d43d6899f14c5913e83b684efe2ba6fca9d029,17,district,district_16,District 16,robbery,Robbery,year_to_date,count,count,2025,,,35,,35,,not_applicable,,,wilmington-compstat-v2,validated
weekly-2026-09-20-r1,weekly_compstat,2026-09-14,2026-09-20,1,224441568f81ffe637b2bd2710d43d6899f14c5913e83b684efe2ba6fca9d029,17,district,district_16,District 16,robbery,Robbery,year_to_date,percent_change,percent,2026,2025,1,11.0,0.11,11%,11.428571,matched,,,wilmington-compstat-v2,validated
weekly-2026-09-20-r1,weekly_compstat,2026-09-14,2026-09-20,1,224441568f81ffe637b2bd2710d43d6899f14c5913e83b684efe2ba6fca9d029,17,district,district_16,District 16,robbery,Robbery,year_to_date,percent_change,percent,2026,2024,2,8.0,0.08,8%,,not_checkable,,,wilmington-compstat-v2,validated
weekly-2026-09-20-r1,weekly_compstat,2026-09-14,2026-09-20,1,224441568f81ffe637b2bd2710d43d6899f14c5913e83b684efe2ba6fca9d029,17,district,district_16,District 16,robbery,Robbery,year_to_date,percent_change,percent,2026,2023,3,-9.0,-0.09,-9%,,not_checkable,,,wilmington-compstat-v2,validated
weekly-2026-09-20-r1,weekly_compstat,2026-09-14,2026-09-20,1,224441568f81ffe637b2bd2710d43d6899f14c5913e83b684efe2ba6fca9d029,17,district,district_16,District 16,robbery,Robbery,year_to_date,percent_change,percent,2026,2022,4,22.0,0.22,22%,,not_checkable,,,wilmington-compstat-v2,validated
weekly-2026-09-20-r1,weekly_compstat,2026-09-14,2026-09-20,1,224441568f81ffe637b2bd2710d43d6899f14c5913e83b684efe2ba6fca9d029,17,district,district_16,District 16,robbery,Robbery,year_to_date,percent_change,percent,2026,2021,5,86.0,0.86,86%,,not_checkable,,,wilmington-compstat-v2,validated
weekly-2026-09-20-r1,weekly_compstat,2026-09-14,2026-09-20,1,224441568f81ffe637b2bd2710d43d6899f14c5913e83b684efe2ba6fca9d029,17,district,district_16,District 16,robbery,Robbery,year_to_date,percent_change,percent,2026,2020,6,18.0,0.18,18%,,not_checkable,,,wilmington-compstat-v2,validated
weekly-2026-09-20-r1,weekly_compstat,2026-09-14,2026-09-20,1,224441568f81ffe637b2bd2710d43d6899f14c5913e83b684efe2ba6fca9d029,17,district,district_16,District 16,aggravated_assault,Agg. Assault,last_7_days,count,count,2026,,,0,,0,,not_applicable,,,wilmington-compstat-v2,validated
weekly-2026-09-20-r1,weekly_compstat,2026-09-14,2026-09-20,1,224441568f81ffe637b2bd2710d43d6899f14c5913e83b684efe2ba6fca9d029,17,district,district_16,District 16,aggravated_assault,Agg. Assault,last_7_days,count,count,2025,,,2,,2,,not_applicable,,,wilmington-compstat-v2,validated
weekly-2026-09-20-r1,weekly_compstat,2026-09-14,2026-09-20,1,224441568f81ffe637b2bd2710d43d6899f14c5913e83b684efe2ba6fca9d029,17,district,district_16,District 16,aggravated_assault,Agg. Assault,last_7_days,percent_change,percent,2026,2025,1,-100.0,-1.0,-100%,-100.0,matched,,,wilmington-compstat-v2,validated
weekly-2026-09-20-r1,weekly_compstat,2026-09-14,2026-09-20,1,224441568f81ffe637b2bd2710d43d6899f14c5913e83b684efe2ba6fca9d029,17,district,district_16,District 16,aggravated_assault,Agg. Assault,last_28_days,count,count,2026,,,7,,7,,not_applicable,,,wilmington-compstat-v2,validated
weekly-2026-09-20-r1,weekly_compstat,2026-09-14,2026-09-20,1,224441568f81ffe637b2bd2710d43d6899f14c5913e83b684efe2ba6fca9d029,17,district,district_16,District 16,aggravated_assault,Agg. Assault,last_28_days,count,count,2025,,,10,,10,,not_applicable,,,wilmington-compstat-v2,validated
weekly-2026-09-20-r1,weekly_compstat,2026-09-14,2026-09-20,1,224441568f81ffe637b2bd2710d43d6899f14c5913e83b684efe2ba6fca9d029,17,district,district_16,District 16,aggravated_assault,Agg. Assault,last_28_days,percent_change,percent,2026,2025,1,-30.0,-0.3,-30%,-30.0,matched,,,wilmington-compstat-v2,validated
weekly-2026-09-20-r1,weekly_compstat,2026-09-14,2026-09-20,1,224441568f81ffe637b2bd2710d43d6899f14c5913e83b684efe2ba6fca9d029,17,district,district_16,District 16,aggravated_assault,Agg. Assault,year_to_date,count,count,2026,,,53,,53,,not_applicable,,,wilmington-compstat-v2,validated
weekly-2026-09-20-r1,weekly_compstat,2026-09-14,2026-09-20,1,224441568f81ffe637b2bd2710d43d6899f14c5913e83b684efe2ba6fca9d029,17,district,district_16,District 16,aggravated_assault,Agg. Assault,year_to_date,count,count,2025,,,47,,47,,not_applicable,,,wilmington-compstat-v2,validated
weekly-2026-09-20-r1,weekly_compstat,2026-09-14,2026-09-20,1,224441568f81ffe637b2bd2710d43d6899f14c5913e83b684efe2ba6fca9d029,17,district,district_16,District 16,aggravated_assault,Agg. Assault,year_to_date,percent_change,percent,2026,2025,1,13.0,0.13,13%,12.765957,matched,,,wilmington-compstat-v2,validated
weekly-2026-09-20-r1,weekly_compstat,2026-09-14,2026-09-20,1,224441568f81ffe637b2bd2710d43d6899f14c5913e83b684efe2ba6fca9d029,17,district,district_16,District 16,aggravated_assault,Agg. Assault,year_to_date,percent_change,percent,2026,2024,2,6.0,0.06,6%,,not_checkable,,,wilmington-compstat-v2,validated
weekly-2026-09-20-r1,weekly_compstat,2026-09-14,2026-09-20,1,224441568f81ffe637b2bd2710d43d6899f14c5913e83b684efe2ba6fca9d029,17,district,district_16,District 16,aggravated_assault,Agg. Assault,year_to_date,percent_change,percent,2026,2023,3,-24.0,-0.24,-24%,,not_checkable,,,wilmington-compstat-v2,validated
weekly-2026-09-20-r1,weekly_compstat,2026-09-14,2026-09-20,1,224441568f81ffe637b2bd2710d43d6899f14c5913e83b684efe2ba6fca9d029,17,district,district_16,District 16,aggravated_assault,Agg. Assault,year_to_date,percent_change,percent,2026,2022,4,-4.0,-0.04,-4%,,not_checkable,,,wilmington-compstat-v2,validated
weekly-2026-09-20-r1,weekly_compstat,2026-09-14,2026-09-20,1,224441568f81ffe637b2bd2710d43d6899f14c5913e83b684efe2ba6fca9d029,17,district,district_16,District 16,aggravated_assault,Agg. Assault,year_to_date,percent_change,percent,2026,2021,5,-13.0,-0.13,-13%,,not_checkable,,,wilmington-compstat-v2,validated
weekly-2026-09-20-r1,weekly_compstat,2026-09-14,2026-09-20,1,224441568f81ffe637b2bd2710d43d6899f14c5913e83b684efe2ba6fca9d029,17,district,district_16,District 16,aggravated_assault,Agg. Assault,year_to_date,percent_change,percent,2026,2020,6,-2.0,-0.02,-2%,,not_checkable,,,wilmington-compstat-v2,validated
weekly-2026-09-20-r1,weekly_compstat,2026-09-14,2026-09-20,1,224441568f81ffe637b2bd2710d43d6899f14c5913e83b684efe2ba6fca9d029,17,district,district_16,District 16,burglary,Burglary,last_7_days,count,count,2026,,,0,,0,,not_applicable,,,wilmington-compstat-v2,validated
weekly-2026-09-20-r1,weekly_compstat,2026-09-14,2026-09-20,1,224441568f81ffe637b2bd2710d43d6899f14c5913e83b684efe2ba6fca9d029,17,district,district_16,District 16,burglary,Burglary,last_7_days,count,count,2025,,,0,,0,,not_applicable,,,wilmington-compstat-v2,validated
weekly-2026-09-20-r1,weekly_compstat,2026-09-14,2026-09-20,1,224441568f81ffe637b2bd2710d43d6899f14c5913e83b684efe2ba6fca9d029,17,district,district_16,District 16,burglary,Burglary,last_7_days,percent_change,percent,2026,2025,1,,,*,,undefined_zero_denominator,,undefined_zero_denominator,wilmington-compstat-v2,validated
weekly-2026-09-20-r1,weekly_compstat,2026-09-14,2026-09-20,1,224441568f81ffe637b2bd2710d43d6899f14c5913e83b684efe2ba6fca9d029,17,district,district_16,District 16,burglary,Burglary,last_28_days,count,count,2026,,,1,,1,,not_applicable,,,wilmington-compstat-v2,validated
weekly-2026-09-20-r1,weekly_compstat,2026-09-14,2026-09-20,1,224441568f81ffe637b2bd2710d43d6899f14c5913e83b684efe2ba6fca9d029,17,district,district_16,District 16,burglary,Burglary,last_28_days,count,count,2025,,,0,,0,,not_applicable,,,wilmington-compstat-v2,validated
weekly-2026-09-20-r1,weekly_compstat,2026-09-14,2026-09-20,1,224441568f81ffe637b2bd2710d43d6899f14c5913e83b684efe2ba6fca9d029,17,district,district_16,District 16,burglary,Burglary,last_28_days,percent_change,percent,2026,2025,1,,,*,,undefined_zero_denominator,,undefined_zero_denominator,wilmington-compstat-v2,validated
weekly-2026-09-20-r1,weekly_compstat,2026-09-14,2026-09-20,1,224441568f81ffe637b2bd2710d43d6899f14c5913e83b684efe2ba6fca9d029,17,district,district_16,District 16,burglary,Burglary,year_to_date,count,count,2026,,,35,,35,,not_applicable,,,wilmington-compstat-v2,validated
weekly-2026-09-20-r1,weekly_compstat,2026-09-14,2026-09-20,1,224441568f81ffe637b2bd2710d43d6899f14c5913e83b684efe2ba6fca9d029,17,district,district_16,District 16,burglary,Burglary,year_to_date,count,count,2025,,,36,,36,,not_applicable,,,wilmington-compstat-v2,validated
weekly-2026-09-20-r1,weekly_compstat,2026-09-14,2026-09-20,1,224441568f81ffe637b2bd2710d43d6899f14c5913e83b684efe2ba6fca9d029,17,district,district_16,District 16,burglary,Burglary,year_to_date,percent_change,percent,2026,2025,1,-3.0,-0.03,-3%,-2.777778,matched,,,wilmington-compstat-v2,validated
weekly-2026-09-20-r1,weekly_compstat,2026-09-14,2026-09-20,1,224441568f81ffe637b2bd2710d43d6899f14c5913e83b684efe2ba6fca9d029,17,district,district_16,District 16,burglary,Burglary,year_to_date,percent_change,percent,2026,2024,2,-26.0,-0.26,-26%,,not_checkable,,,wilmington-compstat-v2,validated
weekly-2026-09-20-r1,weekly_compstat,2026-09-14,2026-09-20,1,224441568f81ffe637b2bd2710d43d6899f14c5913e83b684efe2ba6fca9d029,17,district,district_16,District 16,burglary,Burglary,year_to_date,percent_change,percent,2026,2023,3,-35.0,-0.35,-35%,,not_checkable,,,wilmington-compstat-v2,validated
weekly-2026-09-20-r1,weekly_compstat,2026-09-14,2026-09-20,1,224441568f81ffe637b2bd2710d43d6899f14c5913e83b684efe2ba6fca9d029,17,district,district_16,District 16,burglary,Burglary,year_to_date,percent_change,percent,2026,2022,4,-17.0,-0.17,-17%,,not_checkable,,,wilmington-compstat-v2,validated
weekly-2026-09-20-r1,weekly_compstat,2026-09-14,2026-09-20,1,224441568f81ffe637b2bd2710d43d6899f14c5913e83b684efe2ba6fca9d029,17,district,district_16,District 16,burglary,Burglary,year_to_date,percent_change,percent,2026,2021,5,-38.0,-0.38,-38%,,not_checkable,,,wilmington-compstat-v2,validated
weekly-2026-09-20-r1,weekly_compstat,2026-09-14,2026-09-20,1,224441568f81ffe637b2bd2710d43d6899f14c5913e83b684efe2ba6fca9d029,17,district,district_16,District 16,burglary,Burglary,year_to_date,percent_change,percent,2026,2020,6,-34.0,-0.34,-34%,,not_checkable,,,wilmington-compstat-v2,validated
weekly-2026-09-20-r1,weekly_compstat,2026-09-14,2026-09-20,1,224441568f81ffe637b2bd2710d43d6899f14c5913e83b684efe2ba6fca9d029,17,district,district_16,District 16,felony_theft,Felony Theft,last_7_days,count,count,2026,,,1,,1,,not_applicable,,,wilmington-compstat-v2,validated
weekly-2026-09-20-r1,weekly_compstat,2026-09-14,2026-09-20,1,224441568f81ffe637b2bd2710d43d6899f14c5913e83b684efe2ba6fca9d029,17,district,district_16,District 16,felony_theft,Felony Theft,last_7_days,count,count,2025,,,0,,0,,not_applicable,,,wilmington-compstat-v2,validated
weekly-2026-09-20-r1,weekly_compstat,2026-09-14,2026-09-20,1,224441568f81ffe637b2bd2710d43d6899f14c5913e83b684efe2ba6fca9d029,17,district,district_16,District 16,felony_theft,Felony Theft,last_7_days,percent_change,percent,2026,2025,1,,,*,,undefined_zero_denominator,,undefined_zero_denominator,wilmington-compstat-v2,validated
weekly-2026-09-20-r1,weekly_compstat,2026-09-14,2026-09-20,1,224441568f81ffe637b2bd2710d43d6899f14c5913e83b684efe2ba6fca9d029,17,district,district_16,District 16,felony_theft,Felony Theft,last_28_days,count,count,2026,,,5,,5,,not_applicable,,,wilmington-compstat-v2,validated
weekly-2026-09-20-r1,weekly_compstat,2026-09-14,2026-09-20,1,224441568f81ffe637b2bd2710d43d6899f14c5913e83b684efe2ba6fca9d029,17,district,district_16,District 16,felony_theft,Felony Theft,last_28_days,count,count,2025,,,2,,2,,not_applicable,,,wilmington-compstat-v2,validated
weekly-2026-09-20-r1,weekly_compstat,2026-09-14,2026-09-20,1,224441568f81ffe637b2bd2710d43d6899f14c5913e83b684efe2ba6fca9d029,17,district,district_16,District 16,felony_theft,Felony Theft,last_28_days,percent_change,percent,2026,2025,1,150.0,1.5,150%,150.0,matched,,,wilmington-compstat-v2,validated
weekly-2026-09-20-r1,weekly_compstat,2026-09-14,2026-09-20,1,224441568f81ffe637b2bd2710d43d6899f14c5913e83b684efe2ba6fca9d029,17,district,district_16,District 16,felony_theft,Felony Theft,year_to_date,count,count,2026,,,31,,31,,not_applicable,,,wilmington-compstat-v2,validated
weekly-2026-09-20-r1,weekly_compstat,2026-09-14,2026-09-20,1,224441568f81ffe637b2bd2710d43d6899f14c5913e83b684efe2ba6fca9d029,17,district,district_16,District 16,felony_theft,Felony Theft,year_to_date,count,count,2025,,,36,,36,,not_applicable,,,wilmington-compstat-v2,validated
weekly-2026-09-20-r1,weekly_compstat,2026-09-14,2026-09-20,1,224441568f81ffe637b2bd2710d43d6899f14c5913e83b684efe2ba6fca9d029,17,district,district_16,District 16,felony_theft,Felony Theft,year_to_date,percent_change,percent,2026,2025,1,-14.0,-0.14,-14%,-13.888889,matched,,,wilmington-compstat-v2,validated
weekly-2026-09-20-r1,weekly_compstat,2026-09-14,2026-09-20,1,224441568f81ffe637b2bd2710d43d6899f14c5913e83b684efe2ba6fca9d029,17,district,district_16,District 16,felony_theft,Felony Theft,year_to_date,percent_change,percent,2026,2024,2,-23.0,-0.23,-23%,,not_checkable,,,wilmington-compstat-v2,validated
weekly-2026-09-20-r1,weekly_compstat,2026-09-14,2026-09-20,1,224441568f81ffe637b2bd2710d43d6899f14c5913e83b684efe2ba6fca9d029,17,district,district_16,District 16,felony_theft,Felony Theft,year_to_date,percent_change,percent,2026,2023,3,-28.0,-0.28,-28%,,not_checkable,,,wilmington-compstat-v2,validated
weekly-2026-09-20-r1,weekly_compstat,2026-09-14,2026-09-20,1,224441568f81ffe637b2bd2710d43d6899f14c5913e83b684efe2ba6fca9d029,17,district,district_16,District 16,felony_theft,Felony Theft,year_to_date,percent_change,percent,2026,2022,4,-24.0,-0.24,-24%,,not_checkable,,,wilmington-compstat-v2,validated
weekly-2026-09-20-r1,weekly_compstat,2026-09-14,2026-09-20,1,224441568f81ffe637b2bd2710d43d6899f14c5913e83b684efe2ba6fca9d029,17,district,district_16,District 16,felony_theft,Felony Theft,year_to_date,percent_change,percent,2026,2021,5,0.0,0.0,0%,,not_checkable,,,wilmington-compstat-v2,validated
weekly-2026-09-20-r1,weekly_compstat,2026-09-14,2026-09-20,1,224441568f81ffe637b2bd2710d43d6899f14c5913e83b684efe2ba6fca9d029,17,district,district_16,District 16,felony_theft,Felony Theft,year_to_date,percent_change,percent,2026,2020,6,7.0,0.07,7%,,not_checkable,,,wilmington-compstat-v2,validated
weekly-2026-09-20-r1,weekly_compstat,2026-09-14,2026-09-20,1,224441568f81ffe637b2bd2710d43d6899f14c5913e83b684efe2ba6fca9d029,17,district,district_16,District 16,auto_theft,Auto Theft,last_7_days,count,count,2026,,,0,,0,,not_applicable,,,wilmington-compstat-v2,validated
weekly-2026-09-20-r1,weekly_compstat,2026-09-14,2026-09-20,1,224441568f81ffe637b2bd2710d43d6899f14c5913e83b684efe2ba6fca9d029,17,district,district_16,District 16,auto_theft,Auto Theft,last_7_days,count,count,2025,,,1,,1,,not_applicable,,,wilmington-compstat-v2,validated
weekly-2026-09-20-r1,weekly_compstat,2026-09-14,2026-09-20,1,224441568f81ffe637b2bd2710d43d6899f14c5913e83b684efe2ba6fca9d029,17,district,district_16,District 16,auto_theft,Auto Theft,last_7_days,percent_change,percent,2026,2025,1,-100.0,-1.0,-100%,-100.0,matched,,,wilmington-compstat-v2,validated
weekly-2026-09-20-r1,weekly_compstat,2026-09-14,2026-09-20,1,224441568f81ffe637b2bd2710d43d6899f14c5913e83b684efe2ba6fca9d029,17,district,district_16,District 16,auto_theft,Auto Theft,last_28_days,count,count,2026,,,3,,3,,not_applicable,,,wilmington-compstat-v2,validated
weekly-2026-09-20-r1,weekly_compstat,2026-09-14,2026-09-20,1,224441568f81ffe637b2bd2710d43d6899f14c5913e83b684efe2ba6fca9d029,17,district,district_16,District 16,auto_theft,Auto Theft,last_28_days,count,count,2025,,,3,,3,,not_applicable,,,wilmington-compstat-v2,validated
weekly-2026-09-20-r1,weekly_compstat,2026-09-14,2026-09-20,1,224441568f81ffe637b2bd2710d43d6899f14c5913e83b684efe2ba6fca9d029,17,district,district_16,District 16,auto_theft,Auto Theft,last_28_days,percent_change,percent,2026,2025,1,0.0,0.0,0%,0.0,matched,,,wilmington-compstat-v2,validated
weekly-2026-09-20-r1,weekly_compstat,2026-09-14,2026-09-20,1,224441568f81ffe637b2bd2710d43d6899f14c5913e83b684efe2ba6fca9d029,17,district,district_16,District 16,auto_theft,Auto Theft,year_to_date,count,count,2026,,,27,,27,,not_applicable,,,wilmington-compstat-v2,validated
weekly-2026-09-20-r1,weekly_compstat,2026-09-14,2026-09-20,1,224441568f81ffe637b2bd2710d43d6899f14c5913e83b684efe2ba6fca9d029,17,district,district_16,District 16,auto_theft,Auto Theft,year_to_date,count,count,2025,,,25,,25,,not_applicable,,,wilmington-compstat-v2,validated
weekly-2026-09-20-r1,weekly_compstat,2026-09-14,2026-09-20,1,224441568f81ffe637b2bd2710d43d6899f14c5913e83b684efe2ba6fca9d029,17,district,district_16,District 16,auto_theft,Auto Theft,year_to_date,percent_change,percent,2026,2025,1,8.0,0.08,8%,8.0,matched,,,wilmington-compstat-v2,validated
weekly-2026-09-20-r1,weekly_compstat,2026-09-14,2026-09-20,1,224441568f81ffe637b2bd2710d43d6899f14c5913e83b684efe2ba6fca9d029,17,district,district_16,District 16,auto_theft,Auto Theft,year_to_date,percent_change,percent,2026,2024,2,-29.0,-0.29,-29%,,not_checkable,,,wilmington-compstat-v2,validated
weekly-2026-09-20-r1,weekly_compstat,2026-09-14,2026-09-20,1,224441568f81ffe637b2bd2710d43d6899f14c5913e83b684efe2ba6fca9d029,17,district,district_16,District 16,auto_theft,Auto Theft,year_to_date,percent_change,percent,2026,2023,3,-43.0,-0.43,-43%,,not_checkable,,,wilmington-compstat-v2,validated
weekly-2026-09-20-r1,weekly_compstat,2026-09-14,2026-09-20,1,224441568f81ffe637b2bd2710d43d6899f14c5913e83b684efe2ba6fca9d029,17,district,district_16,District 16,auto_theft,Auto Theft,year_to_date,percent_change,percent,2026,2022,4,-13.0,-0.13,-13%,,not_checkable,,,wilmington-compstat-v2,validated
weekly-2026-09-20-r1,weekly_compstat,2026-09-14,2026-09-20,1,224441568f81ffe637b2bd2710d43d6899f14c5913e83b684efe2ba6fca9d029,17,district,district_16,District 16,auto_theft,Auto Theft,year_to_date,percent_change,percent,2026,2021,5,-39.0,-0.39,-39%,,not_checkable,,,wilmington-compstat-v2,validated
weekly-2026-09-20-r1,weekly_compstat,2026-09-14,2026-09-20,1,224441568f81ffe637b2bd2710d43d6899f14c5913e83b684efe2ba6fca9d029,17,district,district_16,District 16,auto_theft,Auto Theft,year_to_date,percent_change,percent,2026,2020,6,-23.0,-0.23,-23%,,not_checkable,,,wilmington-compstat-v2,validated
weekly-2026-09-20-r1,weekly_compstat,2026-09-14,2026-09-20,1,224441568f81ffe637b2bd2710d43d6899f14c5913e83b684efe2ba6fca9d029,17,district,district_16,District 16,major_crime_total,TOTAL,last_7_days,count,count,2026,,,2,,2,,not_applicable,,,wilmington-compstat-v2,validated
weekly-2026-09-20-r1,weekly_compstat,2026-09-14,2026-09-20,1,224441568f81ffe637b2bd2710d43d6899f14c5913e83b684efe2ba6fca9d029,17,district,district_16,District 16,major_crime_total,TOTAL,last_7_days,count,count,2025,,,3,,3,,not_applicable,,,wilmington-compstat-v2,validated
weekly-2026-09-20-r1,weekly_compstat,2026-09-14,2026-09-20,1,224441568f81ffe637b2bd2710d43d6899f14c5913e83b684efe2ba6fca9d029,17,district,district_16,District 16,major_crime_total,TOTAL,last_7_days,percent_change,percent,2026,2025,1,-33.0,-0.33,-33%,-33.333333,matched,,,wilmington-compstat-v2,validated
weekly-2026-09-20-r1,weekly_compstat,2026-09-14,2026-09-20,1,224441568f81ffe637b2bd2710d43d6899f14c5913e83b684efe2ba6fca9d029,17,district,district_16,District 16,major_crime_total,TOTAL,last_28_days,count,count,2026,,,21,,21,,not_applicable,,,wilmington-compstat-v2,validated
weekly-2026-09-20-r1,weekly_compstat,2026-09-14,2026-09-20,1,224441568f81ffe637b2bd2710d43d6899f14c5913e83b684efe2ba6fca9d029,17,district,district_16,District 16,major_crime_total,TOTAL,last_28_days,count,count,2025,,,17,,17,,not_applicable,,,wilmington-compstat-v2,validated
weekly-2026-09-20-r1,weekly_compstat,2026-09-14,2026-09-20,1,224441568f81ffe637b2bd2710d43d6899f14c5913e83b684efe2ba6fca9d029,17,district,district_16,District 16,major_crime_total,TOTAL,last_28_days,percent_change,percent,2026,2025,1,24.0,0.24,24%,23.529412,matched,,,wilmington-compstat-v2,validated
weekly-2026-09-20-r1,weekly_compstat,2026-09-14,2026-09-20,1,224441568f81ffe637b2bd2710d43d6899f14c5913e83b684efe2ba6fca9d029,17,district,district_16,District 16,major_crime_total,TOTAL,year_to_date,count,count,2026,,,190,,190,,not_applicable,,,wilmington-compstat-v2,validated
weekly-2026-09-20-r1,weekly_compstat,2026-09-14,2026-09-20,1,224441568f81ffe637b2bd2710d43d6899f14c5913e83b684efe2ba6fca9d029,17,district,district_16,District 16,major_crime_total,TOTAL,year_to_date,count,count,2025,,,182,,182,,not_applicable,,,wilmington-compstat-v2,validated
weekly-2026-09-20-r1,weekly_compstat,2026-09-14,2026-09-20,1,224441568f81ffe637b2bd2710d43d6899f14c5913e83b684efe2ba6fca9d029,17,district,district_16,District 16,major_crime_total,TOTAL,year_to_date,percent_change,percent,2026,2025,1,4.0,0.04,4%,4.395604,matched,,,wilmington-compstat-v2,validated
weekly-2026-09-20-r1,weekly_compstat,2026-09-14,2026-09-20,1,224441568f81ffe637b2bd2710d43d6899f14c5913e83b684efe2ba6fca9d029,17,district,district_16,District 16,major_crime_total,TOTAL,year_to_date,percent_change,percent,2026,2024,2,-11.0,-0.11,-11%,,not_checkable,,,wilmington-compstat-v2,validated
weekly-2026-09-20-r1,weekly_compstat,2026-09-14,2026-09-20,1,224441568f81ffe637b2bd2710d43d6899f14c5913e83b684efe2ba6fca9d029,17,district,district_16,District 16,major_crime_total,TOTAL,year_to_date,percent_change,percent,2026,2023,3,-26.0,-0.26,-26%,,not_checkable,,,wilmington-compstat-v2,validated
weekly-2026-09-20-r1,weekly_compstat,2026-09-14,2026-09-20,1,224441568f81ffe637b2bd2710d43d6899f14c5913e83b684efe2ba6fca9d029,17,district,district_16,District 16,major_crime_total,TOTAL,year_to_date,percent_change,percent,2026,2022,4,-7.0,-0.07,-7%,,not_checkable,,,wilmington-compstat-v2,validated
weekly-2026-09-20-r1,weekly_compstat,2026-09-14,2026-09-20,1,224441568f81ffe637b2bd2710d43d6899f14c5913e83b684efe2ba6fca9d029,17,district,district_16,District 16,major_crime_total,TOTAL,year_to_date,percent_change,percent,2026,2021,5,-12.0,-0.12,-12%,,not_checkable,,,wilmington-compstat-v2,validated
weekly-2026-09-20-r1,weekly_compstat,2026-09-14,2026-09-20,1,224441568f81ffe637b2bd2710d43d6899f14c5913e83b684efe2ba6fca9d029,17,district,district_16,District 16,major_crime_total,TOTAL,year_to_date,percent_change,percent,2026,2020,6,-10.0,-0.1,-10%,,not_checkable,,,wilmington-compstat-v2,validated
weekly-2026-09-20-r1,weekly_compstat,2026-09-14,2026-09-20,1,224441568f81ffe637b2bd2710d43d6899f14c5913e83b684efe2ba6fca9d029,17,district,district_16,District 16,shooting_incidents,Shooting Incidents,last_7_days,count,count,2026,,,1,,1,,not_applicable,,,wilmington-compstat-v2,validated
weekly-2026-09-20-r1,weekly_compstat,2026-09-14,2026-09-20,1,224441568f81ffe637b2bd2710d43d6899f14c5913e83b684efe2ba6fca9d029,17,district,district_16,District 16,shooting_incidents,Shooting Incidents,last_7_days,count,count,2025,,,0,,0,,not_applicable,,,wilmington-compstat-v2,validated
weekly-2026-09-20-r1,weekly_compstat,2026-09-14,2026-09-20,1,224441568f81ffe637b2bd2710d43d6899f14c5913e83b684efe2ba6fca9d029,17,district,district_16,District 16,shooting_incidents,Shooting Incidents,last_7_days,percent_change,percent,2026,2025,1,,,*,,undefined_zero_denominator,,undefined_zero_denominator,wilmington-compstat-v2,validated
weekly-2026-09-20-r1,weekly_compstat,2026-09-14,2026-09-20,1,224441568f81ffe637b2bd2710d43d6899f14c5913e83b684efe2ba6fca9d029,17,district,district_16,District 16,shooting_incidents,Shooting Incidents,last_28_days,count,count,2026,,,2,,2,,not_applicable,,,wilmington-compstat-v2,validated
weekly-2026-09-20-r1,weekly_compstat,2026-09-14,2026-09-20,1,224441568f81ffe637b2bd2710d43d6899f14c5913e83b684efe2ba6fca9d029,17,district,district_16,District 16,shooting_incidents,Shooting Incidents,last_28_days,count,count,2025,,,1,,1,,not_applicable,,,wilmington-compstat-v2,validated
weekly-2026-09-20-r1,weekly_compstat,2026-09-14,2026-09-20,1,224441568f81ffe637b2bd2710d43d6899f14c5913e83b684efe2ba6fca9d029,17,district,district_16,District 16,shooting_incidents,Shooting Incidents,last_28_days,percent_change,percent,2026,2025,1,100.0,1.0,100%,100.0,matched,,,wilmington-compstat-v2,validated
weekly-2026-09-20-r1,weekly_compstat,2026-09-14,2026-09-20,1,224441568f81ffe637b2bd2710d43d6899f14c5913e83b684efe2ba6fca9d029,17,district,district_16,District 16,shooting_incidents,Shooting Incidents,year_to_date,count,count,2026,,,13,,13,,not_applicable,,,wilmington-compstat-v2,validated
weekly-2026-09-20-r1,weekly_compstat,2026-09-14,2026-09-20,1,224441568f81ffe637b2bd2710d43d6899f14c5913e83b684efe2ba6fca9d029,17,district,district_16,District 16,shooting_incidents,Shooting Incidents,year_to_date,count,count,2025,,,5,,5,,not_applicable,,,wilmington-compstat-v2,validated
weekly-2026-09-20-r1,weekly_compstat,2026-09-14,2026-09-20,1,224441568f81ffe637b2bd2710d43d6899f14c5913e83b684efe2ba6fca9d029,17,district,district_16,District 16,shooting_incidents,Shooting Incidents,year_to_date,percent_change,percent,2026,2025,1,160.0,1.6,160%,160.0,matched,,,wilmington-compstat-v2,validated
weekly-2026-09-20-r1,weekly_compstat,2026-09-14,2026-09-20,1,224441568f81ffe637b2bd2710d43d6899f14c5913e83b684efe2ba6fca9d029,17,district,district_16,District 16,shooting_incidents,Shooting Incidents,year_to_date,percent_change,percent,2026,2024,2,-19.0,-0.19,-19%,,not_checkable,,,wilmington-compstat-v2,validated
weekly-2026-09-20-r1,weekly_compstat,2026-09-14,2026-09-20,1,224441568f81ffe637b2bd2710d43d6899f14c5913e83b684efe2ba6fca9d029,17,district,district_16,District 16,shooting_incidents,Shooting Incidents,year_to_date,percent_change,percent,2026,2023,3,8.0,0.08,8%,,not_checkable,,,wilmington-compstat-v2,validated
weekly-2026-09-20-r1,weekly_compstat,2026-09-14,2026-09-20,1,224441568f81ffe637b2bd2710d43d6899f14c5913e83b684efe2ba6fca9d029,17,district,district_16,District 16,shooting_incidents,Shooting Incidents,year_to_date,percent_change,percent,2026,2022,4,-7.0,-0.07,-7%,,not_checkable,,,wilmington-compstat-v2,validated
weekly-2026-09-20-r1,weekly_compstat,2026-09-14,2026-09-20,1,224441568f81ffe637b2bd2710d43d6899f14c5913e83b684efe2ba6fca9d029,17,district,district_16,District 16,shooting_incidents,Shooting Incidents,year_to_date,percent_change,percent,2026,2021,5,-24.0,-0.24,-24%,,not_checkable,,,wilmington-compstat-v2,validated
weekly-2026-09-20-r1,weekly_compstat,2026-09-14,2026-09-20,1,224441568f81ffe637b2bd2710d43d6899f14c5913e83b684efe2ba6fca9d029,17,district,district_16,District 16,shooting_incidents,Shooting Incidents,year_to_date,percent_change,percent,2026,2020,6,-35.0,-0.35,-35%,,not_checkable,,,wilmington-compstat-v2,validated
weekly-2026-09-20-r1,weekly_compstat,2026-09-14,2026-09-20,1,224441568f81ffe637b2bd2710d43d6899f14c5913e83b684efe2ba6fca9d029,17,district,district_16,District 16,shooting_victims,Shooting Victims,last_7_days,count,count,2026,,,3,,3,,not_applicable,,,wilmington-compstat-v2,validated
weekly-2026-09-20-r1,weekly_compstat,2026-09-14,2026-09-20,1,224441568f81ffe637b2bd2710d43d6899f14c5913e83b684efe2ba6fca9d029,17,district,district_16,District 16,shooting_victims,Shooting Victims,last_7_days,count,count,2025,,,0,,0,,not_applicable,,,wilmington-compstat-v2,validated
weekly-2026-09-20-r1,weekly_compstat,2026-09-14,2026-09-20,1,224441568f81ffe637b2bd2710d43d6899f14c5913e83b684efe2ba6fca9d029,17,district,district_16,District 16,shooting_victims,Shooting Victims,last_7_days,percent_change,percent,2026,2025,1,,,*,,undefined_zero_denominator,,undefined_zero_denominator,wilmington-compstat-v2,validated
weekly-2026-09-20-r1,weekly_compstat,2026-09-14,2026-09-20,1,224441568f81ffe637b2bd2710d43d6899f14c5913e83b684efe2ba6fca9d029,17,district,district_16,District 16,shooting_victims,Shooting Victims,last_28_days,count,count,2026,,,4,,4,,not_applicable,,,wilmington-compstat-v2,validated
weekly-2026-09-20-r1,weekly_compstat,2026-09-14,2026-09-20,1,224441568f81ffe637b2bd2710d43d6899f14c5913e83b684efe2ba6fca9d029,17,district,district_16,District 16,shooting_victims,Shooting Victims,last_28_days,count,count,2025,,,2,,2,,not_applicable,,,wilmington-compstat-v2,validated
weekly-2026-09-20-r1,weekly_compstat,2026-09-14,2026-09-20,1,224441568f81ffe637b2bd2710d43d6899f14c5913e83b684efe2ba6fca9d029,17,district,district_16,District 16,shooting_victims,Shooting Victims,last_28_days,percent_change,percent,2026,2025,1,100.0,1.0,100%,100.0,matched,,,wilmington-compstat-v2,validated
weekly-2026-09-20-r1,weekly_compstat,2026-09-14,2026-09-20,1,224441568f81ffe637b2bd2710d43d6899f14c5913e83b684efe2ba6fca9d029,17,district,district_16,District 16,shooting_victims,Shooting Victims,year_to_date,count,count,2026,,,19,,19,,not_applicable,,,wilmington-compstat-v2,validated
weekly-2026-09-20-r1,weekly_compstat,2026-09-14,2026-09-20,1,224441568f81ffe637b2bd2710d43d6899f14c5913e83b684efe2ba6fca9d029,17,district,district_16,District 16,shooting_victims,Shooting Victims,year_to_date,count,count,2025,,,6,,6,,not_applicable,,,wilmington-compstat-v2,validated
weekly-2026-09-20-r1,weekly_compstat,2026-09-14,2026-09-20,1,224441568f81ffe637b2bd2710d43d6899f14c5913e83b684efe2ba6fca9d029,17,district,district_16,District 16,shooting_victims,Shooting Victims,year_to_date,percent_change,percent,2026,2025,1,217.0,2.17,217%,216.666667,matched,,,wilmington-compstat-v2,validated
weekly-2026-09-20-r1,weekly_compstat,2026-09-14,2026-09-20,1,224441568f81ffe637b2bd2710d43d6899f14c5913e83b684efe2ba6fca9d029,17,district,district_16,District 16,shooting_victims,Shooting Victims,year_to_date,percent_change,percent,2026,2024,2,6.0,0.06,6%,,not_checkable,,,wilmington-compstat-v2,validated
weekly-2026-09-20-r1,weekly_compstat,2026-09-14,2026-09-20,1,224441568f81ffe637b2bd2710d43d6899f14c5913e83b684efe2ba6fca9d029,17,district,district_16,District 16,shooting_victims,Shooting Victims,year_to_date,percent_change,percent,2026,2023,3,46.0,0.46,46%,,not_checkable,,,wilmington-compstat-v2,validated
weekly-2026-09-20-r1,weekly_compstat,2026-09-14,2026-09-20,1,224441568f81ffe637b2bd2710d43d6899f14c5913e83b684efe2ba6fca9d029,17,district,district_16,District 16,shooting_victims,Shooting Victims,year_to_date,percent_change,percent,2026,2022,4,12.0,0.12,12%,,not_checkable,,,wilmington-compstat-v2,validated
weekly-2026-09-20-r1,weekly_compstat,2026-09-14,2026-09-20,1,224441568f81ffe637b2bd2710d43d6899f14c5913e83b684efe2ba6fca9d029,17,district,district_16,District 16,shooting_victims,Shooting Victims,year_to_date,percent_change,percent,2026,2021,5,-14.0,-0.14,-14%,,not_checkable,,,wilmington-compstat-v2,validated
weekly-2026-09-20-r1,weekly_compstat,2026-09-14,2026-09-20,1,224441568f81ffe637b2bd2710d43d6899f14c5913e83b684efe2ba6fca9d029,17,district,district_16,District 16,shooting_victims,Shooting Victims,year_to_date,percent_change,percent,2026,2020,6,-17.0,-0.17,-17%,,not_checkable,,,wilmington-compstat-v2,validated
weekly-2026-09-20-r1,weekly_compstat,2026-09-14,2026-09-20,1,224441568f81ffe637b2bd2710d43d6899f14c5913e83b684efe2ba6fca9d029,17,district,district_16,District 16,juvenile_shooting_incidents,*Juv Shooting Incidents,last_7_days,count,count,2026,,,0,,0,,not_applicable,,,wilmington-compstat-v2,validated
weekly-2026-09-20-r1,weekly_compstat,2026-09-14,2026-09-20,1,224441568f81ffe637b2bd2710d43d6899f14c5913e83b684efe2ba6fca9d029,17,district,district_16,District 16,juvenile_shooting_incidents,*Juv Shooting Incidents,last_7_days,count,count,2025,,,0,,0,,not_applicable,,,wilmington-compstat-v2,validated
weekly-2026-09-20-r1,weekly_compstat,2026-09-14,2026-09-20,1,224441568f81ffe637b2bd2710d43d6899f14c5913e83b684efe2ba6fca9d029,17,district,district_16,District 16,juvenile_shooting_incidents,*Juv Shooting Incidents,last_7_days,percent_change,percent,2026,2025,1,,,*,,undefined_zero_denominator,,undefined_zero_denominator,wilmington-compstat-v2,validated
weekly-2026-09-20-r1,weekly_compstat,2026-09-14,2026-09-20,1,224441568f81ffe637b2bd2710d43d6899f14c5913e83b684efe2ba6fca9d029,17,district,district_16,District 16,juvenile_shooting_incidents,*Juv Shooting Incidents,last_28_days,count,count,2026,,,0,,0,,not_applicable,,,wilmington-compstat-v2,validated
weekly-2026-09-20-r1,weekly_compstat,2026-09-14,2026-09-20,1,224441568f81ffe637b2bd2710d43d6899f14c5913e83b684efe2ba6fca9d029,17,district,district_16,District 16,juvenile_shooting_incidents,*Juv Shooting Incidents,last_28_days,count,count,2025,,,0,,0,,not_applicable,,,wilmington-compstat-v2,validated
weekly-2026-09-20-r1,weekly_compstat,2026-09-14,2026-09-20,1,224441568f81ffe637b2bd2710d43d6899f14c5913e83b684efe2ba6fca9d029,17,district,district_16,District 16,juvenile_shooting_incidents,*Juv Shooting Incidents,last_28_days,percent_change,percent,2026,2025,1,,,*,,undefined_zero_denominator,,undefined_zero_denominator,wilmington-compstat-v2,validated
weekly-2026-09-20-r1,weekly_compstat,2026-09-14,2026-09-20,1,224441568f81ffe637b2bd2710d43d6899f14c5913e83b684efe2ba6fca9d029,17,district,district_16,District 16,juvenile_shooting_incidents,*Juv Shooting Incidents,year_to_date,count,count,2026,,,3,,3,,not_applicable,,,wilmington-compstat-v2,validated
weekly-2026-09-20-r1,weekly_compstat,2026-09-14,2026-09-20,1,224441568f81ffe637b2bd2710d43d6899f14c5913e83b684efe2ba6fca9d029,17,district,district_16,District 16,juvenile_shooting_incidents,*Juv Shooting Incidents,year_to_date,count,count,2025,,,0,,0,,not_applicable,,,wilmington-compstat-v2,validated
weekly-2026-09-20-r1,weekly_compstat,2026-09-14,2026-09-20,1,224441568f81ffe637b2bd2710d43d6899f14c5913e83b684efe2ba6fca9d029,17,district,district_16,District 16,juvenile_shooting_incidents,*Juv Shooting Incidents,year_to_date,percent_change,percent,2026,2025,1,,,*,,undefined_zero_denominator,,undefined_zero_denominator,wilmington-compstat-v2,validated
weekly-2026-09-20-r1,weekly_compstat,2026-09-14,2026-09-20,1,224441568f81ffe637b2bd2710d43d6899f14c5913e83b684efe2ba6fca9d029,17,district,district_16,District 16,juvenile_shooting_incidents,*Juv Shooting Incidents,year_to_date,percent_change,percent,2026,2024,2,50.0,0.5,50%,,not_checkable,,,wilmington-compstat-v2,validated
weekly-2026-09-20-r1,weekly_compstat,2026-09-14,2026-09-20,1,224441568f81ffe637b2bd2710d43d6899f14c5913e83b684efe2ba6fca9d029,17,district,district_16,District 16,juvenile_shooting_incidents,*Juv Shooting Incidents,year_to_date,percent_change,percent,2026,2023,3,50.0,0.5,50%,,not_checkable,,,wilmington-compstat-v2,validated
weekly-2026-09-20-r1,weekly_compstat,2026-09-14,2026-09-20,1,224441568f81ffe637b2bd2710d43d6899f14c5913e83b684efe2ba6fca9d029,17,district,district_16,District 16,juvenile_shooting_incidents,*Juv Shooting Incidents,year_to_date,percent_change,percent,2026,2022,4,50.0,0.5,50%,,not_checkable,,,wilmington-compstat-v2,validated
weekly-2026-09-20-r1,weekly_compstat,2026-09-14,2026-09-20,1,224441568f81ffe637b2bd2710d43d6899f14c5913e83b684efe2ba6fca9d029,17,district,district_16,District 16,juvenile_shooting_incidents,*Juv Shooting Incidents,year_to_date,percent_change,percent,2026,2021,5,200.0,2.0,200%,,not_checkable,,,wilmington-compstat-v2,validated
weekly-2026-09-20-r1,weekly_compstat,2026-09-14,2026-09-20,1,224441568f81ffe637b2bd2710d43d6899f14c5913e83b684efe2ba6fca9d029,17,district,district_16,District 16,juvenile_shooting_incidents,*Juv Shooting Incidents,year_to_date,percent_change,percent,2026,2020,6,-25.0,-0.25,-25%,,not_checkable,,,wilmington-compstat-v2,validated
weekly-2026-09-20-r1,weekly_compstat,2026-09-14,2026-09-20,1,224441568f81ffe637b2bd2710d43d6899f14c5913e83b684efe2ba6fca9d029,17,district,district_16,District 16,juvenile_shooting_victims,*Juv Shooting Victims,last_7_days,count,count,2026,,,0,,0,,not_applicable,,,wilmington-compstat-v2,validated
weekly-2026-09-20-r1,weekly_compstat,2026-09-14,2026-09-20,1,224441568f81ffe637b2bd2710d43d6899f14c5913e83b684efe2ba6fca9d029,17,district,district_16,District 16,juvenile_shooting_victims,*Juv Shooting Victims,last_7_days,count,count,2025,,,0,,0,,not_applicable,,,wilmington-compstat-v2,validated
weekly-2026-09-20-r1,weekly_compstat,2026-09-14,2026-09-20,1,224441568f81ffe637b2bd2710d43d6899f14c5913e83b684efe2ba6fca9d029,17,district,district_16,District 16,juvenile_shooting_victims,*Juv Shooting Victims,last_7_days,percent_change,percent,2026,2025,1,,,*,,undefined_zero_denominator,,undefined_zero_denominator,wilmington-compstat-v2,validated
weekly-2026-09-20-r1,weekly_compstat,2026-09-14,2026-09-20,1,224441568f81ffe637b2bd2710d43d6899f14c5913e83b684efe2ba6fca9d029,17,district,district_16,District 16,juvenile_shooting_victims,*Juv Shooting Victims,last_28_days,count,count,2026,,,0,,0,,not_applicable,,,wilmington-compstat-v2,validated
weekly-2026-09-20-r1,weekly_compstat,2026-09-14,2026-09-20,1,224441568f81ffe637b2bd2710d43d6899f14c5913e83b684efe2ba6fca9d029,17,district,district_16,District 16,juvenile_shooting_victims,*Juv Shooting Victims,last_28_days,count,count,2025,,,0,,0,,not_applicable,,,wilmington-compstat-v2,validated
weekly-2026-09-20-r1,weekly_compstat,2026-09-14,2026-09-20,1,224441568f81ffe637b2bd2710d43d6899f14c5913e83b684efe2ba6fca9d029,17,district,district_16,District 16,juvenile_shooting_victims,*Juv Shooting Victims,last_28_days,percent_change,percent,2026,2025,1,,,*,,undefined_zero_denominator,,undefined_zero_denominator,wilmington-compstat-v2,validated
weekly-2026-09-20-r1,weekly_compstat,2026-09-14,2026-09-20,1,224441568f81ffe637b2bd2710d43d6899f14c5913e83b684efe2ba6fca9d029,17,district,district_16,District 16,juvenile_shooting_victims,*Juv Shooting Victims,year_to_date,count,count,2026,,,3,,3,,not_applicable,,,wilmington-compstat-v2,validated
weekly-2026-09-20-r1,weekly_compstat,2026-09-14,2026-09-20,1,224441568f81ffe637b2bd2710d43d6899f14c5913e83b684efe2ba6fca9d029,17,district,district_16,District 16,juvenile_shooting_victims,*Juv Shooting Victims,year_to_date,count,count,2025,,,0,,0,,not_applicable,,,wilmington-compstat-v2,validated
weekly-2026-09-20-r1,weekly_compstat,2026-09-14,2026-09-20,1,224441568f81ffe637b2bd2710d43d6899f14c5913e83b684efe2ba6fca9d029,17,district,district_16,District 16,juvenile_shooting_victims,*Juv Shooting Victims,year_to_date,percent_change,percent,2026,2025,1,,,*,,undefined_zero_denominator,,undefined_zero_denominator,wilmington-compstat-v2,validated
weekly-2026-09-20-r1,weekly_compstat,2026-09-14,2026-09-20,1,224441568f81ffe637b2bd2710d43d6899f14c5913e83b684efe2ba6fca9d029,17,district,district_16,District 16,juvenile_shooting_victims,*Juv Shooting Victims,year_to_date,percent_change,percent,2026,2024,2,50.0,0.5,50%,,not_checkable,,,wilmington-compstat-v2,validated
weekly-2026-09-20-r1,weekly_compstat,2026-09-14,2026-09-20,1,224441568f81ffe637b2bd2710d43d6899f14c5913e83b684efe2ba6fca9d029,17,district,district_16,District 16,juvenile_shooting_victims,*Juv Shooting Victims,year_to_date,percent_change,percent,2026,2023,3,50.0,0.5,50%,,not_checkable,,,wilmington-compstat-v2,validated
weekly-2026-09-20-r1,weekly_compstat,2026-09-14,2026-09-20,1,224441568f81ffe637b2bd2710d43d6899f14c5913e83b684efe2ba6fca9d029,17,district,district_16,District 16,juvenile_shooting_victims,*Juv Shooting Victims,year_to_date,percent_change,percent,2026,2022,4,50.0,0.5,50%,,not_checkable,,,wilmington-compstat-v2,validated
weekly-2026-09-20-r1,weekly_compstat,2026-09-14,2026-09-20,1,224441568f81ffe637b2bd2710d43d6899f14c5913e83b684efe2ba6fca9d029,17,district,district_16,District 16,juvenile_shooting_victims,*Juv Shooting Victims,year_to_date,percent_change,percent,2026,2021,5,200.0,2.0,200%,,not_checkable,,,wilmington-compstat-v2,validated
weekly-2026-09-20-r1,weekly_compstat,2026-09-14,2026-09-20,1,224441568f81ffe637b2bd2710d43d6899f14c5913e83b684efe2ba6fca9d029,17,district,district_16,District 16,juvenile_shooting_victims,*Juv Shooting Victims,year_to_date,percent_change,percent,2026,2020,6,-25.0,-0.25,-25%,,not_checkable,,,wilmington-compstat-v2,validated
weekly-2026-09-20-r1,weekly_compstat,2026-09-14,2026-09-20,1,224441568f81ffe637b2bd2710d43d6899f14c5913e83b684efe2ba6fca9d029,17,district,district_16,District 16,misdemeanor_theft,Theft (Misdemeanor),last_7_days,count,count,2026,,,3,,3,,not_applicable,,,wilmington-compstat-v2,validated
weekly-2026-09-20-r1,weekly_compstat,2026-09-14,2026-09-20,1,224441568f81ffe637b2bd2710d43d6899f14c5913e83b684efe2ba6fca9d029,17,district,district_16,District 16,misdemeanor_theft,Theft (Misdemeanor),last_7_days,count,count,2025,,,5,,5,,not_applicable,,,wilmington-compstat-v2,validated
weekly-2026-09-20-r1,weekly_compstat,2026-09-14,2026-09-20,1,224441568f81ffe637b2bd2710d43d6899f14c5913e83b684efe2ba6fca9d029,17,district,district_16,District 16,misdemeanor_theft,Theft (Misdemeanor),last_7_days,percent_change,percent,2026,2025,1,-40.0,-0.4,-40%,-40.0,matched,,,wilmington-compstat-v2,validated
weekly-2026-09-20-r1,weekly_compstat,2026-09-14,2026-09-20,1,224441568f81ffe637b2bd2710d43d6899f14c5913e83b684efe2ba6fca9d029,17,district,district_16,District 16,misdemeanor_theft,Theft (Misdemeanor),last_28_days,count,count,2026,,,18,,18,,not_applicable,,,wilmington-compstat-v2,validated
weekly-2026-09-20-r1,weekly_compstat,2026-09-14,2026-09-20,1,224441568f81ffe637b2bd2710d43d6899f14c5913e83b684efe2ba6fca9d029,17,district,district_16,District 16,misdemeanor_theft,Theft (Misdemeanor),last_28_days,count,count,2025,,,15,,15,,not_applicable,,,wilmington-compstat-v2,validated
weekly-2026-09-20-r1,weekly_compstat,2026-09-14,2026-09-20,1,224441568f81ffe637b2bd2710d43d6899f14c5913e83b684efe2ba6fca9d029,17,district,district_16,District 16,misdemeanor_theft,Theft (Misdemeanor),last_28_days,percent_change,percent,2026,2025,1,20.0,0.2,20%,20.0,matched,,,wilmington-compstat-v2,validated
weekly-2026-09-20-r1,weekly_compstat,2026-09-14,2026-09-20,1,224441568f81ffe637b2bd2710d43d6899f14c5913e83b684efe2ba6fca9d029,17,district,district_16,District 16,misdemeanor_theft,Theft (Misdemeanor),year_to_date,count,count,2026,,,134,,134,,not_applicable,,,wilmington-compstat-v2,validated
weekly-2026-09-20-r1,weekly_compstat,2026-09-14,2026-09-20,1,224441568f81ffe637b2bd2710d43d6899f14c5913e83b684efe2ba6fca9d029,17,district,district_16,District 16,misdemeanor_theft,Theft (Misdemeanor),year_to_date,count,count,2025,,,147,,147,,not_applicable,,,wilmington-compstat-v2,validated
weekly-2026-09-20-r1,weekly_compstat,2026-09-14,2026-09-20,1,224441568f81ffe637b2bd2710d43d6899f14c5913e83b684efe2ba6fca9d029,17,district,district_16,District 16,misdemeanor_theft,Theft (Misdemeanor),year_to_date,percent_change,percent,2026,2025,1,-9.0,-0.09,-9%,-8.843537,matched,,,wilmington-compstat-v2,validated
weekly-2026-09-20-r1,weekly_compstat,2026-09-14,2026-09-20,1,224441568f81ffe637b2bd2710d43d6899f14c5913e83b684efe2ba6fca9d029,17,district,district_16,District 16,misdemeanor_theft,Theft (Misdemeanor),year_to_date,percent_change,percent,2026,2024,2,-7.0,-0.07,-7%,,not_checkable,,,wilmington-compstat-v2,validated
weekly-2026-09-20-r1,weekly_compstat,2026-09-14,2026-09-20,1,224441568f81ffe637b2bd2710d43d6899f14c5913e83b684efe2ba6fca9d029,17,district,district_16,District 16,misdemeanor_theft,Theft (Misdemeanor),year_to_date,percent_change,percent,2026,2023,3,-9.0,-0.09,-9%,,not_checkable,,,wilmington-compstat-v2,validated
weekly-2026-09-20-r1,weekly_compstat,2026-09-14,2026-09-20,1,224441568f81ffe637b2bd2710d43d6899f14c5913e83b684efe2ba6fca9d029,17,district,district_16,District 16,misdemeanor_theft,Theft (Misdemeanor),year_to_date,percent_change,percent,2026,2022,4,-23.0,-0.23,-23%,,not_checkable,,,wilmington-compstat-v2,validated
weekly-2026-09-20-r1,weekly_compstat,2026-09-14,2026-09-20,1,224441568f81ffe637b2bd2710d43d6899f14c5913e83b684efe2ba6fca9d029,17,district,district_16,District 16,misdemeanor_theft,Theft (Misdemeanor),year_to_date,percent_change,percent,2026,2021,5,-29.0,-0.29,-29%,,not_checkable,,,wilmington-compstat-v2,validated
weekly-2026-09-20-r1,weekly_compstat,2026-09-14,2026-09-20,1,224441568f81ffe637b2bd2710d43d6899f14c5913e83b684efe2ba6fca9d029,17,district,district_16,District 16,misdemeanor_theft,Theft (Misdemeanor),year_to_date,percent_change,percent,2026,2020,6,-16.0,-0.16,-16%,,not_checkable,,,wilmington-compstat-v2,validated
weekly-2026-09-20-r1,weekly_compstat,2026-09-14,2026-09-20,1,224441568f81ffe637b2bd2710d43d6899f14c5913e83b684efe2ba6fca9d029,19,sector,sector_3,Sector 3,murder,Murder,last_7_days,count,count,2026,,,0,,0,,not_applicable,,,wilmington-compstat-v2,validated
weekly-2026-09-20-r1,weekly_compstat,2026-09-14,2026-09-20,1,224441568f81ffe637b2bd2710d43d6899f14c5913e83b684efe2ba6fca9d029,19,sector,sector_3,Sector 3,murder,Murder,last_7_days,count,count,2025,,,0,,0,,not_applicable,,,wilmington-compstat-v2,validated
weekly-2026-09-20-r1,weekly_compstat,2026-09-14,2026-09-20,1,224441568f81ffe637b2bd2710d43d6899f14c5913e83b684efe2ba6fca9d029,19,sector,sector_3,Sector 3,murder,Murder,last_7_days,percent_change,percent,2026,2025,1,,,*,,undefined_zero_denominator,,undefined_zero_denominator,wilmington-compstat-v2,validated
weekly-2026-09-20-r1,weekly_compstat,2026-09-14,2026-09-20,1,224441568f81ffe637b2bd2710d43d6899f14c5913e83b684efe2ba6fca9d029,19,sector,sector_3,Sector 3,murder,Murder,last_28_days,count,count,2026,,,1,,1,,not_applicable,,,wilmington-compstat-v2,validated
weekly-2026-09-20-r1,weekly_compstat,2026-09-14,2026-09-20,1,224441568f81ffe637b2bd2710d43d6899f14c5913e83b684efe2ba6fca9d029,19,sector,sector_3,Sector 3,murder,Murder,last_28_days,count,count,2025,,,1,,1,,not_applicable,,,wilmington-compstat-v2,validated
weekly-2026-09-20-r1,weekly_compstat,2026-09-14,2026-09-20,1,224441568f81ffe637b2bd2710d43d6899f14c5913e83b684efe2ba6fca9d029,19,sector,sector_3,Sector 3,murder,Murder,last_28_days,percent_change,percent,2026,2025,1,0.0,0.0,0%,0.0,matched,,,wilmington-compstat-v2,validated
weekly-2026-09-20-r1,weekly_compstat,2026-09-14,2026-09-20,1,224441568f81ffe637b2bd2710d43d6899f14c5913e83b684efe2ba6fca9d029,19,sector,sector_3,Sector 3,murder,Murder,year_to_date,count,count,2026,,,3,,3,,not_applicable,,,wilmington-compstat-v2,validated
weekly-2026-09-20-r1,weekly_compstat,2026-09-14,2026-09-20,1,224441568f81ffe637b2bd2710d43d6899f14c5913e83b684efe2ba6fca9d029,19,sector,sector_3,Sector 3,murder,Murder,year_to_date,count,count,2025,,,3,,3,,not_applicable,,,wilmington-compstat-v2,validated
weekly-2026-09-20-r1,weekly_compstat,2026-09-14,2026-09-20,1,224441568f81ffe637b2bd2710d43d6899f14c5913e83b684efe2ba6fca9d029,19,sector,sector_3,Sector 3,murder,Murder,year_to_date,percent_change,percent,2026,2025,1,0.0,0.0,0%,0.0,matched,,,wilmington-compstat-v2,validated
weekly-2026-09-20-r1,weekly_compstat,2026-09-14,2026-09-20,1,224441568f81ffe637b2bd2710d43d6899f14c5913e83b684efe2ba6fca9d029,19,sector,sector_3,Sector 3,murder,Murder,year_to_date,percent_change,percent,2026,2024,2,-40.0,-0.4,-40%,,not_checkable,,,wilmington-compstat-v2,validated
weekly-2026-09-20-r1,weekly_compstat,2026-09-14,2026-09-20,1,224441568f81ffe637b2bd2710d43d6899f14c5913e83b684efe2ba6fca9d029,19,sector,sector_3,Sector 3,murder,Murder,year_to_date,percent_change,percent,2026,2023,3,0.0,0.0,0%,,not_checkable,,,wilmington-compstat-v2,validated
weekly-2026-09-20-r1,weekly_compstat,2026-09-14,2026-09-20,1,224441568f81ffe637b2bd2710d43d6899f14c5913e83b684efe2ba6fca9d029,19,sector,sector_3,Sector 3,murder,Murder,year_to_date,percent_change,percent,2026,2022,4,-40.0,-0.4,-40%,,not_checkable,,,wilmington-compstat-v2,validated
weekly-2026-09-20-r1,weekly_compstat,2026-09-14,2026-09-20,1,224441568f81ffe637b2bd2710d43d6899f14c5913e83b684efe2ba6fca9d029,19,sector,sector_3,Sector 3,murder,Murder,year_to_date,percent_change,percent,2026,2021,5,-50.0,-0.5,-50%,,not_checkable,,,wilmington-compstat-v2,validated
weekly-2026-09-20-r1,weekly_compstat,2026-09-14,2026-09-20,1,224441568f81ffe637b2bd2710d43d6899f14c5913e83b684efe2ba6fca9d029,19,sector,sector_3,Sector 3,murder,Murder,year_to_date,percent_change,percent,2026,2020,6,-50.0,-0.5,-50%,,not_checkable,,,wilmington-compstat-v2,validated
weekly-2026-09-20-r1,weekly_compstat,2026-09-14,2026-09-20,1,224441568f81ffe637b2bd2710d43d6899f14c5913e83b684efe2ba6fca9d029,19,sector,sector_3,Sector 3,rape,Rape,last_7_days,count,count,2026,,,0,,0,,not_applicable,,,wilmington-compstat-v2,validated
weekly-2026-09-20-r1,weekly_compstat,2026-09-14,2026-09-20,1,224441568f81ffe637b2bd2710d43d6899f14c5913e83b684efe2ba6fca9d029,19,sector,sector_3,Sector 3,rape,Rape,last_7_days,count,count,2025,,,0,,0,,not_applicable,,,wilmington-compstat-v2,validated
weekly-2026-09-20-r1,weekly_compstat,2026-09-14,2026-09-20,1,224441568f81ffe637b2bd2710d43d6899f14c5913e83b684efe2ba6fca9d029,19,sector,sector_3,Sector 3,rape,Rape,last_7_days,percent_change,percent,2026,2025,1,,,*,,undefined_zero_denominator,,undefined_zero_denominator,wilmington-compstat-v2,validated
weekly-2026-09-20-r1,weekly_compstat,2026-09-14,2026-09-20,1,224441568f81ffe637b2bd2710d43d6899f14c5913e83b684efe2ba6fca9d029,19,sector,sector_3,Sector 3,rape,Rape,last_28_days,count,count,2026,,,1,,1,,not_applicable,,,wilmington-compstat-v2,validated
weekly-2026-09-20-r1,weekly_compstat,2026-09-14,2026-09-20,1,224441568f81ffe637b2bd2710d43d6899f14c5913e83b684efe2ba6fca9d029,19,sector,sector_3,Sector 3,rape,Rape,last_28_days,count,count,2025,,,0,,0,,not_applicable,,,wilmington-compstat-v2,validated
weekly-2026-09-20-r1,weekly_compstat,2026-09-14,2026-09-20,1,224441568f81ffe637b2bd2710d43d6899f14c5913e83b684efe2ba6fca9d029,19,sector,sector_3,Sector 3,rape,Rape,last_28_days,percent_change,percent,2026,2025,1,,,*,,undefined_zero_denominator,,undefined_zero_denominator,wilmington-compstat-v2,validated
weekly-2026-09-20-r1,weekly_compstat,2026-09-14,2026-09-20,1,224441568f81ffe637b2bd2710d43d6899f14c5913e83b684efe2ba6fca9d029,19,sector,sector_3,Sector 3,rape,Rape,year_to_date,count,count,2026,,,4,,4,,not_applicable,,,wilmington-compstat-v2,validated
weekly-2026-09-20-r1,weekly_compstat,2026-09-14,2026-09-20,1,224441568f81ffe637b2bd2710d43d6899f14c5913e83b684efe2ba6fca9d029,19,sector,sector_3,Sector 3,rape,Rape,year_to_date,count,count,2025,,,0,,0,,not_applicable,,,wilmington-compstat-v2,validated
weekly-2026-09-20-r1,weekly_compstat,2026-09-14,2026-09-20,1,224441568f81ffe637b2bd2710d43d6899f14c5913e83b684efe2ba6fca9d029,19,sector,sector_3,Sector 3,rape,Rape,year_to_date,percent_change,percent,2026,2025,1,,,*,,undefined_zero_denominator,,undefined_zero_denominator,wilmington-compstat-v2,validated
weekly-2026-09-20-r1,weekly_compstat,2026-09-14,2026-09-20,1,224441568f81ffe637b2bd2710d43d6899f14c5913e83b684efe2ba6fca9d029,19,sector,sector_3,Sector 3,rape,Rape,year_to_date,percent_change,percent,2026,2024,2,300.0,3.0,300%,,not_checkable,,,wilmington-compstat-v2,validated
weekly-2026-09-20-r1,weekly_compstat,2026-09-14,2026-09-20,1,224441568f81ffe637b2bd2710d43d6899f14c5913e83b684efe2ba6fca9d029,19,sector,sector_3,Sector 3,rape,Rape,year_to_date,percent_change,percent,2026,2023,3,0.0,0.0,0%,,not_checkable,,,wilmington-compstat-v2,validated
weekly-2026-09-20-r1,weekly_compstat,2026-09-14,2026-09-20,1,224441568f81ffe637b2bd2710d43d6899f14c5913e83b684efe2ba6fca9d029,19,sector,sector_3,Sector 3,rape,Rape,year_to_date,percent_change,percent,2026,2022,4,100.0,1.0,100%,,not_checkable,,,wilmington-compstat-v2,validated
weekly-2026-09-20-r1,weekly_compstat,2026-09-14,2026-09-20,1,224441568f81ffe637b2bd2710d43d6899f14c5913e83b684efe2ba6fca9d029,19,sector,sector_3,Sector 3,rape,Rape,year_to_date,percent_change,percent,2026,2021,5,100.0,1.0,100%,,not_checkable,,,wilmington-compstat-v2,validated
weekly-2026-09-20-r1,weekly_compstat,2026-09-14,2026-09-20,1,224441568f81ffe637b2bd2710d43d6899f14c5913e83b684efe2ba6fca9d029,19,sector,sector_3,Sector 3,rape,Rape,year_to_date,percent_change,percent,2026,2020,6,,,*,,not_checkable,,undefined_zero_denominator,wilmington-compstat-v2,validated
weekly-2026-09-20-r1,weekly_compstat,2026-09-14,2026-09-20,1,224441568f81ffe637b2bd2710d43d6899f14c5913e83b684efe2ba6fca9d029,19,sector,sector_3,Sector 3,robbery,Robbery,last_7_days,count,count,2026,,,2,,2,,not_applicable,,,wilmington-compstat-v2,validated
weekly-2026-09-20-r1,weekly_compstat,2026-09-14,2026-09-20,1,224441568f81ffe637b2bd2710d43d6899f14c5913e83b684efe2ba6fca9d029,19,sector,sector_3,Sector 3,robbery,Robbery,last_7_days,count,count,2025,,,2,,2,,not_applicable,,,wilmington-compstat-v2,validated
weekly-2026-09-20-r1,weekly_compstat,2026-09-14,2026-09-20,1,224441568f81ffe637b2bd2710d43d6899f14c5913e83b684efe2ba6fca9d029,19,sector,sector_3,Sector 3,robbery,Robbery,last_7_days,percent_change,percent,2026,2025,1,0.0,0.0,0%,0.0,matched,,,wilmington-compstat-v2,validated
weekly-2026-09-20-r1,weekly_compstat,2026-09-14,2026-09-20,1,224441568f81ffe637b2bd2710d43d6899f14c5913e83b684efe2ba6fca9d029,19,sector,sector_3,Sector 3,robbery,Robbery,last_28_days,count,count,2026,,,8,,8,,not_applicable,,,wilmington-compstat-v2,validated
weekly-2026-09-20-r1,weekly_compstat,2026-09-14,2026-09-20,1,224441568f81ffe637b2bd2710d43d6899f14c5913e83b684efe2ba6fca9d029,19,sector,sector_3,Sector 3,robbery,Robbery,last_28_days,count,count,2025,,,4,,4,,not_applicable,,,wilmington-compstat-v2,validated
weekly-2026-09-20-r1,weekly_compstat,2026-09-14,2026-09-20,1,224441568f81ffe637b2bd2710d43d6899f14c5913e83b684efe2ba6fca9d029,19,sector,sector_3,Sector 3,robbery,Robbery,last_28_days,percent_change,percent,2026,2025,1,100.0,1.0,100%,100.0,matched,,,wilmington-compstat-v2,validated
weekly-2026-09-20-r1,weekly_compstat,2026-09-14,2026-09-20,1,224441568f81ffe637b2bd2710d43d6899f14c5913e83b684efe2ba6fca9d029,19,sector,sector_3,Sector 3,robbery,Robbery,year_to_date,count,count,2026,,,57,,57,,not_applicable,,,wilmington-compstat-v2,validated
weekly-2026-09-20-r1,weekly_compstat,2026-09-14,2026-09-20,1,224441568f81ffe637b2bd2710d43d6899f14c5913e83b684efe2ba6fca9d029,19,sector,sector_3,Sector 3,robbery,Robbery,year_to_date,count,count,2025,,,48,,48,,not_applicable,,,wilmington-compstat-v2,validated
weekly-2026-09-20-r1,weekly_compstat,2026-09-14,2026-09-20,1,224441568f81ffe637b2bd2710d43d6899f14c5913e83b684efe2ba6fca9d029,19,sector,sector_3,Sector 3,robbery,Robbery,year_to_date,percent_change,percent,2026,2025,1,19.0,0.19,19%,18.75,matched,,,wilmington-compstat-v2,validated
weekly-2026-09-20-r1,weekly_compstat,2026-09-14,2026-09-20,1,224441568f81ffe637b2bd2710d43d6899f14c5913e83b684efe2ba6fca9d029,19,sector,sector_3,Sector 3,robbery,Robbery,year_to_date,percent_change,percent,2026,2024,2,54.0,0.54,54%,,not_checkable,,,wilmington-compstat-v2,validated
weekly-2026-09-20-r1,weekly_compstat,2026-09-14,2026-09-20,1,224441568f81ffe637b2bd2710d43d6899f14c5913e83b684efe2ba6fca9d029,19,sector,sector_3,Sector 3,robbery,Robbery,year_to_date,percent_change,percent,2026,2023,3,8.0,0.08,8%,,not_checkable,,,wilmington-compstat-v2,validated
weekly-2026-09-20-r1,weekly_compstat,2026-09-14,2026-09-20,1,224441568f81ffe637b2bd2710d43d6899f14c5913e83b684efe2ba6fca9d029,19,sector,sector_3,Sector 3,robbery,Robbery,year_to_date,percent_change,percent,2026,2022,4,-11.0,-0.11,-11%,,not_checkable,,,wilmington-compstat-v2,validated
weekly-2026-09-20-r1,weekly_compstat,2026-09-14,2026-09-20,1,224441568f81ffe637b2bd2710d43d6899f14c5913e83b684efe2ba6fca9d029,19,sector,sector_3,Sector 3,robbery,Robbery,year_to_date,percent_change,percent,2026,2021,5,6.0,0.06,6%,,not_checkable,,,wilmington-compstat-v2,validated
weekly-2026-09-20-r1,weekly_compstat,2026-09-14,2026-09-20,1,224441568f81ffe637b2bd2710d43d6899f14c5913e83b684efe2ba6fca9d029,19,sector,sector_3,Sector 3,robbery,Robbery,year_to_date,percent_change,percent,2026,2020,6,-7.0,-0.07,-7%,,not_checkable,,,wilmington-compstat-v2,validated
weekly-2026-09-20-r1,weekly_compstat,2026-09-14,2026-09-20,1,224441568f81ffe637b2bd2710d43d6899f14c5913e83b684efe2ba6fca9d029,19,sector,sector_3,Sector 3,aggravated_assault,Agg. Assault,last_7_days,count,count,2026,,,2,,2,,not_applicable,,,wilmington-compstat-v2,validated
weekly-2026-09-20-r1,weekly_compstat,2026-09-14,2026-09-20,1,224441568f81ffe637b2bd2710d43d6899f14c5913e83b684efe2ba6fca9d029,19,sector,sector_3,Sector 3,aggravated_assault,Agg. Assault,last_7_days,count,count,2025,,,6,,6,,not_applicable,,,wilmington-compstat-v2,validated
weekly-2026-09-20-r1,weekly_compstat,2026-09-14,2026-09-20,1,224441568f81ffe637b2bd2710d43d6899f14c5913e83b684efe2ba6fca9d029,19,sector,sector_3,Sector 3,aggravated_assault,Agg. Assault,last_7_days,percent_change,percent,2026,2025,1,-67.0,-0.67,-67%,-66.666667,matched,,,wilmington-compstat-v2,validated
weekly-2026-09-20-r1,weekly_compstat,2026-09-14,2026-09-20,1,224441568f81ffe637b2bd2710d43d6899f14c5913e83b684efe2ba6fca9d029,19,sector,sector_3,Sector 3,aggravated_assault,Agg. Assault,last_28_days,count,count,2026,,,7,,7,,not_applicable,,,wilmington-compstat-v2,validated
weekly-2026-09-20-r1,weekly_compstat,2026-09-14,2026-09-20,1,224441568f81ffe637b2bd2710d43d6899f14c5913e83b684efe2ba6fca9d029,19,sector,sector_3,Sector 3,aggravated_assault,Agg. Assault,last_28_days,count,count,2025,,,20,,20,,not_applicable,,,wilmington-compstat-v2,validated
weekly-2026-09-20-r1,weekly_compstat,2026-09-14,2026-09-20,1,224441568f81ffe637b2bd2710d43d6899f14c5913e83b684efe2ba6fca9d029,19,sector,sector_3,Sector 3,aggravated_assault,Agg. Assault,last_28_days,percent_change,percent,2026,2025,1,-65.0,-0.65,-65%,-65.0,matched,,,wilmington-compstat-v2,validated
weekly-2026-09-20-r1,weekly_compstat,2026-09-14,2026-09-20,1,224441568f81ffe637b2bd2710d43d6899f14c5913e83b684efe2ba6fca9d029,19,sector,sector_3,Sector 3,aggravated_assault,Agg. Assault,year_to_date,count,count,2026,,,100,,100,,not_applicable,,,wilmington-compstat-v2,validated
weekly-2026-09-20-r1,weekly_compstat,2026-09-14,2026-09-20,1,224441568f81ffe637b2bd2710d43d6899f14c5913e83b684efe2ba6fca9d029,19,sector,sector_3,Sector 3,aggravated_assault,Agg. Assault,year_to_date,count,count,2025,,,120,,120,,not_applicable,,,wilmington-compstat-v2,validated
weekly-2026-09-20-r1,weekly_compstat,2026-09-14,2026-09-20,1,224441568f81ffe637b2bd2710d43d6899f14c5913e83b684efe2ba6fca9d029,19,sector,sector_3,Sector 3,aggravated_assault,Agg. Assault,year_to_date,percent_change,percent,2026,2025,1,-17.0,-0.17,-17%,-16.666667,matched,,,wilmington-compstat-v2,validated
weekly-2026-09-20-r1,weekly_compstat,2026-09-14,2026-09-20,1,224441568f81ffe637b2bd2710d43d6899f14c5913e83b684efe2ba6fca9d029,19,sector,sector_3,Sector 3,aggravated_assault,Agg. Assault,year_to_date,percent_change,percent,2026,2024,2,3.0,0.03,3%,,not_checkable,,,wilmington-compstat-v2,validated
weekly-2026-09-20-r1,weekly_compstat,2026-09-14,2026-09-20,1,224441568f81ffe637b2bd2710d43d6899f14c5913e83b684efe2ba6fca9d029,19,sector,sector_3,Sector 3,aggravated_assault,Agg. Assault,year_to_date,percent_change,percent,2026,2023,3,4.0,0.04,4%,,not_checkable,,,wilmington-compstat-v2,validated
weekly-2026-09-20-r1,weekly_compstat,2026-09-14,2026-09-20,1,224441568f81ffe637b2bd2710d43d6899f14c5913e83b684efe2ba6fca9d029,19,sector,sector_3,Sector 3,aggravated_assault,Agg. Assault,year_to_date,percent_change,percent,2026,2022,4,15.0,0.15,15%,,not_checkable,,,wilmington-compstat-v2,validated
weekly-2026-09-20-r1,weekly_compstat,2026-09-14,2026-09-20,1,224441568f81ffe637b2bd2710d43d6899f14c5913e83b684efe2ba6fca9d029,19,sector,sector_3,Sector 3,aggravated_assault,Agg. Assault,year_to_date,percent_change,percent,2026,2021,5,-9.0,-0.09,-9%,,not_checkable,,,wilmington-compstat-v2,validated
weekly-2026-09-20-r1,weekly_compstat,2026-09-14,2026-09-20,1,224441568f81ffe637b2bd2710d43d6899f14c5913e83b684efe2ba6fca9d029,19,sector,sector_3,Sector 3,aggravated_assault,Agg. Assault,year_to_date,percent_change,percent,2026,2020,6,9.0,0.09,9%,,not_checkable,,,wilmington-compstat-v2,validated
weekly-2026-09-20-r1,weekly_compstat,2026-09-14,2026-09-20,1,224441568f81ffe637b2bd2710d43d6899f14c5913e83b684efe2ba6fca9d029,19,sector,sector_3,Sector 3,burglary,Burglary,last_7_days,count,count,2026,,,1,,1,,not_applicable,,,wilmington-compstat-v2,validated
weekly-2026-09-20-r1,weekly_compstat,2026-09-14,2026-09-20,1,224441568f81ffe637b2bd2710d43d6899f14c5913e83b684efe2ba6fca9d029,19,sector,sector_3,Sector 3,burglary,Burglary,last_7_days,count,count,2025,,,3,,3,,not_applicable,,,wilmington-compstat-v2,validated
weekly-2026-09-20-r1,weekly_compstat,2026-09-14,2026-09-20,1,224441568f81ffe637b2bd2710d43d6899f14c5913e83b684efe2ba6fca9d029,19,sector,sector_3,Sector 3,burglary,Burglary,last_7_days,percent_change,percent,2026,2025,1,-67.0,-0.67,-67%,-66.666667,matched,,,wilmington-compstat-v2,validated
weekly-2026-09-20-r1,weekly_compstat,2026-09-14,2026-09-20,1,224441568f81ffe637b2bd2710d43d6899f14c5913e83b684efe2ba6fca9d029,19,sector,sector_3,Sector 3,burglary,Burglary,last_28_days,count,count,2026,,,7,,7,,not_applicable,,,wilmington-compstat-v2,validated
weekly-2026-09-20-r1,weekly_compstat,2026-09-14,2026-09-20,1,224441568f81ffe637b2bd2710d43d6899f14c5913e83b684efe2ba6fca9d029,19,sector,sector_3,Sector 3,burglary,Burglary,last_28_days,count,count,2025,,,13,,13,,not_applicable,,,wilmington-compstat-v2,validated
weekly-2026-09-20-r1,weekly_compstat,2026-09-14,2026-09-20,1,224441568f81ffe637b2bd2710d43d6899f14c5913e83b684efe2ba6fca9d029,19,sector,sector_3,Sector 3,burglary,Burglary,last_28_days,percent_change,percent,2026,2025,1,-46.0,-0.46,-46%,-46.153846,matched,,,wilmington-compstat-v2,validated
weekly-2026-09-20-r1,weekly_compstat,2026-09-14,2026-09-20,1,224441568f81ffe637b2bd2710d43d6899f14c5913e83b684efe2ba6fca9d029,19,sector,sector_3,Sector 3,burglary,Burglary,year_to_date,count,count,2026,,,96,,96,,not_applicable,,,wilmington-compstat-v2,validated
weekly-2026-09-20-r1,weekly_compstat,2026-09-14,2026-09-20,1,224441568f81ffe637b2bd2710d43d6899f14c5913e83b684efe2ba6fca9d029,19,sector,sector_3,Sector 3,burglary,Burglary,year_to_date,count,count,2025,,,94,,94,,not_applicable,,,wilmington-compstat-v2,validated
weekly-2026-09-20-r1,weekly_compstat,2026-09-14,2026-09-20,1,224441568f81ffe637b2bd2710d43d6899f14c5913e83b684efe2ba6fca9d029,19,sector,sector_3,Sector 3,burglary,Burglary,year_to_date,percent_change,percent,2026,2025,1,2.0,0.02,2%,2.12766,matched,,,wilmington-compstat-v2,validated
weekly-2026-09-20-r1,weekly_compstat,2026-09-14,2026-09-20,1,224441568f81ffe637b2bd2710d43d6899f14c5913e83b684efe2ba6fca9d029,19,sector,sector_3,Sector 3,burglary,Burglary,year_to_date,percent_change,percent,2026,2024,2,17.0,0.17,17%,,not_checkable,,,wilmington-compstat-v2,validated
weekly-2026-09-20-r1,weekly_compstat,2026-09-14,2026-09-20,1,224441568f81ffe637b2bd2710d43d6899f14c5913e83b684efe2ba6fca9d029,19,sector,sector_3,Sector 3,burglary,Burglary,year_to_date,percent_change,percent,2026,2023,3,-9.0,-0.09,-9%,,not_checkable,,,wilmington-compstat-v2,validated
weekly-2026-09-20-r1,weekly_compstat,2026-09-14,2026-09-20,1,224441568f81ffe637b2bd2710d43d6899f14c5913e83b684efe2ba6fca9d029,19,sector,sector_3,Sector 3,burglary,Burglary,year_to_date,percent_change,percent,2026,2022,4,-21.0,-0.21,-21%,,not_checkable,,,wilmington-compstat-v2,validated
weekly-2026-09-20-r1,weekly_compstat,2026-09-14,2026-09-20,1,224441568f81ffe637b2bd2710d43d6899f14c5913e83b684efe2ba6fca9d029,19,sector,sector_3,Sector 3,burglary,Burglary,year_to_date,percent_change,percent,2026,2021,5,-29.0,-0.29,-29%,,not_checkable,,,wilmington-compstat-v2,validated
weekly-2026-09-20-r1,weekly_compstat,2026-09-14,2026-09-20,1,224441568f81ffe637b2bd2710d43d6899f14c5913e83b684efe2ba6fca9d029,19,sector,sector_3,Sector 3,burglary,Burglary,year_to_date,percent_change,percent,2026,2020,6,-39.0,-0.39,-39%,,not_checkable,,,wilmington-compstat-v2,validated
weekly-2026-09-20-r1,weekly_compstat,2026-09-14,2026-09-20,1,224441568f81ffe637b2bd2710d43d6899f14c5913e83b684efe2ba6fca9d029,19,sector,sector_3,Sector 3,felony_theft,Felony Theft,last_7_days,count,count,2026,,,4,,4,,not_applicable,,,wilmington-compstat-v2,validated
weekly-2026-09-20-r1,weekly_compstat,2026-09-14,2026-09-20,1,224441568f81ffe637b2bd2710d43d6899f14c5913e83b684efe2ba6fca9d029,19,sector,sector_3,Sector 3,felony_theft,Felony Theft,last_7_days,count,count,2025,,,2,,2,,not_applicable,,,wilmington-compstat-v2,validated
weekly-2026-09-20-r1,weekly_compstat,2026-09-14,2026-09-20,1,224441568f81ffe637b2bd2710d43d6899f14c5913e83b684efe2ba6fca9d029,19,sector,sector_3,Sector 3,felony_theft,Felony Theft,last_7_days,percent_change,percent,2026,2025,1,100.0,1.0,100%,100.0,matched,,,wilmington-compstat-v2,validated
weekly-2026-09-20-r1,weekly_compstat,2026-09-14,2026-09-20,1,224441568f81ffe637b2bd2710d43d6899f14c5913e83b684efe2ba6fca9d029,19,sector,sector_3,Sector 3,felony_theft,Felony Theft,last_28_days,count,count,2026,,,6,,6,,not_applicable,,,wilmington-compstat-v2,validated
weekly-2026-09-20-r1,weekly_compstat,2026-09-14,2026-09-20,1,224441568f81ffe637b2bd2710d43d6899f14c5913e83b684efe2ba6fca9d029,19,sector,sector_3,Sector 3,felony_theft,Felony Theft,last_28_days,count,count,2025,,,6,,6,,not_applicable,,,wilmington-compstat-v2,validated
weekly-2026-09-20-r1,weekly_compstat,2026-09-14,2026-09-20,1,224441568f81ffe637b2bd2710d43d6899f14c5913e83b684efe2ba6fca9d029,19,sector,sector_3,Sector 3,felony_theft,Felony Theft,last_28_days,percent_change,percent,2026,2025,1,0.0,0.0,0%,0.0,matched,,,wilmington-compstat-v2,validated
weekly-2026-09-20-r1,weekly_compstat,2026-09-14,2026-09-20,1,224441568f81ffe637b2bd2710d43d6899f14c5913e83b684efe2ba6fca9d029,19,sector,sector_3,Sector 3,felony_theft,Felony Theft,year_to_date,count,count,2026,,,51,,51,,not_applicable,,,wilmington-compstat-v2,validated
weekly-2026-09-20-r1,weekly_compstat,2026-09-14,2026-09-20,1,224441568f81ffe637b2bd2710d43d6899f14c5913e83b684efe2ba6fca9d029,19,sector,sector_3,Sector 3,felony_theft,Felony Theft,year_to_date,count,count,2025,,,60,,60,,not_applicable,,,wilmington-compstat-v2,validated
weekly-2026-09-20-r1,weekly_compstat,2026-09-14,2026-09-20,1,224441568f81ffe637b2bd2710d43d6899f14c5913e83b684efe2ba6fca9d029,19,sector,sector_3,Sector 3,felony_theft,Felony Theft,year_to_date,percent_change,percent,2026,2025,1,-15.0,-0.15,-15%,-15.0,matched,,,wilmington-compstat-v2,validated
weekly-2026-09-20-r1,weekly_compstat,2026-09-14,2026-09-20,1,224441568f81ffe637b2bd2710d43d6899f14c5913e83b684efe2ba6fca9d029,19,sector,sector_3,Sector 3,felony_theft,Felony Theft,year_to_date,percent_change,percent,2026,2024,2,-16.0,-0.16,-16%,,not_checkable,,,wilmington-compstat-v2,validated
weekly-2026-09-20-r1,weekly_compstat,2026-09-14,2026-09-20,1,224441568f81ffe637b2bd2710d43d6899f14c5913e83b684efe2ba6fca9d029,19,sector,sector_3,Sector 3,felony_theft,Felony Theft,year_to_date,percent_change,percent,2026,2023,3,-39.0,-0.39,-39%,,not_checkable,,,wilmington-compstat-v2,validated
weekly-2026-09-20-r1,weekly_compstat,2026-09-14,2026-09-20,1,224441568f81ffe637b2bd2710d43d6899f14c5913e83b684efe2ba6fca9d029,19,sector,sector_3,Sector 3,felony_theft,Felony Theft,year_to_date,percent_change,percent,2026,2022,4,-37.0,-0.37,-37%,,not_checkable,,,wilmington-compstat-v2,validated
weekly-2026-09-20-r1,weekly_compstat,2026-09-14,2026-09-20,1,224441568f81ffe637b2bd2710d43d6899f14c5913e83b684efe2ba6fca9d029,19,sector,sector_3,Sector 3,felony_theft,Felony Theft,year_to_date,percent_change,percent,2026,2021,5,-48.0,-0.48,-48%,,not_checkable,,,wilmington-compstat-v2,validated
weekly-2026-09-20-r1,weekly_compstat,2026-09-14,2026-09-20,1,224441568f81ffe637b2bd2710d43d6899f14c5913e83b684efe2ba6fca9d029,19,sector,sector_3,Sector 3,felony_theft,Felony Theft,year_to_date,percent_change,percent,2026,2020,6,-15.0,-0.15,-15%,,not_checkable,,,wilmington-compstat-v2,validated
weekly-2026-09-20-r1,weekly_compstat,2026-09-14,2026-09-20,1,224441568f81ffe637b2bd2710d43d6899f14c5913e83b684efe2ba6fca9d029,19,sector,sector_3,Sector 3,auto_theft,Auto Theft,last_7_days,count,count,2026,,,3,,3,,not_applicable,,,wilmington-compstat-v2,validated
weekly-2026-09-20-r1,weekly_compstat,2026-09-14,2026-09-20,1,224441568f81ffe637b2bd2710d43d6899f14c5913e83b684efe2ba6fca9d029,19,sector,sector_3,Sector 3,auto_theft,Auto Theft,last_7_days,count,count,2025,,,1,,1,,not_applicable,,,wilmington-compstat-v2,validated
weekly-2026-09-20-r1,weekly_compstat,2026-09-14,2026-09-20,1,224441568f81ffe637b2bd2710d43d6899f14c5913e83b684efe2ba6fca9d029,19,sector,sector_3,Sector 3,auto_theft,Auto Theft,last_7_days,percent_change,percent,2026,2025,1,200.0,2.0,200%,200.0,matched,,,wilmington-compstat-v2,validated
weekly-2026-09-20-r1,weekly_compstat,2026-09-14,2026-09-20,1,224441568f81ffe637b2bd2710d43d6899f14c5913e83b684efe2ba6fca9d029,19,sector,sector_3,Sector 3,auto_theft,Auto Theft,last_28_days,count,count,2026,,,10,,10,,not_applicable,,,wilmington-compstat-v2,validated
weekly-2026-09-20-r1,weekly_compstat,2026-09-14,2026-09-20,1,224441568f81ffe637b2bd2710d43d6899f14c5913e83b684efe2ba6fca9d029,19,sector,sector_3,Sector 3,auto_theft,Auto Theft,last_28_days,count,count,2025,,,9,,9,,not_applicable,,,wilmington-compstat-v2,validated
weekly-2026-09-20-r1,weekly_compstat,2026-09-14,2026-09-20,1,224441568f81ffe637b2bd2710d43d6899f14c5913e83b684efe2ba6fca9d029,19,sector,sector_3,Sector 3,auto_theft,Auto Theft,last_28_days,percent_change,percent,2026,2025,1,11.0,0.11,11%,11.111111,matched,,,wilmington-compstat-v2,validated
weekly-2026-09-20-r1,weekly_compstat,2026-09-14,2026-09-20,1,224441568f81ffe637b2bd2710d43d6899f14c5913e83b684efe2ba6fca9d029,19,sector,sector_3,Sector 3,auto_theft,Auto Theft,year_to_date,count,count,2026,,,71,,71,,not_applicable,,,wilmington-compstat-v2,validated
weekly-2026-09-20-r1,weekly_compstat,2026-09-14,2026-09-20,1,224441568f81ffe637b2bd2710d43d6899f14c5913e83b684efe2ba6fca9d029,19,sector,sector_3,Sector 3,auto_theft,Auto Theft,year_to_date,count,count,2025,,,129,,129,,not_applicable,,,wilmington-compstat-v2,validated
weekly-2026-09-20-r1,weekly_compstat,2026-09-14,2026-09-20,1,224441568f81ffe637b2bd2710d43d6899f14c5913e83b684efe2ba6fca9d029,19,sector,sector_3,Sector 3,auto_theft,Auto Theft,year_to_date,percent_change,percent,2026,2025,1,-45.0,-0.45,-45%,-44.96124,matched,,,wilmington-compstat-v2,validated
weekly-2026-09-20-r1,weekly_compstat,2026-09-14,2026-09-20,1,224441568f81ffe637b2bd2710d43d6899f14c5913e83b684efe2ba6fca9d029,19,sector,sector_3,Sector 3,auto_theft,Auto Theft,year_to_date,percent_change,percent,2026,2024,2,-53.0,-0.53,-53%,,not_checkable,,,wilmington-compstat-v2,validated
weekly-2026-09-20-r1,weekly_compstat,2026-09-14,2026-09-20,1,224441568f81ffe637b2bd2710d43d6899f14c5913e83b684efe2ba6fca9d029,19,sector,sector_3,Sector 3,auto_theft,Auto Theft,year_to_date,percent_change,percent,2026,2023,3,-54.0,-0.54,-54%,,not_checkable,,,wilmington-compstat-v2,validated
weekly-2026-09-20-r1,weekly_compstat,2026-09-14,2026-09-20,1,224441568f81ffe637b2bd2710d43d6899f14c5913e83b684efe2ba6fca9d029,19,sector,sector_3,Sector 3,auto_theft,Auto Theft,year_to_date,percent_change,percent,2026,2022,4,-28.0,-0.28,-28%,,not_checkable,,,wilmington-compstat-v2,validated
weekly-2026-09-20-r1,weekly_compstat,2026-09-14,2026-09-20,1,224441568f81ffe637b2bd2710d43d6899f14c5913e83b684efe2ba6fca9d029,19,sector,sector_3,Sector 3,auto_theft,Auto Theft,year_to_date,percent_change,percent,2026,2021,5,-40.0,-0.4,-40%,,not_checkable,,,wilmington-compstat-v2,validated
weekly-2026-09-20-r1,weekly_compstat,2026-09-14,2026-09-20,1,224441568f81ffe637b2bd2710d43d6899f14c5913e83b684efe2ba6fca9d029,19,sector,sector_3,Sector 3,auto_theft,Auto Theft,year_to_date,percent_change,percent,2026,2020,6,-25.0,-0.25,-25%,,not_checkable,,,wilmington-compstat-v2,validated
weekly-2026-09-20-r1,weekly_compstat,2026-09-14,2026-09-20,1,224441568f81ffe637b2bd2710d43d6899f14c5913e83b684efe2ba6fca9d029,19,sector,sector_3,Sector 3,major_crime_total,TOTAL,last_7_days,count,count,2026,,,12,,12,,not_applicable,,,wilmington-compstat-v2,validated
weekly-2026-09-20-r1,weekly_compstat,2026-09-14,2026-09-20,1,224441568f81ffe637b2bd2710d43d6899f14c5913e83b684efe2ba6fca9d029,19,sector,sector_3,Sector 3,major_crime_total,TOTAL,last_7_days,count,count,2025,,,14,,14,,not_applicable,,,wilmington-compstat-v2,validated
weekly-2026-09-20-r1,weekly_compstat,2026-09-14,2026-09-20,1,224441568f81ffe637b2bd2710d43d6899f14c5913e83b684efe2ba6fca9d029,19,sector,sector_3,Sector 3,major_crime_total,TOTAL,last_7_days,percent_change,percent,2026,2025,1,-14.0,-0.14,-14%,-14.285714,matched,,,wilmington-compstat-v2,validated
weekly-2026-09-20-r1,weekly_compstat,2026-09-14,2026-09-20,1,224441568f81ffe637b2bd2710d43d6899f14c5913e83b684efe2ba6fca9d029,19,sector,sector_3,Sector 3,major_crime_total,TOTAL,last_28_days,count,count,2026,,,40,,40,,not_applicable,,,wilmington-compstat-v2,validated
weekly-2026-09-20-r1,weekly_compstat,2026-09-14,2026-09-20,1,224441568f81ffe637b2bd2710d43d6899f14c5913e83b684efe2ba6fca9d029,19,sector,sector_3,Sector 3,major_crime_total,TOTAL,last_28_days,count,count,2025,,,53,,53,,not_applicable,,,wilmington-compstat-v2,validated
weekly-2026-09-20-r1,weekly_compstat,2026-09-14,2026-09-20,1,224441568f81ffe637b2bd2710d43d6899f14c5913e83b684efe2ba6fca9d029,19,sector,sector_3,Sector 3,major_crime_total,TOTAL,last_28_days,percent_change,percent,2026,2025,1,-25.0,-0.25,-25%,-24.528302,matched,,,wilmington-compstat-v2,validated
weekly-2026-09-20-r1,weekly_compstat,2026-09-14,2026-09-20,1,224441568f81ffe637b2bd2710d43d6899f14c5913e83b684efe2ba6fca9d029,19,sector,sector_3,Sector 3,major_crime_total,TOTAL,year_to_date,count,count,2026,,,382,,382,,not_applicable,,,wilmington-compstat-v2,validated
weekly-2026-09-20-r1,weekly_compstat,2026-09-14,2026-09-20,1,224441568f81ffe637b2bd2710d43d6899f14c5913e83b684efe2ba6fca9d029,19,sector,sector_3,Sector 3,major_crime_total,TOTAL,year_to_date,count,count,2025,,,454,,454,,not_applicable,,,wilmington-compstat-v2,validated
weekly-2026-09-20-r1,weekly_compstat,2026-09-14,2026-09-20,1,224441568f81ffe637b2bd2710d43d6899f14c5913e83b684efe2ba6fca9d029,19,sector,sector_3,Sector 3,major_crime_total,TOTAL,year_to_date,percent_change,percent,2026,2025,1,-16.0,-0.16,-16%,-15.859031,matched,,,wilmington-compstat-v2,validated
weekly-2026-09-20-r1,weekly_compstat,2026-09-14,2026-09-20,1,224441568f81ffe637b2bd2710d43d6899f14c5913e83b684efe2ba6fca9d029,19,sector,sector_3,Sector 3,major_crime_total,TOTAL,year_to_date,percent_change,percent,2026,2024,2,-12.0,-0.12,-12%,,not_checkable,,,wilmington-compstat-v2,validated
weekly-2026-09-20-r1,weekly_compstat,2026-09-14,2026-09-20,1,224441568f81ffe637b2bd2710d43d6899f14c5913e83b684efe2ba6fca9d029,19,sector,sector_3,Sector 3,major_crime_total,TOTAL,year_to_date,percent_change,percent,2026,2023,3,-23.0,-0.23,-23%,,not_checkable,,,wilmington-compstat-v2,validated
weekly-2026-09-20-r1,weekly_compstat,2026-09-14,2026-09-20,1,224441568f81ffe637b2bd2710d43d6899f14c5913e83b684efe2ba6fca9d029,19,sector,sector_3,Sector 3,major_crime_total,TOTAL,year_to_date,percent_change,percent,2026,2022,4,-17.0,-0.17,-17%,,not_checkable,,,wilmington-compstat-v2,validated
weekly-2026-09-20-r1,weekly_compstat,2026-09-14,2026-09-20,1,224441568f81ffe637b2bd2710d43d6899f14c5913e83b684efe2ba6fca9d029,19,sector,sector_3,Sector 3,major_crime_total,TOTAL,year_to_date,percent_change,percent,2026,2021,5,-27.0,-0.27,-27%,,not_checkable,,,wilmington-compstat-v2,validated
weekly-2026-09-20-r1,weekly_compstat,2026-09-14,2026-09-20,1,224441568f81ffe637b2bd2710d43d6899f14c5913e83b684efe2ba6fca9d029,19,sector,sector_3,Sector 3,major_crime_total,TOTAL,year_to_date,percent_change,percent,2026,2020,6,-19.0,-0.19,-19%,,not_checkable,,,wilmington-compstat-v2,validated
weekly-2026-09-20-r1,weekly_compstat,2026-09-14,2026-09-20,1,224441568f81ffe637b2bd2710d43d6899f14c5913e83b684efe2ba6fca9d029,19,sector,sector_3,Sector 3,shooting_incidents,Shooting Incidents,last_7_days,count,count,2026,,,1,,1,,not_applicable,,,wilmington-compstat-v2,validated
weekly-2026-09-20-r1,weekly_compstat,2026-09-14,2026-09-20,1,224441568f81ffe637b2bd2710d43d6899f14c5913e83b684efe2ba6fca9d029,19,sector,sector_3,Sector 3,shooting_incidents,Shooting Incidents,last_7_days,count,count,2025,,,2,,2,,not_applicable,,,wilmington-compstat-v2,validated
weekly-2026-09-20-r1,weekly_compstat,2026-09-14,2026-09-20,1,224441568f81ffe637b2bd2710d43d6899f14c5913e83b684efe2ba6fca9d029,19,sector,sector_3,Sector 3,shooting_incidents,Shooting Incidents,last_7_days,percent_change,percent,2026,2025,1,-50.0,-0.5,-50%,-50.0,matched,,,wilmington-compstat-v2,validated
weekly-2026-09-20-r1,weekly_compstat,2026-09-14,2026-09-20,1,224441568f81ffe637b2bd2710d43d6899f14c5913e83b684efe2ba6fca9d029,19,sector,sector_3,Sector 3,shooting_incidents,Shooting Incidents,last_28_days,count,count,2026,,,3,,3,,not_applicable,,,wilmington-compstat-v2,validated
weekly-2026-09-20-r1,weekly_compstat,2026-09-14,2026-09-20,1,224441568f81ffe637b2bd2710d43d6899f14c5913e83b684efe2ba6fca9d029,19,sector,sector_3,Sector 3,shooting_incidents,Shooting Incidents,last_28_days,count,count,2025,,,6,,6,,not_applicable,,,wilmington-compstat-v2,validated
weekly-2026-09-20-r1,weekly_compstat,2026-09-14,2026-09-20,1,224441568f81ffe637b2bd2710d43d6899f14c5913e83b684efe2ba6fca9d029,19,sector,sector_3,Sector 3,shooting_incidents,Shooting Incidents,last_28_days,percent_change,percent,2026,2025,1,-50.0,-0.5,-50%,-50.0,matched,,,wilmington-compstat-v2,validated
weekly-2026-09-20-r1,weekly_compstat,2026-09-14,2026-09-20,1,224441568f81ffe637b2bd2710d43d6899f14c5913e83b684efe2ba6fca9d029,19,sector,sector_3,Sector 3,shooting_incidents,Shooting Incidents,year_to_date,count,count,2026,,,16,,16,,not_applicable,,,wilmington-compstat-v2,validated
weekly-2026-09-20-r1,weekly_compstat,2026-09-14,2026-09-20,1,224441568f81ffe637b2bd2710d43d6899f14c5913e83b684efe2ba6fca9d029,19,sector,sector_3,Sector 3,shooting_incidents,Shooting Incidents,year_to_date,count,count,2025,,,19,,19,,not_applicable,,,wilmington-compstat-v2,validated
weekly-2026-09-20-r1,weekly_compstat,2026-09-14,2026-09-20,1,224441568f81ffe637b2bd2710d43d6899f14c5913e83b684efe2ba6fca9d029,19,sector,sector_3,Sector 3,shooting_incidents,Shooting Incidents,year_to_date,percent_change,percent,2026,2025,1,-16.0,-0.16,-16%,-15.789474,matched,,,wilmington-compstat-v2,validated
weekly-2026-09-20-r1,weekly_compstat,2026-09-14,2026-09-20,1,224441568f81ffe637b2bd2710d43d6899f14c5913e83b684efe2ba6fca9d029,19,sector,sector_3,Sector 3,shooting_incidents,Shooting Incidents,year_to_date,percent_change,percent,2026,2024,2,7.0,0.07,7%,,not_checkable,,,wilmington-compstat-v2,validated
weekly-2026-09-20-r1,weekly_compstat,2026-09-14,2026-09-20,1,224441568f81ffe637b2bd2710d43d6899f14c5913e83b684efe2ba6fca9d029,19,sector,sector_3,Sector 3,shooting_incidents,Shooting Incidents,year_to_date,percent_change,percent,2026,2023,3,-24.0,-0.24,-24%,,not_checkable,,,wilmington-compstat-v2,validated
weekly-2026-09-20-r1,weekly_compstat,2026-09-14,2026-09-20,1,224441568f81ffe637b2bd2710d43d6899f14c5913e83b684efe2ba6fca9d029,19,sector,sector_3,Sector 3,shooting_incidents,Shooting Incidents,year_to_date,percent_change,percent,2026,2022,4,0.0,0.0,0%,,not_checkable,,,wilmington-compstat-v2,validated
weekly-2026-09-20-r1,weekly_compstat,2026-09-14,2026-09-20,1,224441568f81ffe637b2bd2710d43d6899f14c5913e83b684efe2ba6fca9d029,19,sector,sector_3,Sector 3,shooting_incidents,Shooting Incidents,year_to_date,percent_change,percent,2026,2021,5,-20.0,-0.2,-20%,,not_checkable,,,wilmington-compstat-v2,validated
weekly-2026-09-20-r1,weekly_compstat,2026-09-14,2026-09-20,1,224441568f81ffe637b2bd2710d43d6899f14c5913e83b684efe2ba6fca9d029,19,sector,sector_3,Sector 3,shooting_incidents,Shooting Incidents,year_to_date,percent_change,percent,2026,2020,6,-30.0,-0.3,-30%,,not_checkable,,,wilmington-compstat-v2,validated
weekly-2026-09-20-r1,weekly_compstat,2026-09-14,2026-09-20,1,224441568f81ffe637b2bd2710d43d6899f14c5913e83b684efe2ba6fca9d029,19,sector,sector_3,Sector 3,shooting_victims,Shooting Victims,last_7_days,count,count,2026,,,1,,1,,not_applicable,,,wilmington-compstat-v2,validated
weekly-2026-09-20-r1,weekly_compstat,2026-09-14,2026-09-20,1,224441568f81ffe637b2bd2710d43d6899f14c5913e83b684efe2ba6fca9d029,19,sector,sector_3,Sector 3,shooting_victims,Shooting Victims,last_7_days,count,count,2025,,,2,,2,,not_applicable,,,wilmington-compstat-v2,validated
weekly-2026-09-20-r1,weekly_compstat,2026-09-14,2026-09-20,1,224441568f81ffe637b2bd2710d43d6899f14c5913e83b684efe2ba6fca9d029,19,sector,sector_3,Sector 3,shooting_victims,Shooting Victims,last_7_days,percent_change,percent,2026,2025,1,-50.0,-0.5,-50%,-50.0,matched,,,wilmington-compstat-v2,validated
weekly-2026-09-20-r1,weekly_compstat,2026-09-14,2026-09-20,1,224441568f81ffe637b2bd2710d43d6899f14c5913e83b684efe2ba6fca9d029,19,sector,sector_3,Sector 3,shooting_victims,Shooting Victims,last_28_days,count,count,2026,,,5,,5,,not_applicable,,,wilmington-compstat-v2,validated
weekly-2026-09-20-r1,weekly_compstat,2026-09-14,2026-09-20,1,224441568f81ffe637b2bd2710d43d6899f14c5913e83b684efe2ba6fca9d029,19,sector,sector_3,Sector 3,shooting_victims,Shooting Victims,last_28_days,count,count,2025,,,7,,7,,not_applicable,,,wilmington-compstat-v2,validated
weekly-2026-09-20-r1,weekly_compstat,2026-09-14,2026-09-20,1,224441568f81ffe637b2bd2710d43d6899f14c5913e83b684efe2ba6fca9d029,19,sector,sector_3,Sector 3,shooting_victims,Shooting Victims,last_28_days,percent_change,percent,2026,2025,1,-29.0,-0.29,-29%,-28.571429,matched,,,wilmington-compstat-v2,validated
weekly-2026-09-20-r1,weekly_compstat,2026-09-14,2026-09-20,1,224441568f81ffe637b2bd2710d43d6899f14c5913e83b684efe2ba6fca9d029,19,sector,sector_3,Sector 3,shooting_victims,Shooting Victims,year_to_date,count,count,2026,,,22,,22,,not_applicable,,,wilmington-compstat-v2,validated
weekly-2026-09-20-r1,weekly_compstat,2026-09-14,2026-09-20,1,224441568f81ffe637b2bd2710d43d6899f14c5913e83b684efe2ba6fca9d029,19,sector,sector_3,Sector 3,shooting_victims,Shooting Victims,year_to_date,count,count,2025,,,24,,24,,not_applicable,,,wilmington-compstat-v2,validated
weekly-2026-09-20-r1,weekly_compstat,2026-09-14,2026-09-20,1,224441568f81ffe637b2bd2710d43d6899f14c5913e83b684efe2ba6fca9d029,19,sector,sector_3,Sector 3,shooting_victims,Shooting Victims,year_to_date,percent_change,percent,2026,2025,1,-8.0,-0.08,-8%,-8.333333,matched,,,wilmington-compstat-v2,validated
weekly-2026-09-20-r1,weekly_compstat,2026-09-14,2026-09-20,1,224441568f81ffe637b2bd2710d43d6899f14c5913e83b684efe2ba6fca9d029,19,sector,sector_3,Sector 3,shooting_victims,Shooting Victims,year_to_date,percent_change,percent,2026,2024,2,29.0,0.29,29%,,not_checkable,,,wilmington-compstat-v2,validated
weekly-2026-09-20-r1,weekly_compstat,2026-09-14,2026-09-20,1,224441568f81ffe637b2bd2710d43d6899f14c5913e83b684efe2ba6fca9d029,19,sector,sector_3,Sector 3,shooting_victims,Shooting Victims,year_to_date,percent_change,percent,2026,2023,3,-12.0,-0.12,-12%,,not_checkable,,,wilmington-compstat-v2,validated
weekly-2026-09-20-r1,weekly_compstat,2026-09-14,2026-09-20,1,224441568f81ffe637b2bd2710d43d6899f14c5913e83b684efe2ba6fca9d029,19,sector,sector_3,Sector 3,shooting_victims,Shooting Victims,year_to_date,percent_change,percent,2026,2022,4,16.0,0.16,16%,,not_checkable,,,wilmington-compstat-v2,validated
weekly-2026-09-20-r1,weekly_compstat,2026-09-14,2026-09-20,1,224441568f81ffe637b2bd2710d43d6899f14c5913e83b684efe2ba6fca9d029,19,sector,sector_3,Sector 3,shooting_victims,Shooting Victims,year_to_date,percent_change,percent,2026,2021,5,-4.0,-0.04,-4%,,not_checkable,,,wilmington-compstat-v2,validated
weekly-2026-09-20-r1,weekly_compstat,2026-09-14,2026-09-20,1,224441568f81ffe637b2bd2710d43d6899f14c5913e83b684efe2ba6fca9d029,19,sector,sector_3,Sector 3,shooting_victims,Shooting Victims,year_to_date,percent_change,percent,2026,2020,6,-31.0,-0.31,-31%,,not_checkable,,,wilmington-compstat-v2,validated
weekly-2026-09-20-r1,weekly_compstat,2026-09-14,2026-09-20,1,224441568f81ffe637b2bd2710d43d6899f14c5913e83b684efe2ba6fca9d029,19,sector,sector_3,Sector 3,juvenile_shooting_incidents,*Juv Shooting Incidents,last_7_days,count,count,2026,,,0,,0,,not_applicable,,,wilmington-compstat-v2,validated
weekly-2026-09-20-r1,weekly_compstat,2026-09-14,2026-09-20,1,224441568f81ffe637b2bd2710d43d6899f14c5913e83b684efe2ba6fca9d029,19,sector,sector_3,Sector 3,juvenile_shooting_incidents,*Juv Shooting Incidents,last_7_days,count,count,2025,,,0,,0,,not_applicable,,,wilmington-compstat-v2,validated
weekly-2026-09-20-r1,weekly_compstat,2026-09-14,2026-09-20,1,224441568f81ffe637b2bd2710d43d6899f14c5913e83b684efe2ba6fca9d029,19,sector,sector_3,Sector 3,juvenile_shooting_incidents,*Juv Shooting Incidents,last_7_days,percent_change,percent,2026,2025,1,,,*,,undefined_zero_denominator,,undefined_zero_denominator,wilmington-compstat-v2,validated
weekly-2026-09-20-r1,weekly_compstat,2026-09-14,2026-09-20,1,224441568f81ffe637b2bd2710d43d6899f14c5913e83b684efe2ba6fca9d029,19,sector,sector_3,Sector 3,juvenile_shooting_incidents,*Juv Shooting Incidents,last_28_days,count,count,2026,,,1,,1,,not_applicable,,,wilmington-compstat-v2,validated
weekly-2026-09-20-r1,weekly_compstat,2026-09-14,2026-09-20,1,224441568f81ffe637b2bd2710d43d6899f14c5913e83b684efe2ba6fca9d029,19,sector,sector_3,Sector 3,juvenile_shooting_incidents,*Juv Shooting Incidents,last_28_days,count,count,2025,,,1,,1,,not_applicable,,,wilmington-compstat-v2,validated
weekly-2026-09-20-r1,weekly_compstat,2026-09-14,2026-09-20,1,224441568f81ffe637b2bd2710d43d6899f14c5913e83b684efe2ba6fca9d029,19,sector,sector_3,Sector 3,juvenile_shooting_incidents,*Juv Shooting Incidents,last_28_days,percent_change,percent,2026,2025,1,0.0,0.0,0%,0.0,matched,,,wilmington-compstat-v2,validated
weekly-2026-09-20-r1,weekly_compstat,2026-09-14,2026-09-20,1,224441568f81ffe637b2bd2710d43d6899f14c5913e83b684efe2ba6fca9d029,19,sector,sector_3,Sector 3,juvenile_shooting_incidents,*Juv Shooting Incidents,year_to_date,count,count,2026,,,5,,5,,not_applicable,,,wilmington-compstat-v2,validated
weekly-2026-09-20-r1,weekly_compstat,2026-09-14,2026-09-20,1,224441568f81ffe637b2bd2710d43d6899f14c5913e83b684efe2ba6fca9d029,19,sector,sector_3,Sector 3,juvenile_shooting_incidents,*Juv Shooting Incidents,year_to_date,count,count,2025,,,5,,5,,not_applicable,,,wilmington-compstat-v2,validated
weekly-2026-09-20-r1,weekly_compstat,2026-09-14,2026-09-20,1,224441568f81ffe637b2bd2710d43d6899f14c5913e83b684efe2ba6fca9d029,19,sector,sector_3,Sector 3,juvenile_shooting_incidents,*Juv Shooting Incidents,year_to_date,percent_change,percent,2026,2025,1,0.0,0.0,0%,0.0,matched,,,wilmington-compstat-v2,validated
weekly-2026-09-20-r1,weekly_compstat,2026-09-14,2026-09-20,1,224441568f81ffe637b2bd2710d43d6899f14c5913e83b684efe2ba6fca9d029,19,sector,sector_3,Sector 3,juvenile_shooting_incidents,*Juv Shooting Incidents,year_to_date,percent_change,percent,2026,2024,2,67.0,0.67,67%,,not_checkable,,,wilmington-compstat-v2,validated
weekly-2026-09-20-r1,weekly_compstat,2026-09-14,2026-09-20,1,224441568f81ffe637b2bd2710d43d6899f14c5913e83b684efe2ba6fca9d029,19,sector,sector_3,Sector 3,juvenile_shooting_incidents,*Juv Shooting Incidents,year_to_date,percent_change,percent,2026,2023,3,67.0,0.67,67%,,not_checkable,,,wilmington-compstat-v2,validated
weekly-2026-09-20-r1,weekly_compstat,2026-09-14,2026-09-20,1,224441568f81ffe637b2bd2710d43d6899f14c5913e83b684efe2ba6fca9d029,19,sector,sector_3,Sector 3,juvenile_shooting_incidents,*Juv Shooting Incidents,year_to_date,percent_change,percent,2026,2022,4,0.0,0.0,0%,,not_checkable,,,wilmington-compstat-v2,validated
weekly-2026-09-20-r1,weekly_compstat,2026-09-14,2026-09-20,1,224441568f81ffe637b2bd2710d43d6899f14c5913e83b684efe2ba6fca9d029,19,sector,sector_3,Sector 3,juvenile_shooting_incidents,*Juv Shooting Incidents,year_to_date,percent_change,percent,2026,2021,5,150.0,1.5,150%,,not_checkable,,,wilmington-compstat-v2,validated
weekly-2026-09-20-r1,weekly_compstat,2026-09-14,2026-09-20,1,224441568f81ffe637b2bd2710d43d6899f14c5913e83b684efe2ba6fca9d029,19,sector,sector_3,Sector 3,juvenile_shooting_incidents,*Juv Shooting Incidents,year_to_date,percent_change,percent,2026,2020,6,-29.0,-0.29,-29%,,not_checkable,,,wilmington-compstat-v2,validated
weekly-2026-09-20-r1,weekly_compstat,2026-09-14,2026-09-20,1,224441568f81ffe637b2bd2710d43d6899f14c5913e83b684efe2ba6fca9d029,19,sector,sector_3,Sector 3,juvenile_shooting_victims,*Juv Shooting Victims,last_7_days,count,count,2026,,,0,,0,,not_applicable,,,wilmington-compstat-v2,validated
weekly-2026-09-20-r1,weekly_compstat,2026-09-14,2026-09-20,1,224441568f81ffe637b2bd2710d43d6899f14c5913e83b684efe2ba6fca9d029,19,sector,sector_3,Sector 3,juvenile_shooting_victims,*Juv Shooting Victims,last_7_days,count,count,2025,,,0,,0,,not_applicable,,,wilmington-compstat-v2,validated
weekly-2026-09-20-r1,weekly_compstat,2026-09-14,2026-09-20,1,224441568f81ffe637b2bd2710d43d6899f14c5913e83b684efe2ba6fca9d029,19,sector,sector_3,Sector 3,juvenile_shooting_victims,*Juv Shooting Victims,last_7_days,percent_change,percent,2026,2025,1,,,*,,undefined_zero_denominator,,undefined_zero_denominator,wilmington-compstat-v2,validated
weekly-2026-09-20-r1,weekly_compstat,2026-09-14,2026-09-20,1,224441568f81ffe637b2bd2710d43d6899f14c5913e83b684efe2ba6fca9d029,19,sector,sector_3,Sector 3,juvenile_shooting_victims,*Juv Shooting Victims,last_28_days,count,count,2026,,,1,,1,,not_applicable,,,wilmington-compstat-v2,validated
weekly-2026-09-20-r1,weekly_compstat,2026-09-14,2026-09-20,1,224441568f81ffe637b2bd2710d43d6899f14c5913e83b684efe2ba6fca9d029,19,sector,sector_3,Sector 3,juvenile_shooting_victims,*Juv Shooting Victims,last_28_days,count,count,2025,,,1,,1,,not_applicable,,,wilmington-compstat-v2,validated
weekly-2026-09-20-r1,weekly_compstat,2026-09-14,2026-09-20,1,224441568f81ffe637b2bd2710d43d6899f14c5913e83b684efe2ba6fca9d029,19,sector,sector_3,Sector 3,juvenile_shooting_victims,*Juv Shooting Victims,last_28_days,percent_change,percent,2026,2025,1,0.0,0.0,0%,0.0,matched,,,wilmington-compstat-v2,validated
weekly-2026-09-20-r1,weekly_compstat,2026-09-14,2026-09-20,1,224441568f81ffe637b2bd2710d43d6899f14c5913e83b684efe2ba6fca9d029,19,sector,sector_3,Sector 3,juvenile_shooting_victims,*Juv Shooting Victims,year_to_date,count,count,2026,,,5,,5,,not_applicable,,,wilmington-compstat-v2,validated
weekly-2026-09-20-r1,weekly_compstat,2026-09-14,2026-09-20,1,224441568f81ffe637b2bd2710d43d6899f14c5913e83b684efe2ba6fca9d029,19,sector,sector_3,Sector 3,juvenile_shooting_victims,*Juv Shooting Victims,year_to_date,count,count,2025,,,5,,5,,not_applicable,,,wilmington-compstat-v2,validated
weekly-2026-09-20-r1,weekly_compstat,2026-09-14,2026-09-20,1,224441568f81ffe637b2bd2710d43d6899f14c5913e83b684efe2ba6fca9d029,19,sector,sector_3,Sector 3,juvenile_shooting_victims,*Juv Shooting Victims,year_to_date,percent_change,percent,2026,2025,1,0.0,0.0,0%,0.0,matched,,,wilmington-compstat-v2,validated
weekly-2026-09-20-r1,weekly_compstat,2026-09-14,2026-09-20,1,224441568f81ffe637b2bd2710d43d6899f14c5913e83b684efe2ba6fca9d029,19,sector,sector_3,Sector 3,juvenile_shooting_victims,*Juv Shooting Victims,year_to_date,percent_change,percent,2026,2024,2,67.0,0.67,67%,,not_checkable,,,wilmington-compstat-v2,validated
weekly-2026-09-20-r1,weekly_compstat,2026-09-14,2026-09-20,1,224441568f81ffe637b2bd2710d43d6899f14c5913e83b684efe2ba6fca9d029,19,sector,sector_3,Sector 3,juvenile_shooting_victims,*Juv Shooting Victims,year_to_date,percent_change,percent,2026,2023,3,67.0,0.67,67%,,not_checkable,,,wilmington-compstat-v2,validated
weekly-2026-09-20-r1,weekly_compstat,2026-09-14,2026-09-20,1,224441568f81ffe637b2bd2710d43d6899f14c5913e83b684efe2ba6fca9d029,19,sector,sector_3,Sector 3,juvenile_shooting_victims,*Juv Shooting Victims,year_to_date,percent_change,percent,2026,2022,4,-29.0,-0.29,-29%,,not_checkable,,,wilmington-compstat-v2,validated
weekly-2026-09-20-r1,weekly_compstat,2026-09-14,2026-09-20,1,224441568f81ffe637b2bd2710d43d6899f14c5913e83b684efe2ba6fca9d029,19,sector,sector_3,Sector 3,juvenile_shooting_victims,*Juv Shooting Victims,year_to_date,percent_change,percent,2026,2021,5,150.0,1.5,150%,,not_checkable,,,wilmington-compstat-v2,validated
weekly-2026-09-20-r1,weekly_compstat,2026-09-14,2026-09-20,1,224441568f81ffe637b2bd2710d43d6899f14c5913e83b684efe2ba6fca9d029,19,sector,sector_3,Sector 3,juvenile_shooting_victims,*Juv Shooting Victims,year_to_date,percent_change,percent,2026,2020,6,-29.0,-0.29,-29%,,not_checkable,,,wilmington-compstat-v2,validated
weekly-2026-09-20-r1,weekly_compstat,2026-09-14,2026-09-20,1,224441568f81ffe637b2bd2710d43d6899f14c5913e83b684efe2ba6fca9d029,19,sector,sector_3,Sector 3,misdemeanor_theft,Theft (Misdemeanor),last_7_days,count,count,2026,,,8,,8,,not_applicable,,,wilmington-compstat-v2,validated
weekly-2026-09-20-r1,weekly_compstat,2026-09-14,2026-09-20,1,224441568f81ffe637b2bd2710d43d6899f14c5913e83b684efe2ba6fca9d029,19,sector,sector_3,Sector 3,misdemeanor_theft,Theft (Misdemeanor),last_7_days,count,count,2025,,,5,,5,,not_applicable,,,wilmington-compstat-v2,validated
weekly-2026-09-20-r1,weekly_compstat,2026-09-14,2026-09-20,1,224441568f81ffe637b2bd2710d43d6899f14c5913e83b684efe2ba6fca9d029,19,sector,sector_3,Sector 3,misdemeanor_theft,Theft (Misdemeanor),last_7_days,percent_change,percent,2026,2025,1,60.0,0.6,60%,60.0,matched,,,wilmington-compstat-v2,validated
weekly-2026-09-20-r1,weekly_compstat,2026-09-14,2026-09-20,1,224441568f81ffe637b2bd2710d43d6899f14c5913e83b684efe2ba6fca9d029,19,sector,sector_3,Sector 3,misdemeanor_theft,Theft (Misdemeanor),last_28_days,count,count,2026,,,32,,32,,not_applicable,,,wilmington-compstat-v2,validated
weekly-2026-09-20-r1,weekly_compstat,2026-09-14,2026-09-20,1,224441568f81ffe637b2bd2710d43d6899f14c5913e83b684efe2ba6fca9d029,19,sector,sector_3,Sector 3,misdemeanor_theft,Theft (Misdemeanor),last_28_days,count,count,2025,,,33,,33,,not_applicable,,,wilmington-compstat-v2,validated
weekly-2026-09-20-r1,weekly_compstat,2026-09-14,2026-09-20,1,224441568f81ffe637b2bd2710d43d6899f14c5913e83b684efe2ba6fca9d029,19,sector,sector_3,Sector 3,misdemeanor_theft,Theft (Misdemeanor),last_28_days,percent_change,percent,2026,2025,1,-3.0,-0.03,-3%,-3.030303,matched,,,wilmington-compstat-v2,validated
weekly-2026-09-20-r1,weekly_compstat,2026-09-14,2026-09-20,1,224441568f81ffe637b2bd2710d43d6899f14c5913e83b684efe2ba6fca9d029,19,sector,sector_3,Sector 3,misdemeanor_theft,Theft (Misdemeanor),year_to_date,count,count,2026,,,240,,240,,not_applicable,,,wilmington-compstat-v2,validated
weekly-2026-09-20-r1,weekly_compstat,2026-09-14,2026-09-20,1,224441568f81ffe637b2bd2710d43d6899f14c5913e83b684efe2ba6fca9d029,19,sector,sector_3,Sector 3,misdemeanor_theft,Theft (Misdemeanor),year_to_date,count,count,2025,,,268,,268,,not_applicable,,,wilmington-compstat-v2,validated
weekly-2026-09-20-r1,weekly_compstat,2026-09-14,2026-09-20,1,224441568f81ffe637b2bd2710d43d6899f14c5913e83b684efe2ba6fca9d029,19,sector,sector_3,Sector 3,misdemeanor_theft,Theft (Misdemeanor),year_to_date,percent_change,percent,2026,2025,1,-10.0,-0.1,-10%,-10.447761,matched,,,wilmington-compstat-v2,validated
weekly-2026-09-20-r1,weekly_compstat,2026-09-14,2026-09-20,1,224441568f81ffe637b2bd2710d43d6899f14c5913e83b684efe2ba6fca9d029,19,sector,sector_3,Sector 3,misdemeanor_theft,Theft (Misdemeanor),year_to_date,percent_change,percent,2026,2024,2,-24.0,-0.24,-24%,,not_checkable,,,wilmington-compstat-v2,validated
weekly-2026-09-20-r1,weekly_compstat,2026-09-14,2026-09-20,1,224441568f81ffe637b2bd2710d43d6899f14c5913e83b684efe2ba6fca9d029,19,sector,sector_3,Sector 3,misdemeanor_theft,Theft (Misdemeanor),year_to_date,percent_change,percent,2026,2023,3,-39.0,-0.39,-39%,,not_checkable,,,wilmington-compstat-v2,validated
weekly-2026-09-20-r1,weekly_compstat,2026-09-14,2026-09-20,1,224441568f81ffe637b2bd2710d43d6899f14c5913e83b684efe2ba6fca9d029,19,sector,sector_3,Sector 3,misdemeanor_theft,Theft (Misdemeanor),year_to_date,percent_change,percent,2026,2022,4,-23.0,-0.23,-23%,,not_checkable,,,wilmington-compstat-v2,validated
weekly-2026-09-20-r1,weekly_compstat,2026-09-14,2026-09-20,1,224441568f81ffe637b2bd2710d43d6899f14c5913e83b684efe2ba6fca9d029,19,sector,sector_3,Sector 3,misdemeanor_theft,Theft (Misdemeanor),year_to_date,percent_change,percent,2026,2021,5,-39.0,-0.39,-39%,,not_checkable,,,wilmington-compstat-v2,validated
weekly-2026-09-20-r1,weekly_compstat,2026-09-14,2026-09-20,1,224441568f81ffe637b2bd2710d43d6899f14c5913e83b684efe2ba6fca9d029,19,sector,sector_3,Sector 3,misdemeanor_theft,Theft (Misdemeanor),year_to_date,percent_change,percent,2026,2020,6,-42.0,-0.42,-42%,,not_checkable,,,wilmington-compstat-v2,validated
weekly-2026-09-20-r1,weekly_compstat,2026-09-14,2026-09-20,1,224441568f81ffe637b2bd2710d43d6899f14c5913e83b684efe2ba6fca9d029,21,district,district_17,District 17,murder,Murder,last_7_days,count,count,2026,,,0,,0,,not_applicable,,,wilmington-compstat-v2,validated
weekly-2026-09-20-r1,weekly_compstat,2026-09-14,2026-09-20,1,224441568f81ffe637b2bd2710d43d6899f14c5913e83b684efe2ba6fca9d029,21,district,district_17,District 17,murder,Murder,last_7_days,count,count,2025,,,0,,0,,not_applicable,,,wilmington-compstat-v2,validated
weekly-2026-09-20-r1,weekly_compstat,2026-09-14,2026-09-20,1,224441568f81ffe637b2bd2710d43d6899f14c5913e83b684efe2ba6fca9d029,21,district,district_17,District 17,murder,Murder,last_7_days,percent_change,percent,2026,2025,1,,,*,,undefined_zero_denominator,,undefined_zero_denominator,wilmington-compstat-v2,validated
weekly-2026-09-20-r1,weekly_compstat,2026-09-14,2026-09-20,1,224441568f81ffe637b2bd2710d43d6899f14c5913e83b684efe2ba6fca9d029,21,district,district_17,District 17,murder,Murder,last_28_days,count,count,2026,,,1,,1,,not_applicable,,,wilmington-compstat-v2,validated
weekly-2026-09-20-r1,weekly_compstat,2026-09-14,2026-09-20,1,224441568f81ffe637b2bd2710d43d6899f14c5913e83b684efe2ba6fca9d029,21,district,district_17,District 17,murder,Murder,last_28_days,count,count,2025,,,1,,1,,not_applicable,,,wilmington-compstat-v2,validated
weekly-2026-09-20-r1,weekly_compstat,2026-09-14,2026-09-20,1,224441568f81ffe637b2bd2710d43d6899f14c5913e83b684efe2ba6fca9d029,21,district,district_17,District 17,murder,Murder,last_28_days,percent_change,percent,2026,2025,1,0.0,0.0,0%,0.0,matched,,,wilmington-compstat-v2,validated
weekly-2026-09-20-r1,weekly_compstat,2026-09-14,2026-09-20,1,224441568f81ffe637b2bd2710d43d6899f14c5913e83b684efe2ba6fca9d029,21,district,district_17,District 17,murder,Murder,year_to_date,count,count,2026,,,2,,2,,not_applicable,,,wilmington-compstat-v2,validated
weekly-2026-09-20-r1,weekly_compstat,2026-09-14,2026-09-20,1,224441568f81ffe637b2bd2710d43d6899f14c5913e83b684efe2ba6fca9d029,21,district,district_17,District 17,murder,Murder,year_to_date,count,count,2025,,,1,,1,,not_applicable,,,wilmington-compstat-v2,validated
weekly-2026-09-20-r1,weekly_compstat,2026-09-14,2026-09-20,1,224441568f81ffe637b2bd2710d43d6899f14c5913e83b684efe2ba6fca9d029,21,district,district_17,District 17,murder,Murder,year_to_date,percent_change,percent,2026,2025,1,100.0,1.0,100%,100.0,matched,,,wilmington-compstat-v2,validated
weekly-2026-09-20-r1,weekly_compstat,2026-09-14,2026-09-20,1,224441568f81ffe637b2bd2710d43d6899f14c5913e83b684efe2ba6fca9d029,21,district,district_17,District 17,murder,Murder,year_to_date,percent_change,percent,2026,2024,2,-33.0,-0.33,-33%,,not_checkable,,,wilmington-compstat-v2,validated
weekly-2026-09-20-r1,weekly_compstat,2026-09-14,2026-09-20,1,224441568f81ffe637b2bd2710d43d6899f14c5913e83b684efe2ba6fca9d029,21,district,district_17,District 17,murder,Murder,year_to_date,percent_change,percent,2026,2023,3,-33.0,-0.33,-33%,,not_checkable,,,wilmington-compstat-v2,validated
weekly-2026-09-20-r1,weekly_compstat,2026-09-14,2026-09-20,1,224441568f81ffe637b2bd2710d43d6899f14c5913e83b684efe2ba6fca9d029,21,district,district_17,District 17,murder,Murder,year_to_date,percent_change,percent,2026,2022,4,-33.0,-0.33,-33%,,not_checkable,,,wilmington-compstat-v2,validated
weekly-2026-09-20-r1,weekly_compstat,2026-09-14,2026-09-20,1,224441568f81ffe637b2bd2710d43d6899f14c5913e83b684efe2ba6fca9d029,21,district,district_17,District 17,murder,Murder,year_to_date,percent_change,percent,2026,2021,5,-50.0,-0.5,-50%,,not_checkable,,,wilmington-compstat-v2,validated
weekly-2026-09-20-r1,weekly_compstat,2026-09-14,2026-09-20,1,224441568f81ffe637b2bd2710d43d6899f14c5913e83b684efe2ba6fca9d029,21,district,district_17,District 17,murder,Murder,year_to_date,percent_change,percent,2026,2020,6,-60.0,-0.6,-60%,,not_checkable,,,wilmington-compstat-v2,validated
weekly-2026-09-20-r1,weekly_compstat,2026-09-14,2026-09-20,1,224441568f81ffe637b2bd2710d43d6899f14c5913e83b684efe2ba6fca9d029,21,district,district_17,District 17,rape,Rape,last_7_days,count,count,2026,,,0,,0,,not_applicable,,,wilmington-compstat-v2,validated
weekly-2026-09-20-r1,weekly_compstat,2026-09-14,2026-09-20,1,224441568f81ffe637b2bd2710d43d6899f14c5913e83b684efe2ba6fca9d029,21,district,district_17,District 17,rape,Rape,last_7_days,count,count,2025,,,0,,0,,not_applicable,,,wilmington-compstat-v2,validated
weekly-2026-09-20-r1,weekly_compstat,2026-09-14,2026-09-20,1,224441568f81ffe637b2bd2710d43d6899f14c5913e83b684efe2ba6fca9d029,21,district,district_17,District 17,rape,Rape,last_7_days,percent_change,percent,2026,2025,1,,,*,,undefined_zero_denominator,,undefined_zero_denominator,wilmington-compstat-v2,validated
weekly-2026-09-20-r1,weekly_compstat,2026-09-14,2026-09-20,1,224441568f81ffe637b2bd2710d43d6899f14c5913e83b684efe2ba6fca9d029,21,district,district_17,District 17,rape,Rape,last_28_days,count,count,2026,,,1,,1,,not_applicable,,,wilmington-compstat-v2,validated
weekly-2026-09-20-r1,weekly_compstat,2026-09-14,2026-09-20,1,224441568f81ffe637b2bd2710d43d6899f14c5913e83b684efe2ba6fca9d029,21,district,district_17,District 17,rape,Rape,last_28_days,count,count,2025,,,0,,0,,not_applicable,,,wilmington-compstat-v2,validated
weekly-2026-09-20-r1,weekly_compstat,2026-09-14,2026-09-20,1,224441568f81ffe637b2bd2710d43d6899f14c5913e83b684efe2ba6fca9d029,21,district,district_17,District 17,rape,Rape,last_28_days,percent_change,percent,2026,2025,1,,,*,,undefined_zero_denominator,,undefined_zero_denominator,wilmington-compstat-v2,validated
weekly-2026-09-20-r1,weekly_compstat,2026-09-14,2026-09-20,1,224441568f81ffe637b2bd2710d43d6899f14c5913e83b684efe2ba6fca9d029,21,district,district_17,District 17,rape,Rape,year_to_date,count,count,2026,,,2,,2,,not_applicable,,,wilmington-compstat-v2,validated
weekly-2026-09-20-r1,weekly_compstat,2026-09-14,2026-09-20,1,224441568f81ffe637b2bd2710d43d6899f14c5913e83b684efe2ba6fca9d029,21,district,district_17,District 17,rape,Rape,year_to_date,count,count,2025,,,0,,0,,not_applicable,,,wilmington-compstat-v2,validated
weekly-2026-09-20-r1,weekly_compstat,2026-09-14,2026-09-20,1,224441568f81ffe637b2bd2710d43d6899f14c5913e83b684efe2ba6fca9d029,21,district,district_17,District 17,rape,Rape,year_to_date,percent_change,percent,2026,2025,1,,,*,,undefined_zero_denominator,,undefined_zero_denominator,wilmington-compstat-v2,validated
weekly-2026-09-20-r1,weekly_compstat,2026-09-14,2026-09-20,1,224441568f81ffe637b2bd2710d43d6899f14c5913e83b684efe2ba6fca9d029,21,district,district_17,District 17,rape,Rape,year_to_date,percent_change,percent,2026,2024,2,100.0,1.0,100%,,not_checkable,,,wilmington-compstat-v2,validated
weekly-2026-09-20-r1,weekly_compstat,2026-09-14,2026-09-20,1,224441568f81ffe637b2bd2710d43d6899f14c5913e83b684efe2ba6fca9d029,21,district,district_17,District 17,rape,Rape,year_to_date,percent_change,percent,2026,2023,3,0.0,0.0,0%,,not_checkable,,,wilmington-compstat-v2,validated
weekly-2026-09-20-r1,weekly_compstat,2026-09-14,2026-09-20,1,224441568f81ffe637b2bd2710d43d6899f14c5913e83b684efe2ba6fca9d029,21,district,district_17,District 17,rape,Rape,year_to_date,percent_change,percent,2026,2022,4,100.0,1.0,100%,,not_checkable,,,wilmington-compstat-v2,validated
weekly-2026-09-20-r1,weekly_compstat,2026-09-14,2026-09-20,1,224441568f81ffe637b2bd2710d43d6899f14c5913e83b684efe2ba6fca9d029,21,district,district_17,District 17,rape,Rape,year_to_date,percent_change,percent,2026,2021,5,0.0,0.0,0%,,not_checkable,,,wilmington-compstat-v2,validated
weekly-2026-09-20-r1,weekly_compstat,2026-09-14,2026-09-20,1,224441568f81ffe637b2bd2710d43d6899f14c5913e83b684efe2ba6fca9d029,21,district,district_17,District 17,rape,Rape,year_to_date,percent_change,percent,2026,2020,6,,,*,,not_checkable,,undefined_zero_denominator,wilmington-compstat-v2,validated
weekly-2026-09-20-r1,weekly_compstat,2026-09-14,2026-09-20,1,224441568f81ffe637b2bd2710d43d6899f14c5913e83b684efe2ba6fca9d029,21,district,district_17,District 17,robbery,Robbery,last_7_days,count,count,2026,,,1,,1,,not_applicable,,,wilmington-compstat-v2,validated
weekly-2026-09-20-r1,weekly_compstat,2026-09-14,2026-09-20,1,224441568f81ffe637b2bd2710d43d6899f14c5913e83b684efe2ba6fca9d029,21,district,district_17,District 17,robbery,Robbery,last_7_days,count,count,2025,,,1,,1,,not_applicable,,,wilmington-compstat-v2,validated
weekly-2026-09-20-r1,weekly_compstat,2026-09-14,2026-09-20,1,224441568f81ffe637b2bd2710d43d6899f14c5913e83b684efe2ba6fca9d029,21,district,district_17,District 17,robbery,Robbery,last_7_days,percent_change,percent,2026,2025,1,0.0,0.0,0%,0.0,matched,,,wilmington-compstat-v2,validated
weekly-2026-09-20-r1,weekly_compstat,2026-09-14,2026-09-20,1,224441568f81ffe637b2bd2710d43d6899f14c5913e83b684efe2ba6fca9d029,21,district,district_17,District 17,robbery,Robbery,last_28_days,count,count,2026,,,4,,4,,not_applicable,,,wilmington-compstat-v2,validated
weekly-2026-09-20-r1,weekly_compstat,2026-09-14,2026-09-20,1,224441568f81ffe637b2bd2710d43d6899f14c5913e83b684efe2ba6fca9d029,21,district,district_17,District 17,robbery,Robbery,last_28_days,count,count,2025,,,2,,2,,not_applicable,,,wilmington-compstat-v2,validated
weekly-2026-09-20-r1,weekly_compstat,2026-09-14,2026-09-20,1,224441568f81ffe637b2bd2710d43d6899f14c5913e83b684efe2ba6fca9d029,21,district,district_17,District 17,robbery,Robbery,last_28_days,percent_change,percent,2026,2025,1,100.0,1.0,100%,100.0,matched,,,wilmington-compstat-v2,validated
weekly-2026-09-20-r1,weekly_compstat,2026-09-14,2026-09-20,1,224441568f81ffe637b2bd2710d43d6899f14c5913e83b684efe2ba6fca9d029,21,district,district_17,District 17,robbery,Robbery,year_to_date,count,count,2026,,,27,,27,,not_applicable,,,wilmington-compstat-v2,validated
weekly-2026-09-20-r1,weekly_compstat,2026-09-14,2026-09-20,1,224441568f81ffe637b2bd2710d43d6899f14c5913e83b684efe2ba6fca9d029,21,district,district_17,District 17,robbery,Robbery,year_to_date,count,count,2025,,,32,,32,,not_applicable,,,wilmington-compstat-v2,validated
weekly-2026-09-20-r1,weekly_compstat,2026-09-14,2026-09-20,1,224441568f81ffe637b2bd2710d43d6899f14c5913e83b684efe2ba6fca9d029,21,district,district_17,District 17,robbery,Robbery,year_to_date,percent_change,percent,2026,2025,1,-16.0,-0.16,-16%,-15.625,matched,,,wilmington-compstat-v2,validated
weekly-2026-09-20-r1,weekly_compstat,2026-09-14,2026-09-20,1,224441568f81ffe637b2bd2710d43d6899f14c5913e83b684efe2ba6fca9d029,21,district,district_17,District 17,robbery,Robbery,year_to_date,percent_change,percent,2026,2024,2,59.0,0.59,59%,,not_checkable,,,wilmington-compstat-v2,validated
weekly-2026-09-20-r1,weekly_compstat,2026-09-14,2026-09-20,1,224441568f81ffe637b2bd2710d43d6899f14c5913e83b684efe2ba6fca9d029,21,district,district_17,District 17,robbery,Robbery,year_to_date,percent_change,percent,2026,2023,3,50.0,0.5,50%,,not_checkable,,,wilmington-compstat-v2,validated
weekly-2026-09-20-r1,weekly_compstat,2026-09-14,2026-09-20,1,224441568f81ffe637b2bd2710d43d6899f14c5913e83b684efe2ba6fca9d029,21,district,district_17,District 17,robbery,Robbery,year_to_date,percent_change,percent,2026,2022,4,-13.0,-0.13,-13%,,not_checkable,,,wilmington-compstat-v2,validated
weekly-2026-09-20-r1,weekly_compstat,2026-09-14,2026-09-20,1,224441568f81ffe637b2bd2710d43d6899f14c5913e83b684efe2ba6fca9d029,21,district,district_17,District 17,robbery,Robbery,year_to_date,percent_change,percent,2026,2021,5,-10.0,-0.1,-10%,,not_checkable,,,wilmington-compstat-v2,validated
weekly-2026-09-20-r1,weekly_compstat,2026-09-14,2026-09-20,1,224441568f81ffe637b2bd2710d43d6899f14c5913e83b684efe2ba6fca9d029,21,district,district_17,District 17,robbery,Robbery,year_to_date,percent_change,percent,2026,2020,6,-7.0,-0.07,-7%,,not_checkable,,,wilmington-compstat-v2,validated
weekly-2026-09-20-r1,weekly_compstat,2026-09-14,2026-09-20,1,224441568f81ffe637b2bd2710d43d6899f14c5913e83b684efe2ba6fca9d029,21,district,district_17,District 17,aggravated_assault,Agg. Assault,last_7_days,count,count,2026,,,0,,0,,not_applicable,,,wilmington-compstat-v2,validated
weekly-2026-09-20-r1,weekly_compstat,2026-09-14,2026-09-20,1,224441568f81ffe637b2bd2710d43d6899f14c5913e83b684efe2ba6fca9d029,21,district,district_17,District 17,aggravated_assault,Agg. Assault,last_7_days,count,count,2025,,,2,,2,,not_applicable,,,wilmington-compstat-v2,validated
weekly-2026-09-20-r1,weekly_compstat,2026-09-14,2026-09-20,1,224441568f81ffe637b2bd2710d43d6899f14c5913e83b684efe2ba6fca9d029,21,district,district_17,District 17,aggravated_assault,Agg. Assault,last_7_days,percent_change,percent,2026,2025,1,-100.0,-1.0,-100%,-100.0,matched,,,wilmington-compstat-v2,validated
weekly-2026-09-20-r1,weekly_compstat,2026-09-14,2026-09-20,1,224441568f81ffe637b2bd2710d43d6899f14c5913e83b684efe2ba6fca9d029,21,district,district_17,District 17,aggravated_assault,Agg. Assault,last_28_days,count,count,2026,,,2,,2,,not_applicable,,,wilmington-compstat-v2,validated
weekly-2026-09-20-r1,weekly_compstat,2026-09-14,2026-09-20,1,224441568f81ffe637b2bd2710d43d6899f14c5913e83b684efe2ba6fca9d029,21,district,district_17,District 17,aggravated_assault,Agg. Assault,last_28_days,count,count,2025,,,11,,11,,not_applicable,,,wilmington-compstat-v2,validated
weekly-2026-09-20-r1,weekly_compstat,2026-09-14,2026-09-20,1,224441568f81ffe637b2bd2710d43d6899f14c5913e83b684efe2ba6fca9d029,21,district,district_17,District 17,aggravated_assault,Agg. Assault,last_28_days,percent_change,percent,2026,2025,1,-82.0,-0.82,-82%,-81.818182,matched,,,wilmington-compstat-v2,validated
weekly-2026-09-20-r1,weekly_compstat,2026-09-14,2026-09-20,1,224441568f81ffe637b2bd2710d43d6899f14c5913e83b684efe2ba6fca9d029,21,district,district_17,District 17,aggravated_assault,Agg. Assault,year_to_date,count,count,2026,,,52,,52,,not_applicable,,,wilmington-compstat-v2,validated
weekly-2026-09-20-r1,weekly_compstat,2026-09-14,2026-09-20,1,224441568f81ffe637b2bd2710d43d6899f14c5913e83b684efe2ba6fca9d029,21,district,district_17,District 17,aggravated_assault,Agg. Assault,year_to_date,count,count,2025,,,63,,63,,not_applicable,,,wilmington-compstat-v2,validated
weekly-2026-09-20-r1,weekly_compstat,2026-09-14,2026-09-20,1,224441568f81ffe637b2bd2710d43d6899f14c5913e83b684efe2ba6fca9d029,21,district,district_17,District 17,aggravated_assault,Agg. Assault,year_to_date,percent_change,percent,2026,2025,1,-17.0,-0.17,-17%,-17.460317,matched,,,wilmington-compstat-v2,validated
weekly-2026-09-20-r1,weekly_compstat,2026-09-14,2026-09-20,1,224441568f81ffe637b2bd2710d43d6899f14c5913e83b684efe2ba6fca9d029,21,district,district_17,District 17,aggravated_assault,Agg. Assault,year_to_date,percent_change,percent,2026,2024,2,27.0,0.27,27%,,not_checkable,,,wilmington-compstat-v2,validated
weekly-2026-09-20-r1,weekly_compstat,2026-09-14,2026-09-20,1,224441568f81ffe637b2bd2710d43d6899f14c5913e83b684efe2ba6fca9d029,21,district,district_17,District 17,aggravated_assault,Agg. Assault,year_to_date,percent_change,percent,2026,2023,3,4.0,0.04,4%,,not_checkable,,,wilmington-compstat-v2,validated
weekly-2026-09-20-r1,weekly_compstat,2026-09-14,2026-09-20,1,224441568f81ffe637b2bd2710d43d6899f14c5913e83b684efe2ba6fca9d029,21,district,district_17,District 17,aggravated_assault,Agg. Assault,year_to_date,percent_change,percent,2026,2022,4,-16.0,-0.16,-16%,,not_checkable,,,wilmington-compstat-v2,validated
weekly-2026-09-20-r1,weekly_compstat,2026-09-14,2026-09-20,1,224441568f81ffe637b2bd2710d43d6899f14c5913e83b684efe2ba6fca9d029,21,district,district_17,District 17,aggravated_assault,Agg. Assault,year_to_date,percent_change,percent,2026,2021,5,-32.0,-0.32,-32%,,not_checkable,,,wilmington-compstat-v2,validated
weekly-2026-09-20-r1,weekly_compstat,2026-09-14,2026-09-20,1,224441568f81ffe637b2bd2710d43d6899f14c5913e83b684efe2ba6fca9d029,21,district,district_17,District 17,aggravated_assault,Agg. Assault,year_to_date,percent_change,percent,2026,2020,6,-5.0,-0.05,-5%,,not_checkable,,,wilmington-compstat-v2,validated
weekly-2026-09-20-r1,weekly_compstat,2026-09-14,2026-09-20,1,224441568f81ffe637b2bd2710d43d6899f14c5913e83b684efe2ba6fca9d029,21,district,district_17,District 17,burglary,Burglary,last_7_days,count,count,2026,,,1,,1,,not_applicable,,,wilmington-compstat-v2,validated
weekly-2026-09-20-r1,weekly_compstat,2026-09-14,2026-09-20,1,224441568f81ffe637b2bd2710d43d6899f14c5913e83b684efe2ba6fca9d029,21,district,district_17,District 17,burglary,Burglary,last_7_days,count,count,2025,,,1,,1,,not_applicable,,,wilmington-compstat-v2,validated
weekly-2026-09-20-r1,weekly_compstat,2026-09-14,2026-09-20,1,224441568f81ffe637b2bd2710d43d6899f14c5913e83b684efe2ba6fca9d029,21,district,district_17,District 17,burglary,Burglary,last_7_days,percent_change,percent,2026,2025,1,0.0,0.0,0%,0.0,matched,,,wilmington-compstat-v2,validated
weekly-2026-09-20-r1,weekly_compstat,2026-09-14,2026-09-20,1,224441568f81ffe637b2bd2710d43d6899f14c5913e83b684efe2ba6fca9d029,21,district,district_17,District 17,burglary,Burglary,last_28_days,count,count,2026,,,4,,4,,not_applicable,,,wilmington-compstat-v2,validated
weekly-2026-09-20-r1,weekly_compstat,2026-09-14,2026-09-20,1,224441568f81ffe637b2bd2710d43d6899f14c5913e83b684efe2ba6fca9d029,21,district,district_17,District 17,burglary,Burglary,last_28_days,count,count,2025,,,3,,3,,not_applicable,,,wilmington-compstat-v2,validated
weekly-2026-09-20-r1,weekly_compstat,2026-09-14,2026-09-20,1,224441568f81ffe637b2bd2710d43d6899f14c5913e83b684efe2ba6fca9d029,21,district,district_17,District 17,burglary,Burglary,last_28_days,percent_change,percent,2026,2025,1,33.0,0.33,33%,33.333333,matched,,,wilmington-compstat-v2,validated
weekly-2026-09-20-r1,weekly_compstat,2026-09-14,2026-09-20,1,224441568f81ffe637b2bd2710d43d6899f14c5913e83b684efe2ba6fca9d029,21,district,district_17,District 17,burglary,Burglary,year_to_date,count,count,2026,,,32,,32,,not_applicable,,,wilmington-compstat-v2,validated
weekly-2026-09-20-r1,weekly_compstat,2026-09-14,2026-09-20,1,224441568f81ffe637b2bd2710d43d6899f14c5913e83b684efe2ba6fca9d029,21,district,district_17,District 17,burglary,Burglary,year_to_date,count,count,2025,,,34,,34,,not_applicable,,,wilmington-compstat-v2,validated
weekly-2026-09-20-r1,weekly_compstat,2026-09-14,2026-09-20,1,224441568f81ffe637b2bd2710d43d6899f14c5913e83b684efe2ba6fca9d029,21,district,district_17,District 17,burglary,Burglary,year_to_date,percent_change,percent,2026,2025,1,-6.0,-0.06,-6%,-5.882353,matched,,,wilmington-compstat-v2,validated
weekly-2026-09-20-r1,weekly_compstat,2026-09-14,2026-09-20,1,224441568f81ffe637b2bd2710d43d6899f14c5913e83b684efe2ba6fca9d029,21,district,district_17,District 17,burglary,Burglary,year_to_date,percent_change,percent,2026,2024,2,-22.0,-0.22,-22%,,not_checkable,,,wilmington-compstat-v2,validated
weekly-2026-09-20-r1,weekly_compstat,2026-09-14,2026-09-20,1,224441568f81ffe637b2bd2710d43d6899f14c5913e83b684efe2ba6fca9d029,21,district,district_17,District 17,burglary,Burglary,year_to_date,percent_change,percent,2026,2023,3,-24.0,-0.24,-24%,,not_checkable,,,wilmington-compstat-v2,validated
weekly-2026-09-20-r1,weekly_compstat,2026-09-14,2026-09-20,1,224441568f81ffe637b2bd2710d43d6899f14c5913e83b684efe2ba6fca9d029,21,district,district_17,District 17,burglary,Burglary,year_to_date,percent_change,percent,2026,2022,4,-40.0,-0.4,-40%,,not_checkable,,,wilmington-compstat-v2,validated
weekly-2026-09-20-r1,weekly_compstat,2026-09-14,2026-09-20,1,224441568f81ffe637b2bd2710d43d6899f14c5913e83b684efe2ba6fca9d029,21,district,district_17,District 17,burglary,Burglary,year_to_date,percent_change,percent,2026,2021,5,-29.0,-0.29,-29%,,not_checkable,,,wilmington-compstat-v2,validated
weekly-2026-09-20-r1,weekly_compstat,2026-09-14,2026-09-20,1,224441568f81ffe637b2bd2710d43d6899f14c5913e83b684efe2ba6fca9d029,21,district,district_17,District 17,burglary,Burglary,year_to_date,percent_change,percent,2026,2020,6,-53.0,-0.53,-53%,,not_checkable,,,wilmington-compstat-v2,validated
weekly-2026-09-20-r1,weekly_compstat,2026-09-14,2026-09-20,1,224441568f81ffe637b2bd2710d43d6899f14c5913e83b684efe2ba6fca9d029,21,district,district_17,District 17,felony_theft,Felony Theft,last_7_days,count,count,2026,,,1,,1,,not_applicable,,,wilmington-compstat-v2,validated
weekly-2026-09-20-r1,weekly_compstat,2026-09-14,2026-09-20,1,224441568f81ffe637b2bd2710d43d6899f14c5913e83b684efe2ba6fca9d029,21,district,district_17,District 17,felony_theft,Felony Theft,last_7_days,count,count,2025,,,2,,2,,not_applicable,,,wilmington-compstat-v2,validated
weekly-2026-09-20-r1,weekly_compstat,2026-09-14,2026-09-20,1,224441568f81ffe637b2bd2710d43d6899f14c5913e83b684efe2ba6fca9d029,21,district,district_17,District 17,felony_theft,Felony Theft,last_7_days,percent_change,percent,2026,2025,1,-50.0,-0.5,-50%,-50.0,matched,,,wilmington-compstat-v2,validated
weekly-2026-09-20-r1,weekly_compstat,2026-09-14,2026-09-20,1,224441568f81ffe637b2bd2710d43d6899f14c5913e83b684efe2ba6fca9d029,21,district,district_17,District 17,felony_theft,Felony Theft,last_28_days,count,count,2026,,,3,,3,,not_applicable,,,wilmington-compstat-v2,validated
weekly-2026-09-20-r1,weekly_compstat,2026-09-14,2026-09-20,1,224441568f81ffe637b2bd2710d43d6899f14c5913e83b684efe2ba6fca9d029,21,district,district_17,District 17,felony_theft,Felony Theft,last_28_days,count,count,2025,,,2,,2,,not_applicable,,,wilmington-compstat-v2,validated
weekly-2026-09-20-r1,weekly_compstat,2026-09-14,2026-09-20,1,224441568f81ffe637b2bd2710d43d6899f14c5913e83b684efe2ba6fca9d029,21,district,district_17,District 17,felony_theft,Felony Theft,last_28_days,percent_change,percent,2026,2025,1,50.0,0.5,50%,50.0,matched,,,wilmington-compstat-v2,validated
weekly-2026-09-20-r1,weekly_compstat,2026-09-14,2026-09-20,1,224441568f81ffe637b2bd2710d43d6899f14c5913e83b684efe2ba6fca9d029,21,district,district_17,District 17,felony_theft,Felony Theft,year_to_date,count,count,2026,,,12,,12,,not_applicable,,,wilmington-compstat-v2,validated
weekly-2026-09-20-r1,weekly_compstat,2026-09-14,2026-09-20,1,224441568f81ffe637b2bd2710d43d6899f14c5913e83b684efe2ba6fca9d029,21,district,district_17,District 17,felony_theft,Felony Theft,year_to_date,count,count,2025,,,20,,20,,not_applicable,,,wilmington-compstat-v2,validated
weekly-2026-09-20-r1,weekly_compstat,2026-09-14,2026-09-20,1,224441568f81ffe637b2bd2710d43d6899f14c5913e83b684efe2ba6fca9d029,21,district,district_17,District 17,felony_theft,Felony Theft,year_to_date,percent_change,percent,2026,2025,1,-40.0,-0.4,-40%,-40.0,matched,,,wilmington-compstat-v2,validated
weekly-2026-09-20-r1,weekly_compstat,2026-09-14,2026-09-20,1,224441568f81ffe637b2bd2710d43d6899f14c5913e83b684efe2ba6fca9d029,21,district,district_17,District 17,felony_theft,Felony Theft,year_to_date,percent_change,percent,2026,2024,2,-25.0,-0.25,-25%,,not_checkable,,,wilmington-compstat-v2,validated
weekly-2026-09-20-r1,weekly_compstat,2026-09-14,2026-09-20,1,224441568f81ffe637b2bd2710d43d6899f14c5913e83b684efe2ba6fca9d029,21,district,district_17,District 17,felony_theft,Felony Theft,year_to_date,percent_change,percent,2026,2023,3,-59.0,-0.59,-59%,,not_checkable,,,wilmington-compstat-v2,validated
weekly-2026-09-20-r1,weekly_compstat,2026-09-14,2026-09-20,1,224441568f81ffe637b2bd2710d43d6899f14c5913e83b684efe2ba6fca9d029,21,district,district_17,District 17,felony_theft,Felony Theft,year_to_date,percent_change,percent,2026,2022,4,-57.0,-0.57,-57%,,not_checkable,,,wilmington-compstat-v2,validated
weekly-2026-09-20-r1,weekly_compstat,2026-09-14,2026-09-20,1,224441568f81ffe637b2bd2710d43d6899f14c5913e83b684efe2ba6fca9d029,21,district,district_17,District 17,felony_theft,Felony Theft,year_to_date,percent_change,percent,2026,2021,5,-45.0,-0.45,-45%,,not_checkable,,,wilmington-compstat-v2,validated
weekly-2026-09-20-r1,weekly_compstat,2026-09-14,2026-09-20,1,224441568f81ffe637b2bd2710d43d6899f14c5913e83b684efe2ba6fca9d029,21,district,district_17,District 17,felony_theft,Felony Theft,year_to_date,percent_change,percent,2026,2020,6,-48.0,-0.48,-48%,,not_checkable,,,wilmington-compstat-v2,validated
weekly-2026-09-20-r1,weekly_compstat,2026-09-14,2026-09-20,1,224441568f81ffe637b2bd2710d43d6899f14c5913e83b684efe2ba6fca9d029,21,district,district_17,District 17,auto_theft,Auto Theft,last_7_days,count,count,2026,,,1,,1,,not_applicable,,,wilmington-compstat-v2,validated
weekly-2026-09-20-r1,weekly_compstat,2026-09-14,2026-09-20,1,224441568f81ffe637b2bd2710d43d6899f14c5913e83b684efe2ba6fca9d029,21,district,district_17,District 17,auto_theft,Auto Theft,last_7_days,count,count,2025,,,1,,1,,not_applicable,,,wilmington-compstat-v2,validated
weekly-2026-09-20-r1,weekly_compstat,2026-09-14,2026-09-20,1,224441568f81ffe637b2bd2710d43d6899f14c5913e83b684efe2ba6fca9d029,21,district,district_17,District 17,auto_theft,Auto Theft,last_7_days,percent_change,percent,2026,2025,1,0.0,0.0,0%,0.0,matched,,,wilmington-compstat-v2,validated
weekly-2026-09-20-r1,weekly_compstat,2026-09-14,2026-09-20,1,224441568f81ffe637b2bd2710d43d6899f14c5913e83b684efe2ba6fca9d029,21,district,district_17,District 17,auto_theft,Auto Theft,last_28_days,count,count,2026,,,2,,2,,not_applicable,,,wilmington-compstat-v2,validated
weekly-2026-09-20-r1,weekly_compstat,2026-09-14,2026-09-20,1,224441568f81ffe637b2bd2710d43d6899f14c5913e83b684efe2ba6fca9d029,21,district,district_17,District 17,auto_theft,Auto Theft,last_28_days,count,count,2025,,,1,,1,,not_applicable,,,wilmington-compstat-v2,validated
weekly-2026-09-20-r1,weekly_compstat,2026-09-14,2026-09-20,1,224441568f81ffe637b2bd2710d43d6899f14c5913e83b684efe2ba6fca9d029,21,district,district_17,District 17,auto_theft,Auto Theft,last_28_days,percent_change,percent,2026,2025,1,100.0,1.0,100%,100.0,matched,,,wilmington-compstat-v2,validated
weekly-2026-09-20-r1,weekly_compstat,2026-09-14,2026-09-20,1,224441568f81ffe637b2bd2710d43d6899f14c5913e83b684efe2ba6fca9d029,21,district,district_17,District 17,auto_theft,Auto Theft,year_to_date,count,count,2026,,,24,,24,,not_applicable,,,wilmington-compstat-v2,validated
weekly-2026-09-20-r1,weekly_compstat,2026-09-14,2026-09-20,1,224441568f81ffe637b2bd2710d43d6899f14c5913e83b684efe2ba6fca9d029,21,district,district_17,District 17,auto_theft,Auto Theft,year_to_date,count,count,2025,,,56,,56,,not_applicable,,,wilmington-compstat-v2,validated
weekly-2026-09-20-r1,weekly_compstat,2026-09-14,2026-09-20,1,224441568f81ffe637b2bd2710d43d6899f14c5913e83b684efe2ba6fca9d029,21,district,district_17,District 17,auto_theft,Auto Theft,year_to_date,percent_change,percent,2026,2025,1,-57.0,-0.57,-57%,-57.142857,matched,,,wilmington-compstat-v2,validated
weekly-2026-09-20-r1,weekly_compstat,2026-09-14,2026-09-20,1,224441568f81ffe637b2bd2710d43d6899f14c5913e83b684efe2ba6fca9d029,21,district,district_17,District 17,auto_theft,Auto Theft,year_to_date,percent_change,percent,2026,2024,2,-62.0,-0.62,-62%,,not_checkable,,,wilmington-compstat-v2,validated
weekly-2026-09-20-r1,weekly_compstat,2026-09-14,2026-09-20,1,224441568f81ffe637b2bd2710d43d6899f14c5913e83b684efe2ba6fca9d029,21,district,district_17,District 17,auto_theft,Auto Theft,year_to_date,percent_change,percent,2026,2023,3,-54.0,-0.54,-54%,,not_checkable,,,wilmington-compstat-v2,validated
weekly-2026-09-20-r1,weekly_compstat,2026-09-14,2026-09-20,1,224441568f81ffe637b2bd2710d43d6899f14c5913e83b684efe2ba6fca9d029,21,district,district_17,District 17,auto_theft,Auto Theft,year_to_date,percent_change,percent,2026,2022,4,-31.0,-0.31,-31%,,not_checkable,,,wilmington-compstat-v2,validated
weekly-2026-09-20-r1,weekly_compstat,2026-09-14,2026-09-20,1,224441568f81ffe637b2bd2710d43d6899f14c5913e83b684efe2ba6fca9d029,21,district,district_17,District 17,auto_theft,Auto Theft,year_to_date,percent_change,percent,2026,2021,5,-55.0,-0.55,-55%,,not_checkable,,,wilmington-compstat-v2,validated
weekly-2026-09-20-r1,weekly_compstat,2026-09-14,2026-09-20,1,224441568f81ffe637b2bd2710d43d6899f14c5913e83b684efe2ba6fca9d029,21,district,district_17,District 17,auto_theft,Auto Theft,year_to_date,percent_change,percent,2026,2020,6,-45.0,-0.45,-45%,,not_checkable,,,wilmington-compstat-v2,validated
weekly-2026-09-20-r1,weekly_compstat,2026-09-14,2026-09-20,1,224441568f81ffe637b2bd2710d43d6899f14c5913e83b684efe2ba6fca9d029,21,district,district_17,District 17,major_crime_total,TOTAL,last_7_days,count,count,2026,,,4,,4,,not_applicable,,,wilmington-compstat-v2,validated
weekly-2026-09-20-r1,weekly_compstat,2026-09-14,2026-09-20,1,224441568f81ffe637b2bd2710d43d6899f14c5913e83b684efe2ba6fca9d029,21,district,district_17,District 17,major_crime_total,TOTAL,last_7_days,count,count,2025,,,7,,7,,not_applicable,,,wilmington-compstat-v2,validated
weekly-2026-09-20-r1,weekly_compstat,2026-09-14,2026-09-20,1,224441568f81ffe637b2bd2710d43d6899f14c5913e83b684efe2ba6fca9d029,21,district,district_17,District 17,major_crime_total,TOTAL,last_7_days,percent_change,percent,2026,2025,1,-43.0,-0.43,-43%,-42.857143,matched,,,wilmington-compstat-v2,validated
weekly-2026-09-20-r1,weekly_compstat,2026-09-14,2026-09-20,1,224441568f81ffe637b2bd2710d43d6899f14c5913e83b684efe2ba6fca9d029,21,district,district_17,District 17,major_crime_total,TOTAL,last_28_days,count,count,2026,,,17,,17,,not_applicable,,,wilmington-compstat-v2,validated
weekly-2026-09-20-r1,weekly_compstat,2026-09-14,2026-09-20,1,224441568f81ffe637b2bd2710d43d6899f14c5913e83b684efe2ba6fca9d029,21,district,district_17,District 17,major_crime_total,TOTAL,last_28_days,count,count,2025,,,20,,20,,not_applicable,,,wilmington-compstat-v2,validated
weekly-2026-09-20-r1,weekly_compstat,2026-09-14,2026-09-20,1,224441568f81ffe637b2bd2710d43d6899f14c5913e83b684efe2ba6fca9d029,21,district,district_17,District 17,major_crime_total,TOTAL,last_28_days,percent_change,percent,2026,2025,1,-15.0,-0.15,-15%,-15.0,matched,,,wilmington-compstat-v2,validated
weekly-2026-09-20-r1,weekly_compstat,2026-09-14,2026-09-20,1,224441568f81ffe637b2bd2710d43d6899f14c5913e83b684efe2ba6fca9d029,21,district,district_17,District 17,major_crime_total,TOTAL,year_to_date,count,count,2026,,,151,,151,,not_applicable,,,wilmington-compstat-v2,validated
weekly-2026-09-20-r1,weekly_compstat,2026-09-14,2026-09-20,1,224441568f81ffe637b2bd2710d43d6899f14c5913e83b684efe2ba6fca9d029,21,district,district_17,District 17,major_crime_total,TOTAL,year_to_date,count,count,2025,,,206,,206,,not_applicable,,,wilmington-compstat-v2,validated
weekly-2026-09-20-r1,weekly_compstat,2026-09-14,2026-09-20,1,224441568f81ffe637b2bd2710d43d6899f14c5913e83b684efe2ba6fca9d029,21,district,district_17,District 17,major_crime_total,TOTAL,year_to_date,percent_change,percent,2026,2025,1,-27.0,-0.27,-27%,-26.699029,matched,,,wilmington-compstat-v2,validated
weekly-2026-09-20-r1,weekly_compstat,2026-09-14,2026-09-20,1,224441568f81ffe637b2bd2710d43d6899f14c5913e83b684efe2ba6fca9d029,21,district,district_17,District 17,major_crime_total,TOTAL,year_to_date,percent_change,percent,2026,2024,2,-17.0,-0.17,-17%,,not_checkable,,,wilmington-compstat-v2,validated
weekly-2026-09-20-r1,weekly_compstat,2026-09-14,2026-09-20,1,224441568f81ffe637b2bd2710d43d6899f14c5913e83b684efe2ba6fca9d029,21,district,district_17,District 17,major_crime_total,TOTAL,year_to_date,percent_change,percent,2026,2023,3,-23.0,-0.23,-23%,,not_checkable,,,wilmington-compstat-v2,validated
weekly-2026-09-20-r1,weekly_compstat,2026-09-14,2026-09-20,1,224441568f81ffe637b2bd2710d43d6899f14c5913e83b684efe2ba6fca9d029,21,district,district_17,District 17,major_crime_total,TOTAL,year_to_date,percent_change,percent,2026,2022,4,-29.0,-0.29,-29%,,not_checkable,,,wilmington-compstat-v2,validated
weekly-2026-09-20-r1,weekly_compstat,2026-09-14,2026-09-20,1,224441568f81ffe637b2bd2710d43d6899f14c5913e83b684efe2ba6fca9d029,21,district,district_17,District 17,major_crime_total,TOTAL,year_to_date,percent_change,percent,2026,2021,5,-35.0,-0.35,-35%,,not_checkable,,,wilmington-compstat-v2,validated
weekly-2026-09-20-r1,weekly_compstat,2026-09-14,2026-09-20,1,224441568f81ffe637b2bd2710d43d6899f14c5913e83b684efe2ba6fca9d029,21,district,district_17,District 17,major_crime_total,TOTAL,year_to_date,percent_change,percent,2026,2020,6,-33.0,-0.33,-33%,,not_checkable,,,wilmington-compstat-v2,validated
weekly-2026-09-20-r1,weekly_compstat,2026-09-14,2026-09-20,1,224441568f81ffe637b2bd2710d43d6899f14c5913e83b684efe2ba6fca9d029,21,district,district_17,District 17,shooting_incidents,Shooting Incidents,last_7_days,count,count,2026,,,1,,1,,not_applicable,,,wilmington-compstat-v2,validated
weekly-2026-09-20-r1,weekly_compstat,2026-09-14,2026-09-20,1,224441568f81ffe637b2bd2710d43d6899f14c5913e83b684efe2ba6fca9d029,21,district,district_17,District 17,shooting_incidents,Shooting Incidents,last_7_days,count,count,2025,,,2,,2,,not_applicable,,,wilmington-compstat-v2,validated
weekly-2026-09-20-r1,weekly_compstat,2026-09-14,2026-09-20,1,224441568f81ffe637b2bd2710d43d6899f14c5913e83b684efe2ba6fca9d029,21,district,district_17,District 17,shooting_incidents,Shooting Incidents,last_7_days,percent_change,percent,2026,2025,1,-50.0,-0.5,-50%,-50.0,matched,,,wilmington-compstat-v2,validated
weekly-2026-09-20-r1,weekly_compstat,2026-09-14,2026-09-20,1,224441568f81ffe637b2bd2710d43d6899f14c5913e83b684efe2ba6fca9d029,21,district,district_17,District 17,shooting_incidents,Shooting Incidents,last_28_days,count,count,2026,,,3,,3,,not_applicable,,,wilmington-compstat-v2,validated
weekly-2026-09-20-r1,weekly_compstat,2026-09-14,2026-09-20,1,224441568f81ffe637b2bd2710d43d6899f14c5913e83b684efe2ba6fca9d029,21,district,district_17,District 17,shooting_incidents,Shooting Incidents,last_28_days,count,count,2025,,,6,,6,,not_applicable,,,wilmington-compstat-v2,validated
weekly-2026-09-20-r1,weekly_compstat,2026-09-14,2026-09-20,1,224441568f81ffe637b2bd2710d43d6899f14c5913e83b684efe2ba6fca9d029,21,district,district_17,District 17,shooting_incidents,Shooting Incidents,last_28_days,percent_change,percent,2026,2025,1,-50.0,-0.5,-50%,-50.0,matched,,,wilmington-compstat-v2,validated
weekly-2026-09-20-r1,weekly_compstat,2026-09-14,2026-09-20,1,224441568f81ffe637b2bd2710d43d6899f14c5913e83b684efe2ba6fca9d029,21,district,district_17,District 17,shooting_incidents,Shooting Incidents,year_to_date,count,count,2026,,,9,,9,,not_applicable,,,wilmington-compstat-v2,validated
weekly-2026-09-20-r1,weekly_compstat,2026-09-14,2026-09-20,1,224441568f81ffe637b2bd2710d43d6899f14c5913e83b684efe2ba6fca9d029,21,district,district_17,District 17,shooting_incidents,Shooting Incidents,year_to_date,count,count,2025,,,13,,13,,not_applicable,,,wilmington-compstat-v2,validated
weekly-2026-09-20-r1,weekly_compstat,2026-09-14,2026-09-20,1,224441568f81ffe637b2bd2710d43d6899f14c5913e83b684efe2ba6fca9d029,21,district,district_17,District 17,shooting_incidents,Shooting Incidents,year_to_date,percent_change,percent,2026,2025,1,-31.0,-0.31,-31%,-30.769231,matched,,,wilmington-compstat-v2,validated
weekly-2026-09-20-r1,weekly_compstat,2026-09-14,2026-09-20,1,224441568f81ffe637b2bd2710d43d6899f14c5913e83b684efe2ba6fca9d029,21,district,district_17,District 17,shooting_incidents,Shooting Incidents,year_to_date,percent_change,percent,2026,2024,2,-18.0,-0.18,-18%,,not_checkable,,,wilmington-compstat-v2,validated
weekly-2026-09-20-r1,weekly_compstat,2026-09-14,2026-09-20,1,224441568f81ffe637b2bd2710d43d6899f14c5913e83b684efe2ba6fca9d029,21,district,district_17,District 17,shooting_incidents,Shooting Incidents,year_to_date,percent_change,percent,2026,2023,3,-25.0,-0.25,-25%,,not_checkable,,,wilmington-compstat-v2,validated
weekly-2026-09-20-r1,weekly_compstat,2026-09-14,2026-09-20,1,224441568f81ffe637b2bd2710d43d6899f14c5913e83b684efe2ba6fca9d029,21,district,district_17,District 17,shooting_incidents,Shooting Incidents,year_to_date,percent_change,percent,2026,2022,4,-36.0,-0.36,-36%,,not_checkable,,,wilmington-compstat-v2,validated
weekly-2026-09-20-r1,weekly_compstat,2026-09-14,2026-09-20,1,224441568f81ffe637b2bd2710d43d6899f14c5913e83b684efe2ba6fca9d029,21,district,district_17,District 17,shooting_incidents,Shooting Incidents,year_to_date,percent_change,percent,2026,2021,5,-44.0,-0.44,-44%,,not_checkable,,,wilmington-compstat-v2,validated
weekly-2026-09-20-r1,weekly_compstat,2026-09-14,2026-09-20,1,224441568f81ffe637b2bd2710d43d6899f14c5913e83b684efe2ba6fca9d029,21,district,district_17,District 17,shooting_incidents,Shooting Incidents,year_to_date,percent_change,percent,2026,2020,6,-18.0,-0.18,-18%,,not_checkable,,,wilmington-compstat-v2,validated
weekly-2026-09-20-r1,weekly_compstat,2026-09-14,2026-09-20,1,224441568f81ffe637b2bd2710d43d6899f14c5913e83b684efe2ba6fca9d029,21,district,district_17,District 17,shooting_victims,Shooting Victims,last_7_days,count,count,2026,,,1,,1,,not_applicable,,,wilmington-compstat-v2,validated
weekly-2026-09-20-r1,weekly_compstat,2026-09-14,2026-09-20,1,224441568f81ffe637b2bd2710d43d6899f14c5913e83b684efe2ba6fca9d029,21,district,district_17,District 17,shooting_victims,Shooting Victims,last_7_days,count,count,2025,,,2,,2,,not_applicable,,,wilmington-compstat-v2,validated
weekly-2026-09-20-r1,weekly_compstat,2026-09-14,2026-09-20,1,224441568f81ffe637b2bd2710d43d6899f14c5913e83b684efe2ba6fca9d029,21,district,district_17,District 17,shooting_victims,Shooting Victims,last_7_days,percent_change,percent,2026,2025,1,-50.0,-0.5,-50%,-50.0,matched,,,wilmington-compstat-v2,validated
weekly-2026-09-20-r1,weekly_compstat,2026-09-14,2026-09-20,1,224441568f81ffe637b2bd2710d43d6899f14c5913e83b684efe2ba6fca9d029,21,district,district_17,District 17,shooting_victims,Shooting Victims,last_28_days,count,count,2026,,,5,,5,,not_applicable,,,wilmington-compstat-v2,validated
weekly-2026-09-20-r1,weekly_compstat,2026-09-14,2026-09-20,1,224441568f81ffe637b2bd2710d43d6899f14c5913e83b684efe2ba6fca9d029,21,district,district_17,District 17,shooting_victims,Shooting Victims,last_28_days,count,count,2025,,,7,,7,,not_applicable,,,wilmington-compstat-v2,validated
weekly-2026-09-20-r1,weekly_compstat,2026-09-14,2026-09-20,1,224441568f81ffe637b2bd2710d43d6899f14c5913e83b684efe2ba6fca9d029,21,district,district_17,District 17,shooting_victims,Shooting Victims,last_28_days,percent_change,percent,2026,2025,1,-29.0,-0.29,-29%,-28.571429,matched,,,wilmington-compstat-v2,validated
weekly-2026-09-20-r1,weekly_compstat,2026-09-14,2026-09-20,1,224441568f81ffe637b2bd2710d43d6899f14c5913e83b684efe2ba6fca9d029,21,district,district_17,District 17,shooting_victims,Shooting Victims,year_to_date,count,count,2026,,,12,,12,,not_applicable,,,wilmington-compstat-v2,validated
weekly-2026-09-20-r1,weekly_compstat,2026-09-14,2026-09-20,1,224441568f81ffe637b2bd2710d43d6899f14c5913e83b684efe2ba6fca9d029,21,district,district_17,District 17,shooting_victims,Shooting Victims,year_to_date,count,count,2025,,,15,,15,,not_applicable,,,wilmington-compstat-v2,validated
weekly-2026-09-20-r1,weekly_compstat,2026-09-14,2026-09-20,1,224441568f81ffe637b2bd2710d43d6899f14c5913e83b684efe2ba6fca9d029,21,district,district_17,District 17,shooting_victims,Shooting Victims,year_to_date,percent_change,percent,2026,2025,1,-20.0,-0.2,-20%,-20.0,matched,,,wilmington-compstat-v2,validated
weekly-2026-09-20-r1,weekly_compstat,2026-09-14,2026-09-20,1,224441568f81ffe637b2bd2710d43d6899f14c5913e83b684efe2ba6fca9d029,21,district,district_17,District 17,shooting_victims,Shooting Victims,year_to_date,percent_change,percent,2026,2024,2,-8.0,-0.08,-8%,,not_checkable,,,wilmington-compstat-v2,validated
weekly-2026-09-20-r1,weekly_compstat,2026-09-14,2026-09-20,1,224441568f81ffe637b2bd2710d43d6899f14c5913e83b684efe2ba6fca9d029,21,district,district_17,District 17,shooting_victims,Shooting Victims,year_to_date,percent_change,percent,2026,2023,3,-25.0,-0.25,-25%,,not_checkable,,,wilmington-compstat-v2,validated
weekly-2026-09-20-r1,weekly_compstat,2026-09-14,2026-09-20,1,224441568f81ffe637b2bd2710d43d6899f14c5913e83b684efe2ba6fca9d029,21,district,district_17,District 17,shooting_victims,Shooting Victims,year_to_date,percent_change,percent,2026,2022,4,-29.0,-0.29,-29%,,not_checkable,,,wilmington-compstat-v2,validated
weekly-2026-09-20-r1,weekly_compstat,2026-09-14,2026-09-20,1,224441568f81ffe637b2bd2710d43d6899f14c5913e83b684efe2ba6fca9d029,21,district,district_17,District 17,shooting_victims,Shooting Victims,year_to_date,percent_change,percent,2026,2021,5,-37.0,-0.37,-37%,,not_checkable,,,wilmington-compstat-v2,validated
weekly-2026-09-20-r1,weekly_compstat,2026-09-14,2026-09-20,1,224441568f81ffe637b2bd2710d43d6899f14c5913e83b684efe2ba6fca9d029,21,district,district_17,District 17,shooting_victims,Shooting Victims,year_to_date,percent_change,percent,2026,2020,6,-25.0,-0.25,-25%,,not_checkable,,,wilmington-compstat-v2,validated
weekly-2026-09-20-r1,weekly_compstat,2026-09-14,2026-09-20,1,224441568f81ffe637b2bd2710d43d6899f14c5913e83b684efe2ba6fca9d029,21,district,district_17,District 17,juvenile_shooting_incidents,*Juv Shooting Incidents,last_7_days,count,count,2026,,,0,,0,,not_applicable,,,wilmington-compstat-v2,validated
weekly-2026-09-20-r1,weekly_compstat,2026-09-14,2026-09-20,1,224441568f81ffe637b2bd2710d43d6899f14c5913e83b684efe2ba6fca9d029,21,district,district_17,District 17,juvenile_shooting_incidents,*Juv Shooting Incidents,last_7_days,count,count,2025,,,0,,0,,not_applicable,,,wilmington-compstat-v2,validated
weekly-2026-09-20-r1,weekly_compstat,2026-09-14,2026-09-20,1,224441568f81ffe637b2bd2710d43d6899f14c5913e83b684efe2ba6fca9d029,21,district,district_17,District 17,juvenile_shooting_incidents,*Juv Shooting Incidents,last_7_days,percent_change,percent,2026,2025,1,,,*,,undefined_zero_denominator,,undefined_zero_denominator,wilmington-compstat-v2,validated
weekly-2026-09-20-r1,weekly_compstat,2026-09-14,2026-09-20,1,224441568f81ffe637b2bd2710d43d6899f14c5913e83b684efe2ba6fca9d029,21,district,district_17,District 17,juvenile_shooting_incidents,*Juv Shooting Incidents,last_28_days,count,count,2026,,,1,,1,,not_applicable,,,wilmington-compstat-v2,validated
weekly-2026-09-20-r1,weekly_compstat,2026-09-14,2026-09-20,1,224441568f81ffe637b2bd2710d43d6899f14c5913e83b684efe2ba6fca9d029,21,district,district_17,District 17,juvenile_shooting_incidents,*Juv Shooting Incidents,last_28_days,count,count,2025,,,1,,1,,not_applicable,,,wilmington-compstat-v2,validated
weekly-2026-09-20-r1,weekly_compstat,2026-09-14,2026-09-20,1,224441568f81ffe637b2bd2710d43d6899f14c5913e83b684efe2ba6fca9d029,21,district,district_17,District 17,juvenile_shooting_incidents,*Juv Shooting Incidents,last_28_days,percent_change,percent,2026,2025,1,0.0,0.0,0%,0.0,matched,,,wilmington-compstat-v2,validated
weekly-2026-09-20-r1,weekly_compstat,2026-09-14,2026-09-20,1,224441568f81ffe637b2bd2710d43d6899f14c5913e83b684efe2ba6fca9d029,21,district,district_17,District 17,juvenile_shooting_incidents,*Juv Shooting Incidents,year_to_date,count,count,2026,,,2,,2,,not_applicable,,,wilmington-compstat-v2,validated
weekly-2026-09-20-r1,weekly_compstat,2026-09-14,2026-09-20,1,224441568f81ffe637b2bd2710d43d6899f14c5913e83b684efe2ba6fca9d029,21,district,district_17,District 17,juvenile_shooting_incidents,*Juv Shooting Incidents,year_to_date,count,count,2025,,,4,,4,,not_applicable,,,wilmington-compstat-v2,validated
weekly-2026-09-20-r1,weekly_compstat,2026-09-14,2026-09-20,1,224441568f81ffe637b2bd2710d43d6899f14c5913e83b684efe2ba6fca9d029,21,district,district_17,District 17,juvenile_shooting_incidents,*Juv Shooting Incidents,year_to_date,percent_change,percent,2026,2025,1,-50.0,-0.5,-50%,-50.0,matched,,,wilmington-compstat-v2,validated
weekly-2026-09-20-r1,weekly_compstat,2026-09-14,2026-09-20,1,224441568f81ffe637b2bd2710d43d6899f14c5913e83b684efe2ba6fca9d029,21,district,district_17,District 17,juvenile_shooting_incidents,*Juv Shooting Incidents,year_to_date,percent_change,percent,2026,2024,2,0.0,0.0,0%,,not_checkable,,,wilmington-compstat-v2,validated
weekly-2026-09-20-r1,weekly_compstat,2026-09-14,2026-09-20,1,224441568f81ffe637b2bd2710d43d6899f14c5913e83b684efe2ba6fca9d029,21,district,district_17,District 17,juvenile_shooting_incidents,*Juv Shooting Incidents,year_to_date,percent_change,percent,2026,2023,3,-33.0,-0.33,-33%,,not_checkable,,,wilmington-compstat-v2,validated
weekly-2026-09-20-r1,weekly_compstat,2026-09-14,2026-09-20,1,224441568f81ffe637b2bd2710d43d6899f14c5913e83b684efe2ba6fca9d029,21,district,district_17,District 17,juvenile_shooting_incidents,*Juv Shooting Incidents,year_to_date,percent_change,percent,2026,2022,4,-60.0,-0.6,-60%,,not_checkable,,,wilmington-compstat-v2,validated
weekly-2026-09-20-r1,weekly_compstat,2026-09-14,2026-09-20,1,224441568f81ffe637b2bd2710d43d6899f14c5913e83b684efe2ba6fca9d029,21,district,district_17,District 17,juvenile_shooting_incidents,*Juv Shooting Incidents,year_to_date,percent_change,percent,2026,2021,5,0.0,0.0,0%,,not_checkable,,,wilmington-compstat-v2,validated
weekly-2026-09-20-r1,weekly_compstat,2026-09-14,2026-09-20,1,224441568f81ffe637b2bd2710d43d6899f14c5913e83b684efe2ba6fca9d029,21,district,district_17,District 17,juvenile_shooting_incidents,*Juv Shooting Incidents,year_to_date,percent_change,percent,2026,2020,6,-50.0,-0.5,-50%,,not_checkable,,,wilmington-compstat-v2,validated
weekly-2026-09-20-r1,weekly_compstat,2026-09-14,2026-09-20,1,224441568f81ffe637b2bd2710d43d6899f14c5913e83b684efe2ba6fca9d029,21,district,district_17,District 17,juvenile_shooting_victims,*Juv Shooting Victims,last_7_days,count,count,2026,,,0,,0,,not_applicable,,,wilmington-compstat-v2,validated
weekly-2026-09-20-r1,weekly_compstat,2026-09-14,2026-09-20,1,224441568f81ffe637b2bd2710d43d6899f14c5913e83b684efe2ba6fca9d029,21,district,district_17,District 17,juvenile_shooting_victims,*Juv Shooting Victims,last_7_days,count,count,2025,,,0,,0,,not_applicable,,,wilmington-compstat-v2,validated
weekly-2026-09-20-r1,weekly_compstat,2026-09-14,2026-09-20,1,224441568f81ffe637b2bd2710d43d6899f14c5913e83b684efe2ba6fca9d029,21,district,district_17,District 17,juvenile_shooting_victims,*Juv Shooting Victims,last_7_days,percent_change,percent,2026,2025,1,,,*,,undefined_zero_denominator,,undefined_zero_denominator,wilmington-compstat-v2,validated
weekly-2026-09-20-r1,weekly_compstat,2026-09-14,2026-09-20,1,224441568f81ffe637b2bd2710d43d6899f14c5913e83b684efe2ba6fca9d029,21,district,district_17,District 17,juvenile_shooting_victims,*Juv Shooting Victims,last_28_days,count,count,2026,,,1,,1,,not_applicable,,,wilmington-compstat-v2,validated
weekly-2026-09-20-r1,weekly_compstat,2026-09-14,2026-09-20,1,224441568f81ffe637b2bd2710d43d6899f14c5913e83b684efe2ba6fca9d029,21,district,district_17,District 17,juvenile_shooting_victims,*Juv Shooting Victims,last_28_days,count,count,2025,,,1,,1,,not_applicable,,,wilmington-compstat-v2,validated
weekly-2026-09-20-r1,weekly_compstat,2026-09-14,2026-09-20,1,224441568f81ffe637b2bd2710d43d6899f14c5913e83b684efe2ba6fca9d029,21,district,district_17,District 17,juvenile_shooting_victims,*Juv Shooting Victims,last_28_days,percent_change,percent,2026,2025,1,0.0,0.0,0%,0.0,matched,,,wilmington-compstat-v2,validated
weekly-2026-09-20-r1,weekly_compstat,2026-09-14,2026-09-20,1,224441568f81ffe637b2bd2710d43d6899f14c5913e83b684efe2ba6fca9d029,21,district,district_17,District 17,juvenile_shooting_victims,*Juv Shooting Victims,year_to_date,count,count,2026,,,2,,2,,not_applicable,,,wilmington-compstat-v2,validated
weekly-2026-09-20-r1,weekly_compstat,2026-09-14,2026-09-20,1,224441568f81ffe637b2bd2710d43d6899f14c5913e83b684efe2ba6fca9d029,21,district,district_17,District 17,juvenile_shooting_victims,*Juv Shooting Victims,year_to_date,count,count,2025,,,4,,4,,not_applicable,,,wilmington-compstat-v2,validated
weekly-2026-09-20-r1,weekly_compstat,2026-09-14,2026-09-20,1,224441568f81ffe637b2bd2710d43d6899f14c5913e83b684efe2ba6fca9d029,21,district,district_17,District 17,juvenile_shooting_victims,*Juv Shooting Victims,year_to_date,percent_change,percent,2026,2025,1,-50.0,-0.5,-50%,-50.0,matched,,,wilmington-compstat-v2,validated
weekly-2026-09-20-r1,weekly_compstat,2026-09-14,2026-09-20,1,224441568f81ffe637b2bd2710d43d6899f14c5913e83b684efe2ba6fca9d029,21,district,district_17,District 17,juvenile_shooting_victims,*Juv Shooting Victims,year_to_date,percent_change,percent,2026,2024,2,0.0,0.0,0%,,not_checkable,,,wilmington-compstat-v2,validated
weekly-2026-09-20-r1,weekly_compstat,2026-09-14,2026-09-20,1,224441568f81ffe637b2bd2710d43d6899f14c5913e83b684efe2ba6fca9d029,21,district,district_17,District 17,juvenile_shooting_victims,*Juv Shooting Victims,year_to_date,percent_change,percent,2026,2023,3,-33.0,-0.33,-33%,,not_checkable,,,wilmington-compstat-v2,validated
weekly-2026-09-20-r1,weekly_compstat,2026-09-14,2026-09-20,1,224441568f81ffe637b2bd2710d43d6899f14c5913e83b684efe2ba6fca9d029,21,district,district_17,District 17,juvenile_shooting_victims,*Juv Shooting Victims,year_to_date,percent_change,percent,2026,2022,4,-71.0,-0.71,-71%,,not_checkable,,,wilmington-compstat-v2,validated
weekly-2026-09-20-r1,weekly_compstat,2026-09-14,2026-09-20,1,224441568f81ffe637b2bd2710d43d6899f14c5913e83b684efe2ba6fca9d029,21,district,district_17,District 17,juvenile_shooting_victims,*Juv Shooting Victims,year_to_date,percent_change,percent,2026,2021,5,0.0,0.0,0%,,not_checkable,,,wilmington-compstat-v2,validated
weekly-2026-09-20-r1,weekly_compstat,2026-09-14,2026-09-20,1,224441568f81ffe637b2bd2710d43d6899f14c5913e83b684efe2ba6fca9d029,21,district,district_17,District 17,juvenile_shooting_victims,*Juv Shooting Victims,year_to_date,percent_change,percent,2026,2020,6,-50.0,-0.5,-50%,,not_checkable,,,wilmington-compstat-v2,validated
weekly-2026-09-20-r1,weekly_compstat,2026-09-14,2026-09-20,1,224441568f81ffe637b2bd2710d43d6899f14c5913e83b684efe2ba6fca9d029,21,district,district_17,District 17,misdemeanor_theft,Theft (Misdemeanor),last_7_days,count,count,2026,,,1,,1,,not_applicable,,,wilmington-compstat-v2,validated
weekly-2026-09-20-r1,weekly_compstat,2026-09-14,2026-09-20,1,224441568f81ffe637b2bd2710d43d6899f14c5913e83b684efe2ba6fca9d029,21,district,district_17,District 17,misdemeanor_theft,Theft (Misdemeanor),last_7_days,count,count,2025,,,2,,2,,not_applicable,,,wilmington-compstat-v2,validated
weekly-2026-09-20-r1,weekly_compstat,2026-09-14,2026-09-20,1,224441568f81ffe637b2bd2710d43d6899f14c5913e83b684efe2ba6fca9d029,21,district,district_17,District 17,misdemeanor_theft,Theft (Misdemeanor),last_7_days,percent_change,percent,2026,2025,1,-50.0,-0.5,-50%,-50.0,matched,,,wilmington-compstat-v2,validated
weekly-2026-09-20-r1,weekly_compstat,2026-09-14,2026-09-20,1,224441568f81ffe637b2bd2710d43d6899f14c5913e83b684efe2ba6fca9d029,21,district,district_17,District 17,misdemeanor_theft,Theft (Misdemeanor),last_28_days,count,count,2026,,,8,,8,,not_applicable,,,wilmington-compstat-v2,validated
weekly-2026-09-20-r1,weekly_compstat,2026-09-14,2026-09-20,1,224441568f81ffe637b2bd2710d43d6899f14c5913e83b684efe2ba6fca9d029,21,district,district_17,District 17,misdemeanor_theft,Theft (Misdemeanor),last_28_days,count,count,2025,,,12,,12,,not_applicable,,,wilmington-compstat-v2,validated
weekly-2026-09-20-r1,weekly_compstat,2026-09-14,2026-09-20,1,224441568f81ffe637b2bd2710d43d6899f14c5913e83b684efe2ba6fca9d029,21,district,district_17,District 17,misdemeanor_theft,Theft (Misdemeanor),last_28_days,percent_change,percent,2026,2025,1,-33.0,-0.33,-33%,-33.333333,matched,,,wilmington-compstat-v2,validated
weekly-2026-09-20-r1,weekly_compstat,2026-09-14,2026-09-20,1,224441568f81ffe637b2bd2710d43d6899f14c5913e83b684efe2ba6fca9d029,21,district,district_17,District 17,misdemeanor_theft,Theft (Misdemeanor),year_to_date,count,count,2026,,,65,,65,,not_applicable,,,wilmington-compstat-v2,validated
weekly-2026-09-20-r1,weekly_compstat,2026-09-14,2026-09-20,1,224441568f81ffe637b2bd2710d43d6899f14c5913e83b684efe2ba6fca9d029,21,district,district_17,District 17,misdemeanor_theft,Theft (Misdemeanor),year_to_date,count,count,2025,,,81,,81,,not_applicable,,,wilmington-compstat-v2,validated
weekly-2026-09-20-r1,weekly_compstat,2026-09-14,2026-09-20,1,224441568f81ffe637b2bd2710d43d6899f14c5913e83b684efe2ba6fca9d029,21,district,district_17,District 17,misdemeanor_theft,Theft (Misdemeanor),year_to_date,percent_change,percent,2026,2025,1,-20.0,-0.2,-20%,-19.753086,matched,,,wilmington-compstat-v2,validated
weekly-2026-09-20-r1,weekly_compstat,2026-09-14,2026-09-20,1,224441568f81ffe637b2bd2710d43d6899f14c5913e83b684efe2ba6fca9d029,21,district,district_17,District 17,misdemeanor_theft,Theft (Misdemeanor),year_to_date,percent_change,percent,2026,2024,2,-27.0,-0.27,-27%,,not_checkable,,,wilmington-compstat-v2,validated
weekly-2026-09-20-r1,weekly_compstat,2026-09-14,2026-09-20,1,224441568f81ffe637b2bd2710d43d6899f14c5913e83b684efe2ba6fca9d029,21,district,district_17,District 17,misdemeanor_theft,Theft (Misdemeanor),year_to_date,percent_change,percent,2026,2023,3,-26.0,-0.26,-26%,,not_checkable,,,wilmington-compstat-v2,validated
weekly-2026-09-20-r1,weekly_compstat,2026-09-14,2026-09-20,1,224441568f81ffe637b2bd2710d43d6899f14c5913e83b684efe2ba6fca9d029,21,district,district_17,District 17,misdemeanor_theft,Theft (Misdemeanor),year_to_date,percent_change,percent,2026,2022,4,-39.0,-0.39,-39%,,not_checkable,,,wilmington-compstat-v2,validated
weekly-2026-09-20-r1,weekly_compstat,2026-09-14,2026-09-20,1,224441568f81ffe637b2bd2710d43d6899f14c5913e83b684efe2ba6fca9d029,21,district,district_17,District 17,misdemeanor_theft,Theft (Misdemeanor),year_to_date,percent_change,percent,2026,2021,5,-50.0,-0.5,-50%,,not_checkable,,,wilmington-compstat-v2,validated
weekly-2026-09-20-r1,weekly_compstat,2026-09-14,2026-09-20,1,224441568f81ffe637b2bd2710d43d6899f14c5913e83b684efe2ba6fca9d029,21,district,district_17,District 17,misdemeanor_theft,Theft (Misdemeanor),year_to_date,percent_change,percent,2026,2020,6,-44.0,-0.44,-44%,,not_checkable,,,wilmington-compstat-v2,validated
weekly-2026-09-20-r1,weekly_compstat,2026-09-14,2026-09-20,1,224441568f81ffe637b2bd2710d43d6899f14c5913e83b684efe2ba6fca9d029,23,district,district_18,District 18,murder,Murder,last_7_days,count,count,2026,,,0,,0,,not_applicable,,,wilmington-compstat-v2,validated
weekly-2026-09-20-r1,weekly_compstat,2026-09-14,2026-09-20,1,224441568f81ffe637b2bd2710d43d6899f14c5913e83b684efe2ba6fca9d029,23,district,district_18,District 18,murder,Murder,last_7_days,count,count,2025,,,0,,0,,not_applicable,,,wilmington-compstat-v2,validated
weekly-2026-09-20-r1,weekly_compstat,2026-09-14,2026-09-20,1,224441568f81ffe637b2bd2710d43d6899f14c5913e83b684efe2ba6fca9d029,23,district,district_18,District 18,murder,Murder,last_7_days,percent_change,percent,2026,2025,1,,,*,,undefined_zero_denominator,,undefined_zero_denominator,wilmington-compstat-v2,validated
weekly-2026-09-20-r1,weekly_compstat,2026-09-14,2026-09-20,1,224441568f81ffe637b2bd2710d43d6899f14c5913e83b684efe2ba6fca9d029,23,district,district_18,District 18,murder,Murder,last_28_days,count,count,2026,,,0,,0,,not_applicable,,,wilmington-compstat-v2,validated
weekly-2026-09-20-r1,weekly_compstat,2026-09-14,2026-09-20,1,224441568f81ffe637b2bd2710d43d6899f14c5913e83b684efe2ba6fca9d029,23,district,district_18,District 18,murder,Murder,last_28_days,count,count,2025,,,0,,0,,not_applicable,,,wilmington-compstat-v2,validated
weekly-2026-09-20-r1,weekly_compstat,2026-09-14,2026-09-20,1,224441568f81ffe637b2bd2710d43d6899f14c5913e83b684efe2ba6fca9d029,23,district,district_18,District 18,murder,Murder,last_28_days,percent_change,percent,2026,2025,1,,,*,,undefined_zero_denominator,,undefined_zero_denominator,wilmington-compstat-v2,validated
weekly-2026-09-20-r1,weekly_compstat,2026-09-14,2026-09-20,1,224441568f81ffe637b2bd2710d43d6899f14c5913e83b684efe2ba6fca9d029,23,district,district_18,District 18,murder,Murder,year_to_date,count,count,2026,,,1,,1,,not_applicable,,,wilmington-compstat-v2,validated
weekly-2026-09-20-r1,weekly_compstat,2026-09-14,2026-09-20,1,224441568f81ffe637b2bd2710d43d6899f14c5913e83b684efe2ba6fca9d029,23,district,district_18,District 18,murder,Murder,year_to_date,count,count,2025,,,2,,2,,not_applicable,,,wilmington-compstat-v2,validated
weekly-2026-09-20-r1,weekly_compstat,2026-09-14,2026-09-20,1,224441568f81ffe637b2bd2710d43d6899f14c5913e83b684efe2ba6fca9d029,23,district,district_18,District 18,murder,Murder,year_to_date,percent_change,percent,2026,2025,1,-50.0,-0.5,-50%,-50.0,matched,,,wilmington-compstat-v2,validated
weekly-2026-09-20-r1,weekly_compstat,2026-09-14,2026-09-20,1,224441568f81ffe637b2bd2710d43d6899f14c5913e83b684efe2ba6fca9d029,23,district,district_18,District 18,murder,Murder,year_to_date,percent_change,percent,2026,2024,2,-50.0,-0.5,-50%,,not_checkable,,,wilmington-compstat-v2,validated
weekly-2026-09-20-r1,weekly_compstat,2026-09-14,2026-09-20,1,224441568f81ffe637b2bd2710d43d6899f14c5913e83b684efe2ba6fca9d029,23,district,district_18,District 18,murder,Murder,year_to_date,percent_change,percent,2026,2023,3,,,*,,not_checkable,,undefined_zero_denominator,wilmington-compstat-v2,validated
weekly-2026-09-20-r1,weekly_compstat,2026-09-14,2026-09-20,1,224441568f81ffe637b2bd2710d43d6899f14c5913e83b684efe2ba6fca9d029,23,district,district_18,District 18,murder,Murder,year_to_date,percent_change,percent,2026,2022,4,0.0,0.0,0%,,not_checkable,,,wilmington-compstat-v2,validated
weekly-2026-09-20-r1,weekly_compstat,2026-09-14,2026-09-20,1,224441568f81ffe637b2bd2710d43d6899f14c5913e83b684efe2ba6fca9d029,23,district,district_18,District 18,murder,Murder,year_to_date,percent_change,percent,2026,2021,5,-50.0,-0.5,-50%,,not_checkable,,,wilmington-compstat-v2,validated
weekly-2026-09-20-r1,weekly_compstat,2026-09-14,2026-09-20,1,224441568f81ffe637b2bd2710d43d6899f14c5913e83b684efe2ba6fca9d029,23,district,district_18,District 18,murder,Murder,year_to_date,percent_change,percent,2026,2020,6,0.0,0.0,0%,,not_checkable,,,wilmington-compstat-v2,validated
weekly-2026-09-20-r1,weekly_compstat,2026-09-14,2026-09-20,1,224441568f81ffe637b2bd2710d43d6899f14c5913e83b684efe2ba6fca9d029,23,district,district_18,District 18,rape,Rape,last_7_days,count,count,2026,,,0,,0,,not_applicable,,,wilmington-compstat-v2,validated
weekly-2026-09-20-r1,weekly_compstat,2026-09-14,2026-09-20,1,224441568f81ffe637b2bd2710d43d6899f14c5913e83b684efe2ba6fca9d029,23,district,district_18,District 18,rape,Rape,last_7_days,count,count,2025,,,0,,0,,not_applicable,,,wilmington-compstat-v2,validated
weekly-2026-09-20-r1,weekly_compstat,2026-09-14,2026-09-20,1,224441568f81ffe637b2bd2710d43d6899f14c5913e83b684efe2ba6fca9d029,23,district,district_18,District 18,rape,Rape,last_7_days,percent_change,percent,2026,2025,1,,,*,,undefined_zero_denominator,,undefined_zero_denominator,wilmington-compstat-v2,validated
weekly-2026-09-20-r1,weekly_compstat,2026-09-14,2026-09-20,1,224441568f81ffe637b2bd2710d43d6899f14c5913e83b684efe2ba6fca9d029,23,district,district_18,District 18,rape,Rape,last_28_days,count,count,2026,,,0,,0,,not_applicable,,,wilmington-compstat-v2,validated
weekly-2026-09-20-r1,weekly_compstat,2026-09-14,2026-09-20,1,224441568f81ffe637b2bd2710d43d6899f14c5913e83b684efe2ba6fca9d029,23,district,district_18,District 18,rape,Rape,last_28_days,count,count,2025,,,0,,0,,not_applicable,,,wilmington-compstat-v2,validated
weekly-2026-09-20-r1,weekly_compstat,2026-09-14,2026-09-20,1,224441568f81ffe637b2bd2710d43d6899f14c5913e83b684efe2ba6fca9d029,23,district,district_18,District 18,rape,Rape,last_28_days,percent_change,percent,2026,2025,1,,,*,,undefined_zero_denominator,,undefined_zero_denominator,wilmington-compstat-v2,validated
weekly-2026-09-20-r1,weekly_compstat,2026-09-14,2026-09-20,1,224441568f81ffe637b2bd2710d43d6899f14c5913e83b684efe2ba6fca9d029,23,district,district_18,District 18,rape,Rape,year_to_date,count,count,2026,,,2,,2,,not_applicable,,,wilmington-compstat-v2,validated
weekly-2026-09-20-r1,weekly_compstat,2026-09-14,2026-09-20,1,224441568f81ffe637b2bd2710d43d6899f14c5913e83b684efe2ba6fca9d029,23,district,district_18,District 18,rape,Rape,year_to_date,count,count,2025,,,0,,0,,not_applicable,,,wilmington-compstat-v2,validated
weekly-2026-09-20-r1,weekly_compstat,2026-09-14,2026-09-20,1,224441568f81ffe637b2bd2710d43d6899f14c5913e83b684efe2ba6fca9d029,23,district,district_18,District 18,rape,Rape,year_to_date,percent_change,percent,2026,2025,1,,,*,,undefined_zero_denominator,,undefined_zero_denominator,wilmington-compstat-v2,validated
weekly-2026-09-20-r1,weekly_compstat,2026-09-14,2026-09-20,1,224441568f81ffe637b2bd2710d43d6899f14c5913e83b684efe2ba6fca9d029,23,district,district_18,District 18,rape,Rape,year_to_date,percent_change,percent,2026,2024,2,,,*,,not_checkable,,undefined_zero_denominator,wilmington-compstat-v2,validated
weekly-2026-09-20-r1,weekly_compstat,2026-09-14,2026-09-20,1,224441568f81ffe637b2bd2710d43d6899f14c5913e83b684efe2ba6fca9d029,23,district,district_18,District 18,rape,Rape,year_to_date,percent_change,percent,2026,2023,3,0.0,0.0,0%,,not_checkable,,,wilmington-compstat-v2,validated
weekly-2026-09-20-r1,weekly_compstat,2026-09-14,2026-09-20,1,224441568f81ffe637b2bd2710d43d6899f14c5913e83b684efe2ba6fca9d029,23,district,district_18,District 18,rape,Rape,year_to_date,percent_change,percent,2026,2022,4,100.0,1.0,100%,,not_checkable,,,wilmington-compstat-v2,validated
weekly-2026-09-20-r1,weekly_compstat,2026-09-14,2026-09-20,1,224441568f81ffe637b2bd2710d43d6899f14c5913e83b684efe2ba6fca9d029,23,district,district_18,District 18,rape,Rape,year_to_date,percent_change,percent,2026,2021,5,,,*,,not_checkable,,undefined_zero_denominator,wilmington-compstat-v2,validated
weekly-2026-09-20-r1,weekly_compstat,2026-09-14,2026-09-20,1,224441568f81ffe637b2bd2710d43d6899f14c5913e83b684efe2ba6fca9d029,23,district,district_18,District 18,rape,Rape,year_to_date,percent_change,percent,2026,2020,6,,,*,,not_checkable,,undefined_zero_denominator,wilmington-compstat-v2,validated
weekly-2026-09-20-r1,weekly_compstat,2026-09-14,2026-09-20,1,224441568f81ffe637b2bd2710d43d6899f14c5913e83b684efe2ba6fca9d029,23,district,district_18,District 18,robbery,Robbery,last_7_days,count,count,2026,,,1,,1,,not_applicable,,,wilmington-compstat-v2,validated
weekly-2026-09-20-r1,weekly_compstat,2026-09-14,2026-09-20,1,224441568f81ffe637b2bd2710d43d6899f14c5913e83b684efe2ba6fca9d029,23,district,district_18,District 18,robbery,Robbery,last_7_days,count,count,2025,,,1,,1,,not_applicable,,,wilmington-compstat-v2,validated
weekly-2026-09-20-r1,weekly_compstat,2026-09-14,2026-09-20,1,224441568f81ffe637b2bd2710d43d6899f14c5913e83b684efe2ba6fca9d029,23,district,district_18,District 18,robbery,Robbery,last_7_days,percent_change,percent,2026,2025,1,0.0,0.0,0%,0.0,matched,,,wilmington-compstat-v2,validated
weekly-2026-09-20-r1,weekly_compstat,2026-09-14,2026-09-20,1,224441568f81ffe637b2bd2710d43d6899f14c5913e83b684efe2ba6fca9d029,23,district,district_18,District 18,robbery,Robbery,last_28_days,count,count,2026,,,3,,3,,not_applicable,,,wilmington-compstat-v2,validated
weekly-2026-09-20-r1,weekly_compstat,2026-09-14,2026-09-20,1,224441568f81ffe637b2bd2710d43d6899f14c5913e83b684efe2ba6fca9d029,23,district,district_18,District 18,robbery,Robbery,last_28_days,count,count,2025,,,1,,1,,not_applicable,,,wilmington-compstat-v2,validated
weekly-2026-09-20-r1,weekly_compstat,2026-09-14,2026-09-20,1,224441568f81ffe637b2bd2710d43d6899f14c5913e83b684efe2ba6fca9d029,23,district,district_18,District 18,robbery,Robbery,last_28_days,percent_change,percent,2026,2025,1,200.0,2.0,200%,200.0,matched,,,wilmington-compstat-v2,validated
weekly-2026-09-20-r1,weekly_compstat,2026-09-14,2026-09-20,1,224441568f81ffe637b2bd2710d43d6899f14c5913e83b684efe2ba6fca9d029,23,district,district_18,District 18,robbery,Robbery,year_to_date,count,count,2026,,,20,,20,,not_applicable,,,wilmington-compstat-v2,validated
weekly-2026-09-20-r1,weekly_compstat,2026-09-14,2026-09-20,1,224441568f81ffe637b2bd2710d43d6899f14c5913e83b684efe2ba6fca9d029,23,district,district_18,District 18,robbery,Robbery,year_to_date,count,count,2025,,,10,,10,,not_applicable,,,wilmington-compstat-v2,validated
weekly-2026-09-20-r1,weekly_compstat,2026-09-14,2026-09-20,1,224441568f81ffe637b2bd2710d43d6899f14c5913e83b684efe2ba6fca9d029,23,district,district_18,District 18,robbery,Robbery,year_to_date,percent_change,percent,2026,2025,1,100.0,1.0,100%,100.0,matched,,,wilmington-compstat-v2,validated
weekly-2026-09-20-r1,weekly_compstat,2026-09-14,2026-09-20,1,224441568f81ffe637b2bd2710d43d6899f14c5913e83b684efe2ba6fca9d029,23,district,district_18,District 18,robbery,Robbery,year_to_date,percent_change,percent,2026,2024,2,33.0,0.33,33%,,not_checkable,,,wilmington-compstat-v2,validated
weekly-2026-09-20-r1,weekly_compstat,2026-09-14,2026-09-20,1,224441568f81ffe637b2bd2710d43d6899f14c5913e83b684efe2ba6fca9d029,23,district,district_18,District 18,robbery,Robbery,year_to_date,percent_change,percent,2026,2023,3,-29.0,-0.29,-29%,,not_checkable,,,wilmington-compstat-v2,validated
weekly-2026-09-20-r1,weekly_compstat,2026-09-14,2026-09-20,1,224441568f81ffe637b2bd2710d43d6899f14c5913e83b684efe2ba6fca9d029,23,district,district_18,District 18,robbery,Robbery,year_to_date,percent_change,percent,2026,2022,4,-13.0,-0.13,-13%,,not_checkable,,,wilmington-compstat-v2,validated
weekly-2026-09-20-r1,weekly_compstat,2026-09-14,2026-09-20,1,224441568f81ffe637b2bd2710d43d6899f14c5913e83b684efe2ba6fca9d029,23,district,district_18,District 18,robbery,Robbery,year_to_date,percent_change,percent,2026,2021,5,11.0,0.11,11%,,not_checkable,,,wilmington-compstat-v2,validated
weekly-2026-09-20-r1,weekly_compstat,2026-09-14,2026-09-20,1,224441568f81ffe637b2bd2710d43d6899f14c5913e83b684efe2ba6fca9d029,23,district,district_18,District 18,robbery,Robbery,year_to_date,percent_change,percent,2026,2020,6,-26.0,-0.26,-26%,,not_checkable,,,wilmington-compstat-v2,validated
weekly-2026-09-20-r1,weekly_compstat,2026-09-14,2026-09-20,1,224441568f81ffe637b2bd2710d43d6899f14c5913e83b684efe2ba6fca9d029,23,district,district_18,District 18,aggravated_assault,Agg. Assault,last_7_days,count,count,2026,,,2,,2,,not_applicable,,,wilmington-compstat-v2,validated
weekly-2026-09-20-r1,weekly_compstat,2026-09-14,2026-09-20,1,224441568f81ffe637b2bd2710d43d6899f14c5913e83b684efe2ba6fca9d029,23,district,district_18,District 18,aggravated_assault,Agg. Assault,last_7_days,count,count,2025,,,2,,2,,not_applicable,,,wilmington-compstat-v2,validated
weekly-2026-09-20-r1,weekly_compstat,2026-09-14,2026-09-20,1,224441568f81ffe637b2bd2710d43d6899f14c5913e83b684efe2ba6fca9d029,23,district,district_18,District 18,aggravated_assault,Agg. Assault,last_7_days,percent_change,percent,2026,2025,1,0.0,0.0,0%,0.0,matched,,,wilmington-compstat-v2,validated
weekly-2026-09-20-r1,weekly_compstat,2026-09-14,2026-09-20,1,224441568f81ffe637b2bd2710d43d6899f14c5913e83b684efe2ba6fca9d029,23,district,district_18,District 18,aggravated_assault,Agg. Assault,last_28_days,count,count,2026,,,3,,3,,not_applicable,,,wilmington-compstat-v2,validated
weekly-2026-09-20-r1,weekly_compstat,2026-09-14,2026-09-20,1,224441568f81ffe637b2bd2710d43d6899f14c5913e83b684efe2ba6fca9d029,23,district,district_18,District 18,aggravated_assault,Agg. Assault,last_28_days,count,count,2025,,,7,,7,,not_applicable,,,wilmington-compstat-v2,validated
weekly-2026-09-20-r1,weekly_compstat,2026-09-14,2026-09-20,1,224441568f81ffe637b2bd2710d43d6899f14c5913e83b684efe2ba6fca9d029,23,district,district_18,District 18,aggravated_assault,Agg. Assault,last_28_days,percent_change,percent,2026,2025,1,-57.0,-0.57,-57%,-57.142857,matched,,,wilmington-compstat-v2,validated
weekly-2026-09-20-r1,weekly_compstat,2026-09-14,2026-09-20,1,224441568f81ffe637b2bd2710d43d6899f14c5913e83b684efe2ba6fca9d029,23,district,district_18,District 18,aggravated_assault,Agg. Assault,year_to_date,count,count,2026,,,33,,33,,not_applicable,,,wilmington-compstat-v2,validated
weekly-2026-09-20-r1,weekly_compstat,2026-09-14,2026-09-20,1,224441568f81ffe637b2bd2710d43d6899f14c5913e83b684efe2ba6fca9d029,23,district,district_18,District 18,aggravated_assault,Agg. Assault,year_to_date,count,count,2025,,,41,,41,,not_applicable,,,wilmington-compstat-v2,validated
weekly-2026-09-20-r1,weekly_compstat,2026-09-14,2026-09-20,1,224441568f81ffe637b2bd2710d43d6899f14c5913e83b684efe2ba6fca9d029,23,district,district_18,District 18,aggravated_assault,Agg. Assault,year_to_date,percent_change,percent,2026,2025,1,-20.0,-0.2,-20%,-19.512195,matched,,,wilmington-compstat-v2,validated
weekly-2026-09-20-r1,weekly_compstat,2026-09-14,2026-09-20,1,224441568f81ffe637b2bd2710d43d6899f14c5913e83b684efe2ba6fca9d029,23,district,district_18,District 18,aggravated_assault,Agg. Assault,year_to_date,percent_change,percent,2026,2024,2,-3.0,-0.03,-3%,,not_checkable,,,wilmington-compstat-v2,validated
weekly-2026-09-20-r1,weekly_compstat,2026-09-14,2026-09-20,1,224441568f81ffe637b2bd2710d43d6899f14c5913e83b684efe2ba6fca9d029,23,district,district_18,District 18,aggravated_assault,Agg. Assault,year_to_date,percent_change,percent,2026,2023,3,-15.0,-0.15,-15%,,not_checkable,,,wilmington-compstat-v2,validated
weekly-2026-09-20-r1,weekly_compstat,2026-09-14,2026-09-20,1,224441568f81ffe637b2bd2710d43d6899f14c5913e83b684efe2ba6fca9d029,23,district,district_18,District 18,aggravated_assault,Agg. Assault,year_to_date,percent_change,percent,2026,2022,4,74.0,0.74,74%,,not_checkable,,,wilmington-compstat-v2,validated
weekly-2026-09-20-r1,weekly_compstat,2026-09-14,2026-09-20,1,224441568f81ffe637b2bd2710d43d6899f14c5913e83b684efe2ba6fca9d029,23,district,district_18,District 18,aggravated_assault,Agg. Assault,year_to_date,percent_change,percent,2026,2021,5,18.0,0.18,18%,,not_checkable,,,wilmington-compstat-v2,validated
weekly-2026-09-20-r1,weekly_compstat,2026-09-14,2026-09-20,1,224441568f81ffe637b2bd2710d43d6899f14c5913e83b684efe2ba6fca9d029,23,district,district_18,District 18,aggravated_assault,Agg. Assault,year_to_date,percent_change,percent,2026,2020,6,18.0,0.18,18%,,not_checkable,,,wilmington-compstat-v2,validated
weekly-2026-09-20-r1,weekly_compstat,2026-09-14,2026-09-20,1,224441568f81ffe637b2bd2710d43d6899f14c5913e83b684efe2ba6fca9d029,23,district,district_18,District 18,burglary,Burglary,last_7_days,count,count,2026,,,0,,0,,not_applicable,,,wilmington-compstat-v2,validated
weekly-2026-09-20-r1,weekly_compstat,2026-09-14,2026-09-20,1,224441568f81ffe637b2bd2710d43d6899f14c5913e83b684efe2ba6fca9d029,23,district,district_18,District 18,burglary,Burglary,last_7_days,count,count,2025,,,2,,2,,not_applicable,,,wilmington-compstat-v2,validated
weekly-2026-09-20-r1,weekly_compstat,2026-09-14,2026-09-20,1,224441568f81ffe637b2bd2710d43d6899f14c5913e83b684efe2ba6fca9d029,23,district,district_18,District 18,burglary,Burglary,last_7_days,percent_change,percent,2026,2025,1,-100.0,-1.0,-100%,-100.0,matched,,,wilmington-compstat-v2,validated
weekly-2026-09-20-r1,weekly_compstat,2026-09-14,2026-09-20,1,224441568f81ffe637b2bd2710d43d6899f14c5913e83b684efe2ba6fca9d029,23,district,district_18,District 18,burglary,Burglary,last_28_days,count,count,2026,,,2,,2,,not_applicable,,,wilmington-compstat-v2,validated
weekly-2026-09-20-r1,weekly_compstat,2026-09-14,2026-09-20,1,224441568f81ffe637b2bd2710d43d6899f14c5913e83b684efe2ba6fca9d029,23,district,district_18,District 18,burglary,Burglary,last_28_days,count,count,2025,,,8,,8,,not_applicable,,,wilmington-compstat-v2,validated
weekly-2026-09-20-r1,weekly_compstat,2026-09-14,2026-09-20,1,224441568f81ffe637b2bd2710d43d6899f14c5913e83b684efe2ba6fca9d029,23,district,district_18,District 18,burglary,Burglary,last_28_days,percent_change,percent,2026,2025,1,-75.0,-0.75,-75%,-75.0,matched,,,wilmington-compstat-v2,validated
weekly-2026-09-20-r1,weekly_compstat,2026-09-14,2026-09-20,1,224441568f81ffe637b2bd2710d43d6899f14c5913e83b684efe2ba6fca9d029,23,district,district_18,District 18,burglary,Burglary,year_to_date,count,count,2026,,,39,,39,,not_applicable,,,wilmington-compstat-v2,validated
weekly-2026-09-20-r1,weekly_compstat,2026-09-14,2026-09-20,1,224441568f81ffe637b2bd2710d43d6899f14c5913e83b684efe2ba6fca9d029,23,district,district_18,District 18,burglary,Burglary,year_to_date,count,count,2025,,,41,,41,,not_applicable,,,wilmington-compstat-v2,validated
weekly-2026-09-20-r1,weekly_compstat,2026-09-14,2026-09-20,1,224441568f81ffe637b2bd2710d43d6899f14c5913e83b684efe2ba6fca9d029,23,district,district_18,District 18,burglary,Burglary,year_to_date,percent_change,percent,2026,2025,1,-5.0,-0.05,-5%,-4.878049,matched,,,wilmington-compstat-v2,validated
weekly-2026-09-20-r1,weekly_compstat,2026-09-14,2026-09-20,1,224441568f81ffe637b2bd2710d43d6899f14c5913e83b684efe2ba6fca9d029,23,district,district_18,District 18,burglary,Burglary,year_to_date,percent_change,percent,2026,2024,2,50.0,0.5,50%,,not_checkable,,,wilmington-compstat-v2,validated
weekly-2026-09-20-r1,weekly_compstat,2026-09-14,2026-09-20,1,224441568f81ffe637b2bd2710d43d6899f14c5913e83b684efe2ba6fca9d029,23,district,district_18,District 18,burglary,Burglary,year_to_date,percent_change,percent,2026,2023,3,3.0,0.03,3%,,not_checkable,,,wilmington-compstat-v2,validated
weekly-2026-09-20-r1,weekly_compstat,2026-09-14,2026-09-20,1,224441568f81ffe637b2bd2710d43d6899f14c5913e83b684efe2ba6fca9d029,23,district,district_18,District 18,burglary,Burglary,year_to_date,percent_change,percent,2026,2022,4,-7.0,-0.07,-7%,,not_checkable,,,wilmington-compstat-v2,validated
weekly-2026-09-20-r1,weekly_compstat,2026-09-14,2026-09-20,1,224441568f81ffe637b2bd2710d43d6899f14c5913e83b684efe2ba6fca9d029,23,district,district_18,District 18,burglary,Burglary,year_to_date,percent_change,percent,2026,2021,5,-33.0,-0.33,-33%,,not_checkable,,,wilmington-compstat-v2,validated
weekly-2026-09-20-r1,weekly_compstat,2026-09-14,2026-09-20,1,224441568f81ffe637b2bd2710d43d6899f14c5913e83b684efe2ba6fca9d029,23,district,district_18,District 18,burglary,Burglary,year_to_date,percent_change,percent,2026,2020,6,-26.0,-0.26,-26%,,not_checkable,,,wilmington-compstat-v2,validated
weekly-2026-09-20-r1,weekly_compstat,2026-09-14,2026-09-20,1,224441568f81ffe637b2bd2710d43d6899f14c5913e83b684efe2ba6fca9d029,23,district,district_18,District 18,felony_theft,Felony Theft,last_7_days,count,count,2026,,,1,,1,,not_applicable,,,wilmington-compstat-v2,validated
weekly-2026-09-20-r1,weekly_compstat,2026-09-14,2026-09-20,1,224441568f81ffe637b2bd2710d43d6899f14c5913e83b684efe2ba6fca9d029,23,district,district_18,District 18,felony_theft,Felony Theft,last_7_days,count,count,2025,,,0,,0,,not_applicable,,,wilmington-compstat-v2,validated
weekly-2026-09-20-r1,weekly_compstat,2026-09-14,2026-09-20,1,224441568f81ffe637b2bd2710d43d6899f14c5913e83b684efe2ba6fca9d029,23,district,district_18,District 18,felony_theft,Felony Theft,last_7_days,percent_change,percent,2026,2025,1,,,*,,undefined_zero_denominator,,undefined_zero_denominator,wilmington-compstat-v2,validated
weekly-2026-09-20-r1,weekly_compstat,2026-09-14,2026-09-20,1,224441568f81ffe637b2bd2710d43d6899f14c5913e83b684efe2ba6fca9d029,23,district,district_18,District 18,felony_theft,Felony Theft,last_28_days,count,count,2026,,,1,,1,,not_applicable,,,wilmington-compstat-v2,validated
weekly-2026-09-20-r1,weekly_compstat,2026-09-14,2026-09-20,1,224441568f81ffe637b2bd2710d43d6899f14c5913e83b684efe2ba6fca9d029,23,district,district_18,District 18,felony_theft,Felony Theft,last_28_days,count,count,2025,,,3,,3,,not_applicable,,,wilmington-compstat-v2,validated
weekly-2026-09-20-r1,weekly_compstat,2026-09-14,2026-09-20,1,224441568f81ffe637b2bd2710d43d6899f14c5913e83b684efe2ba6fca9d029,23,district,district_18,District 18,felony_theft,Felony Theft,last_28_days,percent_change,percent,2026,2025,1,-67.0,-0.67,-67%,-66.666667,matched,,,wilmington-compstat-v2,validated
weekly-2026-09-20-r1,weekly_compstat,2026-09-14,2026-09-20,1,224441568f81ffe637b2bd2710d43d6899f14c5913e83b684efe2ba6fca9d029,23,district,district_18,District 18,felony_theft,Felony Theft,year_to_date,count,count,2026,,,24,,24,,not_applicable,,,wilmington-compstat-v2,validated
weekly-2026-09-20-r1,weekly_compstat,2026-09-14,2026-09-20,1,224441568f81ffe637b2bd2710d43d6899f14c5913e83b684efe2ba6fca9d029,23,district,district_18,District 18,felony_theft,Felony Theft,year_to_date,count,count,2025,,,19,,19,,not_applicable,,,wilmington-compstat-v2,validated
weekly-2026-09-20-r1,weekly_compstat,2026-09-14,2026-09-20,1,224441568f81ffe637b2bd2710d43d6899f14c5913e83b684efe2ba6fca9d029,23,district,district_18,District 18,felony_theft,Felony Theft,year_to_date,percent_change,percent,2026,2025,1,26.0,0.26,26%,26.315789,matched,,,wilmington-compstat-v2,validated
weekly-2026-09-20-r1,weekly_compstat,2026-09-14,2026-09-20,1,224441568f81ffe637b2bd2710d43d6899f14c5913e83b684efe2ba6fca9d029,23,district,district_18,District 18,felony_theft,Felony Theft,year_to_date,percent_change,percent,2026,2024,2,-4.0,-0.04,-4%,,not_checkable,,,wilmington-compstat-v2,validated
weekly-2026-09-20-r1,weekly_compstat,2026-09-14,2026-09-20,1,224441568f81ffe637b2bd2710d43d6899f14c5913e83b684efe2ba6fca9d029,23,district,district_18,District 18,felony_theft,Felony Theft,year_to_date,percent_change,percent,2026,2023,3,-31.0,-0.31,-31%,,not_checkable,,,wilmington-compstat-v2,validated
weekly-2026-09-20-r1,weekly_compstat,2026-09-14,2026-09-20,1,224441568f81ffe637b2bd2710d43d6899f14c5913e83b684efe2ba6fca9d029,23,district,district_18,District 18,felony_theft,Felony Theft,year_to_date,percent_change,percent,2026,2022,4,-37.0,-0.37,-37%,,not_checkable,,,wilmington-compstat-v2,validated
weekly-2026-09-20-r1,weekly_compstat,2026-09-14,2026-09-20,1,224441568f81ffe637b2bd2710d43d6899f14c5913e83b684efe2ba6fca9d029,23,district,district_18,District 18,felony_theft,Felony Theft,year_to_date,percent_change,percent,2026,2021,5,-49.0,-0.49,-49%,,not_checkable,,,wilmington-compstat-v2,validated
weekly-2026-09-20-r1,weekly_compstat,2026-09-14,2026-09-20,1,224441568f81ffe637b2bd2710d43d6899f14c5913e83b684efe2ba6fca9d029,23,district,district_18,District 18,felony_theft,Felony Theft,year_to_date,percent_change,percent,2026,2020,6,85.0,0.85,85%,,not_checkable,,,wilmington-compstat-v2,validated
weekly-2026-09-20-r1,weekly_compstat,2026-09-14,2026-09-20,1,224441568f81ffe637b2bd2710d43d6899f14c5913e83b684efe2ba6fca9d029,23,district,district_18,District 18,auto_theft,Auto Theft,last_7_days,count,count,2026,,,0,,0,,not_applicable,,,wilmington-compstat-v2,validated
weekly-2026-09-20-r1,weekly_compstat,2026-09-14,2026-09-20,1,224441568f81ffe637b2bd2710d43d6899f14c5913e83b684efe2ba6fca9d029,23,district,district_18,District 18,auto_theft,Auto Theft,last_7_days,count,count,2025,,,0,,0,,not_applicable,,,wilmington-compstat-v2,validated
weekly-2026-09-20-r1,weekly_compstat,2026-09-14,2026-09-20,1,224441568f81ffe637b2bd2710d43d6899f14c5913e83b684efe2ba6fca9d029,23,district,district_18,District 18,auto_theft,Auto Theft,last_7_days,percent_change,percent,2026,2025,1,,,*,,undefined_zero_denominator,,undefined_zero_denominator,wilmington-compstat-v2,validated
weekly-2026-09-20-r1,weekly_compstat,2026-09-14,2026-09-20,1,224441568f81ffe637b2bd2710d43d6899f14c5913e83b684efe2ba6fca9d029,23,district,district_18,District 18,auto_theft,Auto Theft,last_28_days,count,count,2026,,,3,,3,,not_applicable,,,wilmington-compstat-v2,validated
weekly-2026-09-20-r1,weekly_compstat,2026-09-14,2026-09-20,1,224441568f81ffe637b2bd2710d43d6899f14c5913e83b684efe2ba6fca9d029,23,district,district_18,District 18,auto_theft,Auto Theft,last_28_days,count,count,2025,,,7,,7,,not_applicable,,,wilmington-compstat-v2,validated
weekly-2026-09-20-r1,weekly_compstat,2026-09-14,2026-09-20,1,224441568f81ffe637b2bd2710d43d6899f14c5913e83b684efe2ba6fca9d029,23,district,district_18,District 18,auto_theft,Auto Theft,last_28_days,percent_change,percent,2026,2025,1,-57.0,-0.57,-57%,-57.142857,matched,,,wilmington-compstat-v2,validated
weekly-2026-09-20-r1,weekly_compstat,2026-09-14,2026-09-20,1,224441568f81ffe637b2bd2710d43d6899f14c5913e83b684efe2ba6fca9d029,23,district,district_18,District 18,auto_theft,Auto Theft,year_to_date,count,count,2026,,,20,,20,,not_applicable,,,wilmington-compstat-v2,validated
weekly-2026-09-20-r1,weekly_compstat,2026-09-14,2026-09-20,1,224441568f81ffe637b2bd2710d43d6899f14c5913e83b684efe2ba6fca9d029,23,district,district_18,District 18,auto_theft,Auto Theft,year_to_date,count,count,2025,,,48,,48,,not_applicable,,,wilmington-compstat-v2,validated
weekly-2026-09-20-r1,weekly_compstat,2026-09-14,2026-09-20,1,224441568f81ffe637b2bd2710d43d6899f14c5913e83b684efe2ba6fca9d029,23,district,district_18,District 18,auto_theft,Auto Theft,year_to_date,percent_change,percent,2026,2025,1,-58.0,-0.58,-58%,-58.333333,matched,,,wilmington-compstat-v2,validated
weekly-2026-09-20-r1,weekly_compstat,2026-09-14,2026-09-20,1,224441568f81ffe637b2bd2710d43d6899f14c5913e83b684efe2ba6fca9d029,23,district,district_18,District 18,auto_theft,Auto Theft,year_to_date,percent_change,percent,2026,2024,2,-67.0,-0.67,-67%,,not_checkable,,,wilmington-compstat-v2,validated
weekly-2026-09-20-r1,weekly_compstat,2026-09-14,2026-09-20,1,224441568f81ffe637b2bd2710d43d6899f14c5913e83b684efe2ba6fca9d029,23,district,district_18,District 18,auto_theft,Auto Theft,year_to_date,percent_change,percent,2026,2023,3,-73.0,-0.73,-73%,,not_checkable,,,wilmington-compstat-v2,validated
weekly-2026-09-20-r1,weekly_compstat,2026-09-14,2026-09-20,1,224441568f81ffe637b2bd2710d43d6899f14c5913e83b684efe2ba6fca9d029,23,district,district_18,District 18,auto_theft,Auto Theft,year_to_date,percent_change,percent,2026,2022,4,-57.0,-0.57,-57%,,not_checkable,,,wilmington-compstat-v2,validated
weekly-2026-09-20-r1,weekly_compstat,2026-09-14,2026-09-20,1,224441568f81ffe637b2bd2710d43d6899f14c5913e83b684efe2ba6fca9d029,23,district,district_18,District 18,auto_theft,Auto Theft,year_to_date,percent_change,percent,2026,2021,5,-57.0,-0.57,-57%,,not_checkable,,,wilmington-compstat-v2,validated
weekly-2026-09-20-r1,weekly_compstat,2026-09-14,2026-09-20,1,224441568f81ffe637b2bd2710d43d6899f14c5913e83b684efe2ba6fca9d029,23,district,district_18,District 18,auto_theft,Auto Theft,year_to_date,percent_change,percent,2026,2020,6,-23.0,-0.23,-23%,,not_checkable,,,wilmington-compstat-v2,validated
weekly-2026-09-20-r1,weekly_compstat,2026-09-14,2026-09-20,1,224441568f81ffe637b2bd2710d43d6899f14c5913e83b684efe2ba6fca9d029,23,district,district_18,District 18,major_crime_total,TOTAL,last_7_days,count,count,2026,,,4,,4,,not_applicable,,,wilmington-compstat-v2,validated
weekly-2026-09-20-r1,weekly_compstat,2026-09-14,2026-09-20,1,224441568f81ffe637b2bd2710d43d6899f14c5913e83b684efe2ba6fca9d029,23,district,district_18,District 18,major_crime_total,TOTAL,last_7_days,count,count,2025,,,5,,5,,not_applicable,,,wilmington-compstat-v2,validated
weekly-2026-09-20-r1,weekly_compstat,2026-09-14,2026-09-20,1,224441568f81ffe637b2bd2710d43d6899f14c5913e83b684efe2ba6fca9d029,23,district,district_18,District 18,major_crime_total,TOTAL,last_7_days,percent_change,percent,2026,2025,1,-20.0,-0.2,-20%,-20.0,matched,,,wilmington-compstat-v2,validated
weekly-2026-09-20-r1,weekly_compstat,2026-09-14,2026-09-20,1,224441568f81ffe637b2bd2710d43d6899f14c5913e83b684efe2ba6fca9d029,23,district,district_18,District 18,major_crime_total,TOTAL,last_28_days,count,count,2026,,,12,,12,,not_applicable,,,wilmington-compstat-v2,validated
weekly-2026-09-20-r1,weekly_compstat,2026-09-14,2026-09-20,1,224441568f81ffe637b2bd2710d43d6899f14c5913e83b684efe2ba6fca9d029,23,district,district_18,District 18,major_crime_total,TOTAL,last_28_days,count,count,2025,,,26,,26,,not_applicable,,,wilmington-compstat-v2,validated
weekly-2026-09-20-r1,weekly_compstat,2026-09-14,2026-09-20,1,224441568f81ffe637b2bd2710d43d6899f14c5913e83b684efe2ba6fca9d029,23,district,district_18,District 18,major_crime_total,TOTAL,last_28_days,percent_change,percent,2026,2025,1,-54.0,-0.54,-54%,-53.846154,matched,,,wilmington-compstat-v2,validated
weekly-2026-09-20-r1,weekly_compstat,2026-09-14,2026-09-20,1,224441568f81ffe637b2bd2710d43d6899f14c5913e83b684efe2ba6fca9d029,23,district,district_18,District 18,major_crime_total,TOTAL,year_to_date,count,count,2026,,,139,,139,,not_applicable,,,wilmington-compstat-v2,validated
weekly-2026-09-20-r1,weekly_compstat,2026-09-14,2026-09-20,1,224441568f81ffe637b2bd2710d43d6899f14c5913e83b684efe2ba6fca9d029,23,district,district_18,District 18,major_crime_total,TOTAL,year_to_date,count,count,2025,,,161,,161,,not_applicable,,,wilmington-compstat-v2,validated
weekly-2026-09-20-r1,weekly_compstat,2026-09-14,2026-09-20,1,224441568f81ffe637b2bd2710d43d6899f14c5913e83b684efe2ba6fca9d029,23,district,district_18,District 18,major_crime_total,TOTAL,year_to_date,percent_change,percent,2026,2025,1,-14.0,-0.14,-14%,-13.664596,matched,,,wilmington-compstat-v2,validated
weekly-2026-09-20-r1,weekly_compstat,2026-09-14,2026-09-20,1,224441568f81ffe637b2bd2710d43d6899f14c5913e83b684efe2ba6fca9d029,23,district,district_18,District 18,major_crime_total,TOTAL,year_to_date,percent_change,percent,2026,2024,2,-14.0,-0.14,-14%,,not_checkable,,,wilmington-compstat-v2,validated
weekly-2026-09-20-r1,weekly_compstat,2026-09-14,2026-09-20,1,224441568f81ffe637b2bd2710d43d6899f14c5913e83b684efe2ba6fca9d029,23,district,district_18,District 18,major_crime_total,TOTAL,year_to_date,percent_change,percent,2026,2023,3,-35.0,-0.35,-35%,,not_checkable,,,wilmington-compstat-v2,validated
weekly-2026-09-20-r1,weekly_compstat,2026-09-14,2026-09-20,1,224441568f81ffe637b2bd2710d43d6899f14c5913e83b684efe2ba6fca9d029,23,district,district_18,District 18,major_crime_total,TOTAL,year_to_date,percent_change,percent,2026,2022,4,-19.0,-0.19,-19%,,not_checkable,,,wilmington-compstat-v2,validated
weekly-2026-09-20-r1,weekly_compstat,2026-09-14,2026-09-20,1,224441568f81ffe637b2bd2710d43d6899f14c5913e83b684efe2ba6fca9d029,23,district,district_18,District 18,major_crime_total,TOTAL,year_to_date,percent_change,percent,2026,2021,5,-31.0,-0.31,-31%,,not_checkable,,,wilmington-compstat-v2,validated
weekly-2026-09-20-r1,weekly_compstat,2026-09-14,2026-09-20,1,224441568f81ffe637b2bd2710d43d6899f14c5913e83b684efe2ba6fca9d029,23,district,district_18,District 18,major_crime_total,TOTAL,year_to_date,percent_change,percent,2026,2020,6,-6.0,-0.06,-6%,,not_checkable,,,wilmington-compstat-v2,validated
weekly-2026-09-20-r1,weekly_compstat,2026-09-14,2026-09-20,1,224441568f81ffe637b2bd2710d43d6899f14c5913e83b684efe2ba6fca9d029,23,district,district_18,District 18,shooting_incidents,Shooting Incidents,last_7_days,count,count,2026,,,0,,0,,not_applicable,,,wilmington-compstat-v2,validated
weekly-2026-09-20-r1,weekly_compstat,2026-09-14,2026-09-20,1,224441568f81ffe637b2bd2710d43d6899f14c5913e83b684efe2ba6fca9d029,23,district,district_18,District 18,shooting_incidents,Shooting Incidents,last_7_days,count,count,2025,,,0,,0,,not_applicable,,,wilmington-compstat-v2,validated
weekly-2026-09-20-r1,weekly_compstat,2026-09-14,2026-09-20,1,224441568f81ffe637b2bd2710d43d6899f14c5913e83b684efe2ba6fca9d029,23,district,district_18,District 18,shooting_incidents,Shooting Incidents,last_7_days,percent_change,percent,2026,2025,1,,,*,,undefined_zero_denominator,,undefined_zero_denominator,wilmington-compstat-v2,validated
weekly-2026-09-20-r1,weekly_compstat,2026-09-14,2026-09-20,1,224441568f81ffe637b2bd2710d43d6899f14c5913e83b684efe2ba6fca9d029,23,district,district_18,District 18,shooting_incidents,Shooting Incidents,last_28_days,count,count,2026,,,0,,0,,not_applicable,,,wilmington-compstat-v2,validated
weekly-2026-09-20-r1,weekly_compstat,2026-09-14,2026-09-20,1,224441568f81ffe637b2bd2710d43d6899f14c5913e83b684efe2ba6fca9d029,23,district,district_18,District 18,shooting_incidents,Shooting Incidents,last_28_days,count,count,2025,,,0,,0,,not_applicable,,,wilmington-compstat-v2,validated
weekly-2026-09-20-r1,weekly_compstat,2026-09-14,2026-09-20,1,224441568f81ffe637b2bd2710d43d6899f14c5913e83b684efe2ba6fca9d029,23,district,district_18,District 18,shooting_incidents,Shooting Incidents,last_28_days,percent_change,percent,2026,2025,1,,,*,,undefined_zero_denominator,,undefined_zero_denominator,wilmington-compstat-v2,validated
weekly-2026-09-20-r1,weekly_compstat,2026-09-14,2026-09-20,1,224441568f81ffe637b2bd2710d43d6899f14c5913e83b684efe2ba6fca9d029,23,district,district_18,District 18,shooting_incidents,Shooting Incidents,year_to_date,count,count,2026,,,5,,5,,not_applicable,,,wilmington-compstat-v2,validated
weekly-2026-09-20-r1,weekly_compstat,2026-09-14,2026-09-20,1,224441568f81ffe637b2bd2710d43d6899f14c5913e83b684efe2ba6fca9d029,23,district,district_18,District 18,shooting_incidents,Shooting Incidents,year_to_date,count,count,2025,,,4,,4,,not_applicable,,,wilmington-compstat-v2,validated
weekly-2026-09-20-r1,weekly_compstat,2026-09-14,2026-09-20,1,224441568f81ffe637b2bd2710d43d6899f14c5913e83b684efe2ba6fca9d029,23,district,district_18,District 18,shooting_incidents,Shooting Incidents,year_to_date,percent_change,percent,2026,2025,1,25.0,0.25,25%,25.0,matched,,,wilmington-compstat-v2,validated
weekly-2026-09-20-r1,weekly_compstat,2026-09-14,2026-09-20,1,224441568f81ffe637b2bd2710d43d6899f14c5913e83b684efe2ba6fca9d029,23,district,district_18,District 18,shooting_incidents,Shooting Incidents,year_to_date,percent_change,percent,2026,2024,2,67.0,0.67,67%,,not_checkable,,,wilmington-compstat-v2,validated
weekly-2026-09-20-r1,weekly_compstat,2026-09-14,2026-09-20,1,224441568f81ffe637b2bd2710d43d6899f14c5913e83b684efe2ba6fca9d029,23,district,district_18,District 18,shooting_incidents,Shooting Incidents,year_to_date,percent_change,percent,2026,2023,3,0.0,0.0,0%,,not_checkable,,,wilmington-compstat-v2,validated
weekly-2026-09-20-r1,weekly_compstat,2026-09-14,2026-09-20,1,224441568f81ffe637b2bd2710d43d6899f14c5913e83b684efe2ba6fca9d029,23,district,district_18,District 18,shooting_incidents,Shooting Incidents,year_to_date,percent_change,percent,2026,2022,4,150.0,1.5,150%,,not_checkable,,,wilmington-compstat-v2,validated
weekly-2026-09-20-r1,weekly_compstat,2026-09-14,2026-09-20,1,224441568f81ffe637b2bd2710d43d6899f14c5913e83b684efe2ba6fca9d029,23,district,district_18,District 18,shooting_incidents,Shooting Incidents,year_to_date,percent_change,percent,2026,2021,5,25.0,0.25,25%,,not_checkable,,,wilmington-compstat-v2,validated
weekly-2026-09-20-r1,weekly_compstat,2026-09-14,2026-09-20,1,224441568f81ffe637b2bd2710d43d6899f14c5913e83b684efe2ba6fca9d029,23,district,district_18,District 18,shooting_incidents,Shooting Incidents,year_to_date,percent_change,percent,2026,2020,6,-50.0,-0.5,-50%,,not_checkable,,,wilmington-compstat-v2,validated
weekly-2026-09-20-r1,weekly_compstat,2026-09-14,2026-09-20,1,224441568f81ffe637b2bd2710d43d6899f14c5913e83b684efe2ba6fca9d029,23,district,district_18,District 18,shooting_victims,Shooting Victims,last_7_days,count,count,2026,,,0,,0,,not_applicable,,,wilmington-compstat-v2,validated
weekly-2026-09-20-r1,weekly_compstat,2026-09-14,2026-09-20,1,224441568f81ffe637b2bd2710d43d6899f14c5913e83b684efe2ba6fca9d029,23,district,district_18,District 18,shooting_victims,Shooting Victims,last_7_days,count,count,2025,,,0,,0,,not_applicable,,,wilmington-compstat-v2,validated
weekly-2026-09-20-r1,weekly_compstat,2026-09-14,2026-09-20,1,224441568f81ffe637b2bd2710d43d6899f14c5913e83b684efe2ba6fca9d029,23,district,district_18,District 18,shooting_victims,Shooting Victims,last_7_days,percent_change,percent,2026,2025,1,,,*,,undefined_zero_denominator,,undefined_zero_denominator,wilmington-compstat-v2,validated
weekly-2026-09-20-r1,weekly_compstat,2026-09-14,2026-09-20,1,224441568f81ffe637b2bd2710d43d6899f14c5913e83b684efe2ba6fca9d029,23,district,district_18,District 18,shooting_victims,Shooting Victims,last_28_days,count,count,2026,,,0,,0,,not_applicable,,,wilmington-compstat-v2,validated
weekly-2026-09-20-r1,weekly_compstat,2026-09-14,2026-09-20,1,224441568f81ffe637b2bd2710d43d6899f14c5913e83b684efe2ba6fca9d029,23,district,district_18,District 18,shooting_victims,Shooting Victims,last_28_days,count,count,2025,,,0,,0,,not_applicable,,,wilmington-compstat-v2,validated
weekly-2026-09-20-r1,weekly_compstat,2026-09-14,2026-09-20,1,224441568f81ffe637b2bd2710d43d6899f14c5913e83b684efe2ba6fca9d029,23,district,district_18,District 18,shooting_victims,Shooting Victims,last_28_days,percent_change,percent,2026,2025,1,,,*,,undefined_zero_denominator,,undefined_zero_denominator,wilmington-compstat-v2,validated
weekly-2026-09-20-r1,weekly_compstat,2026-09-14,2026-09-20,1,224441568f81ffe637b2bd2710d43d6899f14c5913e83b684efe2ba6fca9d029,23,district,district_18,District 18,shooting_victims,Shooting Victims,year_to_date,count,count,2026,,,7,,7,,not_applicable,,,wilmington-compstat-v2,validated
weekly-2026-09-20-r1,weekly_compstat,2026-09-14,2026-09-20,1,224441568f81ffe637b2bd2710d43d6899f14c5913e83b684efe2ba6fca9d029,23,district,district_18,District 18,shooting_victims,Shooting Victims,year_to_date,count,count,2025,,,7,,7,,not_applicable,,,wilmington-compstat-v2,validated
weekly-2026-09-20-r1,weekly_compstat,2026-09-14,2026-09-20,1,224441568f81ffe637b2bd2710d43d6899f14c5913e83b684efe2ba6fca9d029,23,district,district_18,District 18,shooting_victims,Shooting Victims,year_to_date,percent_change,percent,2026,2025,1,0.0,0.0,0%,0.0,matched,,,wilmington-compstat-v2,validated
weekly-2026-09-20-r1,weekly_compstat,2026-09-14,2026-09-20,1,224441568f81ffe637b2bd2710d43d6899f14c5913e83b684efe2ba6fca9d029,23,district,district_18,District 18,shooting_victims,Shooting Victims,year_to_date,percent_change,percent,2026,2024,2,133.0,1.33,133%,,not_checkable,,,wilmington-compstat-v2,validated
weekly-2026-09-20-r1,weekly_compstat,2026-09-14,2026-09-20,1,224441568f81ffe637b2bd2710d43d6899f14c5913e83b684efe2ba6fca9d029,23,district,district_18,District 18,shooting_victims,Shooting Victims,year_to_date,percent_change,percent,2026,2023,3,40.0,0.4,40%,,not_checkable,,,wilmington-compstat-v2,validated
weekly-2026-09-20-r1,weekly_compstat,2026-09-14,2026-09-20,1,224441568f81ffe637b2bd2710d43d6899f14c5913e83b684efe2ba6fca9d029,23,district,district_18,District 18,shooting_victims,Shooting Victims,year_to_date,percent_change,percent,2026,2022,4,250.0,2.5,250%,,not_checkable,,,wilmington-compstat-v2,validated
weekly-2026-09-20-r1,weekly_compstat,2026-09-14,2026-09-20,1,224441568f81ffe637b2bd2710d43d6899f14c5913e83b684efe2ba6fca9d029,23,district,district_18,District 18,shooting_victims,Shooting Victims,year_to_date,percent_change,percent,2026,2021,5,75.0,0.75,75%,,not_checkable,,,wilmington-compstat-v2,validated
weekly-2026-09-20-r1,weekly_compstat,2026-09-14,2026-09-20,1,224441568f81ffe637b2bd2710d43d6899f14c5913e83b684efe2ba6fca9d029,23,district,district_18,District 18,shooting_victims,Shooting Victims,year_to_date,percent_change,percent,2026,2020,6,-50.0,-0.5,-50%,,not_checkable,,,wilmington-compstat-v2,validated
weekly-2026-09-20-r1,weekly_compstat,2026-09-14,2026-09-20,1,224441568f81ffe637b2bd2710d43d6899f14c5913e83b684efe2ba6fca9d029,23,district,district_18,District 18,juvenile_shooting_incidents,*Juv Shooting Incidents,last_7_days,count,count,2026,,,0,,0,,not_applicable,,,wilmington-compstat-v2,validated
weekly-2026-09-20-r1,weekly_compstat,2026-09-14,2026-09-20,1,224441568f81ffe637b2bd2710d43d6899f14c5913e83b684efe2ba6fca9d029,23,district,district_18,District 18,juvenile_shooting_incidents,*Juv Shooting Incidents,last_7_days,count,count,2025,,,0,,0,,not_applicable,,,wilmington-compstat-v2,validated
weekly-2026-09-20-r1,weekly_compstat,2026-09-14,2026-09-20,1,224441568f81ffe637b2bd2710d43d6899f14c5913e83b684efe2ba6fca9d029,23,district,district_18,District 18,juvenile_shooting_incidents,*Juv Shooting Incidents,last_7_days,percent_change,percent,2026,2025,1,,,*,,undefined_zero_denominator,,undefined_zero_denominator,wilmington-compstat-v2,validated
weekly-2026-09-20-r1,weekly_compstat,2026-09-14,2026-09-20,1,224441568f81ffe637b2bd2710d43d6899f14c5913e83b684efe2ba6fca9d029,23,district,district_18,District 18,juvenile_shooting_incidents,*Juv Shooting Incidents,last_28_days,count,count,2026,,,0,,0,,not_applicable,,,wilmington-compstat-v2,validated
weekly-2026-09-20-r1,weekly_compstat,2026-09-14,2026-09-20,1,224441568f81ffe637b2bd2710d43d6899f14c5913e83b684efe2ba6fca9d029,23,district,district_18,District 18,juvenile_shooting_incidents,*Juv Shooting Incidents,last_28_days,count,count,2025,,,0,,0,,not_applicable,,,wilmington-compstat-v2,validated
weekly-2026-09-20-r1,weekly_compstat,2026-09-14,2026-09-20,1,224441568f81ffe637b2bd2710d43d6899f14c5913e83b684efe2ba6fca9d029,23,district,district_18,District 18,juvenile_shooting_incidents,*Juv Shooting Incidents,last_28_days,percent_change,percent,2026,2025,1,,,*,,undefined_zero_denominator,,undefined_zero_denominator,wilmington-compstat-v2,validated
weekly-2026-09-20-r1,weekly_compstat,2026-09-14,2026-09-20,1,224441568f81ffe637b2bd2710d43d6899f14c5913e83b684efe2ba6fca9d029,23,district,district_18,District 18,juvenile_shooting_incidents,*Juv Shooting Incidents,year_to_date,count,count,2026,,,2,,2,,not_applicable,,,wilmington-compstat-v2,validated
weekly-2026-09-20-r1,weekly_compstat,2026-09-14,2026-09-20,1,224441568f81ffe637b2bd2710d43d6899f14c5913e83b684efe2ba6fca9d029,23,district,district_18,District 18,juvenile_shooting_incidents,*Juv Shooting Incidents,year_to_date,count,count,2025,,,1,,1,,not_applicable,,,wilmington-compstat-v2,validated
weekly-2026-09-20-r1,weekly_compstat,2026-09-14,2026-09-20,1,224441568f81ffe637b2bd2710d43d6899f14c5913e83b684efe2ba6fca9d029,23,district,district_18,District 18,juvenile_shooting_incidents,*Juv Shooting Incidents,year_to_date,percent_change,percent,2026,2025,1,100.0,1.0,100%,100.0,matched,,,wilmington-compstat-v2,validated
weekly-2026-09-20-r1,weekly_compstat,2026-09-14,2026-09-20,1,224441568f81ffe637b2bd2710d43d6899f14c5913e83b684efe2ba6fca9d029,23,district,district_18,District 18,juvenile_shooting_incidents,*Juv Shooting Incidents,year_to_date,percent_change,percent,2026,2024,2,100.0,1.0,100%,,not_checkable,,,wilmington-compstat-v2,validated
weekly-2026-09-20-r1,weekly_compstat,2026-09-14,2026-09-20,1,224441568f81ffe637b2bd2710d43d6899f14c5913e83b684efe2ba6fca9d029,23,district,district_18,District 18,juvenile_shooting_incidents,*Juv Shooting Incidents,year_to_date,percent_change,percent,2026,2023,3,,,*,,not_checkable,,undefined_zero_denominator,wilmington-compstat-v2,validated
weekly-2026-09-20-r1,weekly_compstat,2026-09-14,2026-09-20,1,224441568f81ffe637b2bd2710d43d6899f14c5913e83b684efe2ba6fca9d029,23,district,district_18,District 18,juvenile_shooting_incidents,*Juv Shooting Incidents,year_to_date,percent_change,percent,2026,2022,4,,,*,,not_checkable,,undefined_zero_denominator,wilmington-compstat-v2,validated
weekly-2026-09-20-r1,weekly_compstat,2026-09-14,2026-09-20,1,224441568f81ffe637b2bd2710d43d6899f14c5913e83b684efe2ba6fca9d029,23,district,district_18,District 18,juvenile_shooting_incidents,*Juv Shooting Incidents,year_to_date,percent_change,percent,2026,2021,5,,,*,,not_checkable,,undefined_zero_denominator,wilmington-compstat-v2,validated
weekly-2026-09-20-r1,weekly_compstat,2026-09-14,2026-09-20,1,224441568f81ffe637b2bd2710d43d6899f14c5913e83b684efe2ba6fca9d029,23,district,district_18,District 18,juvenile_shooting_incidents,*Juv Shooting Incidents,year_to_date,percent_change,percent,2026,2020,6,0.0,0.0,0%,,not_checkable,,,wilmington-compstat-v2,validated
weekly-2026-09-20-r1,weekly_compstat,2026-09-14,2026-09-20,1,224441568f81ffe637b2bd2710d43d6899f14c5913e83b684efe2ba6fca9d029,23,district,district_18,District 18,juvenile_shooting_victims,*Juv Shooting Victims,last_7_days,count,count,2026,,,0,,0,,not_applicable,,,wilmington-compstat-v2,validated
weekly-2026-09-20-r1,weekly_compstat,2026-09-14,2026-09-20,1,224441568f81ffe637b2bd2710d43d6899f14c5913e83b684efe2ba6fca9d029,23,district,district_18,District 18,juvenile_shooting_victims,*Juv Shooting Victims,last_7_days,count,count,2025,,,0,,0,,not_applicable,,,wilmington-compstat-v2,validated
weekly-2026-09-20-r1,weekly_compstat,2026-09-14,2026-09-20,1,224441568f81ffe637b2bd2710d43d6899f14c5913e83b684efe2ba6fca9d029,23,district,district_18,District 18,juvenile_shooting_victims,*Juv Shooting Victims,last_7_days,percent_change,percent,2026,2025,1,,,*,,undefined_zero_denominator,,undefined_zero_denominator,wilmington-compstat-v2,validated
weekly-2026-09-20-r1,weekly_compstat,2026-09-14,2026-09-20,1,224441568f81ffe637b2bd2710d43d6899f14c5913e83b684efe2ba6fca9d029,23,district,district_18,District 18,juvenile_shooting_victims,*Juv Shooting Victims,last_28_days,count,count,2026,,,0,,0,,not_applicable,,,wilmington-compstat-v2,validated
weekly-2026-09-20-r1,weekly_compstat,2026-09-14,2026-09-20,1,224441568f81ffe637b2bd2710d43d6899f14c5913e83b684efe2ba6fca9d029,23,district,district_18,District 18,juvenile_shooting_victims,*Juv Shooting Victims,last_28_days,count,count,2025,,,0,,0,,not_applicable,,,wilmington-compstat-v2,validated
weekly-2026-09-20-r1,weekly_compstat,2026-09-14,2026-09-20,1,224441568f81ffe637b2bd2710d43d6899f14c5913e83b684efe2ba6fca9d029,23,district,district_18,District 18,juvenile_shooting_victims,*Juv Shooting Victims,last_28_days,percent_change,percent,2026,2025,1,,,*,,undefined_zero_denominator,,undefined_zero_denominator,wilmington-compstat-v2,validated
weekly-2026-09-20-r1,weekly_compstat,2026-09-14,2026-09-20,1,224441568f81ffe637b2bd2710d43d6899f14c5913e83b684efe2ba6fca9d029,23,district,district_18,District 18,juvenile_shooting_victims,*Juv Shooting Victims,year_to_date,count,count,2026,,,2,,2,,not_applicable,,,wilmington-compstat-v2,validated
weekly-2026-09-20-r1,weekly_compstat,2026-09-14,2026-09-20,1,224441568f81ffe637b2bd2710d43d6899f14c5913e83b684efe2ba6fca9d029,23,district,district_18,District 18,juvenile_shooting_victims,*Juv Shooting Victims,year_to_date,count,count,2025,,,1,,1,,not_applicable,,,wilmington-compstat-v2,validated
weekly-2026-09-20-r1,weekly_compstat,2026-09-14,2026-09-20,1,224441568f81ffe637b2bd2710d43d6899f14c5913e83b684efe2ba6fca9d029,23,district,district_18,District 18,juvenile_shooting_victims,*Juv Shooting Victims,year_to_date,percent_change,percent,2026,2025,1,100.0,1.0,100%,100.0,matched,,,wilmington-compstat-v2,validated
weekly-2026-09-20-r1,weekly_compstat,2026-09-14,2026-09-20,1,224441568f81ffe637b2bd2710d43d6899f14c5913e83b684efe2ba6fca9d029,23,district,district_18,District 18,juvenile_shooting_victims,*Juv Shooting Victims,year_to_date,percent_change,percent,2026,2024,2,100.0,1.0,100%,,not_checkable,,,wilmington-compstat-v2,validated
weekly-2026-09-20-r1,weekly_compstat,2026-09-14,2026-09-20,1,224441568f81ffe637b2bd2710d43d6899f14c5913e83b684efe2ba6fca9d029,23,district,district_18,District 18,juvenile_shooting_victims,*Juv Shooting Victims,year_to_date,percent_change,percent,2026,2023,3,,,*,,not_checkable,,undefined_zero_denominator,wilmington-compstat-v2,validated
weekly-2026-09-20-r1,weekly_compstat,2026-09-14,2026-09-20,1,224441568f81ffe637b2bd2710d43d6899f14c5913e83b684efe2ba6fca9d029,23,district,district_18,District 18,juvenile_shooting_victims,*Juv Shooting Victims,year_to_date,percent_change,percent,2026,2022,4,,,*,,not_checkable,,undefined_zero_denominator,wilmington-compstat-v2,validated
weekly-2026-09-20-r1,weekly_compstat,2026-09-14,2026-09-20,1,224441568f81ffe637b2bd2710d43d6899f14c5913e83b684efe2ba6fca9d029,23,district,district_18,District 18,juvenile_shooting_victims,*Juv Shooting Victims,year_to_date,percent_change,percent,2026,2021,5,,,*,,not_checkable,,undefined_zero_denominator,wilmington-compstat-v2,validated
weekly-2026-09-20-r1,weekly_compstat,2026-09-14,2026-09-20,1,224441568f81ffe637b2bd2710d43d6899f14c5913e83b684efe2ba6fca9d029,23,district,district_18,District 18,juvenile_shooting_victims,*Juv Shooting Victims,year_to_date,percent_change,percent,2026,2020,6,0.0,0.0,0%,,not_checkable,,,wilmington-compstat-v2,validated
weekly-2026-09-20-r1,weekly_compstat,2026-09-14,2026-09-20,1,224441568f81ffe637b2bd2710d43d6899f14c5913e83b684efe2ba6fca9d029,23,district,district_18,District 18,misdemeanor_theft,Theft (Misdemeanor),last_7_days,count,count,2026,,,3,,3,,not_applicable,,,wilmington-compstat-v2,validated
weekly-2026-09-20-r1,weekly_compstat,2026-09-14,2026-09-20,1,224441568f81ffe637b2bd2710d43d6899f14c5913e83b684efe2ba6fca9d029,23,district,district_18,District 18,misdemeanor_theft,Theft (Misdemeanor),last_7_days,count,count,2025,,,0,,0,,not_applicable,,,wilmington-compstat-v2,validated
weekly-2026-09-20-r1,weekly_compstat,2026-09-14,2026-09-20,1,224441568f81ffe637b2bd2710d43d6899f14c5913e83b684efe2ba6fca9d029,23,district,district_18,District 18,misdemeanor_theft,Theft (Misdemeanor),last_7_days,percent_change,percent,2026,2025,1,,,*,,undefined_zero_denominator,,undefined_zero_denominator,wilmington-compstat-v2,validated
weekly-2026-09-20-r1,weekly_compstat,2026-09-14,2026-09-20,1,224441568f81ffe637b2bd2710d43d6899f14c5913e83b684efe2ba6fca9d029,23,district,district_18,District 18,misdemeanor_theft,Theft (Misdemeanor),last_28_days,count,count,2026,,,18,,18,,not_applicable,,,wilmington-compstat-v2,validated
weekly-2026-09-20-r1,weekly_compstat,2026-09-14,2026-09-20,1,224441568f81ffe637b2bd2710d43d6899f14c5913e83b684efe2ba6fca9d029,23,district,district_18,District 18,misdemeanor_theft,Theft (Misdemeanor),last_28_days,count,count,2025,,,7,,7,,not_applicable,,,wilmington-compstat-v2,validated
weekly-2026-09-20-r1,weekly_compstat,2026-09-14,2026-09-20,1,224441568f81ffe637b2bd2710d43d6899f14c5913e83b684efe2ba6fca9d029,23,district,district_18,District 18,misdemeanor_theft,Theft (Misdemeanor),last_28_days,percent_change,percent,2026,2025,1,157.0,1.57,157%,157.142857,matched,,,wilmington-compstat-v2,validated
weekly-2026-09-20-r1,weekly_compstat,2026-09-14,2026-09-20,1,224441568f81ffe637b2bd2710d43d6899f14c5913e83b684efe2ba6fca9d029,23,district,district_18,District 18,misdemeanor_theft,Theft (Misdemeanor),year_to_date,count,count,2026,,,119,,119,,not_applicable,,,wilmington-compstat-v2,validated
weekly-2026-09-20-r1,weekly_compstat,2026-09-14,2026-09-20,1,224441568f81ffe637b2bd2710d43d6899f14c5913e83b684efe2ba6fca9d029,23,district,district_18,District 18,misdemeanor_theft,Theft (Misdemeanor),year_to_date,count,count,2025,,,105,,105,,not_applicable,,,wilmington-compstat-v2,validated
weekly-2026-09-20-r1,weekly_compstat,2026-09-14,2026-09-20,1,224441568f81ffe637b2bd2710d43d6899f14c5913e83b684efe2ba6fca9d029,23,district,district_18,District 18,misdemeanor_theft,Theft (Misdemeanor),year_to_date,percent_change,percent,2026,2025,1,13.0,0.13,13%,13.333333,matched,,,wilmington-compstat-v2,validated
weekly-2026-09-20-r1,weekly_compstat,2026-09-14,2026-09-20,1,224441568f81ffe637b2bd2710d43d6899f14c5913e83b684efe2ba6fca9d029,23,district,district_18,District 18,misdemeanor_theft,Theft (Misdemeanor),year_to_date,percent_change,percent,2026,2024,2,-22.0,-0.22,-22%,,not_checkable,,,wilmington-compstat-v2,validated
weekly-2026-09-20-r1,weekly_compstat,2026-09-14,2026-09-20,1,224441568f81ffe637b2bd2710d43d6899f14c5913e83b684efe2ba6fca9d029,23,district,district_18,District 18,misdemeanor_theft,Theft (Misdemeanor),year_to_date,percent_change,percent,2026,2023,3,-45.0,-0.45,-45%,,not_checkable,,,wilmington-compstat-v2,validated
weekly-2026-09-20-r1,weekly_compstat,2026-09-14,2026-09-20,1,224441568f81ffe637b2bd2710d43d6899f14c5913e83b684efe2ba6fca9d029,23,district,district_18,District 18,misdemeanor_theft,Theft (Misdemeanor),year_to_date,percent_change,percent,2026,2022,4,-10.0,-0.1,-10%,,not_checkable,,,wilmington-compstat-v2,validated
weekly-2026-09-20-r1,weekly_compstat,2026-09-14,2026-09-20,1,224441568f81ffe637b2bd2710d43d6899f14c5913e83b684efe2ba6fca9d029,23,district,district_18,District 18,misdemeanor_theft,Theft (Misdemeanor),year_to_date,percent_change,percent,2026,2021,5,-35.0,-0.35,-35%,,not_checkable,,,wilmington-compstat-v2,validated
weekly-2026-09-20-r1,weekly_compstat,2026-09-14,2026-09-20,1,224441568f81ffe637b2bd2710d43d6899f14c5913e83b684efe2ba6fca9d029,23,district,district_18,District 18,misdemeanor_theft,Theft (Misdemeanor),year_to_date,percent_change,percent,2026,2020,6,-46.0,-0.46,-46%,,not_checkable,,,wilmington-compstat-v2,validated
weekly-2026-09-20-r1,weekly_compstat,2026-09-14,2026-09-20,1,224441568f81ffe637b2bd2710d43d6899f14c5913e83b684efe2ba6fca9d029,25,district,district_19,District 19,murder,Murder,last_7_days,count,count,2026,,,0,,0,,not_applicable,,,wilmington-compstat-v2,validated
weekly-2026-09-20-r1,weekly_compstat,2026-09-14,2026-09-20,1,224441568f81ffe637b2bd2710d43d6899f14c5913e83b684efe2ba6fca9d029,25,district,district_19,District 19,murder,Murder,last_7_days,count,count,2025,,,0,,0,,not_applicable,,,wilmington-compstat-v2,validated
weekly-2026-09-20-r1,weekly_compstat,2026-09-14,2026-09-20,1,224441568f81ffe637b2bd2710d43d6899f14c5913e83b684efe2ba6fca9d029,25,district,district_19,District 19,murder,Murder,last_7_days,percent_change,percent,2026,2025,1,,,*,,undefined_zero_denominator,,undefined_zero_denominator,wilmington-compstat-v2,validated
weekly-2026-09-20-r1,weekly_compstat,2026-09-14,2026-09-20,1,224441568f81ffe637b2bd2710d43d6899f14c5913e83b684efe2ba6fca9d029,25,district,district_19,District 19,murder,Murder,last_28_days,count,count,2026,,,0,,0,,not_applicable,,,wilmington-compstat-v2,validated
weekly-2026-09-20-r1,weekly_compstat,2026-09-14,2026-09-20,1,224441568f81ffe637b2bd2710d43d6899f14c5913e83b684efe2ba6fca9d029,25,district,district_19,District 19,murder,Murder,last_28_days,count,count,2025,,,0,,0,,not_applicable,,,wilmington-compstat-v2,validated
weekly-2026-09-20-r1,weekly_compstat,2026-09-14,2026-09-20,1,224441568f81ffe637b2bd2710d43d6899f14c5913e83b684efe2ba6fca9d029,25,district,district_19,District 19,murder,Murder,last_28_days,percent_change,percent,2026,2025,1,,,*,,undefined_zero_denominator,,undefined_zero_denominator,wilmington-compstat-v2,validated
weekly-2026-09-20-r1,weekly_compstat,2026-09-14,2026-09-20,1,224441568f81ffe637b2bd2710d43d6899f14c5913e83b684efe2ba6fca9d029,25,district,district_19,District 19,murder,Murder,year_to_date,count,count,2026,,,0,,0,,not_applicable,,,wilmington-compstat-v2,validated
weekly-2026-09-20-r1,weekly_compstat,2026-09-14,2026-09-20,1,224441568f81ffe637b2bd2710d43d6899f14c5913e83b684efe2ba6fca9d029,25,district,district_19,District 19,murder,Murder,year_to_date,count,count,2025,,,0,,0,,not_applicable,,,wilmington-compstat-v2,validated
weekly-2026-09-20-r1,weekly_compstat,2026-09-14,2026-09-20,1,224441568f81ffe637b2bd2710d43d6899f14c5913e83b684efe2ba6fca9d029,25,district,district_19,District 19,murder,Murder,year_to_date,percent_change,percent,2026,2025,1,,,*,,undefined_zero_denominator,,undefined_zero_denominator,wilmington-compstat-v2,validated
weekly-2026-09-20-r1,weekly_compstat,2026-09-14,2026-09-20,1,224441568f81ffe637b2bd2710d43d6899f14c5913e83b684efe2ba6fca9d029,25,district,district_19,District 19,murder,Murder,year_to_date,percent_change,percent,2026,2024,2,,,*,,not_checkable,,undefined_zero_denominator,wilmington-compstat-v2,validated
weekly-2026-09-20-r1,weekly_compstat,2026-09-14,2026-09-20,1,224441568f81ffe637b2bd2710d43d6899f14c5913e83b684efe2ba6fca9d029,25,district,district_19,District 19,murder,Murder,year_to_date,percent_change,percent,2026,2023,3,,,*,,not_checkable,,undefined_zero_denominator,wilmington-compstat-v2,validated
weekly-2026-09-20-r1,weekly_compstat,2026-09-14,2026-09-20,1,224441568f81ffe637b2bd2710d43d6899f14c5913e83b684efe2ba6fca9d029,25,district,district_19,District 19,murder,Murder,year_to_date,percent_change,percent,2026,2022,4,-100.0,-1.0,-100%,,not_checkable,,,wilmington-compstat-v2,validated
weekly-2026-09-20-r1,weekly_compstat,2026-09-14,2026-09-20,1,224441568f81ffe637b2bd2710d43d6899f14c5913e83b684efe2ba6fca9d029,25,district,district_19,District 19,murder,Murder,year_to_date,percent_change,percent,2026,2021,5,,,*,,not_checkable,,undefined_zero_denominator,wilmington-compstat-v2,validated
weekly-2026-09-20-r1,weekly_compstat,2026-09-14,2026-09-20,1,224441568f81ffe637b2bd2710d43d6899f14c5913e83b684efe2ba6fca9d029,25,district,district_19,District 19,murder,Murder,year_to_date,percent_change,percent,2026,2020,6,,,*,,not_checkable,,undefined_zero_denominator,wilmington-compstat-v2,validated
weekly-2026-09-20-r1,weekly_compstat,2026-09-14,2026-09-20,1,224441568f81ffe637b2bd2710d43d6899f14c5913e83b684efe2ba6fca9d029,25,district,district_19,District 19,rape,Rape,last_7_days,count,count,2026,,,0,,0,,not_applicable,,,wilmington-compstat-v2,validated
weekly-2026-09-20-r1,weekly_compstat,2026-09-14,2026-09-20,1,224441568f81ffe637b2bd2710d43d6899f14c5913e83b684efe2ba6fca9d029,25,district,district_19,District 19,rape,Rape,last_7_days,count,count,2025,,,0,,0,,not_applicable,,,wilmington-compstat-v2,validated
weekly-2026-09-20-r1,weekly_compstat,2026-09-14,2026-09-20,1,224441568f81ffe637b2bd2710d43d6899f14c5913e83b684efe2ba6fca9d029,25,district,district_19,District 19,rape,Rape,last_7_days,percent_change,percent,2026,2025,1,,,*,,undefined_zero_denominator,,undefined_zero_denominator,wilmington-compstat-v2,validated
weekly-2026-09-20-r1,weekly_compstat,2026-09-14,2026-09-20,1,224441568f81ffe637b2bd2710d43d6899f14c5913e83b684efe2ba6fca9d029,25,district,district_19,District 19,rape,Rape,last_28_days,count,count,2026,,,0,,0,,not_applicable,,,wilmington-compstat-v2,validated
weekly-2026-09-20-r1,weekly_compstat,2026-09-14,2026-09-20,1,224441568f81ffe637b2bd2710d43d6899f14c5913e83b684efe2ba6fca9d029,25,district,district_19,District 19,rape,Rape,last_28_days,count,count,2025,,,0,,0,,not_applicable,,,wilmington-compstat-v2,validated
weekly-2026-09-20-r1,weekly_compstat,2026-09-14,2026-09-20,1,224441568f81ffe637b2bd2710d43d6899f14c5913e83b684efe2ba6fca9d029,25,district,district_19,District 19,rape,Rape,last_28_days,percent_change,percent,2026,2025,1,,,*,,undefined_zero_denominator,,undefined_zero_denominator,wilmington-compstat-v2,validated
weekly-2026-09-20-r1,weekly_compstat,2026-09-14,2026-09-20,1,224441568f81ffe637b2bd2710d43d6899f14c5913e83b684efe2ba6fca9d029,25,district,district_19,District 19,rape,Rape,year_to_date,count,count,2026,,,0,,0,,not_applicable,,,wilmington-compstat-v2,validated
weekly-2026-09-20-r1,weekly_compstat,2026-09-14,2026-09-20,1,224441568f81ffe637b2bd2710d43d6899f14c5913e83b684efe2ba6fca9d029,25,district,district_19,District 19,rape,Rape,year_to_date,count,count,2025,,,0,,0,,not_applicable,,,wilmington-compstat-v2,validated
weekly-2026-09-20-r1,weekly_compstat,2026-09-14,2026-09-20,1,224441568f81ffe637b2bd2710d43d6899f14c5913e83b684efe2ba6fca9d029,25,district,district_19,District 19,rape,Rape,year_to_date,percent_change,percent,2026,2025,1,,,*,,undefined_zero_denominator,,undefined_zero_denominator,wilmington-compstat-v2,validated
weekly-2026-09-20-r1,weekly_compstat,2026-09-14,2026-09-20,1,224441568f81ffe637b2bd2710d43d6899f14c5913e83b684efe2ba6fca9d029,25,district,district_19,District 19,rape,Rape,year_to_date,percent_change,percent,2026,2024,2,,,*,,not_checkable,,undefined_zero_denominator,wilmington-compstat-v2,validated
weekly-2026-09-20-r1,weekly_compstat,2026-09-14,2026-09-20,1,224441568f81ffe637b2bd2710d43d6899f14c5913e83b684efe2ba6fca9d029,25,district,district_19,District 19,rape,Rape,year_to_date,percent_change,percent,2026,2023,3,,,*,,not_checkable,,undefined_zero_denominator,wilmington-compstat-v2,validated
weekly-2026-09-20-r1,weekly_compstat,2026-09-14,2026-09-20,1,224441568f81ffe637b2bd2710d43d6899f14c5913e83b684efe2ba6fca9d029,25,district,district_19,District 19,rape,Rape,year_to_date,percent_change,percent,2026,2022,4,,,*,,not_checkable,,undefined_zero_denominator,wilmington-compstat-v2,validated
weekly-2026-09-20-r1,weekly_compstat,2026-09-14,2026-09-20,1,224441568f81ffe637b2bd2710d43d6899f14c5913e83b684efe2ba6fca9d029,25,district,district_19,District 19,rape,Rape,year_to_date,percent_change,percent,2026,2021,5,,,*,,not_checkable,,undefined_zero_denominator,wilmington-compstat-v2,validated
weekly-2026-09-20-r1,weekly_compstat,2026-09-14,2026-09-20,1,224441568f81ffe637b2bd2710d43d6899f14c5913e83b684efe2ba6fca9d029,25,district,district_19,District 19,rape,Rape,year_to_date,percent_change,percent,2026,2020,6,,,*,,not_checkable,,undefined_zero_denominator,wilmington-compstat-v2,validated
weekly-2026-09-20-r1,weekly_compstat,2026-09-14,2026-09-20,1,224441568f81ffe637b2bd2710d43d6899f14c5913e83b684efe2ba6fca9d029,25,district,district_19,District 19,robbery,Robbery,last_7_days,count,count,2026,,,0,,0,,not_applicable,,,wilmington-compstat-v2,validated
weekly-2026-09-20-r1,weekly_compstat,2026-09-14,2026-09-20,1,224441568f81ffe637b2bd2710d43d6899f14c5913e83b684efe2ba6fca9d029,25,district,district_19,District 19,robbery,Robbery,last_7_days,count,count,2025,,,0,,0,,not_applicable,,,wilmington-compstat-v2,validated
weekly-2026-09-20-r1,weekly_compstat,2026-09-14,2026-09-20,1,224441568f81ffe637b2bd2710d43d6899f14c5913e83b684efe2ba6fca9d029,25,district,district_19,District 19,robbery,Robbery,last_7_days,percent_change,percent,2026,2025,1,,,*,,undefined_zero_denominator,,undefined_zero_denominator,wilmington-compstat-v2,validated
weekly-2026-09-20-r1,weekly_compstat,2026-09-14,2026-09-20,1,224441568f81ffe637b2bd2710d43d6899f14c5913e83b684efe2ba6fca9d029,25,district,district_19,District 19,robbery,Robbery,last_28_days,count,count,2026,,,1,,1,,not_applicable,,,wilmington-compstat-v2,validated
weekly-2026-09-20-r1,weekly_compstat,2026-09-14,2026-09-20,1,224441568f81ffe637b2bd2710d43d6899f14c5913e83b684efe2ba6fca9d029,25,district,district_19,District 19,robbery,Robbery,last_28_days,count,count,2025,,,1,,1,,not_applicable,,,wilmington-compstat-v2,validated
weekly-2026-09-20-r1,weekly_compstat,2026-09-14,2026-09-20,1,224441568f81ffe637b2bd2710d43d6899f14c5913e83b684efe2ba6fca9d029,25,district,district_19,District 19,robbery,Robbery,last_28_days,percent_change,percent,2026,2025,1,0.0,0.0,0%,0.0,matched,,,wilmington-compstat-v2,validated
weekly-2026-09-20-r1,weekly_compstat,2026-09-14,2026-09-20,1,224441568f81ffe637b2bd2710d43d6899f14c5913e83b684efe2ba6fca9d029,25,district,district_19,District 19,robbery,Robbery,year_to_date,count,count,2026,,,10,,10,,not_applicable,,,wilmington-compstat-v2,validated
weekly-2026-09-20-r1,weekly_compstat,2026-09-14,2026-09-20,1,224441568f81ffe637b2bd2710d43d6899f14c5913e83b684efe2ba6fca9d029,25,district,district_19,District 19,robbery,Robbery,year_to_date,count,count,2025,,,6,,6,,not_applicable,,,wilmington-compstat-v2,validated
weekly-2026-09-20-r1,weekly_compstat,2026-09-14,2026-09-20,1,224441568f81ffe637b2bd2710d43d6899f14c5913e83b684efe2ba6fca9d029,25,district,district_19,District 19,robbery,Robbery,year_to_date,percent_change,percent,2026,2025,1,67.0,0.67,67%,66.666667,matched,,,wilmington-compstat-v2,validated
weekly-2026-09-20-r1,weekly_compstat,2026-09-14,2026-09-20,1,224441568f81ffe637b2bd2710d43d6899f14c5913e83b684efe2ba6fca9d029,25,district,district_19,District 19,robbery,Robbery,year_to_date,percent_change,percent,2026,2024,2,100.0,1.0,100%,,not_checkable,,,wilmington-compstat-v2,validated
weekly-2026-09-20-r1,weekly_compstat,2026-09-14,2026-09-20,1,224441568f81ffe637b2bd2710d43d6899f14c5913e83b684efe2ba6fca9d029,25,district,district_19,District 19,robbery,Robbery,year_to_date,percent_change,percent,2026,2023,3,43.0,0.43,43%,,not_checkable,,,wilmington-compstat-v2,validated
weekly-2026-09-20-r1,weekly_compstat,2026-09-14,2026-09-20,1,224441568f81ffe637b2bd2710d43d6899f14c5913e83b684efe2ba6fca9d029,25,district,district_19,District 19,robbery,Robbery,year_to_date,percent_change,percent,2026,2022,4,0.0,0.0,0%,,not_checkable,,,wilmington-compstat-v2,validated
weekly-2026-09-20-r1,weekly_compstat,2026-09-14,2026-09-20,1,224441568f81ffe637b2bd2710d43d6899f14c5913e83b684efe2ba6fca9d029,25,district,district_19,District 19,robbery,Robbery,year_to_date,percent_change,percent,2026,2021,5,67.0,0.67,67%,,not_checkable,,,wilmington-compstat-v2,validated
weekly-2026-09-20-r1,weekly_compstat,2026-09-14,2026-09-20,1,224441568f81ffe637b2bd2710d43d6899f14c5913e83b684efe2ba6fca9d029,25,district,district_19,District 19,robbery,Robbery,year_to_date,percent_change,percent,2026,2020,6,100.0,1.0,100%,,not_checkable,,,wilmington-compstat-v2,validated
weekly-2026-09-20-r1,weekly_compstat,2026-09-14,2026-09-20,1,224441568f81ffe637b2bd2710d43d6899f14c5913e83b684efe2ba6fca9d029,25,district,district_19,District 19,aggravated_assault,Agg. Assault,last_7_days,count,count,2026,,,0,,0,,not_applicable,,,wilmington-compstat-v2,validated
weekly-2026-09-20-r1,weekly_compstat,2026-09-14,2026-09-20,1,224441568f81ffe637b2bd2710d43d6899f14c5913e83b684efe2ba6fca9d029,25,district,district_19,District 19,aggravated_assault,Agg. Assault,last_7_days,count,count,2025,,,2,,2,,not_applicable,,,wilmington-compstat-v2,validated
weekly-2026-09-20-r1,weekly_compstat,2026-09-14,2026-09-20,1,224441568f81ffe637b2bd2710d43d6899f14c5913e83b684efe2ba6fca9d029,25,district,district_19,District 19,aggravated_assault,Agg. Assault,last_7_days,percent_change,percent,2026,2025,1,-100.0,-1.0,-100%,-100.0,matched,,,wilmington-compstat-v2,validated
weekly-2026-09-20-r1,weekly_compstat,2026-09-14,2026-09-20,1,224441568f81ffe637b2bd2710d43d6899f14c5913e83b684efe2ba6fca9d029,25,district,district_19,District 19,aggravated_assault,Agg. Assault,last_28_days,count,count,2026,,,2,,2,,not_applicable,,,wilmington-compstat-v2,validated
weekly-2026-09-20-r1,weekly_compstat,2026-09-14,2026-09-20,1,224441568f81ffe637b2bd2710d43d6899f14c5913e83b684efe2ba6fca9d029,25,district,district_19,District 19,aggravated_assault,Agg. Assault,last_28_days,count,count,2025,,,2,,2,,not_applicable,,,wilmington-compstat-v2,validated
weekly-2026-09-20-r1,weekly_compstat,2026-09-14,2026-09-20,1,224441568f81ffe637b2bd2710d43d6899f14c5913e83b684efe2ba6fca9d029,25,district,district_19,District 19,aggravated_assault,Agg. Assault,last_28_days,percent_change,percent,2026,2025,1,0.0,0.0,0%,0.0,matched,,,wilmington-compstat-v2,validated
weekly-2026-09-20-r1,weekly_compstat,2026-09-14,2026-09-20,1,224441568f81ffe637b2bd2710d43d6899f14c5913e83b684efe2ba6fca9d029,25,district,district_19,District 19,aggravated_assault,Agg. Assault,year_to_date,count,count,2026,,,15,,15,,not_applicable,,,wilmington-compstat-v2,validated
weekly-2026-09-20-r1,weekly_compstat,2026-09-14,2026-09-20,1,224441568f81ffe637b2bd2710d43d6899f14c5913e83b684efe2ba6fca9d029,25,district,district_19,District 19,aggravated_assault,Agg. Assault,year_to_date,count,count,2025,,,16,,16,,not_applicable,,,wilmington-compstat-v2,validated
weekly-2026-09-20-r1,weekly_compstat,2026-09-14,2026-09-20,1,224441568f81ffe637b2bd2710d43d6899f14c5913e83b684efe2ba6fca9d029,25,district,district_19,District 19,aggravated_assault,Agg. Assault,year_to_date,percent_change,percent,2026,2025,1,-6.0,-0.06,-6%,-6.25,matched,,,wilmington-compstat-v2,validated
weekly-2026-09-20-r1,weekly_compstat,2026-09-14,2026-09-20,1,224441568f81ffe637b2bd2710d43d6899f14c5913e83b684efe2ba6fca9d029,25,district,district_19,District 19,aggravated_assault,Agg. Assault,year_to_date,percent_change,percent,2026,2024,2,-32.0,-0.32,-32%,,not_checkable,,,wilmington-compstat-v2,validated
weekly-2026-09-20-r1,weekly_compstat,2026-09-14,2026-09-20,1,224441568f81ffe637b2bd2710d43d6899f14c5913e83b684efe2ba6fca9d029,25,district,district_19,District 19,aggravated_assault,Agg. Assault,year_to_date,percent_change,percent,2026,2023,3,114.0,1.14,114%,,not_checkable,,,wilmington-compstat-v2,validated
weekly-2026-09-20-r1,weekly_compstat,2026-09-14,2026-09-20,1,224441568f81ffe637b2bd2710d43d6899f14c5913e83b684efe2ba6fca9d029,25,district,district_19,District 19,aggravated_assault,Agg. Assault,year_to_date,percent_change,percent,2026,2022,4,150.0,1.5,150%,,not_checkable,,,wilmington-compstat-v2,validated
weekly-2026-09-20-r1,weekly_compstat,2026-09-14,2026-09-20,1,224441568f81ffe637b2bd2710d43d6899f14c5913e83b684efe2ba6fca9d029,25,district,district_19,District 19,aggravated_assault,Agg. Assault,year_to_date,percent_change,percent,2026,2021,5,200.0,2.0,200%,,not_checkable,,,wilmington-compstat-v2,validated
weekly-2026-09-20-r1,weekly_compstat,2026-09-14,2026-09-20,1,224441568f81ffe637b2bd2710d43d6899f14c5913e83b684efe2ba6fca9d029,25,district,district_19,District 19,aggravated_assault,Agg. Assault,year_to_date,percent_change,percent,2026,2020,6,67.0,0.67,67%,,not_checkable,,,wilmington-compstat-v2,validated
weekly-2026-09-20-r1,weekly_compstat,2026-09-14,2026-09-20,1,224441568f81ffe637b2bd2710d43d6899f14c5913e83b684efe2ba6fca9d029,25,district,district_19,District 19,burglary,Burglary,last_7_days,count,count,2026,,,0,,0,,not_applicable,,,wilmington-compstat-v2,validated
weekly-2026-09-20-r1,weekly_compstat,2026-09-14,2026-09-20,1,224441568f81ffe637b2bd2710d43d6899f14c5913e83b684efe2ba6fca9d029,25,district,district_19,District 19,burglary,Burglary,last_7_days,count,count,2025,,,0,,0,,not_applicable,,,wilmington-compstat-v2,validated
weekly-2026-09-20-r1,weekly_compstat,2026-09-14,2026-09-20,1,224441568f81ffe637b2bd2710d43d6899f14c5913e83b684efe2ba6fca9d029,25,district,district_19,District 19,burglary,Burglary,last_7_days,percent_change,percent,2026,2025,1,,,*,,undefined_zero_denominator,,undefined_zero_denominator,wilmington-compstat-v2,validated
weekly-2026-09-20-r1,weekly_compstat,2026-09-14,2026-09-20,1,224441568f81ffe637b2bd2710d43d6899f14c5913e83b684efe2ba6fca9d029,25,district,district_19,District 19,burglary,Burglary,last_28_days,count,count,2026,,,1,,1,,not_applicable,,,wilmington-compstat-v2,validated
weekly-2026-09-20-r1,weekly_compstat,2026-09-14,2026-09-20,1,224441568f81ffe637b2bd2710d43d6899f14c5913e83b684efe2ba6fca9d029,25,district,district_19,District 19,burglary,Burglary,last_28_days,count,count,2025,,,2,,2,,not_applicable,,,wilmington-compstat-v2,validated
weekly-2026-09-20-r1,weekly_compstat,2026-09-14,2026-09-20,1,224441568f81ffe637b2bd2710d43d6899f14c5913e83b684efe2ba6fca9d029,25,district,district_19,District 19,burglary,Burglary,last_28_days,percent_change,percent,2026,2025,1,-50.0,-0.5,-50%,-50.0,matched,,,wilmington-compstat-v2,validated
weekly-2026-09-20-r1,weekly_compstat,2026-09-14,2026-09-20,1,224441568f81ffe637b2bd2710d43d6899f14c5913e83b684efe2ba6fca9d029,25,district,district_19,District 19,burglary,Burglary,year_to_date,count,count,2026,,,25,,25,,not_applicable,,,wilmington-compstat-v2,validated
weekly-2026-09-20-r1,weekly_compstat,2026-09-14,2026-09-20,1,224441568f81ffe637b2bd2710d43d6899f14c5913e83b684efe2ba6fca9d029,25,district,district_19,District 19,burglary,Burglary,year_to_date,count,count,2025,,,19,,19,,not_applicable,,,wilmington-compstat-v2,validated
weekly-2026-09-20-r1,weekly_compstat,2026-09-14,2026-09-20,1,224441568f81ffe637b2bd2710d43d6899f14c5913e83b684efe2ba6fca9d029,25,district,district_19,District 19,burglary,Burglary,year_to_date,percent_change,percent,2026,2025,1,32.0,0.32,32%,31.578947,matched,,,wilmington-compstat-v2,validated
weekly-2026-09-20-r1,weekly_compstat,2026-09-14,2026-09-20,1,224441568f81ffe637b2bd2710d43d6899f14c5913e83b684efe2ba6fca9d029,25,district,district_19,District 19,burglary,Burglary,year_to_date,percent_change,percent,2026,2024,2,67.0,0.67,67%,,not_checkable,,,wilmington-compstat-v2,validated
weekly-2026-09-20-r1,weekly_compstat,2026-09-14,2026-09-20,1,224441568f81ffe637b2bd2710d43d6899f14c5913e83b684efe2ba6fca9d029,25,district,district_19,District 19,burglary,Burglary,year_to_date,percent_change,percent,2026,2023,3,-4.0,-0.04,-4%,,not_checkable,,,wilmington-compstat-v2,validated
weekly-2026-09-20-r1,weekly_compstat,2026-09-14,2026-09-20,1,224441568f81ffe637b2bd2710d43d6899f14c5913e83b684efe2ba6fca9d029,25,district,district_19,District 19,burglary,Burglary,year_to_date,percent_change,percent,2026,2022,4,-4.0,-0.04,-4%,,not_checkable,,,wilmington-compstat-v2,validated
weekly-2026-09-20-r1,weekly_compstat,2026-09-14,2026-09-20,1,224441568f81ffe637b2bd2710d43d6899f14c5913e83b684efe2ba6fca9d029,25,district,district_19,District 19,burglary,Burglary,year_to_date,percent_change,percent,2026,2021,5,-22.0,-0.22,-22%,,not_checkable,,,wilmington-compstat-v2,validated
weekly-2026-09-20-r1,weekly_compstat,2026-09-14,2026-09-20,1,224441568f81ffe637b2bd2710d43d6899f14c5913e83b684efe2ba6fca9d029,25,district,district_19,District 19,burglary,Burglary,year_to_date,percent_change,percent,2026,2020,6,-31.0,-0.31,-31%,,not_checkable,,,wilmington-compstat-v2,validated
weekly-2026-09-20-r1,weekly_compstat,2026-09-14,2026-09-20,1,224441568f81ffe637b2bd2710d43d6899f14c5913e83b684efe2ba6fca9d029,25,district,district_19,District 19,felony_theft,Felony Theft,last_7_days,count,count,2026,,,2,,2,,not_applicable,,,wilmington-compstat-v2,validated
weekly-2026-09-20-r1,weekly_compstat,2026-09-14,2026-09-20,1,224441568f81ffe637b2bd2710d43d6899f14c5913e83b684efe2ba6fca9d029,25,district,district_19,District 19,felony_theft,Felony Theft,last_7_days,count,count,2025,,,0,,0,,not_applicable,,,wilmington-compstat-v2,validated
weekly-2026-09-20-r1,weekly_compstat,2026-09-14,2026-09-20,1,224441568f81ffe637b2bd2710d43d6899f14c5913e83b684efe2ba6fca9d029,25,district,district_19,District 19,felony_theft,Felony Theft,last_7_days,percent_change,percent,2026,2025,1,,,*,,undefined_zero_denominator,,undefined_zero_denominator,wilmington-compstat-v2,validated
weekly-2026-09-20-r1,weekly_compstat,2026-09-14,2026-09-20,1,224441568f81ffe637b2bd2710d43d6899f14c5913e83b684efe2ba6fca9d029,25,district,district_19,District 19,felony_theft,Felony Theft,last_28_days,count,count,2026,,,2,,2,,not_applicable,,,wilmington-compstat-v2,validated
weekly-2026-09-20-r1,weekly_compstat,2026-09-14,2026-09-20,1,224441568f81ffe637b2bd2710d43d6899f14c5913e83b684efe2ba6fca9d029,25,district,district_19,District 19,felony_theft,Felony Theft,last_28_days,count,count,2025,,,1,,1,,not_applicable,,,wilmington-compstat-v2,validated
weekly-2026-09-20-r1,weekly_compstat,2026-09-14,2026-09-20,1,224441568f81ffe637b2bd2710d43d6899f14c5913e83b684efe2ba6fca9d029,25,district,district_19,District 19,felony_theft,Felony Theft,last_28_days,percent_change,percent,2026,2025,1,100.0,1.0,100%,100.0,matched,,,wilmington-compstat-v2,validated
weekly-2026-09-20-r1,weekly_compstat,2026-09-14,2026-09-20,1,224441568f81ffe637b2bd2710d43d6899f14c5913e83b684efe2ba6fca9d029,25,district,district_19,District 19,felony_theft,Felony Theft,year_to_date,count,count,2026,,,15,,15,,not_applicable,,,wilmington-compstat-v2,validated
weekly-2026-09-20-r1,weekly_compstat,2026-09-14,2026-09-20,1,224441568f81ffe637b2bd2710d43d6899f14c5913e83b684efe2ba6fca9d029,25,district,district_19,District 19,felony_theft,Felony Theft,year_to_date,count,count,2025,,,21,,21,,not_applicable,,,wilmington-compstat-v2,validated
weekly-2026-09-20-r1,weekly_compstat,2026-09-14,2026-09-20,1,224441568f81ffe637b2bd2710d43d6899f14c5913e83b684efe2ba6fca9d029,25,district,district_19,District 19,felony_theft,Felony Theft,year_to_date,percent_change,percent,2026,2025,1,-29.0,-0.29,-29%,-28.571429,matched,,,wilmington-compstat-v2,validated
weekly-2026-09-20-r1,weekly_compstat,2026-09-14,2026-09-20,1,224441568f81ffe637b2bd2710d43d6899f14c5913e83b684efe2ba6fca9d029,25,district,district_19,District 19,felony_theft,Felony Theft,year_to_date,percent_change,percent,2026,2024,2,-25.0,-0.25,-25%,,not_checkable,,,wilmington-compstat-v2,validated
weekly-2026-09-20-r1,weekly_compstat,2026-09-14,2026-09-20,1,224441568f81ffe637b2bd2710d43d6899f14c5913e83b684efe2ba6fca9d029,25,district,district_19,District 19,felony_theft,Felony Theft,year_to_date,percent_change,percent,2026,2023,3,-21.0,-0.21,-21%,,not_checkable,,,wilmington-compstat-v2,validated
weekly-2026-09-20-r1,weekly_compstat,2026-09-14,2026-09-20,1,224441568f81ffe637b2bd2710d43d6899f14c5913e83b684efe2ba6fca9d029,25,district,district_19,District 19,felony_theft,Felony Theft,year_to_date,percent_change,percent,2026,2022,4,0.0,0.0,0%,,not_checkable,,,wilmington-compstat-v2,validated
weekly-2026-09-20-r1,weekly_compstat,2026-09-14,2026-09-20,1,224441568f81ffe637b2bd2710d43d6899f14c5913e83b684efe2ba6fca9d029,25,district,district_19,District 19,felony_theft,Felony Theft,year_to_date,percent_change,percent,2026,2021,5,-48.0,-0.48,-48%,,not_checkable,,,wilmington-compstat-v2,validated
weekly-2026-09-20-r1,weekly_compstat,2026-09-14,2026-09-20,1,224441568f81ffe637b2bd2710d43d6899f14c5913e83b684efe2ba6fca9d029,25,district,district_19,District 19,felony_theft,Felony Theft,year_to_date,percent_change,percent,2026,2020,6,-38.0,-0.38,-38%,,not_checkable,,,wilmington-compstat-v2,validated
weekly-2026-09-20-r1,weekly_compstat,2026-09-14,2026-09-20,1,224441568f81ffe637b2bd2710d43d6899f14c5913e83b684efe2ba6fca9d029,25,district,district_19,District 19,auto_theft,Auto Theft,last_7_days,count,count,2026,,,2,,2,,not_applicable,,,wilmington-compstat-v2,validated
weekly-2026-09-20-r1,weekly_compstat,2026-09-14,2026-09-20,1,224441568f81ffe637b2bd2710d43d6899f14c5913e83b684efe2ba6fca9d029,25,district,district_19,District 19,auto_theft,Auto Theft,last_7_days,count,count,2025,,,0,,0,,not_applicable,,,wilmington-compstat-v2,validated
weekly-2026-09-20-r1,weekly_compstat,2026-09-14,2026-09-20,1,224441568f81ffe637b2bd2710d43d6899f14c5913e83b684efe2ba6fca9d029,25,district,district_19,District 19,auto_theft,Auto Theft,last_7_days,percent_change,percent,2026,2025,1,,,*,,undefined_zero_denominator,,undefined_zero_denominator,wilmington-compstat-v2,validated
weekly-2026-09-20-r1,weekly_compstat,2026-09-14,2026-09-20,1,224441568f81ffe637b2bd2710d43d6899f14c5913e83b684efe2ba6fca9d029,25,district,district_19,District 19,auto_theft,Auto Theft,last_28_days,count,count,2026,,,5,,5,,not_applicable,,,wilmington-compstat-v2,validated
weekly-2026-09-20-r1,weekly_compstat,2026-09-14,2026-09-20,1,224441568f81ffe637b2bd2710d43d6899f14c5913e83b684efe2ba6fca9d029,25,district,district_19,District 19,auto_theft,Auto Theft,last_28_days,count,count,2025,,,1,,1,,not_applicable,,,wilmington-compstat-v2,validated
weekly-2026-09-20-r1,weekly_compstat,2026-09-14,2026-09-20,1,224441568f81ffe637b2bd2710d43d6899f14c5913e83b684efe2ba6fca9d029,25,district,district_19,District 19,auto_theft,Auto Theft,last_28_days,percent_change,percent,2026,2025,1,400.0,4.0,400%,400.0,matched,,,wilmington-compstat-v2,validated
weekly-2026-09-20-r1,weekly_compstat,2026-09-14,2026-09-20,1,224441568f81ffe637b2bd2710d43d6899f14c5913e83b684efe2ba6fca9d029,25,district,district_19,District 19,auto_theft,Auto Theft,year_to_date,count,count,2026,,,27,,27,,not_applicable,,,wilmington-compstat-v2,validated
weekly-2026-09-20-r1,weekly_compstat,2026-09-14,2026-09-20,1,224441568f81ffe637b2bd2710d43d6899f14c5913e83b684efe2ba6fca9d029,25,district,district_19,District 19,auto_theft,Auto Theft,year_to_date,count,count,2025,,,25,,25,,not_applicable,,,wilmington-compstat-v2,validated
weekly-2026-09-20-r1,weekly_compstat,2026-09-14,2026-09-20,1,224441568f81ffe637b2bd2710d43d6899f14c5913e83b684efe2ba6fca9d029,25,district,district_19,District 19,auto_theft,Auto Theft,year_to_date,percent_change,percent,2026,2025,1,8.0,0.08,8%,8.0,matched,,,wilmington-compstat-v2,validated
weekly-2026-09-20-r1,weekly_compstat,2026-09-14,2026-09-20,1,224441568f81ffe637b2bd2710d43d6899f14c5913e83b684efe2ba6fca9d029,25,district,district_19,District 19,auto_theft,Auto Theft,year_to_date,percent_change,percent,2026,2024,2,0.0,0.0,0%,,not_checkable,,,wilmington-compstat-v2,validated
weekly-2026-09-20-r1,weekly_compstat,2026-09-14,2026-09-20,1,224441568f81ffe637b2bd2710d43d6899f14c5913e83b684efe2ba6fca9d029,25,district,district_19,District 19,auto_theft,Auto Theft,year_to_date,percent_change,percent,2026,2023,3,-4.0,-0.04,-4%,,not_checkable,,,wilmington-compstat-v2,validated
weekly-2026-09-20-r1,weekly_compstat,2026-09-14,2026-09-20,1,224441568f81ffe637b2bd2710d43d6899f14c5913e83b684efe2ba6fca9d029,25,district,district_19,District 19,auto_theft,Auto Theft,year_to_date,percent_change,percent,2026,2022,4,59.0,0.59,59%,,not_checkable,,,wilmington-compstat-v2,validated
weekly-2026-09-20-r1,weekly_compstat,2026-09-14,2026-09-20,1,224441568f81ffe637b2bd2710d43d6899f14c5913e83b684efe2ba6fca9d029,25,district,district_19,District 19,auto_theft,Auto Theft,year_to_date,percent_change,percent,2026,2021,5,50.0,0.5,50%,,not_checkable,,,wilmington-compstat-v2,validated
weekly-2026-09-20-r1,weekly_compstat,2026-09-14,2026-09-20,1,224441568f81ffe637b2bd2710d43d6899f14c5913e83b684efe2ba6fca9d029,25,district,district_19,District 19,auto_theft,Auto Theft,year_to_date,percent_change,percent,2026,2020,6,8.0,0.08,8%,,not_checkable,,,wilmington-compstat-v2,validated
weekly-2026-09-20-r1,weekly_compstat,2026-09-14,2026-09-20,1,224441568f81ffe637b2bd2710d43d6899f14c5913e83b684efe2ba6fca9d029,25,district,district_19,District 19,major_crime_total,TOTAL,last_7_days,count,count,2026,,,4,,4,,not_applicable,,,wilmington-compstat-v2,validated
weekly-2026-09-20-r1,weekly_compstat,2026-09-14,2026-09-20,1,224441568f81ffe637b2bd2710d43d6899f14c5913e83b684efe2ba6fca9d029,25,district,district_19,District 19,major_crime_total,TOTAL,last_7_days,count,count,2025,,,2,,2,,not_applicable,,,wilmington-compstat-v2,validated
weekly-2026-09-20-r1,weekly_compstat,2026-09-14,2026-09-20,1,224441568f81ffe637b2bd2710d43d6899f14c5913e83b684efe2ba6fca9d029,25,district,district_19,District 19,major_crime_total,TOTAL,last_7_days,percent_change,percent,2026,2025,1,100.0,1.0,100%,100.0,matched,,,wilmington-compstat-v2,validated
weekly-2026-09-20-r1,weekly_compstat,2026-09-14,2026-09-20,1,224441568f81ffe637b2bd2710d43d6899f14c5913e83b684efe2ba6fca9d029,25,district,district_19,District 19,major_crime_total,TOTAL,last_28_days,count,count,2026,,,11,,11,,not_applicable,,,wilmington-compstat-v2,validated
weekly-2026-09-20-r1,weekly_compstat,2026-09-14,2026-09-20,1,224441568f81ffe637b2bd2710d43d6899f14c5913e83b684efe2ba6fca9d029,25,district,district_19,District 19,major_crime_total,TOTAL,last_28_days,count,count,2025,,,7,,7,,not_applicable,,,wilmington-compstat-v2,validated
weekly-2026-09-20-r1,weekly_compstat,2026-09-14,2026-09-20,1,224441568f81ffe637b2bd2710d43d6899f14c5913e83b684efe2ba6fca9d029,25,district,district_19,District 19,major_crime_total,TOTAL,last_28_days,percent_change,percent,2026,2025,1,57.0,0.57,57%,57.142857,matched,,,wilmington-compstat-v2,validated
weekly-2026-09-20-r1,weekly_compstat,2026-09-14,2026-09-20,1,224441568f81ffe637b2bd2710d43d6899f14c5913e83b684efe2ba6fca9d029,25,district,district_19,District 19,major_crime_total,TOTAL,year_to_date,count,count,2026,,,92,,92,,not_applicable,,,wilmington-compstat-v2,validated
weekly-2026-09-20-r1,weekly_compstat,2026-09-14,2026-09-20,1,224441568f81ffe637b2bd2710d43d6899f14c5913e83b684efe2ba6fca9d029,25,district,district_19,District 19,major_crime_total,TOTAL,year_to_date,count,count,2025,,,87,,87,,not_applicable,,,wilmington-compstat-v2,validated
weekly-2026-09-20-r1,weekly_compstat,2026-09-14,2026-09-20,1,224441568f81ffe637b2bd2710d43d6899f14c5913e83b684efe2ba6fca9d029,25,district,district_19,District 19,major_crime_total,TOTAL,year_to_date,percent_change,percent,2026,2025,1,6.0,0.06,6%,5.747126,matched,,,wilmington-compstat-v2,validated
weekly-2026-09-20-r1,weekly_compstat,2026-09-14,2026-09-20,1,224441568f81ffe637b2bd2710d43d6899f14c5913e83b684efe2ba6fca9d029,25,district,district_19,District 19,major_crime_total,TOTAL,year_to_date,percent_change,percent,2026,2024,2,3.0,0.03,3%,,not_checkable,,,wilmington-compstat-v2,validated
weekly-2026-09-20-r1,weekly_compstat,2026-09-14,2026-09-20,1,224441568f81ffe637b2bd2710d43d6899f14c5913e83b684efe2ba6fca9d029,25,district,district_19,District 19,major_crime_total,TOTAL,year_to_date,percent_change,percent,2026,2023,3,6.0,0.06,6%,,not_checkable,,,wilmington-compstat-v2,validated
weekly-2026-09-20-r1,weekly_compstat,2026-09-14,2026-09-20,1,224441568f81ffe637b2bd2710d43d6899f14c5913e83b684efe2ba6fca9d029,25,district,district_19,District 19,major_crime_total,TOTAL,year_to_date,percent_change,percent,2026,2022,4,23.0,0.23,23%,,not_checkable,,,wilmington-compstat-v2,validated
weekly-2026-09-20-r1,weekly_compstat,2026-09-14,2026-09-20,1,224441568f81ffe637b2bd2710d43d6899f14c5913e83b684efe2ba6fca9d029,25,district,district_19,District 19,major_crime_total,TOTAL,year_to_date,percent_change,percent,2026,2021,5,2.0,0.02,2%,,not_checkable,,,wilmington-compstat-v2,validated
weekly-2026-09-20-r1,weekly_compstat,2026-09-14,2026-09-20,1,224441568f81ffe637b2bd2710d43d6899f14c5913e83b684efe2ba6fca9d029,25,district,district_19,District 19,major_crime_total,TOTAL,year_to_date,percent_change,percent,2026,2020,6,-7.0,-0.07,-7%,,not_checkable,,,wilmington-compstat-v2,validated
weekly-2026-09-20-r1,weekly_compstat,2026-09-14,2026-09-20,1,224441568f81ffe637b2bd2710d43d6899f14c5913e83b684efe2ba6fca9d029,25,district,district_19,District 19,shooting_incidents,Shooting Incidents,last_7_days,count,count,2026,,,0,,0,,not_applicable,,,wilmington-compstat-v2,validated
weekly-2026-09-20-r1,weekly_compstat,2026-09-14,2026-09-20,1,224441568f81ffe637b2bd2710d43d6899f14c5913e83b684efe2ba6fca9d029,25,district,district_19,District 19,shooting_incidents,Shooting Incidents,last_7_days,count,count,2025,,,0,,0,,not_applicable,,,wilmington-compstat-v2,validated
weekly-2026-09-20-r1,weekly_compstat,2026-09-14,2026-09-20,1,224441568f81ffe637b2bd2710d43d6899f14c5913e83b684efe2ba6fca9d029,25,district,district_19,District 19,shooting_incidents,Shooting Incidents,last_7_days,percent_change,percent,2026,2025,1,,,*,,undefined_zero_denominator,,undefined_zero_denominator,wilmington-compstat-v2,validated
weekly-2026-09-20-r1,weekly_compstat,2026-09-14,2026-09-20,1,224441568f81ffe637b2bd2710d43d6899f14c5913e83b684efe2ba6fca9d029,25,district,district_19,District 19,shooting_incidents,Shooting Incidents,last_28_days,count,count,2026,,,0,,0,,not_applicable,,,wilmington-compstat-v2,validated
weekly-2026-09-20-r1,weekly_compstat,2026-09-14,2026-09-20,1,224441568f81ffe637b2bd2710d43d6899f14c5913e83b684efe2ba6fca9d029,25,district,district_19,District 19,shooting_incidents,Shooting Incidents,last_28_days,count,count,2025,,,0,,0,,not_applicable,,,wilmington-compstat-v2,validated
weekly-2026-09-20-r1,weekly_compstat,2026-09-14,2026-09-20,1,224441568f81ffe637b2bd2710d43d6899f14c5913e83b684efe2ba6fca9d029,25,district,district_19,District 19,shooting_incidents,Shooting Incidents,last_28_days,percent_change,percent,2026,2025,1,,,*,,undefined_zero_denominator,,undefined_zero_denominator,wilmington-compstat-v2,validated
weekly-2026-09-20-r1,weekly_compstat,2026-09-14,2026-09-20,1,224441568f81ffe637b2bd2710d43d6899f14c5913e83b684efe2ba6fca9d029,25,district,district_19,District 19,shooting_incidents,Shooting Incidents,year_to_date,count,count,2026,,,2,,2,,not_applicable,,,wilmington-compstat-v2,validated
weekly-2026-09-20-r1,weekly_compstat,2026-09-14,2026-09-20,1,224441568f81ffe637b2bd2710d43d6899f14c5913e83b684efe2ba6fca9d029,25,district,district_19,District 19,shooting_incidents,Shooting Incidents,year_to_date,count,count,2025,,,2,,2,,not_applicable,,,wilmington-compstat-v2,validated
weekly-2026-09-20-r1,weekly_compstat,2026-09-14,2026-09-20,1,224441568f81ffe637b2bd2710d43d6899f14c5913e83b684efe2ba6fca9d029,25,district,district_19,District 19,shooting_incidents,Shooting Incidents,year_to_date,percent_change,percent,2026,2025,1,0.0,0.0,0%,0.0,matched,,,wilmington-compstat-v2,validated
weekly-2026-09-20-r1,weekly_compstat,2026-09-14,2026-09-20,1,224441568f81ffe637b2bd2710d43d6899f14c5913e83b684efe2ba6fca9d029,25,district,district_19,District 19,shooting_incidents,Shooting Incidents,year_to_date,percent_change,percent,2026,2024,2,100.0,1.0,100%,,not_checkable,,,wilmington-compstat-v2,validated
weekly-2026-09-20-r1,weekly_compstat,2026-09-14,2026-09-20,1,224441568f81ffe637b2bd2710d43d6899f14c5913e83b684efe2ba6fca9d029,25,district,district_19,District 19,shooting_incidents,Shooting Incidents,year_to_date,percent_change,percent,2026,2023,3,-50.0,-0.5,-50%,,not_checkable,,,wilmington-compstat-v2,validated
weekly-2026-09-20-r1,weekly_compstat,2026-09-14,2026-09-20,1,224441568f81ffe637b2bd2710d43d6899f14c5913e83b684efe2ba6fca9d029,25,district,district_19,District 19,shooting_incidents,Shooting Incidents,year_to_date,percent_change,percent,2026,2022,4,,,*,,not_checkable,,undefined_zero_denominator,wilmington-compstat-v2,validated
weekly-2026-09-20-r1,weekly_compstat,2026-09-14,2026-09-20,1,224441568f81ffe637b2bd2710d43d6899f14c5913e83b684efe2ba6fca9d029,25,district,district_19,District 19,shooting_incidents,Shooting Incidents,year_to_date,percent_change,percent,2026,2021,5,,,*,,not_checkable,,undefined_zero_denominator,wilmington-compstat-v2,validated
weekly-2026-09-20-r1,weekly_compstat,2026-09-14,2026-09-20,1,224441568f81ffe637b2bd2710d43d6899f14c5913e83b684efe2ba6fca9d029,25,district,district_19,District 19,shooting_incidents,Shooting Incidents,year_to_date,percent_change,percent,2026,2020,6,0.0,0.0,0%,,not_checkable,,,wilmington-compstat-v2,validated
weekly-2026-09-20-r1,weekly_compstat,2026-09-14,2026-09-20,1,224441568f81ffe637b2bd2710d43d6899f14c5913e83b684efe2ba6fca9d029,25,district,district_19,District 19,shooting_victims,Shooting Victims,last_7_days,count,count,2026,,,0,,0,,not_applicable,,,wilmington-compstat-v2,validated
weekly-2026-09-20-r1,weekly_compstat,2026-09-14,2026-09-20,1,224441568f81ffe637b2bd2710d43d6899f14c5913e83b684efe2ba6fca9d029,25,district,district_19,District 19,shooting_victims,Shooting Victims,last_7_days,count,count,2025,,,0,,0,,not_applicable,,,wilmington-compstat-v2,validated
weekly-2026-09-20-r1,weekly_compstat,2026-09-14,2026-09-20,1,224441568f81ffe637b2bd2710d43d6899f14c5913e83b684efe2ba6fca9d029,25,district,district_19,District 19,shooting_victims,Shooting Victims,last_7_days,percent_change,percent,2026,2025,1,,,*,,undefined_zero_denominator,,undefined_zero_denominator,wilmington-compstat-v2,validated
weekly-2026-09-20-r1,weekly_compstat,2026-09-14,2026-09-20,1,224441568f81ffe637b2bd2710d43d6899f14c5913e83b684efe2ba6fca9d029,25,district,district_19,District 19,shooting_victims,Shooting Victims,last_28_days,count,count,2026,,,0,,0,,not_applicable,,,wilmington-compstat-v2,validated
weekly-2026-09-20-r1,weekly_compstat,2026-09-14,2026-09-20,1,224441568f81ffe637b2bd2710d43d6899f14c5913e83b684efe2ba6fca9d029,25,district,district_19,District 19,shooting_victims,Shooting Victims,last_28_days,count,count,2025,,,0,,0,,not_applicable,,,wilmington-compstat-v2,validated
weekly-2026-09-20-r1,weekly_compstat,2026-09-14,2026-09-20,1,224441568f81ffe637b2bd2710d43d6899f14c5913e83b684efe2ba6fca9d029,25,district,district_19,District 19,shooting_victims,Shooting Victims,last_28_days,percent_change,percent,2026,2025,1,,,*,,undefined_zero_denominator,,undefined_zero_denominator,wilmington-compstat-v2,validated
weekly-2026-09-20-r1,weekly_compstat,2026-09-14,2026-09-20,1,224441568f81ffe637b2bd2710d43d6899f14c5913e83b684efe2ba6fca9d029,25,district,district_19,District 19,shooting_victims,Shooting Victims,year_to_date,count,count,2026,,,3,,3,,not_applicable,,,wilmington-compstat-v2,validated
weekly-2026-09-20-r1,weekly_compstat,2026-09-14,2026-09-20,1,224441568f81ffe637b2bd2710d43d6899f14c5913e83b684efe2ba6fca9d029,25,district,district_19,District 19,shooting_victims,Shooting Victims,year_to_date,count,count,2025,,,2,,2,,not_applicable,,,wilmington-compstat-v2,validated
weekly-2026-09-20-r1,weekly_compstat,2026-09-14,2026-09-20,1,224441568f81ffe637b2bd2710d43d6899f14c5913e83b684efe2ba6fca9d029,25,district,district_19,District 19,shooting_victims,Shooting Victims,year_to_date,percent_change,percent,2026,2025,1,50.0,0.5,50%,50.0,matched,,,wilmington-compstat-v2,validated
weekly-2026-09-20-r1,weekly_compstat,2026-09-14,2026-09-20,1,224441568f81ffe637b2bd2710d43d6899f14c5913e83b684efe2ba6fca9d029,25,district,district_19,District 19,shooting_victims,Shooting Victims,year_to_date,percent_change,percent,2026,2024,2,200.0,2.0,200%,,not_checkable,,,wilmington-compstat-v2,validated
weekly-2026-09-20-r1,weekly_compstat,2026-09-14,2026-09-20,1,224441568f81ffe637b2bd2710d43d6899f14c5913e83b684efe2ba6fca9d029,25,district,district_19,District 19,shooting_victims,Shooting Victims,year_to_date,percent_change,percent,2026,2023,3,-25.0,-0.25,-25%,,not_checkable,,,wilmington-compstat-v2,validated
weekly-2026-09-20-r1,weekly_compstat,2026-09-14,2026-09-20,1,224441568f81ffe637b2bd2710d43d6899f14c5913e83b684efe2ba6fca9d029,25,district,district_19,District 19,shooting_victims,Shooting Victims,year_to_date,percent_change,percent,2026,2022,4,,,*,,not_checkable,,undefined_zero_denominator,wilmington-compstat-v2,validated
weekly-2026-09-20-r1,weekly_compstat,2026-09-14,2026-09-20,1,224441568f81ffe637b2bd2710d43d6899f14c5913e83b684efe2ba6fca9d029,25,district,district_19,District 19,shooting_victims,Shooting Victims,year_to_date,percent_change,percent,2026,2021,5,,,*,,not_checkable,,undefined_zero_denominator,wilmington-compstat-v2,validated
weekly-2026-09-20-r1,weekly_compstat,2026-09-14,2026-09-20,1,224441568f81ffe637b2bd2710d43d6899f14c5913e83b684efe2ba6fca9d029,25,district,district_19,District 19,shooting_victims,Shooting Victims,year_to_date,percent_change,percent,2026,2020,6,50.0,0.5,50%,,not_checkable,,,wilmington-compstat-v2,validated
weekly-2026-09-20-r1,weekly_compstat,2026-09-14,2026-09-20,1,224441568f81ffe637b2bd2710d43d6899f14c5913e83b684efe2ba6fca9d029,25,district,district_19,District 19,juvenile_shooting_incidents,*Juv Shooting Incidents,last_7_days,count,count,2026,,,0,,0,,not_applicable,,,wilmington-compstat-v2,validated
weekly-2026-09-20-r1,weekly_compstat,2026-09-14,2026-09-20,1,224441568f81ffe637b2bd2710d43d6899f14c5913e83b684efe2ba6fca9d029,25,district,district_19,District 19,juvenile_shooting_incidents,*Juv Shooting Incidents,last_7_days,count,count,2025,,,0,,0,,not_applicable,,,wilmington-compstat-v2,validated
weekly-2026-09-20-r1,weekly_compstat,2026-09-14,2026-09-20,1,224441568f81ffe637b2bd2710d43d6899f14c5913e83b684efe2ba6fca9d029,25,district,district_19,District 19,juvenile_shooting_incidents,*Juv Shooting Incidents,last_7_days,percent_change,percent,2026,2025,1,,,*,,undefined_zero_denominator,,undefined_zero_denominator,wilmington-compstat-v2,validated
weekly-2026-09-20-r1,weekly_compstat,2026-09-14,2026-09-20,1,224441568f81ffe637b2bd2710d43d6899f14c5913e83b684efe2ba6fca9d029,25,district,district_19,District 19,juvenile_shooting_incidents,*Juv Shooting Incidents,last_28_days,count,count,2026,,,0,,0,,not_applicable,,,wilmington-compstat-v2,validated
weekly-2026-09-20-r1,weekly_compstat,2026-09-14,2026-09-20,1,224441568f81ffe637b2bd2710d43d6899f14c5913e83b684efe2ba6fca9d029,25,district,district_19,District 19,juvenile_shooting_incidents,*Juv Shooting Incidents,last_28_days,count,count,2025,,,0,,0,,not_applicable,,,wilmington-compstat-v2,validated
weekly-2026-09-20-r1,weekly_compstat,2026-09-14,2026-09-20,1,224441568f81ffe637b2bd2710d43d6899f14c5913e83b684efe2ba6fca9d029,25,district,district_19,District 19,juvenile_shooting_incidents,*Juv Shooting Incidents,last_28_days,percent_change,percent,2026,2025,1,,,*,,undefined_zero_denominator,,undefined_zero_denominator,wilmington-compstat-v2,validated
weekly-2026-09-20-r1,weekly_compstat,2026-09-14,2026-09-20,1,224441568f81ffe637b2bd2710d43d6899f14c5913e83b684efe2ba6fca9d029,25,district,district_19,District 19,juvenile_shooting_incidents,*Juv Shooting Incidents,year_to_date,count,count,2026,,,1,,1,,not_applicable,,,wilmington-compstat-v2,validated
weekly-2026-09-20-r1,weekly_compstat,2026-09-14,2026-09-20,1,224441568f81ffe637b2bd2710d43d6899f14c5913e83b684efe2ba6fca9d029,25,district,district_19,District 19,juvenile_shooting_incidents,*Juv Shooting Incidents,year_to_date,count,count,2025,,,0,,0,,not_applicable,,,wilmington-compstat-v2,validated
weekly-2026-09-20-r1,weekly_compstat,2026-09-14,2026-09-20,1,224441568f81ffe637b2bd2710d43d6899f14c5913e83b684efe2ba6fca9d029,25,district,district_19,District 19,juvenile_shooting_incidents,*Juv Shooting Incidents,year_to_date,percent_change,percent,2026,2025,1,,,*,,undefined_zero_denominator,,undefined_zero_denominator,wilmington-compstat-v2,validated
weekly-2026-09-20-r1,weekly_compstat,2026-09-14,2026-09-20,1,224441568f81ffe637b2bd2710d43d6899f14c5913e83b684efe2ba6fca9d029,25,district,district_19,District 19,juvenile_shooting_incidents,*Juv Shooting Incidents,year_to_date,percent_change,percent,2026,2024,2,,,*,,not_checkable,,undefined_zero_denominator,wilmington-compstat-v2,validated
weekly-2026-09-20-r1,weekly_compstat,2026-09-14,2026-09-20,1,224441568f81ffe637b2bd2710d43d6899f14c5913e83b684efe2ba6fca9d029,25,district,district_19,District 19,juvenile_shooting_incidents,*Juv Shooting Incidents,year_to_date,percent_change,percent,2026,2023,3,,,*,,not_checkable,,undefined_zero_denominator,wilmington-compstat-v2,validated
weekly-2026-09-20-r1,weekly_compstat,2026-09-14,2026-09-20,1,224441568f81ffe637b2bd2710d43d6899f14c5913e83b684efe2ba6fca9d029,25,district,district_19,District 19,juvenile_shooting_incidents,*Juv Shooting Incidents,year_to_date,percent_change,percent,2026,2022,4,,,*,,not_checkable,,undefined_zero_denominator,wilmington-compstat-v2,validated
weekly-2026-09-20-r1,weekly_compstat,2026-09-14,2026-09-20,1,224441568f81ffe637b2bd2710d43d6899f14c5913e83b684efe2ba6fca9d029,25,district,district_19,District 19,juvenile_shooting_incidents,*Juv Shooting Incidents,year_to_date,percent_change,percent,2026,2021,5,,,*,,not_checkable,,undefined_zero_denominator,wilmington-compstat-v2,validated
weekly-2026-09-20-r1,weekly_compstat,2026-09-14,2026-09-20,1,224441568f81ffe637b2bd2710d43d6899f14c5913e83b684efe2ba6fca9d029,25,district,district_19,District 19,juvenile_shooting_incidents,*Juv Shooting Incidents,year_to_date,percent_change,percent,2026,2020,6,0.0,0.0,0%,,not_checkable,,,wilmington-compstat-v2,validated
weekly-2026-09-20-r1,weekly_compstat,2026-09-14,2026-09-20,1,224441568f81ffe637b2bd2710d43d6899f14c5913e83b684efe2ba6fca9d029,25,district,district_19,District 19,juvenile_shooting_victims,*Juv Shooting Victims,last_7_days,count,count,2026,,,0,,0,,not_applicable,,,wilmington-compstat-v2,validated
weekly-2026-09-20-r1,weekly_compstat,2026-09-14,2026-09-20,1,224441568f81ffe637b2bd2710d43d6899f14c5913e83b684efe2ba6fca9d029,25,district,district_19,District 19,juvenile_shooting_victims,*Juv Shooting Victims,last_7_days,count,count,2025,,,0,,0,,not_applicable,,,wilmington-compstat-v2,validated
weekly-2026-09-20-r1,weekly_compstat,2026-09-14,2026-09-20,1,224441568f81ffe637b2bd2710d43d6899f14c5913e83b684efe2ba6fca9d029,25,district,district_19,District 19,juvenile_shooting_victims,*Juv Shooting Victims,last_7_days,percent_change,percent,2026,2025,1,,,*,,undefined_zero_denominator,,undefined_zero_denominator,wilmington-compstat-v2,validated
weekly-2026-09-20-r1,weekly_compstat,2026-09-14,2026-09-20,1,224441568f81ffe637b2bd2710d43d6899f14c5913e83b684efe2ba6fca9d029,25,district,district_19,District 19,juvenile_shooting_victims,*Juv Shooting Victims,last_28_days,count,count,2026,,,0,,0,,not_applicable,,,wilmington-compstat-v2,validated
weekly-2026-09-20-r1,weekly_compstat,2026-09-14,2026-09-20,1,224441568f81ffe637b2bd2710d43d6899f14c5913e83b684efe2ba6fca9d029,25,district,district_19,District 19,juvenile_shooting_victims,*Juv Shooting Victims,last_28_days,count,count,2025,,,0,,0,,not_applicable,,,wilmington-compstat-v2,validated
weekly-2026-09-20-r1,weekly_compstat,2026-09-14,2026-09-20,1,224441568f81ffe637b2bd2710d43d6899f14c5913e83b684efe2ba6fca9d029,25,district,district_19,District 19,juvenile_shooting_victims,*Juv Shooting Victims,last_28_days,percent_change,percent,2026,2025,1,,,*,,undefined_zero_denominator,,undefined_zero_denominator,wilmington-compstat-v2,validated
weekly-2026-09-20-r1,weekly_compstat,2026-09-14,2026-09-20,1,224441568f81ffe637b2bd2710d43d6899f14c5913e83b684efe2ba6fca9d029,25,district,district_19,District 19,juvenile_shooting_victims,*Juv Shooting Victims,year_to_date,count,count,2026,,,1,,1,,not_applicable,,,wilmington-compstat-v2,validated
weekly-2026-09-20-r1,weekly_compstat,2026-09-14,2026-09-20,1,224441568f81ffe637b2bd2710d43d6899f14c5913e83b684efe2ba6fca9d029,25,district,district_19,District 19,juvenile_shooting_victims,*Juv Shooting Victims,year_to_date,count,count,2025,,,0,,0,,not_applicable,,,wilmington-compstat-v2,validated
weekly-2026-09-20-r1,weekly_compstat,2026-09-14,2026-09-20,1,224441568f81ffe637b2bd2710d43d6899f14c5913e83b684efe2ba6fca9d029,25,district,district_19,District 19,juvenile_shooting_victims,*Juv Shooting Victims,year_to_date,percent_change,percent,2026,2025,1,,,*,,undefined_zero_denominator,,undefined_zero_denominator,wilmington-compstat-v2,validated
weekly-2026-09-20-r1,weekly_compstat,2026-09-14,2026-09-20,1,224441568f81ffe637b2bd2710d43d6899f14c5913e83b684efe2ba6fca9d029,25,district,district_19,District 19,juvenile_shooting_victims,*Juv Shooting Victims,year_to_date,percent_change,percent,2026,2024,2,,,*,,not_checkable,,undefined_zero_denominator,wilmington-compstat-v2,validated
weekly-2026-09-20-r1,weekly_compstat,2026-09-14,2026-09-20,1,224441568f81ffe637b2bd2710d43d6899f14c5913e83b684efe2ba6fca9d029,25,district,district_19,District 19,juvenile_shooting_victims,*Juv Shooting Victims,year_to_date,percent_change,percent,2026,2023,3,,,*,,not_checkable,,undefined_zero_denominator,wilmington-compstat-v2,validated
weekly-2026-09-20-r1,weekly_compstat,2026-09-14,2026-09-20,1,224441568f81ffe637b2bd2710d43d6899f14c5913e83b684efe2ba6fca9d029,25,district,district_19,District 19,juvenile_shooting_victims,*Juv Shooting Victims,year_to_date,percent_change,percent,2026,2022,4,,,*,,not_checkable,,undefined_zero_denominator,wilmington-compstat-v2,validated
weekly-2026-09-20-r1,weekly_compstat,2026-09-14,2026-09-20,1,224441568f81ffe637b2bd2710d43d6899f14c5913e83b684efe2ba6fca9d029,25,district,district_19,District 19,juvenile_shooting_victims,*Juv Shooting Victims,year_to_date,percent_change,percent,2026,2021,5,,,*,,not_checkable,,undefined_zero_denominator,wilmington-compstat-v2,validated
weekly-2026-09-20-r1,weekly_compstat,2026-09-14,2026-09-20,1,224441568f81ffe637b2bd2710d43d6899f14c5913e83b684efe2ba6fca9d029,25,district,district_19,District 19,juvenile_shooting_victims,*Juv Shooting Victims,year_to_date,percent_change,percent,2026,2020,6,0.0,0.0,0%,,not_checkable,,,wilmington-compstat-v2,validated
weekly-2026-09-20-r1,weekly_compstat,2026-09-14,2026-09-20,1,224441568f81ffe637b2bd2710d43d6899f14c5913e83b684efe2ba6fca9d029,25,district,district_19,District 19,misdemeanor_theft,Theft (Misdemeanor),last_7_days,count,count,2026,,,4,,4,,not_applicable,,,wilmington-compstat-v2,validated
weekly-2026-09-20-r1,weekly_compstat,2026-09-14,2026-09-20,1,224441568f81ffe637b2bd2710d43d6899f14c5913e83b684efe2ba6fca9d029,25,district,district_19,District 19,misdemeanor_theft,Theft (Misdemeanor),last_7_days,count,count,2025,,,3,,3,,not_applicable,,,wilmington-compstat-v2,validated
weekly-2026-09-20-r1,weekly_compstat,2026-09-14,2026-09-20,1,224441568f81ffe637b2bd2710d43d6899f14c5913e83b684efe2ba6fca9d029,25,district,district_19,District 19,misdemeanor_theft,Theft (Misdemeanor),last_7_days,percent_change,percent,2026,2025,1,33.0,0.33,33%,33.333333,matched,,,wilmington-compstat-v2,validated
weekly-2026-09-20-r1,weekly_compstat,2026-09-14,2026-09-20,1,224441568f81ffe637b2bd2710d43d6899f14c5913e83b684efe2ba6fca9d029,25,district,district_19,District 19,misdemeanor_theft,Theft (Misdemeanor),last_28_days,count,count,2026,,,6,,6,,not_applicable,,,wilmington-compstat-v2,validated
weekly-2026-09-20-r1,weekly_compstat,2026-09-14,2026-09-20,1,224441568f81ffe637b2bd2710d43d6899f14c5913e83b684efe2ba6fca9d029,25,district,district_19,District 19,misdemeanor_theft,Theft (Misdemeanor),last_28_days,count,count,2025,,,14,,14,,not_applicable,,,wilmington-compstat-v2,validated
weekly-2026-09-20-r1,weekly_compstat,2026-09-14,2026-09-20,1,224441568f81ffe637b2bd2710d43d6899f14c5913e83b684efe2ba6fca9d029,25,district,district_19,District 19,misdemeanor_theft,Theft (Misdemeanor),last_28_days,percent_change,percent,2026,2025,1,-57.0,-0.57,-57%,-57.142857,matched,,,wilmington-compstat-v2,validated
weekly-2026-09-20-r1,weekly_compstat,2026-09-14,2026-09-20,1,224441568f81ffe637b2bd2710d43d6899f14c5913e83b684efe2ba6fca9d029,25,district,district_19,District 19,misdemeanor_theft,Theft (Misdemeanor),year_to_date,count,count,2026,,,56,,56,,not_applicable,,,wilmington-compstat-v2,validated
weekly-2026-09-20-r1,weekly_compstat,2026-09-14,2026-09-20,1,224441568f81ffe637b2bd2710d43d6899f14c5913e83b684efe2ba6fca9d029,25,district,district_19,District 19,misdemeanor_theft,Theft (Misdemeanor),year_to_date,count,count,2025,,,82,,82,,not_applicable,,,wilmington-compstat-v2,validated
weekly-2026-09-20-r1,weekly_compstat,2026-09-14,2026-09-20,1,224441568f81ffe637b2bd2710d43d6899f14c5913e83b684efe2ba6fca9d029,25,district,district_19,District 19,misdemeanor_theft,Theft (Misdemeanor),year_to_date,percent_change,percent,2026,2025,1,-32.0,-0.32,-32%,-31.707317,matched,,,wilmington-compstat-v2,validated
weekly-2026-09-20-r1,weekly_compstat,2026-09-14,2026-09-20,1,224441568f81ffe637b2bd2710d43d6899f14c5913e83b684efe2ba6fca9d029,25,district,district_19,District 19,misdemeanor_theft,Theft (Misdemeanor),year_to_date,percent_change,percent,2026,2024,2,-24.0,-0.24,-24%,,not_checkable,,,wilmington-compstat-v2,validated
weekly-2026-09-20-r1,weekly_compstat,2026-09-14,2026-09-20,1,224441568f81ffe637b2bd2710d43d6899f14c5913e83b684efe2ba6fca9d029,25,district,district_19,District 19,misdemeanor_theft,Theft (Misdemeanor),year_to_date,percent_change,percent,2026,2023,3,-38.0,-0.38,-38%,,not_checkable,,,wilmington-compstat-v2,validated
weekly-2026-09-20-r1,weekly_compstat,2026-09-14,2026-09-20,1,224441568f81ffe637b2bd2710d43d6899f14c5913e83b684efe2ba6fca9d029,25,district,district_19,District 19,misdemeanor_theft,Theft (Misdemeanor),year_to_date,percent_change,percent,2026,2022,4,-25.0,-0.25,-25%,,not_checkable,,,wilmington-compstat-v2,validated
weekly-2026-09-20-r1,weekly_compstat,2026-09-14,2026-09-20,1,224441568f81ffe637b2bd2710d43d6899f14c5913e83b684efe2ba6fca9d029,25,district,district_19,District 19,misdemeanor_theft,Theft (Misdemeanor),year_to_date,percent_change,percent,2026,2021,5,-33.0,-0.33,-33%,,not_checkable,,,wilmington-compstat-v2,validated
weekly-2026-09-20-r1,weekly_compstat,2026-09-14,2026-09-20,1,224441568f81ffe637b2bd2710d43d6899f14c5913e83b684efe2ba6fca9d029,25,district,district_19,District 19,misdemeanor_theft,Theft (Misdemeanor),year_to_date,percent_change,percent,2026,2020,6,-25.0,-0.25,-25%,,not_checkable,,,wilmington-compstat-v2,validated
