report_id,report_type,report_end,report_revision,tally_year,snapshot_status,source_sha256,source_page,geography_type,geography_code,geography_label,offense_code,offense_label,last_7_days_count,last_28_days_count,year_to_date_count,validation_status
year-end-compstat-2025-r1,year_end_compstat,2025-12-31,1,2025,year_end_final,3c3b151aad3d007f2279cf5735d63f591623eff526770c425b726af0d950cfb2,1,citywide,citywide,Citywide,aggravated_assault,Agg. Assault,2,12,363,validated
year-end-compstat-2025-r1,year_end_compstat,2025-12-31,1,2025,year_end_final,3c3b151aad3d007f2279cf5735d63f591623eff526770c425b726af0d950cfb2,1,citywide,citywide,Citywide,auto_theft,Auto Theft,4,34,412,validated
year-end-compstat-2025-r1,year_end_compstat,2025-12-31,1,2025,year_end_final,3c3b151aad3d007f2279cf5735d63f591623eff526770c425b726af0d950cfb2,1,citywide,citywide,Citywide,burglary,Burglary,2,20,353,validated
year-end-compstat-2025-r1,year_end_compstat,2025-12-31,1,2025,year_end_final,3c3b151aad3d007f2279cf5735d63f591623eff526770c425b726af0d950cfb2,1,citywide,citywide,Citywide,felony_theft,Felony Theft,2,10,237,validated
year-end-compstat-2025-r1,year_end_compstat,2025-12-31,1,2025,year_end_final,3c3b151aad3d007f2279cf5735d63f591623eff526770c425b726af0d950cfb2,1,citywide,citywide,Citywide,juvenile_shooting_incidents,*Juv Shooting Incidents,0,0,9,validated
year-end-compstat-2025-r1,year_end_compstat,2025-12-31,1,2025,year_end_final,3c3b151aad3d007f2279cf5735d63f591623eff526770c425b726af0d950cfb2,1,citywide,citywide,Citywide,juvenile_shooting_victims,*Juv Shooting Victims,0,0,10,validated
year-end-compstat-2025-r1,year_end_compstat,2025-12-31,1,2025,year_end_final,3c3b151aad3d007f2279cf5735d63f591623eff526770c425b726af0d950cfb2,1,citywide,citywide,Citywide,major_crime_total,TOTAL,13,90,1566,validated
year-end-compstat-2025-r1,year_end_compstat,2025-12-31,1,2025,year_end_final,3c3b151aad3d007f2279cf5735d63f591623eff526770c425b726af0d950cfb2,1,citywide,citywide,Citywide,misdemeanor_theft,Theft (Misdemeanor),8,56,950,validated
year-end-compstat-2025-r1,year_end_compstat,2025-12-31,1,2025,year_end_final,3c3b151aad3d007f2279cf5735d63f591623eff526770c425b726af0d950cfb2,1,citywide,citywide,Citywide,murder,Murder,1,2,20,validated
year-end-compstat-2025-r1,year_end_compstat,2025-12-31,1,2025,year_end_final,3c3b151aad3d007f2279cf5735d63f591623eff526770c425b726af0d950cfb2,1,citywide,citywide,Citywide,rape,Rape,0,0,1,validated
year-end-compstat-2025-r1,year_end_compstat,2025-12-31,1,2025,year_end_final,3c3b151aad3d007f2279cf5735d63f591623eff526770c425b726af0d950cfb2,1,citywide,citywide,Citywide,robbery,Robbery,2,12,180,validated
year-end-compstat-2025-r1,year_end_compstat,2025-12-31,1,2025,year_end_final,3c3b151aad3d007f2279cf5735d63f591623eff526770c425b726af0d950cfb2,1,citywide,citywide,Citywide,shooting_incidents,Shooting Incidents,1,1,64,validated
year-end-compstat-2025-r1,year_end_compstat,2025-12-31,1,2025,year_end_final,3c3b151aad3d007f2279cf5735d63f591623eff526770c425b726af0d950cfb2,1,citywide,citywide,Citywide,shooting_victims,Shooting Victims,1,1,84,validated
year-end-compstat-2025-r1,year_end_compstat,2025-12-31,1,2025,year_end_final,3c3b151aad3d007f2279cf5735d63f591623eff526770c425b726af0d950cfb2,13,district,district_10,District 10,aggravated_assault,Agg. Assault,0,0,8,validated
year-end-compstat-2025-r1,year_end_compstat,2025-12-31,1,2025,year_end_final,3c3b151aad3d007f2279cf5735d63f591623eff526770c425b726af0d950cfb2,13,district,district_10,District 10,auto_theft,Auto Theft,0,0,18,validated
year-end-compstat-2025-r1,year_end_compstat,2025-12-31,1,2025,year_end_final,3c3b151aad3d007f2279cf5735d63f591623eff526770c425b726af0d950cfb2,13,district,district_10,District 10,burglary,Burglary,0,1,11,validated
year-end-compstat-2025-r1,year_end_compstat,2025-12-31,1,2025,year_end_final,3c3b151aad3d007f2279cf5735d63f591623eff526770c425b726af0d950cfb2,13,district,district_10,District 10,felony_theft,Felony Theft,1,1,13,validated
year-end-compstat-2025-r1,year_end_compstat,2025-12-31,1,2025,year_end_final,3c3b151aad3d007f2279cf5735d63f591623eff526770c425b726af0d950cfb2,13,district,district_10,District 10,juvenile_shooting_incidents,*Juv Shooting Incidents,0,0,0,validated
year-end-compstat-2025-r1,year_end_compstat,2025-12-31,1,2025,year_end_final,3c3b151aad3d007f2279cf5735d63f591623eff526770c425b726af0d950cfb2,13,district,district_10,District 10,juvenile_shooting_victims,*Juv Shooting Victims,0,0,0,validated
year-end-compstat-2025-r1,year_end_compstat,2025-12-31,1,2025,year_end_final,3c3b151aad3d007f2279cf5735d63f591623eff526770c425b726af0d950cfb2,13,district,district_10,District 10,major_crime_total,TOTAL,1,2,66,validated
year-end-compstat-2025-r1,year_end_compstat,2025-12-31,1,2025,year_end_final,3c3b151aad3d007f2279cf5735d63f591623eff526770c425b726af0d950cfb2,13,district,district_10,District 10,misdemeanor_theft,Theft (Misdemeanor),1,4,48,validated
year-end-compstat-2025-r1,year_end_compstat,2025-12-31,1,2025,year_end_final,3c3b151aad3d007f2279cf5735d63f591623eff526770c425b726af0d950cfb2,13,district,district_10,District 10,murder,Murder,0,0,2,validated
year-end-compstat-2025-r1,year_end_compstat,2025-12-31,1,2025,year_end_final,3c3b151aad3d007f2279cf5735d63f591623eff526770c425b726af0d950cfb2,13,district,district_10,District 10,rape,Rape,0,0,0,validated
year-end-compstat-2025-r1,year_end_compstat,2025-12-31,1,2025,year_end_final,3c3b151aad3d007f2279cf5735d63f591623eff526770c425b726af0d950cfb2,13,district,district_10,District 10,robbery,Robbery,0,0,14,validated
year-end-compstat-2025-r1,year_end_compstat,2025-12-31,1,2025,year_end_final,3c3b151aad3d007f2279cf5735d63f591623eff526770c425b726af0d950cfb2,13,district,district_10,District 10,shooting_incidents,Shooting Incidents,0,0,3,validated
year-end-compstat-2025-r1,year_end_compstat,2025-12-31,1,2025,year_end_final,3c3b151aad3d007f2279cf5735d63f591623eff526770c425b726af0d950cfb2,13,district,district_10,District 10,shooting_victims,Shooting Victims,0,0,3,validated
year-end-compstat-2025-r1,year_end_compstat,2025-12-31,1,2025,year_end_final,3c3b151aad3d007f2279cf5735d63f591623eff526770c425b726af0d950cfb2,15,district,district_11,District 11,aggravated_assault,Agg. Assault,1,2,63,validated
year-end-compstat-2025-r1,year_end_compstat,2025-12-31,1,2025,year_end_final,3c3b151aad3d007f2279cf5735d63f591623eff526770c425b726af0d950cfb2,15,district,district_11,District 11,auto_theft,Auto Theft,0,4,37,validated
year-end-compstat-2025-r1,year_end_compstat,2025-12-31,1,2025,year_end_final,3c3b151aad3d007f2279cf5735d63f591623eff526770c425b726af0d950cfb2,15,district,district_11,District 11,burglary,Burglary,1,7,64,validated
year-end-compstat-2025-r1,year_end_compstat,2025-12-31,1,2025,year_end_final,3c3b151aad3d007f2279cf5735d63f591623eff526770c425b726af0d950cfb2,15,district,district_11,District 11,felony_theft,Felony Theft,1,2,37,validated
year-end-compstat-2025-r1,year_end_compstat,2025-12-31,1,2025,year_end_final,3c3b151aad3d007f2279cf5735d63f591623eff526770c425b726af0d950cfb2,15,district,district_11,District 11,juvenile_shooting_incidents,*Juv Shooting Incidents,0,0,1,validated
year-end-compstat-2025-r1,year_end_compstat,2025-12-31,1,2025,year_end_final,3c3b151aad3d007f2279cf5735d63f591623eff526770c425b726af0d950cfb2,15,district,district_11,District 11,juvenile_shooting_victims,*Juv Shooting Victims,0,0,2,validated
year-end-compstat-2025-r1,year_end_compstat,2025-12-31,1,2025,year_end_final,3c3b151aad3d007f2279cf5735d63f591623eff526770c425b726af0d950cfb2,15,district,district_11,District 11,major_crime_total,TOTAL,3,16,231,validated
year-end-compstat-2025-r1,year_end_compstat,2025-12-31,1,2025,year_end_final,3c3b151aad3d007f2279cf5735d63f591623eff526770c425b726af0d950cfb2,15,district,district_11,District 11,misdemeanor_theft,Theft (Misdemeanor),0,5,126,validated
year-end-compstat-2025-r1,year_end_compstat,2025-12-31,1,2025,year_end_final,3c3b151aad3d007f2279cf5735d63f591623eff526770c425b726af0d950cfb2,15,district,district_11,District 11,murder,Murder,0,0,2,validated
year-end-compstat-2025-r1,year_end_compstat,2025-12-31,1,2025,year_end_final,3c3b151aad3d007f2279cf5735d63f591623eff526770c425b726af0d950cfb2,15,district,district_11,District 11,rape,Rape,0,0,0,validated
year-end-compstat-2025-r1,year_end_compstat,2025-12-31,1,2025,year_end_final,3c3b151aad3d007f2279cf5735d63f591623eff526770c425b726af0d950cfb2,15,district,district_11,District 11,robbery,Robbery,0,1,28,validated
year-end-compstat-2025-r1,year_end_compstat,2025-12-31,1,2025,year_end_final,3c3b151aad3d007f2279cf5735d63f591623eff526770c425b726af0d950cfb2,15,district,district_11,District 11,shooting_incidents,Shooting Incidents,0,0,8,validated
year-end-compstat-2025-r1,year_end_compstat,2025-12-31,1,2025,year_end_final,3c3b151aad3d007f2279cf5735d63f591623eff526770c425b726af0d950cfb2,15,district,district_11,District 11,shooting_victims,Shooting Victims,0,0,15,validated
year-end-compstat-2025-r1,year_end_compstat,2025-12-31,1,2025,year_end_final,3c3b151aad3d007f2279cf5735d63f591623eff526770c425b726af0d950cfb2,5,district,district_12,District 12,aggravated_assault,Agg. Assault,0,0,6,validated
year-end-compstat-2025-r1,year_end_compstat,2025-12-31,1,2025,year_end_final,3c3b151aad3d007f2279cf5735d63f591623eff526770c425b726af0d950cfb2,5,district,district_12,District 12,auto_theft,Auto Theft,0,0,10,validated
year-end-compstat-2025-r1,year_end_compstat,2025-12-31,1,2025,year_end_final,3c3b151aad3d007f2279cf5735d63f591623eff526770c425b726af0d950cfb2,5,district,district_12,District 12,burglary,Burglary,0,1,11,validated
year-end-compstat-2025-r1,year_end_compstat,2025-12-31,1,2025,year_end_final,3c3b151aad3d007f2279cf5735d63f591623eff526770c425b726af0d950cfb2,5,district,district_12,District 12,felony_theft,Felony Theft,0,0,4,validated
year-end-compstat-2025-r1,year_end_compstat,2025-12-31,1,2025,year_end_final,3c3b151aad3d007f2279cf5735d63f591623eff526770c425b726af0d950cfb2,5,district,district_12,District 12,juvenile_shooting_incidents,*Juv Shooting Incidents,0,0,0,validated
year-end-compstat-2025-r1,year_end_compstat,2025-12-31,1,2025,year_end_final,3c3b151aad3d007f2279cf5735d63f591623eff526770c425b726af0d950cfb2,5,district,district_12,District 12,juvenile_shooting_victims,*Juv Shooting Victims,0,0,0,validated
year-end-compstat-2025-r1,year_end_compstat,2025-12-31,1,2025,year_end_final,3c3b151aad3d007f2279cf5735d63f591623eff526770c425b726af0d950cfb2,5,district,district_12,District 12,major_crime_total,TOTAL,0,1,34,validated
year-end-compstat-2025-r1,year_end_compstat,2025-12-31,1,2025,year_end_final,3c3b151aad3d007f2279cf5735d63f591623eff526770c425b726af0d950cfb2,5,district,district_12,District 12,misdemeanor_theft,Theft (Misdemeanor),1,3,24,validated
year-end-compstat-2025-r1,year_end_compstat,2025-12-31,1,2025,year_end_final,3c3b151aad3d007f2279cf5735d63f591623eff526770c425b726af0d950cfb2,5,district,district_12,District 12,murder,Murder,0,0,1,validated
year-end-compstat-2025-r1,year_end_compstat,2025-12-31,1,2025,year_end_final,3c3b151aad3d007f2279cf5735d63f591623eff526770c425b726af0d950cfb2,5,district,district_12,District 12,rape,Rape,0,0,0,validated
year-end-compstat-2025-r1,year_end_compstat,2025-12-31,1,2025,year_end_final,3c3b151aad3d007f2279cf5735d63f591623eff526770c425b726af0d950cfb2,5,district,district_12,District 12,robbery,Robbery,0,0,2,validated
year-end-compstat-2025-r1,year_end_compstat,2025-12-31,1,2025,year_end_final,3c3b151aad3d007f2279cf5735d63f591623eff526770c425b726af0d950cfb2,5,district,district_12,District 12,shooting_incidents,Shooting Incidents,0,0,1,validated
year-end-compstat-2025-r1,year_end_compstat,2025-12-31,1,2025,year_end_final,3c3b151aad3d007f2279cf5735d63f591623eff526770c425b726af0d950cfb2,5,district,district_12,District 12,shooting_victims,Shooting Victims,0,0,2,validated
year-end-compstat-2025-r1,year_end_compstat,2025-12-31,1,2025,year_end_final,3c3b151aad3d007f2279cf5735d63f591623eff526770c425b726af0d950cfb2,7,district,district_13,District 13,aggravated_assault,Agg. Assault,0,3,42,validated
year-end-compstat-2025-r1,year_end_compstat,2025-12-31,1,2025,year_end_final,3c3b151aad3d007f2279cf5735d63f591623eff526770c425b726af0d950cfb2,7,district,district_13,District 13,auto_theft,Auto Theft,0,1,38,validated
year-end-compstat-2025-r1,year_end_compstat,2025-12-31,1,2025,year_end_final,3c3b151aad3d007f2279cf5735d63f591623eff526770c425b726af0d950cfb2,7,district,district_13,District 13,burglary,Burglary,0,0,34,validated
year-end-compstat-2025-r1,year_end_compstat,2025-12-31,1,2025,year_end_final,3c3b151aad3d007f2279cf5735d63f591623eff526770c425b726af0d950cfb2,7,district,district_13,District 13,felony_theft,Felony Theft,0,1,18,validated
year-end-compstat-2025-r1,year_end_compstat,2025-12-31,1,2025,year_end_final,3c3b151aad3d007f2279cf5735d63f591623eff526770c425b726af0d950cfb2,7,district,district_13,District 13,juvenile_shooting_incidents,*Juv Shooting Incidents,0,0,1,validated
year-end-compstat-2025-r1,year_end_compstat,2025-12-31,1,2025,year_end_final,3c3b151aad3d007f2279cf5735d63f591623eff526770c425b726af0d950cfb2,7,district,district_13,District 13,juvenile_shooting_victims,*Juv Shooting Victims,0,0,1,validated
year-end-compstat-2025-r1,year_end_compstat,2025-12-31,1,2025,year_end_final,3c3b151aad3d007f2279cf5735d63f591623eff526770c425b726af0d950cfb2,7,district,district_13,District 13,major_crime_total,TOTAL,0,5,147,validated
year-end-compstat-2025-r1,year_end_compstat,2025-12-31,1,2025,year_end_final,3c3b151aad3d007f2279cf5735d63f591623eff526770c425b726af0d950cfb2,7,district,district_13,District 13,misdemeanor_theft,Theft (Misdemeanor),0,0,67,validated
year-end-compstat-2025-r1,year_end_compstat,2025-12-31,1,2025,year_end_final,3c3b151aad3d007f2279cf5735d63f591623eff526770c425b726af0d950cfb2,7,district,district_13,District 13,murder,Murder,0,0,2,validated
year-end-compstat-2025-r1,year_end_compstat,2025-12-31,1,2025,year_end_final,3c3b151aad3d007f2279cf5735d63f591623eff526770c425b726af0d950cfb2,7,district,district_13,District 13,rape,Rape,0,0,0,validated
year-end-compstat-2025-r1,year_end_compstat,2025-12-31,1,2025,year_end_final,3c3b151aad3d007f2279cf5735d63f591623eff526770c425b726af0d950cfb2,7,district,district_13,District 13,robbery,Robbery,0,0,13,validated
year-end-compstat-2025-r1,year_end_compstat,2025-12-31,1,2025,year_end_final,3c3b151aad3d007f2279cf5735d63f591623eff526770c425b726af0d950cfb2,7,district,district_13,District 13,shooting_incidents,Shooting Incidents,0,0,11,validated
year-end-compstat-2025-r1,year_end_compstat,2025-12-31,1,2025,year_end_final,3c3b151aad3d007f2279cf5735d63f591623eff526770c425b726af0d950cfb2,7,district,district_13,District 13,shooting_victims,Shooting Victims,0,0,14,validated
year-end-compstat-2025-r1,year_end_compstat,2025-12-31,1,2025,year_end_final,3c3b151aad3d007f2279cf5735d63f591623eff526770c425b726af0d950cfb2,9,district,district_14,District 14,aggravated_assault,Agg. Assault,0,0,47,validated
year-end-compstat-2025-r1,year_end_compstat,2025-12-31,1,2025,year_end_final,3c3b151aad3d007f2279cf5735d63f591623eff526770c425b726af0d950cfb2,9,district,district_14,District 14,auto_theft,Auto Theft,1,6,99,validated
year-end-compstat-2025-r1,year_end_compstat,2025-12-31,1,2025,year_end_final,3c3b151aad3d007f2279cf5735d63f591623eff526770c425b726af0d950cfb2,9,district,district_14,District 14,burglary,Burglary,0,1,61,validated
year-end-compstat-2025-r1,year_end_compstat,2025-12-31,1,2025,year_end_final,3c3b151aad3d007f2279cf5735d63f591623eff526770c425b726af0d950cfb2,9,district,district_14,District 14,felony_theft,Felony Theft,0,1,38,validated
year-end-compstat-2025-r1,year_end_compstat,2025-12-31,1,2025,year_end_final,3c3b151aad3d007f2279cf5735d63f591623eff526770c425b726af0d950cfb2,9,district,district_14,District 14,juvenile_shooting_incidents,*Juv Shooting Incidents,0,0,1,validated
year-end-compstat-2025-r1,year_end_compstat,2025-12-31,1,2025,year_end_final,3c3b151aad3d007f2279cf5735d63f591623eff526770c425b726af0d950cfb2,9,district,district_14,District 14,juvenile_shooting_victims,*Juv Shooting Victims,0,0,1,validated
year-end-compstat-2025-r1,year_end_compstat,2025-12-31,1,2025,year_end_final,3c3b151aad3d007f2279cf5735d63f591623eff526770c425b726af0d950cfb2,9,district,district_14,District 14,major_crime_total,TOTAL,1,10,265,validated
year-end-compstat-2025-r1,year_end_compstat,2025-12-31,1,2025,year_end_final,3c3b151aad3d007f2279cf5735d63f591623eff526770c425b726af0d950cfb2,9,district,district_14,District 14,misdemeanor_theft,Theft (Misdemeanor),0,12,132,validated
year-end-compstat-2025-r1,year_end_compstat,2025-12-31,1,2025,year_end_final,3c3b151aad3d007f2279cf5735d63f591623eff526770c425b726af0d950cfb2,9,district,district_14,District 14,murder,Murder,0,0,4,validated
year-end-compstat-2025-r1,year_end_compstat,2025-12-31,1,2025,year_end_final,3c3b151aad3d007f2279cf5735d63f591623eff526770c425b726af0d950cfb2,9,district,district_14,District 14,rape,Rape,0,0,1,validated
year-end-compstat-2025-r1,year_end_compstat,2025-12-31,1,2025,year_end_final,3c3b151aad3d007f2279cf5735d63f591623eff526770c425b726af0d950cfb2,9,district,district_14,District 14,robbery,Robbery,0,2,15,validated
year-end-compstat-2025-r1,year_end_compstat,2025-12-31,1,2025,year_end_final,3c3b151aad3d007f2279cf5735d63f591623eff526770c425b726af0d950cfb2,9,district,district_14,District 14,shooting_incidents,Shooting Incidents,0,0,10,validated
year-end-compstat-2025-r1,year_end_compstat,2025-12-31,1,2025,year_end_final,3c3b151aad3d007f2279cf5735d63f591623eff526770c425b726af0d950cfb2,9,district,district_14,District 14,shooting_victims,Shooting Victims,0,0,11,validated
year-end-compstat-2025-r1,year_end_compstat,2025-12-31,1,2025,year_end_final,3c3b151aad3d007f2279cf5735d63f591623eff526770c425b726af0d950cfb2,17,district,district_16,District 16,aggravated_assault,Agg. Assault,1,2,64,validated
year-end-compstat-2025-r1,year_end_compstat,2025-12-31,1,2025,year_end_final,3c3b151aad3d007f2279cf5735d63f591623eff526770c425b726af0d950cfb2,17,district,district_16,District 16,auto_theft,Auto Theft,0,4,37,validated
year-end-compstat-2025-r1,year_end_compstat,2025-12-31,1,2025,year_end_final,3c3b151aad3d007f2279cf5735d63f591623eff526770c425b726af0d950cfb2,17,district,district_16,District 16,burglary,Burglary,1,3,47,validated
year-end-compstat-2025-r1,year_end_compstat,2025-12-31,1,2025,year_end_final,3c3b151aad3d007f2279cf5735d63f591623eff526770c425b726af0d950cfb2,17,district,district_16,District 16,felony_theft,Felony Theft,0,3,48,validated
year-end-compstat-2025-r1,year_end_compstat,2025-12-31,1,2025,year_end_final,3c3b151aad3d007f2279cf5735d63f591623eff526770c425b726af0d950cfb2,17,district,district_16,District 16,juvenile_shooting_incidents,*Juv Shooting Incidents,0,0,1,validated
year-end-compstat-2025-r1,year_end_compstat,2025-12-31,1,2025,year_end_final,3c3b151aad3d007f2279cf5735d63f591623eff526770c425b726af0d950cfb2,17,district,district_16,District 16,juvenile_shooting_victims,*Juv Shooting Victims,0,0,1,validated
year-end-compstat-2025-r1,year_end_compstat,2025-12-31,1,2025,year_end_final,3c3b151aad3d007f2279cf5735d63f591623eff526770c425b726af0d950cfb2,17,district,district_16,District 16,major_crime_total,TOTAL,3,16,245,validated
year-end-compstat-2025-r1,year_end_compstat,2025-12-31,1,2025,year_end_final,3c3b151aad3d007f2279cf5735d63f591623eff526770c425b726af0d950cfb2,17,district,district_16,District 16,misdemeanor_theft,Theft (Misdemeanor),2,11,193,validated
year-end-compstat-2025-r1,year_end_compstat,2025-12-31,1,2025,year_end_final,3c3b151aad3d007f2279cf5735d63f591623eff526770c425b726af0d950cfb2,17,district,district_16,District 16,murder,Murder,1,1,4,validated
year-end-compstat-2025-r1,year_end_compstat,2025-12-31,1,2025,year_end_final,3c3b151aad3d007f2279cf5735d63f591623eff526770c425b726af0d950cfb2,17,district,district_16,District 16,rape,Rape,0,0,0,validated
year-end-compstat-2025-r1,year_end_compstat,2025-12-31,1,2025,year_end_final,3c3b151aad3d007f2279cf5735d63f591623eff526770c425b726af0d950cfb2,17,district,district_16,District 16,robbery,Robbery,0,3,45,validated
year-end-compstat-2025-r1,year_end_compstat,2025-12-31,1,2025,year_end_final,3c3b151aad3d007f2279cf5735d63f591623eff526770c425b726af0d950cfb2,17,district,district_16,District 16,shooting_incidents,Shooting Incidents,1,1,12,validated
year-end-compstat-2025-r1,year_end_compstat,2025-12-31,1,2025,year_end_final,3c3b151aad3d007f2279cf5735d63f591623eff526770c425b726af0d950cfb2,17,district,district_16,District 16,shooting_victims,Shooting Victims,1,1,15,validated
year-end-compstat-2025-r1,year_end_compstat,2025-12-31,1,2025,year_end_final,3c3b151aad3d007f2279cf5735d63f591623eff526770c425b726af0d950cfb2,21,district,district_17,District 17,aggravated_assault,Agg. Assault,0,3,72,validated
year-end-compstat-2025-r1,year_end_compstat,2025-12-31,1,2025,year_end_final,3c3b151aad3d007f2279cf5735d63f591623eff526770c425b726af0d950cfb2,21,district,district_17,District 17,auto_theft,Auto Theft,0,8,73,validated
year-end-compstat-2025-r1,year_end_compstat,2025-12-31,1,2025,year_end_final,3c3b151aad3d007f2279cf5735d63f591623eff526770c425b726af0d950cfb2,21,district,district_17,District 17,burglary,Burglary,0,4,52,validated
year-end-compstat-2025-r1,year_end_compstat,2025-12-31,1,2025,year_end_final,3c3b151aad3d007f2279cf5735d63f591623eff526770c425b726af0d950cfb2,21,district,district_17,District 17,felony_theft,Felony Theft,0,1,31,validated
year-end-compstat-2025-r1,year_end_compstat,2025-12-31,1,2025,year_end_final,3c3b151aad3d007f2279cf5735d63f591623eff526770c425b726af0d950cfb2,21,district,district_17,District 17,juvenile_shooting_incidents,*Juv Shooting Incidents,0,0,4,validated
year-end-compstat-2025-r1,year_end_compstat,2025-12-31,1,2025,year_end_final,3c3b151aad3d007f2279cf5735d63f591623eff526770c425b726af0d950cfb2,21,district,district_17,District 17,juvenile_shooting_victims,*Juv Shooting Victims,0,0,4,validated
year-end-compstat-2025-r1,year_end_compstat,2025-12-31,1,2025,year_end_final,3c3b151aad3d007f2279cf5735d63f591623eff526770c425b726af0d950cfb2,21,district,district_17,District 17,major_crime_total,TOTAL,2,21,270,validated
year-end-compstat-2025-r1,year_end_compstat,2025-12-31,1,2025,year_end_final,3c3b151aad3d007f2279cf5735d63f591623eff526770c425b726af0d950cfb2,21,district,district_17,District 17,misdemeanor_theft,Theft (Misdemeanor),1,8,116,validated
year-end-compstat-2025-r1,year_end_compstat,2025-12-31,1,2025,year_end_final,3c3b151aad3d007f2279cf5735d63f591623eff526770c425b726af0d950cfb2,21,district,district_17,District 17,murder,Murder,0,1,3,validated
year-end-compstat-2025-r1,year_end_compstat,2025-12-31,1,2025,year_end_final,3c3b151aad3d007f2279cf5735d63f591623eff526770c425b726af0d950cfb2,21,district,district_17,District 17,rape,Rape,0,0,0,validated
year-end-compstat-2025-r1,year_end_compstat,2025-12-31,1,2025,year_end_final,3c3b151aad3d007f2279cf5735d63f591623eff526770c425b726af0d950cfb2,21,district,district_17,District 17,robbery,Robbery,2,4,39,validated
year-end-compstat-2025-r1,year_end_compstat,2025-12-31,1,2025,year_end_final,3c3b151aad3d007f2279cf5735d63f591623eff526770c425b726af0d950cfb2,21,district,district_17,District 17,shooting_incidents,Shooting Incidents,0,0,14,validated
year-end-compstat-2025-r1,year_end_compstat,2025-12-31,1,2025,year_end_final,3c3b151aad3d007f2279cf5735d63f591623eff526770c425b726af0d950cfb2,21,district,district_17,District 17,shooting_victims,Shooting Victims,0,0,16,validated
year-end-compstat-2025-r1,year_end_compstat,2025-12-31,1,2025,year_end_final,3c3b151aad3d007f2279cf5735d63f591623eff526770c425b726af0d950cfb2,23,district,district_18,District 18,aggravated_assault,Agg. Assault,0,2,44,validated
year-end-compstat-2025-r1,year_end_compstat,2025-12-31,1,2025,year_end_final,3c3b151aad3d007f2279cf5735d63f591623eff526770c425b726af0d950cfb2,23,district,district_18,District 18,auto_theft,Auto Theft,0,5,61,validated
year-end-compstat-2025-r1,year_end_compstat,2025-12-31,1,2025,year_end_final,3c3b151aad3d007f2279cf5735d63f591623eff526770c425b726af0d950cfb2,23,district,district_18,District 18,burglary,Burglary,0,2,51,validated
year-end-compstat-2025-r1,year_end_compstat,2025-12-31,1,2025,year_end_final,3c3b151aad3d007f2279cf5735d63f591623eff526770c425b726af0d950cfb2,23,district,district_18,District 18,felony_theft,Felony Theft,0,0,28,validated
year-end-compstat-2025-r1,year_end_compstat,2025-12-31,1,2025,year_end_final,3c3b151aad3d007f2279cf5735d63f591623eff526770c425b726af0d950cfb2,23,district,district_18,District 18,juvenile_shooting_incidents,*Juv Shooting Incidents,0,0,1,validated
year-end-compstat-2025-r1,year_end_compstat,2025-12-31,1,2025,year_end_final,3c3b151aad3d007f2279cf5735d63f591623eff526770c425b726af0d950cfb2,23,district,district_18,District 18,juvenile_shooting_victims,*Juv Shooting Victims,0,0,1,validated
year-end-compstat-2025-r1,year_end_compstat,2025-12-31,1,2025,year_end_final,3c3b151aad3d007f2279cf5735d63f591623eff526770c425b726af0d950cfb2,23,district,district_18,District 18,major_crime_total,TOTAL,0,11,203,validated
year-end-compstat-2025-r1,year_end_compstat,2025-12-31,1,2025,year_end_final,3c3b151aad3d007f2279cf5735d63f591623eff526770c425b726af0d950cfb2,23,district,district_18,District 18,misdemeanor_theft,Theft (Misdemeanor),2,6,144,validated
year-end-compstat-2025-r1,year_end_compstat,2025-12-31,1,2025,year_end_final,3c3b151aad3d007f2279cf5735d63f591623eff526770c425b726af0d950cfb2,23,district,district_18,District 18,murder,Murder,0,0,2,validated
year-end-compstat-2025-r1,year_end_compstat,2025-12-31,1,2025,year_end_final,3c3b151aad3d007f2279cf5735d63f591623eff526770c425b726af0d950cfb2,23,district,district_18,District 18,rape,Rape,0,0,0,validated
year-end-compstat-2025-r1,year_end_compstat,2025-12-31,1,2025,year_end_final,3c3b151aad3d007f2279cf5735d63f591623eff526770c425b726af0d950cfb2,23,district,district_18,District 18,robbery,Robbery,0,2,17,validated
year-end-compstat-2025-r1,year_end_compstat,2025-12-31,1,2025,year_end_final,3c3b151aad3d007f2279cf5735d63f591623eff526770c425b726af0d950cfb2,23,district,district_18,District 18,shooting_incidents,Shooting Incidents,0,0,4,validated
year-end-compstat-2025-r1,year_end_compstat,2025-12-31,1,2025,year_end_final,3c3b151aad3d007f2279cf5735d63f591623eff526770c425b726af0d950cfb2,23,district,district_18,District 18,shooting_victims,Shooting Victims,0,0,7,validated
year-end-compstat-2025-r1,year_end_compstat,2025-12-31,1,2025,year_end_final,3c3b151aad3d007f2279cf5735d63f591623eff526770c425b726af0d950cfb2,25,district,district_19,District 19,aggravated_assault,Agg. Assault,0,0,17,validated
year-end-compstat-2025-r1,year_end_compstat,2025-12-31,1,2025,year_end_final,3c3b151aad3d007f2279cf5735d63f591623eff526770c425b726af0d950cfb2,25,district,district_19,District 19,auto_theft,Auto Theft,3,6,39,validated
year-end-compstat-2025-r1,year_end_compstat,2025-12-31,1,2025,year_end_final,3c3b151aad3d007f2279cf5735d63f591623eff526770c425b726af0d950cfb2,25,district,district_19,District 19,burglary,Burglary,0,1,22,validated
year-end-compstat-2025-r1,year_end_compstat,2025-12-31,1,2025,year_end_final,3c3b151aad3d007f2279cf5735d63f591623eff526770c425b726af0d950cfb2,25,district,district_19,District 19,felony_theft,Felony Theft,0,1,20,validated
year-end-compstat-2025-r1,year_end_compstat,2025-12-31,1,2025,year_end_final,3c3b151aad3d007f2279cf5735d63f591623eff526770c425b726af0d950cfb2,25,district,district_19,District 19,juvenile_shooting_incidents,*Juv Shooting Incidents,0,0,0,validated
year-end-compstat-2025-r1,year_end_compstat,2025-12-31,1,2025,year_end_final,3c3b151aad3d007f2279cf5735d63f591623eff526770c425b726af0d950cfb2,25,district,district_19,District 19,juvenile_shooting_victims,*Juv Shooting Victims,0,0,0,validated
year-end-compstat-2025-r1,year_end_compstat,2025-12-31,1,2025,year_end_final,3c3b151aad3d007f2279cf5735d63f591623eff526770c425b726af0d950cfb2,25,district,district_19,District 19,major_crime_total,TOTAL,3,8,105,validated
year-end-compstat-2025-r1,year_end_compstat,2025-12-31,1,2025,year_end_final,3c3b151aad3d007f2279cf5735d63f591623eff526770c425b726af0d950cfb2,25,district,district_19,District 19,misdemeanor_theft,Theft (Misdemeanor),1,7,100,validated
year-end-compstat-2025-r1,year_end_compstat,2025-12-31,1,2025,year_end_final,3c3b151aad3d007f2279cf5735d63f591623eff526770c425b726af0d950cfb2,25,district,district_19,District 19,murder,Murder,0,0,0,validated
year-end-compstat-2025-r1,year_end_compstat,2025-12-31,1,2025,year_end_final,3c3b151aad3d007f2279cf5735d63f591623eff526770c425b726af0d950cfb2,25,district,district_19,District 19,rape,Rape,0,0,0,validated
year-end-compstat-2025-r1,year_end_compstat,2025-12-31,1,2025,year_end_final,3c3b151aad3d007f2279cf5735d63f591623eff526770c425b726af0d950cfb2,25,district,district_19,District 19,robbery,Robbery,0,0,7,validated
year-end-compstat-2025-r1,year_end_compstat,2025-12-31,1,2025,year_end_final,3c3b151aad3d007f2279cf5735d63f591623eff526770c425b726af0d950cfb2,25,district,district_19,District 19,shooting_incidents,Shooting Incidents,0,0,1,validated
year-end-compstat-2025-r1,year_end_compstat,2025-12-31,1,2025,year_end_final,3c3b151aad3d007f2279cf5735d63f591623eff526770c425b726af0d950cfb2,25,district,district_19,District 19,shooting_victims,Shooting Victims,0,0,1,validated
year-end-compstat-2025-r1,year_end_compstat,2025-12-31,1,2025,year_end_final,3c3b151aad3d007f2279cf5735d63f591623eff526770c425b726af0d950cfb2,3,sector,sector_1,Sector 1,aggravated_assault,Agg. Assault,0,3,95,validated
year-end-compstat-2025-r1,year_end_compstat,2025-12-31,1,2025,year_end_final,3c3b151aad3d007f2279cf5735d63f591623eff526770c425b726af0d950cfb2,3,sector,sector_1,Sector 1,auto_theft,Auto Theft,1,7,147,validated
year-end-compstat-2025-r1,year_end_compstat,2025-12-31,1,2025,year_end_final,3c3b151aad3d007f2279cf5735d63f591623eff526770c425b726af0d950cfb2,3,sector,sector_1,Sector 1,burglary,Burglary,0,2,106,validated
year-end-compstat-2025-r1,year_end_compstat,2025-12-31,1,2025,year_end_final,3c3b151aad3d007f2279cf5735d63f591623eff526770c425b726af0d950cfb2,3,sector,sector_1,Sector 1,felony_theft,Felony Theft,0,2,60,validated
year-end-compstat-2025-r1,year_end_compstat,2025-12-31,1,2025,year_end_final,3c3b151aad3d007f2279cf5735d63f591623eff526770c425b726af0d950cfb2,3,sector,sector_1,Sector 1,juvenile_shooting_incidents,*Juv Shooting Incidents,0,0,2,validated
year-end-compstat-2025-r1,year_end_compstat,2025-12-31,1,2025,year_end_final,3c3b151aad3d007f2279cf5735d63f591623eff526770c425b726af0d950cfb2,3,sector,sector_1,Sector 1,juvenile_shooting_victims,*Juv Shooting Victims,0,0,2,validated
year-end-compstat-2025-r1,year_end_compstat,2025-12-31,1,2025,year_end_final,3c3b151aad3d007f2279cf5735d63f591623eff526770c425b726af0d950cfb2,3,sector,sector_1,Sector 1,major_crime_total,TOTAL,1,16,446,validated
year-end-compstat-2025-r1,year_end_compstat,2025-12-31,1,2025,year_end_final,3c3b151aad3d007f2279cf5735d63f591623eff526770c425b726af0d950cfb2,3,sector,sector_1,Sector 1,misdemeanor_theft,Theft (Misdemeanor),1,15,223,validated
year-end-compstat-2025-r1,year_end_compstat,2025-12-31,1,2025,year_end_final,3c3b151aad3d007f2279cf5735d63f591623eff526770c425b726af0d950cfb2,3,sector,sector_1,Sector 1,murder,Murder,0,0,7,validated
year-end-compstat-2025-r1,year_end_compstat,2025-12-31,1,2025,year_end_final,3c3b151aad3d007f2279cf5735d63f591623eff526770c425b726af0d950cfb2,3,sector,sector_1,Sector 1,rape,Rape,0,0,1,validated
year-end-compstat-2025-r1,year_end_compstat,2025-12-31,1,2025,year_end_final,3c3b151aad3d007f2279cf5735d63f591623eff526770c425b726af0d950cfb2,3,sector,sector_1,Sector 1,robbery,Robbery,0,2,30,validated
year-end-compstat-2025-r1,year_end_compstat,2025-12-31,1,2025,year_end_final,3c3b151aad3d007f2279cf5735d63f591623eff526770c425b726af0d950cfb2,3,sector,sector_1,Sector 1,shooting_incidents,Shooting Incidents,0,0,22,validated
year-end-compstat-2025-r1,year_end_compstat,2025-12-31,1,2025,year_end_final,3c3b151aad3d007f2279cf5735d63f591623eff526770c425b726af0d950cfb2,3,sector,sector_1,Sector 1,shooting_victims,Shooting Victims,0,0,27,validated
year-end-compstat-2025-r1,year_end_compstat,2025-12-31,1,2025,year_end_final,3c3b151aad3d007f2279cf5735d63f591623eff526770c425b726af0d950cfb2,11,sector,sector_2,Sector 2,aggravated_assault,Agg. Assault,2,4,135,validated
year-end-compstat-2025-r1,year_end_compstat,2025-12-31,1,2025,year_end_final,3c3b151aad3d007f2279cf5735d63f591623eff526770c425b726af0d950cfb2,11,sector,sector_2,Sector 2,auto_theft,Auto Theft,0,8,92,validated
year-end-compstat-2025-r1,year_end_compstat,2025-12-31,1,2025,year_end_final,3c3b151aad3d007f2279cf5735d63f591623eff526770c425b726af0d950cfb2,11,sector,sector_2,Sector 2,burglary,Burglary,2,11,122,validated
year-end-compstat-2025-r1,year_end_compstat,2025-12-31,1,2025,year_end_final,3c3b151aad3d007f2279cf5735d63f591623eff526770c425b726af0d950cfb2,11,sector,sector_2,Sector 2,felony_theft,Felony Theft,2,6,98,validated
year-end-compstat-2025-r1,year_end_compstat,2025-12-31,1,2025,year_end_final,3c3b151aad3d007f2279cf5735d63f591623eff526770c425b726af0d950cfb2,11,sector,sector_2,Sector 2,juvenile_shooting_incidents,*Juv Shooting Incidents,0,0,2,validated
year-end-compstat-2025-r1,year_end_compstat,2025-12-31,1,2025,year_end_final,3c3b151aad3d007f2279cf5735d63f591623eff526770c425b726af0d950cfb2,11,sector,sector_2,Sector 2,juvenile_shooting_victims,*Juv Shooting Victims,0,0,3,validated
year-end-compstat-2025-r1,year_end_compstat,2025-12-31,1,2025,year_end_final,3c3b151aad3d007f2279cf5735d63f591623eff526770c425b726af0d950cfb2,11,sector,sector_2,Sector 2,major_crime_total,TOTAL,7,34,542,validated
year-end-compstat-2025-r1,year_end_compstat,2025-12-31,1,2025,year_end_final,3c3b151aad3d007f2279cf5735d63f591623eff526770c425b726af0d950cfb2,11,sector,sector_2,Sector 2,misdemeanor_theft,Theft (Misdemeanor),3,20,367,validated
year-end-compstat-2025-r1,year_end_compstat,2025-12-31,1,2025,year_end_final,3c3b151aad3d007f2279cf5735d63f591623eff526770c425b726af0d950cfb2,11,sector,sector_2,Sector 2,murder,Murder,1,1,8,validated
year-end-compstat-2025-r1,year_end_compstat,2025-12-31,1,2025,year_end_final,3c3b151aad3d007f2279cf5735d63f591623eff526770c425b726af0d950cfb2,11,sector,sector_2,Sector 2,rape,Rape,0,0,0,validated
year-end-compstat-2025-r1,year_end_compstat,2025-12-31,1,2025,year_end_final,3c3b151aad3d007f2279cf5735d63f591623eff526770c425b726af0d950cfb2,11,sector,sector_2,Sector 2,robbery,Robbery,0,4,87,validated
year-end-compstat-2025-r1,year_end_compstat,2025-12-31,1,2025,year_end_final,3c3b151aad3d007f2279cf5735d63f591623eff526770c425b726af0d950cfb2,11,sector,sector_2,Sector 2,shooting_incidents,Shooting Incidents,1,1,23,validated
year-end-compstat-2025-r1,year_end_compstat,2025-12-31,1,2025,year_end_final,3c3b151aad3d007f2279cf5735d63f591623eff526770c425b726af0d950cfb2,11,sector,sector_2,Sector 2,shooting_victims,Shooting Victims,1,1,33,validated
year-end-compstat-2025-r1,year_end_compstat,2025-12-31,1,2025,year_end_final,3c3b151aad3d007f2279cf5735d63f591623eff526770c425b726af0d950cfb2,19,sector,sector_3,Sector 3,aggravated_assault,Agg. Assault,0,5,133,validated
year-end-compstat-2025-r1,year_end_compstat,2025-12-31,1,2025,year_end_final,3c3b151aad3d007f2279cf5735d63f591623eff526770c425b726af0d950cfb2,19,sector,sector_3,Sector 3,auto_theft,Auto Theft,3,19,173,validated
year-end-compstat-2025-r1,year_end_compstat,2025-12-31,1,2025,year_end_final,3c3b151aad3d007f2279cf5735d63f591623eff526770c425b726af0d950cfb2,19,sector,sector_3,Sector 3,burglary,Burglary,0,7,125,validated
year-end-compstat-2025-r1,year_end_compstat,2025-12-31,1,2025,year_end_final,3c3b151aad3d007f2279cf5735d63f591623eff526770c425b726af0d950cfb2,19,sector,sector_3,Sector 3,felony_theft,Felony Theft,0,2,79,validated
year-end-compstat-2025-r1,year_end_compstat,2025-12-31,1,2025,year_end_final,3c3b151aad3d007f2279cf5735d63f591623eff526770c425b726af0d950cfb2,19,sector,sector_3,Sector 3,juvenile_shooting_incidents,*Juv Shooting Incidents,0,0,5,validated
year-end-compstat-2025-r1,year_end_compstat,2025-12-31,1,2025,year_end_final,3c3b151aad3d007f2279cf5735d63f591623eff526770c425b726af0d950cfb2,19,sector,sector_3,Sector 3,juvenile_shooting_victims,*Juv Shooting Victims,0,0,5,validated
year-end-compstat-2025-r1,year_end_compstat,2025-12-31,1,2025,year_end_final,3c3b151aad3d007f2279cf5735d63f591623eff526770c425b726af0d950cfb2,19,sector,sector_3,Sector 3,major_crime_total,TOTAL,5,40,578,validated
year-end-compstat-2025-r1,year_end_compstat,2025-12-31,1,2025,year_end_final,3c3b151aad3d007f2279cf5735d63f591623eff526770c425b726af0d950cfb2,19,sector,sector_3,Sector 3,misdemeanor_theft,Theft (Misdemeanor),4,21,360,validated
year-end-compstat-2025-r1,year_end_compstat,2025-12-31,1,2025,year_end_final,3c3b151aad3d007f2279cf5735d63f591623eff526770c425b726af0d950cfb2,19,sector,sector_3,Sector 3,murder,Murder,0,1,5,validated
year-end-compstat-2025-r1,year_end_compstat,2025-12-31,1,2025,year_end_final,3c3b151aad3d007f2279cf5735d63f591623eff526770c425b726af0d950cfb2,19,sector,sector_3,Sector 3,rape,Rape,0,0,0,validated
year-end-compstat-2025-r1,year_end_compstat,2025-12-31,1,2025,year_end_final,3c3b151aad3d007f2279cf5735d63f591623eff526770c425b726af0d950cfb2,19,sector,sector_3,Sector 3,robbery,Robbery,2,6,63,validated
year-end-compstat-2025-r1,year_end_compstat,2025-12-31,1,2025,year_end_final,3c3b151aad3d007f2279cf5735d63f591623eff526770c425b726af0d950cfb2,19,sector,sector_3,Sector 3,shooting_incidents,Shooting Incidents,0,0,19,validated
year-end-compstat-2025-r1,year_end_compstat,2025-12-31,1,2025,year_end_final,3c3b151aad3d007f2279cf5735d63f591623eff526770c425b726af0d950cfb2,19,sector,sector_3,Sector 3,shooting_victims,Shooting Victims,0,0,24,validated
weekly-2026-08-09-r1,weekly_compstat,2026-08-09,1,2026,weekly_running,d053b8953d09a9bb575875df7c2e126133ebe930c15a86098f6a026fcdbbecf8,1,citywide,citywide,Citywide,aggravated_assault,Agg. Assault,11,36,261,validated
weekly-2026-08-09-r1,weekly_compstat,2026-08-09,1,2026,weekly_running,d053b8953d09a9bb575875df7c2e126133ebe930c15a86098f6a026fcdbbecf8,1,citywide,citywide,Citywide,auto_theft,Auto Theft,5,22,176,validated
weekly-2026-08-09-r1,weekly_compstat,2026-08-09,1,2026,weekly_running,d053b8953d09a9bb575875df7c2e126133ebe930c15a86098f6a026fcdbbecf8,1,citywide,citywide,Citywide,burglary,Burglary,3,19,216,validated
weekly-2026-08-09-r1,weekly_compstat,2026-08-09,1,2026,weekly_running,d053b8953d09a9bb575875df7c2e126133ebe930c15a86098f6a026fcdbbecf8,1,citywide,citywide,Citywide,felony_theft,Felony Theft,5,22,132,validated
weekly-2026-08-09-r1,weekly_compstat,2026-08-09,1,2026,weekly_running,d053b8953d09a9bb575875df7c2e126133ebe930c15a86098f6a026fcdbbecf8,1,citywide,citywide,Citywide,juvenile_shooting_incidents,*Juv Shooting Incidents,0,1,12,validated
weekly-2026-08-09-r1,weekly_compstat,2026-08-09,1,2026,weekly_running,d053b8953d09a9bb575875df7c2e126133ebe930c15a86098f6a026fcdbbecf8,1,citywide,citywide,Citywide,juvenile_shooting_victims,*Juv Shooting Victims,0,1,12,validated
weekly-2026-08-09-r1,weekly_compstat,2026-08-09,1,2026,weekly_running,d053b8953d09a9bb575875df7c2e126133ebe930c15a86098f6a026fcdbbecf8,1,citywide,citywide,Citywide,major_crime_total,TOTAL,30,118,926,validated
weekly-2026-08-09-r1,weekly_compstat,2026-08-09,1,2026,weekly_running,d053b8953d09a9bb575875df7c2e126133ebe930c15a86098f6a026fcdbbecf8,1,citywide,citywide,Citywide,misdemeanor_theft,Theft (Misdemeanor),13,86,579,validated
weekly-2026-08-09-r1,weekly_compstat,2026-08-09,1,2026,weekly_running,d053b8953d09a9bb575875df7c2e126133ebe930c15a86098f6a026fcdbbecf8,1,citywide,citywide,Citywide,murder,Murder,0,0,7,validated
weekly-2026-08-09-r1,weekly_compstat,2026-08-09,1,2026,weekly_running,d053b8953d09a9bb575875df7c2e126133ebe930c15a86098f6a026fcdbbecf8,1,citywide,citywide,Citywide,rape,Rape,0,2,2,validated
weekly-2026-08-09-r1,weekly_compstat,2026-08-09,1,2026,weekly_running,d053b8953d09a9bb575875df7c2e126133ebe930c15a86098f6a026fcdbbecf8,1,citywide,citywide,Citywide,robbery,Robbery,6,17,132,validated
weekly-2026-08-09-r1,weekly_compstat,2026-08-09,1,2026,weekly_running,d053b8953d09a9bb575875df7c2e126133ebe930c15a86098f6a026fcdbbecf8,1,citywide,citywide,Citywide,shooting_incidents,Shooting Incidents,1,6,40,validated
weekly-2026-08-09-r1,weekly_compstat,2026-08-09,1,2026,weekly_running,d053b8953d09a9bb575875df7c2e126133ebe930c15a86098f6a026fcdbbecf8,1,citywide,citywide,Citywide,shooting_victims,Shooting Victims,1,6,50,validated
weekly-2026-08-09-r1,weekly_compstat,2026-08-09,1,2026,weekly_running,d053b8953d09a9bb575875df7c2e126133ebe930c15a86098f6a026fcdbbecf8,13,district,district_10,District 10,aggravated_assault,Agg. Assault,0,0,10,validated
weekly-2026-08-09-r1,weekly_compstat,2026-08-09,1,2026,weekly_running,d053b8953d09a9bb575875df7c2e126133ebe930c15a86098f6a026fcdbbecf8,13,district,district_10,District 10,auto_theft,Auto Theft,0,0,2,validated
weekly-2026-08-09-r1,weekly_compstat,2026-08-09,1,2026,weekly_running,d053b8953d09a9bb575875df7c2e126133ebe930c15a86098f6a026fcdbbecf8,13,district,district_10,District 10,burglary,Burglary,0,0,5,validated
weekly-2026-08-09-r1,weekly_compstat,2026-08-09,1,2026,weekly_running,d053b8953d09a9bb575875df7c2e126133ebe930c15a86098f6a026fcdbbecf8,13,district,district_10,District 10,felony_theft,Felony Theft,0,1,11,validated
weekly-2026-08-09-r1,weekly_compstat,2026-08-09,1,2026,weekly_running,d053b8953d09a9bb575875df7c2e126133ebe930c15a86098f6a026fcdbbecf8,13,district,district_10,District 10,juvenile_shooting_incidents,*Juv Shooting Incidents,0,0,1,validated
weekly-2026-08-09-r1,weekly_compstat,2026-08-09,1,2026,weekly_running,d053b8953d09a9bb575875df7c2e126133ebe930c15a86098f6a026fcdbbecf8,13,district,district_10,District 10,juvenile_shooting_victims,*Juv Shooting Victims,0,0,1,validated
weekly-2026-08-09-r1,weekly_compstat,2026-08-09,1,2026,weekly_running,d053b8953d09a9bb575875df7c2e126133ebe930c15a86098f6a026fcdbbecf8,13,district,district_10,District 10,major_crime_total,TOTAL,0,2,36,validated
weekly-2026-08-09-r1,weekly_compstat,2026-08-09,1,2026,weekly_running,d053b8953d09a9bb575875df7c2e126133ebe930c15a86098f6a026fcdbbecf8,13,district,district_10,District 10,misdemeanor_theft,Theft (Misdemeanor),0,0,30,validated
weekly-2026-08-09-r1,weekly_compstat,2026-08-09,1,2026,weekly_running,d053b8953d09a9bb575875df7c2e126133ebe930c15a86098f6a026fcdbbecf8,13,district,district_10,District 10,murder,Murder,0,0,1,validated
weekly-2026-08-09-r1,weekly_compstat,2026-08-09,1,2026,weekly_running,d053b8953d09a9bb575875df7c2e126133ebe930c15a86098f6a026fcdbbecf8,13,district,district_10,District 10,rape,Rape,0,0,0,validated
weekly-2026-08-09-r1,weekly_compstat,2026-08-09,1,2026,weekly_running,d053b8953d09a9bb575875df7c2e126133ebe930c15a86098f6a026fcdbbecf8,13,district,district_10,District 10,robbery,Robbery,0,1,7,validated
weekly-2026-08-09-r1,weekly_compstat,2026-08-09,1,2026,weekly_running,d053b8953d09a9bb575875df7c2e126133ebe930c15a86098f6a026fcdbbecf8,13,district,district_10,District 10,shooting_incidents,Shooting Incidents,0,0,2,validated
weekly-2026-08-09-r1,weekly_compstat,2026-08-09,1,2026,weekly_running,d053b8953d09a9bb575875df7c2e126133ebe930c15a86098f6a026fcdbbecf8,13,district,district_10,District 10,shooting_victims,Shooting Victims,0,0,2,validated
weekly-2026-08-09-r1,weekly_compstat,2026-08-09,1,2026,weekly_running,d053b8953d09a9bb575875df7c2e126133ebe930c15a86098f6a026fcdbbecf8,15,district,district_11,District 11,aggravated_assault,Agg. Assault,2,7,45,validated
weekly-2026-08-09-r1,weekly_compstat,2026-08-09,1,2026,weekly_running,d053b8953d09a9bb575875df7c2e126133ebe930c15a86098f6a026fcdbbecf8,15,district,district_11,District 11,auto_theft,Auto Theft,0,1,17,validated
weekly-2026-08-09-r1,weekly_compstat,2026-08-09,1,2026,weekly_running,d053b8953d09a9bb575875df7c2e126133ebe930c15a86098f6a026fcdbbecf8,15,district,district_11,District 11,burglary,Burglary,1,1,38,validated
weekly-2026-08-09-r1,weekly_compstat,2026-08-09,1,2026,weekly_running,d053b8953d09a9bb575875df7c2e126133ebe930c15a86098f6a026fcdbbecf8,15,district,district_11,District 11,felony_theft,Felony Theft,1,4,16,validated
weekly-2026-08-09-r1,weekly_compstat,2026-08-09,1,2026,weekly_running,d053b8953d09a9bb575875df7c2e126133ebe930c15a86098f6a026fcdbbecf8,15,district,district_11,District 11,juvenile_shooting_incidents,*Juv Shooting Incidents,0,1,2,validated
weekly-2026-08-09-r1,weekly_compstat,2026-08-09,1,2026,weekly_running,d053b8953d09a9bb575875df7c2e126133ebe930c15a86098f6a026fcdbbecf8,15,district,district_11,District 11,juvenile_shooting_victims,*Juv Shooting Victims,0,1,2,validated
weekly-2026-08-09-r1,weekly_compstat,2026-08-09,1,2026,weekly_running,d053b8953d09a9bb575875df7c2e126133ebe930c15a86098f6a026fcdbbecf8,15,district,district_11,District 11,major_crime_total,TOTAL,6,15,132,validated
weekly-2026-08-09-r1,weekly_compstat,2026-08-09,1,2026,weekly_running,d053b8953d09a9bb575875df7c2e126133ebe930c15a86098f6a026fcdbbecf8,15,district,district_11,District 11,misdemeanor_theft,Theft (Misdemeanor),3,11,76,validated
weekly-2026-08-09-r1,weekly_compstat,2026-08-09,1,2026,weekly_running,d053b8953d09a9bb575875df7c2e126133ebe930c15a86098f6a026fcdbbecf8,15,district,district_11,District 11,murder,Murder,0,0,0,validated
weekly-2026-08-09-r1,weekly_compstat,2026-08-09,1,2026,weekly_running,d053b8953d09a9bb575875df7c2e126133ebe930c15a86098f6a026fcdbbecf8,15,district,district_11,District 11,rape,Rape,0,0,0,validated
weekly-2026-08-09-r1,weekly_compstat,2026-08-09,1,2026,weekly_running,d053b8953d09a9bb575875df7c2e126133ebe930c15a86098f6a026fcdbbecf8,15,district,district_11,District 11,robbery,Robbery,2,2,16,validated
weekly-2026-08-09-r1,weekly_compstat,2026-08-09,1,2026,weekly_running,d053b8953d09a9bb575875df7c2e126133ebe930c15a86098f6a026fcdbbecf8,15,district,district_11,District 11,shooting_incidents,Shooting Incidents,1,2,3,validated
weekly-2026-08-09-r1,weekly_compstat,2026-08-09,1,2026,weekly_running,d053b8953d09a9bb575875df7c2e126133ebe930c15a86098f6a026fcdbbecf8,15,district,district_11,District 11,shooting_victims,Shooting Victims,1,2,3,validated
weekly-2026-08-09-r1,weekly_compstat,2026-08-09,1,2026,weekly_running,d053b8953d09a9bb575875df7c2e126133ebe930c15a86098f6a026fcdbbecf8,5,district,district_12,District 12,aggravated_assault,Agg. Assault,0,1,6,validated
weekly-2026-08-09-r1,weekly_compstat,2026-08-09,1,2026,weekly_running,d053b8953d09a9bb575875df7c2e126133ebe930c15a86098f6a026fcdbbecf8,5,district,district_12,District 12,auto_theft,Auto Theft,0,2,5,validated
weekly-2026-08-09-r1,weekly_compstat,2026-08-09,1,2026,weekly_running,d053b8953d09a9bb575875df7c2e126133ebe930c15a86098f6a026fcdbbecf8,5,district,district_12,District 12,burglary,Burglary,0,0,6,validated
weekly-2026-08-09-r1,weekly_compstat,2026-08-09,1,2026,weekly_running,d053b8953d09a9bb575875df7c2e126133ebe930c15a86098f6a026fcdbbecf8,5,district,district_12,District 12,felony_theft,Felony Theft,1,2,9,validated
weekly-2026-08-09-r1,weekly_compstat,2026-08-09,1,2026,weekly_running,d053b8953d09a9bb575875df7c2e126133ebe930c15a86098f6a026fcdbbecf8,5,district,district_12,District 12,juvenile_shooting_incidents,*Juv Shooting Incidents,0,0,0,validated
weekly-2026-08-09-r1,weekly_compstat,2026-08-09,1,2026,weekly_running,d053b8953d09a9bb575875df7c2e126133ebe930c15a86098f6a026fcdbbecf8,5,district,district_12,District 12,juvenile_shooting_victims,*Juv Shooting Victims,0,0,0,validated
weekly-2026-08-09-r1,weekly_compstat,2026-08-09,1,2026,weekly_running,d053b8953d09a9bb575875df7c2e126133ebe930c15a86098f6a026fcdbbecf8,5,district,district_12,District 12,major_crime_total,TOTAL,2,6,32,validated
weekly-2026-08-09-r1,weekly_compstat,2026-08-09,1,2026,weekly_running,d053b8953d09a9bb575875df7c2e126133ebe930c15a86098f6a026fcdbbecf8,5,district,district_12,District 12,misdemeanor_theft,Theft (Misdemeanor),0,5,20,validated
weekly-2026-08-09-r1,weekly_compstat,2026-08-09,1,2026,weekly_running,d053b8953d09a9bb575875df7c2e126133ebe930c15a86098f6a026fcdbbecf8,5,district,district_12,District 12,murder,Murder,0,0,0,validated
weekly-2026-08-09-r1,weekly_compstat,2026-08-09,1,2026,weekly_running,d053b8953d09a9bb575875df7c2e126133ebe930c15a86098f6a026fcdbbecf8,5,district,district_12,District 12,rape,Rape,0,0,0,validated
weekly-2026-08-09-r1,weekly_compstat,2026-08-09,1,2026,weekly_running,d053b8953d09a9bb575875df7c2e126133ebe930c15a86098f6a026fcdbbecf8,5,district,district_12,District 12,robbery,Robbery,1,1,6,validated
weekly-2026-08-09-r1,weekly_compstat,2026-08-09,1,2026,weekly_running,d053b8953d09a9bb575875df7c2e126133ebe930c15a86098f6a026fcdbbecf8,5,district,district_12,District 12,shooting_incidents,Shooting Incidents,0,0,0,validated
weekly-2026-08-09-r1,weekly_compstat,2026-08-09,1,2026,weekly_running,d053b8953d09a9bb575875df7c2e126133ebe930c15a86098f6a026fcdbbecf8,5,district,district_12,District 12,shooting_victims,Shooting Victims,0,0,0,validated
weekly-2026-08-09-r1,weekly_compstat,2026-08-09,1,2026,weekly_running,d053b8953d09a9bb575875df7c2e126133ebe930c15a86098f6a026fcdbbecf8,7,district,district_13,District 13,aggravated_assault,Agg. Assault,0,7,31,validated
weekly-2026-08-09-r1,weekly_compstat,2026-08-09,1,2026,weekly_running,d053b8953d09a9bb575875df7c2e126133ebe930c15a86098f6a026fcdbbecf8,7,district,district_13,District 13,auto_theft,Auto Theft,0,5,30,validated
weekly-2026-08-09-r1,weekly_compstat,2026-08-09,1,2026,weekly_running,d053b8953d09a9bb575875df7c2e126133ebe930c15a86098f6a026fcdbbecf8,7,district,district_13,District 13,burglary,Burglary,0,2,18,validated
weekly-2026-08-09-r1,weekly_compstat,2026-08-09,1,2026,weekly_running,d053b8953d09a9bb575875df7c2e126133ebe930c15a86098f6a026fcdbbecf8,7,district,district_13,District 13,felony_theft,Felony Theft,0,0,15,validated
weekly-2026-08-09-r1,weekly_compstat,2026-08-09,1,2026,weekly_running,d053b8953d09a9bb575875df7c2e126133ebe930c15a86098f6a026fcdbbecf8,7,district,district_13,District 13,juvenile_shooting_incidents,*Juv Shooting Incidents,0,0,2,validated
weekly-2026-08-09-r1,weekly_compstat,2026-08-09,1,2026,weekly_running,d053b8953d09a9bb575875df7c2e126133ebe930c15a86098f6a026fcdbbecf8,7,district,district_13,District 13,juvenile_shooting_victims,*Juv Shooting Victims,0,0,2,validated
weekly-2026-08-09-r1,weekly_compstat,2026-08-09,1,2026,weekly_running,d053b8953d09a9bb575875df7c2e126133ebe930c15a86098f6a026fcdbbecf8,7,district,district_13,District 13,major_crime_total,TOTAL,1,18,107,validated
weekly-2026-08-09-r1,weekly_compstat,2026-08-09,1,2026,weekly_running,d053b8953d09a9bb575875df7c2e126133ebe930c15a86098f6a026fcdbbecf8,7,district,district_13,District 13,misdemeanor_theft,Theft (Misdemeanor),1,12,52,validated
weekly-2026-08-09-r1,weekly_compstat,2026-08-09,1,2026,weekly_running,d053b8953d09a9bb575875df7c2e126133ebe930c15a86098f6a026fcdbbecf8,7,district,district_13,District 13,murder,Murder,0,0,0,validated
weekly-2026-08-09-r1,weekly_compstat,2026-08-09,1,2026,weekly_running,d053b8953d09a9bb575875df7c2e126133ebe930c15a86098f6a026fcdbbecf8,7,district,district_13,District 13,rape,Rape,0,0,0,validated
weekly-2026-08-09-r1,weekly_compstat,2026-08-09,1,2026,weekly_running,d053b8953d09a9bb575875df7c2e126133ebe930c15a86098f6a026fcdbbecf8,7,district,district_13,District 13,robbery,Robbery,1,4,13,validated
weekly-2026-08-09-r1,weekly_compstat,2026-08-09,1,2026,weekly_running,d053b8953d09a9bb575875df7c2e126133ebe930c15a86098f6a026fcdbbecf8,7,district,district_13,District 13,shooting_incidents,Shooting Incidents,0,2,7,validated
weekly-2026-08-09-r1,weekly_compstat,2026-08-09,1,2026,weekly_running,d053b8953d09a9bb575875df7c2e126133ebe930c15a86098f6a026fcdbbecf8,7,district,district_13,District 13,shooting_victims,Shooting Victims,0,2,9,validated
weekly-2026-08-09-r1,weekly_compstat,2026-08-09,1,2026,weekly_running,d053b8953d09a9bb575875df7c2e126133ebe930c15a86098f6a026fcdbbecf8,9,district,district_14,District 14,aggravated_assault,Agg. Assault,1,3,36,validated
weekly-2026-08-09-r1,weekly_compstat,2026-08-09,1,2026,weekly_running,d053b8953d09a9bb575875df7c2e126133ebe930c15a86098f6a026fcdbbecf8,9,district,district_14,District 14,auto_theft,Auto Theft,1,5,40,validated
weekly-2026-08-09-r1,weekly_compstat,2026-08-09,1,2026,weekly_running,d053b8953d09a9bb575875df7c2e126133ebe930c15a86098f6a026fcdbbecf8,9,district,district_14,District 14,burglary,Burglary,0,7,32,validated
weekly-2026-08-09-r1,weekly_compstat,2026-08-09,1,2026,weekly_running,d053b8953d09a9bb575875df7c2e126133ebe930c15a86098f6a026fcdbbecf8,9,district,district_14,District 14,felony_theft,Felony Theft,1,6,26,validated
weekly-2026-08-09-r1,weekly_compstat,2026-08-09,1,2026,weekly_running,d053b8953d09a9bb575875df7c2e126133ebe930c15a86098f6a026fcdbbecf8,9,district,district_14,District 14,juvenile_shooting_incidents,*Juv Shooting Incidents,0,0,0,validated
weekly-2026-08-09-r1,weekly_compstat,2026-08-09,1,2026,weekly_running,d053b8953d09a9bb575875df7c2e126133ebe930c15a86098f6a026fcdbbecf8,9,district,district_14,District 14,juvenile_shooting_victims,*Juv Shooting Victims,0,0,0,validated
weekly-2026-08-09-r1,weekly_compstat,2026-08-09,1,2026,weekly_running,d053b8953d09a9bb575875df7c2e126133ebe930c15a86098f6a026fcdbbecf8,9,district,district_14,District 14,major_crime_total,TOTAL,3,21,140,validated
weekly-2026-08-09-r1,weekly_compstat,2026-08-09,1,2026,weekly_running,d053b8953d09a9bb575875df7c2e126133ebe930c15a86098f6a026fcdbbecf8,9,district,district_14,District 14,misdemeanor_theft,Theft (Misdemeanor),2,22,102,validated
weekly-2026-08-09-r1,weekly_compstat,2026-08-09,1,2026,weekly_running,d053b8953d09a9bb575875df7c2e126133ebe930c15a86098f6a026fcdbbecf8,9,district,district_14,District 14,murder,Murder,0,0,0,validated
weekly-2026-08-09-r1,weekly_compstat,2026-08-09,1,2026,weekly_running,d053b8953d09a9bb575875df7c2e126133ebe930c15a86098f6a026fcdbbecf8,9,district,district_14,District 14,rape,Rape,0,0,0,validated
weekly-2026-08-09-r1,weekly_compstat,2026-08-09,1,2026,weekly_running,d053b8953d09a9bb575875df7c2e126133ebe930c15a86098f6a026fcdbbecf8,9,district,district_14,District 14,robbery,Robbery,0,0,6,validated
weekly-2026-08-09-r1,weekly_compstat,2026-08-09,1,2026,weekly_running,d053b8953d09a9bb575875df7c2e126133ebe930c15a86098f6a026fcdbbecf8,9,district,district_14,District 14,shooting_incidents,Shooting Incidents,0,0,4,validated
weekly-2026-08-09-r1,weekly_compstat,2026-08-09,1,2026,weekly_running,d053b8953d09a9bb575875df7c2e126133ebe930c15a86098f6a026fcdbbecf8,9,district,district_14,District 14,shooting_victims,Shooting Victims,0,0,4,validated
weekly-2026-08-09-r1,weekly_compstat,2026-08-09,1,2026,weekly_running,d053b8953d09a9bb575875df7c2e126133ebe930c15a86098f6a026fcdbbecf8,17,district,district_16,District 16,aggravated_assault,Agg. Assault,2,6,44,validated
weekly-2026-08-09-r1,weekly_compstat,2026-08-09,1,2026,weekly_running,d053b8953d09a9bb575875df7c2e126133ebe930c15a86098f6a026fcdbbecf8,17,district,district_16,District 16,auto_theft,Auto Theft,2,5,21,validated
weekly-2026-08-09-r1,weekly_compstat,2026-08-09,1,2026,weekly_running,d053b8953d09a9bb575875df7c2e126133ebe930c15a86098f6a026fcdbbecf8,17,district,district_16,District 16,burglary,Burglary,0,2,33,validated
weekly-2026-08-09-r1,weekly_compstat,2026-08-09,1,2026,weekly_running,d053b8953d09a9bb575875df7c2e126133ebe930c15a86098f6a026fcdbbecf8,17,district,district_16,District 16,felony_theft,Felony Theft,2,4,18,validated
weekly-2026-08-09-r1,weekly_compstat,2026-08-09,1,2026,weekly_running,d053b8953d09a9bb575875df7c2e126133ebe930c15a86098f6a026fcdbbecf8,17,district,district_16,District 16,juvenile_shooting_incidents,*Juv Shooting Incidents,0,0,3,validated
weekly-2026-08-09-r1,weekly_compstat,2026-08-09,1,2026,weekly_running,d053b8953d09a9bb575875df7c2e126133ebe930c15a86098f6a026fcdbbecf8,17,district,district_16,District 16,juvenile_shooting_victims,*Juv Shooting Victims,0,0,3,validated
weekly-2026-08-09-r1,weekly_compstat,2026-08-09,1,2026,weekly_running,d053b8953d09a9bb575875df7c2e126133ebe930c15a86098f6a026fcdbbecf8,17,district,district_16,District 16,major_crime_total,TOTAL,6,21,156,validated
weekly-2026-08-09-r1,weekly_compstat,2026-08-09,1,2026,weekly_running,d053b8953d09a9bb575875df7c2e126133ebe930c15a86098f6a026fcdbbecf8,17,district,district_16,District 16,misdemeanor_theft,Theft (Misdemeanor),0,10,108,validated
weekly-2026-08-09-r1,weekly_compstat,2026-08-09,1,2026,weekly_running,d053b8953d09a9bb575875df7c2e126133ebe930c15a86098f6a026fcdbbecf8,17,district,district_16,District 16,murder,Murder,0,0,4,validated
weekly-2026-08-09-r1,weekly_compstat,2026-08-09,1,2026,weekly_running,d053b8953d09a9bb575875df7c2e126133ebe930c15a86098f6a026fcdbbecf8,17,district,district_16,District 16,rape,Rape,0,0,0,validated
weekly-2026-08-09-r1,weekly_compstat,2026-08-09,1,2026,weekly_running,d053b8953d09a9bb575875df7c2e126133ebe930c15a86098f6a026fcdbbecf8,17,district,district_16,District 16,robbery,Robbery,0,4,36,validated
weekly-2026-08-09-r1,weekly_compstat,2026-08-09,1,2026,weekly_running,d053b8953d09a9bb575875df7c2e126133ebe930c15a86098f6a026fcdbbecf8,17,district,district_16,District 16,shooting_incidents,Shooting Incidents,0,1,11,validated
weekly-2026-08-09-r1,weekly_compstat,2026-08-09,1,2026,weekly_running,d053b8953d09a9bb575875df7c2e126133ebe930c15a86098f6a026fcdbbecf8,17,district,district_16,District 16,shooting_victims,Shooting Victims,0,1,15,validated
weekly-2026-08-09-r1,weekly_compstat,2026-08-09,1,2026,weekly_running,d053b8953d09a9bb575875df7c2e126133ebe930c15a86098f6a026fcdbbecf8,21,district,district_17,District 17,aggravated_assault,Agg. Assault,3,6,47,validated
weekly-2026-08-09-r1,weekly_compstat,2026-08-09,1,2026,weekly_running,d053b8953d09a9bb575875df7c2e126133ebe930c15a86098f6a026fcdbbecf8,21,district,district_17,District 17,auto_theft,Auto Theft,1,2,22,validated
weekly-2026-08-09-r1,weekly_compstat,2026-08-09,1,2026,weekly_running,d053b8953d09a9bb575875df7c2e126133ebe930c15a86098f6a026fcdbbecf8,21,district,district_17,District 17,burglary,Burglary,1,2,24,validated
weekly-2026-08-09-r1,weekly_compstat,2026-08-09,1,2026,weekly_running,d053b8953d09a9bb575875df7c2e126133ebe930c15a86098f6a026fcdbbecf8,21,district,district_17,District 17,felony_theft,Felony Theft,0,0,8,validated
weekly-2026-08-09-r1,weekly_compstat,2026-08-09,1,2026,weekly_running,d053b8953d09a9bb575875df7c2e126133ebe930c15a86098f6a026fcdbbecf8,21,district,district_17,District 17,juvenile_shooting_incidents,*Juv Shooting Incidents,0,0,1,validated
weekly-2026-08-09-r1,weekly_compstat,2026-08-09,1,2026,weekly_running,d053b8953d09a9bb575875df7c2e126133ebe930c15a86098f6a026fcdbbecf8,21,district,district_17,District 17,juvenile_shooting_victims,*Juv Shooting Victims,0,0,1,validated
weekly-2026-08-09-r1,weekly_compstat,2026-08-09,1,2026,weekly_running,d053b8953d09a9bb575875df7c2e126133ebe930c15a86098f6a026fcdbbecf8,21,district,district_17,District 17,major_crime_total,TOTAL,6,13,125,validated
weekly-2026-08-09-r1,weekly_compstat,2026-08-09,1,2026,weekly_running,d053b8953d09a9bb575875df7c2e126133ebe930c15a86098f6a026fcdbbecf8,21,district,district_17,District 17,misdemeanor_theft,Theft (Misdemeanor),3,8,55,validated
weekly-2026-08-09-r1,weekly_compstat,2026-08-09,1,2026,weekly_running,d053b8953d09a9bb575875df7c2e126133ebe930c15a86098f6a026fcdbbecf8,21,district,district_17,District 17,murder,Murder,0,0,1,validated
weekly-2026-08-09-r1,weekly_compstat,2026-08-09,1,2026,weekly_running,d053b8953d09a9bb575875df7c2e126133ebe930c15a86098f6a026fcdbbecf8,21,district,district_17,District 17,rape,Rape,0,1,1,validated
weekly-2026-08-09-r1,weekly_compstat,2026-08-09,1,2026,weekly_running,d053b8953d09a9bb575875df7c2e126133ebe930c15a86098f6a026fcdbbecf8,21,district,district_17,District 17,robbery,Robbery,1,2,22,validated
weekly-2026-08-09-r1,weekly_compstat,2026-08-09,1,2026,weekly_running,d053b8953d09a9bb575875df7c2e126133ebe930c15a86098f6a026fcdbbecf8,21,district,district_17,District 17,shooting_incidents,Shooting Incidents,0,1,7,validated
weekly-2026-08-09-r1,weekly_compstat,2026-08-09,1,2026,weekly_running,d053b8953d09a9bb575875df7c2e126133ebe930c15a86098f6a026fcdbbecf8,21,district,district_17,District 17,shooting_victims,Shooting Victims,0,1,9,validated
weekly-2026-08-09-r1,weekly_compstat,2026-08-09,1,2026,weekly_running,d053b8953d09a9bb575875df7c2e126133ebe930c15a86098f6a026fcdbbecf8,23,district,district_18,District 18,aggravated_assault,Agg. Assault,2,4,28,validated
weekly-2026-08-09-r1,weekly_compstat,2026-08-09,1,2026,weekly_running,d053b8953d09a9bb575875df7c2e126133ebe930c15a86098f6a026fcdbbecf8,23,district,district_18,District 18,auto_theft,Auto Theft,0,1,18,validated
weekly-2026-08-09-r1,weekly_compstat,2026-08-09,1,2026,weekly_running,d053b8953d09a9bb575875df7c2e126133ebe930c15a86098f6a026fcdbbecf8,23,district,district_18,District 18,burglary,Burglary,1,3,36,validated
weekly-2026-08-09-r1,weekly_compstat,2026-08-09,1,2026,weekly_running,d053b8953d09a9bb575875df7c2e126133ebe930c15a86098f6a026fcdbbecf8,23,district,district_18,District 18,felony_theft,Felony Theft,0,2,18,validated
weekly-2026-08-09-r1,weekly_compstat,2026-08-09,1,2026,weekly_running,d053b8953d09a9bb575875df7c2e126133ebe930c15a86098f6a026fcdbbecf8,23,district,district_18,District 18,juvenile_shooting_incidents,*Juv Shooting Incidents,0,0,2,validated
weekly-2026-08-09-r1,weekly_compstat,2026-08-09,1,2026,weekly_running,d053b8953d09a9bb575875df7c2e126133ebe930c15a86098f6a026fcdbbecf8,23,district,district_18,District 18,juvenile_shooting_victims,*Juv Shooting Victims,0,0,2,validated
weekly-2026-08-09-r1,weekly_compstat,2026-08-09,1,2026,weekly_running,d053b8953d09a9bb575875df7c2e126133ebe930c15a86098f6a026fcdbbecf8,23,district,district_18,District 18,major_crime_total,TOTAL,3,12,119,validated
weekly-2026-08-09-r1,weekly_compstat,2026-08-09,1,2026,weekly_running,d053b8953d09a9bb575875df7c2e126133ebe930c15a86098f6a026fcdbbecf8,23,district,district_18,District 18,misdemeanor_theft,Theft (Misdemeanor),4,14,92,validated
weekly-2026-08-09-r1,weekly_compstat,2026-08-09,1,2026,weekly_running,d053b8953d09a9bb575875df7c2e126133ebe930c15a86098f6a026fcdbbecf8,23,district,district_18,District 18,murder,Murder,0,0,1,validated
weekly-2026-08-09-r1,weekly_compstat,2026-08-09,1,2026,weekly_running,d053b8953d09a9bb575875df7c2e126133ebe930c15a86098f6a026fcdbbecf8,23,district,district_18,District 18,rape,Rape,0,1,1,validated
weekly-2026-08-09-r1,weekly_compstat,2026-08-09,1,2026,weekly_running,d053b8953d09a9bb575875df7c2e126133ebe930c15a86098f6a026fcdbbecf8,23,district,district_18,District 18,robbery,Robbery,0,1,17,validated
weekly-2026-08-09-r1,weekly_compstat,2026-08-09,1,2026,weekly_running,d053b8953d09a9bb575875df7c2e126133ebe930c15a86098f6a026fcdbbecf8,23,district,district_18,District 18,shooting_incidents,Shooting Incidents,0,0,4,validated
weekly-2026-08-09-r1,weekly_compstat,2026-08-09,1,2026,weekly_running,d053b8953d09a9bb575875df7c2e126133ebe930c15a86098f6a026fcdbbecf8,23,district,district_18,District 18,shooting_victims,Shooting Victims,0,0,5,validated
weekly-2026-08-09-r1,weekly_compstat,2026-08-09,1,2026,weekly_running,d053b8953d09a9bb575875df7c2e126133ebe930c15a86098f6a026fcdbbecf8,25,district,district_19,District 19,aggravated_assault,Agg. Assault,1,2,14,validated
weekly-2026-08-09-r1,weekly_compstat,2026-08-09,1,2026,weekly_running,d053b8953d09a9bb575875df7c2e126133ebe930c15a86098f6a026fcdbbecf8,25,district,district_19,District 19,auto_theft,Auto Theft,1,1,21,validated
weekly-2026-08-09-r1,weekly_compstat,2026-08-09,1,2026,weekly_running,d053b8953d09a9bb575875df7c2e126133ebe930c15a86098f6a026fcdbbecf8,25,district,district_19,District 19,burglary,Burglary,0,2,24,validated
weekly-2026-08-09-r1,weekly_compstat,2026-08-09,1,2026,weekly_running,d053b8953d09a9bb575875df7c2e126133ebe930c15a86098f6a026fcdbbecf8,25,district,district_19,District 19,felony_theft,Felony Theft,0,3,11,validated
weekly-2026-08-09-r1,weekly_compstat,2026-08-09,1,2026,weekly_running,d053b8953d09a9bb575875df7c2e126133ebe930c15a86098f6a026fcdbbecf8,25,district,district_19,District 19,juvenile_shooting_incidents,*Juv Shooting Incidents,0,0,1,validated
weekly-2026-08-09-r1,weekly_compstat,2026-08-09,1,2026,weekly_running,d053b8953d09a9bb575875df7c2e126133ebe930c15a86098f6a026fcdbbecf8,25,district,district_19,District 19,juvenile_shooting_victims,*Juv Shooting Victims,0,0,1,validated
weekly-2026-08-09-r1,weekly_compstat,2026-08-09,1,2026,weekly_running,d053b8953d09a9bb575875df7c2e126133ebe930c15a86098f6a026fcdbbecf8,25,district,district_19,District 19,major_crime_total,TOTAL,3,10,79,validated
weekly-2026-08-09-r1,weekly_compstat,2026-08-09,1,2026,weekly_running,d053b8953d09a9bb575875df7c2e126133ebe930c15a86098f6a026fcdbbecf8,25,district,district_19,District 19,misdemeanor_theft,Theft (Misdemeanor),0,4,44,validated
weekly-2026-08-09-r1,weekly_compstat,2026-08-09,1,2026,weekly_running,d053b8953d09a9bb575875df7c2e126133ebe930c15a86098f6a026fcdbbecf8,25,district,district_19,District 19,murder,Murder,0,0,0,validated
weekly-2026-08-09-r1,weekly_compstat,2026-08-09,1,2026,weekly_running,d053b8953d09a9bb575875df7c2e126133ebe930c15a86098f6a026fcdbbecf8,25,district,district_19,District 19,rape,Rape,0,0,0,validated
weekly-2026-08-09-r1,weekly_compstat,2026-08-09,1,2026,weekly_running,d053b8953d09a9bb575875df7c2e126133ebe930c15a86098f6a026fcdbbecf8,25,district,district_19,District 19,robbery,Robbery,1,2,9,validated
weekly-2026-08-09-r1,weekly_compstat,2026-08-09,1,2026,weekly_running,d053b8953d09a9bb575875df7c2e126133ebe930c15a86098f6a026fcdbbecf8,25,district,district_19,District 19,shooting_incidents,Shooting Incidents,0,0,2,validated
weekly-2026-08-09-r1,weekly_compstat,2026-08-09,1,2026,weekly_running,d053b8953d09a9bb575875df7c2e126133ebe930c15a86098f6a026fcdbbecf8,25,district,district_19,District 19,shooting_victims,Shooting Victims,0,0,3,validated
weekly-2026-08-09-r1,weekly_compstat,2026-08-09,1,2026,weekly_running,d053b8953d09a9bb575875df7c2e126133ebe930c15a86098f6a026fcdbbecf8,3,sector,sector_1,Sector 1,aggravated_assault,Agg. Assault,1,11,73,validated
weekly-2026-08-09-r1,weekly_compstat,2026-08-09,1,2026,weekly_running,d053b8953d09a9bb575875df7c2e126133ebe930c15a86098f6a026fcdbbecf8,3,sector,sector_1,Sector 1,auto_theft,Auto Theft,1,12,75,validated
weekly-2026-08-09-r1,weekly_compstat,2026-08-09,1,2026,weekly_running,d053b8953d09a9bb575875df7c2e126133ebe930c15a86098f6a026fcdbbecf8,3,sector,sector_1,Sector 1,burglary,Burglary,0,9,56,validated
weekly-2026-08-09-r1,weekly_compstat,2026-08-09,1,2026,weekly_running,d053b8953d09a9bb575875df7c2e126133ebe930c15a86098f6a026fcdbbecf8,3,sector,sector_1,Sector 1,felony_theft,Felony Theft,2,8,50,validated
weekly-2026-08-09-r1,weekly_compstat,2026-08-09,1,2026,weekly_running,d053b8953d09a9bb575875df7c2e126133ebe930c15a86098f6a026fcdbbecf8,3,sector,sector_1,Sector 1,juvenile_shooting_incidents,*Juv Shooting Incidents,0,0,2,validated
weekly-2026-08-09-r1,weekly_compstat,2026-08-09,1,2026,weekly_running,d053b8953d09a9bb575875df7c2e126133ebe930c15a86098f6a026fcdbbecf8,3,sector,sector_1,Sector 1,juvenile_shooting_victims,*Juv Shooting Victims,0,0,2,validated
weekly-2026-08-09-r1,weekly_compstat,2026-08-09,1,2026,weekly_running,d053b8953d09a9bb575875df7c2e126133ebe930c15a86098f6a026fcdbbecf8,3,sector,sector_1,Sector 1,major_crime_total,TOTAL,6,45,279,validated
weekly-2026-08-09-r1,weekly_compstat,2026-08-09,1,2026,weekly_running,d053b8953d09a9bb575875df7c2e126133ebe930c15a86098f6a026fcdbbecf8,3,sector,sector_1,Sector 1,misdemeanor_theft,Theft (Misdemeanor),3,39,174,validated
weekly-2026-08-09-r1,weekly_compstat,2026-08-09,1,2026,weekly_running,d053b8953d09a9bb575875df7c2e126133ebe930c15a86098f6a026fcdbbecf8,3,sector,sector_1,Sector 1,murder,Murder,0,0,0,validated
weekly-2026-08-09-r1,weekly_compstat,2026-08-09,1,2026,weekly_running,d053b8953d09a9bb575875df7c2e126133ebe930c15a86098f6a026fcdbbecf8,3,sector,sector_1,Sector 1,rape,Rape,0,0,0,validated
weekly-2026-08-09-r1,weekly_compstat,2026-08-09,1,2026,weekly_running,d053b8953d09a9bb575875df7c2e126133ebe930c15a86098f6a026fcdbbecf8,3,sector,sector_1,Sector 1,robbery,Robbery,2,5,25,validated
weekly-2026-08-09-r1,weekly_compstat,2026-08-09,1,2026,weekly_running,d053b8953d09a9bb575875df7c2e126133ebe930c15a86098f6a026fcdbbecf8,3,sector,sector_1,Sector 1,shooting_incidents,Shooting Incidents,0,2,11,validated
weekly-2026-08-09-r1,weekly_compstat,2026-08-09,1,2026,weekly_running,d053b8953d09a9bb575875df7c2e126133ebe930c15a86098f6a026fcdbbecf8,3,sector,sector_1,Sector 1,shooting_victims,Shooting Victims,0,2,13,validated
weekly-2026-08-09-r1,weekly_compstat,2026-08-09,1,2026,weekly_running,d053b8953d09a9bb575875df7c2e126133ebe930c15a86098f6a026fcdbbecf8,11,sector,sector_2,Sector 2,aggravated_assault,Agg. Assault,4,13,99,validated
weekly-2026-08-09-r1,weekly_compstat,2026-08-09,1,2026,weekly_running,d053b8953d09a9bb575875df7c2e126133ebe930c15a86098f6a026fcdbbecf8,11,sector,sector_2,Sector 2,auto_theft,Auto Theft,2,6,40,validated
weekly-2026-08-09-r1,weekly_compstat,2026-08-09,1,2026,weekly_running,d053b8953d09a9bb575875df7c2e126133ebe930c15a86098f6a026fcdbbecf8,11,sector,sector_2,Sector 2,burglary,Burglary,1,3,76,validated
weekly-2026-08-09-r1,weekly_compstat,2026-08-09,1,2026,weekly_running,d053b8953d09a9bb575875df7c2e126133ebe930c15a86098f6a026fcdbbecf8,11,sector,sector_2,Sector 2,felony_theft,Felony Theft,3,9,45,validated
weekly-2026-08-09-r1,weekly_compstat,2026-08-09,1,2026,weekly_running,d053b8953d09a9bb575875df7c2e126133ebe930c15a86098f6a026fcdbbecf8,11,sector,sector_2,Sector 2,juvenile_shooting_incidents,*Juv Shooting Incidents,0,1,6,validated
weekly-2026-08-09-r1,weekly_compstat,2026-08-09,1,2026,weekly_running,d053b8953d09a9bb575875df7c2e126133ebe930c15a86098f6a026fcdbbecf8,11,sector,sector_2,Sector 2,juvenile_shooting_victims,*Juv Shooting Victims,0,1,6,validated
weekly-2026-08-09-r1,weekly_compstat,2026-08-09,1,2026,weekly_running,d053b8953d09a9bb575875df7c2e126133ebe930c15a86098f6a026fcdbbecf8,11,sector,sector_2,Sector 2,major_crime_total,TOTAL,12,38,324,validated
weekly-2026-08-09-r1,weekly_compstat,2026-08-09,1,2026,weekly_running,d053b8953d09a9bb575875df7c2e126133ebe930c15a86098f6a026fcdbbecf8,11,sector,sector_2,Sector 2,misdemeanor_theft,Theft (Misdemeanor),3,21,214,validated
weekly-2026-08-09-r1,weekly_compstat,2026-08-09,1,2026,weekly_running,d053b8953d09a9bb575875df7c2e126133ebe930c15a86098f6a026fcdbbecf8,11,sector,sector_2,Sector 2,murder,Murder,0,0,5,validated
weekly-2026-08-09-r1,weekly_compstat,2026-08-09,1,2026,weekly_running,d053b8953d09a9bb575875df7c2e126133ebe930c15a86098f6a026fcdbbecf8,11,sector,sector_2,Sector 2,rape,Rape,0,0,0,validated
weekly-2026-08-09-r1,weekly_compstat,2026-08-09,1,2026,weekly_running,d053b8953d09a9bb575875df7c2e126133ebe930c15a86098f6a026fcdbbecf8,11,sector,sector_2,Sector 2,robbery,Robbery,2,7,59,validated
weekly-2026-08-09-r1,weekly_compstat,2026-08-09,1,2026,weekly_running,d053b8953d09a9bb575875df7c2e126133ebe930c15a86098f6a026fcdbbecf8,11,sector,sector_2,Sector 2,shooting_incidents,Shooting Incidents,1,3,16,validated
weekly-2026-08-09-r1,weekly_compstat,2026-08-09,1,2026,weekly_running,d053b8953d09a9bb575875df7c2e126133ebe930c15a86098f6a026fcdbbecf8,11,sector,sector_2,Sector 2,shooting_victims,Shooting Victims,1,3,20,validated
weekly-2026-08-09-r1,weekly_compstat,2026-08-09,1,2026,weekly_running,d053b8953d09a9bb575875df7c2e126133ebe930c15a86098f6a026fcdbbecf8,19,sector,sector_3,Sector 3,aggravated_assault,Agg. Assault,6,12,89,validated
weekly-2026-08-09-r1,weekly_compstat,2026-08-09,1,2026,weekly_running,d053b8953d09a9bb575875df7c2e126133ebe930c15a86098f6a026fcdbbecf8,19,sector,sector_3,Sector 3,auto_theft,Auto Theft,2,4,61,validated
weekly-2026-08-09-r1,weekly_compstat,2026-08-09,1,2026,weekly_running,d053b8953d09a9bb575875df7c2e126133ebe930c15a86098f6a026fcdbbecf8,19,sector,sector_3,Sector 3,burglary,Burglary,2,7,84,validated
weekly-2026-08-09-r1,weekly_compstat,2026-08-09,1,2026,weekly_running,d053b8953d09a9bb575875df7c2e126133ebe930c15a86098f6a026fcdbbecf8,19,sector,sector_3,Sector 3,felony_theft,Felony Theft,0,5,37,validated
weekly-2026-08-09-r1,weekly_compstat,2026-08-09,1,2026,weekly_running,d053b8953d09a9bb575875df7c2e126133ebe930c15a86098f6a026fcdbbecf8,19,sector,sector_3,Sector 3,juvenile_shooting_incidents,*Juv Shooting Incidents,0,0,4,validated
weekly-2026-08-09-r1,weekly_compstat,2026-08-09,1,2026,weekly_running,d053b8953d09a9bb575875df7c2e126133ebe930c15a86098f6a026fcdbbecf8,19,sector,sector_3,Sector 3,juvenile_shooting_victims,*Juv Shooting Victims,0,0,4,validated
weekly-2026-08-09-r1,weekly_compstat,2026-08-09,1,2026,weekly_running,d053b8953d09a9bb575875df7c2e126133ebe930c15a86098f6a026fcdbbecf8,19,sector,sector_3,Sector 3,major_crime_total,TOTAL,12,35,323,validated
weekly-2026-08-09-r1,weekly_compstat,2026-08-09,1,2026,weekly_running,d053b8953d09a9bb575875df7c2e126133ebe930c15a86098f6a026fcdbbecf8,19,sector,sector_3,Sector 3,misdemeanor_theft,Theft (Misdemeanor),7,26,191,validated
weekly-2026-08-09-r1,weekly_compstat,2026-08-09,1,2026,weekly_running,d053b8953d09a9bb575875df7c2e126133ebe930c15a86098f6a026fcdbbecf8,19,sector,sector_3,Sector 3,murder,Murder,0,0,2,validated
weekly-2026-08-09-r1,weekly_compstat,2026-08-09,1,2026,weekly_running,d053b8953d09a9bb575875df7c2e126133ebe930c15a86098f6a026fcdbbecf8,19,sector,sector_3,Sector 3,rape,Rape,0,2,2,validated
weekly-2026-08-09-r1,weekly_compstat,2026-08-09,1,2026,weekly_running,d053b8953d09a9bb575875df7c2e126133ebe930c15a86098f6a026fcdbbecf8,19,sector,sector_3,Sector 3,robbery,Robbery,2,5,48,validated
weekly-2026-08-09-r1,weekly_compstat,2026-08-09,1,2026,weekly_running,d053b8953d09a9bb575875df7c2e126133ebe930c15a86098f6a026fcdbbecf8,19,sector,sector_3,Sector 3,shooting_incidents,Shooting Incidents,0,1,13,validated
weekly-2026-08-09-r1,weekly_compstat,2026-08-09,1,2026,weekly_running,d053b8953d09a9bb575875df7c2e126133ebe930c15a86098f6a026fcdbbecf8,19,sector,sector_3,Sector 3,shooting_victims,Shooting Victims,0,1,17,validated
weekly-2026-08-16-r1,weekly_compstat,2026-08-16,1,2026,weekly_running,7d23f10cc3e90aaa48cbc3bc24227cb4b6b80a37030aa250dc8b08f3ed7f5917,1,citywide,citywide,Citywide,aggravated_assault,Agg. Assault,6,36,268,validated
weekly-2026-08-16-r1,weekly_compstat,2026-08-16,1,2026,weekly_running,7d23f10cc3e90aaa48cbc3bc24227cb4b6b80a37030aa250dc8b08f3ed7f5917,1,citywide,citywide,Citywide,auto_theft,Auto Theft,5,25,183,validated
weekly-2026-08-16-r1,weekly_compstat,2026-08-16,1,2026,weekly_running,7d23f10cc3e90aaa48cbc3bc24227cb4b6b80a37030aa250dc8b08f3ed7f5917,1,citywide,citywide,Citywide,burglary,Burglary,3,22,221,validated
weekly-2026-08-16-r1,weekly_compstat,2026-08-16,1,2026,weekly_running,7d23f10cc3e90aaa48cbc3bc24227cb4b6b80a37030aa250dc8b08f3ed7f5917,1,citywide,citywide,Citywide,felony_theft,Felony Theft,6,28,140,validated
weekly-2026-08-16-r1,weekly_compstat,2026-08-16,1,2026,weekly_running,7d23f10cc3e90aaa48cbc3bc24227cb4b6b80a37030aa250dc8b08f3ed7f5917,1,citywide,citywide,Citywide,juvenile_shooting_incidents,*Juv Shooting Incidents,0,1,12,validated
weekly-2026-08-16-r1,weekly_compstat,2026-08-16,1,2026,weekly_running,7d23f10cc3e90aaa48cbc3bc24227cb4b6b80a37030aa250dc8b08f3ed7f5917,1,citywide,citywide,Citywide,juvenile_shooting_victims,*Juv Shooting Victims,0,1,12,validated
weekly-2026-08-16-r1,weekly_compstat,2026-08-16,1,2026,weekly_running,7d23f10cc3e90aaa48cbc3bc24227cb4b6b80a37030aa250dc8b08f3ed7f5917,1,citywide,citywide,Citywide,major_crime_total,TOTAL,22,130,956,validated
weekly-2026-08-16-r1,weekly_compstat,2026-08-16,1,2026,weekly_running,7d23f10cc3e90aaa48cbc3bc24227cb4b6b80a37030aa250dc8b08f3ed7f5917,1,citywide,citywide,Citywide,misdemeanor_theft,Theft (Misdemeanor),13,81,597,validated
weekly-2026-08-16-r1,weekly_compstat,2026-08-16,1,2026,weekly_running,7d23f10cc3e90aaa48cbc3bc24227cb4b6b80a37030aa250dc8b08f3ed7f5917,1,citywide,citywide,Citywide,murder,Murder,0,0,7,validated
weekly-2026-08-16-r1,weekly_compstat,2026-08-16,1,2026,weekly_running,7d23f10cc3e90aaa48cbc3bc24227cb4b6b80a37030aa250dc8b08f3ed7f5917,1,citywide,citywide,Citywide,rape,Rape,0,3,3,validated
weekly-2026-08-16-r1,weekly_compstat,2026-08-16,1,2026,weekly_running,7d23f10cc3e90aaa48cbc3bc24227cb4b6b80a37030aa250dc8b08f3ed7f5917,1,citywide,citywide,Citywide,robbery,Robbery,2,16,134,validated
weekly-2026-08-16-r1,weekly_compstat,2026-08-16,1,2026,weekly_running,7d23f10cc3e90aaa48cbc3bc24227cb4b6b80a37030aa250dc8b08f3ed7f5917,1,citywide,citywide,Citywide,shooting_incidents,Shooting Incidents,2,7,42,validated
weekly-2026-08-16-r1,weekly_compstat,2026-08-16,1,2026,weekly_running,7d23f10cc3e90aaa48cbc3bc24227cb4b6b80a37030aa250dc8b08f3ed7f5917,1,citywide,citywide,Citywide,shooting_victims,Shooting Victims,5,10,55,validated
weekly-2026-08-16-r1,weekly_compstat,2026-08-16,1,2026,weekly_running,7d23f10cc3e90aaa48cbc3bc24227cb4b6b80a37030aa250dc8b08f3ed7f5917,13,district,district_10,District 10,aggravated_assault,Agg. Assault,0,0,10,validated
weekly-2026-08-16-r1,weekly_compstat,2026-08-16,1,2026,weekly_running,7d23f10cc3e90aaa48cbc3bc24227cb4b6b80a37030aa250dc8b08f3ed7f5917,13,district,district_10,District 10,auto_theft,Auto Theft,0,0,2,validated
weekly-2026-08-16-r1,weekly_compstat,2026-08-16,1,2026,weekly_running,7d23f10cc3e90aaa48cbc3bc24227cb4b6b80a37030aa250dc8b08f3ed7f5917,13,district,district_10,District 10,burglary,Burglary,0,0,5,validated
weekly-2026-08-16-r1,weekly_compstat,2026-08-16,1,2026,weekly_running,7d23f10cc3e90aaa48cbc3bc24227cb4b6b80a37030aa250dc8b08f3ed7f5917,13,district,district_10,District 10,felony_theft,Felony Theft,0,0,11,validated
weekly-2026-08-16-r1,weekly_compstat,2026-08-16,1,2026,weekly_running,7d23f10cc3e90aaa48cbc3bc24227cb4b6b80a37030aa250dc8b08f3ed7f5917,13,district,district_10,District 10,juvenile_shooting_incidents,*Juv Shooting Incidents,0,0,1,validated
weekly-2026-08-16-r1,weekly_compstat,2026-08-16,1,2026,weekly_running,7d23f10cc3e90aaa48cbc3bc24227cb4b6b80a37030aa250dc8b08f3ed7f5917,13,district,district_10,District 10,juvenile_shooting_victims,*Juv Shooting Victims,0,0,1,validated
weekly-2026-08-16-r1,weekly_compstat,2026-08-16,1,2026,weekly_running,7d23f10cc3e90aaa48cbc3bc24227cb4b6b80a37030aa250dc8b08f3ed7f5917,13,district,district_10,District 10,major_crime_total,TOTAL,1,2,37,validated
weekly-2026-08-16-r1,weekly_compstat,2026-08-16,1,2026,weekly_running,7d23f10cc3e90aaa48cbc3bc24227cb4b6b80a37030aa250dc8b08f3ed7f5917,13,district,district_10,District 10,misdemeanor_theft,Theft (Misdemeanor),1,1,31,validated
weekly-2026-08-16-r1,weekly_compstat,2026-08-16,1,2026,weekly_running,7d23f10cc3e90aaa48cbc3bc24227cb4b6b80a37030aa250dc8b08f3ed7f5917,13,district,district_10,District 10,murder,Murder,0,0,1,validated
weekly-2026-08-16-r1,weekly_compstat,2026-08-16,1,2026,weekly_running,7d23f10cc3e90aaa48cbc3bc24227cb4b6b80a37030aa250dc8b08f3ed7f5917,13,district,district_10,District 10,rape,Rape,0,0,0,validated
weekly-2026-08-16-r1,weekly_compstat,2026-08-16,1,2026,weekly_running,7d23f10cc3e90aaa48cbc3bc24227cb4b6b80a37030aa250dc8b08f3ed7f5917,13,district,district_10,District 10,robbery,Robbery,1,2,8,validated
weekly-2026-08-16-r1,weekly_compstat,2026-08-16,1,2026,weekly_running,7d23f10cc3e90aaa48cbc3bc24227cb4b6b80a37030aa250dc8b08f3ed7f5917,13,district,district_10,District 10,shooting_incidents,Shooting Incidents,0,0,2,validated
weekly-2026-08-16-r1,weekly_compstat,2026-08-16,1,2026,weekly_running,7d23f10cc3e90aaa48cbc3bc24227cb4b6b80a37030aa250dc8b08f3ed7f5917,13,district,district_10,District 10,shooting_victims,Shooting Victims,0,0,2,validated
weekly-2026-08-16-r1,weekly_compstat,2026-08-16,1,2026,weekly_running,7d23f10cc3e90aaa48cbc3bc24227cb4b6b80a37030aa250dc8b08f3ed7f5917,15,district,district_11,District 11,aggravated_assault,Agg. Assault,2,7,47,validated
weekly-2026-08-16-r1,weekly_compstat,2026-08-16,1,2026,weekly_running,7d23f10cc3e90aaa48cbc3bc24227cb4b6b80a37030aa250dc8b08f3ed7f5917,15,district,district_11,District 11,auto_theft,Auto Theft,1,3,18,validated
weekly-2026-08-16-r1,weekly_compstat,2026-08-16,1,2026,weekly_running,7d23f10cc3e90aaa48cbc3bc24227cb4b6b80a37030aa250dc8b08f3ed7f5917,15,district,district_11,District 11,burglary,Burglary,1,2,39,validated
weekly-2026-08-16-r1,weekly_compstat,2026-08-16,1,2026,weekly_running,7d23f10cc3e90aaa48cbc3bc24227cb4b6b80a37030aa250dc8b08f3ed7f5917,15,district,district_11,District 11,felony_theft,Felony Theft,0,4,16,validated
weekly-2026-08-16-r1,weekly_compstat,2026-08-16,1,2026,weekly_running,7d23f10cc3e90aaa48cbc3bc24227cb4b6b80a37030aa250dc8b08f3ed7f5917,15,district,district_11,District 11,juvenile_shooting_incidents,*Juv Shooting Incidents,0,1,2,validated
weekly-2026-08-16-r1,weekly_compstat,2026-08-16,1,2026,weekly_running,7d23f10cc3e90aaa48cbc3bc24227cb4b6b80a37030aa250dc8b08f3ed7f5917,15,district,district_11,District 11,juvenile_shooting_victims,*Juv Shooting Victims,0,1,2,validated
weekly-2026-08-16-r1,weekly_compstat,2026-08-16,1,2026,weekly_running,7d23f10cc3e90aaa48cbc3bc24227cb4b6b80a37030aa250dc8b08f3ed7f5917,15,district,district_11,District 11,major_crime_total,TOTAL,4,18,136,validated
weekly-2026-08-16-r1,weekly_compstat,2026-08-16,1,2026,weekly_running,7d23f10cc3e90aaa48cbc3bc24227cb4b6b80a37030aa250dc8b08f3ed7f5917,15,district,district_11,District 11,misdemeanor_theft,Theft (Misdemeanor),0,10,76,validated
weekly-2026-08-16-r1,weekly_compstat,2026-08-16,1,2026,weekly_running,7d23f10cc3e90aaa48cbc3bc24227cb4b6b80a37030aa250dc8b08f3ed7f5917,15,district,district_11,District 11,murder,Murder,0,0,0,validated
weekly-2026-08-16-r1,weekly_compstat,2026-08-16,1,2026,weekly_running,7d23f10cc3e90aaa48cbc3bc24227cb4b6b80a37030aa250dc8b08f3ed7f5917,15,district,district_11,District 11,rape,Rape,0,0,0,validated
weekly-2026-08-16-r1,weekly_compstat,2026-08-16,1,2026,weekly_running,7d23f10cc3e90aaa48cbc3bc24227cb4b6b80a37030aa250dc8b08f3ed7f5917,15,district,district_11,District 11,robbery,Robbery,0,2,16,validated
weekly-2026-08-16-r1,weekly_compstat,2026-08-16,1,2026,weekly_running,7d23f10cc3e90aaa48cbc3bc24227cb4b6b80a37030aa250dc8b08f3ed7f5917,15,district,district_11,District 11,shooting_incidents,Shooting Incidents,2,4,5,validated
weekly-2026-08-16-r1,weekly_compstat,2026-08-16,1,2026,weekly_running,7d23f10cc3e90aaa48cbc3bc24227cb4b6b80a37030aa250dc8b08f3ed7f5917,15,district,district_11,District 11,shooting_victims,Shooting Victims,5,7,8,validated
weekly-2026-08-16-r1,weekly_compstat,2026-08-16,1,2026,weekly_running,7d23f10cc3e90aaa48cbc3bc24227cb4b6b80a37030aa250dc8b08f3ed7f5917,5,district,district_12,District 12,aggravated_assault,Agg. Assault,1,1,7,validated
weekly-2026-08-16-r1,weekly_compstat,2026-08-16,1,2026,weekly_running,7d23f10cc3e90aaa48cbc3bc24227cb4b6b80a37030aa250dc8b08f3ed7f5917,5,district,district_12,District 12,auto_theft,Auto Theft,0,1,5,validated
weekly-2026-08-16-r1,weekly_compstat,2026-08-16,1,2026,weekly_running,7d23f10cc3e90aaa48cbc3bc24227cb4b6b80a37030aa250dc8b08f3ed7f5917,5,district,district_12,District 12,burglary,Burglary,0,0,6,validated
weekly-2026-08-16-r1,weekly_compstat,2026-08-16,1,2026,weekly_running,7d23f10cc3e90aaa48cbc3bc24227cb4b6b80a37030aa250dc8b08f3ed7f5917,5,district,district_12,District 12,felony_theft,Felony Theft,1,3,10,validated
weekly-2026-08-16-r1,weekly_compstat,2026-08-16,1,2026,weekly_running,7d23f10cc3e90aaa48cbc3bc24227cb4b6b80a37030aa250dc8b08f3ed7f5917,5,district,district_12,District 12,juvenile_shooting_incidents,*Juv Shooting Incidents,0,0,0,validated
weekly-2026-08-16-r1,weekly_compstat,2026-08-16,1,2026,weekly_running,7d23f10cc3e90aaa48cbc3bc24227cb4b6b80a37030aa250dc8b08f3ed7f5917,5,district,district_12,District 12,juvenile_shooting_victims,*Juv Shooting Victims,0,0,0,validated
weekly-2026-08-16-r1,weekly_compstat,2026-08-16,1,2026,weekly_running,7d23f10cc3e90aaa48cbc3bc24227cb4b6b80a37030aa250dc8b08f3ed7f5917,5,district,district_12,District 12,major_crime_total,TOTAL,3,7,35,validated
weekly-2026-08-16-r1,weekly_compstat,2026-08-16,1,2026,weekly_running,7d23f10cc3e90aaa48cbc3bc24227cb4b6b80a37030aa250dc8b08f3ed7f5917,5,district,district_12,District 12,misdemeanor_theft,Theft (Misdemeanor),0,2,20,validated
weekly-2026-08-16-r1,weekly_compstat,2026-08-16,1,2026,weekly_running,7d23f10cc3e90aaa48cbc3bc24227cb4b6b80a37030aa250dc8b08f3ed7f5917,5,district,district_12,District 12,murder,Murder,0,0,0,validated
weekly-2026-08-16-r1,weekly_compstat,2026-08-16,1,2026,weekly_running,7d23f10cc3e90aaa48cbc3bc24227cb4b6b80a37030aa250dc8b08f3ed7f5917,5,district,district_12,District 12,rape,Rape,0,0,0,validated
weekly-2026-08-16-r1,weekly_compstat,2026-08-16,1,2026,weekly_running,7d23f10cc3e90aaa48cbc3bc24227cb4b6b80a37030aa250dc8b08f3ed7f5917,5,district,district_12,District 12,robbery,Robbery,1,2,7,validated
weekly-2026-08-16-r1,weekly_compstat,2026-08-16,1,2026,weekly_running,7d23f10cc3e90aaa48cbc3bc24227cb4b6b80a37030aa250dc8b08f3ed7f5917,5,district,district_12,District 12,shooting_incidents,Shooting Incidents,0,0,0,validated
weekly-2026-08-16-r1,weekly_compstat,2026-08-16,1,2026,weekly_running,7d23f10cc3e90aaa48cbc3bc24227cb4b6b80a37030aa250dc8b08f3ed7f5917,5,district,district_12,District 12,shooting_victims,Shooting Victims,0,0,0,validated
weekly-2026-08-16-r1,weekly_compstat,2026-08-16,1,2026,weekly_running,7d23f10cc3e90aaa48cbc3bc24227cb4b6b80a37030aa250dc8b08f3ed7f5917,7,district,district_13,District 13,aggravated_assault,Agg. Assault,0,5,31,validated
weekly-2026-08-16-r1,weekly_compstat,2026-08-16,1,2026,weekly_running,7d23f10cc3e90aaa48cbc3bc24227cb4b6b80a37030aa250dc8b08f3ed7f5917,7,district,district_13,District 13,auto_theft,Auto Theft,0,5,31,validated
weekly-2026-08-16-r1,weekly_compstat,2026-08-16,1,2026,weekly_running,7d23f10cc3e90aaa48cbc3bc24227cb4b6b80a37030aa250dc8b08f3ed7f5917,7,district,district_13,District 13,burglary,Burglary,0,1,18,validated
weekly-2026-08-16-r1,weekly_compstat,2026-08-16,1,2026,weekly_running,7d23f10cc3e90aaa48cbc3bc24227cb4b6b80a37030aa250dc8b08f3ed7f5917,7,district,district_13,District 13,felony_theft,Felony Theft,0,0,15,validated
weekly-2026-08-16-r1,weekly_compstat,2026-08-16,1,2026,weekly_running,7d23f10cc3e90aaa48cbc3bc24227cb4b6b80a37030aa250dc8b08f3ed7f5917,7,district,district_13,District 13,juvenile_shooting_incidents,*Juv Shooting Incidents,0,0,2,validated
weekly-2026-08-16-r1,weekly_compstat,2026-08-16,1,2026,weekly_running,7d23f10cc3e90aaa48cbc3bc24227cb4b6b80a37030aa250dc8b08f3ed7f5917,7,district,district_13,District 13,juvenile_shooting_victims,*Juv Shooting Victims,0,0,2,validated
weekly-2026-08-16-r1,weekly_compstat,2026-08-16,1,2026,weekly_running,7d23f10cc3e90aaa48cbc3bc24227cb4b6b80a37030aa250dc8b08f3ed7f5917,7,district,district_13,District 13,major_crime_total,TOTAL,0,13,108,validated
weekly-2026-08-16-r1,weekly_compstat,2026-08-16,1,2026,weekly_running,7d23f10cc3e90aaa48cbc3bc24227cb4b6b80a37030aa250dc8b08f3ed7f5917,7,district,district_13,District 13,misdemeanor_theft,Theft (Misdemeanor),1,10,53,validated
weekly-2026-08-16-r1,weekly_compstat,2026-08-16,1,2026,weekly_running,7d23f10cc3e90aaa48cbc3bc24227cb4b6b80a37030aa250dc8b08f3ed7f5917,7,district,district_13,District 13,murder,Murder,0,0,0,validated
weekly-2026-08-16-r1,weekly_compstat,2026-08-16,1,2026,weekly_running,7d23f10cc3e90aaa48cbc3bc24227cb4b6b80a37030aa250dc8b08f3ed7f5917,7,district,district_13,District 13,rape,Rape,0,0,0,validated
weekly-2026-08-16-r1,weekly_compstat,2026-08-16,1,2026,weekly_running,7d23f10cc3e90aaa48cbc3bc24227cb4b6b80a37030aa250dc8b08f3ed7f5917,7,district,district_13,District 13,robbery,Robbery,0,2,13,validated
weekly-2026-08-16-r1,weekly_compstat,2026-08-16,1,2026,weekly_running,7d23f10cc3e90aaa48cbc3bc24227cb4b6b80a37030aa250dc8b08f3ed7f5917,7,district,district_13,District 13,shooting_incidents,Shooting Incidents,0,1,7,validated
weekly-2026-08-16-r1,weekly_compstat,2026-08-16,1,2026,weekly_running,7d23f10cc3e90aaa48cbc3bc24227cb4b6b80a37030aa250dc8b08f3ed7f5917,7,district,district_13,District 13,shooting_victims,Shooting Victims,0,1,9,validated
weekly-2026-08-16-r1,weekly_compstat,2026-08-16,1,2026,weekly_running,7d23f10cc3e90aaa48cbc3bc24227cb4b6b80a37030aa250dc8b08f3ed7f5917,9,district,district_14,District 14,aggravated_assault,Agg. Assault,0,3,36,validated
weekly-2026-08-16-r1,weekly_compstat,2026-08-16,1,2026,weekly_running,7d23f10cc3e90aaa48cbc3bc24227cb4b6b80a37030aa250dc8b08f3ed7f5917,9,district,district_14,District 14,auto_theft,Auto Theft,3,7,43,validated
weekly-2026-08-16-r1,weekly_compstat,2026-08-16,1,2026,weekly_running,7d23f10cc3e90aaa48cbc3bc24227cb4b6b80a37030aa250dc8b08f3ed7f5917,9,district,district_14,District 14,burglary,Burglary,0,9,34,validated
weekly-2026-08-16-r1,weekly_compstat,2026-08-16,1,2026,weekly_running,7d23f10cc3e90aaa48cbc3bc24227cb4b6b80a37030aa250dc8b08f3ed7f5917,9,district,district_14,District 14,felony_theft,Felony Theft,0,6,27,validated
weekly-2026-08-16-r1,weekly_compstat,2026-08-16,1,2026,weekly_running,7d23f10cc3e90aaa48cbc3bc24227cb4b6b80a37030aa250dc8b08f3ed7f5917,9,district,district_14,District 14,juvenile_shooting_incidents,*Juv Shooting Incidents,0,0,0,validated
weekly-2026-08-16-r1,weekly_compstat,2026-08-16,1,2026,weekly_running,7d23f10cc3e90aaa48cbc3bc24227cb4b6b80a37030aa250dc8b08f3ed7f5917,9,district,district_14,District 14,juvenile_shooting_victims,*Juv Shooting Victims,0,0,0,validated
weekly-2026-08-16-r1,weekly_compstat,2026-08-16,1,2026,weekly_running,7d23f10cc3e90aaa48cbc3bc24227cb4b6b80a37030aa250dc8b08f3ed7f5917,9,district,district_14,District 14,major_crime_total,TOTAL,3,25,146,validated
weekly-2026-08-16-r1,weekly_compstat,2026-08-16,1,2026,weekly_running,7d23f10cc3e90aaa48cbc3bc24227cb4b6b80a37030aa250dc8b08f3ed7f5917,9,district,district_14,District 14,misdemeanor_theft,Theft (Misdemeanor),2,19,104,validated
weekly-2026-08-16-r1,weekly_compstat,2026-08-16,1,2026,weekly_running,7d23f10cc3e90aaa48cbc3bc24227cb4b6b80a37030aa250dc8b08f3ed7f5917,9,district,district_14,District 14,murder,Murder,0,0,0,validated
weekly-2026-08-16-r1,weekly_compstat,2026-08-16,1,2026,weekly_running,7d23f10cc3e90aaa48cbc3bc24227cb4b6b80a37030aa250dc8b08f3ed7f5917,9,district,district_14,District 14,rape,Rape,0,0,0,validated
weekly-2026-08-16-r1,weekly_compstat,2026-08-16,1,2026,weekly_running,7d23f10cc3e90aaa48cbc3bc24227cb4b6b80a37030aa250dc8b08f3ed7f5917,9,district,district_14,District 14,robbery,Robbery,0,0,6,validated
weekly-2026-08-16-r1,weekly_compstat,2026-08-16,1,2026,weekly_running,7d23f10cc3e90aaa48cbc3bc24227cb4b6b80a37030aa250dc8b08f3ed7f5917,9,district,district_14,District 14,shooting_incidents,Shooting Incidents,0,0,4,validated
weekly-2026-08-16-r1,weekly_compstat,2026-08-16,1,2026,weekly_running,7d23f10cc3e90aaa48cbc3bc24227cb4b6b80a37030aa250dc8b08f3ed7f5917,9,district,district_14,District 14,shooting_victims,Shooting Victims,0,0,4,validated
weekly-2026-08-16-r1,weekly_compstat,2026-08-16,1,2026,weekly_running,7d23f10cc3e90aaa48cbc3bc24227cb4b6b80a37030aa250dc8b08f3ed7f5917,17,district,district_16,District 16,aggravated_assault,Agg. Assault,0,6,45,validated
weekly-2026-08-16-r1,weekly_compstat,2026-08-16,1,2026,weekly_running,7d23f10cc3e90aaa48cbc3bc24227cb4b6b80a37030aa250dc8b08f3ed7f5917,17,district,district_16,District 16,auto_theft,Auto Theft,0,4,21,validated
weekly-2026-08-16-r1,weekly_compstat,2026-08-16,1,2026,weekly_running,7d23f10cc3e90aaa48cbc3bc24227cb4b6b80a37030aa250dc8b08f3ed7f5917,17,district,district_16,District 16,burglary,Burglary,0,2,33,validated
weekly-2026-08-16-r1,weekly_compstat,2026-08-16,1,2026,weekly_running,7d23f10cc3e90aaa48cbc3bc24227cb4b6b80a37030aa250dc8b08f3ed7f5917,17,district,district_16,District 16,felony_theft,Felony Theft,3,8,21,validated
weekly-2026-08-16-r1,weekly_compstat,2026-08-16,1,2026,weekly_running,7d23f10cc3e90aaa48cbc3bc24227cb4b6b80a37030aa250dc8b08f3ed7f5917,17,district,district_16,District 16,juvenile_shooting_incidents,*Juv Shooting Incidents,0,0,3,validated
weekly-2026-08-16-r1,weekly_compstat,2026-08-16,1,2026,weekly_running,7d23f10cc3e90aaa48cbc3bc24227cb4b6b80a37030aa250dc8b08f3ed7f5917,17,district,district_16,District 16,juvenile_shooting_victims,*Juv Shooting Victims,0,0,3,validated
weekly-2026-08-16-r1,weekly_compstat,2026-08-16,1,2026,weekly_running,7d23f10cc3e90aaa48cbc3bc24227cb4b6b80a37030aa250dc8b08f3ed7f5917,17,district,district_16,District 16,major_crime_total,TOTAL,3,23,160,validated
weekly-2026-08-16-r1,weekly_compstat,2026-08-16,1,2026,weekly_running,7d23f10cc3e90aaa48cbc3bc24227cb4b6b80a37030aa250dc8b08f3ed7f5917,17,district,district_16,District 16,misdemeanor_theft,Theft (Misdemeanor),3,10,113,validated
weekly-2026-08-16-r1,weekly_compstat,2026-08-16,1,2026,weekly_running,7d23f10cc3e90aaa48cbc3bc24227cb4b6b80a37030aa250dc8b08f3ed7f5917,17,district,district_16,District 16,murder,Murder,0,0,4,validated
weekly-2026-08-16-r1,weekly_compstat,2026-08-16,1,2026,weekly_running,7d23f10cc3e90aaa48cbc3bc24227cb4b6b80a37030aa250dc8b08f3ed7f5917,17,district,district_16,District 16,rape,Rape,0,0,0,validated
weekly-2026-08-16-r1,weekly_compstat,2026-08-16,1,2026,weekly_running,7d23f10cc3e90aaa48cbc3bc24227cb4b6b80a37030aa250dc8b08f3ed7f5917,17,district,district_16,District 16,robbery,Robbery,0,3,36,validated
weekly-2026-08-16-r1,weekly_compstat,2026-08-16,1,2026,weekly_running,7d23f10cc3e90aaa48cbc3bc24227cb4b6b80a37030aa250dc8b08f3ed7f5917,17,district,district_16,District 16,shooting_incidents,Shooting Incidents,0,1,11,validated
weekly-2026-08-16-r1,weekly_compstat,2026-08-16,1,2026,weekly_running,7d23f10cc3e90aaa48cbc3bc24227cb4b6b80a37030aa250dc8b08f3ed7f5917,17,district,district_16,District 16,shooting_victims,Shooting Victims,0,1,15,validated
weekly-2026-08-16-r1,weekly_compstat,2026-08-16,1,2026,weekly_running,7d23f10cc3e90aaa48cbc3bc24227cb4b6b80a37030aa250dc8b08f3ed7f5917,21,district,district_17,District 17,aggravated_assault,Agg. Assault,3,8,50,validated
weekly-2026-08-16-r1,weekly_compstat,2026-08-16,1,2026,weekly_running,7d23f10cc3e90aaa48cbc3bc24227cb4b6b80a37030aa250dc8b08f3ed7f5917,21,district,district_17,District 17,auto_theft,Auto Theft,0,1,22,validated
weekly-2026-08-16-r1,weekly_compstat,2026-08-16,1,2026,weekly_running,7d23f10cc3e90aaa48cbc3bc24227cb4b6b80a37030aa250dc8b08f3ed7f5917,21,district,district_17,District 17,burglary,Burglary,2,3,26,validated
weekly-2026-08-16-r1,weekly_compstat,2026-08-16,1,2026,weekly_running,7d23f10cc3e90aaa48cbc3bc24227cb4b6b80a37030aa250dc8b08f3ed7f5917,21,district,district_17,District 17,felony_theft,Felony Theft,0,1,8,validated
weekly-2026-08-16-r1,weekly_compstat,2026-08-16,1,2026,weekly_running,7d23f10cc3e90aaa48cbc3bc24227cb4b6b80a37030aa250dc8b08f3ed7f5917,21,district,district_17,District 17,juvenile_shooting_incidents,*Juv Shooting Incidents,0,0,1,validated
weekly-2026-08-16-r1,weekly_compstat,2026-08-16,1,2026,weekly_running,7d23f10cc3e90aaa48cbc3bc24227cb4b6b80a37030aa250dc8b08f3ed7f5917,21,district,district_17,District 17,juvenile_shooting_victims,*Juv Shooting Victims,0,0,1,validated
weekly-2026-08-16-r1,weekly_compstat,2026-08-16,1,2026,weekly_running,7d23f10cc3e90aaa48cbc3bc24227cb4b6b80a37030aa250dc8b08f3ed7f5917,21,district,district_17,District 17,major_crime_total,TOTAL,5,16,130,validated
weekly-2026-08-16-r1,weekly_compstat,2026-08-16,1,2026,weekly_running,7d23f10cc3e90aaa48cbc3bc24227cb4b6b80a37030aa250dc8b08f3ed7f5917,21,district,district_17,District 17,misdemeanor_theft,Theft (Misdemeanor),1,9,56,validated
weekly-2026-08-16-r1,weekly_compstat,2026-08-16,1,2026,weekly_running,7d23f10cc3e90aaa48cbc3bc24227cb4b6b80a37030aa250dc8b08f3ed7f5917,21,district,district_17,District 17,murder,Murder,0,0,1,validated
weekly-2026-08-16-r1,weekly_compstat,2026-08-16,1,2026,weekly_running,7d23f10cc3e90aaa48cbc3bc24227cb4b6b80a37030aa250dc8b08f3ed7f5917,21,district,district_17,District 17,rape,Rape,0,1,1,validated
weekly-2026-08-16-r1,weekly_compstat,2026-08-16,1,2026,weekly_running,7d23f10cc3e90aaa48cbc3bc24227cb4b6b80a37030aa250dc8b08f3ed7f5917,21,district,district_17,District 17,robbery,Robbery,0,2,22,validated
weekly-2026-08-16-r1,weekly_compstat,2026-08-16,1,2026,weekly_running,7d23f10cc3e90aaa48cbc3bc24227cb4b6b80a37030aa250dc8b08f3ed7f5917,21,district,district_17,District 17,shooting_incidents,Shooting Incidents,0,1,7,validated
weekly-2026-08-16-r1,weekly_compstat,2026-08-16,1,2026,weekly_running,7d23f10cc3e90aaa48cbc3bc24227cb4b6b80a37030aa250dc8b08f3ed7f5917,21,district,district_17,District 17,shooting_victims,Shooting Victims,0,1,9,validated
weekly-2026-08-16-r1,weekly_compstat,2026-08-16,1,2026,weekly_running,7d23f10cc3e90aaa48cbc3bc24227cb4b6b80a37030aa250dc8b08f3ed7f5917,23,district,district_18,District 18,aggravated_assault,Agg. Assault,0,3,28,validated
weekly-2026-08-16-r1,weekly_compstat,2026-08-16,1,2026,weekly_running,7d23f10cc3e90aaa48cbc3bc24227cb4b6b80a37030aa250dc8b08f3ed7f5917,23,district,district_18,District 18,auto_theft,Auto Theft,0,1,18,validated
weekly-2026-08-16-r1,weekly_compstat,2026-08-16,1,2026,weekly_running,7d23f10cc3e90aaa48cbc3bc24227cb4b6b80a37030aa250dc8b08f3ed7f5917,23,district,district_18,District 18,burglary,Burglary,0,3,36,validated
weekly-2026-08-16-r1,weekly_compstat,2026-08-16,1,2026,weekly_running,7d23f10cc3e90aaa48cbc3bc24227cb4b6b80a37030aa250dc8b08f3ed7f5917,23,district,district_18,District 18,felony_theft,Felony Theft,1,3,20,validated
weekly-2026-08-16-r1,weekly_compstat,2026-08-16,1,2026,weekly_running,7d23f10cc3e90aaa48cbc3bc24227cb4b6b80a37030aa250dc8b08f3ed7f5917,23,district,district_18,District 18,juvenile_shooting_incidents,*Juv Shooting Incidents,0,0,2,validated
weekly-2026-08-16-r1,weekly_compstat,2026-08-16,1,2026,weekly_running,7d23f10cc3e90aaa48cbc3bc24227cb4b6b80a37030aa250dc8b08f3ed7f5917,23,district,district_18,District 18,juvenile_shooting_victims,*Juv Shooting Victims,0,0,2,validated
weekly-2026-08-16-r1,weekly_compstat,2026-08-16,1,2026,weekly_running,7d23f10cc3e90aaa48cbc3bc24227cb4b6b80a37030aa250dc8b08f3ed7f5917,23,district,district_18,District 18,major_crime_total,TOTAL,1,13,122,validated
weekly-2026-08-16-r1,weekly_compstat,2026-08-16,1,2026,weekly_running,7d23f10cc3e90aaa48cbc3bc24227cb4b6b80a37030aa250dc8b08f3ed7f5917,23,district,district_18,District 18,misdemeanor_theft,Theft (Misdemeanor),2,14,97,validated
weekly-2026-08-16-r1,weekly_compstat,2026-08-16,1,2026,weekly_running,7d23f10cc3e90aaa48cbc3bc24227cb4b6b80a37030aa250dc8b08f3ed7f5917,23,district,district_18,District 18,murder,Murder,0,0,1,validated
weekly-2026-08-16-r1,weekly_compstat,2026-08-16,1,2026,weekly_running,7d23f10cc3e90aaa48cbc3bc24227cb4b6b80a37030aa250dc8b08f3ed7f5917,23,district,district_18,District 18,rape,Rape,0,2,2,validated
weekly-2026-08-16-r1,weekly_compstat,2026-08-16,1,2026,weekly_running,7d23f10cc3e90aaa48cbc3bc24227cb4b6b80a37030aa250dc8b08f3ed7f5917,23,district,district_18,District 18,robbery,Robbery,0,1,17,validated
weekly-2026-08-16-r1,weekly_compstat,2026-08-16,1,2026,weekly_running,7d23f10cc3e90aaa48cbc3bc24227cb4b6b80a37030aa250dc8b08f3ed7f5917,23,district,district_18,District 18,shooting_incidents,Shooting Incidents,0,0,4,validated
weekly-2026-08-16-r1,weekly_compstat,2026-08-16,1,2026,weekly_running,7d23f10cc3e90aaa48cbc3bc24227cb4b6b80a37030aa250dc8b08f3ed7f5917,23,district,district_18,District 18,shooting_victims,Shooting Victims,0,0,5,validated
weekly-2026-08-16-r1,weekly_compstat,2026-08-16,1,2026,weekly_running,7d23f10cc3e90aaa48cbc3bc24227cb4b6b80a37030aa250dc8b08f3ed7f5917,25,district,district_19,District 19,aggravated_assault,Agg. Assault,0,3,14,validated
weekly-2026-08-16-r1,weekly_compstat,2026-08-16,1,2026,weekly_running,7d23f10cc3e90aaa48cbc3bc24227cb4b6b80a37030aa250dc8b08f3ed7f5917,25,district,district_19,District 19,auto_theft,Auto Theft,1,3,23,validated
weekly-2026-08-16-r1,weekly_compstat,2026-08-16,1,2026,weekly_running,7d23f10cc3e90aaa48cbc3bc24227cb4b6b80a37030aa250dc8b08f3ed7f5917,25,district,district_19,District 19,burglary,Burglary,0,2,24,validated
weekly-2026-08-16-r1,weekly_compstat,2026-08-16,1,2026,weekly_running,7d23f10cc3e90aaa48cbc3bc24227cb4b6b80a37030aa250dc8b08f3ed7f5917,25,district,district_19,District 19,felony_theft,Felony Theft,1,3,12,validated
weekly-2026-08-16-r1,weekly_compstat,2026-08-16,1,2026,weekly_running,7d23f10cc3e90aaa48cbc3bc24227cb4b6b80a37030aa250dc8b08f3ed7f5917,25,district,district_19,District 19,juvenile_shooting_incidents,*Juv Shooting Incidents,0,0,1,validated
weekly-2026-08-16-r1,weekly_compstat,2026-08-16,1,2026,weekly_running,7d23f10cc3e90aaa48cbc3bc24227cb4b6b80a37030aa250dc8b08f3ed7f5917,25,district,district_19,District 19,juvenile_shooting_victims,*Juv Shooting Victims,0,0,1,validated
weekly-2026-08-16-r1,weekly_compstat,2026-08-16,1,2026,weekly_running,7d23f10cc3e90aaa48cbc3bc24227cb4b6b80a37030aa250dc8b08f3ed7f5917,25,district,district_19,District 19,major_crime_total,TOTAL,2,13,82,validated
weekly-2026-08-16-r1,weekly_compstat,2026-08-16,1,2026,weekly_running,7d23f10cc3e90aaa48cbc3bc24227cb4b6b80a37030aa250dc8b08f3ed7f5917,25,district,district_19,District 19,misdemeanor_theft,Theft (Misdemeanor),3,6,47,validated
weekly-2026-08-16-r1,weekly_compstat,2026-08-16,1,2026,weekly_running,7d23f10cc3e90aaa48cbc3bc24227cb4b6b80a37030aa250dc8b08f3ed7f5917,25,district,district_19,District 19,murder,Murder,0,0,0,validated
weekly-2026-08-16-r1,weekly_compstat,2026-08-16,1,2026,weekly_running,7d23f10cc3e90aaa48cbc3bc24227cb4b6b80a37030aa250dc8b08f3ed7f5917,25,district,district_19,District 19,rape,Rape,0,0,0,validated
weekly-2026-08-16-r1,weekly_compstat,2026-08-16,1,2026,weekly_running,7d23f10cc3e90aaa48cbc3bc24227cb4b6b80a37030aa250dc8b08f3ed7f5917,25,district,district_19,District 19,robbery,Robbery,0,2,9,validated
weekly-2026-08-16-r1,weekly_compstat,2026-08-16,1,2026,weekly_running,7d23f10cc3e90aaa48cbc3bc24227cb4b6b80a37030aa250dc8b08f3ed7f5917,25,district,district_19,District 19,shooting_incidents,Shooting Incidents,0,0,2,validated
weekly-2026-08-16-r1,weekly_compstat,2026-08-16,1,2026,weekly_running,7d23f10cc3e90aaa48cbc3bc24227cb4b6b80a37030aa250dc8b08f3ed7f5917,25,district,district_19,District 19,shooting_victims,Shooting Victims,0,0,3,validated
weekly-2026-08-16-r1,weekly_compstat,2026-08-16,1,2026,weekly_running,7d23f10cc3e90aaa48cbc3bc24227cb4b6b80a37030aa250dc8b08f3ed7f5917,3,sector,sector_1,Sector 1,aggravated_assault,Agg. Assault,1,9,74,validated
weekly-2026-08-16-r1,weekly_compstat,2026-08-16,1,2026,weekly_running,7d23f10cc3e90aaa48cbc3bc24227cb4b6b80a37030aa250dc8b08f3ed7f5917,3,sector,sector_1,Sector 1,auto_theft,Auto Theft,3,13,79,validated
weekly-2026-08-16-r1,weekly_compstat,2026-08-16,1,2026,weekly_running,7d23f10cc3e90aaa48cbc3bc24227cb4b6b80a37030aa250dc8b08f3ed7f5917,3,sector,sector_1,Sector 1,burglary,Burglary,0,10,58,validated
weekly-2026-08-16-r1,weekly_compstat,2026-08-16,1,2026,weekly_running,7d23f10cc3e90aaa48cbc3bc24227cb4b6b80a37030aa250dc8b08f3ed7f5917,3,sector,sector_1,Sector 1,felony_theft,Felony Theft,1,9,52,validated
weekly-2026-08-16-r1,weekly_compstat,2026-08-16,1,2026,weekly_running,7d23f10cc3e90aaa48cbc3bc24227cb4b6b80a37030aa250dc8b08f3ed7f5917,3,sector,sector_1,Sector 1,juvenile_shooting_incidents,*Juv Shooting Incidents,0,0,2,validated
weekly-2026-08-16-r1,weekly_compstat,2026-08-16,1,2026,weekly_running,7d23f10cc3e90aaa48cbc3bc24227cb4b6b80a37030aa250dc8b08f3ed7f5917,3,sector,sector_1,Sector 1,juvenile_shooting_victims,*Juv Shooting Victims,0,0,2,validated
weekly-2026-08-16-r1,weekly_compstat,2026-08-16,1,2026,weekly_running,7d23f10cc3e90aaa48cbc3bc24227cb4b6b80a37030aa250dc8b08f3ed7f5917,3,sector,sector_1,Sector 1,major_crime_total,TOTAL,6,45,289,validated
weekly-2026-08-16-r1,weekly_compstat,2026-08-16,1,2026,weekly_running,7d23f10cc3e90aaa48cbc3bc24227cb4b6b80a37030aa250dc8b08f3ed7f5917,3,sector,sector_1,Sector 1,misdemeanor_theft,Theft (Misdemeanor),3,31,177,validated
weekly-2026-08-16-r1,weekly_compstat,2026-08-16,1,2026,weekly_running,7d23f10cc3e90aaa48cbc3bc24227cb4b6b80a37030aa250dc8b08f3ed7f5917,3,sector,sector_1,Sector 1,murder,Murder,0,0,0,validated
weekly-2026-08-16-r1,weekly_compstat,2026-08-16,1,2026,weekly_running,7d23f10cc3e90aaa48cbc3bc24227cb4b6b80a37030aa250dc8b08f3ed7f5917,3,sector,sector_1,Sector 1,rape,Rape,0,0,0,validated
weekly-2026-08-16-r1,weekly_compstat,2026-08-16,1,2026,weekly_running,7d23f10cc3e90aaa48cbc3bc24227cb4b6b80a37030aa250dc8b08f3ed7f5917,3,sector,sector_1,Sector 1,robbery,Robbery,1,4,26,validated
weekly-2026-08-16-r1,weekly_compstat,2026-08-16,1,2026,weekly_running,7d23f10cc3e90aaa48cbc3bc24227cb4b6b80a37030aa250dc8b08f3ed7f5917,3,sector,sector_1,Sector 1,shooting_incidents,Shooting Incidents,0,1,11,validated
weekly-2026-08-16-r1,weekly_compstat,2026-08-16,1,2026,weekly_running,7d23f10cc3e90aaa48cbc3bc24227cb4b6b80a37030aa250dc8b08f3ed7f5917,3,sector,sector_1,Sector 1,shooting_victims,Shooting Victims,0,1,13,validated
weekly-2026-08-16-r1,weekly_compstat,2026-08-16,1,2026,weekly_running,7d23f10cc3e90aaa48cbc3bc24227cb4b6b80a37030aa250dc8b08f3ed7f5917,11,sector,sector_2,Sector 2,aggravated_assault,Agg. Assault,2,13,102,validated
weekly-2026-08-16-r1,weekly_compstat,2026-08-16,1,2026,weekly_running,7d23f10cc3e90aaa48cbc3bc24227cb4b6b80a37030aa250dc8b08f3ed7f5917,11,sector,sector_2,Sector 2,auto_theft,Auto Theft,1,7,41,validated
weekly-2026-08-16-r1,weekly_compstat,2026-08-16,1,2026,weekly_running,7d23f10cc3e90aaa48cbc3bc24227cb4b6b80a37030aa250dc8b08f3ed7f5917,11,sector,sector_2,Sector 2,burglary,Burglary,1,4,77,validated
weekly-2026-08-16-r1,weekly_compstat,2026-08-16,1,2026,weekly_running,7d23f10cc3e90aaa48cbc3bc24227cb4b6b80a37030aa250dc8b08f3ed7f5917,11,sector,sector_2,Sector 2,felony_theft,Felony Theft,3,12,48,validated
weekly-2026-08-16-r1,weekly_compstat,2026-08-16,1,2026,weekly_running,7d23f10cc3e90aaa48cbc3bc24227cb4b6b80a37030aa250dc8b08f3ed7f5917,11,sector,sector_2,Sector 2,juvenile_shooting_incidents,*Juv Shooting Incidents,0,1,6,validated
weekly-2026-08-16-r1,weekly_compstat,2026-08-16,1,2026,weekly_running,7d23f10cc3e90aaa48cbc3bc24227cb4b6b80a37030aa250dc8b08f3ed7f5917,11,sector,sector_2,Sector 2,juvenile_shooting_victims,*Juv Shooting Victims,0,1,6,validated
weekly-2026-08-16-r1,weekly_compstat,2026-08-16,1,2026,weekly_running,7d23f10cc3e90aaa48cbc3bc24227cb4b6b80a37030aa250dc8b08f3ed7f5917,11,sector,sector_2,Sector 2,major_crime_total,TOTAL,8,43,333,validated
weekly-2026-08-16-r1,weekly_compstat,2026-08-16,1,2026,weekly_running,7d23f10cc3e90aaa48cbc3bc24227cb4b6b80a37030aa250dc8b08f3ed7f5917,11,sector,sector_2,Sector 2,misdemeanor_theft,Theft (Misdemeanor),4,21,220,validated
weekly-2026-08-16-r1,weekly_compstat,2026-08-16,1,2026,weekly_running,7d23f10cc3e90aaa48cbc3bc24227cb4b6b80a37030aa250dc8b08f3ed7f5917,11,sector,sector_2,Sector 2,murder,Murder,0,0,5,validated
weekly-2026-08-16-r1,weekly_compstat,2026-08-16,1,2026,weekly_running,7d23f10cc3e90aaa48cbc3bc24227cb4b6b80a37030aa250dc8b08f3ed7f5917,11,sector,sector_2,Sector 2,rape,Rape,0,0,0,validated
weekly-2026-08-16-r1,weekly_compstat,2026-08-16,1,2026,weekly_running,7d23f10cc3e90aaa48cbc3bc24227cb4b6b80a37030aa250dc8b08f3ed7f5917,11,sector,sector_2,Sector 2,robbery,Robbery,1,7,60,validated
weekly-2026-08-16-r1,weekly_compstat,2026-08-16,1,2026,weekly_running,7d23f10cc3e90aaa48cbc3bc24227cb4b6b80a37030aa250dc8b08f3ed7f5917,11,sector,sector_2,Sector 2,shooting_incidents,Shooting Incidents,2,5,18,validated
weekly-2026-08-16-r1,weekly_compstat,2026-08-16,1,2026,weekly_running,7d23f10cc3e90aaa48cbc3bc24227cb4b6b80a37030aa250dc8b08f3ed7f5917,11,sector,sector_2,Sector 2,shooting_victims,Shooting Victims,5,8,25,validated
weekly-2026-08-16-r1,weekly_compstat,2026-08-16,1,2026,weekly_running,7d23f10cc3e90aaa48cbc3bc24227cb4b6b80a37030aa250dc8b08f3ed7f5917,19,sector,sector_3,Sector 3,aggravated_assault,Agg. Assault,3,14,92,validated
weekly-2026-08-16-r1,weekly_compstat,2026-08-16,1,2026,weekly_running,7d23f10cc3e90aaa48cbc3bc24227cb4b6b80a37030aa250dc8b08f3ed7f5917,19,sector,sector_3,Sector 3,auto_theft,Auto Theft,1,5,63,validated
weekly-2026-08-16-r1,weekly_compstat,2026-08-16,1,2026,weekly_running,7d23f10cc3e90aaa48cbc3bc24227cb4b6b80a37030aa250dc8b08f3ed7f5917,19,sector,sector_3,Sector 3,burglary,Burglary,2,8,86,validated
weekly-2026-08-16-r1,weekly_compstat,2026-08-16,1,2026,weekly_running,7d23f10cc3e90aaa48cbc3bc24227cb4b6b80a37030aa250dc8b08f3ed7f5917,19,sector,sector_3,Sector 3,felony_theft,Felony Theft,2,7,40,validated
weekly-2026-08-16-r1,weekly_compstat,2026-08-16,1,2026,weekly_running,7d23f10cc3e90aaa48cbc3bc24227cb4b6b80a37030aa250dc8b08f3ed7f5917,19,sector,sector_3,Sector 3,juvenile_shooting_incidents,*Juv Shooting Incidents,0,0,4,validated
weekly-2026-08-16-r1,weekly_compstat,2026-08-16,1,2026,weekly_running,7d23f10cc3e90aaa48cbc3bc24227cb4b6b80a37030aa250dc8b08f3ed7f5917,19,sector,sector_3,Sector 3,juvenile_shooting_victims,*Juv Shooting Victims,0,0,4,validated
weekly-2026-08-16-r1,weekly_compstat,2026-08-16,1,2026,weekly_running,7d23f10cc3e90aaa48cbc3bc24227cb4b6b80a37030aa250dc8b08f3ed7f5917,19,sector,sector_3,Sector 3,major_crime_total,TOTAL,8,42,334,validated
weekly-2026-08-16-r1,weekly_compstat,2026-08-16,1,2026,weekly_running,7d23f10cc3e90aaa48cbc3bc24227cb4b6b80a37030aa250dc8b08f3ed7f5917,19,sector,sector_3,Sector 3,misdemeanor_theft,Theft (Misdemeanor),6,29,200,validated
weekly-2026-08-16-r1,weekly_compstat,2026-08-16,1,2026,weekly_running,7d23f10cc3e90aaa48cbc3bc24227cb4b6b80a37030aa250dc8b08f3ed7f5917,19,sector,sector_3,Sector 3,murder,Murder,0,0,2,validated
weekly-2026-08-16-r1,weekly_compstat,2026-08-16,1,2026,weekly_running,7d23f10cc3e90aaa48cbc3bc24227cb4b6b80a37030aa250dc8b08f3ed7f5917,19,sector,sector_3,Sector 3,rape,Rape,0,3,3,validated
weekly-2026-08-16-r1,weekly_compstat,2026-08-16,1,2026,weekly_running,7d23f10cc3e90aaa48cbc3bc24227cb4b6b80a37030aa250dc8b08f3ed7f5917,19,sector,sector_3,Sector 3,robbery,Robbery,0,5,48,validated
weekly-2026-08-16-r1,weekly_compstat,2026-08-16,1,2026,weekly_running,7d23f10cc3e90aaa48cbc3bc24227cb4b6b80a37030aa250dc8b08f3ed7f5917,19,sector,sector_3,Sector 3,shooting_incidents,Shooting Incidents,0,1,13,validated
weekly-2026-08-16-r1,weekly_compstat,2026-08-16,1,2026,weekly_running,7d23f10cc3e90aaa48cbc3bc24227cb4b6b80a37030aa250dc8b08f3ed7f5917,19,sector,sector_3,Sector 3,shooting_victims,Shooting Victims,0,1,17,validated
weekly-2026-08-23-r1,weekly_compstat,2026-08-23,1,2026,weekly_running,fe54528b953e0309dce168782fb9c8ad8591b9fdb5b68e976cd034b41b9741ad,1,citywide,citywide,Citywide,aggravated_assault,Agg. Assault,10,39,278,validated
weekly-2026-08-23-r1,weekly_compstat,2026-08-23,1,2026,weekly_running,fe54528b953e0309dce168782fb9c8ad8591b9fdb5b68e976cd034b41b9741ad,1,citywide,citywide,Citywide,auto_theft,Auto Theft,7,21,190,validated
weekly-2026-08-23-r1,weekly_compstat,2026-08-23,1,2026,weekly_running,fe54528b953e0309dce168782fb9c8ad8591b9fdb5b68e976cd034b41b9741ad,1,citywide,citywide,Citywide,burglary,Burglary,5,20,226,validated
weekly-2026-08-23-r1,weekly_compstat,2026-08-23,1,2026,weekly_running,fe54528b953e0309dce168782fb9c8ad8591b9fdb5b68e976cd034b41b9741ad,1,citywide,citywide,Citywide,felony_theft,Felony Theft,5,24,146,validated
weekly-2026-08-23-r1,weekly_compstat,2026-08-23,1,2026,weekly_running,fe54528b953e0309dce168782fb9c8ad8591b9fdb5b68e976cd034b41b9741ad,1,citywide,citywide,Citywide,juvenile_shooting_incidents,*Juv Shooting Incidents,0,1,12,validated
weekly-2026-08-23-r1,weekly_compstat,2026-08-23,1,2026,weekly_running,fe54528b953e0309dce168782fb9c8ad8591b9fdb5b68e976cd034b41b9741ad,1,citywide,citywide,Citywide,juvenile_shooting_victims,*Juv Shooting Victims,0,1,12,validated
weekly-2026-08-23-r1,weekly_compstat,2026-08-23,1,2026,weekly_running,fe54528b953e0309dce168782fb9c8ad8591b9fdb5b68e976cd034b41b9741ad,1,citywide,citywide,Citywide,major_crime_total,TOTAL,29,118,986,validated
weekly-2026-08-23-r1,weekly_compstat,2026-08-23,1,2026,weekly_running,fe54528b953e0309dce168782fb9c8ad8591b9fdb5b68e976cd034b41b9741ad,1,citywide,citywide,Citywide,misdemeanor_theft,Theft (Misdemeanor),19,81,617,validated
weekly-2026-08-23-r1,weekly_compstat,2026-08-23,1,2026,weekly_running,fe54528b953e0309dce168782fb9c8ad8591b9fdb5b68e976cd034b41b9741ad,1,citywide,citywide,Citywide,murder,Murder,0,0,7,validated
weekly-2026-08-23-r1,weekly_compstat,2026-08-23,1,2026,weekly_running,fe54528b953e0309dce168782fb9c8ad8591b9fdb5b68e976cd034b41b9741ad,1,citywide,citywide,Citywide,rape,Rape,0,1,3,validated
weekly-2026-08-23-r1,weekly_compstat,2026-08-23,1,2026,weekly_running,fe54528b953e0309dce168782fb9c8ad8591b9fdb5b68e976cd034b41b9741ad,1,citywide,citywide,Citywide,robbery,Robbery,2,13,136,validated
weekly-2026-08-23-r1,weekly_compstat,2026-08-23,1,2026,weekly_running,fe54528b953e0309dce168782fb9c8ad8591b9fdb5b68e976cd034b41b9741ad,1,citywide,citywide,Citywide,shooting_incidents,Shooting Incidents,1,8,43,validated
weekly-2026-08-23-r1,weekly_compstat,2026-08-23,1,2026,weekly_running,fe54528b953e0309dce168782fb9c8ad8591b9fdb5b68e976cd034b41b9741ad,1,citywide,citywide,Citywide,shooting_victims,Shooting Victims,1,11,56,validated
weekly-2026-08-23-r1,weekly_compstat,2026-08-23,1,2026,weekly_running,fe54528b953e0309dce168782fb9c8ad8591b9fdb5b68e976cd034b41b9741ad,13,district,district_10,District 10,aggravated_assault,Agg. Assault,1,1,11,validated
weekly-2026-08-23-r1,weekly_compstat,2026-08-23,1,2026,weekly_running,fe54528b953e0309dce168782fb9c8ad8591b9fdb5b68e976cd034b41b9741ad,13,district,district_10,District 10,auto_theft,Auto Theft,0,0,2,validated
weekly-2026-08-23-r1,weekly_compstat,2026-08-23,1,2026,weekly_running,fe54528b953e0309dce168782fb9c8ad8591b9fdb5b68e976cd034b41b9741ad,13,district,district_10,District 10,burglary,Burglary,0,0,5,validated
weekly-2026-08-23-r1,weekly_compstat,2026-08-23,1,2026,weekly_running,fe54528b953e0309dce168782fb9c8ad8591b9fdb5b68e976cd034b41b9741ad,13,district,district_10,District 10,felony_theft,Felony Theft,0,0,11,validated
weekly-2026-08-23-r1,weekly_compstat,2026-08-23,1,2026,weekly_running,fe54528b953e0309dce168782fb9c8ad8591b9fdb5b68e976cd034b41b9741ad,13,district,district_10,District 10,juvenile_shooting_incidents,*Juv Shooting Incidents,0,0,1,validated
weekly-2026-08-23-r1,weekly_compstat,2026-08-23,1,2026,weekly_running,fe54528b953e0309dce168782fb9c8ad8591b9fdb5b68e976cd034b41b9741ad,13,district,district_10,District 10,juvenile_shooting_victims,*Juv Shooting Victims,0,0,1,validated
weekly-2026-08-23-r1,weekly_compstat,2026-08-23,1,2026,weekly_running,fe54528b953e0309dce168782fb9c8ad8591b9fdb5b68e976cd034b41b9741ad,13,district,district_10,District 10,major_crime_total,TOTAL,1,2,38,validated
weekly-2026-08-23-r1,weekly_compstat,2026-08-23,1,2026,weekly_running,fe54528b953e0309dce168782fb9c8ad8591b9fdb5b68e976cd034b41b9741ad,13,district,district_10,District 10,misdemeanor_theft,Theft (Misdemeanor),2,3,33,validated
weekly-2026-08-23-r1,weekly_compstat,2026-08-23,1,2026,weekly_running,fe54528b953e0309dce168782fb9c8ad8591b9fdb5b68e976cd034b41b9741ad,13,district,district_10,District 10,murder,Murder,0,0,1,validated
weekly-2026-08-23-r1,weekly_compstat,2026-08-23,1,2026,weekly_running,fe54528b953e0309dce168782fb9c8ad8591b9fdb5b68e976cd034b41b9741ad,13,district,district_10,District 10,rape,Rape,0,0,0,validated
weekly-2026-08-23-r1,weekly_compstat,2026-08-23,1,2026,weekly_running,fe54528b953e0309dce168782fb9c8ad8591b9fdb5b68e976cd034b41b9741ad,13,district,district_10,District 10,robbery,Robbery,0,1,8,validated
weekly-2026-08-23-r1,weekly_compstat,2026-08-23,1,2026,weekly_running,fe54528b953e0309dce168782fb9c8ad8591b9fdb5b68e976cd034b41b9741ad,13,district,district_10,District 10,shooting_incidents,Shooting Incidents,0,0,2,validated
weekly-2026-08-23-r1,weekly_compstat,2026-08-23,1,2026,weekly_running,fe54528b953e0309dce168782fb9c8ad8591b9fdb5b68e976cd034b41b9741ad,13,district,district_10,District 10,shooting_victims,Shooting Victims,0,0,2,validated
weekly-2026-08-23-r1,weekly_compstat,2026-08-23,1,2026,weekly_running,fe54528b953e0309dce168782fb9c8ad8591b9fdb5b68e976cd034b41b9741ad,15,district,district_11,District 11,aggravated_assault,Agg. Assault,2,8,49,validated
weekly-2026-08-23-r1,weekly_compstat,2026-08-23,1,2026,weekly_running,fe54528b953e0309dce168782fb9c8ad8591b9fdb5b68e976cd034b41b9741ad,15,district,district_11,District 11,auto_theft,Auto Theft,0,1,18,validated
weekly-2026-08-23-r1,weekly_compstat,2026-08-23,1,2026,weekly_running,fe54528b953e0309dce168782fb9c8ad8591b9fdb5b68e976cd034b41b9741ad,15,district,district_11,District 11,burglary,Burglary,0,2,39,validated
weekly-2026-08-23-r1,weekly_compstat,2026-08-23,1,2026,weekly_running,fe54528b953e0309dce168782fb9c8ad8591b9fdb5b68e976cd034b41b9741ad,15,district,district_11,District 11,felony_theft,Felony Theft,0,3,16,validated
weekly-2026-08-23-r1,weekly_compstat,2026-08-23,1,2026,weekly_running,fe54528b953e0309dce168782fb9c8ad8591b9fdb5b68e976cd034b41b9741ad,15,district,district_11,District 11,juvenile_shooting_incidents,*Juv Shooting Incidents,0,1,2,validated
weekly-2026-08-23-r1,weekly_compstat,2026-08-23,1,2026,weekly_running,fe54528b953e0309dce168782fb9c8ad8591b9fdb5b68e976cd034b41b9741ad,15,district,district_11,District 11,juvenile_shooting_victims,*Juv Shooting Victims,0,1,2,validated
weekly-2026-08-23-r1,weekly_compstat,2026-08-23,1,2026,weekly_running,fe54528b953e0309dce168782fb9c8ad8591b9fdb5b68e976cd034b41b9741ad,15,district,district_11,District 11,major_crime_total,TOTAL,2,16,138,validated
weekly-2026-08-23-r1,weekly_compstat,2026-08-23,1,2026,weekly_running,fe54528b953e0309dce168782fb9c8ad8591b9fdb5b68e976cd034b41b9741ad,15,district,district_11,District 11,misdemeanor_theft,Theft (Misdemeanor),3,8,79,validated
weekly-2026-08-23-r1,weekly_compstat,2026-08-23,1,2026,weekly_running,fe54528b953e0309dce168782fb9c8ad8591b9fdb5b68e976cd034b41b9741ad,15,district,district_11,District 11,murder,Murder,0,0,0,validated
weekly-2026-08-23-r1,weekly_compstat,2026-08-23,1,2026,weekly_running,fe54528b953e0309dce168782fb9c8ad8591b9fdb5b68e976cd034b41b9741ad,15,district,district_11,District 11,rape,Rape,0,0,0,validated
weekly-2026-08-23-r1,weekly_compstat,2026-08-23,1,2026,weekly_running,fe54528b953e0309dce168782fb9c8ad8591b9fdb5b68e976cd034b41b9741ad,15,district,district_11,District 11,robbery,Robbery,0,2,16,validated
weekly-2026-08-23-r1,weekly_compstat,2026-08-23,1,2026,weekly_running,fe54528b953e0309dce168782fb9c8ad8591b9fdb5b68e976cd034b41b9741ad,15,district,district_11,District 11,shooting_incidents,Shooting Incidents,0,4,5,validated
weekly-2026-08-23-r1,weekly_compstat,2026-08-23,1,2026,weekly_running,fe54528b953e0309dce168782fb9c8ad8591b9fdb5b68e976cd034b41b9741ad,15,district,district_11,District 11,shooting_victims,Shooting Victims,0,7,8,validated
weekly-2026-08-23-r1,weekly_compstat,2026-08-23,1,2026,weekly_running,fe54528b953e0309dce168782fb9c8ad8591b9fdb5b68e976cd034b41b9741ad,5,district,district_12,District 12,aggravated_assault,Agg. Assault,0,1,7,validated
weekly-2026-08-23-r1,weekly_compstat,2026-08-23,1,2026,weekly_running,fe54528b953e0309dce168782fb9c8ad8591b9fdb5b68e976cd034b41b9741ad,5,district,district_12,District 12,auto_theft,Auto Theft,0,0,5,validated
weekly-2026-08-23-r1,weekly_compstat,2026-08-23,1,2026,weekly_running,fe54528b953e0309dce168782fb9c8ad8591b9fdb5b68e976cd034b41b9741ad,5,district,district_12,District 12,burglary,Burglary,0,0,6,validated
weekly-2026-08-23-r1,weekly_compstat,2026-08-23,1,2026,weekly_running,fe54528b953e0309dce168782fb9c8ad8591b9fdb5b68e976cd034b41b9741ad,5,district,district_12,District 12,felony_theft,Felony Theft,0,3,10,validated
weekly-2026-08-23-r1,weekly_compstat,2026-08-23,1,2026,weekly_running,fe54528b953e0309dce168782fb9c8ad8591b9fdb5b68e976cd034b41b9741ad,5,district,district_12,District 12,juvenile_shooting_incidents,*Juv Shooting Incidents,0,0,0,validated
weekly-2026-08-23-r1,weekly_compstat,2026-08-23,1,2026,weekly_running,fe54528b953e0309dce168782fb9c8ad8591b9fdb5b68e976cd034b41b9741ad,5,district,district_12,District 12,juvenile_shooting_victims,*Juv Shooting Victims,0,0,0,validated
weekly-2026-08-23-r1,weekly_compstat,2026-08-23,1,2026,weekly_running,fe54528b953e0309dce168782fb9c8ad8591b9fdb5b68e976cd034b41b9741ad,5,district,district_12,District 12,major_crime_total,TOTAL,0,6,35,validated
weekly-2026-08-23-r1,weekly_compstat,2026-08-23,1,2026,weekly_running,fe54528b953e0309dce168782fb9c8ad8591b9fdb5b68e976cd034b41b9741ad,5,district,district_12,District 12,misdemeanor_theft,Theft (Misdemeanor),0,2,20,validated
weekly-2026-08-23-r1,weekly_compstat,2026-08-23,1,2026,weekly_running,fe54528b953e0309dce168782fb9c8ad8591b9fdb5b68e976cd034b41b9741ad,5,district,district_12,District 12,murder,Murder,0,0,0,validated
weekly-2026-08-23-r1,weekly_compstat,2026-08-23,1,2026,weekly_running,fe54528b953e0309dce168782fb9c8ad8591b9fdb5b68e976cd034b41b9741ad,5,district,district_12,District 12,rape,Rape,0,0,0,validated
weekly-2026-08-23-r1,weekly_compstat,2026-08-23,1,2026,weekly_running,fe54528b953e0309dce168782fb9c8ad8591b9fdb5b68e976cd034b41b9741ad,5,district,district_12,District 12,robbery,Robbery,0,2,7,validated
weekly-2026-08-23-r1,weekly_compstat,2026-08-23,1,2026,weekly_running,fe54528b953e0309dce168782fb9c8ad8591b9fdb5b68e976cd034b41b9741ad,5,district,district_12,District 12,shooting_incidents,Shooting Incidents,0,0,0,validated
weekly-2026-08-23-r1,weekly_compstat,2026-08-23,1,2026,weekly_running,fe54528b953e0309dce168782fb9c8ad8591b9fdb5b68e976cd034b41b9741ad,5,district,district_12,District 12,shooting_victims,Shooting Victims,0,0,0,validated
weekly-2026-08-23-r1,weekly_compstat,2026-08-23,1,2026,weekly_running,fe54528b953e0309dce168782fb9c8ad8591b9fdb5b68e976cd034b41b9741ad,7,district,district_13,District 13,aggravated_assault,Agg. Assault,3,6,34,validated
weekly-2026-08-23-r1,weekly_compstat,2026-08-23,1,2026,weekly_running,fe54528b953e0309dce168782fb9c8ad8591b9fdb5b68e976cd034b41b9741ad,7,district,district_13,District 13,auto_theft,Auto Theft,1,4,32,validated
weekly-2026-08-23-r1,weekly_compstat,2026-08-23,1,2026,weekly_running,fe54528b953e0309dce168782fb9c8ad8591b9fdb5b68e976cd034b41b9741ad,7,district,district_13,District 13,burglary,Burglary,0,0,18,validated
weekly-2026-08-23-r1,weekly_compstat,2026-08-23,1,2026,weekly_running,fe54528b953e0309dce168782fb9c8ad8591b9fdb5b68e976cd034b41b9741ad,7,district,district_13,District 13,felony_theft,Felony Theft,1,1,16,validated
weekly-2026-08-23-r1,weekly_compstat,2026-08-23,1,2026,weekly_running,fe54528b953e0309dce168782fb9c8ad8591b9fdb5b68e976cd034b41b9741ad,7,district,district_13,District 13,juvenile_shooting_incidents,*Juv Shooting Incidents,0,0,2,validated
weekly-2026-08-23-r1,weekly_compstat,2026-08-23,1,2026,weekly_running,fe54528b953e0309dce168782fb9c8ad8591b9fdb5b68e976cd034b41b9741ad,7,district,district_13,District 13,juvenile_shooting_victims,*Juv Shooting Victims,0,0,2,validated
weekly-2026-08-23-r1,weekly_compstat,2026-08-23,1,2026,weekly_running,fe54528b953e0309dce168782fb9c8ad8591b9fdb5b68e976cd034b41b9741ad,7,district,district_13,District 13,major_crime_total,TOTAL,5,12,113,validated
weekly-2026-08-23-r1,weekly_compstat,2026-08-23,1,2026,weekly_running,fe54528b953e0309dce168782fb9c8ad8591b9fdb5b68e976cd034b41b9741ad,7,district,district_13,District 13,misdemeanor_theft,Theft (Misdemeanor),2,10,55,validated
weekly-2026-08-23-r1,weekly_compstat,2026-08-23,1,2026,weekly_running,fe54528b953e0309dce168782fb9c8ad8591b9fdb5b68e976cd034b41b9741ad,7,district,district_13,District 13,murder,Murder,0,0,0,validated
weekly-2026-08-23-r1,weekly_compstat,2026-08-23,1,2026,weekly_running,fe54528b953e0309dce168782fb9c8ad8591b9fdb5b68e976cd034b41b9741ad,7,district,district_13,District 13,rape,Rape,0,0,0,validated
weekly-2026-08-23-r1,weekly_compstat,2026-08-23,1,2026,weekly_running,fe54528b953e0309dce168782fb9c8ad8591b9fdb5b68e976cd034b41b9741ad,7,district,district_13,District 13,robbery,Robbery,0,1,13,validated
weekly-2026-08-23-r1,weekly_compstat,2026-08-23,1,2026,weekly_running,fe54528b953e0309dce168782fb9c8ad8591b9fdb5b68e976cd034b41b9741ad,7,district,district_13,District 13,shooting_incidents,Shooting Incidents,0,1,7,validated
weekly-2026-08-23-r1,weekly_compstat,2026-08-23,1,2026,weekly_running,fe54528b953e0309dce168782fb9c8ad8591b9fdb5b68e976cd034b41b9741ad,7,district,district_13,District 13,shooting_victims,Shooting Victims,0,1,9,validated
weekly-2026-08-23-r1,weekly_compstat,2026-08-23,1,2026,weekly_running,fe54528b953e0309dce168782fb9c8ad8591b9fdb5b68e976cd034b41b9741ad,9,district,district_14,District 14,aggravated_assault,Agg. Assault,1,3,37,validated
weekly-2026-08-23-r1,weekly_compstat,2026-08-23,1,2026,weekly_running,fe54528b953e0309dce168782fb9c8ad8591b9fdb5b68e976cd034b41b9741ad,9,district,district_14,District 14,auto_theft,Auto Theft,2,6,45,validated
weekly-2026-08-23-r1,weekly_compstat,2026-08-23,1,2026,weekly_running,fe54528b953e0309dce168782fb9c8ad8591b9fdb5b68e976cd034b41b9741ad,9,district,district_14,District 14,burglary,Burglary,1,7,35,validated
weekly-2026-08-23-r1,weekly_compstat,2026-08-23,1,2026,weekly_running,fe54528b953e0309dce168782fb9c8ad8591b9fdb5b68e976cd034b41b9741ad,9,district,district_14,District 14,felony_theft,Felony Theft,0,3,27,validated
weekly-2026-08-23-r1,weekly_compstat,2026-08-23,1,2026,weekly_running,fe54528b953e0309dce168782fb9c8ad8591b9fdb5b68e976cd034b41b9741ad,9,district,district_14,District 14,juvenile_shooting_incidents,*Juv Shooting Incidents,0,0,0,validated
weekly-2026-08-23-r1,weekly_compstat,2026-08-23,1,2026,weekly_running,fe54528b953e0309dce168782fb9c8ad8591b9fdb5b68e976cd034b41b9741ad,9,district,district_14,District 14,juvenile_shooting_victims,*Juv Shooting Victims,0,0,0,validated
weekly-2026-08-23-r1,weekly_compstat,2026-08-23,1,2026,weekly_running,fe54528b953e0309dce168782fb9c8ad8591b9fdb5b68e976cd034b41b9741ad,9,district,district_14,District 14,major_crime_total,TOTAL,4,19,150,validated
weekly-2026-08-23-r1,weekly_compstat,2026-08-23,1,2026,weekly_running,fe54528b953e0309dce168782fb9c8ad8591b9fdb5b68e976cd034b41b9741ad,9,district,district_14,District 14,misdemeanor_theft,Theft (Misdemeanor),1,15,106,validated
weekly-2026-08-23-r1,weekly_compstat,2026-08-23,1,2026,weekly_running,fe54528b953e0309dce168782fb9c8ad8591b9fdb5b68e976cd034b41b9741ad,9,district,district_14,District 14,murder,Murder,0,0,0,validated
weekly-2026-08-23-r1,weekly_compstat,2026-08-23,1,2026,weekly_running,fe54528b953e0309dce168782fb9c8ad8591b9fdb5b68e976cd034b41b9741ad,9,district,district_14,District 14,rape,Rape,0,0,0,validated
weekly-2026-08-23-r1,weekly_compstat,2026-08-23,1,2026,weekly_running,fe54528b953e0309dce168782fb9c8ad8591b9fdb5b68e976cd034b41b9741ad,9,district,district_14,District 14,robbery,Robbery,0,0,6,validated
weekly-2026-08-23-r1,weekly_compstat,2026-08-23,1,2026,weekly_running,fe54528b953e0309dce168782fb9c8ad8591b9fdb5b68e976cd034b41b9741ad,9,district,district_14,District 14,shooting_incidents,Shooting Incidents,1,1,5,validated
weekly-2026-08-23-r1,weekly_compstat,2026-08-23,1,2026,weekly_running,fe54528b953e0309dce168782fb9c8ad8591b9fdb5b68e976cd034b41b9741ad,9,district,district_14,District 14,shooting_victims,Shooting Victims,1,1,5,validated
weekly-2026-08-23-r1,weekly_compstat,2026-08-23,1,2026,weekly_running,fe54528b953e0309dce168782fb9c8ad8591b9fdb5b68e976cd034b41b9741ad,17,district,district_16,District 16,aggravated_assault,Agg. Assault,1,6,46,validated
weekly-2026-08-23-r1,weekly_compstat,2026-08-23,1,2026,weekly_running,fe54528b953e0309dce168782fb9c8ad8591b9fdb5b68e976cd034b41b9741ad,17,district,district_16,District 16,auto_theft,Auto Theft,3,7,24,validated
weekly-2026-08-23-r1,weekly_compstat,2026-08-23,1,2026,weekly_running,fe54528b953e0309dce168782fb9c8ad8591b9fdb5b68e976cd034b41b9741ad,17,district,district_16,District 16,burglary,Burglary,1,2,34,validated
weekly-2026-08-23-r1,weekly_compstat,2026-08-23,1,2026,weekly_running,fe54528b953e0309dce168782fb9c8ad8591b9fdb5b68e976cd034b41b9741ad,17,district,district_16,District 16,felony_theft,Felony Theft,2,8,24,validated
weekly-2026-08-23-r1,weekly_compstat,2026-08-23,1,2026,weekly_running,fe54528b953e0309dce168782fb9c8ad8591b9fdb5b68e976cd034b41b9741ad,17,district,district_16,District 16,juvenile_shooting_incidents,*Juv Shooting Incidents,0,0,3,validated
weekly-2026-08-23-r1,weekly_compstat,2026-08-23,1,2026,weekly_running,fe54528b953e0309dce168782fb9c8ad8591b9fdb5b68e976cd034b41b9741ad,17,district,district_16,District 16,juvenile_shooting_victims,*Juv Shooting Victims,0,0,3,validated
weekly-2026-08-23-r1,weekly_compstat,2026-08-23,1,2026,weekly_running,fe54528b953e0309dce168782fb9c8ad8591b9fdb5b68e976cd034b41b9741ad,17,district,district_16,District 16,major_crime_total,TOTAL,7,25,168,validated
weekly-2026-08-23-r1,weekly_compstat,2026-08-23,1,2026,weekly_running,fe54528b953e0309dce168782fb9c8ad8591b9fdb5b68e976cd034b41b9741ad,17,district,district_16,District 16,misdemeanor_theft,Theft (Misdemeanor),4,12,117,validated
weekly-2026-08-23-r1,weekly_compstat,2026-08-23,1,2026,weekly_running,fe54528b953e0309dce168782fb9c8ad8591b9fdb5b68e976cd034b41b9741ad,17,district,district_16,District 16,murder,Murder,0,0,4,validated
weekly-2026-08-23-r1,weekly_compstat,2026-08-23,1,2026,weekly_running,fe54528b953e0309dce168782fb9c8ad8591b9fdb5b68e976cd034b41b9741ad,17,district,district_16,District 16,rape,Rape,0,0,0,validated
weekly-2026-08-23-r1,weekly_compstat,2026-08-23,1,2026,weekly_running,fe54528b953e0309dce168782fb9c8ad8591b9fdb5b68e976cd034b41b9741ad,17,district,district_16,District 16,robbery,Robbery,0,2,36,validated
weekly-2026-08-23-r1,weekly_compstat,2026-08-23,1,2026,weekly_running,fe54528b953e0309dce168782fb9c8ad8591b9fdb5b68e976cd034b41b9741ad,17,district,district_16,District 16,shooting_incidents,Shooting Incidents,0,1,11,validated
weekly-2026-08-23-r1,weekly_compstat,2026-08-23,1,2026,weekly_running,fe54528b953e0309dce168782fb9c8ad8591b9fdb5b68e976cd034b41b9741ad,17,district,district_16,District 16,shooting_victims,Shooting Victims,0,1,15,validated
weekly-2026-08-23-r1,weekly_compstat,2026-08-23,1,2026,weekly_running,fe54528b953e0309dce168782fb9c8ad8591b9fdb5b68e976cd034b41b9741ad,21,district,district_17,District 17,aggravated_assault,Agg. Assault,1,8,51,validated
weekly-2026-08-23-r1,weekly_compstat,2026-08-23,1,2026,weekly_running,fe54528b953e0309dce168782fb9c8ad8591b9fdb5b68e976cd034b41b9741ad,21,district,district_17,District 17,auto_theft,Auto Theft,0,0,22,validated
weekly-2026-08-23-r1,weekly_compstat,2026-08-23,1,2026,weekly_running,fe54528b953e0309dce168782fb9c8ad8591b9fdb5b68e976cd034b41b9741ad,21,district,district_17,District 17,burglary,Burglary,2,5,28,validated
weekly-2026-08-23-r1,weekly_compstat,2026-08-23,1,2026,weekly_running,fe54528b953e0309dce168782fb9c8ad8591b9fdb5b68e976cd034b41b9741ad,21,district,district_17,District 17,felony_theft,Felony Theft,0,0,8,validated
weekly-2026-08-23-r1,weekly_compstat,2026-08-23,1,2026,weekly_running,fe54528b953e0309dce168782fb9c8ad8591b9fdb5b68e976cd034b41b9741ad,21,district,district_17,District 17,juvenile_shooting_incidents,*Juv Shooting Incidents,0,0,1,validated
weekly-2026-08-23-r1,weekly_compstat,2026-08-23,1,2026,weekly_running,fe54528b953e0309dce168782fb9c8ad8591b9fdb5b68e976cd034b41b9741ad,21,district,district_17,District 17,juvenile_shooting_victims,*Juv Shooting Victims,0,0,1,validated
weekly-2026-08-23-r1,weekly_compstat,2026-08-23,1,2026,weekly_running,fe54528b953e0309dce168782fb9c8ad8591b9fdb5b68e976cd034b41b9741ad,21,district,district_17,District 17,major_crime_total,TOTAL,5,16,135,validated
weekly-2026-08-23-r1,weekly_compstat,2026-08-23,1,2026,weekly_running,fe54528b953e0309dce168782fb9c8ad8591b9fdb5b68e976cd034b41b9741ad,21,district,district_17,District 17,misdemeanor_theft,Theft (Misdemeanor),1,8,57,validated
weekly-2026-08-23-r1,weekly_compstat,2026-08-23,1,2026,weekly_running,fe54528b953e0309dce168782fb9c8ad8591b9fdb5b68e976cd034b41b9741ad,21,district,district_17,District 17,murder,Murder,0,0,1,validated
weekly-2026-08-23-r1,weekly_compstat,2026-08-23,1,2026,weekly_running,fe54528b953e0309dce168782fb9c8ad8591b9fdb5b68e976cd034b41b9741ad,21,district,district_17,District 17,rape,Rape,0,0,1,validated
weekly-2026-08-23-r1,weekly_compstat,2026-08-23,1,2026,weekly_running,fe54528b953e0309dce168782fb9c8ad8591b9fdb5b68e976cd034b41b9741ad,21,district,district_17,District 17,robbery,Robbery,2,3,24,validated
weekly-2026-08-23-r1,weekly_compstat,2026-08-23,1,2026,weekly_running,fe54528b953e0309dce168782fb9c8ad8591b9fdb5b68e976cd034b41b9741ad,21,district,district_17,District 17,shooting_incidents,Shooting Incidents,0,1,7,validated
weekly-2026-08-23-r1,weekly_compstat,2026-08-23,1,2026,weekly_running,fe54528b953e0309dce168782fb9c8ad8591b9fdb5b68e976cd034b41b9741ad,21,district,district_17,District 17,shooting_victims,Shooting Victims,0,1,9,validated
weekly-2026-08-23-r1,weekly_compstat,2026-08-23,1,2026,weekly_running,fe54528b953e0309dce168782fb9c8ad8591b9fdb5b68e976cd034b41b9741ad,23,district,district_18,District 18,aggravated_assault,Agg. Assault,1,4,29,validated
weekly-2026-08-23-r1,weekly_compstat,2026-08-23,1,2026,weekly_running,fe54528b953e0309dce168782fb9c8ad8591b9fdb5b68e976cd034b41b9741ad,23,district,district_18,District 18,auto_theft,Auto Theft,1,1,19,validated
weekly-2026-08-23-r1,weekly_compstat,2026-08-23,1,2026,weekly_running,fe54528b953e0309dce168782fb9c8ad8591b9fdb5b68e976cd034b41b9741ad,23,district,district_18,District 18,burglary,Burglary,1,4,37,validated
weekly-2026-08-23-r1,weekly_compstat,2026-08-23,1,2026,weekly_running,fe54528b953e0309dce168782fb9c8ad8591b9fdb5b68e976cd034b41b9741ad,23,district,district_18,District 18,felony_theft,Felony Theft,1,3,21,validated
weekly-2026-08-23-r1,weekly_compstat,2026-08-23,1,2026,weekly_running,fe54528b953e0309dce168782fb9c8ad8591b9fdb5b68e976cd034b41b9741ad,23,district,district_18,District 18,juvenile_shooting_incidents,*Juv Shooting Incidents,0,0,2,validated
weekly-2026-08-23-r1,weekly_compstat,2026-08-23,1,2026,weekly_running,fe54528b953e0309dce168782fb9c8ad8591b9fdb5b68e976cd034b41b9741ad,23,district,district_18,District 18,juvenile_shooting_victims,*Juv Shooting Victims,0,0,2,validated
weekly-2026-08-23-r1,weekly_compstat,2026-08-23,1,2026,weekly_running,fe54528b953e0309dce168782fb9c8ad8591b9fdb5b68e976cd034b41b9741ad,23,district,district_18,District 18,major_crime_total,TOTAL,4,14,126,validated
weekly-2026-08-23-r1,weekly_compstat,2026-08-23,1,2026,weekly_running,fe54528b953e0309dce168782fb9c8ad8591b9fdb5b68e976cd034b41b9741ad,23,district,district_18,District 18,misdemeanor_theft,Theft (Misdemeanor),4,15,101,validated
weekly-2026-08-23-r1,weekly_compstat,2026-08-23,1,2026,weekly_running,fe54528b953e0309dce168782fb9c8ad8591b9fdb5b68e976cd034b41b9741ad,23,district,district_18,District 18,murder,Murder,0,0,1,validated
weekly-2026-08-23-r1,weekly_compstat,2026-08-23,1,2026,weekly_running,fe54528b953e0309dce168782fb9c8ad8591b9fdb5b68e976cd034b41b9741ad,23,district,district_18,District 18,rape,Rape,0,1,2,validated
weekly-2026-08-23-r1,weekly_compstat,2026-08-23,1,2026,weekly_running,fe54528b953e0309dce168782fb9c8ad8591b9fdb5b68e976cd034b41b9741ad,23,district,district_18,District 18,robbery,Robbery,0,1,17,validated
weekly-2026-08-23-r1,weekly_compstat,2026-08-23,1,2026,weekly_running,fe54528b953e0309dce168782fb9c8ad8591b9fdb5b68e976cd034b41b9741ad,23,district,district_18,District 18,shooting_incidents,Shooting Incidents,0,0,4,validated
weekly-2026-08-23-r1,weekly_compstat,2026-08-23,1,2026,weekly_running,fe54528b953e0309dce168782fb9c8ad8591b9fdb5b68e976cd034b41b9741ad,23,district,district_18,District 18,shooting_victims,Shooting Victims,0,0,5,validated
weekly-2026-08-23-r1,weekly_compstat,2026-08-23,1,2026,weekly_running,fe54528b953e0309dce168782fb9c8ad8591b9fdb5b68e976cd034b41b9741ad,25,district,district_19,District 19,aggravated_assault,Agg. Assault,0,2,14,validated
weekly-2026-08-23-r1,weekly_compstat,2026-08-23,1,2026,weekly_running,fe54528b953e0309dce168782fb9c8ad8591b9fdb5b68e976cd034b41b9741ad,25,district,district_19,District 19,auto_theft,Auto Theft,0,2,23,validated
weekly-2026-08-23-r1,weekly_compstat,2026-08-23,1,2026,weekly_running,fe54528b953e0309dce168782fb9c8ad8591b9fdb5b68e976cd034b41b9741ad,25,district,district_19,District 19,burglary,Burglary,0,0,24,validated
weekly-2026-08-23-r1,weekly_compstat,2026-08-23,1,2026,weekly_running,fe54528b953e0309dce168782fb9c8ad8591b9fdb5b68e976cd034b41b9741ad,25,district,district_19,District 19,felony_theft,Felony Theft,1,3,13,validated
weekly-2026-08-23-r1,weekly_compstat,2026-08-23,1,2026,weekly_running,fe54528b953e0309dce168782fb9c8ad8591b9fdb5b68e976cd034b41b9741ad,25,district,district_19,District 19,juvenile_shooting_incidents,*Juv Shooting Incidents,0,0,1,validated
weekly-2026-08-23-r1,weekly_compstat,2026-08-23,1,2026,weekly_running,fe54528b953e0309dce168782fb9c8ad8591b9fdb5b68e976cd034b41b9741ad,25,district,district_19,District 19,juvenile_shooting_victims,*Juv Shooting Victims,0,0,1,validated
weekly-2026-08-23-r1,weekly_compstat,2026-08-23,1,2026,weekly_running,fe54528b953e0309dce168782fb9c8ad8591b9fdb5b68e976cd034b41b9741ad,25,district,district_19,District 19,major_crime_total,TOTAL,1,8,83,validated
weekly-2026-08-23-r1,weekly_compstat,2026-08-23,1,2026,weekly_running,fe54528b953e0309dce168782fb9c8ad8591b9fdb5b68e976cd034b41b9741ad,25,district,district_19,District 19,misdemeanor_theft,Theft (Misdemeanor),2,8,49,validated
weekly-2026-08-23-r1,weekly_compstat,2026-08-23,1,2026,weekly_running,fe54528b953e0309dce168782fb9c8ad8591b9fdb5b68e976cd034b41b9741ad,25,district,district_19,District 19,murder,Murder,0,0,0,validated
weekly-2026-08-23-r1,weekly_compstat,2026-08-23,1,2026,weekly_running,fe54528b953e0309dce168782fb9c8ad8591b9fdb5b68e976cd034b41b9741ad,25,district,district_19,District 19,rape,Rape,0,0,0,validated
weekly-2026-08-23-r1,weekly_compstat,2026-08-23,1,2026,weekly_running,fe54528b953e0309dce168782fb9c8ad8591b9fdb5b68e976cd034b41b9741ad,25,district,district_19,District 19,robbery,Robbery,0,1,9,validated
weekly-2026-08-23-r1,weekly_compstat,2026-08-23,1,2026,weekly_running,fe54528b953e0309dce168782fb9c8ad8591b9fdb5b68e976cd034b41b9741ad,25,district,district_19,District 19,shooting_incidents,Shooting Incidents,0,0,2,validated
weekly-2026-08-23-r1,weekly_compstat,2026-08-23,1,2026,weekly_running,fe54528b953e0309dce168782fb9c8ad8591b9fdb5b68e976cd034b41b9741ad,25,district,district_19,District 19,shooting_victims,Shooting Victims,0,0,3,validated
weekly-2026-08-23-r1,weekly_compstat,2026-08-23,1,2026,weekly_running,fe54528b953e0309dce168782fb9c8ad8591b9fdb5b68e976cd034b41b9741ad,3,sector,sector_1,Sector 1,aggravated_assault,Agg. Assault,4,10,78,validated
weekly-2026-08-23-r1,weekly_compstat,2026-08-23,1,2026,weekly_running,fe54528b953e0309dce168782fb9c8ad8591b9fdb5b68e976cd034b41b9741ad,3,sector,sector_1,Sector 1,auto_theft,Auto Theft,3,10,82,validated
weekly-2026-08-23-r1,weekly_compstat,2026-08-23,1,2026,weekly_running,fe54528b953e0309dce168782fb9c8ad8591b9fdb5b68e976cd034b41b9741ad,3,sector,sector_1,Sector 1,burglary,Burglary,1,7,59,validated
weekly-2026-08-23-r1,weekly_compstat,2026-08-23,1,2026,weekly_running,fe54528b953e0309dce168782fb9c8ad8591b9fdb5b68e976cd034b41b9741ad,3,sector,sector_1,Sector 1,felony_theft,Felony Theft,1,7,53,validated
weekly-2026-08-23-r1,weekly_compstat,2026-08-23,1,2026,weekly_running,fe54528b953e0309dce168782fb9c8ad8591b9fdb5b68e976cd034b41b9741ad,3,sector,sector_1,Sector 1,juvenile_shooting_incidents,*Juv Shooting Incidents,0,0,2,validated
weekly-2026-08-23-r1,weekly_compstat,2026-08-23,1,2026,weekly_running,fe54528b953e0309dce168782fb9c8ad8591b9fdb5b68e976cd034b41b9741ad,3,sector,sector_1,Sector 1,juvenile_shooting_victims,*Juv Shooting Victims,0,0,2,validated
weekly-2026-08-23-r1,weekly_compstat,2026-08-23,1,2026,weekly_running,fe54528b953e0309dce168782fb9c8ad8591b9fdb5b68e976cd034b41b9741ad,3,sector,sector_1,Sector 1,major_crime_total,TOTAL,9,37,298,validated
weekly-2026-08-23-r1,weekly_compstat,2026-08-23,1,2026,weekly_running,fe54528b953e0309dce168782fb9c8ad8591b9fdb5b68e976cd034b41b9741ad,3,sector,sector_1,Sector 1,misdemeanor_theft,Theft (Misdemeanor),3,27,181,validated
weekly-2026-08-23-r1,weekly_compstat,2026-08-23,1,2026,weekly_running,fe54528b953e0309dce168782fb9c8ad8591b9fdb5b68e976cd034b41b9741ad,3,sector,sector_1,Sector 1,murder,Murder,0,0,0,validated
weekly-2026-08-23-r1,weekly_compstat,2026-08-23,1,2026,weekly_running,fe54528b953e0309dce168782fb9c8ad8591b9fdb5b68e976cd034b41b9741ad,3,sector,sector_1,Sector 1,rape,Rape,0,0,0,validated
weekly-2026-08-23-r1,weekly_compstat,2026-08-23,1,2026,weekly_running,fe54528b953e0309dce168782fb9c8ad8591b9fdb5b68e976cd034b41b9741ad,3,sector,sector_1,Sector 1,robbery,Robbery,0,3,26,validated
weekly-2026-08-23-r1,weekly_compstat,2026-08-23,1,2026,weekly_running,fe54528b953e0309dce168782fb9c8ad8591b9fdb5b68e976cd034b41b9741ad,3,sector,sector_1,Sector 1,shooting_incidents,Shooting Incidents,1,2,12,validated
weekly-2026-08-23-r1,weekly_compstat,2026-08-23,1,2026,weekly_running,fe54528b953e0309dce168782fb9c8ad8591b9fdb5b68e976cd034b41b9741ad,3,sector,sector_1,Sector 1,shooting_victims,Shooting Victims,1,2,14,validated
weekly-2026-08-23-r1,weekly_compstat,2026-08-23,1,2026,weekly_running,fe54528b953e0309dce168782fb9c8ad8591b9fdb5b68e976cd034b41b9741ad,11,sector,sector_2,Sector 2,aggravated_assault,Agg. Assault,4,15,106,validated
weekly-2026-08-23-r1,weekly_compstat,2026-08-23,1,2026,weekly_running,fe54528b953e0309dce168782fb9c8ad8591b9fdb5b68e976cd034b41b9741ad,11,sector,sector_2,Sector 2,auto_theft,Auto Theft,3,8,44,validated
weekly-2026-08-23-r1,weekly_compstat,2026-08-23,1,2026,weekly_running,fe54528b953e0309dce168782fb9c8ad8591b9fdb5b68e976cd034b41b9741ad,11,sector,sector_2,Sector 2,burglary,Burglary,1,4,78,validated
weekly-2026-08-23-r1,weekly_compstat,2026-08-23,1,2026,weekly_running,fe54528b953e0309dce168782fb9c8ad8591b9fdb5b68e976cd034b41b9741ad,11,sector,sector_2,Sector 2,felony_theft,Felony Theft,2,11,51,validated
weekly-2026-08-23-r1,weekly_compstat,2026-08-23,1,2026,weekly_running,fe54528b953e0309dce168782fb9c8ad8591b9fdb5b68e976cd034b41b9741ad,11,sector,sector_2,Sector 2,juvenile_shooting_incidents,*Juv Shooting Incidents,0,1,6,validated
weekly-2026-08-23-r1,weekly_compstat,2026-08-23,1,2026,weekly_running,fe54528b953e0309dce168782fb9c8ad8591b9fdb5b68e976cd034b41b9741ad,11,sector,sector_2,Sector 2,juvenile_shooting_victims,*Juv Shooting Victims,0,1,6,validated
weekly-2026-08-23-r1,weekly_compstat,2026-08-23,1,2026,weekly_running,fe54528b953e0309dce168782fb9c8ad8591b9fdb5b68e976cd034b41b9741ad,11,sector,sector_2,Sector 2,major_crime_total,TOTAL,10,43,344,validated
weekly-2026-08-23-r1,weekly_compstat,2026-08-23,1,2026,weekly_running,fe54528b953e0309dce168782fb9c8ad8591b9fdb5b68e976cd034b41b9741ad,11,sector,sector_2,Sector 2,misdemeanor_theft,Theft (Misdemeanor),9,23,229,validated
weekly-2026-08-23-r1,weekly_compstat,2026-08-23,1,2026,weekly_running,fe54528b953e0309dce168782fb9c8ad8591b9fdb5b68e976cd034b41b9741ad,11,sector,sector_2,Sector 2,murder,Murder,0,0,5,validated
weekly-2026-08-23-r1,weekly_compstat,2026-08-23,1,2026,weekly_running,fe54528b953e0309dce168782fb9c8ad8591b9fdb5b68e976cd034b41b9741ad,11,sector,sector_2,Sector 2,rape,Rape,0,0,0,validated
weekly-2026-08-23-r1,weekly_compstat,2026-08-23,1,2026,weekly_running,fe54528b953e0309dce168782fb9c8ad8591b9fdb5b68e976cd034b41b9741ad,11,sector,sector_2,Sector 2,robbery,Robbery,0,5,60,validated
weekly-2026-08-23-r1,weekly_compstat,2026-08-23,1,2026,weekly_running,fe54528b953e0309dce168782fb9c8ad8591b9fdb5b68e976cd034b41b9741ad,11,sector,sector_2,Sector 2,shooting_incidents,Shooting Incidents,0,5,18,validated
weekly-2026-08-23-r1,weekly_compstat,2026-08-23,1,2026,weekly_running,fe54528b953e0309dce168782fb9c8ad8591b9fdb5b68e976cd034b41b9741ad,11,sector,sector_2,Sector 2,shooting_victims,Shooting Victims,0,8,25,validated
weekly-2026-08-23-r1,weekly_compstat,2026-08-23,1,2026,weekly_running,fe54528b953e0309dce168782fb9c8ad8591b9fdb5b68e976cd034b41b9741ad,19,sector,sector_3,Sector 3,aggravated_assault,Agg. Assault,2,14,94,validated
weekly-2026-08-23-r1,weekly_compstat,2026-08-23,1,2026,weekly_running,fe54528b953e0309dce168782fb9c8ad8591b9fdb5b68e976cd034b41b9741ad,19,sector,sector_3,Sector 3,auto_theft,Auto Theft,1,3,64,validated
weekly-2026-08-23-r1,weekly_compstat,2026-08-23,1,2026,weekly_running,fe54528b953e0309dce168782fb9c8ad8591b9fdb5b68e976cd034b41b9741ad,19,sector,sector_3,Sector 3,burglary,Burglary,3,9,89,validated
weekly-2026-08-23-r1,weekly_compstat,2026-08-23,1,2026,weekly_running,fe54528b953e0309dce168782fb9c8ad8591b9fdb5b68e976cd034b41b9741ad,19,sector,sector_3,Sector 3,felony_theft,Felony Theft,2,6,42,validated
weekly-2026-08-23-r1,weekly_compstat,2026-08-23,1,2026,weekly_running,fe54528b953e0309dce168782fb9c8ad8591b9fdb5b68e976cd034b41b9741ad,19,sector,sector_3,Sector 3,juvenile_shooting_incidents,*Juv Shooting Incidents,0,0,4,validated
weekly-2026-08-23-r1,weekly_compstat,2026-08-23,1,2026,weekly_running,fe54528b953e0309dce168782fb9c8ad8591b9fdb5b68e976cd034b41b9741ad,19,sector,sector_3,Sector 3,juvenile_shooting_victims,*Juv Shooting Victims,0,0,4,validated
weekly-2026-08-23-r1,weekly_compstat,2026-08-23,1,2026,weekly_running,fe54528b953e0309dce168782fb9c8ad8591b9fdb5b68e976cd034b41b9741ad,19,sector,sector_3,Sector 3,major_crime_total,TOTAL,10,38,344,validated
weekly-2026-08-23-r1,weekly_compstat,2026-08-23,1,2026,weekly_running,fe54528b953e0309dce168782fb9c8ad8591b9fdb5b68e976cd034b41b9741ad,19,sector,sector_3,Sector 3,misdemeanor_theft,Theft (Misdemeanor),7,31,207,validated
weekly-2026-08-23-r1,weekly_compstat,2026-08-23,1,2026,weekly_running,fe54528b953e0309dce168782fb9c8ad8591b9fdb5b68e976cd034b41b9741ad,19,sector,sector_3,Sector 3,murder,Murder,0,0,2,validated
weekly-2026-08-23-r1,weekly_compstat,2026-08-23,1,2026,weekly_running,fe54528b953e0309dce168782fb9c8ad8591b9fdb5b68e976cd034b41b9741ad,19,sector,sector_3,Sector 3,rape,Rape,0,1,3,validated
weekly-2026-08-23-r1,weekly_compstat,2026-08-23,1,2026,weekly_running,fe54528b953e0309dce168782fb9c8ad8591b9fdb5b68e976cd034b41b9741ad,19,sector,sector_3,Sector 3,robbery,Robbery,2,5,50,validated
weekly-2026-08-23-r1,weekly_compstat,2026-08-23,1,2026,weekly_running,fe54528b953e0309dce168782fb9c8ad8591b9fdb5b68e976cd034b41b9741ad,19,sector,sector_3,Sector 3,shooting_incidents,Shooting Incidents,0,1,13,validated
weekly-2026-08-23-r1,weekly_compstat,2026-08-23,1,2026,weekly_running,fe54528b953e0309dce168782fb9c8ad8591b9fdb5b68e976cd034b41b9741ad,19,sector,sector_3,Sector 3,shooting_victims,Shooting Victims,0,1,17,validated
weekly-2026-08-30-r1,weekly_compstat,2026-08-30,1,2026,weekly_running,5a657b849798801bb3e72d7c7f9e501e1e7ecdf13c2392207e08a3ff641c965f,1,citywide,citywide,Citywide,aggravated_assault,Agg. Assault,10,41,288,validated
weekly-2026-08-30-r1,weekly_compstat,2026-08-30,1,2026,weekly_running,5a657b849798801bb3e72d7c7f9e501e1e7ecdf13c2392207e08a3ff641c965f,1,citywide,citywide,Citywide,auto_theft,Auto Theft,3,19,193,validated
weekly-2026-08-30-r1,weekly_compstat,2026-08-30,1,2026,weekly_running,5a657b849798801bb3e72d7c7f9e501e1e7ecdf13c2392207e08a3ff641c965f,1,citywide,citywide,Citywide,burglary,Burglary,6,21,234,validated
weekly-2026-08-30-r1,weekly_compstat,2026-08-30,1,2026,weekly_running,5a657b849798801bb3e72d7c7f9e501e1e7ecdf13c2392207e08a3ff641c965f,1,citywide,citywide,Citywide,felony_theft,Felony Theft,5,25,153,validated
weekly-2026-08-30-r1,weekly_compstat,2026-08-30,1,2026,weekly_running,5a657b849798801bb3e72d7c7f9e501e1e7ecdf13c2392207e08a3ff641c965f,1,citywide,citywide,Citywide,juvenile_shooting_incidents,*Juv Shooting Incidents,0,0,12,validated
weekly-2026-08-30-r1,weekly_compstat,2026-08-30,1,2026,weekly_running,5a657b849798801bb3e72d7c7f9e501e1e7ecdf13c2392207e08a3ff641c965f,1,citywide,citywide,Citywide,juvenile_shooting_victims,*Juv Shooting Victims,0,0,12,validated
weekly-2026-08-30-r1,weekly_compstat,2026-08-30,1,2026,weekly_running,5a657b849798801bb3e72d7c7f9e501e1e7ecdf13c2392207e08a3ff641c965f,1,citywide,citywide,Citywide,major_crime_total,TOTAL,26,118,1016,validated
weekly-2026-08-30-r1,weekly_compstat,2026-08-30,1,2026,weekly_running,5a657b849798801bb3e72d7c7f9e501e1e7ecdf13c2392207e08a3ff641c965f,1,citywide,citywide,Citywide,misdemeanor_theft,Theft (Misdemeanor),10,66,633,validated
weekly-2026-08-30-r1,weekly_compstat,2026-08-30,1,2026,weekly_running,5a657b849798801bb3e72d7c7f9e501e1e7ecdf13c2392207e08a3ff641c965f,1,citywide,citywide,Citywide,murder,Murder,0,0,7,validated
weekly-2026-08-30-r1,weekly_compstat,2026-08-30,1,2026,weekly_running,5a657b849798801bb3e72d7c7f9e501e1e7ecdf13c2392207e08a3ff641c965f,1,citywide,citywide,Citywide,rape,Rape,0,0,3,validated
weekly-2026-08-30-r1,weekly_compstat,2026-08-30,1,2026,weekly_running,5a657b849798801bb3e72d7c7f9e501e1e7ecdf13c2392207e08a3ff641c965f,1,citywide,citywide,Citywide,robbery,Robbery,2,12,138,validated
weekly-2026-08-30-r1,weekly_compstat,2026-08-30,1,2026,weekly_running,5a657b849798801bb3e72d7c7f9e501e1e7ecdf13c2392207e08a3ff641c965f,1,citywide,citywide,Citywide,shooting_incidents,Shooting Incidents,2,6,45,validated
weekly-2026-08-30-r1,weekly_compstat,2026-08-30,1,2026,weekly_running,5a657b849798801bb3e72d7c7f9e501e1e7ecdf13c2392207e08a3ff641c965f,1,citywide,citywide,Citywide,shooting_victims,Shooting Victims,3,10,59,validated
weekly-2026-08-30-r1,weekly_compstat,2026-08-30,1,2026,weekly_running,5a657b849798801bb3e72d7c7f9e501e1e7ecdf13c2392207e08a3ff641c965f,13,district,district_10,District 10,aggravated_assault,Agg. Assault,0,1,11,validated
weekly-2026-08-30-r1,weekly_compstat,2026-08-30,1,2026,weekly_running,5a657b849798801bb3e72d7c7f9e501e1e7ecdf13c2392207e08a3ff641c965f,13,district,district_10,District 10,auto_theft,Auto Theft,1,1,3,validated
weekly-2026-08-30-r1,weekly_compstat,2026-08-30,1,2026,weekly_running,5a657b849798801bb3e72d7c7f9e501e1e7ecdf13c2392207e08a3ff641c965f,13,district,district_10,District 10,burglary,Burglary,1,1,6,validated
weekly-2026-08-30-r1,weekly_compstat,2026-08-30,1,2026,weekly_running,5a657b849798801bb3e72d7c7f9e501e1e7ecdf13c2392207e08a3ff641c965f,13,district,district_10,District 10,felony_theft,Felony Theft,0,0,11,validated
weekly-2026-08-30-r1,weekly_compstat,2026-08-30,1,2026,weekly_running,5a657b849798801bb3e72d7c7f9e501e1e7ecdf13c2392207e08a3ff641c965f,13,district,district_10,District 10,juvenile_shooting_incidents,*Juv Shooting Incidents,0,0,1,validated
weekly-2026-08-30-r1,weekly_compstat,2026-08-30,1,2026,weekly_running,5a657b849798801bb3e72d7c7f9e501e1e7ecdf13c2392207e08a3ff641c965f,13,district,district_10,District 10,juvenile_shooting_victims,*Juv Shooting Victims,0,0,1,validated
weekly-2026-08-30-r1,weekly_compstat,2026-08-30,1,2026,weekly_running,5a657b849798801bb3e72d7c7f9e501e1e7ecdf13c2392207e08a3ff641c965f,13,district,district_10,District 10,major_crime_total,TOTAL,2,4,40,validated
weekly-2026-08-30-r1,weekly_compstat,2026-08-30,1,2026,weekly_running,5a657b849798801bb3e72d7c7f9e501e1e7ecdf13c2392207e08a3ff641c965f,13,district,district_10,District 10,misdemeanor_theft,Theft (Misdemeanor),0,4,33,validated
weekly-2026-08-30-r1,weekly_compstat,2026-08-30,1,2026,weekly_running,5a657b849798801bb3e72d7c7f9e501e1e7ecdf13c2392207e08a3ff641c965f,13,district,district_10,District 10,murder,Murder,0,0,1,validated
weekly-2026-08-30-r1,weekly_compstat,2026-08-30,1,2026,weekly_running,5a657b849798801bb3e72d7c7f9e501e1e7ecdf13c2392207e08a3ff641c965f,13,district,district_10,District 10,rape,Rape,0,0,0,validated
weekly-2026-08-30-r1,weekly_compstat,2026-08-30,1,2026,weekly_running,5a657b849798801bb3e72d7c7f9e501e1e7ecdf13c2392207e08a3ff641c965f,13,district,district_10,District 10,robbery,Robbery,0,1,8,validated
weekly-2026-08-30-r1,weekly_compstat,2026-08-30,1,2026,weekly_running,5a657b849798801bb3e72d7c7f9e501e1e7ecdf13c2392207e08a3ff641c965f,13,district,district_10,District 10,shooting_incidents,Shooting Incidents,0,0,2,validated
weekly-2026-08-30-r1,weekly_compstat,2026-08-30,1,2026,weekly_running,5a657b849798801bb3e72d7c7f9e501e1e7ecdf13c2392207e08a3ff641c965f,13,district,district_10,District 10,shooting_victims,Shooting Victims,0,0,2,validated
weekly-2026-08-30-r1,weekly_compstat,2026-08-30,1,2026,weekly_running,5a657b849798801bb3e72d7c7f9e501e1e7ecdf13c2392207e08a3ff641c965f,15,district,district_11,District 11,aggravated_assault,Agg. Assault,2,8,51,validated
weekly-2026-08-30-r1,weekly_compstat,2026-08-30,1,2026,weekly_running,5a657b849798801bb3e72d7c7f9e501e1e7ecdf13c2392207e08a3ff641c965f,15,district,district_11,District 11,auto_theft,Auto Theft,1,2,19,validated
weekly-2026-08-30-r1,weekly_compstat,2026-08-30,1,2026,weekly_running,5a657b849798801bb3e72d7c7f9e501e1e7ecdf13c2392207e08a3ff641c965f,15,district,district_11,District 11,burglary,Burglary,1,5,42,validated
weekly-2026-08-30-r1,weekly_compstat,2026-08-30,1,2026,weekly_running,5a657b849798801bb3e72d7c7f9e501e1e7ecdf13c2392207e08a3ff641c965f,15,district,district_11,District 11,felony_theft,Felony Theft,2,3,18,validated
weekly-2026-08-30-r1,weekly_compstat,2026-08-30,1,2026,weekly_running,5a657b849798801bb3e72d7c7f9e501e1e7ecdf13c2392207e08a3ff641c965f,15,district,district_11,District 11,juvenile_shooting_incidents,*Juv Shooting Incidents,0,0,2,validated
weekly-2026-08-30-r1,weekly_compstat,2026-08-30,1,2026,weekly_running,5a657b849798801bb3e72d7c7f9e501e1e7ecdf13c2392207e08a3ff641c965f,15,district,district_11,District 11,juvenile_shooting_victims,*Juv Shooting Victims,0,0,2,validated
weekly-2026-08-30-r1,weekly_compstat,2026-08-30,1,2026,weekly_running,5a657b849798801bb3e72d7c7f9e501e1e7ecdf13c2392207e08a3ff641c965f,15,district,district_11,District 11,major_crime_total,TOTAL,6,20,146,validated
weekly-2026-08-30-r1,weekly_compstat,2026-08-30,1,2026,weekly_running,5a657b849798801bb3e72d7c7f9e501e1e7ecdf13c2392207e08a3ff641c965f,15,district,district_11,District 11,misdemeanor_theft,Theft (Misdemeanor),0,8,81,validated
weekly-2026-08-30-r1,weekly_compstat,2026-08-30,1,2026,weekly_running,5a657b849798801bb3e72d7c7f9e501e1e7ecdf13c2392207e08a3ff641c965f,15,district,district_11,District 11,murder,Murder,0,0,0,validated
weekly-2026-08-30-r1,weekly_compstat,2026-08-30,1,2026,weekly_running,5a657b849798801bb3e72d7c7f9e501e1e7ecdf13c2392207e08a3ff641c965f,15,district,district_11,District 11,rape,Rape,0,0,0,validated
weekly-2026-08-30-r1,weekly_compstat,2026-08-30,1,2026,weekly_running,5a657b849798801bb3e72d7c7f9e501e1e7ecdf13c2392207e08a3ff641c965f,15,district,district_11,District 11,robbery,Robbery,0,2,16,validated
weekly-2026-08-30-r1,weekly_compstat,2026-08-30,1,2026,weekly_running,5a657b849798801bb3e72d7c7f9e501e1e7ecdf13c2392207e08a3ff641c965f,15,district,district_11,District 11,shooting_incidents,Shooting Incidents,0,3,5,validated
weekly-2026-08-30-r1,weekly_compstat,2026-08-30,1,2026,weekly_running,5a657b849798801bb3e72d7c7f9e501e1e7ecdf13c2392207e08a3ff641c965f,15,district,district_11,District 11,shooting_victims,Shooting Victims,0,6,8,validated
weekly-2026-08-30-r1,weekly_compstat,2026-08-30,1,2026,weekly_running,5a657b849798801bb3e72d7c7f9e501e1e7ecdf13c2392207e08a3ff641c965f,5,district,district_12,District 12,aggravated_assault,Agg. Assault,0,1,7,validated
weekly-2026-08-30-r1,weekly_compstat,2026-08-30,1,2026,weekly_running,5a657b849798801bb3e72d7c7f9e501e1e7ecdf13c2392207e08a3ff641c965f,5,district,district_12,District 12,auto_theft,Auto Theft,0,0,5,validated
weekly-2026-08-30-r1,weekly_compstat,2026-08-30,1,2026,weekly_running,5a657b849798801bb3e72d7c7f9e501e1e7ecdf13c2392207e08a3ff641c965f,5,district,district_12,District 12,burglary,Burglary,0,0,6,validated
weekly-2026-08-30-r1,weekly_compstat,2026-08-30,1,2026,weekly_running,5a657b849798801bb3e72d7c7f9e501e1e7ecdf13c2392207e08a3ff641c965f,5,district,district_12,District 12,felony_theft,Felony Theft,0,2,10,validated
weekly-2026-08-30-r1,weekly_compstat,2026-08-30,1,2026,weekly_running,5a657b849798801bb3e72d7c7f9e501e1e7ecdf13c2392207e08a3ff641c965f,5,district,district_12,District 12,juvenile_shooting_incidents,*Juv Shooting Incidents,0,0,0,validated
weekly-2026-08-30-r1,weekly_compstat,2026-08-30,1,2026,weekly_running,5a657b849798801bb3e72d7c7f9e501e1e7ecdf13c2392207e08a3ff641c965f,5,district,district_12,District 12,juvenile_shooting_victims,*Juv Shooting Victims,0,0,0,validated
weekly-2026-08-30-r1,weekly_compstat,2026-08-30,1,2026,weekly_running,5a657b849798801bb3e72d7c7f9e501e1e7ecdf13c2392207e08a3ff641c965f,5,district,district_12,District 12,major_crime_total,TOTAL,0,5,35,validated
weekly-2026-08-30-r1,weekly_compstat,2026-08-30,1,2026,weekly_running,5a657b849798801bb3e72d7c7f9e501e1e7ecdf13c2392207e08a3ff641c965f,5,district,district_12,District 12,misdemeanor_theft,Theft (Misdemeanor),0,1,20,validated
weekly-2026-08-30-r1,weekly_compstat,2026-08-30,1,2026,weekly_running,5a657b849798801bb3e72d7c7f9e501e1e7ecdf13c2392207e08a3ff641c965f,5,district,district_12,District 12,murder,Murder,0,0,0,validated
weekly-2026-08-30-r1,weekly_compstat,2026-08-30,1,2026,weekly_running,5a657b849798801bb3e72d7c7f9e501e1e7ecdf13c2392207e08a3ff641c965f,5,district,district_12,District 12,rape,Rape,0,0,0,validated
weekly-2026-08-30-r1,weekly_compstat,2026-08-30,1,2026,weekly_running,5a657b849798801bb3e72d7c7f9e501e1e7ecdf13c2392207e08a3ff641c965f,5,district,district_12,District 12,robbery,Robbery,0,2,7,validated
weekly-2026-08-30-r1,weekly_compstat,2026-08-30,1,2026,weekly_running,5a657b849798801bb3e72d7c7f9e501e1e7ecdf13c2392207e08a3ff641c965f,5,district,district_12,District 12,shooting_incidents,Shooting Incidents,0,0,0,validated
weekly-2026-08-30-r1,weekly_compstat,2026-08-30,1,2026,weekly_running,5a657b849798801bb3e72d7c7f9e501e1e7ecdf13c2392207e08a3ff641c965f,5,district,district_12,District 12,shooting_victims,Shooting Victims,0,0,0,validated
weekly-2026-08-30-r1,weekly_compstat,2026-08-30,1,2026,weekly_running,5a657b849798801bb3e72d7c7f9e501e1e7ecdf13c2392207e08a3ff641c965f,7,district,district_13,District 13,aggravated_assault,Agg. Assault,1,5,35,validated
weekly-2026-08-30-r1,weekly_compstat,2026-08-30,1,2026,weekly_running,5a657b849798801bb3e72d7c7f9e501e1e7ecdf13c2392207e08a3ff641c965f,7,district,district_13,District 13,auto_theft,Auto Theft,0,2,32,validated
weekly-2026-08-30-r1,weekly_compstat,2026-08-30,1,2026,weekly_running,5a657b849798801bb3e72d7c7f9e501e1e7ecdf13c2392207e08a3ff641c965f,7,district,district_13,District 13,burglary,Burglary,0,0,18,validated
weekly-2026-08-30-r1,weekly_compstat,2026-08-30,1,2026,weekly_running,5a657b849798801bb3e72d7c7f9e501e1e7ecdf13c2392207e08a3ff641c965f,7,district,district_13,District 13,felony_theft,Felony Theft,0,1,16,validated
weekly-2026-08-30-r1,weekly_compstat,2026-08-30,1,2026,weekly_running,5a657b849798801bb3e72d7c7f9e501e1e7ecdf13c2392207e08a3ff641c965f,7,district,district_13,District 13,juvenile_shooting_incidents,*Juv Shooting Incidents,0,0,2,validated
weekly-2026-08-30-r1,weekly_compstat,2026-08-30,1,2026,weekly_running,5a657b849798801bb3e72d7c7f9e501e1e7ecdf13c2392207e08a3ff641c965f,7,district,district_13,District 13,juvenile_shooting_victims,*Juv Shooting Victims,0,0,2,validated
weekly-2026-08-30-r1,weekly_compstat,2026-08-30,1,2026,weekly_running,5a657b849798801bb3e72d7c7f9e501e1e7ecdf13c2392207e08a3ff641c965f,7,district,district_13,District 13,major_crime_total,TOTAL,1,9,114,validated
weekly-2026-08-30-r1,weekly_compstat,2026-08-30,1,2026,weekly_running,5a657b849798801bb3e72d7c7f9e501e1e7ecdf13c2392207e08a3ff641c965f,7,district,district_13,District 13,misdemeanor_theft,Theft (Misdemeanor),0,3,55,validated
weekly-2026-08-30-r1,weekly_compstat,2026-08-30,1,2026,weekly_running,5a657b849798801bb3e72d7c7f9e501e1e7ecdf13c2392207e08a3ff641c965f,7,district,district_13,District 13,murder,Murder,0,0,0,validated
weekly-2026-08-30-r1,weekly_compstat,2026-08-30,1,2026,weekly_running,5a657b849798801bb3e72d7c7f9e501e1e7ecdf13c2392207e08a3ff641c965f,7,district,district_13,District 13,rape,Rape,0,0,0,validated
weekly-2026-08-30-r1,weekly_compstat,2026-08-30,1,2026,weekly_running,5a657b849798801bb3e72d7c7f9e501e1e7ecdf13c2392207e08a3ff641c965f,7,district,district_13,District 13,robbery,Robbery,0,1,13,validated
weekly-2026-08-30-r1,weekly_compstat,2026-08-30,1,2026,weekly_running,5a657b849798801bb3e72d7c7f9e501e1e7ecdf13c2392207e08a3ff641c965f,7,district,district_13,District 13,shooting_incidents,Shooting Incidents,1,1,8,validated
weekly-2026-08-30-r1,weekly_compstat,2026-08-30,1,2026,weekly_running,5a657b849798801bb3e72d7c7f9e501e1e7ecdf13c2392207e08a3ff641c965f,7,district,district_13,District 13,shooting_victims,Shooting Victims,1,1,10,validated
weekly-2026-08-30-r1,weekly_compstat,2026-08-30,1,2026,weekly_running,5a657b849798801bb3e72d7c7f9e501e1e7ecdf13c2392207e08a3ff641c965f,9,district,district_14,District 14,aggravated_assault,Agg. Assault,1,3,38,validated
weekly-2026-08-30-r1,weekly_compstat,2026-08-30,1,2026,weekly_running,5a657b849798801bb3e72d7c7f9e501e1e7ecdf13c2392207e08a3ff641c965f,9,district,district_14,District 14,auto_theft,Auto Theft,0,5,45,validated
weekly-2026-08-30-r1,weekly_compstat,2026-08-30,1,2026,weekly_running,5a657b849798801bb3e72d7c7f9e501e1e7ecdf13c2392207e08a3ff641c965f,9,district,district_14,District 14,burglary,Burglary,1,4,36,validated
weekly-2026-08-30-r1,weekly_compstat,2026-08-30,1,2026,weekly_running,5a657b849798801bb3e72d7c7f9e501e1e7ecdf13c2392207e08a3ff641c965f,9,district,district_14,District 14,felony_theft,Felony Theft,0,2,27,validated
weekly-2026-08-30-r1,weekly_compstat,2026-08-30,1,2026,weekly_running,5a657b849798801bb3e72d7c7f9e501e1e7ecdf13c2392207e08a3ff641c965f,9,district,district_14,District 14,juvenile_shooting_incidents,*Juv Shooting Incidents,0,0,0,validated
weekly-2026-08-30-r1,weekly_compstat,2026-08-30,1,2026,weekly_running,5a657b849798801bb3e72d7c7f9e501e1e7ecdf13c2392207e08a3ff641c965f,9,district,district_14,District 14,juvenile_shooting_victims,*Juv Shooting Victims,0,0,0,validated
weekly-2026-08-30-r1,weekly_compstat,2026-08-30,1,2026,weekly_running,5a657b849798801bb3e72d7c7f9e501e1e7ecdf13c2392207e08a3ff641c965f,9,district,district_14,District 14,major_crime_total,TOTAL,2,14,152,validated
weekly-2026-08-30-r1,weekly_compstat,2026-08-30,1,2026,weekly_running,5a657b849798801bb3e72d7c7f9e501e1e7ecdf13c2392207e08a3ff641c965f,9,district,district_14,District 14,misdemeanor_theft,Theft (Misdemeanor),2,9,109,validated
weekly-2026-08-30-r1,weekly_compstat,2026-08-30,1,2026,weekly_running,5a657b849798801bb3e72d7c7f9e501e1e7ecdf13c2392207e08a3ff641c965f,9,district,district_14,District 14,murder,Murder,0,0,0,validated
weekly-2026-08-30-r1,weekly_compstat,2026-08-30,1,2026,weekly_running,5a657b849798801bb3e72d7c7f9e501e1e7ecdf13c2392207e08a3ff641c965f,9,district,district_14,District 14,rape,Rape,0,0,0,validated
weekly-2026-08-30-r1,weekly_compstat,2026-08-30,1,2026,weekly_running,5a657b849798801bb3e72d7c7f9e501e1e7ecdf13c2392207e08a3ff641c965f,9,district,district_14,District 14,robbery,Robbery,0,0,6,validated
weekly-2026-08-30-r1,weekly_compstat,2026-08-30,1,2026,weekly_running,5a657b849798801bb3e72d7c7f9e501e1e7ecdf13c2392207e08a3ff641c965f,9,district,district_14,District 14,shooting_incidents,Shooting Incidents,0,1,5,validated
weekly-2026-08-30-r1,weekly_compstat,2026-08-30,1,2026,weekly_running,5a657b849798801bb3e72d7c7f9e501e1e7ecdf13c2392207e08a3ff641c965f,9,district,district_14,District 14,shooting_victims,Shooting Victims,0,1,5,validated
weekly-2026-08-30-r1,weekly_compstat,2026-08-30,1,2026,weekly_running,5a657b849798801bb3e72d7c7f9e501e1e7ecdf13c2392207e08a3ff641c965f,17,district,district_16,District 16,aggravated_assault,Agg. Assault,3,8,49,validated
weekly-2026-08-30-r1,weekly_compstat,2026-08-30,1,2026,weekly_running,5a657b849798801bb3e72d7c7f9e501e1e7ecdf13c2392207e08a3ff641c965f,17,district,district_16,District 16,auto_theft,Auto Theft,0,5,24,validated
weekly-2026-08-30-r1,weekly_compstat,2026-08-30,1,2026,weekly_running,5a657b849798801bb3e72d7c7f9e501e1e7ecdf13c2392207e08a3ff641c965f,17,district,district_16,District 16,burglary,Burglary,1,2,35,validated
weekly-2026-08-30-r1,weekly_compstat,2026-08-30,1,2026,weekly_running,5a657b849798801bb3e72d7c7f9e501e1e7ecdf13c2392207e08a3ff641c965f,17,district,district_16,District 16,felony_theft,Felony Theft,2,11,27,validated
weekly-2026-08-30-r1,weekly_compstat,2026-08-30,1,2026,weekly_running,5a657b849798801bb3e72d7c7f9e501e1e7ecdf13c2392207e08a3ff641c965f,17,district,district_16,District 16,juvenile_shooting_incidents,*Juv Shooting Incidents,0,0,3,validated
weekly-2026-08-30-r1,weekly_compstat,2026-08-30,1,2026,weekly_running,5a657b849798801bb3e72d7c7f9e501e1e7ecdf13c2392207e08a3ff641c965f,17,district,district_16,District 16,juvenile_shooting_victims,*Juv Shooting Victims,0,0,3,validated
weekly-2026-08-30-r1,weekly_compstat,2026-08-30,1,2026,weekly_running,5a657b849798801bb3e72d7c7f9e501e1e7ecdf13c2392207e08a3ff641c965f,17,district,district_16,District 16,major_crime_total,TOTAL,6,26,175,validated
weekly-2026-08-30-r1,weekly_compstat,2026-08-30,1,2026,weekly_running,5a657b849798801bb3e72d7c7f9e501e1e7ecdf13c2392207e08a3ff641c965f,17,district,district_16,District 16,misdemeanor_theft,Theft (Misdemeanor),2,9,119,validated
weekly-2026-08-30-r1,weekly_compstat,2026-08-30,1,2026,weekly_running,5a657b849798801bb3e72d7c7f9e501e1e7ecdf13c2392207e08a3ff641c965f,17,district,district_16,District 16,murder,Murder,0,0,4,validated
weekly-2026-08-30-r1,weekly_compstat,2026-08-30,1,2026,weekly_running,5a657b849798801bb3e72d7c7f9e501e1e7ecdf13c2392207e08a3ff641c965f,17,district,district_16,District 16,rape,Rape,0,0,0,validated
weekly-2026-08-30-r1,weekly_compstat,2026-08-30,1,2026,weekly_running,5a657b849798801bb3e72d7c7f9e501e1e7ecdf13c2392207e08a3ff641c965f,17,district,district_16,District 16,robbery,Robbery,0,0,36,validated
weekly-2026-08-30-r1,weekly_compstat,2026-08-30,1,2026,weekly_running,5a657b849798801bb3e72d7c7f9e501e1e7ecdf13c2392207e08a3ff641c965f,17,district,district_16,District 16,shooting_incidents,Shooting Incidents,0,0,11,validated
weekly-2026-08-30-r1,weekly_compstat,2026-08-30,1,2026,weekly_running,5a657b849798801bb3e72d7c7f9e501e1e7ecdf13c2392207e08a3ff641c965f,17,district,district_16,District 16,shooting_victims,Shooting Victims,0,0,15,validated
weekly-2026-08-30-r1,weekly_compstat,2026-08-30,1,2026,weekly_running,5a657b849798801bb3e72d7c7f9e501e1e7ecdf13c2392207e08a3ff641c965f,21,district,district_17,District 17,aggravated_assault,Agg. Assault,1,8,52,validated
weekly-2026-08-30-r1,weekly_compstat,2026-08-30,1,2026,weekly_running,5a657b849798801bb3e72d7c7f9e501e1e7ecdf13c2392207e08a3ff641c965f,21,district,district_17,District 17,auto_theft,Auto Theft,1,1,23,validated
weekly-2026-08-30-r1,weekly_compstat,2026-08-30,1,2026,weekly_running,5a657b849798801bb3e72d7c7f9e501e1e7ecdf13c2392207e08a3ff641c965f,21,district,district_17,District 17,burglary,Burglary,1,6,29,validated
weekly-2026-08-30-r1,weekly_compstat,2026-08-30,1,2026,weekly_running,5a657b849798801bb3e72d7c7f9e501e1e7ecdf13c2392207e08a3ff641c965f,21,district,district_17,District 17,felony_theft,Felony Theft,0,1,9,validated
weekly-2026-08-30-r1,weekly_compstat,2026-08-30,1,2026,weekly_running,5a657b849798801bb3e72d7c7f9e501e1e7ecdf13c2392207e08a3ff641c965f,21,district,district_17,District 17,juvenile_shooting_incidents,*Juv Shooting Incidents,0,0,1,validated
weekly-2026-08-30-r1,weekly_compstat,2026-08-30,1,2026,weekly_running,5a657b849798801bb3e72d7c7f9e501e1e7ecdf13c2392207e08a3ff641c965f,21,district,district_17,District 17,juvenile_shooting_victims,*Juv Shooting Victims,0,0,1,validated
weekly-2026-08-30-r1,weekly_compstat,2026-08-30,1,2026,weekly_running,5a657b849798801bb3e72d7c7f9e501e1e7ecdf13c2392207e08a3ff641c965f,21,district,district_17,District 17,major_crime_total,TOTAL,4,20,140,validated
weekly-2026-08-30-r1,weekly_compstat,2026-08-30,1,2026,weekly_running,5a657b849798801bb3e72d7c7f9e501e1e7ecdf13c2392207e08a3ff641c965f,21,district,district_17,District 17,misdemeanor_theft,Theft (Misdemeanor),2,8,60,validated
weekly-2026-08-30-r1,weekly_compstat,2026-08-30,1,2026,weekly_running,5a657b849798801bb3e72d7c7f9e501e1e7ecdf13c2392207e08a3ff641c965f,21,district,district_17,District 17,murder,Murder,0,0,1,validated
weekly-2026-08-30-r1,weekly_compstat,2026-08-30,1,2026,weekly_running,5a657b849798801bb3e72d7c7f9e501e1e7ecdf13c2392207e08a3ff641c965f,21,district,district_17,District 17,rape,Rape,0,0,1,validated
weekly-2026-08-30-r1,weekly_compstat,2026-08-30,1,2026,weekly_running,5a657b849798801bb3e72d7c7f9e501e1e7ecdf13c2392207e08a3ff641c965f,21,district,district_17,District 17,robbery,Robbery,1,4,25,validated
weekly-2026-08-30-r1,weekly_compstat,2026-08-30,1,2026,weekly_running,5a657b849798801bb3e72d7c7f9e501e1e7ecdf13c2392207e08a3ff641c965f,21,district,district_17,District 17,shooting_incidents,Shooting Incidents,0,0,7,validated
weekly-2026-08-30-r1,weekly_compstat,2026-08-30,1,2026,weekly_running,5a657b849798801bb3e72d7c7f9e501e1e7ecdf13c2392207e08a3ff641c965f,21,district,district_17,District 17,shooting_victims,Shooting Victims,0,0,9,validated
weekly-2026-08-30-r1,weekly_compstat,2026-08-30,1,2026,weekly_running,5a657b849798801bb3e72d7c7f9e501e1e7ecdf13c2392207e08a3ff641c965f,23,district,district_18,District 18,aggravated_assault,Agg. Assault,2,5,31,validated
weekly-2026-08-30-r1,weekly_compstat,2026-08-30,1,2026,weekly_running,5a657b849798801bb3e72d7c7f9e501e1e7ecdf13c2392207e08a3ff641c965f,23,district,district_18,District 18,auto_theft,Auto Theft,0,1,19,validated
weekly-2026-08-30-r1,weekly_compstat,2026-08-30,1,2026,weekly_running,5a657b849798801bb3e72d7c7f9e501e1e7ecdf13c2392207e08a3ff641c965f,23,district,district_18,District 18,burglary,Burglary,1,3,38,validated
weekly-2026-08-30-r1,weekly_compstat,2026-08-30,1,2026,weekly_running,5a657b849798801bb3e72d7c7f9e501e1e7ecdf13c2392207e08a3ff641c965f,23,district,district_18,District 18,felony_theft,Felony Theft,1,3,22,validated
weekly-2026-08-30-r1,weekly_compstat,2026-08-30,1,2026,weekly_running,5a657b849798801bb3e72d7c7f9e501e1e7ecdf13c2392207e08a3ff641c965f,23,district,district_18,District 18,juvenile_shooting_incidents,*Juv Shooting Incidents,0,0,2,validated
weekly-2026-08-30-r1,weekly_compstat,2026-08-30,1,2026,weekly_running,5a657b849798801bb3e72d7c7f9e501e1e7ecdf13c2392207e08a3ff641c965f,23,district,district_18,District 18,juvenile_shooting_victims,*Juv Shooting Victims,0,0,2,validated
weekly-2026-08-30-r1,weekly_compstat,2026-08-30,1,2026,weekly_running,5a657b849798801bb3e72d7c7f9e501e1e7ecdf13c2392207e08a3ff641c965f,23,district,district_18,District 18,major_crime_total,TOTAL,5,13,131,validated
weekly-2026-08-30-r1,weekly_compstat,2026-08-30,1,2026,weekly_running,5a657b849798801bb3e72d7c7f9e501e1e7ecdf13c2392207e08a3ff641c965f,23,district,district_18,District 18,misdemeanor_theft,Theft (Misdemeanor),3,17,106,validated
weekly-2026-08-30-r1,weekly_compstat,2026-08-30,1,2026,weekly_running,5a657b849798801bb3e72d7c7f9e501e1e7ecdf13c2392207e08a3ff641c965f,23,district,district_18,District 18,murder,Murder,0,0,1,validated
weekly-2026-08-30-r1,weekly_compstat,2026-08-30,1,2026,weekly_running,5a657b849798801bb3e72d7c7f9e501e1e7ecdf13c2392207e08a3ff641c965f,23,district,district_18,District 18,rape,Rape,0,0,2,validated
weekly-2026-08-30-r1,weekly_compstat,2026-08-30,1,2026,weekly_running,5a657b849798801bb3e72d7c7f9e501e1e7ecdf13c2392207e08a3ff641c965f,23,district,district_18,District 18,robbery,Robbery,1,1,18,validated
weekly-2026-08-30-r1,weekly_compstat,2026-08-30,1,2026,weekly_running,5a657b849798801bb3e72d7c7f9e501e1e7ecdf13c2392207e08a3ff641c965f,23,district,district_18,District 18,shooting_incidents,Shooting Incidents,1,1,5,validated
weekly-2026-08-30-r1,weekly_compstat,2026-08-30,1,2026,weekly_running,5a657b849798801bb3e72d7c7f9e501e1e7ecdf13c2392207e08a3ff641c965f,23,district,district_18,District 18,shooting_victims,Shooting Victims,2,2,7,validated
weekly-2026-08-30-r1,weekly_compstat,2026-08-30,1,2026,weekly_running,5a657b849798801bb3e72d7c7f9e501e1e7ecdf13c2392207e08a3ff641c965f,25,district,district_19,District 19,aggravated_assault,Agg. Assault,0,2,14,validated
weekly-2026-08-30-r1,weekly_compstat,2026-08-30,1,2026,weekly_running,5a657b849798801bb3e72d7c7f9e501e1e7ecdf13c2392207e08a3ff641c965f,25,district,district_19,District 19,auto_theft,Auto Theft,0,2,23,validated
weekly-2026-08-30-r1,weekly_compstat,2026-08-30,1,2026,weekly_running,5a657b849798801bb3e72d7c7f9e501e1e7ecdf13c2392207e08a3ff641c965f,25,district,district_19,District 19,burglary,Burglary,0,0,24,validated
weekly-2026-08-30-r1,weekly_compstat,2026-08-30,1,2026,weekly_running,5a657b849798801bb3e72d7c7f9e501e1e7ecdf13c2392207e08a3ff641c965f,25,district,district_19,District 19,felony_theft,Felony Theft,0,2,13,validated
weekly-2026-08-30-r1,weekly_compstat,2026-08-30,1,2026,weekly_running,5a657b849798801bb3e72d7c7f9e501e1e7ecdf13c2392207e08a3ff641c965f,25,district,district_19,District 19,juvenile_shooting_incidents,*Juv Shooting Incidents,0,0,1,validated
weekly-2026-08-30-r1,weekly_compstat,2026-08-30,1,2026,weekly_running,5a657b849798801bb3e72d7c7f9e501e1e7ecdf13c2392207e08a3ff641c965f,25,district,district_19,District 19,juvenile_shooting_victims,*Juv Shooting Victims,0,0,1,validated
weekly-2026-08-30-r1,weekly_compstat,2026-08-30,1,2026,weekly_running,5a657b849798801bb3e72d7c7f9e501e1e7ecdf13c2392207e08a3ff641c965f,25,district,district_19,District 19,major_crime_total,TOTAL,0,7,83,validated
weekly-2026-08-30-r1,weekly_compstat,2026-08-30,1,2026,weekly_running,5a657b849798801bb3e72d7c7f9e501e1e7ecdf13c2392207e08a3ff641c965f,25,district,district_19,District 19,misdemeanor_theft,Theft (Misdemeanor),1,7,50,validated
weekly-2026-08-30-r1,weekly_compstat,2026-08-30,1,2026,weekly_running,5a657b849798801bb3e72d7c7f9e501e1e7ecdf13c2392207e08a3ff641c965f,25,district,district_19,District 19,murder,Murder,0,0,0,validated
weekly-2026-08-30-r1,weekly_compstat,2026-08-30,1,2026,weekly_running,5a657b849798801bb3e72d7c7f9e501e1e7ecdf13c2392207e08a3ff641c965f,25,district,district_19,District 19,rape,Rape,0,0,0,validated
weekly-2026-08-30-r1,weekly_compstat,2026-08-30,1,2026,weekly_running,5a657b849798801bb3e72d7c7f9e501e1e7ecdf13c2392207e08a3ff641c965f,25,district,district_19,District 19,robbery,Robbery,0,1,9,validated
weekly-2026-08-30-r1,weekly_compstat,2026-08-30,1,2026,weekly_running,5a657b849798801bb3e72d7c7f9e501e1e7ecdf13c2392207e08a3ff641c965f,25,district,district_19,District 19,shooting_incidents,Shooting Incidents,0,0,2,validated
weekly-2026-08-30-r1,weekly_compstat,2026-08-30,1,2026,weekly_running,5a657b849798801bb3e72d7c7f9e501e1e7ecdf13c2392207e08a3ff641c965f,25,district,district_19,District 19,shooting_victims,Shooting Victims,0,0,3,validated
weekly-2026-08-30-r1,weekly_compstat,2026-08-30,1,2026,weekly_running,5a657b849798801bb3e72d7c7f9e501e1e7ecdf13c2392207e08a3ff641c965f,3,sector,sector_1,Sector 1,aggravated_assault,Agg. Assault,2,9,80,validated
weekly-2026-08-30-r1,weekly_compstat,2026-08-30,1,2026,weekly_running,5a657b849798801bb3e72d7c7f9e501e1e7ecdf13c2392207e08a3ff641c965f,3,sector,sector_1,Sector 1,auto_theft,Auto Theft,0,7,82,validated
weekly-2026-08-30-r1,weekly_compstat,2026-08-30,1,2026,weekly_running,5a657b849798801bb3e72d7c7f9e501e1e7ecdf13c2392207e08a3ff641c965f,3,sector,sector_1,Sector 1,burglary,Burglary,1,4,60,validated
weekly-2026-08-30-r1,weekly_compstat,2026-08-30,1,2026,weekly_running,5a657b849798801bb3e72d7c7f9e501e1e7ecdf13c2392207e08a3ff641c965f,3,sector,sector_1,Sector 1,felony_theft,Felony Theft,0,5,53,validated
weekly-2026-08-30-r1,weekly_compstat,2026-08-30,1,2026,weekly_running,5a657b849798801bb3e72d7c7f9e501e1e7ecdf13c2392207e08a3ff641c965f,3,sector,sector_1,Sector 1,juvenile_shooting_incidents,*Juv Shooting Incidents,0,0,2,validated
weekly-2026-08-30-r1,weekly_compstat,2026-08-30,1,2026,weekly_running,5a657b849798801bb3e72d7c7f9e501e1e7ecdf13c2392207e08a3ff641c965f,3,sector,sector_1,Sector 1,juvenile_shooting_victims,*Juv Shooting Victims,0,0,2,validated
weekly-2026-08-30-r1,weekly_compstat,2026-08-30,1,2026,weekly_running,5a657b849798801bb3e72d7c7f9e501e1e7ecdf13c2392207e08a3ff641c965f,3,sector,sector_1,Sector 1,major_crime_total,TOTAL,3,28,301,validated
weekly-2026-08-30-r1,weekly_compstat,2026-08-30,1,2026,weekly_running,5a657b849798801bb3e72d7c7f9e501e1e7ecdf13c2392207e08a3ff641c965f,3,sector,sector_1,Sector 1,misdemeanor_theft,Theft (Misdemeanor),2,13,184,validated
weekly-2026-08-30-r1,weekly_compstat,2026-08-30,1,2026,weekly_running,5a657b849798801bb3e72d7c7f9e501e1e7ecdf13c2392207e08a3ff641c965f,3,sector,sector_1,Sector 1,murder,Murder,0,0,0,validated
weekly-2026-08-30-r1,weekly_compstat,2026-08-30,1,2026,weekly_running,5a657b849798801bb3e72d7c7f9e501e1e7ecdf13c2392207e08a3ff641c965f,3,sector,sector_1,Sector 1,rape,Rape,0,0,0,validated
weekly-2026-08-30-r1,weekly_compstat,2026-08-30,1,2026,weekly_running,5a657b849798801bb3e72d7c7f9e501e1e7ecdf13c2392207e08a3ff641c965f,3,sector,sector_1,Sector 1,robbery,Robbery,0,3,26,validated
weekly-2026-08-30-r1,weekly_compstat,2026-08-30,1,2026,weekly_running,5a657b849798801bb3e72d7c7f9e501e1e7ecdf13c2392207e08a3ff641c965f,3,sector,sector_1,Sector 1,shooting_incidents,Shooting Incidents,1,2,13,validated
weekly-2026-08-30-r1,weekly_compstat,2026-08-30,1,2026,weekly_running,5a657b849798801bb3e72d7c7f9e501e1e7ecdf13c2392207e08a3ff641c965f,3,sector,sector_1,Sector 1,shooting_victims,Shooting Victims,1,2,15,validated
weekly-2026-08-30-r1,weekly_compstat,2026-08-30,1,2026,weekly_running,5a657b849798801bb3e72d7c7f9e501e1e7ecdf13c2392207e08a3ff641c965f,11,sector,sector_2,Sector 2,aggravated_assault,Agg. Assault,5,17,111,validated
weekly-2026-08-30-r1,weekly_compstat,2026-08-30,1,2026,weekly_running,5a657b849798801bb3e72d7c7f9e501e1e7ecdf13c2392207e08a3ff641c965f,11,sector,sector_2,Sector 2,auto_theft,Auto Theft,2,8,46,validated
weekly-2026-08-30-r1,weekly_compstat,2026-08-30,1,2026,weekly_running,5a657b849798801bb3e72d7c7f9e501e1e7ecdf13c2392207e08a3ff641c965f,11,sector,sector_2,Sector 2,burglary,Burglary,3,8,83,validated
weekly-2026-08-30-r1,weekly_compstat,2026-08-30,1,2026,weekly_running,5a657b849798801bb3e72d7c7f9e501e1e7ecdf13c2392207e08a3ff641c965f,11,sector,sector_2,Sector 2,felony_theft,Felony Theft,4,14,56,validated
weekly-2026-08-30-r1,weekly_compstat,2026-08-30,1,2026,weekly_running,5a657b849798801bb3e72d7c7f9e501e1e7ecdf13c2392207e08a3ff641c965f,11,sector,sector_2,Sector 2,juvenile_shooting_incidents,*Juv Shooting Incidents,0,0,6,validated
weekly-2026-08-30-r1,weekly_compstat,2026-08-30,1,2026,weekly_running,5a657b849798801bb3e72d7c7f9e501e1e7ecdf13c2392207e08a3ff641c965f,11,sector,sector_2,Sector 2,juvenile_shooting_victims,*Juv Shooting Victims,0,0,6,validated
weekly-2026-08-30-r1,weekly_compstat,2026-08-30,1,2026,weekly_running,5a657b849798801bb3e72d7c7f9e501e1e7ecdf13c2392207e08a3ff641c965f,11,sector,sector_2,Sector 2,major_crime_total,TOTAL,14,50,361,validated
weekly-2026-08-30-r1,weekly_compstat,2026-08-30,1,2026,weekly_running,5a657b849798801bb3e72d7c7f9e501e1e7ecdf13c2392207e08a3ff641c965f,11,sector,sector_2,Sector 2,misdemeanor_theft,Theft (Misdemeanor),2,21,233,validated
weekly-2026-08-30-r1,weekly_compstat,2026-08-30,1,2026,weekly_running,5a657b849798801bb3e72d7c7f9e501e1e7ecdf13c2392207e08a3ff641c965f,11,sector,sector_2,Sector 2,murder,Murder,0,0,5,validated
weekly-2026-08-30-r1,weekly_compstat,2026-08-30,1,2026,weekly_running,5a657b849798801bb3e72d7c7f9e501e1e7ecdf13c2392207e08a3ff641c965f,11,sector,sector_2,Sector 2,rape,Rape,0,0,0,validated
weekly-2026-08-30-r1,weekly_compstat,2026-08-30,1,2026,weekly_running,5a657b849798801bb3e72d7c7f9e501e1e7ecdf13c2392207e08a3ff641c965f,11,sector,sector_2,Sector 2,robbery,Robbery,0,3,60,validated
weekly-2026-08-30-r1,weekly_compstat,2026-08-30,1,2026,weekly_running,5a657b849798801bb3e72d7c7f9e501e1e7ecdf13c2392207e08a3ff641c965f,11,sector,sector_2,Sector 2,shooting_incidents,Shooting Incidents,0,3,18,validated
weekly-2026-08-30-r1,weekly_compstat,2026-08-30,1,2026,weekly_running,5a657b849798801bb3e72d7c7f9e501e1e7ecdf13c2392207e08a3ff641c965f,11,sector,sector_2,Sector 2,shooting_victims,Shooting Victims,0,6,25,validated
weekly-2026-08-30-r1,weekly_compstat,2026-08-30,1,2026,weekly_running,5a657b849798801bb3e72d7c7f9e501e1e7ecdf13c2392207e08a3ff641c965f,19,sector,sector_3,Sector 3,aggravated_assault,Agg. Assault,3,15,97,validated
weekly-2026-08-30-r1,weekly_compstat,2026-08-30,1,2026,weekly_running,5a657b849798801bb3e72d7c7f9e501e1e7ecdf13c2392207e08a3ff641c965f,19,sector,sector_3,Sector 3,auto_theft,Auto Theft,1,4,65,validated
weekly-2026-08-30-r1,weekly_compstat,2026-08-30,1,2026,weekly_running,5a657b849798801bb3e72d7c7f9e501e1e7ecdf13c2392207e08a3ff641c965f,19,sector,sector_3,Sector 3,burglary,Burglary,2,9,91,validated
weekly-2026-08-30-r1,weekly_compstat,2026-08-30,1,2026,weekly_running,5a657b849798801bb3e72d7c7f9e501e1e7ecdf13c2392207e08a3ff641c965f,19,sector,sector_3,Sector 3,felony_theft,Felony Theft,1,6,44,validated
weekly-2026-08-30-r1,weekly_compstat,2026-08-30,1,2026,weekly_running,5a657b849798801bb3e72d7c7f9e501e1e7ecdf13c2392207e08a3ff641c965f,19,sector,sector_3,Sector 3,juvenile_shooting_incidents,*Juv Shooting Incidents,0,0,4,validated
weekly-2026-08-30-r1,weekly_compstat,2026-08-30,1,2026,weekly_running,5a657b849798801bb3e72d7c7f9e501e1e7ecdf13c2392207e08a3ff641c965f,19,sector,sector_3,Sector 3,juvenile_shooting_victims,*Juv Shooting Victims,0,0,4,validated
weekly-2026-08-30-r1,weekly_compstat,2026-08-30,1,2026,weekly_running,5a657b849798801bb3e72d7c7f9e501e1e7ecdf13c2392207e08a3ff641c965f,19,sector,sector_3,Sector 3,major_crime_total,TOTAL,9,40,354,validated
weekly-2026-08-30-r1,weekly_compstat,2026-08-30,1,2026,weekly_running,5a657b849798801bb3e72d7c7f9e501e1e7ecdf13c2392207e08a3ff641c965f,19,sector,sector_3,Sector 3,misdemeanor_theft,Theft (Misdemeanor),6,32,216,validated
weekly-2026-08-30-r1,weekly_compstat,2026-08-30,1,2026,weekly_running,5a657b849798801bb3e72d7c7f9e501e1e7ecdf13c2392207e08a3ff641c965f,19,sector,sector_3,Sector 3,murder,Murder,0,0,2,validated
weekly-2026-08-30-r1,weekly_compstat,2026-08-30,1,2026,weekly_running,5a657b849798801bb3e72d7c7f9e501e1e7ecdf13c2392207e08a3ff641c965f,19,sector,sector_3,Sector 3,rape,Rape,0,0,3,validated
weekly-2026-08-30-r1,weekly_compstat,2026-08-30,1,2026,weekly_running,5a657b849798801bb3e72d7c7f9e501e1e7ecdf13c2392207e08a3ff641c965f,19,sector,sector_3,Sector 3,robbery,Robbery,2,6,52,validated
weekly-2026-08-30-r1,weekly_compstat,2026-08-30,1,2026,weekly_running,5a657b849798801bb3e72d7c7f9e501e1e7ecdf13c2392207e08a3ff641c965f,19,sector,sector_3,Sector 3,shooting_incidents,Shooting Incidents,1,1,14,validated
weekly-2026-08-30-r1,weekly_compstat,2026-08-30,1,2026,weekly_running,5a657b849798801bb3e72d7c7f9e501e1e7ecdf13c2392207e08a3ff641c965f,19,sector,sector_3,Sector 3,shooting_victims,Shooting Victims,2,2,19,validated
