report_id,report_type,report_start,report_end,report_revision,source_sha256,source_page,geography_type,geography_code,geography_label,offense_code,offense_label,period,statistic,observation_year,comparison_year,comparison_lag_years,value_numeric,value_reported,null_reason,extraction_version,validation_status
year-end-compstat-2025-r1,year_end_compstat,2025-01-01,2025-12-31,1,3c3b151aad3d007f2279cf5735d63f591623eff526770c425b726af0d950cfb2,1,citywide,citywide,Citywide,murder,Murder,last_7_days,count,2025,,,1,1,,wilmington-compstat-v1,validated
year-end-compstat-2025-r1,year_end_compstat,2025-01-01,2025-12-31,1,3c3b151aad3d007f2279cf5735d63f591623eff526770c425b726af0d950cfb2,1,citywide,citywide,Citywide,murder,Murder,last_7_days,count,2024,,,1,1,,wilmington-compstat-v1,validated
year-end-compstat-2025-r1,year_end_compstat,2025-01-01,2025-12-31,1,3c3b151aad3d007f2279cf5735d63f591623eff526770c425b726af0d950cfb2,1,citywide,citywide,Citywide,murder,Murder,last_7_days,percent_change,2025,2024,1,0.0,0%,,wilmington-compstat-v1,validated
year-end-compstat-2025-r1,year_end_compstat,2025-01-01,2025-12-31,1,3c3b151aad3d007f2279cf5735d63f591623eff526770c425b726af0d950cfb2,1,citywide,citywide,Citywide,murder,Murder,last_28_days,count,2025,,,2,2,,wilmington-compstat-v1,validated
year-end-compstat-2025-r1,year_end_compstat,2025-01-01,2025-12-31,1,3c3b151aad3d007f2279cf5735d63f591623eff526770c425b726af0d950cfb2,1,citywide,citywide,Citywide,murder,Murder,last_28_days,count,2024,,,2,2,,wilmington-compstat-v1,validated
year-end-compstat-2025-r1,year_end_compstat,2025-01-01,2025-12-31,1,3c3b151aad3d007f2279cf5735d63f591623eff526770c425b726af0d950cfb2,1,citywide,citywide,Citywide,murder,Murder,last_28_days,percent_change,2025,2024,1,0.0,0%,,wilmington-compstat-v1,validated
year-end-compstat-2025-r1,year_end_compstat,2025-01-01,2025-12-31,1,3c3b151aad3d007f2279cf5735d63f591623eff526770c425b726af0d950cfb2,1,citywide,citywide,Citywide,murder,Murder,year_to_date,count,2025,,,20,20,,wilmington-compstat-v1,validated
year-end-compstat-2025-r1,year_end_compstat,2025-01-01,2025-12-31,1,3c3b151aad3d007f2279cf5735d63f591623eff526770c425b726af0d950cfb2,1,citywide,citywide,Citywide,murder,Murder,year_to_date,count,2024,,,25,25,,wilmington-compstat-v1,validated
year-end-compstat-2025-r1,year_end_compstat,2025-01-01,2025-12-31,1,3c3b151aad3d007f2279cf5735d63f591623eff526770c425b726af0d950cfb2,1,citywide,citywide,Citywide,murder,Murder,year_to_date,percent_change,2025,2024,1,-20.0,-20%,,wilmington-compstat-v1,validated
year-end-compstat-2025-r1,year_end_compstat,2025-01-01,2025-12-31,1,3c3b151aad3d007f2279cf5735d63f591623eff526770c425b726af0d950cfb2,1,citywide,citywide,Citywide,murder,Murder,year_to_date,percent_change,2025,2023,2,43.0,43%,,wilmington-compstat-v1,validated
year-end-compstat-2025-r1,year_end_compstat,2025-01-01,2025-12-31,1,3c3b151aad3d007f2279cf5735d63f591623eff526770c425b726af0d950cfb2,1,citywide,citywide,Citywide,murder,Murder,year_to_date,percent_change,2025,2022,3,11.0,11%,,wilmington-compstat-v1,validated
year-end-compstat-2025-r1,year_end_compstat,2025-01-01,2025-12-31,1,3c3b151aad3d007f2279cf5735d63f591623eff526770c425b726af0d950cfb2,1,citywide,citywide,Citywide,murder,Murder,year_to_date,percent_change,2025,2021,4,-50.0,-50%,,wilmington-compstat-v1,validated
year-end-compstat-2025-r1,year_end_compstat,2025-01-01,2025-12-31,1,3c3b151aad3d007f2279cf5735d63f591623eff526770c425b726af0d950cfb2,1,citywide,citywide,Citywide,murder,Murder,year_to_date,percent_change,2025,2020,5,-38.0,-38%,,wilmington-compstat-v1,validated
year-end-compstat-2025-r1,year_end_compstat,2025-01-01,2025-12-31,1,3c3b151aad3d007f2279cf5735d63f591623eff526770c425b726af0d950cfb2,1,citywide,citywide,Citywide,murder,Murder,year_to_date,percent_change,2025,2019,6,-13.0,-13%,,wilmington-compstat-v1,validated
year-end-compstat-2025-r1,year_end_compstat,2025-01-01,2025-12-31,1,3c3b151aad3d007f2279cf5735d63f591623eff526770c425b726af0d950cfb2,1,citywide,citywide,Citywide,rape,Rape,last_7_days,count,2025,,,0,0,,wilmington-compstat-v1,validated
year-end-compstat-2025-r1,year_end_compstat,2025-01-01,2025-12-31,1,3c3b151aad3d007f2279cf5735d63f591623eff526770c425b726af0d950cfb2,1,citywide,citywide,Citywide,rape,Rape,last_7_days,count,2024,,,0,0,,wilmington-compstat-v1,validated
year-end-compstat-2025-r1,year_end_compstat,2025-01-01,2025-12-31,1,3c3b151aad3d007f2279cf5735d63f591623eff526770c425b726af0d950cfb2,1,citywide,citywide,Citywide,rape,Rape,last_7_days,percent_change,2025,2024,1,,*,undefined_zero_denominator,wilmington-compstat-v1,validated
year-end-compstat-2025-r1,year_end_compstat,2025-01-01,2025-12-31,1,3c3b151aad3d007f2279cf5735d63f591623eff526770c425b726af0d950cfb2,1,citywide,citywide,Citywide,rape,Rape,last_28_days,count,2025,,,0,0,,wilmington-compstat-v1,validated
year-end-compstat-2025-r1,year_end_compstat,2025-01-01,2025-12-31,1,3c3b151aad3d007f2279cf5735d63f591623eff526770c425b726af0d950cfb2,1,citywide,citywide,Citywide,rape,Rape,last_28_days,count,2024,,,1,1,,wilmington-compstat-v1,validated
year-end-compstat-2025-r1,year_end_compstat,2025-01-01,2025-12-31,1,3c3b151aad3d007f2279cf5735d63f591623eff526770c425b726af0d950cfb2,1,citywide,citywide,Citywide,rape,Rape,last_28_days,percent_change,2025,2024,1,-100.0,-100%,,wilmington-compstat-v1,validated
year-end-compstat-2025-r1,year_end_compstat,2025-01-01,2025-12-31,1,3c3b151aad3d007f2279cf5735d63f591623eff526770c425b726af0d950cfb2,1,citywide,citywide,Citywide,rape,Rape,year_to_date,count,2025,,,1,1,,wilmington-compstat-v1,validated
year-end-compstat-2025-r1,year_end_compstat,2025-01-01,2025-12-31,1,3c3b151aad3d007f2279cf5735d63f591623eff526770c425b726af0d950cfb2,1,citywide,citywide,Citywide,rape,Rape,year_to_date,count,2024,,,3,3,,wilmington-compstat-v1,validated
year-end-compstat-2025-r1,year_end_compstat,2025-01-01,2025-12-31,1,3c3b151aad3d007f2279cf5735d63f591623eff526770c425b726af0d950cfb2,1,citywide,citywide,Citywide,rape,Rape,year_to_date,percent_change,2025,2024,1,-67.0,-67%,,wilmington-compstat-v1,validated
year-end-compstat-2025-r1,year_end_compstat,2025-01-01,2025-12-31,1,3c3b151aad3d007f2279cf5735d63f591623eff526770c425b726af0d950cfb2,1,citywide,citywide,Citywide,rape,Rape,year_to_date,percent_change,2025,2023,2,-75.0,-75%,,wilmington-compstat-v1,validated
year-end-compstat-2025-r1,year_end_compstat,2025-01-01,2025-12-31,1,3c3b151aad3d007f2279cf5735d63f591623eff526770c425b726af0d950cfb2,1,citywide,citywide,Citywide,rape,Rape,year_to_date,percent_change,2025,2022,3,-89.0,-89%,,wilmington-compstat-v1,validated
year-end-compstat-2025-r1,year_end_compstat,2025-01-01,2025-12-31,1,3c3b151aad3d007f2279cf5735d63f591623eff526770c425b726af0d950cfb2,1,citywide,citywide,Citywide,rape,Rape,year_to_date,percent_change,2025,2021,4,-86.0,-86%,,wilmington-compstat-v1,validated
year-end-compstat-2025-r1,year_end_compstat,2025-01-01,2025-12-31,1,3c3b151aad3d007f2279cf5735d63f591623eff526770c425b726af0d950cfb2,1,citywide,citywide,Citywide,rape,Rape,year_to_date,percent_change,2025,2020,5,-93.0,-93%,,wilmington-compstat-v1,validated
year-end-compstat-2025-r1,year_end_compstat,2025-01-01,2025-12-31,1,3c3b151aad3d007f2279cf5735d63f591623eff526770c425b726af0d950cfb2,1,citywide,citywide,Citywide,rape,Rape,year_to_date,percent_change,2025,2019,6,-93.0,-93%,,wilmington-compstat-v1,validated
year-end-compstat-2025-r1,year_end_compstat,2025-01-01,2025-12-31,1,3c3b151aad3d007f2279cf5735d63f591623eff526770c425b726af0d950cfb2,1,citywide,citywide,Citywide,robbery,Robbery,last_7_days,count,2025,,,2,2,,wilmington-compstat-v1,validated
year-end-compstat-2025-r1,year_end_compstat,2025-01-01,2025-12-31,1,3c3b151aad3d007f2279cf5735d63f591623eff526770c425b726af0d950cfb2,1,citywide,citywide,Citywide,robbery,Robbery,last_7_days,count,2024,,,2,2,,wilmington-compstat-v1,validated
year-end-compstat-2025-r1,year_end_compstat,2025-01-01,2025-12-31,1,3c3b151aad3d007f2279cf5735d63f591623eff526770c425b726af0d950cfb2,1,citywide,citywide,Citywide,robbery,Robbery,last_7_days,percent_change,2025,2024,1,0.0,0%,,wilmington-compstat-v1,validated
year-end-compstat-2025-r1,year_end_compstat,2025-01-01,2025-12-31,1,3c3b151aad3d007f2279cf5735d63f591623eff526770c425b726af0d950cfb2,1,citywide,citywide,Citywide,robbery,Robbery,last_28_days,count,2025,,,12,12,,wilmington-compstat-v1,validated
year-end-compstat-2025-r1,year_end_compstat,2025-01-01,2025-12-31,1,3c3b151aad3d007f2279cf5735d63f591623eff526770c425b726af0d950cfb2,1,citywide,citywide,Citywide,robbery,Robbery,last_28_days,count,2024,,,10,10,,wilmington-compstat-v1,validated
year-end-compstat-2025-r1,year_end_compstat,2025-01-01,2025-12-31,1,3c3b151aad3d007f2279cf5735d63f591623eff526770c425b726af0d950cfb2,1,citywide,citywide,Citywide,robbery,Robbery,last_28_days,percent_change,2025,2024,1,20.0,20%,,wilmington-compstat-v1,validated
year-end-compstat-2025-r1,year_end_compstat,2025-01-01,2025-12-31,1,3c3b151aad3d007f2279cf5735d63f591623eff526770c425b726af0d950cfb2,1,citywide,citywide,Citywide,robbery,Robbery,year_to_date,count,2025,,,180,180,,wilmington-compstat-v1,validated
year-end-compstat-2025-r1,year_end_compstat,2025-01-01,2025-12-31,1,3c3b151aad3d007f2279cf5735d63f591623eff526770c425b726af0d950cfb2,1,citywide,citywide,Citywide,robbery,Robbery,year_to_date,count,2024,,,182,182,,wilmington-compstat-v1,validated
year-end-compstat-2025-r1,year_end_compstat,2025-01-01,2025-12-31,1,3c3b151aad3d007f2279cf5735d63f591623eff526770c425b726af0d950cfb2,1,citywide,citywide,Citywide,robbery,Robbery,year_to_date,percent_change,2025,2024,1,-1.0,-1%,,wilmington-compstat-v1,validated
year-end-compstat-2025-r1,year_end_compstat,2025-01-01,2025-12-31,1,3c3b151aad3d007f2279cf5735d63f591623eff526770c425b726af0d950cfb2,1,citywide,citywide,Citywide,robbery,Robbery,year_to_date,percent_change,2025,2023,2,-25.0,-25%,,wilmington-compstat-v1,validated
year-end-compstat-2025-r1,year_end_compstat,2025-01-01,2025-12-31,1,3c3b151aad3d007f2279cf5735d63f591623eff526770c425b726af0d950cfb2,1,citywide,citywide,Citywide,robbery,Robbery,year_to_date,percent_change,2025,2022,3,-17.0,-17%,,wilmington-compstat-v1,validated
year-end-compstat-2025-r1,year_end_compstat,2025-01-01,2025-12-31,1,3c3b151aad3d007f2279cf5735d63f591623eff526770c425b726af0d950cfb2,1,citywide,citywide,Citywide,robbery,Robbery,year_to_date,percent_change,2025,2021,4,-16.0,-16%,,wilmington-compstat-v1,validated
year-end-compstat-2025-r1,year_end_compstat,2025-01-01,2025-12-31,1,3c3b151aad3d007f2279cf5735d63f591623eff526770c425b726af0d950cfb2,1,citywide,citywide,Citywide,robbery,Robbery,year_to_date,percent_change,2025,2020,5,-35.0,-35%,,wilmington-compstat-v1,validated
year-end-compstat-2025-r1,year_end_compstat,2025-01-01,2025-12-31,1,3c3b151aad3d007f2279cf5735d63f591623eff526770c425b726af0d950cfb2,1,citywide,citywide,Citywide,robbery,Robbery,year_to_date,percent_change,2025,2019,6,-43.0,-43%,,wilmington-compstat-v1,validated
year-end-compstat-2025-r1,year_end_compstat,2025-01-01,2025-12-31,1,3c3b151aad3d007f2279cf5735d63f591623eff526770c425b726af0d950cfb2,1,citywide,citywide,Citywide,aggravated_assault,Agg. Assault,last_7_days,count,2025,,,2,2,,wilmington-compstat-v1,validated
year-end-compstat-2025-r1,year_end_compstat,2025-01-01,2025-12-31,1,3c3b151aad3d007f2279cf5735d63f591623eff526770c425b726af0d950cfb2,1,citywide,citywide,Citywide,aggravated_assault,Agg. Assault,last_7_days,count,2024,,,9,9,,wilmington-compstat-v1,validated
year-end-compstat-2025-r1,year_end_compstat,2025-01-01,2025-12-31,1,3c3b151aad3d007f2279cf5735d63f591623eff526770c425b726af0d950cfb2,1,citywide,citywide,Citywide,aggravated_assault,Agg. Assault,last_7_days,percent_change,2025,2024,1,-78.0,-78%,,wilmington-compstat-v1,validated
year-end-compstat-2025-r1,year_end_compstat,2025-01-01,2025-12-31,1,3c3b151aad3d007f2279cf5735d63f591623eff526770c425b726af0d950cfb2,1,citywide,citywide,Citywide,aggravated_assault,Agg. Assault,last_28_days,count,2025,,,12,12,,wilmington-compstat-v1,validated
year-end-compstat-2025-r1,year_end_compstat,2025-01-01,2025-12-31,1,3c3b151aad3d007f2279cf5735d63f591623eff526770c425b726af0d950cfb2,1,citywide,citywide,Citywide,aggravated_assault,Agg. Assault,last_28_days,count,2024,,,31,31,,wilmington-compstat-v1,validated
year-end-compstat-2025-r1,year_end_compstat,2025-01-01,2025-12-31,1,3c3b151aad3d007f2279cf5735d63f591623eff526770c425b726af0d950cfb2,1,citywide,citywide,Citywide,aggravated_assault,Agg. Assault,last_28_days,percent_change,2025,2024,1,-61.0,-61%,,wilmington-compstat-v1,validated
year-end-compstat-2025-r1,year_end_compstat,2025-01-01,2025-12-31,1,3c3b151aad3d007f2279cf5735d63f591623eff526770c425b726af0d950cfb2,1,citywide,citywide,Citywide,aggravated_assault,Agg. Assault,year_to_date,count,2025,,,363,363,,wilmington-compstat-v1,validated
year-end-compstat-2025-r1,year_end_compstat,2025-01-01,2025-12-31,1,3c3b151aad3d007f2279cf5735d63f591623eff526770c425b726af0d950cfb2,1,citywide,citywide,Citywide,aggravated_assault,Agg. Assault,year_to_date,count,2024,,,381,381,,wilmington-compstat-v1,validated
year-end-compstat-2025-r1,year_end_compstat,2025-01-01,2025-12-31,1,3c3b151aad3d007f2279cf5735d63f591623eff526770c425b726af0d950cfb2,1,citywide,citywide,Citywide,aggravated_assault,Agg. Assault,year_to_date,percent_change,2025,2024,1,-5.0,-5%,,wilmington-compstat-v1,validated
year-end-compstat-2025-r1,year_end_compstat,2025-01-01,2025-12-31,1,3c3b151aad3d007f2279cf5735d63f591623eff526770c425b726af0d950cfb2,1,citywide,citywide,Citywide,aggravated_assault,Agg. Assault,year_to_date,percent_change,2025,2023,2,-17.0,-17%,,wilmington-compstat-v1,validated
year-end-compstat-2025-r1,year_end_compstat,2025-01-01,2025-12-31,1,3c3b151aad3d007f2279cf5735d63f591623eff526770c425b726af0d950cfb2,1,citywide,citywide,Citywide,aggravated_assault,Agg. Assault,year_to_date,percent_change,2025,2022,3,-9.0,-9%,,wilmington-compstat-v1,validated
year-end-compstat-2025-r1,year_end_compstat,2025-01-01,2025-12-31,1,3c3b151aad3d007f2279cf5735d63f591623eff526770c425b726af0d950cfb2,1,citywide,citywide,Citywide,aggravated_assault,Agg. Assault,year_to_date,percent_change,2025,2021,4,-22.0,-22%,,wilmington-compstat-v1,validated
year-end-compstat-2025-r1,year_end_compstat,2025-01-01,2025-12-31,1,3c3b151aad3d007f2279cf5735d63f591623eff526770c425b726af0d950cfb2,1,citywide,citywide,Citywide,aggravated_assault,Agg. Assault,year_to_date,percent_change,2025,2020,5,-21.0,-21%,,wilmington-compstat-v1,validated
year-end-compstat-2025-r1,year_end_compstat,2025-01-01,2025-12-31,1,3c3b151aad3d007f2279cf5735d63f591623eff526770c425b726af0d950cfb2,1,citywide,citywide,Citywide,aggravated_assault,Agg. Assault,year_to_date,percent_change,2025,2019,6,-18.0,-18%,,wilmington-compstat-v1,validated
year-end-compstat-2025-r1,year_end_compstat,2025-01-01,2025-12-31,1,3c3b151aad3d007f2279cf5735d63f591623eff526770c425b726af0d950cfb2,1,citywide,citywide,Citywide,burglary,Burglary,last_7_days,count,2025,,,2,2,,wilmington-compstat-v1,validated
year-end-compstat-2025-r1,year_end_compstat,2025-01-01,2025-12-31,1,3c3b151aad3d007f2279cf5735d63f591623eff526770c425b726af0d950cfb2,1,citywide,citywide,Citywide,burglary,Burglary,last_7_days,count,2024,,,4,4,,wilmington-compstat-v1,validated
year-end-compstat-2025-r1,year_end_compstat,2025-01-01,2025-12-31,1,3c3b151aad3d007f2279cf5735d63f591623eff526770c425b726af0d950cfb2,1,citywide,citywide,Citywide,burglary,Burglary,last_7_days,percent_change,2025,2024,1,-50.0,-50%,,wilmington-compstat-v1,validated
year-end-compstat-2025-r1,year_end_compstat,2025-01-01,2025-12-31,1,3c3b151aad3d007f2279cf5735d63f591623eff526770c425b726af0d950cfb2,1,citywide,citywide,Citywide,burglary,Burglary,last_28_days,count,2025,,,20,20,,wilmington-compstat-v1,validated
year-end-compstat-2025-r1,year_end_compstat,2025-01-01,2025-12-31,1,3c3b151aad3d007f2279cf5735d63f591623eff526770c425b726af0d950cfb2,1,citywide,citywide,Citywide,burglary,Burglary,last_28_days,count,2024,,,31,31,,wilmington-compstat-v1,validated
year-end-compstat-2025-r1,year_end_compstat,2025-01-01,2025-12-31,1,3c3b151aad3d007f2279cf5735d63f591623eff526770c425b726af0d950cfb2,1,citywide,citywide,Citywide,burglary,Burglary,last_28_days,percent_change,2025,2024,1,-35.0,-35%,,wilmington-compstat-v1,validated
year-end-compstat-2025-r1,year_end_compstat,2025-01-01,2025-12-31,1,3c3b151aad3d007f2279cf5735d63f591623eff526770c425b726af0d950cfb2,1,citywide,citywide,Citywide,burglary,Burglary,year_to_date,count,2025,,,353,353,,wilmington-compstat-v1,validated
year-end-compstat-2025-r1,year_end_compstat,2025-01-01,2025-12-31,1,3c3b151aad3d007f2279cf5735d63f591623eff526770c425b726af0d950cfb2,1,citywide,citywide,Citywide,burglary,Burglary,year_to_date,count,2024,,,346,346,,wilmington-compstat-v1,validated
year-end-compstat-2025-r1,year_end_compstat,2025-01-01,2025-12-31,1,3c3b151aad3d007f2279cf5735d63f591623eff526770c425b726af0d950cfb2,1,citywide,citywide,Citywide,burglary,Burglary,year_to_date,percent_change,2025,2024,1,2.0,2%,,wilmington-compstat-v1,validated
year-end-compstat-2025-r1,year_end_compstat,2025-01-01,2025-12-31,1,3c3b151aad3d007f2279cf5735d63f591623eff526770c425b726af0d950cfb2,1,citywide,citywide,Citywide,burglary,Burglary,year_to_date,percent_change,2025,2023,2,0.0,0%,,wilmington-compstat-v1,validated
year-end-compstat-2025-r1,year_end_compstat,2025-01-01,2025-12-31,1,3c3b151aad3d007f2279cf5735d63f591623eff526770c425b726af0d950cfb2,1,citywide,citywide,Citywide,burglary,Burglary,year_to_date,percent_change,2025,2022,3,-15.0,-15%,,wilmington-compstat-v1,validated
year-end-compstat-2025-r1,year_end_compstat,2025-01-01,2025-12-31,1,3c3b151aad3d007f2279cf5735d63f591623eff526770c425b726af0d950cfb2,1,citywide,citywide,Citywide,burglary,Burglary,year_to_date,percent_change,2025,2021,4,-23.0,-23%,,wilmington-compstat-v1,validated
year-end-compstat-2025-r1,year_end_compstat,2025-01-01,2025-12-31,1,3c3b151aad3d007f2279cf5735d63f591623eff526770c425b726af0d950cfb2,1,citywide,citywide,Citywide,burglary,Burglary,year_to_date,percent_change,2025,2020,5,-34.0,-34%,,wilmington-compstat-v1,validated
year-end-compstat-2025-r1,year_end_compstat,2025-01-01,2025-12-31,1,3c3b151aad3d007f2279cf5735d63f591623eff526770c425b726af0d950cfb2,1,citywide,citywide,Citywide,burglary,Burglary,year_to_date,percent_change,2025,2019,6,-38.0,-38%,,wilmington-compstat-v1,validated
year-end-compstat-2025-r1,year_end_compstat,2025-01-01,2025-12-31,1,3c3b151aad3d007f2279cf5735d63f591623eff526770c425b726af0d950cfb2,1,citywide,citywide,Citywide,felony_theft,Felony Theft,last_7_days,count,2025,,,2,2,,wilmington-compstat-v1,validated
year-end-compstat-2025-r1,year_end_compstat,2025-01-01,2025-12-31,1,3c3b151aad3d007f2279cf5735d63f591623eff526770c425b726af0d950cfb2,1,citywide,citywide,Citywide,felony_theft,Felony Theft,last_7_days,count,2024,,,1,1,,wilmington-compstat-v1,validated
year-end-compstat-2025-r1,year_end_compstat,2025-01-01,2025-12-31,1,3c3b151aad3d007f2279cf5735d63f591623eff526770c425b726af0d950cfb2,1,citywide,citywide,Citywide,felony_theft,Felony Theft,last_7_days,percent_change,2025,2024,1,100.0,100%,,wilmington-compstat-v1,validated
year-end-compstat-2025-r1,year_end_compstat,2025-01-01,2025-12-31,1,3c3b151aad3d007f2279cf5735d63f591623eff526770c425b726af0d950cfb2,1,citywide,citywide,Citywide,felony_theft,Felony Theft,last_28_days,count,2025,,,10,10,,wilmington-compstat-v1,validated
year-end-compstat-2025-r1,year_end_compstat,2025-01-01,2025-12-31,1,3c3b151aad3d007f2279cf5735d63f591623eff526770c425b726af0d950cfb2,1,citywide,citywide,Citywide,felony_theft,Felony Theft,last_28_days,count,2024,,,27,27,,wilmington-compstat-v1,validated
year-end-compstat-2025-r1,year_end_compstat,2025-01-01,2025-12-31,1,3c3b151aad3d007f2279cf5735d63f591623eff526770c425b726af0d950cfb2,1,citywide,citywide,Citywide,felony_theft,Felony Theft,last_28_days,percent_change,2025,2024,1,-63.0,-63%,,wilmington-compstat-v1,validated
year-end-compstat-2025-r1,year_end_compstat,2025-01-01,2025-12-31,1,3c3b151aad3d007f2279cf5735d63f591623eff526770c425b726af0d950cfb2,1,citywide,citywide,Citywide,felony_theft,Felony Theft,year_to_date,count,2025,,,237,237,,wilmington-compstat-v1,validated
year-end-compstat-2025-r1,year_end_compstat,2025-01-01,2025-12-31,1,3c3b151aad3d007f2279cf5735d63f591623eff526770c425b726af0d950cfb2,1,citywide,citywide,Citywide,felony_theft,Felony Theft,year_to_date,count,2024,,,291,291,,wilmington-compstat-v1,validated
year-end-compstat-2025-r1,year_end_compstat,2025-01-01,2025-12-31,1,3c3b151aad3d007f2279cf5735d63f591623eff526770c425b726af0d950cfb2,1,citywide,citywide,Citywide,felony_theft,Felony Theft,year_to_date,percent_change,2025,2024,1,-19.0,-19%,,wilmington-compstat-v1,validated
year-end-compstat-2025-r1,year_end_compstat,2025-01-01,2025-12-31,1,3c3b151aad3d007f2279cf5735d63f591623eff526770c425b726af0d950cfb2,1,citywide,citywide,Citywide,felony_theft,Felony Theft,year_to_date,percent_change,2025,2023,2,-34.0,-34%,,wilmington-compstat-v1,validated
year-end-compstat-2025-r1,year_end_compstat,2025-01-01,2025-12-31,1,3c3b151aad3d007f2279cf5735d63f591623eff526770c425b726af0d950cfb2,1,citywide,citywide,Citywide,felony_theft,Felony Theft,year_to_date,percent_change,2025,2022,3,-32.0,-32%,,wilmington-compstat-v1,validated
year-end-compstat-2025-r1,year_end_compstat,2025-01-01,2025-12-31,1,3c3b151aad3d007f2279cf5735d63f591623eff526770c425b726af0d950cfb2,1,citywide,citywide,Citywide,felony_theft,Felony Theft,year_to_date,percent_change,2025,2021,4,-32.0,-32%,,wilmington-compstat-v1,validated
year-end-compstat-2025-r1,year_end_compstat,2025-01-01,2025-12-31,1,3c3b151aad3d007f2279cf5735d63f591623eff526770c425b726af0d950cfb2,1,citywide,citywide,Citywide,felony_theft,Felony Theft,year_to_date,percent_change,2025,2020,5,-7.0,-7%,,wilmington-compstat-v1,validated
year-end-compstat-2025-r1,year_end_compstat,2025-01-01,2025-12-31,1,3c3b151aad3d007f2279cf5735d63f591623eff526770c425b726af0d950cfb2,1,citywide,citywide,Citywide,felony_theft,Felony Theft,year_to_date,percent_change,2025,2019,6,-16.0,-16%,,wilmington-compstat-v1,validated
year-end-compstat-2025-r1,year_end_compstat,2025-01-01,2025-12-31,1,3c3b151aad3d007f2279cf5735d63f591623eff526770c425b726af0d950cfb2,1,citywide,citywide,Citywide,auto_theft,Auto Theft,last_7_days,count,2025,,,4,4,,wilmington-compstat-v1,validated
year-end-compstat-2025-r1,year_end_compstat,2025-01-01,2025-12-31,1,3c3b151aad3d007f2279cf5735d63f591623eff526770c425b726af0d950cfb2,1,citywide,citywide,Citywide,auto_theft,Auto Theft,last_7_days,count,2024,,,7,7,,wilmington-compstat-v1,validated
year-end-compstat-2025-r1,year_end_compstat,2025-01-01,2025-12-31,1,3c3b151aad3d007f2279cf5735d63f591623eff526770c425b726af0d950cfb2,1,citywide,citywide,Citywide,auto_theft,Auto Theft,last_7_days,percent_change,2025,2024,1,-43.0,-43%,,wilmington-compstat-v1,validated
year-end-compstat-2025-r1,year_end_compstat,2025-01-01,2025-12-31,1,3c3b151aad3d007f2279cf5735d63f591623eff526770c425b726af0d950cfb2,1,citywide,citywide,Citywide,auto_theft,Auto Theft,last_28_days,count,2025,,,34,34,,wilmington-compstat-v1,validated
year-end-compstat-2025-r1,year_end_compstat,2025-01-01,2025-12-31,1,3c3b151aad3d007f2279cf5735d63f591623eff526770c425b726af0d950cfb2,1,citywide,citywide,Citywide,auto_theft,Auto Theft,last_28_days,count,2024,,,25,25,,wilmington-compstat-v1,validated
year-end-compstat-2025-r1,year_end_compstat,2025-01-01,2025-12-31,1,3c3b151aad3d007f2279cf5735d63f591623eff526770c425b726af0d950cfb2,1,citywide,citywide,Citywide,auto_theft,Auto Theft,last_28_days,percent_change,2025,2024,1,36.0,36%,,wilmington-compstat-v1,validated
year-end-compstat-2025-r1,year_end_compstat,2025-01-01,2025-12-31,1,3c3b151aad3d007f2279cf5735d63f591623eff526770c425b726af0d950cfb2,1,citywide,citywide,Citywide,auto_theft,Auto Theft,year_to_date,count,2025,,,412,412,,wilmington-compstat-v1,validated
year-end-compstat-2025-r1,year_end_compstat,2025-01-01,2025-12-31,1,3c3b151aad3d007f2279cf5735d63f591623eff526770c425b726af0d950cfb2,1,citywide,citywide,Citywide,auto_theft,Auto Theft,year_to_date,count,2024,,,471,471,,wilmington-compstat-v1,validated
year-end-compstat-2025-r1,year_end_compstat,2025-01-01,2025-12-31,1,3c3b151aad3d007f2279cf5735d63f591623eff526770c425b726af0d950cfb2,1,citywide,citywide,Citywide,auto_theft,Auto Theft,year_to_date,percent_change,2025,2024,1,-13.0,-13%,,wilmington-compstat-v1,validated
year-end-compstat-2025-r1,year_end_compstat,2025-01-01,2025-12-31,1,3c3b151aad3d007f2279cf5735d63f591623eff526770c425b726af0d950cfb2,1,citywide,citywide,Citywide,auto_theft,Auto Theft,year_to_date,percent_change,2025,2023,2,-36.0,-36%,,wilmington-compstat-v1,validated
year-end-compstat-2025-r1,year_end_compstat,2025-01-01,2025-12-31,1,3c3b151aad3d007f2279cf5735d63f591623eff526770c425b726af0d950cfb2,1,citywide,citywide,Citywide,auto_theft,Auto Theft,year_to_date,percent_change,2025,2022,3,13.0,13%,,wilmington-compstat-v1,validated
year-end-compstat-2025-r1,year_end_compstat,2025-01-01,2025-12-31,1,3c3b151aad3d007f2279cf5735d63f591623eff526770c425b726af0d950cfb2,1,citywide,citywide,Citywide,auto_theft,Auto Theft,year_to_date,percent_change,2025,2021,4,-1.0,-1%,,wilmington-compstat-v1,validated
year-end-compstat-2025-r1,year_end_compstat,2025-01-01,2025-12-31,1,3c3b151aad3d007f2279cf5735d63f591623eff526770c425b726af0d950cfb2,1,citywide,citywide,Citywide,auto_theft,Auto Theft,year_to_date,percent_change,2025,2020,5,3.0,3%,,wilmington-compstat-v1,validated
year-end-compstat-2025-r1,year_end_compstat,2025-01-01,2025-12-31,1,3c3b151aad3d007f2279cf5735d63f591623eff526770c425b726af0d950cfb2,1,citywide,citywide,Citywide,auto_theft,Auto Theft,year_to_date,percent_change,2025,2019,6,-1.0,-1%,,wilmington-compstat-v1,validated
year-end-compstat-2025-r1,year_end_compstat,2025-01-01,2025-12-31,1,3c3b151aad3d007f2279cf5735d63f591623eff526770c425b726af0d950cfb2,1,citywide,citywide,Citywide,major_crime_total,TOTAL,last_7_days,count,2025,,,13,13,,wilmington-compstat-v1,validated
year-end-compstat-2025-r1,year_end_compstat,2025-01-01,2025-12-31,1,3c3b151aad3d007f2279cf5735d63f591623eff526770c425b726af0d950cfb2,1,citywide,citywide,Citywide,major_crime_total,TOTAL,last_7_days,count,2024,,,24,24,,wilmington-compstat-v1,validated
year-end-compstat-2025-r1,year_end_compstat,2025-01-01,2025-12-31,1,3c3b151aad3d007f2279cf5735d63f591623eff526770c425b726af0d950cfb2,1,citywide,citywide,Citywide,major_crime_total,TOTAL,last_7_days,percent_change,2025,2024,1,-46.0,-46%,,wilmington-compstat-v1,validated
year-end-compstat-2025-r1,year_end_compstat,2025-01-01,2025-12-31,1,3c3b151aad3d007f2279cf5735d63f591623eff526770c425b726af0d950cfb2,1,citywide,citywide,Citywide,major_crime_total,TOTAL,last_28_days,count,2025,,,90,90,,wilmington-compstat-v1,validated
year-end-compstat-2025-r1,year_end_compstat,2025-01-01,2025-12-31,1,3c3b151aad3d007f2279cf5735d63f591623eff526770c425b726af0d950cfb2,1,citywide,citywide,Citywide,major_crime_total,TOTAL,last_28_days,count,2024,,,127,127,,wilmington-compstat-v1,validated
year-end-compstat-2025-r1,year_end_compstat,2025-01-01,2025-12-31,1,3c3b151aad3d007f2279cf5735d63f591623eff526770c425b726af0d950cfb2,1,citywide,citywide,Citywide,major_crime_total,TOTAL,last_28_days,percent_change,2025,2024,1,-29.0,-29%,,wilmington-compstat-v1,validated
year-end-compstat-2025-r1,year_end_compstat,2025-01-01,2025-12-31,1,3c3b151aad3d007f2279cf5735d63f591623eff526770c425b726af0d950cfb2,1,citywide,citywide,Citywide,major_crime_total,TOTAL,year_to_date,count,2025,,,1566,1566,,wilmington-compstat-v1,validated
year-end-compstat-2025-r1,year_end_compstat,2025-01-01,2025-12-31,1,3c3b151aad3d007f2279cf5735d63f591623eff526770c425b726af0d950cfb2,1,citywide,citywide,Citywide,major_crime_total,TOTAL,year_to_date,count,2024,,,1699,1699,,wilmington-compstat-v1,validated
year-end-compstat-2025-r1,year_end_compstat,2025-01-01,2025-12-31,1,3c3b151aad3d007f2279cf5735d63f591623eff526770c425b726af0d950cfb2,1,citywide,citywide,Citywide,major_crime_total,TOTAL,year_to_date,percent_change,2025,2024,1,-8.0,-8%,,wilmington-compstat-v1,validated
year-end-compstat-2025-r1,year_end_compstat,2025-01-01,2025-12-31,1,3c3b151aad3d007f2279cf5735d63f591623eff526770c425b726af0d950cfb2,1,citywide,citywide,Citywide,major_crime_total,TOTAL,year_to_date,percent_change,2025,2023,2,-24.0,-24%,,wilmington-compstat-v1,validated
year-end-compstat-2025-r1,year_end_compstat,2025-01-01,2025-12-31,1,3c3b151aad3d007f2279cf5735d63f591623eff526770c425b726af0d950cfb2,1,citywide,citywide,Citywide,major_crime_total,TOTAL,year_to_date,percent_change,2025,2022,3,-12.0,-12%,,wilmington-compstat-v1,validated
year-end-compstat-2025-r1,year_end_compstat,2025-01-01,2025-12-31,1,3c3b151aad3d007f2279cf5735d63f591623eff526770c425b726af0d950cfb2,1,citywide,citywide,Citywide,major_crime_total,TOTAL,year_to_date,percent_change,2025,2021,4,-20.0,-20%,,wilmington-compstat-v1,validated
year-end-compstat-2025-r1,year_end_compstat,2025-01-01,2025-12-31,1,3c3b151aad3d007f2279cf5735d63f591623eff526770c425b726af0d950cfb2,1,citywide,citywide,Citywide,major_crime_total,TOTAL,year_to_date,percent_change,2025,2020,5,-21.0,-21%,,wilmington-compstat-v1,validated
year-end-compstat-2025-r1,year_end_compstat,2025-01-01,2025-12-31,1,3c3b151aad3d007f2279cf5735d63f591623eff526770c425b726af0d950cfb2,1,citywide,citywide,Citywide,major_crime_total,TOTAL,year_to_date,percent_change,2025,2019,6,-24.0,-24%,,wilmington-compstat-v1,validated
year-end-compstat-2025-r1,year_end_compstat,2025-01-01,2025-12-31,1,3c3b151aad3d007f2279cf5735d63f591623eff526770c425b726af0d950cfb2,1,citywide,citywide,Citywide,shooting_incidents,Shooting Incidents,last_7_days,count,2025,,,1,1,,wilmington-compstat-v1,validated
year-end-compstat-2025-r1,year_end_compstat,2025-01-01,2025-12-31,1,3c3b151aad3d007f2279cf5735d63f591623eff526770c425b726af0d950cfb2,1,citywide,citywide,Citywide,shooting_incidents,Shooting Incidents,last_7_days,count,2024,,,3,3,,wilmington-compstat-v1,validated
year-end-compstat-2025-r1,year_end_compstat,2025-01-01,2025-12-31,1,3c3b151aad3d007f2279cf5735d63f591623eff526770c425b726af0d950cfb2,1,citywide,citywide,Citywide,shooting_incidents,Shooting Incidents,last_7_days,percent_change,2025,2024,1,-67.0,-67%,,wilmington-compstat-v1,validated
year-end-compstat-2025-r1,year_end_compstat,2025-01-01,2025-12-31,1,3c3b151aad3d007f2279cf5735d63f591623eff526770c425b726af0d950cfb2,1,citywide,citywide,Citywide,shooting_incidents,Shooting Incidents,last_28_days,count,2025,,,1,1,,wilmington-compstat-v1,validated
year-end-compstat-2025-r1,year_end_compstat,2025-01-01,2025-12-31,1,3c3b151aad3d007f2279cf5735d63f591623eff526770c425b726af0d950cfb2,1,citywide,citywide,Citywide,shooting_incidents,Shooting Incidents,last_28_days,count,2024,,,6,6,,wilmington-compstat-v1,validated
year-end-compstat-2025-r1,year_end_compstat,2025-01-01,2025-12-31,1,3c3b151aad3d007f2279cf5735d63f591623eff526770c425b726af0d950cfb2,1,citywide,citywide,Citywide,shooting_incidents,Shooting Incidents,last_28_days,percent_change,2025,2024,1,-83.0,-83%,,wilmington-compstat-v1,validated
year-end-compstat-2025-r1,year_end_compstat,2025-01-01,2025-12-31,1,3c3b151aad3d007f2279cf5735d63f591623eff526770c425b726af0d950cfb2,1,citywide,citywide,Citywide,shooting_incidents,Shooting Incidents,year_to_date,count,2025,,,64,64,,wilmington-compstat-v1,validated
year-end-compstat-2025-r1,year_end_compstat,2025-01-01,2025-12-31,1,3c3b151aad3d007f2279cf5735d63f591623eff526770c425b726af0d950cfb2,1,citywide,citywide,Citywide,shooting_incidents,Shooting Incidents,year_to_date,count,2024,,,81,81,,wilmington-compstat-v1,validated
year-end-compstat-2025-r1,year_end_compstat,2025-01-01,2025-12-31,1,3c3b151aad3d007f2279cf5735d63f591623eff526770c425b726af0d950cfb2,1,citywide,citywide,Citywide,shooting_incidents,Shooting Incidents,year_to_date,percent_change,2025,2024,1,-21.0,-21%,,wilmington-compstat-v1,validated
year-end-compstat-2025-r1,year_end_compstat,2025-01-01,2025-12-31,1,3c3b151aad3d007f2279cf5735d63f591623eff526770c425b726af0d950cfb2,1,citywide,citywide,Citywide,shooting_incidents,Shooting Incidents,year_to_date,percent_change,2025,2023,2,-30.0,-30%,,wilmington-compstat-v1,validated
year-end-compstat-2025-r1,year_end_compstat,2025-01-01,2025-12-31,1,3c3b151aad3d007f2279cf5735d63f591623eff526770c425b726af0d950cfb2,1,citywide,citywide,Citywide,shooting_incidents,Shooting Incidents,year_to_date,percent_change,2025,2022,3,-23.0,-23%,,wilmington-compstat-v1,validated
year-end-compstat-2025-r1,year_end_compstat,2025-01-01,2025-12-31,1,3c3b151aad3d007f2279cf5735d63f591623eff526770c425b726af0d950cfb2,1,citywide,citywide,Citywide,shooting_incidents,Shooting Incidents,year_to_date,percent_change,2025,2021,4,-46.0,-46%,,wilmington-compstat-v1,validated
year-end-compstat-2025-r1,year_end_compstat,2025-01-01,2025-12-31,1,3c3b151aad3d007f2279cf5735d63f591623eff526770c425b726af0d950cfb2,1,citywide,citywide,Citywide,shooting_incidents,Shooting Incidents,year_to_date,percent_change,2025,2020,5,-53.0,-53%,,wilmington-compstat-v1,validated
year-end-compstat-2025-r1,year_end_compstat,2025-01-01,2025-12-31,1,3c3b151aad3d007f2279cf5735d63f591623eff526770c425b726af0d950cfb2,1,citywide,citywide,Citywide,shooting_incidents,Shooting Incidents,year_to_date,percent_change,2025,2019,6,-28.0,-28%,,wilmington-compstat-v1,validated
year-end-compstat-2025-r1,year_end_compstat,2025-01-01,2025-12-31,1,3c3b151aad3d007f2279cf5735d63f591623eff526770c425b726af0d950cfb2,1,citywide,citywide,Citywide,shooting_victims,Shooting Victims,last_7_days,count,2025,,,1,1,,wilmington-compstat-v1,validated
year-end-compstat-2025-r1,year_end_compstat,2025-01-01,2025-12-31,1,3c3b151aad3d007f2279cf5735d63f591623eff526770c425b726af0d950cfb2,1,citywide,citywide,Citywide,shooting_victims,Shooting Victims,last_7_days,count,2024,,,4,4,,wilmington-compstat-v1,validated
year-end-compstat-2025-r1,year_end_compstat,2025-01-01,2025-12-31,1,3c3b151aad3d007f2279cf5735d63f591623eff526770c425b726af0d950cfb2,1,citywide,citywide,Citywide,shooting_victims,Shooting Victims,last_7_days,percent_change,2025,2024,1,-75.0,-75%,,wilmington-compstat-v1,validated
year-end-compstat-2025-r1,year_end_compstat,2025-01-01,2025-12-31,1,3c3b151aad3d007f2279cf5735d63f591623eff526770c425b726af0d950cfb2,1,citywide,citywide,Citywide,shooting_victims,Shooting Victims,last_28_days,count,2025,,,1,1,,wilmington-compstat-v1,validated
year-end-compstat-2025-r1,year_end_compstat,2025-01-01,2025-12-31,1,3c3b151aad3d007f2279cf5735d63f591623eff526770c425b726af0d950cfb2,1,citywide,citywide,Citywide,shooting_victims,Shooting Victims,last_28_days,count,2024,,,7,7,,wilmington-compstat-v1,validated
year-end-compstat-2025-r1,year_end_compstat,2025-01-01,2025-12-31,1,3c3b151aad3d007f2279cf5735d63f591623eff526770c425b726af0d950cfb2,1,citywide,citywide,Citywide,shooting_victims,Shooting Victims,last_28_days,percent_change,2025,2024,1,-86.0,-86%,,wilmington-compstat-v1,validated
year-end-compstat-2025-r1,year_end_compstat,2025-01-01,2025-12-31,1,3c3b151aad3d007f2279cf5735d63f591623eff526770c425b726af0d950cfb2,1,citywide,citywide,Citywide,shooting_victims,Shooting Victims,year_to_date,count,2025,,,84,84,,wilmington-compstat-v1,validated
year-end-compstat-2025-r1,year_end_compstat,2025-01-01,2025-12-31,1,3c3b151aad3d007f2279cf5735d63f591623eff526770c425b726af0d950cfb2,1,citywide,citywide,Citywide,shooting_victims,Shooting Victims,year_to_date,count,2024,,,101,101,,wilmington-compstat-v1,validated
year-end-compstat-2025-r1,year_end_compstat,2025-01-01,2025-12-31,1,3c3b151aad3d007f2279cf5735d63f591623eff526770c425b726af0d950cfb2,1,citywide,citywide,Citywide,shooting_victims,Shooting Victims,year_to_date,percent_change,2025,2024,1,-17.0,-17%,,wilmington-compstat-v1,validated
year-end-compstat-2025-r1,year_end_compstat,2025-01-01,2025-12-31,1,3c3b151aad3d007f2279cf5735d63f591623eff526770c425b726af0d950cfb2,1,citywide,citywide,Citywide,shooting_victims,Shooting Victims,year_to_date,percent_change,2025,2023,2,-21.0,-21%,,wilmington-compstat-v1,validated
year-end-compstat-2025-r1,year_end_compstat,2025-01-01,2025-12-31,1,3c3b151aad3d007f2279cf5735d63f591623eff526770c425b726af0d950cfb2,1,citywide,citywide,Citywide,shooting_victims,Shooting Victims,year_to_date,percent_change,2025,2022,3,-21.0,-21%,,wilmington-compstat-v1,validated
year-end-compstat-2025-r1,year_end_compstat,2025-01-01,2025-12-31,1,3c3b151aad3d007f2279cf5735d63f591623eff526770c425b726af0d950cfb2,1,citywide,citywide,Citywide,shooting_victims,Shooting Victims,year_to_date,percent_change,2025,2021,4,-44.0,-44%,,wilmington-compstat-v1,validated
year-end-compstat-2025-r1,year_end_compstat,2025-01-01,2025-12-31,1,3c3b151aad3d007f2279cf5735d63f591623eff526770c425b726af0d950cfb2,1,citywide,citywide,Citywide,shooting_victims,Shooting Victims,year_to_date,percent_change,2025,2020,5,-50.0,-50%,,wilmington-compstat-v1,validated
year-end-compstat-2025-r1,year_end_compstat,2025-01-01,2025-12-31,1,3c3b151aad3d007f2279cf5735d63f591623eff526770c425b726af0d950cfb2,1,citywide,citywide,Citywide,shooting_victims,Shooting Victims,year_to_date,percent_change,2025,2019,6,-25.0,-25%,,wilmington-compstat-v1,validated
year-end-compstat-2025-r1,year_end_compstat,2025-01-01,2025-12-31,1,3c3b151aad3d007f2279cf5735d63f591623eff526770c425b726af0d950cfb2,1,citywide,citywide,Citywide,juvenile_shooting_incidents,*Juv Shooting Incidents,last_7_days,count,2025,,,0,0,,wilmington-compstat-v1,validated
year-end-compstat-2025-r1,year_end_compstat,2025-01-01,2025-12-31,1,3c3b151aad3d007f2279cf5735d63f591623eff526770c425b726af0d950cfb2,1,citywide,citywide,Citywide,juvenile_shooting_incidents,*Juv Shooting Incidents,last_7_days,count,2024,,,1,1,,wilmington-compstat-v1,validated
year-end-compstat-2025-r1,year_end_compstat,2025-01-01,2025-12-31,1,3c3b151aad3d007f2279cf5735d63f591623eff526770c425b726af0d950cfb2,1,citywide,citywide,Citywide,juvenile_shooting_incidents,*Juv Shooting Incidents,last_7_days,percent_change,2025,2024,1,-100.0,-100%,,wilmington-compstat-v1,validated
year-end-compstat-2025-r1,year_end_compstat,2025-01-01,2025-12-31,1,3c3b151aad3d007f2279cf5735d63f591623eff526770c425b726af0d950cfb2,1,citywide,citywide,Citywide,juvenile_shooting_incidents,*Juv Shooting Incidents,last_28_days,count,2025,,,0,0,,wilmington-compstat-v1,validated
year-end-compstat-2025-r1,year_end_compstat,2025-01-01,2025-12-31,1,3c3b151aad3d007f2279cf5735d63f591623eff526770c425b726af0d950cfb2,1,citywide,citywide,Citywide,juvenile_shooting_incidents,*Juv Shooting Incidents,last_28_days,count,2024,,,2,2,,wilmington-compstat-v1,validated
year-end-compstat-2025-r1,year_end_compstat,2025-01-01,2025-12-31,1,3c3b151aad3d007f2279cf5735d63f591623eff526770c425b726af0d950cfb2,1,citywide,citywide,Citywide,juvenile_shooting_incidents,*Juv Shooting Incidents,last_28_days,percent_change,2025,2024,1,-100.0,-100%,,wilmington-compstat-v1,validated
year-end-compstat-2025-r1,year_end_compstat,2025-01-01,2025-12-31,1,3c3b151aad3d007f2279cf5735d63f591623eff526770c425b726af0d950cfb2,1,citywide,citywide,Citywide,juvenile_shooting_incidents,*Juv Shooting Incidents,year_to_date,count,2025,,,9,9,,wilmington-compstat-v1,validated
year-end-compstat-2025-r1,year_end_compstat,2025-01-01,2025-12-31,1,3c3b151aad3d007f2279cf5735d63f591623eff526770c425b726af0d950cfb2,1,citywide,citywide,Citywide,juvenile_shooting_incidents,*Juv Shooting Incidents,year_to_date,count,2024,,,15,15,,wilmington-compstat-v1,validated
year-end-compstat-2025-r1,year_end_compstat,2025-01-01,2025-12-31,1,3c3b151aad3d007f2279cf5735d63f591623eff526770c425b726af0d950cfb2,1,citywide,citywide,Citywide,juvenile_shooting_incidents,*Juv Shooting Incidents,year_to_date,percent_change,2025,2024,1,-40.0,-40%,,wilmington-compstat-v1,validated
year-end-compstat-2025-r1,year_end_compstat,2025-01-01,2025-12-31,1,3c3b151aad3d007f2279cf5735d63f591623eff526770c425b726af0d950cfb2,1,citywide,citywide,Citywide,juvenile_shooting_incidents,*Juv Shooting Incidents,year_to_date,percent_change,2025,2023,2,-36.0,-36%,,wilmington-compstat-v1,validated
year-end-compstat-2025-r1,year_end_compstat,2025-01-01,2025-12-31,1,3c3b151aad3d007f2279cf5735d63f591623eff526770c425b726af0d950cfb2,1,citywide,citywide,Citywide,juvenile_shooting_incidents,*Juv Shooting Incidents,year_to_date,percent_change,2025,2022,3,-50.0,-50%,,wilmington-compstat-v1,validated
year-end-compstat-2025-r1,year_end_compstat,2025-01-01,2025-12-31,1,3c3b151aad3d007f2279cf5735d63f591623eff526770c425b726af0d950cfb2,1,citywide,citywide,Citywide,juvenile_shooting_incidents,*Juv Shooting Incidents,year_to_date,percent_change,2025,2021,4,-47.0,-47%,,wilmington-compstat-v1,validated
year-end-compstat-2025-r1,year_end_compstat,2025-01-01,2025-12-31,1,3c3b151aad3d007f2279cf5735d63f591623eff526770c425b726af0d950cfb2,1,citywide,citywide,Citywide,juvenile_shooting_incidents,*Juv Shooting Incidents,year_to_date,percent_change,2025,2020,5,-71.0,-71%,,wilmington-compstat-v1,validated
year-end-compstat-2025-r1,year_end_compstat,2025-01-01,2025-12-31,1,3c3b151aad3d007f2279cf5735d63f591623eff526770c425b726af0d950cfb2,1,citywide,citywide,Citywide,juvenile_shooting_incidents,*Juv Shooting Incidents,year_to_date,percent_change,2025,2019,6,-53.0,-53%,,wilmington-compstat-v1,validated
year-end-compstat-2025-r1,year_end_compstat,2025-01-01,2025-12-31,1,3c3b151aad3d007f2279cf5735d63f591623eff526770c425b726af0d950cfb2,1,citywide,citywide,Citywide,juvenile_shooting_victims,*Juv Shooting Victims,last_7_days,count,2025,,,0,0,,wilmington-compstat-v1,validated
year-end-compstat-2025-r1,year_end_compstat,2025-01-01,2025-12-31,1,3c3b151aad3d007f2279cf5735d63f591623eff526770c425b726af0d950cfb2,1,citywide,citywide,Citywide,juvenile_shooting_victims,*Juv Shooting Victims,last_7_days,count,2024,,,2,2,,wilmington-compstat-v1,validated
year-end-compstat-2025-r1,year_end_compstat,2025-01-01,2025-12-31,1,3c3b151aad3d007f2279cf5735d63f591623eff526770c425b726af0d950cfb2,1,citywide,citywide,Citywide,juvenile_shooting_victims,*Juv Shooting Victims,last_7_days,percent_change,2025,2024,1,-100.0,-100%,,wilmington-compstat-v1,validated
year-end-compstat-2025-r1,year_end_compstat,2025-01-01,2025-12-31,1,3c3b151aad3d007f2279cf5735d63f591623eff526770c425b726af0d950cfb2,1,citywide,citywide,Citywide,juvenile_shooting_victims,*Juv Shooting Victims,last_28_days,count,2025,,,0,0,,wilmington-compstat-v1,validated
year-end-compstat-2025-r1,year_end_compstat,2025-01-01,2025-12-31,1,3c3b151aad3d007f2279cf5735d63f591623eff526770c425b726af0d950cfb2,1,citywide,citywide,Citywide,juvenile_shooting_victims,*Juv Shooting Victims,last_28_days,count,2024,,,3,3,,wilmington-compstat-v1,validated
year-end-compstat-2025-r1,year_end_compstat,2025-01-01,2025-12-31,1,3c3b151aad3d007f2279cf5735d63f591623eff526770c425b726af0d950cfb2,1,citywide,citywide,Citywide,juvenile_shooting_victims,*Juv Shooting Victims,last_28_days,percent_change,2025,2024,1,-100.0,-100%,,wilmington-compstat-v1,validated
year-end-compstat-2025-r1,year_end_compstat,2025-01-01,2025-12-31,1,3c3b151aad3d007f2279cf5735d63f591623eff526770c425b726af0d950cfb2,1,citywide,citywide,Citywide,juvenile_shooting_victims,*Juv Shooting Victims,year_to_date,count,2025,,,10,10,,wilmington-compstat-v1,validated
year-end-compstat-2025-r1,year_end_compstat,2025-01-01,2025-12-31,1,3c3b151aad3d007f2279cf5735d63f591623eff526770c425b726af0d950cfb2,1,citywide,citywide,Citywide,juvenile_shooting_victims,*Juv Shooting Victims,year_to_date,count,2024,,,17,17,,wilmington-compstat-v1,validated
year-end-compstat-2025-r1,year_end_compstat,2025-01-01,2025-12-31,1,3c3b151aad3d007f2279cf5735d63f591623eff526770c425b726af0d950cfb2,1,citywide,citywide,Citywide,juvenile_shooting_victims,*Juv Shooting Victims,year_to_date,percent_change,2025,2024,1,-41.0,-41%,,wilmington-compstat-v1,validated
year-end-compstat-2025-r1,year_end_compstat,2025-01-01,2025-12-31,1,3c3b151aad3d007f2279cf5735d63f591623eff526770c425b726af0d950cfb2,1,citywide,citywide,Citywide,juvenile_shooting_victims,*Juv Shooting Victims,year_to_date,percent_change,2025,2023,2,-33.0,-33%,,wilmington-compstat-v1,validated
year-end-compstat-2025-r1,year_end_compstat,2025-01-01,2025-12-31,1,3c3b151aad3d007f2279cf5735d63f591623eff526770c425b726af0d950cfb2,1,citywide,citywide,Citywide,juvenile_shooting_victims,*Juv Shooting Victims,year_to_date,percent_change,2025,2022,3,-57.0,-57%,,wilmington-compstat-v1,validated
year-end-compstat-2025-r1,year_end_compstat,2025-01-01,2025-12-31,1,3c3b151aad3d007f2279cf5735d63f591623eff526770c425b726af0d950cfb2,1,citywide,citywide,Citywide,juvenile_shooting_victims,*Juv Shooting Victims,year_to_date,percent_change,2025,2021,4,-50.0,-50%,,wilmington-compstat-v1,validated
year-end-compstat-2025-r1,year_end_compstat,2025-01-01,2025-12-31,1,3c3b151aad3d007f2279cf5735d63f591623eff526770c425b726af0d950cfb2,1,citywide,citywide,Citywide,juvenile_shooting_victims,*Juv Shooting Victims,year_to_date,percent_change,2025,2020,5,-72.0,-72%,,wilmington-compstat-v1,validated
year-end-compstat-2025-r1,year_end_compstat,2025-01-01,2025-12-31,1,3c3b151aad3d007f2279cf5735d63f591623eff526770c425b726af0d950cfb2,1,citywide,citywide,Citywide,juvenile_shooting_victims,*Juv Shooting Victims,year_to_date,percent_change,2025,2019,6,-52.0,-52%,,wilmington-compstat-v1,validated
year-end-compstat-2025-r1,year_end_compstat,2025-01-01,2025-12-31,1,3c3b151aad3d007f2279cf5735d63f591623eff526770c425b726af0d950cfb2,1,citywide,citywide,Citywide,misdemeanor_theft,Theft (Misdemeanor),last_7_days,count,2025,,,8,8,,wilmington-compstat-v1,validated
year-end-compstat-2025-r1,year_end_compstat,2025-01-01,2025-12-31,1,3c3b151aad3d007f2279cf5735d63f591623eff526770c425b726af0d950cfb2,1,citywide,citywide,Citywide,misdemeanor_theft,Theft (Misdemeanor),last_7_days,count,2024,,,12,12,,wilmington-compstat-v1,validated
year-end-compstat-2025-r1,year_end_compstat,2025-01-01,2025-12-31,1,3c3b151aad3d007f2279cf5735d63f591623eff526770c425b726af0d950cfb2,1,citywide,citywide,Citywide,misdemeanor_theft,Theft (Misdemeanor),last_7_days,percent_change,2025,2024,1,-33.0,-33%,,wilmington-compstat-v1,validated
year-end-compstat-2025-r1,year_end_compstat,2025-01-01,2025-12-31,1,3c3b151aad3d007f2279cf5735d63f591623eff526770c425b726af0d950cfb2,1,citywide,citywide,Citywide,misdemeanor_theft,Theft (Misdemeanor),last_28_days,count,2025,,,56,56,,wilmington-compstat-v1,validated
year-end-compstat-2025-r1,year_end_compstat,2025-01-01,2025-12-31,1,3c3b151aad3d007f2279cf5735d63f591623eff526770c425b726af0d950cfb2,1,citywide,citywide,Citywide,misdemeanor_theft,Theft (Misdemeanor),last_28_days,count,2024,,,71,71,,wilmington-compstat-v1,validated
year-end-compstat-2025-r1,year_end_compstat,2025-01-01,2025-12-31,1,3c3b151aad3d007f2279cf5735d63f591623eff526770c425b726af0d950cfb2,1,citywide,citywide,Citywide,misdemeanor_theft,Theft (Misdemeanor),last_28_days,percent_change,2025,2024,1,-21.0,-21%,,wilmington-compstat-v1,validated
year-end-compstat-2025-r1,year_end_compstat,2025-01-01,2025-12-31,1,3c3b151aad3d007f2279cf5735d63f591623eff526770c425b726af0d950cfb2,1,citywide,citywide,Citywide,misdemeanor_theft,Theft (Misdemeanor),year_to_date,count,2025,,,950,950,,wilmington-compstat-v1,validated
year-end-compstat-2025-r1,year_end_compstat,2025-01-01,2025-12-31,1,3c3b151aad3d007f2279cf5735d63f591623eff526770c425b726af0d950cfb2,1,citywide,citywide,Citywide,misdemeanor_theft,Theft (Misdemeanor),year_to_date,count,2024,,,1111,1111,,wilmington-compstat-v1,validated
year-end-compstat-2025-r1,year_end_compstat,2025-01-01,2025-12-31,1,3c3b151aad3d007f2279cf5735d63f591623eff526770c425b726af0d950cfb2,1,citywide,citywide,Citywide,misdemeanor_theft,Theft (Misdemeanor),year_to_date,percent_change,2025,2024,1,-14.0,-14%,,wilmington-compstat-v1,validated
year-end-compstat-2025-r1,year_end_compstat,2025-01-01,2025-12-31,1,3c3b151aad3d007f2279cf5735d63f591623eff526770c425b726af0d950cfb2,1,citywide,citywide,Citywide,misdemeanor_theft,Theft (Misdemeanor),year_to_date,percent_change,2025,2023,2,-18.0,-18%,,wilmington-compstat-v1,validated
year-end-compstat-2025-r1,year_end_compstat,2025-01-01,2025-12-31,1,3c3b151aad3d007f2279cf5735d63f591623eff526770c425b726af0d950cfb2,1,citywide,citywide,Citywide,misdemeanor_theft,Theft (Misdemeanor),year_to_date,percent_change,2025,2022,3,-18.0,-18%,,wilmington-compstat-v1,validated
year-end-compstat-2025-r1,year_end_compstat,2025-01-01,2025-12-31,1,3c3b151aad3d007f2279cf5735d63f591623eff526770c425b726af0d950cfb2,1,citywide,citywide,Citywide,misdemeanor_theft,Theft (Misdemeanor),year_to_date,percent_change,2025,2021,4,-24.0,-24%,,wilmington-compstat-v1,validated
year-end-compstat-2025-r1,year_end_compstat,2025-01-01,2025-12-31,1,3c3b151aad3d007f2279cf5735d63f591623eff526770c425b726af0d950cfb2,1,citywide,citywide,Citywide,misdemeanor_theft,Theft (Misdemeanor),year_to_date,percent_change,2025,2020,5,-29.0,-29%,,wilmington-compstat-v1,validated
year-end-compstat-2025-r1,year_end_compstat,2025-01-01,2025-12-31,1,3c3b151aad3d007f2279cf5735d63f591623eff526770c425b726af0d950cfb2,1,citywide,citywide,Citywide,misdemeanor_theft,Theft (Misdemeanor),year_to_date,percent_change,2025,2019,6,-47.0,-47%,,wilmington-compstat-v1,validated
year-end-compstat-2025-r1,year_end_compstat,2025-01-01,2025-12-31,1,3c3b151aad3d007f2279cf5735d63f591623eff526770c425b726af0d950cfb2,3,sector,sector_1,Sector 1,murder,Murder,last_7_days,count,2025,,,0,0,,wilmington-compstat-v1,validated
year-end-compstat-2025-r1,year_end_compstat,2025-01-01,2025-12-31,1,3c3b151aad3d007f2279cf5735d63f591623eff526770c425b726af0d950cfb2,3,sector,sector_1,Sector 1,murder,Murder,last_7_days,count,2024,,,1,1,,wilmington-compstat-v1,validated
year-end-compstat-2025-r1,year_end_compstat,2025-01-01,2025-12-31,1,3c3b151aad3d007f2279cf5735d63f591623eff526770c425b726af0d950cfb2,3,sector,sector_1,Sector 1,murder,Murder,last_7_days,percent_change,2025,2024,1,-100.0,-100%,,wilmington-compstat-v1,validated
year-end-compstat-2025-r1,year_end_compstat,2025-01-01,2025-12-31,1,3c3b151aad3d007f2279cf5735d63f591623eff526770c425b726af0d950cfb2,3,sector,sector_1,Sector 1,murder,Murder,last_28_days,count,2025,,,0,0,,wilmington-compstat-v1,validated
year-end-compstat-2025-r1,year_end_compstat,2025-01-01,2025-12-31,1,3c3b151aad3d007f2279cf5735d63f591623eff526770c425b726af0d950cfb2,3,sector,sector_1,Sector 1,murder,Murder,last_28_days,count,2024,,,1,1,,wilmington-compstat-v1,validated
year-end-compstat-2025-r1,year_end_compstat,2025-01-01,2025-12-31,1,3c3b151aad3d007f2279cf5735d63f591623eff526770c425b726af0d950cfb2,3,sector,sector_1,Sector 1,murder,Murder,last_28_days,percent_change,2025,2024,1,-100.0,-100%,,wilmington-compstat-v1,validated
year-end-compstat-2025-r1,year_end_compstat,2025-01-01,2025-12-31,1,3c3b151aad3d007f2279cf5735d63f591623eff526770c425b726af0d950cfb2,3,sector,sector_1,Sector 1,murder,Murder,year_to_date,count,2025,,,7,7,,wilmington-compstat-v1,validated
year-end-compstat-2025-r1,year_end_compstat,2025-01-01,2025-12-31,1,3c3b151aad3d007f2279cf5735d63f591623eff526770c425b726af0d950cfb2,3,sector,sector_1,Sector 1,murder,Murder,year_to_date,count,2024,,,10,10,,wilmington-compstat-v1,validated
year-end-compstat-2025-r1,year_end_compstat,2025-01-01,2025-12-31,1,3c3b151aad3d007f2279cf5735d63f591623eff526770c425b726af0d950cfb2,3,sector,sector_1,Sector 1,murder,Murder,year_to_date,percent_change,2025,2024,1,-30.0,-30%,,wilmington-compstat-v1,validated
year-end-compstat-2025-r1,year_end_compstat,2025-01-01,2025-12-31,1,3c3b151aad3d007f2279cf5735d63f591623eff526770c425b726af0d950cfb2,3,sector,sector_1,Sector 1,murder,Murder,year_to_date,percent_change,2025,2023,2,-13.0,-13%,,wilmington-compstat-v1,validated
year-end-compstat-2025-r1,year_end_compstat,2025-01-01,2025-12-31,1,3c3b151aad3d007f2279cf5735d63f591623eff526770c425b726af0d950cfb2,3,sector,sector_1,Sector 1,murder,Murder,year_to_date,percent_change,2025,2022,3,40.0,40%,,wilmington-compstat-v1,validated
year-end-compstat-2025-r1,year_end_compstat,2025-01-01,2025-12-31,1,3c3b151aad3d007f2279cf5735d63f591623eff526770c425b726af0d950cfb2,3,sector,sector_1,Sector 1,murder,Murder,year_to_date,percent_change,2025,2021,4,-61.0,-61%,,wilmington-compstat-v1,validated
year-end-compstat-2025-r1,year_end_compstat,2025-01-01,2025-12-31,1,3c3b151aad3d007f2279cf5735d63f591623eff526770c425b726af0d950cfb2,3,sector,sector_1,Sector 1,murder,Murder,year_to_date,percent_change,2025,2020,5,-30.0,-30%,,wilmington-compstat-v1,validated
year-end-compstat-2025-r1,year_end_compstat,2025-01-01,2025-12-31,1,3c3b151aad3d007f2279cf5735d63f591623eff526770c425b726af0d950cfb2,3,sector,sector_1,Sector 1,murder,Murder,year_to_date,percent_change,2025,2019,6,-36.0,-36%,,wilmington-compstat-v1,validated
year-end-compstat-2025-r1,year_end_compstat,2025-01-01,2025-12-31,1,3c3b151aad3d007f2279cf5735d63f591623eff526770c425b726af0d950cfb2,3,sector,sector_1,Sector 1,rape,Rape,last_7_days,count,2025,,,0,0,,wilmington-compstat-v1,validated
year-end-compstat-2025-r1,year_end_compstat,2025-01-01,2025-12-31,1,3c3b151aad3d007f2279cf5735d63f591623eff526770c425b726af0d950cfb2,3,sector,sector_1,Sector 1,rape,Rape,last_7_days,count,2024,,,0,0,,wilmington-compstat-v1,validated
year-end-compstat-2025-r1,year_end_compstat,2025-01-01,2025-12-31,1,3c3b151aad3d007f2279cf5735d63f591623eff526770c425b726af0d950cfb2,3,sector,sector_1,Sector 1,rape,Rape,last_7_days,percent_change,2025,2024,1,,*,undefined_zero_denominator,wilmington-compstat-v1,validated
year-end-compstat-2025-r1,year_end_compstat,2025-01-01,2025-12-31,1,3c3b151aad3d007f2279cf5735d63f591623eff526770c425b726af0d950cfb2,3,sector,sector_1,Sector 1,rape,Rape,last_28_days,count,2025,,,0,0,,wilmington-compstat-v1,validated
year-end-compstat-2025-r1,year_end_compstat,2025-01-01,2025-12-31,1,3c3b151aad3d007f2279cf5735d63f591623eff526770c425b726af0d950cfb2,3,sector,sector_1,Sector 1,rape,Rape,last_28_days,count,2024,,,0,0,,wilmington-compstat-v1,validated
year-end-compstat-2025-r1,year_end_compstat,2025-01-01,2025-12-31,1,3c3b151aad3d007f2279cf5735d63f591623eff526770c425b726af0d950cfb2,3,sector,sector_1,Sector 1,rape,Rape,last_28_days,percent_change,2025,2024,1,,*,undefined_zero_denominator,wilmington-compstat-v1,validated
year-end-compstat-2025-r1,year_end_compstat,2025-01-01,2025-12-31,1,3c3b151aad3d007f2279cf5735d63f591623eff526770c425b726af0d950cfb2,3,sector,sector_1,Sector 1,rape,Rape,year_to_date,count,2025,,,1,1,,wilmington-compstat-v1,validated
year-end-compstat-2025-r1,year_end_compstat,2025-01-01,2025-12-31,1,3c3b151aad3d007f2279cf5735d63f591623eff526770c425b726af0d950cfb2,3,sector,sector_1,Sector 1,rape,Rape,year_to_date,count,2024,,,1,1,,wilmington-compstat-v1,validated
year-end-compstat-2025-r1,year_end_compstat,2025-01-01,2025-12-31,1,3c3b151aad3d007f2279cf5735d63f591623eff526770c425b726af0d950cfb2,3,sector,sector_1,Sector 1,rape,Rape,year_to_date,percent_change,2025,2024,1,0.0,0%,,wilmington-compstat-v1,validated
year-end-compstat-2025-r1,year_end_compstat,2025-01-01,2025-12-31,1,3c3b151aad3d007f2279cf5735d63f591623eff526770c425b726af0d950cfb2,3,sector,sector_1,Sector 1,rape,Rape,year_to_date,percent_change,2025,2023,2,-50.0,-50%,,wilmington-compstat-v1,validated
year-end-compstat-2025-r1,year_end_compstat,2025-01-01,2025-12-31,1,3c3b151aad3d007f2279cf5735d63f591623eff526770c425b726af0d950cfb2,3,sector,sector_1,Sector 1,rape,Rape,year_to_date,percent_change,2025,2022,3,133.0,133%,,wilmington-compstat-v1,validated
year-end-compstat-2025-r1,year_end_compstat,2025-01-01,2025-12-31,1,3c3b151aad3d007f2279cf5735d63f591623eff526770c425b726af0d950cfb2,3,sector,sector_1,Sector 1,rape,Rape,year_to_date,percent_change,2025,2021,4,-67.0,-67%,,wilmington-compstat-v1,validated
year-end-compstat-2025-r1,year_end_compstat,2025-01-01,2025-12-31,1,3c3b151aad3d007f2279cf5735d63f591623eff526770c425b726af0d950cfb2,3,sector,sector_1,Sector 1,rape,Rape,year_to_date,percent_change,2025,2020,5,-86.0,-86%,,wilmington-compstat-v1,validated
year-end-compstat-2025-r1,year_end_compstat,2025-01-01,2025-12-31,1,3c3b151aad3d007f2279cf5735d63f591623eff526770c425b726af0d950cfb2,3,sector,sector_1,Sector 1,rape,Rape,year_to_date,percent_change,2025,2019,6,-75.0,-75%,,wilmington-compstat-v1,validated
year-end-compstat-2025-r1,year_end_compstat,2025-01-01,2025-12-31,1,3c3b151aad3d007f2279cf5735d63f591623eff526770c425b726af0d950cfb2,3,sector,sector_1,Sector 1,robbery,Robbery,last_7_days,count,2025,,,0,0,,wilmington-compstat-v1,validated
year-end-compstat-2025-r1,year_end_compstat,2025-01-01,2025-12-31,1,3c3b151aad3d007f2279cf5735d63f591623eff526770c425b726af0d950cfb2,3,sector,sector_1,Sector 1,robbery,Robbery,last_7_days,count,2024,,,0,0,,wilmington-compstat-v1,validated
year-end-compstat-2025-r1,year_end_compstat,2025-01-01,2025-12-31,1,3c3b151aad3d007f2279cf5735d63f591623eff526770c425b726af0d950cfb2,3,sector,sector_1,Sector 1,robbery,Robbery,last_7_days,percent_change,2025,2024,1,,*,undefined_zero_denominator,wilmington-compstat-v1,validated
year-end-compstat-2025-r1,year_end_compstat,2025-01-01,2025-12-31,1,3c3b151aad3d007f2279cf5735d63f591623eff526770c425b726af0d950cfb2,3,sector,sector_1,Sector 1,robbery,Robbery,last_28_days,count,2025,,,2,2,,wilmington-compstat-v1,validated
year-end-compstat-2025-r1,year_end_compstat,2025-01-01,2025-12-31,1,3c3b151aad3d007f2279cf5735d63f591623eff526770c425b726af0d950cfb2,3,sector,sector_1,Sector 1,robbery,Robbery,last_28_days,count,2024,,,1,1,,wilmington-compstat-v1,validated
year-end-compstat-2025-r1,year_end_compstat,2025-01-01,2025-12-31,1,3c3b151aad3d007f2279cf5735d63f591623eff526770c425b726af0d950cfb2,3,sector,sector_1,Sector 1,robbery,Robbery,last_28_days,percent_change,2025,2024,1,100.0,100%,,wilmington-compstat-v1,validated
year-end-compstat-2025-r1,year_end_compstat,2025-01-01,2025-12-31,1,3c3b151aad3d007f2279cf5735d63f591623eff526770c425b726af0d950cfb2,3,sector,sector_1,Sector 1,robbery,Robbery,year_to_date,count,2025,,,30,30,,wilmington-compstat-v1,validated
year-end-compstat-2025-r1,year_end_compstat,2025-01-01,2025-12-31,1,3c3b151aad3d007f2279cf5735d63f591623eff526770c425b726af0d950cfb2,3,sector,sector_1,Sector 1,robbery,Robbery,year_to_date,count,2024,,,40,40,,wilmington-compstat-v1,validated
year-end-compstat-2025-r1,year_end_compstat,2025-01-01,2025-12-31,1,3c3b151aad3d007f2279cf5735d63f591623eff526770c425b726af0d950cfb2,3,sector,sector_1,Sector 1,robbery,Robbery,year_to_date,percent_change,2025,2024,1,-25.0,-25%,,wilmington-compstat-v1,validated
year-end-compstat-2025-r1,year_end_compstat,2025-01-01,2025-12-31,1,3c3b151aad3d007f2279cf5735d63f591623eff526770c425b726af0d950cfb2,3,sector,sector_1,Sector 1,robbery,Robbery,year_to_date,percent_change,2025,2023,2,-46.0,-46%,,wilmington-compstat-v1,validated
year-end-compstat-2025-r1,year_end_compstat,2025-01-01,2025-12-31,1,3c3b151aad3d007f2279cf5735d63f591623eff526770c425b726af0d950cfb2,3,sector,sector_1,Sector 1,robbery,Robbery,year_to_date,percent_change,2025,2022,3,-35.0,-35%,,wilmington-compstat-v1,validated
year-end-compstat-2025-r1,year_end_compstat,2025-01-01,2025-12-31,1,3c3b151aad3d007f2279cf5735d63f591623eff526770c425b726af0d950cfb2,3,sector,sector_1,Sector 1,robbery,Robbery,year_to_date,percent_change,2025,2021,4,-50.0,-50%,,wilmington-compstat-v1,validated
year-end-compstat-2025-r1,year_end_compstat,2025-01-01,2025-12-31,1,3c3b151aad3d007f2279cf5735d63f591623eff526770c425b726af0d950cfb2,3,sector,sector_1,Sector 1,robbery,Robbery,year_to_date,percent_change,2025,2020,5,-63.0,-63%,,wilmington-compstat-v1,validated
year-end-compstat-2025-r1,year_end_compstat,2025-01-01,2025-12-31,1,3c3b151aad3d007f2279cf5735d63f591623eff526770c425b726af0d950cfb2,3,sector,sector_1,Sector 1,robbery,Robbery,year_to_date,percent_change,2025,2019,6,-67.0,-67%,,wilmington-compstat-v1,validated
year-end-compstat-2025-r1,year_end_compstat,2025-01-01,2025-12-31,1,3c3b151aad3d007f2279cf5735d63f591623eff526770c425b726af0d950cfb2,3,sector,sector_1,Sector 1,aggravated_assault,Agg. Assault,last_7_days,count,2025,,,0,0,,wilmington-compstat-v1,validated
year-end-compstat-2025-r1,year_end_compstat,2025-01-01,2025-12-31,1,3c3b151aad3d007f2279cf5735d63f591623eff526770c425b726af0d950cfb2,3,sector,sector_1,Sector 1,aggravated_assault,Agg. Assault,last_7_days,count,2024,,,2,2,,wilmington-compstat-v1,validated
year-end-compstat-2025-r1,year_end_compstat,2025-01-01,2025-12-31,1,3c3b151aad3d007f2279cf5735d63f591623eff526770c425b726af0d950cfb2,3,sector,sector_1,Sector 1,aggravated_assault,Agg. Assault,last_7_days,percent_change,2025,2024,1,-100.0,-100%,,wilmington-compstat-v1,validated
year-end-compstat-2025-r1,year_end_compstat,2025-01-01,2025-12-31,1,3c3b151aad3d007f2279cf5735d63f591623eff526770c425b726af0d950cfb2,3,sector,sector_1,Sector 1,aggravated_assault,Agg. Assault,last_28_days,count,2025,,,3,3,,wilmington-compstat-v1,validated
year-end-compstat-2025-r1,year_end_compstat,2025-01-01,2025-12-31,1,3c3b151aad3d007f2279cf5735d63f591623eff526770c425b726af0d950cfb2,3,sector,sector_1,Sector 1,aggravated_assault,Agg. Assault,last_28_days,count,2024,,,7,7,,wilmington-compstat-v1,validated
year-end-compstat-2025-r1,year_end_compstat,2025-01-01,2025-12-31,1,3c3b151aad3d007f2279cf5735d63f591623eff526770c425b726af0d950cfb2,3,sector,sector_1,Sector 1,aggravated_assault,Agg. Assault,last_28_days,percent_change,2025,2024,1,-57.0,-57%,,wilmington-compstat-v1,validated
year-end-compstat-2025-r1,year_end_compstat,2025-01-01,2025-12-31,1,3c3b151aad3d007f2279cf5735d63f591623eff526770c425b726af0d950cfb2,3,sector,sector_1,Sector 1,aggravated_assault,Agg. Assault,year_to_date,count,2025,,,95,95,,wilmington-compstat-v1,validated
year-end-compstat-2025-r1,year_end_compstat,2025-01-01,2025-12-31,1,3c3b151aad3d007f2279cf5735d63f591623eff526770c425b726af0d950cfb2,3,sector,sector_1,Sector 1,aggravated_assault,Agg. Assault,year_to_date,count,2024,,,111,111,,wilmington-compstat-v1,validated
year-end-compstat-2025-r1,year_end_compstat,2025-01-01,2025-12-31,1,3c3b151aad3d007f2279cf5735d63f591623eff526770c425b726af0d950cfb2,3,sector,sector_1,Sector 1,aggravated_assault,Agg. Assault,year_to_date,percent_change,2025,2024,1,-14.0,-14%,,wilmington-compstat-v1,validated
year-end-compstat-2025-r1,year_end_compstat,2025-01-01,2025-12-31,1,3c3b151aad3d007f2279cf5735d63f591623eff526770c425b726af0d950cfb2,3,sector,sector_1,Sector 1,aggravated_assault,Agg. Assault,year_to_date,percent_change,2025,2023,2,-12.0,-12%,,wilmington-compstat-v1,validated
year-end-compstat-2025-r1,year_end_compstat,2025-01-01,2025-12-31,1,3c3b151aad3d007f2279cf5735d63f591623eff526770c425b726af0d950cfb2,3,sector,sector_1,Sector 1,aggravated_assault,Agg. Assault,year_to_date,percent_change,2025,2022,3,-9.0,-9%,,wilmington-compstat-v1,validated
year-end-compstat-2025-r1,year_end_compstat,2025-01-01,2025-12-31,1,3c3b151aad3d007f2279cf5735d63f591623eff526770c425b726af0d950cfb2,3,sector,sector_1,Sector 1,aggravated_assault,Agg. Assault,year_to_date,percent_change,2025,2021,4,-27.0,-27%,,wilmington-compstat-v1,validated
year-end-compstat-2025-r1,year_end_compstat,2025-01-01,2025-12-31,1,3c3b151aad3d007f2279cf5735d63f591623eff526770c425b726af0d950cfb2,3,sector,sector_1,Sector 1,aggravated_assault,Agg. Assault,year_to_date,percent_change,2025,2020,5,-41.0,-41%,,wilmington-compstat-v1,validated
year-end-compstat-2025-r1,year_end_compstat,2025-01-01,2025-12-31,1,3c3b151aad3d007f2279cf5735d63f591623eff526770c425b726af0d950cfb2,3,sector,sector_1,Sector 1,aggravated_assault,Agg. Assault,year_to_date,percent_change,2025,2019,6,-42.0,-42%,,wilmington-compstat-v1,validated
year-end-compstat-2025-r1,year_end_compstat,2025-01-01,2025-12-31,1,3c3b151aad3d007f2279cf5735d63f591623eff526770c425b726af0d950cfb2,3,sector,sector_1,Sector 1,burglary,Burglary,last_7_days,count,2025,,,0,0,,wilmington-compstat-v1,validated
year-end-compstat-2025-r1,year_end_compstat,2025-01-01,2025-12-31,1,3c3b151aad3d007f2279cf5735d63f591623eff526770c425b726af0d950cfb2,3,sector,sector_1,Sector 1,burglary,Burglary,last_7_days,count,2024,,,2,2,,wilmington-compstat-v1,validated
year-end-compstat-2025-r1,year_end_compstat,2025-01-01,2025-12-31,1,3c3b151aad3d007f2279cf5735d63f591623eff526770c425b726af0d950cfb2,3,sector,sector_1,Sector 1,burglary,Burglary,last_7_days,percent_change,2025,2024,1,-100.0,-100%,,wilmington-compstat-v1,validated
year-end-compstat-2025-r1,year_end_compstat,2025-01-01,2025-12-31,1,3c3b151aad3d007f2279cf5735d63f591623eff526770c425b726af0d950cfb2,3,sector,sector_1,Sector 1,burglary,Burglary,last_28_days,count,2025,,,2,2,,wilmington-compstat-v1,validated
year-end-compstat-2025-r1,year_end_compstat,2025-01-01,2025-12-31,1,3c3b151aad3d007f2279cf5735d63f591623eff526770c425b726af0d950cfb2,3,sector,sector_1,Sector 1,burglary,Burglary,last_28_days,count,2024,,,14,14,,wilmington-compstat-v1,validated
year-end-compstat-2025-r1,year_end_compstat,2025-01-01,2025-12-31,1,3c3b151aad3d007f2279cf5735d63f591623eff526770c425b726af0d950cfb2,3,sector,sector_1,Sector 1,burglary,Burglary,last_28_days,percent_change,2025,2024,1,-86.0,-86%,,wilmington-compstat-v1,validated
year-end-compstat-2025-r1,year_end_compstat,2025-01-01,2025-12-31,1,3c3b151aad3d007f2279cf5735d63f591623eff526770c425b726af0d950cfb2,3,sector,sector_1,Sector 1,burglary,Burglary,year_to_date,count,2025,,,106,106,,wilmington-compstat-v1,validated
year-end-compstat-2025-r1,year_end_compstat,2025-01-01,2025-12-31,1,3c3b151aad3d007f2279cf5735d63f591623eff526770c425b726af0d950cfb2,3,sector,sector_1,Sector 1,burglary,Burglary,year_to_date,count,2024,,,105,105,,wilmington-compstat-v1,validated
year-end-compstat-2025-r1,year_end_compstat,2025-01-01,2025-12-31,1,3c3b151aad3d007f2279cf5735d63f591623eff526770c425b726af0d950cfb2,3,sector,sector_1,Sector 1,burglary,Burglary,year_to_date,percent_change,2025,2024,1,1.0,1%,,wilmington-compstat-v1,validated
year-end-compstat-2025-r1,year_end_compstat,2025-01-01,2025-12-31,1,3c3b151aad3d007f2279cf5735d63f591623eff526770c425b726af0d950cfb2,3,sector,sector_1,Sector 1,burglary,Burglary,year_to_date,percent_change,2025,2023,2,38.0,38%,,wilmington-compstat-v1,validated
year-end-compstat-2025-r1,year_end_compstat,2025-01-01,2025-12-31,1,3c3b151aad3d007f2279cf5735d63f591623eff526770c425b726af0d950cfb2,3,sector,sector_1,Sector 1,burglary,Burglary,year_to_date,percent_change,2025,2022,3,-16.0,-16%,,wilmington-compstat-v1,validated
year-end-compstat-2025-r1,year_end_compstat,2025-01-01,2025-12-31,1,3c3b151aad3d007f2279cf5735d63f591623eff526770c425b726af0d950cfb2,3,sector,sector_1,Sector 1,burglary,Burglary,year_to_date,percent_change,2025,2021,4,-7.0,-7%,,wilmington-compstat-v1,validated
year-end-compstat-2025-r1,year_end_compstat,2025-01-01,2025-12-31,1,3c3b151aad3d007f2279cf5735d63f591623eff526770c425b726af0d950cfb2,3,sector,sector_1,Sector 1,burglary,Burglary,year_to_date,percent_change,2025,2020,5,-30.0,-30%,,wilmington-compstat-v1,validated
year-end-compstat-2025-r1,year_end_compstat,2025-01-01,2025-12-31,1,3c3b151aad3d007f2279cf5735d63f591623eff526770c425b726af0d950cfb2,3,sector,sector_1,Sector 1,burglary,Burglary,year_to_date,percent_change,2025,2019,6,-33.0,-33%,,wilmington-compstat-v1,validated
year-end-compstat-2025-r1,year_end_compstat,2025-01-01,2025-12-31,1,3c3b151aad3d007f2279cf5735d63f591623eff526770c425b726af0d950cfb2,3,sector,sector_1,Sector 1,felony_theft,Felony Theft,last_7_days,count,2025,,,0,0,,wilmington-compstat-v1,validated
year-end-compstat-2025-r1,year_end_compstat,2025-01-01,2025-12-31,1,3c3b151aad3d007f2279cf5735d63f591623eff526770c425b726af0d950cfb2,3,sector,sector_1,Sector 1,felony_theft,Felony Theft,last_7_days,count,2024,,,0,0,,wilmington-compstat-v1,validated
year-end-compstat-2025-r1,year_end_compstat,2025-01-01,2025-12-31,1,3c3b151aad3d007f2279cf5735d63f591623eff526770c425b726af0d950cfb2,3,sector,sector_1,Sector 1,felony_theft,Felony Theft,last_7_days,percent_change,2025,2024,1,,*,undefined_zero_denominator,wilmington-compstat-v1,validated
year-end-compstat-2025-r1,year_end_compstat,2025-01-01,2025-12-31,1,3c3b151aad3d007f2279cf5735d63f591623eff526770c425b726af0d950cfb2,3,sector,sector_1,Sector 1,felony_theft,Felony Theft,last_28_days,count,2025,,,2,2,,wilmington-compstat-v1,validated
year-end-compstat-2025-r1,year_end_compstat,2025-01-01,2025-12-31,1,3c3b151aad3d007f2279cf5735d63f591623eff526770c425b726af0d950cfb2,3,sector,sector_1,Sector 1,felony_theft,Felony Theft,last_28_days,count,2024,,,5,5,,wilmington-compstat-v1,validated
year-end-compstat-2025-r1,year_end_compstat,2025-01-01,2025-12-31,1,3c3b151aad3d007f2279cf5735d63f591623eff526770c425b726af0d950cfb2,3,sector,sector_1,Sector 1,felony_theft,Felony Theft,last_28_days,percent_change,2025,2024,1,-60.0,-60%,,wilmington-compstat-v1,validated
year-end-compstat-2025-r1,year_end_compstat,2025-01-01,2025-12-31,1,3c3b151aad3d007f2279cf5735d63f591623eff526770c425b726af0d950cfb2,3,sector,sector_1,Sector 1,felony_theft,Felony Theft,year_to_date,count,2025,,,60,60,,wilmington-compstat-v1,validated
year-end-compstat-2025-r1,year_end_compstat,2025-01-01,2025-12-31,1,3c3b151aad3d007f2279cf5735d63f591623eff526770c425b726af0d950cfb2,3,sector,sector_1,Sector 1,felony_theft,Felony Theft,year_to_date,count,2024,,,76,76,,wilmington-compstat-v1,validated
year-end-compstat-2025-r1,year_end_compstat,2025-01-01,2025-12-31,1,3c3b151aad3d007f2279cf5735d63f591623eff526770c425b726af0d950cfb2,3,sector,sector_1,Sector 1,felony_theft,Felony Theft,year_to_date,percent_change,2025,2024,1,-21.0,-21%,,wilmington-compstat-v1,validated
year-end-compstat-2025-r1,year_end_compstat,2025-01-01,2025-12-31,1,3c3b151aad3d007f2279cf5735d63f591623eff526770c425b726af0d950cfb2,3,sector,sector_1,Sector 1,felony_theft,Felony Theft,year_to_date,percent_change,2025,2023,2,-41.0,-41%,,wilmington-compstat-v1,validated
year-end-compstat-2025-r1,year_end_compstat,2025-01-01,2025-12-31,1,3c3b151aad3d007f2279cf5735d63f591623eff526770c425b726af0d950cfb2,3,sector,sector_1,Sector 1,felony_theft,Felony Theft,year_to_date,percent_change,2025,2022,3,-33.0,-33%,,wilmington-compstat-v1,validated
year-end-compstat-2025-r1,year_end_compstat,2025-01-01,2025-12-31,1,3c3b151aad3d007f2279cf5735d63f591623eff526770c425b726af0d950cfb2,3,sector,sector_1,Sector 1,felony_theft,Felony Theft,year_to_date,percent_change,2025,2021,4,-39.0,-39%,,wilmington-compstat-v1,validated
year-end-compstat-2025-r1,year_end_compstat,2025-01-01,2025-12-31,1,3c3b151aad3d007f2279cf5735d63f591623eff526770c425b726af0d950cfb2,3,sector,sector_1,Sector 1,felony_theft,Felony Theft,year_to_date,percent_change,2025,2020,5,-13.0,-13%,,wilmington-compstat-v1,validated
year-end-compstat-2025-r1,year_end_compstat,2025-01-01,2025-12-31,1,3c3b151aad3d007f2279cf5735d63f591623eff526770c425b726af0d950cfb2,3,sector,sector_1,Sector 1,felony_theft,Felony Theft,year_to_date,percent_change,2025,2019,6,-37.0,-37%,,wilmington-compstat-v1,validated
year-end-compstat-2025-r1,year_end_compstat,2025-01-01,2025-12-31,1,3c3b151aad3d007f2279cf5735d63f591623eff526770c425b726af0d950cfb2,3,sector,sector_1,Sector 1,auto_theft,Auto Theft,last_7_days,count,2025,,,1,1,,wilmington-compstat-v1,validated
year-end-compstat-2025-r1,year_end_compstat,2025-01-01,2025-12-31,1,3c3b151aad3d007f2279cf5735d63f591623eff526770c425b726af0d950cfb2,3,sector,sector_1,Sector 1,auto_theft,Auto Theft,last_7_days,count,2024,,,4,4,,wilmington-compstat-v1,validated
year-end-compstat-2025-r1,year_end_compstat,2025-01-01,2025-12-31,1,3c3b151aad3d007f2279cf5735d63f591623eff526770c425b726af0d950cfb2,3,sector,sector_1,Sector 1,auto_theft,Auto Theft,last_7_days,percent_change,2025,2024,1,-75.0,-75%,,wilmington-compstat-v1,validated
year-end-compstat-2025-r1,year_end_compstat,2025-01-01,2025-12-31,1,3c3b151aad3d007f2279cf5735d63f591623eff526770c425b726af0d950cfb2,3,sector,sector_1,Sector 1,auto_theft,Auto Theft,last_28_days,count,2025,,,7,7,,wilmington-compstat-v1,validated
year-end-compstat-2025-r1,year_end_compstat,2025-01-01,2025-12-31,1,3c3b151aad3d007f2279cf5735d63f591623eff526770c425b726af0d950cfb2,3,sector,sector_1,Sector 1,auto_theft,Auto Theft,last_28_days,count,2024,,,11,11,,wilmington-compstat-v1,validated
year-end-compstat-2025-r1,year_end_compstat,2025-01-01,2025-12-31,1,3c3b151aad3d007f2279cf5735d63f591623eff526770c425b726af0d950cfb2,3,sector,sector_1,Sector 1,auto_theft,Auto Theft,last_28_days,percent_change,2025,2024,1,-36.0,-36%,,wilmington-compstat-v1,validated
year-end-compstat-2025-r1,year_end_compstat,2025-01-01,2025-12-31,1,3c3b151aad3d007f2279cf5735d63f591623eff526770c425b726af0d950cfb2,3,sector,sector_1,Sector 1,auto_theft,Auto Theft,year_to_date,count,2025,,,147,147,,wilmington-compstat-v1,validated
year-end-compstat-2025-r1,year_end_compstat,2025-01-01,2025-12-31,1,3c3b151aad3d007f2279cf5735d63f591623eff526770c425b726af0d950cfb2,3,sector,sector_1,Sector 1,auto_theft,Auto Theft,year_to_date,count,2024,,,168,168,,wilmington-compstat-v1,validated
year-end-compstat-2025-r1,year_end_compstat,2025-01-01,2025-12-31,1,3c3b151aad3d007f2279cf5735d63f591623eff526770c425b726af0d950cfb2,3,sector,sector_1,Sector 1,auto_theft,Auto Theft,year_to_date,percent_change,2025,2024,1,-13.0,-13%,,wilmington-compstat-v1,validated
year-end-compstat-2025-r1,year_end_compstat,2025-01-01,2025-12-31,1,3c3b151aad3d007f2279cf5735d63f591623eff526770c425b726af0d950cfb2,3,sector,sector_1,Sector 1,auto_theft,Auto Theft,year_to_date,percent_change,2025,2023,2,-29.0,-29%,,wilmington-compstat-v1,validated
year-end-compstat-2025-r1,year_end_compstat,2025-01-01,2025-12-31,1,3c3b151aad3d007f2279cf5735d63f591623eff526770c425b726af0d950cfb2,3,sector,sector_1,Sector 1,auto_theft,Auto Theft,year_to_date,percent_change,2025,2022,3,14.0,14%,,wilmington-compstat-v1,validated
year-end-compstat-2025-r1,year_end_compstat,2025-01-01,2025-12-31,1,3c3b151aad3d007f2279cf5735d63f591623eff526770c425b726af0d950cfb2,3,sector,sector_1,Sector 1,auto_theft,Auto Theft,year_to_date,percent_change,2025,2021,4,7.0,7%,,wilmington-compstat-v1,validated
year-end-compstat-2025-r1,year_end_compstat,2025-01-01,2025-12-31,1,3c3b151aad3d007f2279cf5735d63f591623eff526770c425b726af0d950cfb2,3,sector,sector_1,Sector 1,auto_theft,Auto Theft,year_to_date,percent_change,2025,2020,5,14.0,14%,,wilmington-compstat-v1,validated
year-end-compstat-2025-r1,year_end_compstat,2025-01-01,2025-12-31,1,3c3b151aad3d007f2279cf5735d63f591623eff526770c425b726af0d950cfb2,3,sector,sector_1,Sector 1,auto_theft,Auto Theft,year_to_date,percent_change,2025,2019,6,-3.0,-3%,,wilmington-compstat-v1,validated
year-end-compstat-2025-r1,year_end_compstat,2025-01-01,2025-12-31,1,3c3b151aad3d007f2279cf5735d63f591623eff526770c425b726af0d950cfb2,3,sector,sector_1,Sector 1,major_crime_total,TOTAL,last_7_days,count,2025,,,1,1,,wilmington-compstat-v1,validated
year-end-compstat-2025-r1,year_end_compstat,2025-01-01,2025-12-31,1,3c3b151aad3d007f2279cf5735d63f591623eff526770c425b726af0d950cfb2,3,sector,sector_1,Sector 1,major_crime_total,TOTAL,last_7_days,count,2024,,,9,9,,wilmington-compstat-v1,validated
year-end-compstat-2025-r1,year_end_compstat,2025-01-01,2025-12-31,1,3c3b151aad3d007f2279cf5735d63f591623eff526770c425b726af0d950cfb2,3,sector,sector_1,Sector 1,major_crime_total,TOTAL,last_7_days,percent_change,2025,2024,1,-89.0,-89%,,wilmington-compstat-v1,validated
year-end-compstat-2025-r1,year_end_compstat,2025-01-01,2025-12-31,1,3c3b151aad3d007f2279cf5735d63f591623eff526770c425b726af0d950cfb2,3,sector,sector_1,Sector 1,major_crime_total,TOTAL,last_28_days,count,2025,,,16,16,,wilmington-compstat-v1,validated
year-end-compstat-2025-r1,year_end_compstat,2025-01-01,2025-12-31,1,3c3b151aad3d007f2279cf5735d63f591623eff526770c425b726af0d950cfb2,3,sector,sector_1,Sector 1,major_crime_total,TOTAL,last_28_days,count,2024,,,39,39,,wilmington-compstat-v1,validated
year-end-compstat-2025-r1,year_end_compstat,2025-01-01,2025-12-31,1,3c3b151aad3d007f2279cf5735d63f591623eff526770c425b726af0d950cfb2,3,sector,sector_1,Sector 1,major_crime_total,TOTAL,last_28_days,percent_change,2025,2024,1,-59.0,-59%,,wilmington-compstat-v1,validated
year-end-compstat-2025-r1,year_end_compstat,2025-01-01,2025-12-31,1,3c3b151aad3d007f2279cf5735d63f591623eff526770c425b726af0d950cfb2,3,sector,sector_1,Sector 1,major_crime_total,TOTAL,year_to_date,count,2025,,,446,446,,wilmington-compstat-v1,validated
year-end-compstat-2025-r1,year_end_compstat,2025-01-01,2025-12-31,1,3c3b151aad3d007f2279cf5735d63f591623eff526770c425b726af0d950cfb2,3,sector,sector_1,Sector 1,major_crime_total,TOTAL,year_to_date,count,2024,,,511,511,,wilmington-compstat-v1,validated
year-end-compstat-2025-r1,year_end_compstat,2025-01-01,2025-12-31,1,3c3b151aad3d007f2279cf5735d63f591623eff526770c425b726af0d950cfb2,3,sector,sector_1,Sector 1,major_crime_total,TOTAL,year_to_date,percent_change,2025,2024,1,-13.0,-13%,,wilmington-compstat-v1,validated
year-end-compstat-2025-r1,year_end_compstat,2025-01-01,2025-12-31,1,3c3b151aad3d007f2279cf5735d63f591623eff526770c425b726af0d950cfb2,3,sector,sector_1,Sector 1,major_crime_total,TOTAL,year_to_date,percent_change,2025,2023,2,-20.0,-20%,,wilmington-compstat-v1,validated
year-end-compstat-2025-r1,year_end_compstat,2025-01-01,2025-12-31,1,3c3b151aad3d007f2279cf5735d63f591623eff526770c425b726af0d950cfb2,3,sector,sector_1,Sector 1,major_crime_total,TOTAL,year_to_date,percent_change,2025,2022,3,-11.0,-11%,,wilmington-compstat-v1,validated
year-end-compstat-2025-r1,year_end_compstat,2025-01-01,2025-12-31,1,3c3b151aad3d007f2279cf5735d63f591623eff526770c425b726af0d950cfb2,3,sector,sector_1,Sector 1,major_crime_total,TOTAL,year_to_date,percent_change,2025,2021,4,-20.0,-20%,,wilmington-compstat-v1,validated
year-end-compstat-2025-r1,year_end_compstat,2025-01-01,2025-12-31,1,3c3b151aad3d007f2279cf5735d63f591623eff526770c425b726af0d950cfb2,3,sector,sector_1,Sector 1,major_crime_total,TOTAL,year_to_date,percent_change,2025,2020,5,-27.0,-27%,,wilmington-compstat-v1,validated
year-end-compstat-2025-r1,year_end_compstat,2025-01-01,2025-12-31,1,3c3b151aad3d007f2279cf5735d63f591623eff526770c425b726af0d950cfb2,3,sector,sector_1,Sector 1,major_crime_total,TOTAL,year_to_date,percent_change,2025,2019,6,-34.0,-34%,,wilmington-compstat-v1,validated
year-end-compstat-2025-r1,year_end_compstat,2025-01-01,2025-12-31,1,3c3b151aad3d007f2279cf5735d63f591623eff526770c425b726af0d950cfb2,3,sector,sector_1,Sector 1,shooting_incidents,Shooting Incidents,last_7_days,count,2025,,,0,0,,wilmington-compstat-v1,validated
year-end-compstat-2025-r1,year_end_compstat,2025-01-01,2025-12-31,1,3c3b151aad3d007f2279cf5735d63f591623eff526770c425b726af0d950cfb2,3,sector,sector_1,Sector 1,shooting_incidents,Shooting Incidents,last_7_days,count,2024,,,3,3,,wilmington-compstat-v1,validated
year-end-compstat-2025-r1,year_end_compstat,2025-01-01,2025-12-31,1,3c3b151aad3d007f2279cf5735d63f591623eff526770c425b726af0d950cfb2,3,sector,sector_1,Sector 1,shooting_incidents,Shooting Incidents,last_7_days,percent_change,2025,2024,1,-100.0,-100%,,wilmington-compstat-v1,validated
year-end-compstat-2025-r1,year_end_compstat,2025-01-01,2025-12-31,1,3c3b151aad3d007f2279cf5735d63f591623eff526770c425b726af0d950cfb2,3,sector,sector_1,Sector 1,shooting_incidents,Shooting Incidents,last_28_days,count,2025,,,0,0,,wilmington-compstat-v1,validated
year-end-compstat-2025-r1,year_end_compstat,2025-01-01,2025-12-31,1,3c3b151aad3d007f2279cf5735d63f591623eff526770c425b726af0d950cfb2,3,sector,sector_1,Sector 1,shooting_incidents,Shooting Incidents,last_28_days,count,2024,,,3,3,,wilmington-compstat-v1,validated
year-end-compstat-2025-r1,year_end_compstat,2025-01-01,2025-12-31,1,3c3b151aad3d007f2279cf5735d63f591623eff526770c425b726af0d950cfb2,3,sector,sector_1,Sector 1,shooting_incidents,Shooting Incidents,last_28_days,percent_change,2025,2024,1,-100.0,-100%,,wilmington-compstat-v1,validated
year-end-compstat-2025-r1,year_end_compstat,2025-01-01,2025-12-31,1,3c3b151aad3d007f2279cf5735d63f591623eff526770c425b726af0d950cfb2,3,sector,sector_1,Sector 1,shooting_incidents,Shooting Incidents,year_to_date,count,2025,,,22,22,,wilmington-compstat-v1,validated
year-end-compstat-2025-r1,year_end_compstat,2025-01-01,2025-12-31,1,3c3b151aad3d007f2279cf5735d63f591623eff526770c425b726af0d950cfb2,3,sector,sector_1,Sector 1,shooting_incidents,Shooting Incidents,year_to_date,count,2024,,,33,33,,wilmington-compstat-v1,validated
year-end-compstat-2025-r1,year_end_compstat,2025-01-01,2025-12-31,1,3c3b151aad3d007f2279cf5735d63f591623eff526770c425b726af0d950cfb2,3,sector,sector_1,Sector 1,shooting_incidents,Shooting Incidents,year_to_date,percent_change,2025,2024,1,-33.0,-33%,,wilmington-compstat-v1,validated
year-end-compstat-2025-r1,year_end_compstat,2025-01-01,2025-12-31,1,3c3b151aad3d007f2279cf5735d63f591623eff526770c425b726af0d950cfb2,3,sector,sector_1,Sector 1,shooting_incidents,Shooting Incidents,year_to_date,percent_change,2025,2023,2,-29.0,-29%,,wilmington-compstat-v1,validated
year-end-compstat-2025-r1,year_end_compstat,2025-01-01,2025-12-31,1,3c3b151aad3d007f2279cf5735d63f591623eff526770c425b726af0d950cfb2,3,sector,sector_1,Sector 1,shooting_incidents,Shooting Incidents,year_to_date,percent_change,2025,2022,3,-35.0,-35%,,wilmington-compstat-v1,validated
year-end-compstat-2025-r1,year_end_compstat,2025-01-01,2025-12-31,1,3c3b151aad3d007f2279cf5735d63f591623eff526770c425b726af0d950cfb2,3,sector,sector_1,Sector 1,shooting_incidents,Shooting Incidents,year_to_date,percent_change,2025,2021,4,-45.0,-45%,,wilmington-compstat-v1,validated
year-end-compstat-2025-r1,year_end_compstat,2025-01-01,2025-12-31,1,3c3b151aad3d007f2279cf5735d63f591623eff526770c425b726af0d950cfb2,3,sector,sector_1,Sector 1,shooting_incidents,Shooting Incidents,year_to_date,percent_change,2025,2020,5,-58.0,-58%,,wilmington-compstat-v1,validated
year-end-compstat-2025-r1,year_end_compstat,2025-01-01,2025-12-31,1,3c3b151aad3d007f2279cf5735d63f591623eff526770c425b726af0d950cfb2,3,sector,sector_1,Sector 1,shooting_incidents,Shooting Incidents,year_to_date,percent_change,2025,2019,6,-46.0,-46%,,wilmington-compstat-v1,validated
year-end-compstat-2025-r1,year_end_compstat,2025-01-01,2025-12-31,1,3c3b151aad3d007f2279cf5735d63f591623eff526770c425b726af0d950cfb2,3,sector,sector_1,Sector 1,shooting_victims,Shooting Victims,last_7_days,count,2025,,,0,0,,wilmington-compstat-v1,validated
year-end-compstat-2025-r1,year_end_compstat,2025-01-01,2025-12-31,1,3c3b151aad3d007f2279cf5735d63f591623eff526770c425b726af0d950cfb2,3,sector,sector_1,Sector 1,shooting_victims,Shooting Victims,last_7_days,count,2024,,,4,4,,wilmington-compstat-v1,validated
year-end-compstat-2025-r1,year_end_compstat,2025-01-01,2025-12-31,1,3c3b151aad3d007f2279cf5735d63f591623eff526770c425b726af0d950cfb2,3,sector,sector_1,Sector 1,shooting_victims,Shooting Victims,last_7_days,percent_change,2025,2024,1,-100.0,-100%,,wilmington-compstat-v1,validated
year-end-compstat-2025-r1,year_end_compstat,2025-01-01,2025-12-31,1,3c3b151aad3d007f2279cf5735d63f591623eff526770c425b726af0d950cfb2,3,sector,sector_1,Sector 1,shooting_victims,Shooting Victims,last_28_days,count,2025,,,0,0,,wilmington-compstat-v1,validated
year-end-compstat-2025-r1,year_end_compstat,2025-01-01,2025-12-31,1,3c3b151aad3d007f2279cf5735d63f591623eff526770c425b726af0d950cfb2,3,sector,sector_1,Sector 1,shooting_victims,Shooting Victims,last_28_days,count,2024,,,4,4,,wilmington-compstat-v1,validated
year-end-compstat-2025-r1,year_end_compstat,2025-01-01,2025-12-31,1,3c3b151aad3d007f2279cf5735d63f591623eff526770c425b726af0d950cfb2,3,sector,sector_1,Sector 1,shooting_victims,Shooting Victims,last_28_days,percent_change,2025,2024,1,-100.0,-100%,,wilmington-compstat-v1,validated
year-end-compstat-2025-r1,year_end_compstat,2025-01-01,2025-12-31,1,3c3b151aad3d007f2279cf5735d63f591623eff526770c425b726af0d950cfb2,3,sector,sector_1,Sector 1,shooting_victims,Shooting Victims,year_to_date,count,2025,,,27,27,,wilmington-compstat-v1,validated
year-end-compstat-2025-r1,year_end_compstat,2025-01-01,2025-12-31,1,3c3b151aad3d007f2279cf5735d63f591623eff526770c425b726af0d950cfb2,3,sector,sector_1,Sector 1,shooting_victims,Shooting Victims,year_to_date,count,2024,,,47,47,,wilmington-compstat-v1,validated
year-end-compstat-2025-r1,year_end_compstat,2025-01-01,2025-12-31,1,3c3b151aad3d007f2279cf5735d63f591623eff526770c425b726af0d950cfb2,3,sector,sector_1,Sector 1,shooting_victims,Shooting Victims,year_to_date,percent_change,2025,2024,1,-43.0,-43%,,wilmington-compstat-v1,validated
year-end-compstat-2025-r1,year_end_compstat,2025-01-01,2025-12-31,1,3c3b151aad3d007f2279cf5735d63f591623eff526770c425b726af0d950cfb2,3,sector,sector_1,Sector 1,shooting_victims,Shooting Victims,year_to_date,percent_change,2025,2023,2,-25.0,-25%,,wilmington-compstat-v1,validated
year-end-compstat-2025-r1,year_end_compstat,2025-01-01,2025-12-31,1,3c3b151aad3d007f2279cf5735d63f591623eff526770c425b726af0d950cfb2,3,sector,sector_1,Sector 1,shooting_victims,Shooting Victims,year_to_date,percent_change,2025,2022,3,-41.0,-41%,,wilmington-compstat-v1,validated
year-end-compstat-2025-r1,year_end_compstat,2025-01-01,2025-12-31,1,3c3b151aad3d007f2279cf5735d63f591623eff526770c425b726af0d950cfb2,3,sector,sector_1,Sector 1,shooting_victims,Shooting Victims,year_to_date,percent_change,2025,2021,4,-44.0,-44%,,wilmington-compstat-v1,validated
year-end-compstat-2025-r1,year_end_compstat,2025-01-01,2025-12-31,1,3c3b151aad3d007f2279cf5735d63f591623eff526770c425b726af0d950cfb2,3,sector,sector_1,Sector 1,shooting_victims,Shooting Victims,year_to_date,percent_change,2025,2020,5,-58.0,-58%,,wilmington-compstat-v1,validated
year-end-compstat-2025-r1,year_end_compstat,2025-01-01,2025-12-31,1,3c3b151aad3d007f2279cf5735d63f591623eff526770c425b726af0d950cfb2,3,sector,sector_1,Sector 1,shooting_victims,Shooting Victims,year_to_date,percent_change,2025,2019,6,-49.0,-49%,,wilmington-compstat-v1,validated
year-end-compstat-2025-r1,year_end_compstat,2025-01-01,2025-12-31,1,3c3b151aad3d007f2279cf5735d63f591623eff526770c425b726af0d950cfb2,3,sector,sector_1,Sector 1,juvenile_shooting_incidents,*Juv Shooting Incidents,last_7_days,count,2025,,,0,0,,wilmington-compstat-v1,validated
year-end-compstat-2025-r1,year_end_compstat,2025-01-01,2025-12-31,1,3c3b151aad3d007f2279cf5735d63f591623eff526770c425b726af0d950cfb2,3,sector,sector_1,Sector 1,juvenile_shooting_incidents,*Juv Shooting Incidents,last_7_days,count,2024,,,1,1,,wilmington-compstat-v1,validated
year-end-compstat-2025-r1,year_end_compstat,2025-01-01,2025-12-31,1,3c3b151aad3d007f2279cf5735d63f591623eff526770c425b726af0d950cfb2,3,sector,sector_1,Sector 1,juvenile_shooting_incidents,*Juv Shooting Incidents,last_7_days,percent_change,2025,2024,1,-100.0,-100%,,wilmington-compstat-v1,validated
year-end-compstat-2025-r1,year_end_compstat,2025-01-01,2025-12-31,1,3c3b151aad3d007f2279cf5735d63f591623eff526770c425b726af0d950cfb2,3,sector,sector_1,Sector 1,juvenile_shooting_incidents,*Juv Shooting Incidents,last_28_days,count,2025,,,0,0,,wilmington-compstat-v1,validated
year-end-compstat-2025-r1,year_end_compstat,2025-01-01,2025-12-31,1,3c3b151aad3d007f2279cf5735d63f591623eff526770c425b726af0d950cfb2,3,sector,sector_1,Sector 1,juvenile_shooting_incidents,*Juv Shooting Incidents,last_28_days,count,2024,,,1,1,,wilmington-compstat-v1,validated
year-end-compstat-2025-r1,year_end_compstat,2025-01-01,2025-12-31,1,3c3b151aad3d007f2279cf5735d63f591623eff526770c425b726af0d950cfb2,3,sector,sector_1,Sector 1,juvenile_shooting_incidents,*Juv Shooting Incidents,last_28_days,percent_change,2025,2024,1,-100.0,-100%,,wilmington-compstat-v1,validated
year-end-compstat-2025-r1,year_end_compstat,2025-01-01,2025-12-31,1,3c3b151aad3d007f2279cf5735d63f591623eff526770c425b726af0d950cfb2,3,sector,sector_1,Sector 1,juvenile_shooting_incidents,*Juv Shooting Incidents,year_to_date,count,2025,,,2,2,,wilmington-compstat-v1,validated
year-end-compstat-2025-r1,year_end_compstat,2025-01-01,2025-12-31,1,3c3b151aad3d007f2279cf5735d63f591623eff526770c425b726af0d950cfb2,3,sector,sector_1,Sector 1,juvenile_shooting_incidents,*Juv Shooting Incidents,year_to_date,count,2024,,,8,8,,wilmington-compstat-v1,validated
year-end-compstat-2025-r1,year_end_compstat,2025-01-01,2025-12-31,1,3c3b151aad3d007f2279cf5735d63f591623eff526770c425b726af0d950cfb2,3,sector,sector_1,Sector 1,juvenile_shooting_incidents,*Juv Shooting Incidents,year_to_date,percent_change,2025,2024,1,-75.0,-75%,,wilmington-compstat-v1,validated
year-end-compstat-2025-r1,year_end_compstat,2025-01-01,2025-12-31,1,3c3b151aad3d007f2279cf5735d63f591623eff526770c425b726af0d950cfb2,3,sector,sector_1,Sector 1,juvenile_shooting_incidents,*Juv Shooting Incidents,year_to_date,percent_change,2025,2023,2,-67.0,-67%,,wilmington-compstat-v1,validated
year-end-compstat-2025-r1,year_end_compstat,2025-01-01,2025-12-31,1,3c3b151aad3d007f2279cf5735d63f591623eff526770c425b726af0d950cfb2,3,sector,sector_1,Sector 1,juvenile_shooting_incidents,*Juv Shooting Incidents,year_to_date,percent_change,2025,2022,3,-71.0,-71%,,wilmington-compstat-v1,validated
year-end-compstat-2025-r1,year_end_compstat,2025-01-01,2025-12-31,1,3c3b151aad3d007f2279cf5735d63f591623eff526770c425b726af0d950cfb2,3,sector,sector_1,Sector 1,juvenile_shooting_incidents,*Juv Shooting Incidents,year_to_date,percent_change,2025,2021,4,-67.0,-67%,,wilmington-compstat-v1,validated
year-end-compstat-2025-r1,year_end_compstat,2025-01-01,2025-12-31,1,3c3b151aad3d007f2279cf5735d63f591623eff526770c425b726af0d950cfb2,3,sector,sector_1,Sector 1,juvenile_shooting_incidents,*Juv Shooting Incidents,year_to_date,percent_change,2025,2020,5,-75.0,-75%,,wilmington-compstat-v1,validated
year-end-compstat-2025-r1,year_end_compstat,2025-01-01,2025-12-31,1,3c3b151aad3d007f2279cf5735d63f591623eff526770c425b726af0d950cfb2,3,sector,sector_1,Sector 1,juvenile_shooting_incidents,*Juv Shooting Incidents,year_to_date,percent_change,2025,2019,6,-86.0,-86%,,wilmington-compstat-v1,validated
year-end-compstat-2025-r1,year_end_compstat,2025-01-01,2025-12-31,1,3c3b151aad3d007f2279cf5735d63f591623eff526770c425b726af0d950cfb2,3,sector,sector_1,Sector 1,juvenile_shooting_victims,*Juv Shooting Victims,last_7_days,count,2025,,,0,0,,wilmington-compstat-v1,validated
year-end-compstat-2025-r1,year_end_compstat,2025-01-01,2025-12-31,1,3c3b151aad3d007f2279cf5735d63f591623eff526770c425b726af0d950cfb2,3,sector,sector_1,Sector 1,juvenile_shooting_victims,*Juv Shooting Victims,last_7_days,count,2024,,,2,2,,wilmington-compstat-v1,validated
year-end-compstat-2025-r1,year_end_compstat,2025-01-01,2025-12-31,1,3c3b151aad3d007f2279cf5735d63f591623eff526770c425b726af0d950cfb2,3,sector,sector_1,Sector 1,juvenile_shooting_victims,*Juv Shooting Victims,last_7_days,percent_change,2025,2024,1,-100.0,-100%,,wilmington-compstat-v1,validated
year-end-compstat-2025-r1,year_end_compstat,2025-01-01,2025-12-31,1,3c3b151aad3d007f2279cf5735d63f591623eff526770c425b726af0d950cfb2,3,sector,sector_1,Sector 1,juvenile_shooting_victims,*Juv Shooting Victims,last_28_days,count,2025,,,0,0,,wilmington-compstat-v1,validated
year-end-compstat-2025-r1,year_end_compstat,2025-01-01,2025-12-31,1,3c3b151aad3d007f2279cf5735d63f591623eff526770c425b726af0d950cfb2,3,sector,sector_1,Sector 1,juvenile_shooting_victims,*Juv Shooting Victims,last_28_days,count,2024,,,2,2,,wilmington-compstat-v1,validated
year-end-compstat-2025-r1,year_end_compstat,2025-01-01,2025-12-31,1,3c3b151aad3d007f2279cf5735d63f591623eff526770c425b726af0d950cfb2,3,sector,sector_1,Sector 1,juvenile_shooting_victims,*Juv Shooting Victims,last_28_days,percent_change,2025,2024,1,-100.0,-100%,,wilmington-compstat-v1,validated
year-end-compstat-2025-r1,year_end_compstat,2025-01-01,2025-12-31,1,3c3b151aad3d007f2279cf5735d63f591623eff526770c425b726af0d950cfb2,3,sector,sector_1,Sector 1,juvenile_shooting_victims,*Juv Shooting Victims,year_to_date,count,2025,,,2,2,,wilmington-compstat-v1,validated
year-end-compstat-2025-r1,year_end_compstat,2025-01-01,2025-12-31,1,3c3b151aad3d007f2279cf5735d63f591623eff526770c425b726af0d950cfb2,3,sector,sector_1,Sector 1,juvenile_shooting_victims,*Juv Shooting Victims,year_to_date,count,2024,,,10,10,,wilmington-compstat-v1,validated
year-end-compstat-2025-r1,year_end_compstat,2025-01-01,2025-12-31,1,3c3b151aad3d007f2279cf5735d63f591623eff526770c425b726af0d950cfb2,3,sector,sector_1,Sector 1,juvenile_shooting_victims,*Juv Shooting Victims,year_to_date,percent_change,2025,2024,1,-80.0,-80%,,wilmington-compstat-v1,validated
year-end-compstat-2025-r1,year_end_compstat,2025-01-01,2025-12-31,1,3c3b151aad3d007f2279cf5735d63f591623eff526770c425b726af0d950cfb2,3,sector,sector_1,Sector 1,juvenile_shooting_victims,*Juv Shooting Victims,year_to_date,percent_change,2025,2023,2,-67.0,-67%,,wilmington-compstat-v1,validated
year-end-compstat-2025-r1,year_end_compstat,2025-01-01,2025-12-31,1,3c3b151aad3d007f2279cf5735d63f591623eff526770c425b726af0d950cfb2,3,sector,sector_1,Sector 1,juvenile_shooting_victims,*Juv Shooting Victims,year_to_date,percent_change,2025,2022,3,-75.0,-75%,,wilmington-compstat-v1,validated
year-end-compstat-2025-r1,year_end_compstat,2025-01-01,2025-12-31,1,3c3b151aad3d007f2279cf5735d63f591623eff526770c425b726af0d950cfb2,3,sector,sector_1,Sector 1,juvenile_shooting_victims,*Juv Shooting Victims,year_to_date,percent_change,2025,2021,4,-71.0,-71%,,wilmington-compstat-v1,validated
year-end-compstat-2025-r1,year_end_compstat,2025-01-01,2025-12-31,1,3c3b151aad3d007f2279cf5735d63f591623eff526770c425b726af0d950cfb2,3,sector,sector_1,Sector 1,juvenile_shooting_victims,*Juv Shooting Victims,year_to_date,percent_change,2025,2020,5,-78.0,-78%,,wilmington-compstat-v1,validated
year-end-compstat-2025-r1,year_end_compstat,2025-01-01,2025-12-31,1,3c3b151aad3d007f2279cf5735d63f591623eff526770c425b726af0d950cfb2,3,sector,sector_1,Sector 1,juvenile_shooting_victims,*Juv Shooting Victims,year_to_date,percent_change,2025,2019,6,-88.0,-88%,,wilmington-compstat-v1,validated
year-end-compstat-2025-r1,year_end_compstat,2025-01-01,2025-12-31,1,3c3b151aad3d007f2279cf5735d63f591623eff526770c425b726af0d950cfb2,3,sector,sector_1,Sector 1,misdemeanor_theft,Theft (Misdemeanor),last_7_days,count,2025,,,1,1,,wilmington-compstat-v1,validated
year-end-compstat-2025-r1,year_end_compstat,2025-01-01,2025-12-31,1,3c3b151aad3d007f2279cf5735d63f591623eff526770c425b726af0d950cfb2,3,sector,sector_1,Sector 1,misdemeanor_theft,Theft (Misdemeanor),last_7_days,count,2024,,,3,3,,wilmington-compstat-v1,validated
year-end-compstat-2025-r1,year_end_compstat,2025-01-01,2025-12-31,1,3c3b151aad3d007f2279cf5735d63f591623eff526770c425b726af0d950cfb2,3,sector,sector_1,Sector 1,misdemeanor_theft,Theft (Misdemeanor),last_7_days,percent_change,2025,2024,1,-67.0,-67%,,wilmington-compstat-v1,validated
year-end-compstat-2025-r1,year_end_compstat,2025-01-01,2025-12-31,1,3c3b151aad3d007f2279cf5735d63f591623eff526770c425b726af0d950cfb2,3,sector,sector_1,Sector 1,misdemeanor_theft,Theft (Misdemeanor),last_28_days,count,2025,,,15,15,,wilmington-compstat-v1,validated
year-end-compstat-2025-r1,year_end_compstat,2025-01-01,2025-12-31,1,3c3b151aad3d007f2279cf5735d63f591623eff526770c425b726af0d950cfb2,3,sector,sector_1,Sector 1,misdemeanor_theft,Theft (Misdemeanor),last_28_days,count,2024,,,16,16,,wilmington-compstat-v1,validated
year-end-compstat-2025-r1,year_end_compstat,2025-01-01,2025-12-31,1,3c3b151aad3d007f2279cf5735d63f591623eff526770c425b726af0d950cfb2,3,sector,sector_1,Sector 1,misdemeanor_theft,Theft (Misdemeanor),last_28_days,percent_change,2025,2024,1,-6.0,-6%,,wilmington-compstat-v1,validated
year-end-compstat-2025-r1,year_end_compstat,2025-01-01,2025-12-31,1,3c3b151aad3d007f2279cf5735d63f591623eff526770c425b726af0d950cfb2,3,sector,sector_1,Sector 1,misdemeanor_theft,Theft (Misdemeanor),year_to_date,count,2025,,,223,223,,wilmington-compstat-v1,validated
year-end-compstat-2025-r1,year_end_compstat,2025-01-01,2025-12-31,1,3c3b151aad3d007f2279cf5735d63f591623eff526770c425b726af0d950cfb2,3,sector,sector_1,Sector 1,misdemeanor_theft,Theft (Misdemeanor),year_to_date,count,2024,,,271,271,,wilmington-compstat-v1,validated
year-end-compstat-2025-r1,year_end_compstat,2025-01-01,2025-12-31,1,3c3b151aad3d007f2279cf5735d63f591623eff526770c425b726af0d950cfb2,3,sector,sector_1,Sector 1,misdemeanor_theft,Theft (Misdemeanor),year_to_date,percent_change,2025,2024,1,-18.0,-18%,,wilmington-compstat-v1,validated
year-end-compstat-2025-r1,year_end_compstat,2025-01-01,2025-12-31,1,3c3b151aad3d007f2279cf5735d63f591623eff526770c425b726af0d950cfb2,3,sector,sector_1,Sector 1,misdemeanor_theft,Theft (Misdemeanor),year_to_date,percent_change,2025,2023,2,-11.0,-11%,,wilmington-compstat-v1,validated
year-end-compstat-2025-r1,year_end_compstat,2025-01-01,2025-12-31,1,3c3b151aad3d007f2279cf5735d63f591623eff526770c425b726af0d950cfb2,3,sector,sector_1,Sector 1,misdemeanor_theft,Theft (Misdemeanor),year_to_date,percent_change,2025,2022,3,-25.0,-25%,,wilmington-compstat-v1,validated
year-end-compstat-2025-r1,year_end_compstat,2025-01-01,2025-12-31,1,3c3b151aad3d007f2279cf5735d63f591623eff526770c425b726af0d950cfb2,3,sector,sector_1,Sector 1,misdemeanor_theft,Theft (Misdemeanor),year_to_date,percent_change,2025,2021,4,-26.0,-26%,,wilmington-compstat-v1,validated
year-end-compstat-2025-r1,year_end_compstat,2025-01-01,2025-12-31,1,3c3b151aad3d007f2279cf5735d63f591623eff526770c425b726af0d950cfb2,3,sector,sector_1,Sector 1,misdemeanor_theft,Theft (Misdemeanor),year_to_date,percent_change,2025,2020,5,-31.0,-31%,,wilmington-compstat-v1,validated
year-end-compstat-2025-r1,year_end_compstat,2025-01-01,2025-12-31,1,3c3b151aad3d007f2279cf5735d63f591623eff526770c425b726af0d950cfb2,3,sector,sector_1,Sector 1,misdemeanor_theft,Theft (Misdemeanor),year_to_date,percent_change,2025,2019,6,-37.0,-37%,,wilmington-compstat-v1,validated
year-end-compstat-2025-r1,year_end_compstat,2025-01-01,2025-12-31,1,3c3b151aad3d007f2279cf5735d63f591623eff526770c425b726af0d950cfb2,5,district,district_12,District 12,murder,Murder,last_7_days,count,2025,,,0,0,,wilmington-compstat-v1,validated
year-end-compstat-2025-r1,year_end_compstat,2025-01-01,2025-12-31,1,3c3b151aad3d007f2279cf5735d63f591623eff526770c425b726af0d950cfb2,5,district,district_12,District 12,murder,Murder,last_7_days,count,2024,,,0,0,,wilmington-compstat-v1,validated
year-end-compstat-2025-r1,year_end_compstat,2025-01-01,2025-12-31,1,3c3b151aad3d007f2279cf5735d63f591623eff526770c425b726af0d950cfb2,5,district,district_12,District 12,murder,Murder,last_7_days,percent_change,2025,2024,1,,*,undefined_zero_denominator,wilmington-compstat-v1,validated
year-end-compstat-2025-r1,year_end_compstat,2025-01-01,2025-12-31,1,3c3b151aad3d007f2279cf5735d63f591623eff526770c425b726af0d950cfb2,5,district,district_12,District 12,murder,Murder,last_28_days,count,2025,,,0,0,,wilmington-compstat-v1,validated
year-end-compstat-2025-r1,year_end_compstat,2025-01-01,2025-12-31,1,3c3b151aad3d007f2279cf5735d63f591623eff526770c425b726af0d950cfb2,5,district,district_12,District 12,murder,Murder,last_28_days,count,2024,,,0,0,,wilmington-compstat-v1,validated
year-end-compstat-2025-r1,year_end_compstat,2025-01-01,2025-12-31,1,3c3b151aad3d007f2279cf5735d63f591623eff526770c425b726af0d950cfb2,5,district,district_12,District 12,murder,Murder,last_28_days,percent_change,2025,2024,1,,*,undefined_zero_denominator,wilmington-compstat-v1,validated
year-end-compstat-2025-r1,year_end_compstat,2025-01-01,2025-12-31,1,3c3b151aad3d007f2279cf5735d63f591623eff526770c425b726af0d950cfb2,5,district,district_12,District 12,murder,Murder,year_to_date,count,2025,,,1,1,,wilmington-compstat-v1,validated
year-end-compstat-2025-r1,year_end_compstat,2025-01-01,2025-12-31,1,3c3b151aad3d007f2279cf5735d63f591623eff526770c425b726af0d950cfb2,5,district,district_12,District 12,murder,Murder,year_to_date,count,2024,,,1,1,,wilmington-compstat-v1,validated
year-end-compstat-2025-r1,year_end_compstat,2025-01-01,2025-12-31,1,3c3b151aad3d007f2279cf5735d63f591623eff526770c425b726af0d950cfb2,5,district,district_12,District 12,murder,Murder,year_to_date,percent_change,2025,2024,1,0.0,0%,,wilmington-compstat-v1,validated
year-end-compstat-2025-r1,year_end_compstat,2025-01-01,2025-12-31,1,3c3b151aad3d007f2279cf5735d63f591623eff526770c425b726af0d950cfb2,5,district,district_12,District 12,murder,Murder,year_to_date,percent_change,2025,2023,2,-50.0,-50%,,wilmington-compstat-v1,validated
year-end-compstat-2025-r1,year_end_compstat,2025-01-01,2025-12-31,1,3c3b151aad3d007f2279cf5735d63f591623eff526770c425b726af0d950cfb2,5,district,district_12,District 12,murder,Murder,year_to_date,percent_change,2025,2022,3,0.0,0%,,wilmington-compstat-v1,validated
year-end-compstat-2025-r1,year_end_compstat,2025-01-01,2025-12-31,1,3c3b151aad3d007f2279cf5735d63f591623eff526770c425b726af0d950cfb2,5,district,district_12,District 12,murder,Murder,year_to_date,percent_change,2025,2021,4,-67.0,-67%,,wilmington-compstat-v1,validated
year-end-compstat-2025-r1,year_end_compstat,2025-01-01,2025-12-31,1,3c3b151aad3d007f2279cf5735d63f591623eff526770c425b726af0d950cfb2,5,district,district_12,District 12,murder,Murder,year_to_date,percent_change,2025,2020,5,0.0,0%,,wilmington-compstat-v1,validated
year-end-compstat-2025-r1,year_end_compstat,2025-01-01,2025-12-31,1,3c3b151aad3d007f2279cf5735d63f591623eff526770c425b726af0d950cfb2,5,district,district_12,District 12,murder,Murder,year_to_date,percent_change,2025,2019,6,0.0,0%,,wilmington-compstat-v1,validated
year-end-compstat-2025-r1,year_end_compstat,2025-01-01,2025-12-31,1,3c3b151aad3d007f2279cf5735d63f591623eff526770c425b726af0d950cfb2,5,district,district_12,District 12,rape,Rape,last_7_days,count,2025,,,0,0,,wilmington-compstat-v1,validated
year-end-compstat-2025-r1,year_end_compstat,2025-01-01,2025-12-31,1,3c3b151aad3d007f2279cf5735d63f591623eff526770c425b726af0d950cfb2,5,district,district_12,District 12,rape,Rape,last_7_days,count,2024,,,0,0,,wilmington-compstat-v1,validated
year-end-compstat-2025-r1,year_end_compstat,2025-01-01,2025-12-31,1,3c3b151aad3d007f2279cf5735d63f591623eff526770c425b726af0d950cfb2,5,district,district_12,District 12,rape,Rape,last_7_days,percent_change,2025,2024,1,,*,undefined_zero_denominator,wilmington-compstat-v1,validated
year-end-compstat-2025-r1,year_end_compstat,2025-01-01,2025-12-31,1,3c3b151aad3d007f2279cf5735d63f591623eff526770c425b726af0d950cfb2,5,district,district_12,District 12,rape,Rape,last_28_days,count,2025,,,0,0,,wilmington-compstat-v1,validated
year-end-compstat-2025-r1,year_end_compstat,2025-01-01,2025-12-31,1,3c3b151aad3d007f2279cf5735d63f591623eff526770c425b726af0d950cfb2,5,district,district_12,District 12,rape,Rape,last_28_days,count,2024,,,0,0,,wilmington-compstat-v1,validated
year-end-compstat-2025-r1,year_end_compstat,2025-01-01,2025-12-31,1,3c3b151aad3d007f2279cf5735d63f591623eff526770c425b726af0d950cfb2,5,district,district_12,District 12,rape,Rape,last_28_days,percent_change,2025,2024,1,,*,undefined_zero_denominator,wilmington-compstat-v1,validated
year-end-compstat-2025-r1,year_end_compstat,2025-01-01,2025-12-31,1,3c3b151aad3d007f2279cf5735d63f591623eff526770c425b726af0d950cfb2,5,district,district_12,District 12,rape,Rape,year_to_date,count,2025,,,0,0,,wilmington-compstat-v1,validated
year-end-compstat-2025-r1,year_end_compstat,2025-01-01,2025-12-31,1,3c3b151aad3d007f2279cf5735d63f591623eff526770c425b726af0d950cfb2,5,district,district_12,District 12,rape,Rape,year_to_date,count,2024,,,0,0,,wilmington-compstat-v1,validated
year-end-compstat-2025-r1,year_end_compstat,2025-01-01,2025-12-31,1,3c3b151aad3d007f2279cf5735d63f591623eff526770c425b726af0d950cfb2,5,district,district_12,District 12,rape,Rape,year_to_date,percent_change,2025,2024,1,,*,undefined_zero_denominator,wilmington-compstat-v1,validated
year-end-compstat-2025-r1,year_end_compstat,2025-01-01,2025-12-31,1,3c3b151aad3d007f2279cf5735d63f591623eff526770c425b726af0d950cfb2,5,district,district_12,District 12,rape,Rape,year_to_date,percent_change,2025,2023,2,,*,undefined_zero_denominator,wilmington-compstat-v1,validated
year-end-compstat-2025-r1,year_end_compstat,2025-01-01,2025-12-31,1,3c3b151aad3d007f2279cf5735d63f591623eff526770c425b726af0d950cfb2,5,district,district_12,District 12,rape,Rape,year_to_date,percent_change,2025,2022,3,,*,undefined_zero_denominator,wilmington-compstat-v1,validated
year-end-compstat-2025-r1,year_end_compstat,2025-01-01,2025-12-31,1,3c3b151aad3d007f2279cf5735d63f591623eff526770c425b726af0d950cfb2,5,district,district_12,District 12,rape,Rape,year_to_date,percent_change,2025,2021,4,,*,undefined_zero_denominator,wilmington-compstat-v1,validated
year-end-compstat-2025-r1,year_end_compstat,2025-01-01,2025-12-31,1,3c3b151aad3d007f2279cf5735d63f591623eff526770c425b726af0d950cfb2,5,district,district_12,District 12,rape,Rape,year_to_date,percent_change,2025,2020,5,,*,undefined_zero_denominator,wilmington-compstat-v1,validated
year-end-compstat-2025-r1,year_end_compstat,2025-01-01,2025-12-31,1,3c3b151aad3d007f2279cf5735d63f591623eff526770c425b726af0d950cfb2,5,district,district_12,District 12,rape,Rape,year_to_date,percent_change,2025,2019,6,-100.0,-100%,,wilmington-compstat-v1,validated
year-end-compstat-2025-r1,year_end_compstat,2025-01-01,2025-12-31,1,3c3b151aad3d007f2279cf5735d63f591623eff526770c425b726af0d950cfb2,5,district,district_12,District 12,robbery,Robbery,last_7_days,count,2025,,,0,0,,wilmington-compstat-v1,validated
year-end-compstat-2025-r1,year_end_compstat,2025-01-01,2025-12-31,1,3c3b151aad3d007f2279cf5735d63f591623eff526770c425b726af0d950cfb2,5,district,district_12,District 12,robbery,Robbery,last_7_days,count,2024,,,0,0,,wilmington-compstat-v1,validated
year-end-compstat-2025-r1,year_end_compstat,2025-01-01,2025-12-31,1,3c3b151aad3d007f2279cf5735d63f591623eff526770c425b726af0d950cfb2,5,district,district_12,District 12,robbery,Robbery,last_7_days,percent_change,2025,2024,1,,*,undefined_zero_denominator,wilmington-compstat-v1,validated
year-end-compstat-2025-r1,year_end_compstat,2025-01-01,2025-12-31,1,3c3b151aad3d007f2279cf5735d63f591623eff526770c425b726af0d950cfb2,5,district,district_12,District 12,robbery,Robbery,last_28_days,count,2025,,,0,0,,wilmington-compstat-v1,validated
year-end-compstat-2025-r1,year_end_compstat,2025-01-01,2025-12-31,1,3c3b151aad3d007f2279cf5735d63f591623eff526770c425b726af0d950cfb2,5,district,district_12,District 12,robbery,Robbery,last_28_days,count,2024,,,0,0,,wilmington-compstat-v1,validated
year-end-compstat-2025-r1,year_end_compstat,2025-01-01,2025-12-31,1,3c3b151aad3d007f2279cf5735d63f591623eff526770c425b726af0d950cfb2,5,district,district_12,District 12,robbery,Robbery,last_28_days,percent_change,2025,2024,1,,*,undefined_zero_denominator,wilmington-compstat-v1,validated
year-end-compstat-2025-r1,year_end_compstat,2025-01-01,2025-12-31,1,3c3b151aad3d007f2279cf5735d63f591623eff526770c425b726af0d950cfb2,5,district,district_12,District 12,robbery,Robbery,year_to_date,count,2025,,,2,2,,wilmington-compstat-v1,validated
year-end-compstat-2025-r1,year_end_compstat,2025-01-01,2025-12-31,1,3c3b151aad3d007f2279cf5735d63f591623eff526770c425b726af0d950cfb2,5,district,district_12,District 12,robbery,Robbery,year_to_date,count,2024,,,12,12,,wilmington-compstat-v1,validated
year-end-compstat-2025-r1,year_end_compstat,2025-01-01,2025-12-31,1,3c3b151aad3d007f2279cf5735d63f591623eff526770c425b726af0d950cfb2,5,district,district_12,District 12,robbery,Robbery,year_to_date,percent_change,2025,2024,1,-83.0,-83%,,wilmington-compstat-v1,validated
year-end-compstat-2025-r1,year_end_compstat,2025-01-01,2025-12-31,1,3c3b151aad3d007f2279cf5735d63f591623eff526770c425b726af0d950cfb2,5,district,district_12,District 12,robbery,Robbery,year_to_date,percent_change,2025,2023,2,-82.0,-82%,,wilmington-compstat-v1,validated
year-end-compstat-2025-r1,year_end_compstat,2025-01-01,2025-12-31,1,3c3b151aad3d007f2279cf5735d63f591623eff526770c425b726af0d950cfb2,5,district,district_12,District 12,robbery,Robbery,year_to_date,percent_change,2025,2022,3,,*,undefined_zero_denominator,wilmington-compstat-v1,validated
year-end-compstat-2025-r1,year_end_compstat,2025-01-01,2025-12-31,1,3c3b151aad3d007f2279cf5735d63f591623eff526770c425b726af0d950cfb2,5,district,district_12,District 12,robbery,Robbery,year_to_date,percent_change,2025,2021,4,-82.0,-82%,,wilmington-compstat-v1,validated
year-end-compstat-2025-r1,year_end_compstat,2025-01-01,2025-12-31,1,3c3b151aad3d007f2279cf5735d63f591623eff526770c425b726af0d950cfb2,5,district,district_12,District 12,robbery,Robbery,year_to_date,percent_change,2025,2020,5,-75.0,-75%,,wilmington-compstat-v1,validated
year-end-compstat-2025-r1,year_end_compstat,2025-01-01,2025-12-31,1,3c3b151aad3d007f2279cf5735d63f591623eff526770c425b726af0d950cfb2,5,district,district_12,District 12,robbery,Robbery,year_to_date,percent_change,2025,2019,6,-89.0,-89%,,wilmington-compstat-v1,validated
year-end-compstat-2025-r1,year_end_compstat,2025-01-01,2025-12-31,1,3c3b151aad3d007f2279cf5735d63f591623eff526770c425b726af0d950cfb2,5,district,district_12,District 12,aggravated_assault,Agg. Assault,last_7_days,count,2025,,,0,0,,wilmington-compstat-v1,validated
year-end-compstat-2025-r1,year_end_compstat,2025-01-01,2025-12-31,1,3c3b151aad3d007f2279cf5735d63f591623eff526770c425b726af0d950cfb2,5,district,district_12,District 12,aggravated_assault,Agg. Assault,last_7_days,count,2024,,,1,1,,wilmington-compstat-v1,validated
year-end-compstat-2025-r1,year_end_compstat,2025-01-01,2025-12-31,1,3c3b151aad3d007f2279cf5735d63f591623eff526770c425b726af0d950cfb2,5,district,district_12,District 12,aggravated_assault,Agg. Assault,last_7_days,percent_change,2025,2024,1,-100.0,-100%,,wilmington-compstat-v1,validated
year-end-compstat-2025-r1,year_end_compstat,2025-01-01,2025-12-31,1,3c3b151aad3d007f2279cf5735d63f591623eff526770c425b726af0d950cfb2,5,district,district_12,District 12,aggravated_assault,Agg. Assault,last_28_days,count,2025,,,0,0,,wilmington-compstat-v1,validated
year-end-compstat-2025-r1,year_end_compstat,2025-01-01,2025-12-31,1,3c3b151aad3d007f2279cf5735d63f591623eff526770c425b726af0d950cfb2,5,district,district_12,District 12,aggravated_assault,Agg. Assault,last_28_days,count,2024,,,1,1,,wilmington-compstat-v1,validated
year-end-compstat-2025-r1,year_end_compstat,2025-01-01,2025-12-31,1,3c3b151aad3d007f2279cf5735d63f591623eff526770c425b726af0d950cfb2,5,district,district_12,District 12,aggravated_assault,Agg. Assault,last_28_days,percent_change,2025,2024,1,-100.0,-100%,,wilmington-compstat-v1,validated
year-end-compstat-2025-r1,year_end_compstat,2025-01-01,2025-12-31,1,3c3b151aad3d007f2279cf5735d63f591623eff526770c425b726af0d950cfb2,5,district,district_12,District 12,aggravated_assault,Agg. Assault,year_to_date,count,2025,,,6,6,,wilmington-compstat-v1,validated
year-end-compstat-2025-r1,year_end_compstat,2025-01-01,2025-12-31,1,3c3b151aad3d007f2279cf5735d63f591623eff526770c425b726af0d950cfb2,5,district,district_12,District 12,aggravated_assault,Agg. Assault,year_to_date,count,2024,,,6,6,,wilmington-compstat-v1,validated
year-end-compstat-2025-r1,year_end_compstat,2025-01-01,2025-12-31,1,3c3b151aad3d007f2279cf5735d63f591623eff526770c425b726af0d950cfb2,5,district,district_12,District 12,aggravated_assault,Agg. Assault,year_to_date,percent_change,2025,2024,1,0.0,0%,,wilmington-compstat-v1,validated
year-end-compstat-2025-r1,year_end_compstat,2025-01-01,2025-12-31,1,3c3b151aad3d007f2279cf5735d63f591623eff526770c425b726af0d950cfb2,5,district,district_12,District 12,aggravated_assault,Agg. Assault,year_to_date,percent_change,2025,2023,2,-73.0,-73%,,wilmington-compstat-v1,validated
year-end-compstat-2025-r1,year_end_compstat,2025-01-01,2025-12-31,1,3c3b151aad3d007f2279cf5735d63f591623eff526770c425b726af0d950cfb2,5,district,district_12,District 12,aggravated_assault,Agg. Assault,year_to_date,percent_change,2025,2022,3,-45.0,-45%,,wilmington-compstat-v1,validated
year-end-compstat-2025-r1,year_end_compstat,2025-01-01,2025-12-31,1,3c3b151aad3d007f2279cf5735d63f591623eff526770c425b726af0d950cfb2,5,district,district_12,District 12,aggravated_assault,Agg. Assault,year_to_date,percent_change,2025,2021,4,-67.0,-67%,,wilmington-compstat-v1,validated
year-end-compstat-2025-r1,year_end_compstat,2025-01-01,2025-12-31,1,3c3b151aad3d007f2279cf5735d63f591623eff526770c425b726af0d950cfb2,5,district,district_12,District 12,aggravated_assault,Agg. Assault,year_to_date,percent_change,2025,2020,5,-75.0,-75%,,wilmington-compstat-v1,validated
year-end-compstat-2025-r1,year_end_compstat,2025-01-01,2025-12-31,1,3c3b151aad3d007f2279cf5735d63f591623eff526770c425b726af0d950cfb2,5,district,district_12,District 12,aggravated_assault,Agg. Assault,year_to_date,percent_change,2025,2019,6,-79.0,-79%,,wilmington-compstat-v1,validated
year-end-compstat-2025-r1,year_end_compstat,2025-01-01,2025-12-31,1,3c3b151aad3d007f2279cf5735d63f591623eff526770c425b726af0d950cfb2,5,district,district_12,District 12,burglary,Burglary,last_7_days,count,2025,,,0,0,,wilmington-compstat-v1,validated
year-end-compstat-2025-r1,year_end_compstat,2025-01-01,2025-12-31,1,3c3b151aad3d007f2279cf5735d63f591623eff526770c425b726af0d950cfb2,5,district,district_12,District 12,burglary,Burglary,last_7_days,count,2024,,,0,0,,wilmington-compstat-v1,validated
year-end-compstat-2025-r1,year_end_compstat,2025-01-01,2025-12-31,1,3c3b151aad3d007f2279cf5735d63f591623eff526770c425b726af0d950cfb2,5,district,district_12,District 12,burglary,Burglary,last_7_days,percent_change,2025,2024,1,,*,undefined_zero_denominator,wilmington-compstat-v1,validated
year-end-compstat-2025-r1,year_end_compstat,2025-01-01,2025-12-31,1,3c3b151aad3d007f2279cf5735d63f591623eff526770c425b726af0d950cfb2,5,district,district_12,District 12,burglary,Burglary,last_28_days,count,2025,,,1,1,,wilmington-compstat-v1,validated
year-end-compstat-2025-r1,year_end_compstat,2025-01-01,2025-12-31,1,3c3b151aad3d007f2279cf5735d63f591623eff526770c425b726af0d950cfb2,5,district,district_12,District 12,burglary,Burglary,last_28_days,count,2024,,,5,5,,wilmington-compstat-v1,validated
year-end-compstat-2025-r1,year_end_compstat,2025-01-01,2025-12-31,1,3c3b151aad3d007f2279cf5735d63f591623eff526770c425b726af0d950cfb2,5,district,district_12,District 12,burglary,Burglary,last_28_days,percent_change,2025,2024,1,-80.0,-80%,,wilmington-compstat-v1,validated
year-end-compstat-2025-r1,year_end_compstat,2025-01-01,2025-12-31,1,3c3b151aad3d007f2279cf5735d63f591623eff526770c425b726af0d950cfb2,5,district,district_12,District 12,burglary,Burglary,year_to_date,count,2025,,,11,11,,wilmington-compstat-v1,validated
year-end-compstat-2025-r1,year_end_compstat,2025-01-01,2025-12-31,1,3c3b151aad3d007f2279cf5735d63f591623eff526770c425b726af0d950cfb2,5,district,district_12,District 12,burglary,Burglary,year_to_date,count,2024,,,14,14,,wilmington-compstat-v1,validated
year-end-compstat-2025-r1,year_end_compstat,2025-01-01,2025-12-31,1,3c3b151aad3d007f2279cf5735d63f591623eff526770c425b726af0d950cfb2,5,district,district_12,District 12,burglary,Burglary,year_to_date,percent_change,2025,2024,1,-21.0,-21%,,wilmington-compstat-v1,validated
year-end-compstat-2025-r1,year_end_compstat,2025-01-01,2025-12-31,1,3c3b151aad3d007f2279cf5735d63f591623eff526770c425b726af0d950cfb2,5,district,district_12,District 12,burglary,Burglary,year_to_date,percent_change,2025,2023,2,-39.0,-39%,,wilmington-compstat-v1,validated
year-end-compstat-2025-r1,year_end_compstat,2025-01-01,2025-12-31,1,3c3b151aad3d007f2279cf5735d63f591623eff526770c425b726af0d950cfb2,5,district,district_12,District 12,burglary,Burglary,year_to_date,percent_change,2025,2022,3,-42.0,-42%,,wilmington-compstat-v1,validated
year-end-compstat-2025-r1,year_end_compstat,2025-01-01,2025-12-31,1,3c3b151aad3d007f2279cf5735d63f591623eff526770c425b726af0d950cfb2,5,district,district_12,District 12,burglary,Burglary,year_to_date,percent_change,2025,2021,4,-15.0,-15%,,wilmington-compstat-v1,validated
year-end-compstat-2025-r1,year_end_compstat,2025-01-01,2025-12-31,1,3c3b151aad3d007f2279cf5735d63f591623eff526770c425b726af0d950cfb2,5,district,district_12,District 12,burglary,Burglary,year_to_date,percent_change,2025,2020,5,-42.0,-42%,,wilmington-compstat-v1,validated
year-end-compstat-2025-r1,year_end_compstat,2025-01-01,2025-12-31,1,3c3b151aad3d007f2279cf5735d63f591623eff526770c425b726af0d950cfb2,5,district,district_12,District 12,burglary,Burglary,year_to_date,percent_change,2025,2019,6,-45.0,-45%,,wilmington-compstat-v1,validated
year-end-compstat-2025-r1,year_end_compstat,2025-01-01,2025-12-31,1,3c3b151aad3d007f2279cf5735d63f591623eff526770c425b726af0d950cfb2,5,district,district_12,District 12,felony_theft,Felony Theft,last_7_days,count,2025,,,0,0,,wilmington-compstat-v1,validated
year-end-compstat-2025-r1,year_end_compstat,2025-01-01,2025-12-31,1,3c3b151aad3d007f2279cf5735d63f591623eff526770c425b726af0d950cfb2,5,district,district_12,District 12,felony_theft,Felony Theft,last_7_days,count,2024,,,0,0,,wilmington-compstat-v1,validated
year-end-compstat-2025-r1,year_end_compstat,2025-01-01,2025-12-31,1,3c3b151aad3d007f2279cf5735d63f591623eff526770c425b726af0d950cfb2,5,district,district_12,District 12,felony_theft,Felony Theft,last_7_days,percent_change,2025,2024,1,,*,undefined_zero_denominator,wilmington-compstat-v1,validated
year-end-compstat-2025-r1,year_end_compstat,2025-01-01,2025-12-31,1,3c3b151aad3d007f2279cf5735d63f591623eff526770c425b726af0d950cfb2,5,district,district_12,District 12,felony_theft,Felony Theft,last_28_days,count,2025,,,0,0,,wilmington-compstat-v1,validated
year-end-compstat-2025-r1,year_end_compstat,2025-01-01,2025-12-31,1,3c3b151aad3d007f2279cf5735d63f591623eff526770c425b726af0d950cfb2,5,district,district_12,District 12,felony_theft,Felony Theft,last_28_days,count,2024,,,1,1,,wilmington-compstat-v1,validated
year-end-compstat-2025-r1,year_end_compstat,2025-01-01,2025-12-31,1,3c3b151aad3d007f2279cf5735d63f591623eff526770c425b726af0d950cfb2,5,district,district_12,District 12,felony_theft,Felony Theft,last_28_days,percent_change,2025,2024,1,-100.0,-100%,,wilmington-compstat-v1,validated
year-end-compstat-2025-r1,year_end_compstat,2025-01-01,2025-12-31,1,3c3b151aad3d007f2279cf5735d63f591623eff526770c425b726af0d950cfb2,5,district,district_12,District 12,felony_theft,Felony Theft,year_to_date,count,2025,,,4,4,,wilmington-compstat-v1,validated
year-end-compstat-2025-r1,year_end_compstat,2025-01-01,2025-12-31,1,3c3b151aad3d007f2279cf5735d63f591623eff526770c425b726af0d950cfb2,5,district,district_12,District 12,felony_theft,Felony Theft,year_to_date,count,2024,,,10,10,,wilmington-compstat-v1,validated
year-end-compstat-2025-r1,year_end_compstat,2025-01-01,2025-12-31,1,3c3b151aad3d007f2279cf5735d63f591623eff526770c425b726af0d950cfb2,5,district,district_12,District 12,felony_theft,Felony Theft,year_to_date,percent_change,2025,2024,1,-60.0,-60%,,wilmington-compstat-v1,validated
year-end-compstat-2025-r1,year_end_compstat,2025-01-01,2025-12-31,1,3c3b151aad3d007f2279cf5735d63f591623eff526770c425b726af0d950cfb2,5,district,district_12,District 12,felony_theft,Felony Theft,year_to_date,percent_change,2025,2023,2,-67.0,-67%,,wilmington-compstat-v1,validated
year-end-compstat-2025-r1,year_end_compstat,2025-01-01,2025-12-31,1,3c3b151aad3d007f2279cf5735d63f591623eff526770c425b726af0d950cfb2,5,district,district_12,District 12,felony_theft,Felony Theft,year_to_date,percent_change,2025,2022,3,-75.0,-75%,,wilmington-compstat-v1,validated
year-end-compstat-2025-r1,year_end_compstat,2025-01-01,2025-12-31,1,3c3b151aad3d007f2279cf5735d63f591623eff526770c425b726af0d950cfb2,5,district,district_12,District 12,felony_theft,Felony Theft,year_to_date,percent_change,2025,2021,4,-71.0,-71%,,wilmington-compstat-v1,validated
year-end-compstat-2025-r1,year_end_compstat,2025-01-01,2025-12-31,1,3c3b151aad3d007f2279cf5735d63f591623eff526770c425b726af0d950cfb2,5,district,district_12,District 12,felony_theft,Felony Theft,year_to_date,percent_change,2025,2020,5,-20.0,-20%,,wilmington-compstat-v1,validated
year-end-compstat-2025-r1,year_end_compstat,2025-01-01,2025-12-31,1,3c3b151aad3d007f2279cf5735d63f591623eff526770c425b726af0d950cfb2,5,district,district_12,District 12,felony_theft,Felony Theft,year_to_date,percent_change,2025,2019,6,-69.0,-69%,,wilmington-compstat-v1,validated
year-end-compstat-2025-r1,year_end_compstat,2025-01-01,2025-12-31,1,3c3b151aad3d007f2279cf5735d63f591623eff526770c425b726af0d950cfb2,5,district,district_12,District 12,auto_theft,Auto Theft,last_7_days,count,2025,,,0,0,,wilmington-compstat-v1,validated
year-end-compstat-2025-r1,year_end_compstat,2025-01-01,2025-12-31,1,3c3b151aad3d007f2279cf5735d63f591623eff526770c425b726af0d950cfb2,5,district,district_12,District 12,auto_theft,Auto Theft,last_7_days,count,2024,,,0,0,,wilmington-compstat-v1,validated
year-end-compstat-2025-r1,year_end_compstat,2025-01-01,2025-12-31,1,3c3b151aad3d007f2279cf5735d63f591623eff526770c425b726af0d950cfb2,5,district,district_12,District 12,auto_theft,Auto Theft,last_7_days,percent_change,2025,2024,1,,*,undefined_zero_denominator,wilmington-compstat-v1,validated
year-end-compstat-2025-r1,year_end_compstat,2025-01-01,2025-12-31,1,3c3b151aad3d007f2279cf5735d63f591623eff526770c425b726af0d950cfb2,5,district,district_12,District 12,auto_theft,Auto Theft,last_28_days,count,2025,,,0,0,,wilmington-compstat-v1,validated
year-end-compstat-2025-r1,year_end_compstat,2025-01-01,2025-12-31,1,3c3b151aad3d007f2279cf5735d63f591623eff526770c425b726af0d950cfb2,5,district,district_12,District 12,auto_theft,Auto Theft,last_28_days,count,2024,,,1,1,,wilmington-compstat-v1,validated
year-end-compstat-2025-r1,year_end_compstat,2025-01-01,2025-12-31,1,3c3b151aad3d007f2279cf5735d63f591623eff526770c425b726af0d950cfb2,5,district,district_12,District 12,auto_theft,Auto Theft,last_28_days,percent_change,2025,2024,1,-100.0,-100%,,wilmington-compstat-v1,validated
year-end-compstat-2025-r1,year_end_compstat,2025-01-01,2025-12-31,1,3c3b151aad3d007f2279cf5735d63f591623eff526770c425b726af0d950cfb2,5,district,district_12,District 12,auto_theft,Auto Theft,year_to_date,count,2025,,,10,10,,wilmington-compstat-v1,validated
year-end-compstat-2025-r1,year_end_compstat,2025-01-01,2025-12-31,1,3c3b151aad3d007f2279cf5735d63f591623eff526770c425b726af0d950cfb2,5,district,district_12,District 12,auto_theft,Auto Theft,year_to_date,count,2024,,,17,17,,wilmington-compstat-v1,validated
year-end-compstat-2025-r1,year_end_compstat,2025-01-01,2025-12-31,1,3c3b151aad3d007f2279cf5735d63f591623eff526770c425b726af0d950cfb2,5,district,district_12,District 12,auto_theft,Auto Theft,year_to_date,percent_change,2025,2024,1,-41.0,-41%,,wilmington-compstat-v1,validated
year-end-compstat-2025-r1,year_end_compstat,2025-01-01,2025-12-31,1,3c3b151aad3d007f2279cf5735d63f591623eff526770c425b726af0d950cfb2,5,district,district_12,District 12,auto_theft,Auto Theft,year_to_date,percent_change,2025,2023,2,0.0,0%,,wilmington-compstat-v1,validated
year-end-compstat-2025-r1,year_end_compstat,2025-01-01,2025-12-31,1,3c3b151aad3d007f2279cf5735d63f591623eff526770c425b726af0d950cfb2,5,district,district_12,District 12,auto_theft,Auto Theft,year_to_date,percent_change,2025,2022,3,-44.0,-44%,,wilmington-compstat-v1,validated
year-end-compstat-2025-r1,year_end_compstat,2025-01-01,2025-12-31,1,3c3b151aad3d007f2279cf5735d63f591623eff526770c425b726af0d950cfb2,5,district,district_12,District 12,auto_theft,Auto Theft,year_to_date,percent_change,2025,2021,4,-60.0,-60%,,wilmington-compstat-v1,validated
year-end-compstat-2025-r1,year_end_compstat,2025-01-01,2025-12-31,1,3c3b151aad3d007f2279cf5735d63f591623eff526770c425b726af0d950cfb2,5,district,district_12,District 12,auto_theft,Auto Theft,year_to_date,percent_change,2025,2020,5,-29.0,-29%,,wilmington-compstat-v1,validated
year-end-compstat-2025-r1,year_end_compstat,2025-01-01,2025-12-31,1,3c3b151aad3d007f2279cf5735d63f591623eff526770c425b726af0d950cfb2,5,district,district_12,District 12,auto_theft,Auto Theft,year_to_date,percent_change,2025,2019,6,-41.0,-41%,,wilmington-compstat-v1,validated
year-end-compstat-2025-r1,year_end_compstat,2025-01-01,2025-12-31,1,3c3b151aad3d007f2279cf5735d63f591623eff526770c425b726af0d950cfb2,5,district,district_12,District 12,major_crime_total,TOTAL,last_7_days,count,2025,,,0,0,,wilmington-compstat-v1,validated
year-end-compstat-2025-r1,year_end_compstat,2025-01-01,2025-12-31,1,3c3b151aad3d007f2279cf5735d63f591623eff526770c425b726af0d950cfb2,5,district,district_12,District 12,major_crime_total,TOTAL,last_7_days,count,2024,,,1,1,,wilmington-compstat-v1,validated
year-end-compstat-2025-r1,year_end_compstat,2025-01-01,2025-12-31,1,3c3b151aad3d007f2279cf5735d63f591623eff526770c425b726af0d950cfb2,5,district,district_12,District 12,major_crime_total,TOTAL,last_7_days,percent_change,2025,2024,1,-100.0,-100%,,wilmington-compstat-v1,validated
year-end-compstat-2025-r1,year_end_compstat,2025-01-01,2025-12-31,1,3c3b151aad3d007f2279cf5735d63f591623eff526770c425b726af0d950cfb2,5,district,district_12,District 12,major_crime_total,TOTAL,last_28_days,count,2025,,,1,1,,wilmington-compstat-v1,validated
year-end-compstat-2025-r1,year_end_compstat,2025-01-01,2025-12-31,1,3c3b151aad3d007f2279cf5735d63f591623eff526770c425b726af0d950cfb2,5,district,district_12,District 12,major_crime_total,TOTAL,last_28_days,count,2024,,,8,8,,wilmington-compstat-v1,validated
year-end-compstat-2025-r1,year_end_compstat,2025-01-01,2025-12-31,1,3c3b151aad3d007f2279cf5735d63f591623eff526770c425b726af0d950cfb2,5,district,district_12,District 12,major_crime_total,TOTAL,last_28_days,percent_change,2025,2024,1,-88.0,-88%,,wilmington-compstat-v1,validated
year-end-compstat-2025-r1,year_end_compstat,2025-01-01,2025-12-31,1,3c3b151aad3d007f2279cf5735d63f591623eff526770c425b726af0d950cfb2,5,district,district_12,District 12,major_crime_total,TOTAL,year_to_date,count,2025,,,34,34,,wilmington-compstat-v1,validated
year-end-compstat-2025-r1,year_end_compstat,2025-01-01,2025-12-31,1,3c3b151aad3d007f2279cf5735d63f591623eff526770c425b726af0d950cfb2,5,district,district_12,District 12,major_crime_total,TOTAL,year_to_date,count,2024,,,60,60,,wilmington-compstat-v1,validated
year-end-compstat-2025-r1,year_end_compstat,2025-01-01,2025-12-31,1,3c3b151aad3d007f2279cf5735d63f591623eff526770c425b726af0d950cfb2,5,district,district_12,District 12,major_crime_total,TOTAL,year_to_date,percent_change,2025,2024,1,-43.0,-43%,,wilmington-compstat-v1,validated
year-end-compstat-2025-r1,year_end_compstat,2025-01-01,2025-12-31,1,3c3b151aad3d007f2279cf5735d63f591623eff526770c425b726af0d950cfb2,5,district,district_12,District 12,major_crime_total,TOTAL,year_to_date,percent_change,2025,2023,2,-55.0,-55%,,wilmington-compstat-v1,validated
year-end-compstat-2025-r1,year_end_compstat,2025-01-01,2025-12-31,1,3c3b151aad3d007f2279cf5735d63f591623eff526770c425b726af0d950cfb2,5,district,district_12,District 12,major_crime_total,TOTAL,year_to_date,percent_change,2025,2022,3,-48.0,-48%,,wilmington-compstat-v1,validated
year-end-compstat-2025-r1,year_end_compstat,2025-01-01,2025-12-31,1,3c3b151aad3d007f2279cf5735d63f591623eff526770c425b726af0d950cfb2,5,district,district_12,District 12,major_crime_total,TOTAL,year_to_date,percent_change,2025,2021,4,-60.0,-60%,,wilmington-compstat-v1,validated
year-end-compstat-2025-r1,year_end_compstat,2025-01-01,2025-12-31,1,3c3b151aad3d007f2279cf5735d63f591623eff526770c425b726af0d950cfb2,5,district,district_12,District 12,major_crime_total,TOTAL,year_to_date,percent_change,2025,2020,5,-52.0,-52%,,wilmington-compstat-v1,validated
year-end-compstat-2025-r1,year_end_compstat,2025-01-01,2025-12-31,1,3c3b151aad3d007f2279cf5735d63f591623eff526770c425b726af0d950cfb2,5,district,district_12,District 12,major_crime_total,TOTAL,year_to_date,percent_change,2025,2019,6,-66.0,-66%,,wilmington-compstat-v1,validated
year-end-compstat-2025-r1,year_end_compstat,2025-01-01,2025-12-31,1,3c3b151aad3d007f2279cf5735d63f591623eff526770c425b726af0d950cfb2,5,district,district_12,District 12,shooting_incidents,Shooting Incidents,last_7_days,count,2025,,,0,0,,wilmington-compstat-v1,validated
year-end-compstat-2025-r1,year_end_compstat,2025-01-01,2025-12-31,1,3c3b151aad3d007f2279cf5735d63f591623eff526770c425b726af0d950cfb2,5,district,district_12,District 12,shooting_incidents,Shooting Incidents,last_7_days,count,2024,,,1,1,,wilmington-compstat-v1,validated
year-end-compstat-2025-r1,year_end_compstat,2025-01-01,2025-12-31,1,3c3b151aad3d007f2279cf5735d63f591623eff526770c425b726af0d950cfb2,5,district,district_12,District 12,shooting_incidents,Shooting Incidents,last_7_days,percent_change,2025,2024,1,-100.0,-100%,,wilmington-compstat-v1,validated
year-end-compstat-2025-r1,year_end_compstat,2025-01-01,2025-12-31,1,3c3b151aad3d007f2279cf5735d63f591623eff526770c425b726af0d950cfb2,5,district,district_12,District 12,shooting_incidents,Shooting Incidents,last_28_days,count,2025,,,0,0,,wilmington-compstat-v1,validated
year-end-compstat-2025-r1,year_end_compstat,2025-01-01,2025-12-31,1,3c3b151aad3d007f2279cf5735d63f591623eff526770c425b726af0d950cfb2,5,district,district_12,District 12,shooting_incidents,Shooting Incidents,last_28_days,count,2024,,,1,1,,wilmington-compstat-v1,validated
year-end-compstat-2025-r1,year_end_compstat,2025-01-01,2025-12-31,1,3c3b151aad3d007f2279cf5735d63f591623eff526770c425b726af0d950cfb2,5,district,district_12,District 12,shooting_incidents,Shooting Incidents,last_28_days,percent_change,2025,2024,1,-100.0,-100%,,wilmington-compstat-v1,validated
year-end-compstat-2025-r1,year_end_compstat,2025-01-01,2025-12-31,1,3c3b151aad3d007f2279cf5735d63f591623eff526770c425b726af0d950cfb2,5,district,district_12,District 12,shooting_incidents,Shooting Incidents,year_to_date,count,2025,,,1,1,,wilmington-compstat-v1,validated
year-end-compstat-2025-r1,year_end_compstat,2025-01-01,2025-12-31,1,3c3b151aad3d007f2279cf5735d63f591623eff526770c425b726af0d950cfb2,5,district,district_12,District 12,shooting_incidents,Shooting Incidents,year_to_date,count,2024,,,3,3,,wilmington-compstat-v1,validated
year-end-compstat-2025-r1,year_end_compstat,2025-01-01,2025-12-31,1,3c3b151aad3d007f2279cf5735d63f591623eff526770c425b726af0d950cfb2,5,district,district_12,District 12,shooting_incidents,Shooting Incidents,year_to_date,percent_change,2025,2024,1,-67.0,-67%,,wilmington-compstat-v1,validated
year-end-compstat-2025-r1,year_end_compstat,2025-01-01,2025-12-31,1,3c3b151aad3d007f2279cf5735d63f591623eff526770c425b726af0d950cfb2,5,district,district_12,District 12,shooting_incidents,Shooting Incidents,year_to_date,percent_change,2025,2023,2,-83.0,-83%,,wilmington-compstat-v1,validated
year-end-compstat-2025-r1,year_end_compstat,2025-01-01,2025-12-31,1,3c3b151aad3d007f2279cf5735d63f591623eff526770c425b726af0d950cfb2,5,district,district_12,District 12,shooting_incidents,Shooting Incidents,year_to_date,percent_change,2025,2022,3,-50.0,-50%,,wilmington-compstat-v1,validated
year-end-compstat-2025-r1,year_end_compstat,2025-01-01,2025-12-31,1,3c3b151aad3d007f2279cf5735d63f591623eff526770c425b726af0d950cfb2,5,district,district_12,District 12,shooting_incidents,Shooting Incidents,year_to_date,percent_change,2025,2021,4,-88.0,-88%,,wilmington-compstat-v1,validated
year-end-compstat-2025-r1,year_end_compstat,2025-01-01,2025-12-31,1,3c3b151aad3d007f2279cf5735d63f591623eff526770c425b726af0d950cfb2,5,district,district_12,District 12,shooting_incidents,Shooting Incidents,year_to_date,percent_change,2025,2020,5,-83.0,-83%,,wilmington-compstat-v1,validated
year-end-compstat-2025-r1,year_end_compstat,2025-01-01,2025-12-31,1,3c3b151aad3d007f2279cf5735d63f591623eff526770c425b726af0d950cfb2,5,district,district_12,District 12,shooting_incidents,Shooting Incidents,year_to_date,percent_change,2025,2019,6,-75.0,-75%,,wilmington-compstat-v1,validated
year-end-compstat-2025-r1,year_end_compstat,2025-01-01,2025-12-31,1,3c3b151aad3d007f2279cf5735d63f591623eff526770c425b726af0d950cfb2,5,district,district_12,District 12,shooting_victims,Shooting Victims,last_7_days,count,2025,,,0,0,,wilmington-compstat-v1,validated
year-end-compstat-2025-r1,year_end_compstat,2025-01-01,2025-12-31,1,3c3b151aad3d007f2279cf5735d63f591623eff526770c425b726af0d950cfb2,5,district,district_12,District 12,shooting_victims,Shooting Victims,last_7_days,count,2024,,,1,1,,wilmington-compstat-v1,validated
year-end-compstat-2025-r1,year_end_compstat,2025-01-01,2025-12-31,1,3c3b151aad3d007f2279cf5735d63f591623eff526770c425b726af0d950cfb2,5,district,district_12,District 12,shooting_victims,Shooting Victims,last_7_days,percent_change,2025,2024,1,-100.0,-100%,,wilmington-compstat-v1,validated
year-end-compstat-2025-r1,year_end_compstat,2025-01-01,2025-12-31,1,3c3b151aad3d007f2279cf5735d63f591623eff526770c425b726af0d950cfb2,5,district,district_12,District 12,shooting_victims,Shooting Victims,last_28_days,count,2025,,,0,0,,wilmington-compstat-v1,validated
year-end-compstat-2025-r1,year_end_compstat,2025-01-01,2025-12-31,1,3c3b151aad3d007f2279cf5735d63f591623eff526770c425b726af0d950cfb2,5,district,district_12,District 12,shooting_victims,Shooting Victims,last_28_days,count,2024,,,1,1,,wilmington-compstat-v1,validated
year-end-compstat-2025-r1,year_end_compstat,2025-01-01,2025-12-31,1,3c3b151aad3d007f2279cf5735d63f591623eff526770c425b726af0d950cfb2,5,district,district_12,District 12,shooting_victims,Shooting Victims,last_28_days,percent_change,2025,2024,1,-100.0,-100%,,wilmington-compstat-v1,validated
year-end-compstat-2025-r1,year_end_compstat,2025-01-01,2025-12-31,1,3c3b151aad3d007f2279cf5735d63f591623eff526770c425b726af0d950cfb2,5,district,district_12,District 12,shooting_victims,Shooting Victims,year_to_date,count,2025,,,2,2,,wilmington-compstat-v1,validated
year-end-compstat-2025-r1,year_end_compstat,2025-01-01,2025-12-31,1,3c3b151aad3d007f2279cf5735d63f591623eff526770c425b726af0d950cfb2,5,district,district_12,District 12,shooting_victims,Shooting Victims,year_to_date,count,2024,,,7,7,,wilmington-compstat-v1,validated
year-end-compstat-2025-r1,year_end_compstat,2025-01-01,2025-12-31,1,3c3b151aad3d007f2279cf5735d63f591623eff526770c425b726af0d950cfb2,5,district,district_12,District 12,shooting_victims,Shooting Victims,year_to_date,percent_change,2025,2024,1,-71.0,-71%,,wilmington-compstat-v1,validated
year-end-compstat-2025-r1,year_end_compstat,2025-01-01,2025-12-31,1,3c3b151aad3d007f2279cf5735d63f591623eff526770c425b726af0d950cfb2,5,district,district_12,District 12,shooting_victims,Shooting Victims,year_to_date,percent_change,2025,2023,2,-71.0,-71%,,wilmington-compstat-v1,validated
year-end-compstat-2025-r1,year_end_compstat,2025-01-01,2025-12-31,1,3c3b151aad3d007f2279cf5735d63f591623eff526770c425b726af0d950cfb2,5,district,district_12,District 12,shooting_victims,Shooting Victims,year_to_date,percent_change,2025,2022,3,-50.0,-50%,,wilmington-compstat-v1,validated
year-end-compstat-2025-r1,year_end_compstat,2025-01-01,2025-12-31,1,3c3b151aad3d007f2279cf5735d63f591623eff526770c425b726af0d950cfb2,5,district,district_12,District 12,shooting_victims,Shooting Victims,year_to_date,percent_change,2025,2021,4,-75.0,-75%,,wilmington-compstat-v1,validated
year-end-compstat-2025-r1,year_end_compstat,2025-01-01,2025-12-31,1,3c3b151aad3d007f2279cf5735d63f591623eff526770c425b726af0d950cfb2,5,district,district_12,District 12,shooting_victims,Shooting Victims,year_to_date,percent_change,2025,2020,5,-78.0,-78%,,wilmington-compstat-v1,validated
year-end-compstat-2025-r1,year_end_compstat,2025-01-01,2025-12-31,1,3c3b151aad3d007f2279cf5735d63f591623eff526770c425b726af0d950cfb2,5,district,district_12,District 12,shooting_victims,Shooting Victims,year_to_date,percent_change,2025,2019,6,-67.0,-67%,,wilmington-compstat-v1,validated
year-end-compstat-2025-r1,year_end_compstat,2025-01-01,2025-12-31,1,3c3b151aad3d007f2279cf5735d63f591623eff526770c425b726af0d950cfb2,5,district,district_12,District 12,juvenile_shooting_incidents,*Juv Shooting Incidents,last_7_days,count,2025,,,0,0,,wilmington-compstat-v1,validated
year-end-compstat-2025-r1,year_end_compstat,2025-01-01,2025-12-31,1,3c3b151aad3d007f2279cf5735d63f591623eff526770c425b726af0d950cfb2,5,district,district_12,District 12,juvenile_shooting_incidents,*Juv Shooting Incidents,last_7_days,count,2024,,,0,0,,wilmington-compstat-v1,validated
year-end-compstat-2025-r1,year_end_compstat,2025-01-01,2025-12-31,1,3c3b151aad3d007f2279cf5735d63f591623eff526770c425b726af0d950cfb2,5,district,district_12,District 12,juvenile_shooting_incidents,*Juv Shooting Incidents,last_7_days,percent_change,2025,2024,1,,*,undefined_zero_denominator,wilmington-compstat-v1,validated
year-end-compstat-2025-r1,year_end_compstat,2025-01-01,2025-12-31,1,3c3b151aad3d007f2279cf5735d63f591623eff526770c425b726af0d950cfb2,5,district,district_12,District 12,juvenile_shooting_incidents,*Juv Shooting Incidents,last_28_days,count,2025,,,0,0,,wilmington-compstat-v1,validated
year-end-compstat-2025-r1,year_end_compstat,2025-01-01,2025-12-31,1,3c3b151aad3d007f2279cf5735d63f591623eff526770c425b726af0d950cfb2,5,district,district_12,District 12,juvenile_shooting_incidents,*Juv Shooting Incidents,last_28_days,count,2024,,,0,0,,wilmington-compstat-v1,validated
year-end-compstat-2025-r1,year_end_compstat,2025-01-01,2025-12-31,1,3c3b151aad3d007f2279cf5735d63f591623eff526770c425b726af0d950cfb2,5,district,district_12,District 12,juvenile_shooting_incidents,*Juv Shooting Incidents,last_28_days,percent_change,2025,2024,1,,*,undefined_zero_denominator,wilmington-compstat-v1,validated
year-end-compstat-2025-r1,year_end_compstat,2025-01-01,2025-12-31,1,3c3b151aad3d007f2279cf5735d63f591623eff526770c425b726af0d950cfb2,5,district,district_12,District 12,juvenile_shooting_incidents,*Juv Shooting Incidents,year_to_date,count,2025,,,0,0,,wilmington-compstat-v1,validated
year-end-compstat-2025-r1,year_end_compstat,2025-01-01,2025-12-31,1,3c3b151aad3d007f2279cf5735d63f591623eff526770c425b726af0d950cfb2,5,district,district_12,District 12,juvenile_shooting_incidents,*Juv Shooting Incidents,year_to_date,count,2024,,,0,0,,wilmington-compstat-v1,validated
year-end-compstat-2025-r1,year_end_compstat,2025-01-01,2025-12-31,1,3c3b151aad3d007f2279cf5735d63f591623eff526770c425b726af0d950cfb2,5,district,district_12,District 12,juvenile_shooting_incidents,*Juv Shooting Incidents,year_to_date,percent_change,2025,2024,1,,*,undefined_zero_denominator,wilmington-compstat-v1,validated
year-end-compstat-2025-r1,year_end_compstat,2025-01-01,2025-12-31,1,3c3b151aad3d007f2279cf5735d63f591623eff526770c425b726af0d950cfb2,5,district,district_12,District 12,juvenile_shooting_incidents,*Juv Shooting Incidents,year_to_date,percent_change,2025,2023,2,-100.0,-100%,,wilmington-compstat-v1,validated
year-end-compstat-2025-r1,year_end_compstat,2025-01-01,2025-12-31,1,3c3b151aad3d007f2279cf5735d63f591623eff526770c425b726af0d950cfb2,5,district,district_12,District 12,juvenile_shooting_incidents,*Juv Shooting Incidents,year_to_date,percent_change,2025,2022,3,,*,undefined_zero_denominator,wilmington-compstat-v1,validated
year-end-compstat-2025-r1,year_end_compstat,2025-01-01,2025-12-31,1,3c3b151aad3d007f2279cf5735d63f591623eff526770c425b726af0d950cfb2,5,district,district_12,District 12,juvenile_shooting_incidents,*Juv Shooting Incidents,year_to_date,percent_change,2025,2021,4,,*,undefined_zero_denominator,wilmington-compstat-v1,validated
year-end-compstat-2025-r1,year_end_compstat,2025-01-01,2025-12-31,1,3c3b151aad3d007f2279cf5735d63f591623eff526770c425b726af0d950cfb2,5,district,district_12,District 12,juvenile_shooting_incidents,*Juv Shooting Incidents,year_to_date,percent_change,2025,2020,5,-100.0,-100%,,wilmington-compstat-v1,validated
year-end-compstat-2025-r1,year_end_compstat,2025-01-01,2025-12-31,1,3c3b151aad3d007f2279cf5735d63f591623eff526770c425b726af0d950cfb2,5,district,district_12,District 12,juvenile_shooting_incidents,*Juv Shooting Incidents,year_to_date,percent_change,2025,2019,6,-100.0,-100%,,wilmington-compstat-v1,validated
year-end-compstat-2025-r1,year_end_compstat,2025-01-01,2025-12-31,1,3c3b151aad3d007f2279cf5735d63f591623eff526770c425b726af0d950cfb2,5,district,district_12,District 12,juvenile_shooting_victims,*Juv Shooting Victims,last_7_days,count,2025,,,0,0,,wilmington-compstat-v1,validated
year-end-compstat-2025-r1,year_end_compstat,2025-01-01,2025-12-31,1,3c3b151aad3d007f2279cf5735d63f591623eff526770c425b726af0d950cfb2,5,district,district_12,District 12,juvenile_shooting_victims,*Juv Shooting Victims,last_7_days,count,2024,,,0,0,,wilmington-compstat-v1,validated
year-end-compstat-2025-r1,year_end_compstat,2025-01-01,2025-12-31,1,3c3b151aad3d007f2279cf5735d63f591623eff526770c425b726af0d950cfb2,5,district,district_12,District 12,juvenile_shooting_victims,*Juv Shooting Victims,last_7_days,percent_change,2025,2024,1,,*,undefined_zero_denominator,wilmington-compstat-v1,validated
year-end-compstat-2025-r1,year_end_compstat,2025-01-01,2025-12-31,1,3c3b151aad3d007f2279cf5735d63f591623eff526770c425b726af0d950cfb2,5,district,district_12,District 12,juvenile_shooting_victims,*Juv Shooting Victims,last_28_days,count,2025,,,0,0,,wilmington-compstat-v1,validated
year-end-compstat-2025-r1,year_end_compstat,2025-01-01,2025-12-31,1,3c3b151aad3d007f2279cf5735d63f591623eff526770c425b726af0d950cfb2,5,district,district_12,District 12,juvenile_shooting_victims,*Juv Shooting Victims,last_28_days,count,2024,,,0,0,,wilmington-compstat-v1,validated
year-end-compstat-2025-r1,year_end_compstat,2025-01-01,2025-12-31,1,3c3b151aad3d007f2279cf5735d63f591623eff526770c425b726af0d950cfb2,5,district,district_12,District 12,juvenile_shooting_victims,*Juv Shooting Victims,last_28_days,percent_change,2025,2024,1,,*,undefined_zero_denominator,wilmington-compstat-v1,validated
year-end-compstat-2025-r1,year_end_compstat,2025-01-01,2025-12-31,1,3c3b151aad3d007f2279cf5735d63f591623eff526770c425b726af0d950cfb2,5,district,district_12,District 12,juvenile_shooting_victims,*Juv Shooting Victims,year_to_date,count,2025,,,0,0,,wilmington-compstat-v1,validated
year-end-compstat-2025-r1,year_end_compstat,2025-01-01,2025-12-31,1,3c3b151aad3d007f2279cf5735d63f591623eff526770c425b726af0d950cfb2,5,district,district_12,District 12,juvenile_shooting_victims,*Juv Shooting Victims,year_to_date,count,2024,,,0,0,,wilmington-compstat-v1,validated
year-end-compstat-2025-r1,year_end_compstat,2025-01-01,2025-12-31,1,3c3b151aad3d007f2279cf5735d63f591623eff526770c425b726af0d950cfb2,5,district,district_12,District 12,juvenile_shooting_victims,*Juv Shooting Victims,year_to_date,percent_change,2025,2024,1,,*,undefined_zero_denominator,wilmington-compstat-v1,validated
year-end-compstat-2025-r1,year_end_compstat,2025-01-01,2025-12-31,1,3c3b151aad3d007f2279cf5735d63f591623eff526770c425b726af0d950cfb2,5,district,district_12,District 12,juvenile_shooting_victims,*Juv Shooting Victims,year_to_date,percent_change,2025,2023,2,-100.0,-100%,,wilmington-compstat-v1,validated
year-end-compstat-2025-r1,year_end_compstat,2025-01-01,2025-12-31,1,3c3b151aad3d007f2279cf5735d63f591623eff526770c425b726af0d950cfb2,5,district,district_12,District 12,juvenile_shooting_victims,*Juv Shooting Victims,year_to_date,percent_change,2025,2022,3,,*,undefined_zero_denominator,wilmington-compstat-v1,validated
year-end-compstat-2025-r1,year_end_compstat,2025-01-01,2025-12-31,1,3c3b151aad3d007f2279cf5735d63f591623eff526770c425b726af0d950cfb2,5,district,district_12,District 12,juvenile_shooting_victims,*Juv Shooting Victims,year_to_date,percent_change,2025,2021,4,,*,undefined_zero_denominator,wilmington-compstat-v1,validated
year-end-compstat-2025-r1,year_end_compstat,2025-01-01,2025-12-31,1,3c3b151aad3d007f2279cf5735d63f591623eff526770c425b726af0d950cfb2,5,district,district_12,District 12,juvenile_shooting_victims,*Juv Shooting Victims,year_to_date,percent_change,2025,2020,5,-100.0,-100%,,wilmington-compstat-v1,validated
year-end-compstat-2025-r1,year_end_compstat,2025-01-01,2025-12-31,1,3c3b151aad3d007f2279cf5735d63f591623eff526770c425b726af0d950cfb2,5,district,district_12,District 12,juvenile_shooting_victims,*Juv Shooting Victims,year_to_date,percent_change,2025,2019,6,-100.0,-100%,,wilmington-compstat-v1,validated
year-end-compstat-2025-r1,year_end_compstat,2025-01-01,2025-12-31,1,3c3b151aad3d007f2279cf5735d63f591623eff526770c425b726af0d950cfb2,5,district,district_12,District 12,misdemeanor_theft,Theft (Misdemeanor),last_7_days,count,2025,,,1,1,,wilmington-compstat-v1,validated
year-end-compstat-2025-r1,year_end_compstat,2025-01-01,2025-12-31,1,3c3b151aad3d007f2279cf5735d63f591623eff526770c425b726af0d950cfb2,5,district,district_12,District 12,misdemeanor_theft,Theft (Misdemeanor),last_7_days,count,2024,,,0,0,,wilmington-compstat-v1,validated
year-end-compstat-2025-r1,year_end_compstat,2025-01-01,2025-12-31,1,3c3b151aad3d007f2279cf5735d63f591623eff526770c425b726af0d950cfb2,5,district,district_12,District 12,misdemeanor_theft,Theft (Misdemeanor),last_7_days,percent_change,2025,2024,1,,*,undefined_zero_denominator,wilmington-compstat-v1,validated
year-end-compstat-2025-r1,year_end_compstat,2025-01-01,2025-12-31,1,3c3b151aad3d007f2279cf5735d63f591623eff526770c425b726af0d950cfb2,5,district,district_12,District 12,misdemeanor_theft,Theft (Misdemeanor),last_28_days,count,2025,,,3,3,,wilmington-compstat-v1,validated
year-end-compstat-2025-r1,year_end_compstat,2025-01-01,2025-12-31,1,3c3b151aad3d007f2279cf5735d63f591623eff526770c425b726af0d950cfb2,5,district,district_12,District 12,misdemeanor_theft,Theft (Misdemeanor),last_28_days,count,2024,,,2,2,,wilmington-compstat-v1,validated
year-end-compstat-2025-r1,year_end_compstat,2025-01-01,2025-12-31,1,3c3b151aad3d007f2279cf5735d63f591623eff526770c425b726af0d950cfb2,5,district,district_12,District 12,misdemeanor_theft,Theft (Misdemeanor),last_28_days,percent_change,2025,2024,1,50.0,50%,,wilmington-compstat-v1,validated
year-end-compstat-2025-r1,year_end_compstat,2025-01-01,2025-12-31,1,3c3b151aad3d007f2279cf5735d63f591623eff526770c425b726af0d950cfb2,5,district,district_12,District 12,misdemeanor_theft,Theft (Misdemeanor),year_to_date,count,2025,,,24,24,,wilmington-compstat-v1,validated
year-end-compstat-2025-r1,year_end_compstat,2025-01-01,2025-12-31,1,3c3b151aad3d007f2279cf5735d63f591623eff526770c425b726af0d950cfb2,5,district,district_12,District 12,misdemeanor_theft,Theft (Misdemeanor),year_to_date,count,2024,,,38,38,,wilmington-compstat-v1,validated
year-end-compstat-2025-r1,year_end_compstat,2025-01-01,2025-12-31,1,3c3b151aad3d007f2279cf5735d63f591623eff526770c425b726af0d950cfb2,5,district,district_12,District 12,misdemeanor_theft,Theft (Misdemeanor),year_to_date,percent_change,2025,2024,1,-37.0,-37%,,wilmington-compstat-v1,validated
year-end-compstat-2025-r1,year_end_compstat,2025-01-01,2025-12-31,1,3c3b151aad3d007f2279cf5735d63f591623eff526770c425b726af0d950cfb2,5,district,district_12,District 12,misdemeanor_theft,Theft (Misdemeanor),year_to_date,percent_change,2025,2023,2,-47.0,-47%,,wilmington-compstat-v1,validated
year-end-compstat-2025-r1,year_end_compstat,2025-01-01,2025-12-31,1,3c3b151aad3d007f2279cf5735d63f591623eff526770c425b726af0d950cfb2,5,district,district_12,District 12,misdemeanor_theft,Theft (Misdemeanor),year_to_date,percent_change,2025,2022,3,-57.0,-57%,,wilmington-compstat-v1,validated
year-end-compstat-2025-r1,year_end_compstat,2025-01-01,2025-12-31,1,3c3b151aad3d007f2279cf5735d63f591623eff526770c425b726af0d950cfb2,5,district,district_12,District 12,misdemeanor_theft,Theft (Misdemeanor),year_to_date,percent_change,2025,2021,4,-40.0,-40%,,wilmington-compstat-v1,validated
year-end-compstat-2025-r1,year_end_compstat,2025-01-01,2025-12-31,1,3c3b151aad3d007f2279cf5735d63f591623eff526770c425b726af0d950cfb2,5,district,district_12,District 12,misdemeanor_theft,Theft (Misdemeanor),year_to_date,percent_change,2025,2020,5,-49.0,-49%,,wilmington-compstat-v1,validated
year-end-compstat-2025-r1,year_end_compstat,2025-01-01,2025-12-31,1,3c3b151aad3d007f2279cf5735d63f591623eff526770c425b726af0d950cfb2,5,district,district_12,District 12,misdemeanor_theft,Theft (Misdemeanor),year_to_date,percent_change,2025,2019,6,-63.0,-63%,,wilmington-compstat-v1,validated
year-end-compstat-2025-r1,year_end_compstat,2025-01-01,2025-12-31,1,3c3b151aad3d007f2279cf5735d63f591623eff526770c425b726af0d950cfb2,7,district,district_13,District 13,murder,Murder,last_7_days,count,2025,,,0,0,,wilmington-compstat-v1,validated
year-end-compstat-2025-r1,year_end_compstat,2025-01-01,2025-12-31,1,3c3b151aad3d007f2279cf5735d63f591623eff526770c425b726af0d950cfb2,7,district,district_13,District 13,murder,Murder,last_7_days,count,2024,,,1,1,,wilmington-compstat-v1,validated
year-end-compstat-2025-r1,year_end_compstat,2025-01-01,2025-12-31,1,3c3b151aad3d007f2279cf5735d63f591623eff526770c425b726af0d950cfb2,7,district,district_13,District 13,murder,Murder,last_7_days,percent_change,2025,2024,1,-100.0,-100%,,wilmington-compstat-v1,validated
year-end-compstat-2025-r1,year_end_compstat,2025-01-01,2025-12-31,1,3c3b151aad3d007f2279cf5735d63f591623eff526770c425b726af0d950cfb2,7,district,district_13,District 13,murder,Murder,last_28_days,count,2025,,,0,0,,wilmington-compstat-v1,validated
year-end-compstat-2025-r1,year_end_compstat,2025-01-01,2025-12-31,1,3c3b151aad3d007f2279cf5735d63f591623eff526770c425b726af0d950cfb2,7,district,district_13,District 13,murder,Murder,last_28_days,count,2024,,,1,1,,wilmington-compstat-v1,validated
year-end-compstat-2025-r1,year_end_compstat,2025-01-01,2025-12-31,1,3c3b151aad3d007f2279cf5735d63f591623eff526770c425b726af0d950cfb2,7,district,district_13,District 13,murder,Murder,last_28_days,percent_change,2025,2024,1,-100.0,-100%,,wilmington-compstat-v1,validated
year-end-compstat-2025-r1,year_end_compstat,2025-01-01,2025-12-31,1,3c3b151aad3d007f2279cf5735d63f591623eff526770c425b726af0d950cfb2,7,district,district_13,District 13,murder,Murder,year_to_date,count,2025,,,2,2,,wilmington-compstat-v1,validated
year-end-compstat-2025-r1,year_end_compstat,2025-01-01,2025-12-31,1,3c3b151aad3d007f2279cf5735d63f591623eff526770c425b726af0d950cfb2,7,district,district_13,District 13,murder,Murder,year_to_date,count,2024,,,7,7,,wilmington-compstat-v1,validated
year-end-compstat-2025-r1,year_end_compstat,2025-01-01,2025-12-31,1,3c3b151aad3d007f2279cf5735d63f591623eff526770c425b726af0d950cfb2,7,district,district_13,District 13,murder,Murder,year_to_date,percent_change,2025,2024,1,-71.0,-71%,,wilmington-compstat-v1,validated
year-end-compstat-2025-r1,year_end_compstat,2025-01-01,2025-12-31,1,3c3b151aad3d007f2279cf5735d63f591623eff526770c425b726af0d950cfb2,7,district,district_13,District 13,murder,Murder,year_to_date,percent_change,2025,2023,2,-60.0,-60%,,wilmington-compstat-v1,validated
year-end-compstat-2025-r1,year_end_compstat,2025-01-01,2025-12-31,1,3c3b151aad3d007f2279cf5735d63f591623eff526770c425b726af0d950cfb2,7,district,district_13,District 13,murder,Murder,year_to_date,percent_change,2025,2022,3,0.0,0%,,wilmington-compstat-v1,validated
year-end-compstat-2025-r1,year_end_compstat,2025-01-01,2025-12-31,1,3c3b151aad3d007f2279cf5735d63f591623eff526770c425b726af0d950cfb2,7,district,district_13,District 13,murder,Murder,year_to_date,percent_change,2025,2021,4,-60.0,-60%,,wilmington-compstat-v1,validated
year-end-compstat-2025-r1,year_end_compstat,2025-01-01,2025-12-31,1,3c3b151aad3d007f2279cf5735d63f591623eff526770c425b726af0d950cfb2,7,district,district_13,District 13,murder,Murder,year_to_date,percent_change,2025,2020,5,-78.0,-78%,,wilmington-compstat-v1,validated
year-end-compstat-2025-r1,year_end_compstat,2025-01-01,2025-12-31,1,3c3b151aad3d007f2279cf5735d63f591623eff526770c425b726af0d950cfb2,7,district,district_13,District 13,murder,Murder,year_to_date,percent_change,2025,2019,6,-67.0,-67%,,wilmington-compstat-v1,validated
year-end-compstat-2025-r1,year_end_compstat,2025-01-01,2025-12-31,1,3c3b151aad3d007f2279cf5735d63f591623eff526770c425b726af0d950cfb2,7,district,district_13,District 13,rape,Rape,last_7_days,count,2025,,,0,0,,wilmington-compstat-v1,validated
year-end-compstat-2025-r1,year_end_compstat,2025-01-01,2025-12-31,1,3c3b151aad3d007f2279cf5735d63f591623eff526770c425b726af0d950cfb2,7,district,district_13,District 13,rape,Rape,last_7_days,count,2024,,,0,0,,wilmington-compstat-v1,validated
year-end-compstat-2025-r1,year_end_compstat,2025-01-01,2025-12-31,1,3c3b151aad3d007f2279cf5735d63f591623eff526770c425b726af0d950cfb2,7,district,district_13,District 13,rape,Rape,last_7_days,percent_change,2025,2024,1,,*,undefined_zero_denominator,wilmington-compstat-v1,validated
year-end-compstat-2025-r1,year_end_compstat,2025-01-01,2025-12-31,1,3c3b151aad3d007f2279cf5735d63f591623eff526770c425b726af0d950cfb2,7,district,district_13,District 13,rape,Rape,last_28_days,count,2025,,,0,0,,wilmington-compstat-v1,validated
year-end-compstat-2025-r1,year_end_compstat,2025-01-01,2025-12-31,1,3c3b151aad3d007f2279cf5735d63f591623eff526770c425b726af0d950cfb2,7,district,district_13,District 13,rape,Rape,last_28_days,count,2024,,,0,0,,wilmington-compstat-v1,validated
year-end-compstat-2025-r1,year_end_compstat,2025-01-01,2025-12-31,1,3c3b151aad3d007f2279cf5735d63f591623eff526770c425b726af0d950cfb2,7,district,district_13,District 13,rape,Rape,last_28_days,percent_change,2025,2024,1,,*,undefined_zero_denominator,wilmington-compstat-v1,validated
year-end-compstat-2025-r1,year_end_compstat,2025-01-01,2025-12-31,1,3c3b151aad3d007f2279cf5735d63f591623eff526770c425b726af0d950cfb2,7,district,district_13,District 13,rape,Rape,year_to_date,count,2025,,,0,0,,wilmington-compstat-v1,validated
year-end-compstat-2025-r1,year_end_compstat,2025-01-01,2025-12-31,1,3c3b151aad3d007f2279cf5735d63f591623eff526770c425b726af0d950cfb2,7,district,district_13,District 13,rape,Rape,year_to_date,count,2024,,,1,1,,wilmington-compstat-v1,validated
year-end-compstat-2025-r1,year_end_compstat,2025-01-01,2025-12-31,1,3c3b151aad3d007f2279cf5735d63f591623eff526770c425b726af0d950cfb2,7,district,district_13,District 13,rape,Rape,year_to_date,percent_change,2025,2024,1,-100.0,-100%,,wilmington-compstat-v1,validated
year-end-compstat-2025-r1,year_end_compstat,2025-01-01,2025-12-31,1,3c3b151aad3d007f2279cf5735d63f591623eff526770c425b726af0d950cfb2,7,district,district_13,District 13,rape,Rape,year_to_date,percent_change,2025,2023,2,-100.0,-100%,,wilmington-compstat-v1,validated
year-end-compstat-2025-r1,year_end_compstat,2025-01-01,2025-12-31,1,3c3b151aad3d007f2279cf5735d63f591623eff526770c425b726af0d950cfb2,7,district,district_13,District 13,rape,Rape,year_to_date,percent_change,2025,2022,3,-100.0,-100%,,wilmington-compstat-v1,validated
year-end-compstat-2025-r1,year_end_compstat,2025-01-01,2025-12-31,1,3c3b151aad3d007f2279cf5735d63f591623eff526770c425b726af0d950cfb2,7,district,district_13,District 13,rape,Rape,year_to_date,percent_change,2025,2021,4,,*,undefined_zero_denominator,wilmington-compstat-v1,validated
year-end-compstat-2025-r1,year_end_compstat,2025-01-01,2025-12-31,1,3c3b151aad3d007f2279cf5735d63f591623eff526770c425b726af0d950cfb2,7,district,district_13,District 13,rape,Rape,year_to_date,percent_change,2025,2020,5,-100.0,-100%,,wilmington-compstat-v1,validated
year-end-compstat-2025-r1,year_end_compstat,2025-01-01,2025-12-31,1,3c3b151aad3d007f2279cf5735d63f591623eff526770c425b726af0d950cfb2,7,district,district_13,District 13,rape,Rape,year_to_date,percent_change,2025,2019,6,-100.0,-100%,,wilmington-compstat-v1,validated
year-end-compstat-2025-r1,year_end_compstat,2025-01-01,2025-12-31,1,3c3b151aad3d007f2279cf5735d63f591623eff526770c425b726af0d950cfb2,7,district,district_13,District 13,robbery,Robbery,last_7_days,count,2025,,,0,0,,wilmington-compstat-v1,validated
year-end-compstat-2025-r1,year_end_compstat,2025-01-01,2025-12-31,1,3c3b151aad3d007f2279cf5735d63f591623eff526770c425b726af0d950cfb2,7,district,district_13,District 13,robbery,Robbery,last_7_days,count,2024,,,0,0,,wilmington-compstat-v1,validated
year-end-compstat-2025-r1,year_end_compstat,2025-01-01,2025-12-31,1,3c3b151aad3d007f2279cf5735d63f591623eff526770c425b726af0d950cfb2,7,district,district_13,District 13,robbery,Robbery,last_7_days,percent_change,2025,2024,1,,*,undefined_zero_denominator,wilmington-compstat-v1,validated
year-end-compstat-2025-r1,year_end_compstat,2025-01-01,2025-12-31,1,3c3b151aad3d007f2279cf5735d63f591623eff526770c425b726af0d950cfb2,7,district,district_13,District 13,robbery,Robbery,last_28_days,count,2025,,,0,0,,wilmington-compstat-v1,validated
year-end-compstat-2025-r1,year_end_compstat,2025-01-01,2025-12-31,1,3c3b151aad3d007f2279cf5735d63f591623eff526770c425b726af0d950cfb2,7,district,district_13,District 13,robbery,Robbery,last_28_days,count,2024,,,0,0,,wilmington-compstat-v1,validated
year-end-compstat-2025-r1,year_end_compstat,2025-01-01,2025-12-31,1,3c3b151aad3d007f2279cf5735d63f591623eff526770c425b726af0d950cfb2,7,district,district_13,District 13,robbery,Robbery,last_28_days,percent_change,2025,2024,1,,*,undefined_zero_denominator,wilmington-compstat-v1,validated
year-end-compstat-2025-r1,year_end_compstat,2025-01-01,2025-12-31,1,3c3b151aad3d007f2279cf5735d63f591623eff526770c425b726af0d950cfb2,7,district,district_13,District 13,robbery,Robbery,year_to_date,count,2025,,,13,13,,wilmington-compstat-v1,validated
year-end-compstat-2025-r1,year_end_compstat,2025-01-01,2025-12-31,1,3c3b151aad3d007f2279cf5735d63f591623eff526770c425b726af0d950cfb2,7,district,district_13,District 13,robbery,Robbery,year_to_date,count,2024,,,9,9,,wilmington-compstat-v1,validated
year-end-compstat-2025-r1,year_end_compstat,2025-01-01,2025-12-31,1,3c3b151aad3d007f2279cf5735d63f591623eff526770c425b726af0d950cfb2,7,district,district_13,District 13,robbery,Robbery,year_to_date,percent_change,2025,2024,1,44.0,44%,,wilmington-compstat-v1,validated
year-end-compstat-2025-r1,year_end_compstat,2025-01-01,2025-12-31,1,3c3b151aad3d007f2279cf5735d63f591623eff526770c425b726af0d950cfb2,7,district,district_13,District 13,robbery,Robbery,year_to_date,percent_change,2025,2023,2,-38.0,-38%,,wilmington-compstat-v1,validated
year-end-compstat-2025-r1,year_end_compstat,2025-01-01,2025-12-31,1,3c3b151aad3d007f2279cf5735d63f591623eff526770c425b726af0d950cfb2,7,district,district_13,District 13,robbery,Robbery,year_to_date,percent_change,2025,2022,3,-24.0,-24%,,wilmington-compstat-v1,validated
year-end-compstat-2025-r1,year_end_compstat,2025-01-01,2025-12-31,1,3c3b151aad3d007f2279cf5735d63f591623eff526770c425b726af0d950cfb2,7,district,district_13,District 13,robbery,Robbery,year_to_date,percent_change,2025,2021,4,-24.0,-24%,,wilmington-compstat-v1,validated
year-end-compstat-2025-r1,year_end_compstat,2025-01-01,2025-12-31,1,3c3b151aad3d007f2279cf5735d63f591623eff526770c425b726af0d950cfb2,7,district,district_13,District 13,robbery,Robbery,year_to_date,percent_change,2025,2020,5,-54.0,-54%,,wilmington-compstat-v1,validated
year-end-compstat-2025-r1,year_end_compstat,2025-01-01,2025-12-31,1,3c3b151aad3d007f2279cf5735d63f591623eff526770c425b726af0d950cfb2,7,district,district_13,District 13,robbery,Robbery,year_to_date,percent_change,2025,2019,6,-62.0,-62%,,wilmington-compstat-v1,validated
year-end-compstat-2025-r1,year_end_compstat,2025-01-01,2025-12-31,1,3c3b151aad3d007f2279cf5735d63f591623eff526770c425b726af0d950cfb2,7,district,district_13,District 13,aggravated_assault,Agg. Assault,last_7_days,count,2025,,,0,0,,wilmington-compstat-v1,validated
year-end-compstat-2025-r1,year_end_compstat,2025-01-01,2025-12-31,1,3c3b151aad3d007f2279cf5735d63f591623eff526770c425b726af0d950cfb2,7,district,district_13,District 13,aggravated_assault,Agg. Assault,last_7_days,count,2024,,,0,0,,wilmington-compstat-v1,validated
year-end-compstat-2025-r1,year_end_compstat,2025-01-01,2025-12-31,1,3c3b151aad3d007f2279cf5735d63f591623eff526770c425b726af0d950cfb2,7,district,district_13,District 13,aggravated_assault,Agg. Assault,last_7_days,percent_change,2025,2024,1,,*,undefined_zero_denominator,wilmington-compstat-v1,validated
year-end-compstat-2025-r1,year_end_compstat,2025-01-01,2025-12-31,1,3c3b151aad3d007f2279cf5735d63f591623eff526770c425b726af0d950cfb2,7,district,district_13,District 13,aggravated_assault,Agg. Assault,last_28_days,count,2025,,,3,3,,wilmington-compstat-v1,validated
year-end-compstat-2025-r1,year_end_compstat,2025-01-01,2025-12-31,1,3c3b151aad3d007f2279cf5735d63f591623eff526770c425b726af0d950cfb2,7,district,district_13,District 13,aggravated_assault,Agg. Assault,last_28_days,count,2024,,,2,2,,wilmington-compstat-v1,validated
year-end-compstat-2025-r1,year_end_compstat,2025-01-01,2025-12-31,1,3c3b151aad3d007f2279cf5735d63f591623eff526770c425b726af0d950cfb2,7,district,district_13,District 13,aggravated_assault,Agg. Assault,last_28_days,percent_change,2025,2024,1,50.0,50%,,wilmington-compstat-v1,validated
year-end-compstat-2025-r1,year_end_compstat,2025-01-01,2025-12-31,1,3c3b151aad3d007f2279cf5735d63f591623eff526770c425b726af0d950cfb2,7,district,district_13,District 13,aggravated_assault,Agg. Assault,year_to_date,count,2025,,,42,42,,wilmington-compstat-v1,validated
year-end-compstat-2025-r1,year_end_compstat,2025-01-01,2025-12-31,1,3c3b151aad3d007f2279cf5735d63f591623eff526770c425b726af0d950cfb2,7,district,district_13,District 13,aggravated_assault,Agg. Assault,year_to_date,count,2024,,,44,44,,wilmington-compstat-v1,validated
year-end-compstat-2025-r1,year_end_compstat,2025-01-01,2025-12-31,1,3c3b151aad3d007f2279cf5735d63f591623eff526770c425b726af0d950cfb2,7,district,district_13,District 13,aggravated_assault,Agg. Assault,year_to_date,percent_change,2025,2024,1,-5.0,-5%,,wilmington-compstat-v1,validated
year-end-compstat-2025-r1,year_end_compstat,2025-01-01,2025-12-31,1,3c3b151aad3d007f2279cf5735d63f591623eff526770c425b726af0d950cfb2,7,district,district_13,District 13,aggravated_assault,Agg. Assault,year_to_date,percent_change,2025,2023,2,45.0,45%,,wilmington-compstat-v1,validated
year-end-compstat-2025-r1,year_end_compstat,2025-01-01,2025-12-31,1,3c3b151aad3d007f2279cf5735d63f591623eff526770c425b726af0d950cfb2,7,district,district_13,District 13,aggravated_assault,Agg. Assault,year_to_date,percent_change,2025,2022,3,17.0,17%,,wilmington-compstat-v1,validated
year-end-compstat-2025-r1,year_end_compstat,2025-01-01,2025-12-31,1,3c3b151aad3d007f2279cf5735d63f591623eff526770c425b726af0d950cfb2,7,district,district_13,District 13,aggravated_assault,Agg. Assault,year_to_date,percent_change,2025,2021,4,-5.0,-5%,,wilmington-compstat-v1,validated
year-end-compstat-2025-r1,year_end_compstat,2025-01-01,2025-12-31,1,3c3b151aad3d007f2279cf5735d63f591623eff526770c425b726af0d950cfb2,7,district,district_13,District 13,aggravated_assault,Agg. Assault,year_to_date,percent_change,2025,2020,5,-19.0,-19%,,wilmington-compstat-v1,validated
year-end-compstat-2025-r1,year_end_compstat,2025-01-01,2025-12-31,1,3c3b151aad3d007f2279cf5735d63f591623eff526770c425b726af0d950cfb2,7,district,district_13,District 13,aggravated_assault,Agg. Assault,year_to_date,percent_change,2025,2019,6,-19.0,-19%,,wilmington-compstat-v1,validated
year-end-compstat-2025-r1,year_end_compstat,2025-01-01,2025-12-31,1,3c3b151aad3d007f2279cf5735d63f591623eff526770c425b726af0d950cfb2,7,district,district_13,District 13,burglary,Burglary,last_7_days,count,2025,,,0,0,,wilmington-compstat-v1,validated
year-end-compstat-2025-r1,year_end_compstat,2025-01-01,2025-12-31,1,3c3b151aad3d007f2279cf5735d63f591623eff526770c425b726af0d950cfb2,7,district,district_13,District 13,burglary,Burglary,last_7_days,count,2024,,,1,1,,wilmington-compstat-v1,validated
year-end-compstat-2025-r1,year_end_compstat,2025-01-01,2025-12-31,1,3c3b151aad3d007f2279cf5735d63f591623eff526770c425b726af0d950cfb2,7,district,district_13,District 13,burglary,Burglary,last_7_days,percent_change,2025,2024,1,-100.0,-100%,,wilmington-compstat-v1,validated
year-end-compstat-2025-r1,year_end_compstat,2025-01-01,2025-12-31,1,3c3b151aad3d007f2279cf5735d63f591623eff526770c425b726af0d950cfb2,7,district,district_13,District 13,burglary,Burglary,last_28_days,count,2025,,,0,0,,wilmington-compstat-v1,validated
year-end-compstat-2025-r1,year_end_compstat,2025-01-01,2025-12-31,1,3c3b151aad3d007f2279cf5735d63f591623eff526770c425b726af0d950cfb2,7,district,district_13,District 13,burglary,Burglary,last_28_days,count,2024,,,4,4,,wilmington-compstat-v1,validated
year-end-compstat-2025-r1,year_end_compstat,2025-01-01,2025-12-31,1,3c3b151aad3d007f2279cf5735d63f591623eff526770c425b726af0d950cfb2,7,district,district_13,District 13,burglary,Burglary,last_28_days,percent_change,2025,2024,1,-100.0,-100%,,wilmington-compstat-v1,validated
year-end-compstat-2025-r1,year_end_compstat,2025-01-01,2025-12-31,1,3c3b151aad3d007f2279cf5735d63f591623eff526770c425b726af0d950cfb2,7,district,district_13,District 13,burglary,Burglary,year_to_date,count,2025,,,34,34,,wilmington-compstat-v1,validated
year-end-compstat-2025-r1,year_end_compstat,2025-01-01,2025-12-31,1,3c3b151aad3d007f2279cf5735d63f591623eff526770c425b726af0d950cfb2,7,district,district_13,District 13,burglary,Burglary,year_to_date,count,2024,,,35,35,,wilmington-compstat-v1,validated
year-end-compstat-2025-r1,year_end_compstat,2025-01-01,2025-12-31,1,3c3b151aad3d007f2279cf5735d63f591623eff526770c425b726af0d950cfb2,7,district,district_13,District 13,burglary,Burglary,year_to_date,percent_change,2025,2024,1,-3.0,-3%,,wilmington-compstat-v1,validated
year-end-compstat-2025-r1,year_end_compstat,2025-01-01,2025-12-31,1,3c3b151aad3d007f2279cf5735d63f591623eff526770c425b726af0d950cfb2,7,district,district_13,District 13,burglary,Burglary,year_to_date,percent_change,2025,2023,2,62.0,62%,,wilmington-compstat-v1,validated
year-end-compstat-2025-r1,year_end_compstat,2025-01-01,2025-12-31,1,3c3b151aad3d007f2279cf5735d63f591623eff526770c425b726af0d950cfb2,7,district,district_13,District 13,burglary,Burglary,year_to_date,percent_change,2025,2022,3,-19.0,-19%,,wilmington-compstat-v1,validated
year-end-compstat-2025-r1,year_end_compstat,2025-01-01,2025-12-31,1,3c3b151aad3d007f2279cf5735d63f591623eff526770c425b726af0d950cfb2,7,district,district_13,District 13,burglary,Burglary,year_to_date,percent_change,2025,2021,4,-28.0,-28%,,wilmington-compstat-v1,validated
year-end-compstat-2025-r1,year_end_compstat,2025-01-01,2025-12-31,1,3c3b151aad3d007f2279cf5735d63f591623eff526770c425b726af0d950cfb2,7,district,district_13,District 13,burglary,Burglary,year_to_date,percent_change,2025,2020,5,-38.0,-38%,,wilmington-compstat-v1,validated
year-end-compstat-2025-r1,year_end_compstat,2025-01-01,2025-12-31,1,3c3b151aad3d007f2279cf5735d63f591623eff526770c425b726af0d950cfb2,7,district,district_13,District 13,burglary,Burglary,year_to_date,percent_change,2025,2019,6,-35.0,-35%,,wilmington-compstat-v1,validated
year-end-compstat-2025-r1,year_end_compstat,2025-01-01,2025-12-31,1,3c3b151aad3d007f2279cf5735d63f591623eff526770c425b726af0d950cfb2,7,district,district_13,District 13,felony_theft,Felony Theft,last_7_days,count,2025,,,0,0,,wilmington-compstat-v1,validated
year-end-compstat-2025-r1,year_end_compstat,2025-01-01,2025-12-31,1,3c3b151aad3d007f2279cf5735d63f591623eff526770c425b726af0d950cfb2,7,district,district_13,District 13,felony_theft,Felony Theft,last_7_days,count,2024,,,0,0,,wilmington-compstat-v1,validated
year-end-compstat-2025-r1,year_end_compstat,2025-01-01,2025-12-31,1,3c3b151aad3d007f2279cf5735d63f591623eff526770c425b726af0d950cfb2,7,district,district_13,District 13,felony_theft,Felony Theft,last_7_days,percent_change,2025,2024,1,,*,undefined_zero_denominator,wilmington-compstat-v1,validated
year-end-compstat-2025-r1,year_end_compstat,2025-01-01,2025-12-31,1,3c3b151aad3d007f2279cf5735d63f591623eff526770c425b726af0d950cfb2,7,district,district_13,District 13,felony_theft,Felony Theft,last_28_days,count,2025,,,1,1,,wilmington-compstat-v1,validated
year-end-compstat-2025-r1,year_end_compstat,2025-01-01,2025-12-31,1,3c3b151aad3d007f2279cf5735d63f591623eff526770c425b726af0d950cfb2,7,district,district_13,District 13,felony_theft,Felony Theft,last_28_days,count,2024,,,0,0,,wilmington-compstat-v1,validated
year-end-compstat-2025-r1,year_end_compstat,2025-01-01,2025-12-31,1,3c3b151aad3d007f2279cf5735d63f591623eff526770c425b726af0d950cfb2,7,district,district_13,District 13,felony_theft,Felony Theft,last_28_days,percent_change,2025,2024,1,,*,undefined_zero_denominator,wilmington-compstat-v1,validated
year-end-compstat-2025-r1,year_end_compstat,2025-01-01,2025-12-31,1,3c3b151aad3d007f2279cf5735d63f591623eff526770c425b726af0d950cfb2,7,district,district_13,District 13,felony_theft,Felony Theft,year_to_date,count,2025,,,18,18,,wilmington-compstat-v1,validated
year-end-compstat-2025-r1,year_end_compstat,2025-01-01,2025-12-31,1,3c3b151aad3d007f2279cf5735d63f591623eff526770c425b726af0d950cfb2,7,district,district_13,District 13,felony_theft,Felony Theft,year_to_date,count,2024,,,23,23,,wilmington-compstat-v1,validated
year-end-compstat-2025-r1,year_end_compstat,2025-01-01,2025-12-31,1,3c3b151aad3d007f2279cf5735d63f591623eff526770c425b726af0d950cfb2,7,district,district_13,District 13,felony_theft,Felony Theft,year_to_date,percent_change,2025,2024,1,-22.0,-22%,,wilmington-compstat-v1,validated
year-end-compstat-2025-r1,year_end_compstat,2025-01-01,2025-12-31,1,3c3b151aad3d007f2279cf5735d63f591623eff526770c425b726af0d950cfb2,7,district,district_13,District 13,felony_theft,Felony Theft,year_to_date,percent_change,2025,2023,2,-53.0,-53%,,wilmington-compstat-v1,validated
year-end-compstat-2025-r1,year_end_compstat,2025-01-01,2025-12-31,1,3c3b151aad3d007f2279cf5735d63f591623eff526770c425b726af0d950cfb2,7,district,district_13,District 13,felony_theft,Felony Theft,year_to_date,percent_change,2025,2022,3,-22.0,-22%,,wilmington-compstat-v1,validated
year-end-compstat-2025-r1,year_end_compstat,2025-01-01,2025-12-31,1,3c3b151aad3d007f2279cf5735d63f591623eff526770c425b726af0d950cfb2,7,district,district_13,District 13,felony_theft,Felony Theft,year_to_date,percent_change,2025,2021,4,-31.0,-31%,,wilmington-compstat-v1,validated
year-end-compstat-2025-r1,year_end_compstat,2025-01-01,2025-12-31,1,3c3b151aad3d007f2279cf5735d63f591623eff526770c425b726af0d950cfb2,7,district,district_13,District 13,felony_theft,Felony Theft,year_to_date,percent_change,2025,2020,5,-18.0,-18%,,wilmington-compstat-v1,validated
year-end-compstat-2025-r1,year_end_compstat,2025-01-01,2025-12-31,1,3c3b151aad3d007f2279cf5735d63f591623eff526770c425b726af0d950cfb2,7,district,district_13,District 13,felony_theft,Felony Theft,year_to_date,percent_change,2025,2019,6,-22.0,-22%,,wilmington-compstat-v1,validated
year-end-compstat-2025-r1,year_end_compstat,2025-01-01,2025-12-31,1,3c3b151aad3d007f2279cf5735d63f591623eff526770c425b726af0d950cfb2,7,district,district_13,District 13,auto_theft,Auto Theft,last_7_days,count,2025,,,0,0,,wilmington-compstat-v1,validated
year-end-compstat-2025-r1,year_end_compstat,2025-01-01,2025-12-31,1,3c3b151aad3d007f2279cf5735d63f591623eff526770c425b726af0d950cfb2,7,district,district_13,District 13,auto_theft,Auto Theft,last_7_days,count,2024,,,2,2,,wilmington-compstat-v1,validated
year-end-compstat-2025-r1,year_end_compstat,2025-01-01,2025-12-31,1,3c3b151aad3d007f2279cf5735d63f591623eff526770c425b726af0d950cfb2,7,district,district_13,District 13,auto_theft,Auto Theft,last_7_days,percent_change,2025,2024,1,-100.0,-100%,,wilmington-compstat-v1,validated
year-end-compstat-2025-r1,year_end_compstat,2025-01-01,2025-12-31,1,3c3b151aad3d007f2279cf5735d63f591623eff526770c425b726af0d950cfb2,7,district,district_13,District 13,auto_theft,Auto Theft,last_28_days,count,2025,,,1,1,,wilmington-compstat-v1,validated
year-end-compstat-2025-r1,year_end_compstat,2025-01-01,2025-12-31,1,3c3b151aad3d007f2279cf5735d63f591623eff526770c425b726af0d950cfb2,7,district,district_13,District 13,auto_theft,Auto Theft,last_28_days,count,2024,,,5,5,,wilmington-compstat-v1,validated
year-end-compstat-2025-r1,year_end_compstat,2025-01-01,2025-12-31,1,3c3b151aad3d007f2279cf5735d63f591623eff526770c425b726af0d950cfb2,7,district,district_13,District 13,auto_theft,Auto Theft,last_28_days,percent_change,2025,2024,1,-80.0,-80%,,wilmington-compstat-v1,validated
year-end-compstat-2025-r1,year_end_compstat,2025-01-01,2025-12-31,1,3c3b151aad3d007f2279cf5735d63f591623eff526770c425b726af0d950cfb2,7,district,district_13,District 13,auto_theft,Auto Theft,year_to_date,count,2025,,,38,38,,wilmington-compstat-v1,validated
year-end-compstat-2025-r1,year_end_compstat,2025-01-01,2025-12-31,1,3c3b151aad3d007f2279cf5735d63f591623eff526770c425b726af0d950cfb2,7,district,district_13,District 13,auto_theft,Auto Theft,year_to_date,count,2024,,,45,45,,wilmington-compstat-v1,validated
year-end-compstat-2025-r1,year_end_compstat,2025-01-01,2025-12-31,1,3c3b151aad3d007f2279cf5735d63f591623eff526770c425b726af0d950cfb2,7,district,district_13,District 13,auto_theft,Auto Theft,year_to_date,percent_change,2025,2024,1,-16.0,-16%,,wilmington-compstat-v1,validated
year-end-compstat-2025-r1,year_end_compstat,2025-01-01,2025-12-31,1,3c3b151aad3d007f2279cf5735d63f591623eff526770c425b726af0d950cfb2,7,district,district_13,District 13,auto_theft,Auto Theft,year_to_date,percent_change,2025,2023,2,-34.0,-34%,,wilmington-compstat-v1,validated
year-end-compstat-2025-r1,year_end_compstat,2025-01-01,2025-12-31,1,3c3b151aad3d007f2279cf5735d63f591623eff526770c425b726af0d950cfb2,7,district,district_13,District 13,auto_theft,Auto Theft,year_to_date,percent_change,2025,2022,3,-10.0,-10%,,wilmington-compstat-v1,validated
year-end-compstat-2025-r1,year_end_compstat,2025-01-01,2025-12-31,1,3c3b151aad3d007f2279cf5735d63f591623eff526770c425b726af0d950cfb2,7,district,district_13,District 13,auto_theft,Auto Theft,year_to_date,percent_change,2025,2021,4,-12.0,-12%,,wilmington-compstat-v1,validated
year-end-compstat-2025-r1,year_end_compstat,2025-01-01,2025-12-31,1,3c3b151aad3d007f2279cf5735d63f591623eff526770c425b726af0d950cfb2,7,district,district_13,District 13,auto_theft,Auto Theft,year_to_date,percent_change,2025,2020,5,3.0,3%,,wilmington-compstat-v1,validated
year-end-compstat-2025-r1,year_end_compstat,2025-01-01,2025-12-31,1,3c3b151aad3d007f2279cf5735d63f591623eff526770c425b726af0d950cfb2,7,district,district_13,District 13,auto_theft,Auto Theft,year_to_date,percent_change,2025,2019,6,-10.0,-10%,,wilmington-compstat-v1,validated
year-end-compstat-2025-r1,year_end_compstat,2025-01-01,2025-12-31,1,3c3b151aad3d007f2279cf5735d63f591623eff526770c425b726af0d950cfb2,7,district,district_13,District 13,major_crime_total,TOTAL,last_7_days,count,2025,,,0,0,,wilmington-compstat-v1,validated
year-end-compstat-2025-r1,year_end_compstat,2025-01-01,2025-12-31,1,3c3b151aad3d007f2279cf5735d63f591623eff526770c425b726af0d950cfb2,7,district,district_13,District 13,major_crime_total,TOTAL,last_7_days,count,2024,,,4,4,,wilmington-compstat-v1,validated
year-end-compstat-2025-r1,year_end_compstat,2025-01-01,2025-12-31,1,3c3b151aad3d007f2279cf5735d63f591623eff526770c425b726af0d950cfb2,7,district,district_13,District 13,major_crime_total,TOTAL,last_7_days,percent_change,2025,2024,1,-100.0,-100%,,wilmington-compstat-v1,validated
year-end-compstat-2025-r1,year_end_compstat,2025-01-01,2025-12-31,1,3c3b151aad3d007f2279cf5735d63f591623eff526770c425b726af0d950cfb2,7,district,district_13,District 13,major_crime_total,TOTAL,last_28_days,count,2025,,,5,5,,wilmington-compstat-v1,validated
year-end-compstat-2025-r1,year_end_compstat,2025-01-01,2025-12-31,1,3c3b151aad3d007f2279cf5735d63f591623eff526770c425b726af0d950cfb2,7,district,district_13,District 13,major_crime_total,TOTAL,last_28_days,count,2024,,,12,12,,wilmington-compstat-v1,validated
year-end-compstat-2025-r1,year_end_compstat,2025-01-01,2025-12-31,1,3c3b151aad3d007f2279cf5735d63f591623eff526770c425b726af0d950cfb2,7,district,district_13,District 13,major_crime_total,TOTAL,last_28_days,percent_change,2025,2024,1,-58.0,-58%,,wilmington-compstat-v1,validated
year-end-compstat-2025-r1,year_end_compstat,2025-01-01,2025-12-31,1,3c3b151aad3d007f2279cf5735d63f591623eff526770c425b726af0d950cfb2,7,district,district_13,District 13,major_crime_total,TOTAL,year_to_date,count,2025,,,147,147,,wilmington-compstat-v1,validated
year-end-compstat-2025-r1,year_end_compstat,2025-01-01,2025-12-31,1,3c3b151aad3d007f2279cf5735d63f591623eff526770c425b726af0d950cfb2,7,district,district_13,District 13,major_crime_total,TOTAL,year_to_date,count,2024,,,164,164,,wilmington-compstat-v1,validated
year-end-compstat-2025-r1,year_end_compstat,2025-01-01,2025-12-31,1,3c3b151aad3d007f2279cf5735d63f591623eff526770c425b726af0d950cfb2,7,district,district_13,District 13,major_crime_total,TOTAL,year_to_date,percent_change,2025,2024,1,-10.0,-10%,,wilmington-compstat-v1,validated
year-end-compstat-2025-r1,year_end_compstat,2025-01-01,2025-12-31,1,3c3b151aad3d007f2279cf5735d63f591623eff526770c425b726af0d950cfb2,7,district,district_13,District 13,major_crime_total,TOTAL,year_to_date,percent_change,2025,2023,2,-15.0,-15%,,wilmington-compstat-v1,validated
year-end-compstat-2025-r1,year_end_compstat,2025-01-01,2025-12-31,1,3c3b151aad3d007f2279cf5735d63f591623eff526770c425b726af0d950cfb2,7,district,district_13,District 13,major_crime_total,TOTAL,year_to_date,percent_change,2025,2022,3,-11.0,-11%,,wilmington-compstat-v1,validated
year-end-compstat-2025-r1,year_end_compstat,2025-01-01,2025-12-31,1,3c3b151aad3d007f2279cf5735d63f591623eff526770c425b726af0d950cfb2,7,district,district_13,District 13,major_crime_total,TOTAL,year_to_date,percent_change,2025,2021,4,-19.0,-19%,,wilmington-compstat-v1,validated
year-end-compstat-2025-r1,year_end_compstat,2025-01-01,2025-12-31,1,3c3b151aad3d007f2279cf5735d63f591623eff526770c425b726af0d950cfb2,7,district,district_13,District 13,major_crime_total,TOTAL,year_to_date,percent_change,2025,2020,5,-28.0,-28%,,wilmington-compstat-v1,validated
year-end-compstat-2025-r1,year_end_compstat,2025-01-01,2025-12-31,1,3c3b151aad3d007f2279cf5735d63f591623eff526770c425b726af0d950cfb2,7,district,district_13,District 13,major_crime_total,TOTAL,year_to_date,percent_change,2025,2019,6,-30.0,-30%,,wilmington-compstat-v1,validated
year-end-compstat-2025-r1,year_end_compstat,2025-01-01,2025-12-31,1,3c3b151aad3d007f2279cf5735d63f591623eff526770c425b726af0d950cfb2,7,district,district_13,District 13,shooting_incidents,Shooting Incidents,last_7_days,count,2025,,,0,0,,wilmington-compstat-v1,validated
year-end-compstat-2025-r1,year_end_compstat,2025-01-01,2025-12-31,1,3c3b151aad3d007f2279cf5735d63f591623eff526770c425b726af0d950cfb2,7,district,district_13,District 13,shooting_incidents,Shooting Incidents,last_7_days,count,2024,,,1,1,,wilmington-compstat-v1,validated
year-end-compstat-2025-r1,year_end_compstat,2025-01-01,2025-12-31,1,3c3b151aad3d007f2279cf5735d63f591623eff526770c425b726af0d950cfb2,7,district,district_13,District 13,shooting_incidents,Shooting Incidents,last_7_days,percent_change,2025,2024,1,-100.0,-100%,,wilmington-compstat-v1,validated
year-end-compstat-2025-r1,year_end_compstat,2025-01-01,2025-12-31,1,3c3b151aad3d007f2279cf5735d63f591623eff526770c425b726af0d950cfb2,7,district,district_13,District 13,shooting_incidents,Shooting Incidents,last_28_days,count,2025,,,0,0,,wilmington-compstat-v1,validated
year-end-compstat-2025-r1,year_end_compstat,2025-01-01,2025-12-31,1,3c3b151aad3d007f2279cf5735d63f591623eff526770c425b726af0d950cfb2,7,district,district_13,District 13,shooting_incidents,Shooting Incidents,last_28_days,count,2024,,,1,1,,wilmington-compstat-v1,validated
year-end-compstat-2025-r1,year_end_compstat,2025-01-01,2025-12-31,1,3c3b151aad3d007f2279cf5735d63f591623eff526770c425b726af0d950cfb2,7,district,district_13,District 13,shooting_incidents,Shooting Incidents,last_28_days,percent_change,2025,2024,1,-100.0,-100%,,wilmington-compstat-v1,validated
year-end-compstat-2025-r1,year_end_compstat,2025-01-01,2025-12-31,1,3c3b151aad3d007f2279cf5735d63f591623eff526770c425b726af0d950cfb2,7,district,district_13,District 13,shooting_incidents,Shooting Incidents,year_to_date,count,2025,,,11,11,,wilmington-compstat-v1,validated
year-end-compstat-2025-r1,year_end_compstat,2025-01-01,2025-12-31,1,3c3b151aad3d007f2279cf5735d63f591623eff526770c425b726af0d950cfb2,7,district,district_13,District 13,shooting_incidents,Shooting Incidents,year_to_date,count,2024,,,20,20,,wilmington-compstat-v1,validated
year-end-compstat-2025-r1,year_end_compstat,2025-01-01,2025-12-31,1,3c3b151aad3d007f2279cf5735d63f591623eff526770c425b726af0d950cfb2,7,district,district_13,District 13,shooting_incidents,Shooting Incidents,year_to_date,percent_change,2025,2024,1,-45.0,-45%,,wilmington-compstat-v1,validated
year-end-compstat-2025-r1,year_end_compstat,2025-01-01,2025-12-31,1,3c3b151aad3d007f2279cf5735d63f591623eff526770c425b726af0d950cfb2,7,district,district_13,District 13,shooting_incidents,Shooting Incidents,year_to_date,percent_change,2025,2023,2,-21.0,-21%,,wilmington-compstat-v1,validated
year-end-compstat-2025-r1,year_end_compstat,2025-01-01,2025-12-31,1,3c3b151aad3d007f2279cf5735d63f591623eff526770c425b726af0d950cfb2,7,district,district_13,District 13,shooting_incidents,Shooting Incidents,year_to_date,percent_change,2025,2022,3,-45.0,-45%,,wilmington-compstat-v1,validated
year-end-compstat-2025-r1,year_end_compstat,2025-01-01,2025-12-31,1,3c3b151aad3d007f2279cf5735d63f591623eff526770c425b726af0d950cfb2,7,district,district_13,District 13,shooting_incidents,Shooting Incidents,year_to_date,percent_change,2025,2021,4,-15.0,-15%,,wilmington-compstat-v1,validated
year-end-compstat-2025-r1,year_end_compstat,2025-01-01,2025-12-31,1,3c3b151aad3d007f2279cf5735d63f591623eff526770c425b726af0d950cfb2,7,district,district_13,District 13,shooting_incidents,Shooting Incidents,year_to_date,percent_change,2025,2020,5,-56.0,-56%,,wilmington-compstat-v1,validated
year-end-compstat-2025-r1,year_end_compstat,2025-01-01,2025-12-31,1,3c3b151aad3d007f2279cf5735d63f591623eff526770c425b726af0d950cfb2,7,district,district_13,District 13,shooting_incidents,Shooting Incidents,year_to_date,percent_change,2025,2019,6,-42.0,-42%,,wilmington-compstat-v1,validated
year-end-compstat-2025-r1,year_end_compstat,2025-01-01,2025-12-31,1,3c3b151aad3d007f2279cf5735d63f591623eff526770c425b726af0d950cfb2,7,district,district_13,District 13,shooting_victims,Shooting Victims,last_7_days,count,2025,,,0,0,,wilmington-compstat-v1,validated
year-end-compstat-2025-r1,year_end_compstat,2025-01-01,2025-12-31,1,3c3b151aad3d007f2279cf5735d63f591623eff526770c425b726af0d950cfb2,7,district,district_13,District 13,shooting_victims,Shooting Victims,last_7_days,count,2024,,,2,2,,wilmington-compstat-v1,validated
year-end-compstat-2025-r1,year_end_compstat,2025-01-01,2025-12-31,1,3c3b151aad3d007f2279cf5735d63f591623eff526770c425b726af0d950cfb2,7,district,district_13,District 13,shooting_victims,Shooting Victims,last_7_days,percent_change,2025,2024,1,-100.0,-100%,,wilmington-compstat-v1,validated
year-end-compstat-2025-r1,year_end_compstat,2025-01-01,2025-12-31,1,3c3b151aad3d007f2279cf5735d63f591623eff526770c425b726af0d950cfb2,7,district,district_13,District 13,shooting_victims,Shooting Victims,last_28_days,count,2025,,,0,0,,wilmington-compstat-v1,validated
year-end-compstat-2025-r1,year_end_compstat,2025-01-01,2025-12-31,1,3c3b151aad3d007f2279cf5735d63f591623eff526770c425b726af0d950cfb2,7,district,district_13,District 13,shooting_victims,Shooting Victims,last_28_days,count,2024,,,2,2,,wilmington-compstat-v1,validated
year-end-compstat-2025-r1,year_end_compstat,2025-01-01,2025-12-31,1,3c3b151aad3d007f2279cf5735d63f591623eff526770c425b726af0d950cfb2,7,district,district_13,District 13,shooting_victims,Shooting Victims,last_28_days,percent_change,2025,2024,1,-100.0,-100%,,wilmington-compstat-v1,validated
year-end-compstat-2025-r1,year_end_compstat,2025-01-01,2025-12-31,1,3c3b151aad3d007f2279cf5735d63f591623eff526770c425b726af0d950cfb2,7,district,district_13,District 13,shooting_victims,Shooting Victims,year_to_date,count,2025,,,14,14,,wilmington-compstat-v1,validated
year-end-compstat-2025-r1,year_end_compstat,2025-01-01,2025-12-31,1,3c3b151aad3d007f2279cf5735d63f591623eff526770c425b726af0d950cfb2,7,district,district_13,District 13,shooting_victims,Shooting Victims,year_to_date,count,2024,,,26,26,,wilmington-compstat-v1,validated
year-end-compstat-2025-r1,year_end_compstat,2025-01-01,2025-12-31,1,3c3b151aad3d007f2279cf5735d63f591623eff526770c425b726af0d950cfb2,7,district,district_13,District 13,shooting_victims,Shooting Victims,year_to_date,percent_change,2025,2024,1,-46.0,-46%,,wilmington-compstat-v1,validated
year-end-compstat-2025-r1,year_end_compstat,2025-01-01,2025-12-31,1,3c3b151aad3d007f2279cf5735d63f591623eff526770c425b726af0d950cfb2,7,district,district_13,District 13,shooting_victims,Shooting Victims,year_to_date,percent_change,2025,2023,2,-22.0,-22%,,wilmington-compstat-v1,validated
year-end-compstat-2025-r1,year_end_compstat,2025-01-01,2025-12-31,1,3c3b151aad3d007f2279cf5735d63f591623eff526770c425b726af0d950cfb2,7,district,district_13,District 13,shooting_victims,Shooting Victims,year_to_date,percent_change,2025,2022,3,-39.0,-39%,,wilmington-compstat-v1,validated
year-end-compstat-2025-r1,year_end_compstat,2025-01-01,2025-12-31,1,3c3b151aad3d007f2279cf5735d63f591623eff526770c425b726af0d950cfb2,7,district,district_13,District 13,shooting_victims,Shooting Victims,year_to_date,percent_change,2025,2021,4,-22.0,-22%,,wilmington-compstat-v1,validated
year-end-compstat-2025-r1,year_end_compstat,2025-01-01,2025-12-31,1,3c3b151aad3d007f2279cf5735d63f591623eff526770c425b726af0d950cfb2,7,district,district_13,District 13,shooting_victims,Shooting Victims,year_to_date,percent_change,2025,2020,5,-56.0,-56%,,wilmington-compstat-v1,validated
year-end-compstat-2025-r1,year_end_compstat,2025-01-01,2025-12-31,1,3c3b151aad3d007f2279cf5735d63f591623eff526770c425b726af0d950cfb2,7,district,district_13,District 13,shooting_victims,Shooting Victims,year_to_date,percent_change,2025,2019,6,-33.0,-33%,,wilmington-compstat-v1,validated
year-end-compstat-2025-r1,year_end_compstat,2025-01-01,2025-12-31,1,3c3b151aad3d007f2279cf5735d63f591623eff526770c425b726af0d950cfb2,7,district,district_13,District 13,juvenile_shooting_incidents,*Juv Shooting Incidents,last_7_days,count,2025,,,0,0,,wilmington-compstat-v1,validated
year-end-compstat-2025-r1,year_end_compstat,2025-01-01,2025-12-31,1,3c3b151aad3d007f2279cf5735d63f591623eff526770c425b726af0d950cfb2,7,district,district_13,District 13,juvenile_shooting_incidents,*Juv Shooting Incidents,last_7_days,count,2024,,,1,1,,wilmington-compstat-v1,validated
year-end-compstat-2025-r1,year_end_compstat,2025-01-01,2025-12-31,1,3c3b151aad3d007f2279cf5735d63f591623eff526770c425b726af0d950cfb2,7,district,district_13,District 13,juvenile_shooting_incidents,*Juv Shooting Incidents,last_7_days,percent_change,2025,2024,1,-100.0,-100%,,wilmington-compstat-v1,validated
year-end-compstat-2025-r1,year_end_compstat,2025-01-01,2025-12-31,1,3c3b151aad3d007f2279cf5735d63f591623eff526770c425b726af0d950cfb2,7,district,district_13,District 13,juvenile_shooting_incidents,*Juv Shooting Incidents,last_28_days,count,2025,,,0,0,,wilmington-compstat-v1,validated
year-end-compstat-2025-r1,year_end_compstat,2025-01-01,2025-12-31,1,3c3b151aad3d007f2279cf5735d63f591623eff526770c425b726af0d950cfb2,7,district,district_13,District 13,juvenile_shooting_incidents,*Juv Shooting Incidents,last_28_days,count,2024,,,1,1,,wilmington-compstat-v1,validated
year-end-compstat-2025-r1,year_end_compstat,2025-01-01,2025-12-31,1,3c3b151aad3d007f2279cf5735d63f591623eff526770c425b726af0d950cfb2,7,district,district_13,District 13,juvenile_shooting_incidents,*Juv Shooting Incidents,last_28_days,percent_change,2025,2024,1,-100.0,-100%,,wilmington-compstat-v1,validated
year-end-compstat-2025-r1,year_end_compstat,2025-01-01,2025-12-31,1,3c3b151aad3d007f2279cf5735d63f591623eff526770c425b726af0d950cfb2,7,district,district_13,District 13,juvenile_shooting_incidents,*Juv Shooting Incidents,year_to_date,count,2025,,,1,1,,wilmington-compstat-v1,validated
year-end-compstat-2025-r1,year_end_compstat,2025-01-01,2025-12-31,1,3c3b151aad3d007f2279cf5735d63f591623eff526770c425b726af0d950cfb2,7,district,district_13,District 13,juvenile_shooting_incidents,*Juv Shooting Incidents,year_to_date,count,2024,,,6,6,,wilmington-compstat-v1,validated
year-end-compstat-2025-r1,year_end_compstat,2025-01-01,2025-12-31,1,3c3b151aad3d007f2279cf5735d63f591623eff526770c425b726af0d950cfb2,7,district,district_13,District 13,juvenile_shooting_incidents,*Juv Shooting Incidents,year_to_date,percent_change,2025,2024,1,-83.0,-83%,,wilmington-compstat-v1,validated
year-end-compstat-2025-r1,year_end_compstat,2025-01-01,2025-12-31,1,3c3b151aad3d007f2279cf5735d63f591623eff526770c425b726af0d950cfb2,7,district,district_13,District 13,juvenile_shooting_incidents,*Juv Shooting Incidents,year_to_date,percent_change,2025,2023,2,0.0,0%,,wilmington-compstat-v1,validated
year-end-compstat-2025-r1,year_end_compstat,2025-01-01,2025-12-31,1,3c3b151aad3d007f2279cf5735d63f591623eff526770c425b726af0d950cfb2,7,district,district_13,District 13,juvenile_shooting_incidents,*Juv Shooting Incidents,year_to_date,percent_change,2025,2022,3,-50.0,-50%,,wilmington-compstat-v1,validated
year-end-compstat-2025-r1,year_end_compstat,2025-01-01,2025-12-31,1,3c3b151aad3d007f2279cf5735d63f591623eff526770c425b726af0d950cfb2,7,district,district_13,District 13,juvenile_shooting_incidents,*Juv Shooting Incidents,year_to_date,percent_change,2025,2021,4,0.0,0%,,wilmington-compstat-v1,validated
year-end-compstat-2025-r1,year_end_compstat,2025-01-01,2025-12-31,1,3c3b151aad3d007f2279cf5735d63f591623eff526770c425b726af0d950cfb2,7,district,district_13,District 13,juvenile_shooting_incidents,*Juv Shooting Incidents,year_to_date,percent_change,2025,2020,5,0.0,0%,,wilmington-compstat-v1,validated
year-end-compstat-2025-r1,year_end_compstat,2025-01-01,2025-12-31,1,3c3b151aad3d007f2279cf5735d63f591623eff526770c425b726af0d950cfb2,7,district,district_13,District 13,juvenile_shooting_incidents,*Juv Shooting Incidents,year_to_date,percent_change,2025,2019,6,-50.0,-50%,,wilmington-compstat-v1,validated
year-end-compstat-2025-r1,year_end_compstat,2025-01-01,2025-12-31,1,3c3b151aad3d007f2279cf5735d63f591623eff526770c425b726af0d950cfb2,7,district,district_13,District 13,juvenile_shooting_victims,*Juv Shooting Victims,last_7_days,count,2025,,,0,0,,wilmington-compstat-v1,validated
year-end-compstat-2025-r1,year_end_compstat,2025-01-01,2025-12-31,1,3c3b151aad3d007f2279cf5735d63f591623eff526770c425b726af0d950cfb2,7,district,district_13,District 13,juvenile_shooting_victims,*Juv Shooting Victims,last_7_days,count,2024,,,2,2,,wilmington-compstat-v1,validated
year-end-compstat-2025-r1,year_end_compstat,2025-01-01,2025-12-31,1,3c3b151aad3d007f2279cf5735d63f591623eff526770c425b726af0d950cfb2,7,district,district_13,District 13,juvenile_shooting_victims,*Juv Shooting Victims,last_7_days,percent_change,2025,2024,1,-100.0,-100%,,wilmington-compstat-v1,validated
year-end-compstat-2025-r1,year_end_compstat,2025-01-01,2025-12-31,1,3c3b151aad3d007f2279cf5735d63f591623eff526770c425b726af0d950cfb2,7,district,district_13,District 13,juvenile_shooting_victims,*Juv Shooting Victims,last_28_days,count,2025,,,0,0,,wilmington-compstat-v1,validated
year-end-compstat-2025-r1,year_end_compstat,2025-01-01,2025-12-31,1,3c3b151aad3d007f2279cf5735d63f591623eff526770c425b726af0d950cfb2,7,district,district_13,District 13,juvenile_shooting_victims,*Juv Shooting Victims,last_28_days,count,2024,,,2,2,,wilmington-compstat-v1,validated
year-end-compstat-2025-r1,year_end_compstat,2025-01-01,2025-12-31,1,3c3b151aad3d007f2279cf5735d63f591623eff526770c425b726af0d950cfb2,7,district,district_13,District 13,juvenile_shooting_victims,*Juv Shooting Victims,last_28_days,percent_change,2025,2024,1,-100.0,-100%,,wilmington-compstat-v1,validated
year-end-compstat-2025-r1,year_end_compstat,2025-01-01,2025-12-31,1,3c3b151aad3d007f2279cf5735d63f591623eff526770c425b726af0d950cfb2,7,district,district_13,District 13,juvenile_shooting_victims,*Juv Shooting Victims,year_to_date,count,2025,,,1,1,,wilmington-compstat-v1,validated
year-end-compstat-2025-r1,year_end_compstat,2025-01-01,2025-12-31,1,3c3b151aad3d007f2279cf5735d63f591623eff526770c425b726af0d950cfb2,7,district,district_13,District 13,juvenile_shooting_victims,*Juv Shooting Victims,year_to_date,count,2024,,,7,7,,wilmington-compstat-v1,validated
year-end-compstat-2025-r1,year_end_compstat,2025-01-01,2025-12-31,1,3c3b151aad3d007f2279cf5735d63f591623eff526770c425b726af0d950cfb2,7,district,district_13,District 13,juvenile_shooting_victims,*Juv Shooting Victims,year_to_date,percent_change,2025,2024,1,-86.0,-86%,,wilmington-compstat-v1,validated
year-end-compstat-2025-r1,year_end_compstat,2025-01-01,2025-12-31,1,3c3b151aad3d007f2279cf5735d63f591623eff526770c425b726af0d950cfb2,7,district,district_13,District 13,juvenile_shooting_victims,*Juv Shooting Victims,year_to_date,percent_change,2025,2023,2,0.0,0%,,wilmington-compstat-v1,validated
year-end-compstat-2025-r1,year_end_compstat,2025-01-01,2025-12-31,1,3c3b151aad3d007f2279cf5735d63f591623eff526770c425b726af0d950cfb2,7,district,district_13,District 13,juvenile_shooting_victims,*Juv Shooting Victims,year_to_date,percent_change,2025,2022,3,-67.0,-67%,,wilmington-compstat-v1,validated
year-end-compstat-2025-r1,year_end_compstat,2025-01-01,2025-12-31,1,3c3b151aad3d007f2279cf5735d63f591623eff526770c425b726af0d950cfb2,7,district,district_13,District 13,juvenile_shooting_victims,*Juv Shooting Victims,year_to_date,percent_change,2025,2021,4,0.0,0%,,wilmington-compstat-v1,validated
year-end-compstat-2025-r1,year_end_compstat,2025-01-01,2025-12-31,1,3c3b151aad3d007f2279cf5735d63f591623eff526770c425b726af0d950cfb2,7,district,district_13,District 13,juvenile_shooting_victims,*Juv Shooting Victims,year_to_date,percent_change,2025,2020,5,0.0,0%,,wilmington-compstat-v1,validated
year-end-compstat-2025-r1,year_end_compstat,2025-01-01,2025-12-31,1,3c3b151aad3d007f2279cf5735d63f591623eff526770c425b726af0d950cfb2,7,district,district_13,District 13,juvenile_shooting_victims,*Juv Shooting Victims,year_to_date,percent_change,2025,2019,6,-50.0,-50%,,wilmington-compstat-v1,validated
year-end-compstat-2025-r1,year_end_compstat,2025-01-01,2025-12-31,1,3c3b151aad3d007f2279cf5735d63f591623eff526770c425b726af0d950cfb2,7,district,district_13,District 13,misdemeanor_theft,Theft (Misdemeanor),last_7_days,count,2025,,,0,0,,wilmington-compstat-v1,validated
year-end-compstat-2025-r1,year_end_compstat,2025-01-01,2025-12-31,1,3c3b151aad3d007f2279cf5735d63f591623eff526770c425b726af0d950cfb2,7,district,district_13,District 13,misdemeanor_theft,Theft (Misdemeanor),last_7_days,count,2024,,,2,2,,wilmington-compstat-v1,validated
year-end-compstat-2025-r1,year_end_compstat,2025-01-01,2025-12-31,1,3c3b151aad3d007f2279cf5735d63f591623eff526770c425b726af0d950cfb2,7,district,district_13,District 13,misdemeanor_theft,Theft (Misdemeanor),last_7_days,percent_change,2025,2024,1,-100.0,-100%,,wilmington-compstat-v1,validated
year-end-compstat-2025-r1,year_end_compstat,2025-01-01,2025-12-31,1,3c3b151aad3d007f2279cf5735d63f591623eff526770c425b726af0d950cfb2,7,district,district_13,District 13,misdemeanor_theft,Theft (Misdemeanor),last_28_days,count,2025,,,0,0,,wilmington-compstat-v1,validated
year-end-compstat-2025-r1,year_end_compstat,2025-01-01,2025-12-31,1,3c3b151aad3d007f2279cf5735d63f591623eff526770c425b726af0d950cfb2,7,district,district_13,District 13,misdemeanor_theft,Theft (Misdemeanor),last_28_days,count,2024,,,5,5,,wilmington-compstat-v1,validated
year-end-compstat-2025-r1,year_end_compstat,2025-01-01,2025-12-31,1,3c3b151aad3d007f2279cf5735d63f591623eff526770c425b726af0d950cfb2,7,district,district_13,District 13,misdemeanor_theft,Theft (Misdemeanor),last_28_days,percent_change,2025,2024,1,-100.0,-100%,,wilmington-compstat-v1,validated
year-end-compstat-2025-r1,year_end_compstat,2025-01-01,2025-12-31,1,3c3b151aad3d007f2279cf5735d63f591623eff526770c425b726af0d950cfb2,7,district,district_13,District 13,misdemeanor_theft,Theft (Misdemeanor),year_to_date,count,2025,,,67,67,,wilmington-compstat-v1,validated
year-end-compstat-2025-r1,year_end_compstat,2025-01-01,2025-12-31,1,3c3b151aad3d007f2279cf5735d63f591623eff526770c425b726af0d950cfb2,7,district,district_13,District 13,misdemeanor_theft,Theft (Misdemeanor),year_to_date,count,2024,,,73,73,,wilmington-compstat-v1,validated
year-end-compstat-2025-r1,year_end_compstat,2025-01-01,2025-12-31,1,3c3b151aad3d007f2279cf5735d63f591623eff526770c425b726af0d950cfb2,7,district,district_13,District 13,misdemeanor_theft,Theft (Misdemeanor),year_to_date,percent_change,2025,2024,1,-8.0,-8%,,wilmington-compstat-v1,validated
year-end-compstat-2025-r1,year_end_compstat,2025-01-01,2025-12-31,1,3c3b151aad3d007f2279cf5735d63f591623eff526770c425b726af0d950cfb2,7,district,district_13,District 13,misdemeanor_theft,Theft (Misdemeanor),year_to_date,percent_change,2025,2023,2,-3.0,-3%,,wilmington-compstat-v1,validated
year-end-compstat-2025-r1,year_end_compstat,2025-01-01,2025-12-31,1,3c3b151aad3d007f2279cf5735d63f591623eff526770c425b726af0d950cfb2,7,district,district_13,District 13,misdemeanor_theft,Theft (Misdemeanor),year_to_date,percent_change,2025,2022,3,-13.0,-13%,,wilmington-compstat-v1,validated
year-end-compstat-2025-r1,year_end_compstat,2025-01-01,2025-12-31,1,3c3b151aad3d007f2279cf5735d63f591623eff526770c425b726af0d950cfb2,7,district,district_13,District 13,misdemeanor_theft,Theft (Misdemeanor),year_to_date,percent_change,2025,2021,4,-26.0,-26%,,wilmington-compstat-v1,validated
year-end-compstat-2025-r1,year_end_compstat,2025-01-01,2025-12-31,1,3c3b151aad3d007f2279cf5735d63f591623eff526770c425b726af0d950cfb2,7,district,district_13,District 13,misdemeanor_theft,Theft (Misdemeanor),year_to_date,percent_change,2025,2020,5,-12.0,-12%,,wilmington-compstat-v1,validated
year-end-compstat-2025-r1,year_end_compstat,2025-01-01,2025-12-31,1,3c3b151aad3d007f2279cf5735d63f591623eff526770c425b726af0d950cfb2,7,district,district_13,District 13,misdemeanor_theft,Theft (Misdemeanor),year_to_date,percent_change,2025,2019,6,-32.0,-32%,,wilmington-compstat-v1,validated
year-end-compstat-2025-r1,year_end_compstat,2025-01-01,2025-12-31,1,3c3b151aad3d007f2279cf5735d63f591623eff526770c425b726af0d950cfb2,9,district,district_14,District 14,murder,Murder,last_7_days,count,2025,,,0,0,,wilmington-compstat-v1,validated
year-end-compstat-2025-r1,year_end_compstat,2025-01-01,2025-12-31,1,3c3b151aad3d007f2279cf5735d63f591623eff526770c425b726af0d950cfb2,9,district,district_14,District 14,murder,Murder,last_7_days,count,2024,,,0,0,,wilmington-compstat-v1,validated
year-end-compstat-2025-r1,year_end_compstat,2025-01-01,2025-12-31,1,3c3b151aad3d007f2279cf5735d63f591623eff526770c425b726af0d950cfb2,9,district,district_14,District 14,murder,Murder,last_7_days,percent_change,2025,2024,1,,*,undefined_zero_denominator,wilmington-compstat-v1,validated
year-end-compstat-2025-r1,year_end_compstat,2025-01-01,2025-12-31,1,3c3b151aad3d007f2279cf5735d63f591623eff526770c425b726af0d950cfb2,9,district,district_14,District 14,murder,Murder,last_28_days,count,2025,,,0,0,,wilmington-compstat-v1,validated
year-end-compstat-2025-r1,year_end_compstat,2025-01-01,2025-12-31,1,3c3b151aad3d007f2279cf5735d63f591623eff526770c425b726af0d950cfb2,9,district,district_14,District 14,murder,Murder,last_28_days,count,2024,,,0,0,,wilmington-compstat-v1,validated
year-end-compstat-2025-r1,year_end_compstat,2025-01-01,2025-12-31,1,3c3b151aad3d007f2279cf5735d63f591623eff526770c425b726af0d950cfb2,9,district,district_14,District 14,murder,Murder,last_28_days,percent_change,2025,2024,1,,*,undefined_zero_denominator,wilmington-compstat-v1,validated
year-end-compstat-2025-r1,year_end_compstat,2025-01-01,2025-12-31,1,3c3b151aad3d007f2279cf5735d63f591623eff526770c425b726af0d950cfb2,9,district,district_14,District 14,murder,Murder,year_to_date,count,2025,,,4,4,,wilmington-compstat-v1,validated
year-end-compstat-2025-r1,year_end_compstat,2025-01-01,2025-12-31,1,3c3b151aad3d007f2279cf5735d63f591623eff526770c425b726af0d950cfb2,9,district,district_14,District 14,murder,Murder,year_to_date,count,2024,,,2,2,,wilmington-compstat-v1,validated
year-end-compstat-2025-r1,year_end_compstat,2025-01-01,2025-12-31,1,3c3b151aad3d007f2279cf5735d63f591623eff526770c425b726af0d950cfb2,9,district,district_14,District 14,murder,Murder,year_to_date,percent_change,2025,2024,1,100.0,100%,,wilmington-compstat-v1,validated
year-end-compstat-2025-r1,year_end_compstat,2025-01-01,2025-12-31,1,3c3b151aad3d007f2279cf5735d63f591623eff526770c425b726af0d950cfb2,9,district,district_14,District 14,murder,Murder,year_to_date,percent_change,2025,2023,2,300.0,300%,,wilmington-compstat-v1,validated
year-end-compstat-2025-r1,year_end_compstat,2025-01-01,2025-12-31,1,3c3b151aad3d007f2279cf5735d63f591623eff526770c425b726af0d950cfb2,9,district,district_14,District 14,murder,Murder,year_to_date,percent_change,2025,2022,3,100.0,100%,,wilmington-compstat-v1,validated
year-end-compstat-2025-r1,year_end_compstat,2025-01-01,2025-12-31,1,3c3b151aad3d007f2279cf5735d63f591623eff526770c425b726af0d950cfb2,9,district,district_14,District 14,murder,Murder,year_to_date,percent_change,2025,2021,4,-60.0,-60%,,wilmington-compstat-v1,validated
year-end-compstat-2025-r1,year_end_compstat,2025-01-01,2025-12-31,1,3c3b151aad3d007f2279cf5735d63f591623eff526770c425b726af0d950cfb2,9,district,district_14,District 14,murder,Murder,year_to_date,percent_change,2025,2020,5,,*,undefined_zero_denominator,wilmington-compstat-v1,validated
year-end-compstat-2025-r1,year_end_compstat,2025-01-01,2025-12-31,1,3c3b151aad3d007f2279cf5735d63f591623eff526770c425b726af0d950cfb2,9,district,district_14,District 14,murder,Murder,year_to_date,percent_change,2025,2019,6,0.0,0%,,wilmington-compstat-v1,validated
year-end-compstat-2025-r1,year_end_compstat,2025-01-01,2025-12-31,1,3c3b151aad3d007f2279cf5735d63f591623eff526770c425b726af0d950cfb2,9,district,district_14,District 14,rape,Rape,last_7_days,count,2025,,,0,0,,wilmington-compstat-v1,validated
year-end-compstat-2025-r1,year_end_compstat,2025-01-01,2025-12-31,1,3c3b151aad3d007f2279cf5735d63f591623eff526770c425b726af0d950cfb2,9,district,district_14,District 14,rape,Rape,last_7_days,count,2024,,,0,0,,wilmington-compstat-v1,validated
year-end-compstat-2025-r1,year_end_compstat,2025-01-01,2025-12-31,1,3c3b151aad3d007f2279cf5735d63f591623eff526770c425b726af0d950cfb2,9,district,district_14,District 14,rape,Rape,last_7_days,percent_change,2025,2024,1,,*,undefined_zero_denominator,wilmington-compstat-v1,validated
year-end-compstat-2025-r1,year_end_compstat,2025-01-01,2025-12-31,1,3c3b151aad3d007f2279cf5735d63f591623eff526770c425b726af0d950cfb2,9,district,district_14,District 14,rape,Rape,last_28_days,count,2025,,,0,0,,wilmington-compstat-v1,validated
year-end-compstat-2025-r1,year_end_compstat,2025-01-01,2025-12-31,1,3c3b151aad3d007f2279cf5735d63f591623eff526770c425b726af0d950cfb2,9,district,district_14,District 14,rape,Rape,last_28_days,count,2024,,,0,0,,wilmington-compstat-v1,validated
year-end-compstat-2025-r1,year_end_compstat,2025-01-01,2025-12-31,1,3c3b151aad3d007f2279cf5735d63f591623eff526770c425b726af0d950cfb2,9,district,district_14,District 14,rape,Rape,last_28_days,percent_change,2025,2024,1,,*,undefined_zero_denominator,wilmington-compstat-v1,validated
year-end-compstat-2025-r1,year_end_compstat,2025-01-01,2025-12-31,1,3c3b151aad3d007f2279cf5735d63f591623eff526770c425b726af0d950cfb2,9,district,district_14,District 14,rape,Rape,year_to_date,count,2025,,,1,1,,wilmington-compstat-v1,validated
year-end-compstat-2025-r1,year_end_compstat,2025-01-01,2025-12-31,1,3c3b151aad3d007f2279cf5735d63f591623eff526770c425b726af0d950cfb2,9,district,district_14,District 14,rape,Rape,year_to_date,count,2024,,,0,0,,wilmington-compstat-v1,validated
year-end-compstat-2025-r1,year_end_compstat,2025-01-01,2025-12-31,1,3c3b151aad3d007f2279cf5735d63f591623eff526770c425b726af0d950cfb2,9,district,district_14,District 14,rape,Rape,year_to_date,percent_change,2025,2024,1,,*,undefined_zero_denominator,wilmington-compstat-v1,validated
year-end-compstat-2025-r1,year_end_compstat,2025-01-01,2025-12-31,1,3c3b151aad3d007f2279cf5735d63f591623eff526770c425b726af0d950cfb2,9,district,district_14,District 14,rape,Rape,year_to_date,percent_change,2025,2023,2,0.0,0%,,wilmington-compstat-v1,validated
year-end-compstat-2025-r1,year_end_compstat,2025-01-01,2025-12-31,1,3c3b151aad3d007f2279cf5735d63f591623eff526770c425b726af0d950cfb2,9,district,district_14,District 14,rape,Rape,year_to_date,percent_change,2025,2022,3,,*,undefined_zero_denominator,wilmington-compstat-v1,validated
year-end-compstat-2025-r1,year_end_compstat,2025-01-01,2025-12-31,1,3c3b151aad3d007f2279cf5735d63f591623eff526770c425b726af0d950cfb2,9,district,district_14,District 14,rape,Rape,year_to_date,percent_change,2025,2021,4,-67.0,-67%,,wilmington-compstat-v1,validated
year-end-compstat-2025-r1,year_end_compstat,2025-01-01,2025-12-31,1,3c3b151aad3d007f2279cf5735d63f591623eff526770c425b726af0d950cfb2,9,district,district_14,District 14,rape,Rape,year_to_date,percent_change,2025,2020,5,-80.0,-80%,,wilmington-compstat-v1,validated
year-end-compstat-2025-r1,year_end_compstat,2025-01-01,2025-12-31,1,3c3b151aad3d007f2279cf5735d63f591623eff526770c425b726af0d950cfb2,9,district,district_14,District 14,rape,Rape,year_to_date,percent_change,2025,2019,6,-50.0,-50%,,wilmington-compstat-v1,validated
year-end-compstat-2025-r1,year_end_compstat,2025-01-01,2025-12-31,1,3c3b151aad3d007f2279cf5735d63f591623eff526770c425b726af0d950cfb2,9,district,district_14,District 14,robbery,Robbery,last_7_days,count,2025,,,0,0,,wilmington-compstat-v1,validated
year-end-compstat-2025-r1,year_end_compstat,2025-01-01,2025-12-31,1,3c3b151aad3d007f2279cf5735d63f591623eff526770c425b726af0d950cfb2,9,district,district_14,District 14,robbery,Robbery,last_7_days,count,2024,,,0,0,,wilmington-compstat-v1,validated
year-end-compstat-2025-r1,year_end_compstat,2025-01-01,2025-12-31,1,3c3b151aad3d007f2279cf5735d63f591623eff526770c425b726af0d950cfb2,9,district,district_14,District 14,robbery,Robbery,last_7_days,percent_change,2025,2024,1,,*,undefined_zero_denominator,wilmington-compstat-v1,validated
year-end-compstat-2025-r1,year_end_compstat,2025-01-01,2025-12-31,1,3c3b151aad3d007f2279cf5735d63f591623eff526770c425b726af0d950cfb2,9,district,district_14,District 14,robbery,Robbery,last_28_days,count,2025,,,2,2,,wilmington-compstat-v1,validated
year-end-compstat-2025-r1,year_end_compstat,2025-01-01,2025-12-31,1,3c3b151aad3d007f2279cf5735d63f591623eff526770c425b726af0d950cfb2,9,district,district_14,District 14,robbery,Robbery,last_28_days,count,2024,,,1,1,,wilmington-compstat-v1,validated
year-end-compstat-2025-r1,year_end_compstat,2025-01-01,2025-12-31,1,3c3b151aad3d007f2279cf5735d63f591623eff526770c425b726af0d950cfb2,9,district,district_14,District 14,robbery,Robbery,last_28_days,percent_change,2025,2024,1,25.0,25%,,wilmington-compstat-v1,validated
year-end-compstat-2025-r1,year_end_compstat,2025-01-01,2025-12-31,1,3c3b151aad3d007f2279cf5735d63f591623eff526770c425b726af0d950cfb2,9,district,district_14,District 14,robbery,Robbery,year_to_date,count,2025,,,15,15,,wilmington-compstat-v1,validated
year-end-compstat-2025-r1,year_end_compstat,2025-01-01,2025-12-31,1,3c3b151aad3d007f2279cf5735d63f591623eff526770c425b726af0d950cfb2,9,district,district_14,District 14,robbery,Robbery,year_to_date,count,2024,,,19,19,,wilmington-compstat-v1,validated
year-end-compstat-2025-r1,year_end_compstat,2025-01-01,2025-12-31,1,3c3b151aad3d007f2279cf5735d63f591623eff526770c425b726af0d950cfb2,9,district,district_14,District 14,robbery,Robbery,year_to_date,percent_change,2025,2024,1,-21.0,-21%,,wilmington-compstat-v1,validated
year-end-compstat-2025-r1,year_end_compstat,2025-01-01,2025-12-31,1,3c3b151aad3d007f2279cf5735d63f591623eff526770c425b726af0d950cfb2,9,district,district_14,District 14,robbery,Robbery,year_to_date,percent_change,2025,2023,2,-38.0,-38%,,wilmington-compstat-v1,validated
year-end-compstat-2025-r1,year_end_compstat,2025-01-01,2025-12-31,1,3c3b151aad3d007f2279cf5735d63f591623eff526770c425b726af0d950cfb2,9,district,district_14,District 14,robbery,Robbery,year_to_date,percent_change,2025,2022,3,-48.0,-48%,,wilmington-compstat-v1,validated
year-end-compstat-2025-r1,year_end_compstat,2025-01-01,2025-12-31,1,3c3b151aad3d007f2279cf5735d63f591623eff526770c425b726af0d950cfb2,9,district,district_14,District 14,robbery,Robbery,year_to_date,percent_change,2025,2021,4,-53.0,-53%,,wilmington-compstat-v1,validated
year-end-compstat-2025-r1,year_end_compstat,2025-01-01,2025-12-31,1,3c3b151aad3d007f2279cf5735d63f591623eff526770c425b726af0d950cfb2,9,district,district_14,District 14,robbery,Robbery,year_to_date,percent_change,2025,2020,5,-66.0,-66%,,wilmington-compstat-v1,validated
year-end-compstat-2025-r1,year_end_compstat,2025-01-01,2025-12-31,1,3c3b151aad3d007f2279cf5735d63f591623eff526770c425b726af0d950cfb2,9,district,district_14,District 14,robbery,Robbery,year_to_date,percent_change,2025,2019,6,-61.0,-61%,,wilmington-compstat-v1,validated
year-end-compstat-2025-r1,year_end_compstat,2025-01-01,2025-12-31,1,3c3b151aad3d007f2279cf5735d63f591623eff526770c425b726af0d950cfb2,9,district,district_14,District 14,aggravated_assault,Agg. Assault,last_7_days,count,2025,,,0,0,,wilmington-compstat-v1,validated
year-end-compstat-2025-r1,year_end_compstat,2025-01-01,2025-12-31,1,3c3b151aad3d007f2279cf5735d63f591623eff526770c425b726af0d950cfb2,9,district,district_14,District 14,aggravated_assault,Agg. Assault,last_7_days,count,2024,,,1,1,,wilmington-compstat-v1,validated
year-end-compstat-2025-r1,year_end_compstat,2025-01-01,2025-12-31,1,3c3b151aad3d007f2279cf5735d63f591623eff526770c425b726af0d950cfb2,9,district,district_14,District 14,aggravated_assault,Agg. Assault,last_7_days,percent_change,2025,2024,1,-100.0,-100%,,wilmington-compstat-v1,validated
year-end-compstat-2025-r1,year_end_compstat,2025-01-01,2025-12-31,1,3c3b151aad3d007f2279cf5735d63f591623eff526770c425b726af0d950cfb2,9,district,district_14,District 14,aggravated_assault,Agg. Assault,last_28_days,count,2025,,,0,0,,wilmington-compstat-v1,validated
year-end-compstat-2025-r1,year_end_compstat,2025-01-01,2025-12-31,1,3c3b151aad3d007f2279cf5735d63f591623eff526770c425b726af0d950cfb2,9,district,district_14,District 14,aggravated_assault,Agg. Assault,last_28_days,count,2024,,,4,4,,wilmington-compstat-v1,validated
year-end-compstat-2025-r1,year_end_compstat,2025-01-01,2025-12-31,1,3c3b151aad3d007f2279cf5735d63f591623eff526770c425b726af0d950cfb2,9,district,district_14,District 14,aggravated_assault,Agg. Assault,last_28_days,percent_change,2025,2024,1,-100.0,-100%,,wilmington-compstat-v1,validated
year-end-compstat-2025-r1,year_end_compstat,2025-01-01,2025-12-31,1,3c3b151aad3d007f2279cf5735d63f591623eff526770c425b726af0d950cfb2,9,district,district_14,District 14,aggravated_assault,Agg. Assault,year_to_date,count,2025,,,47,47,,wilmington-compstat-v1,validated
year-end-compstat-2025-r1,year_end_compstat,2025-01-01,2025-12-31,1,3c3b151aad3d007f2279cf5735d63f591623eff526770c425b726af0d950cfb2,9,district,district_14,District 14,aggravated_assault,Agg. Assault,year_to_date,count,2024,,,61,61,,wilmington-compstat-v1,validated
year-end-compstat-2025-r1,year_end_compstat,2025-01-01,2025-12-31,1,3c3b151aad3d007f2279cf5735d63f591623eff526770c425b726af0d950cfb2,9,district,district_14,District 14,aggravated_assault,Agg. Assault,year_to_date,percent_change,2025,2024,1,-23.0,-23%,,wilmington-compstat-v1,validated
year-end-compstat-2025-r1,year_end_compstat,2025-01-01,2025-12-31,1,3c3b151aad3d007f2279cf5735d63f591623eff526770c425b726af0d950cfb2,9,district,district_14,District 14,aggravated_assault,Agg. Assault,year_to_date,percent_change,2025,2023,2,-18.0,-18%,,wilmington-compstat-v1,validated
year-end-compstat-2025-r1,year_end_compstat,2025-01-01,2025-12-31,1,3c3b151aad3d007f2279cf5735d63f591623eff526770c425b726af0d950cfb2,9,district,district_14,District 14,aggravated_assault,Agg. Assault,year_to_date,percent_change,2025,2022,3,-18.0,-18%,,wilmington-compstat-v1,validated
year-end-compstat-2025-r1,year_end_compstat,2025-01-01,2025-12-31,1,3c3b151aad3d007f2279cf5735d63f591623eff526770c425b726af0d950cfb2,9,district,district_14,District 14,aggravated_assault,Agg. Assault,year_to_date,percent_change,2025,2021,4,-31.0,-31%,,wilmington-compstat-v1,validated
year-end-compstat-2025-r1,year_end_compstat,2025-01-01,2025-12-31,1,3c3b151aad3d007f2279cf5735d63f591623eff526770c425b726af0d950cfb2,9,district,district_14,District 14,aggravated_assault,Agg. Assault,year_to_date,percent_change,2025,2020,5,-44.0,-44%,,wilmington-compstat-v1,validated
year-end-compstat-2025-r1,year_end_compstat,2025-01-01,2025-12-31,1,3c3b151aad3d007f2279cf5735d63f591623eff526770c425b726af0d950cfb2,9,district,district_14,District 14,aggravated_assault,Agg. Assault,year_to_date,percent_change,2025,2019,6,-44.0,-44%,,wilmington-compstat-v1,validated
year-end-compstat-2025-r1,year_end_compstat,2025-01-01,2025-12-31,1,3c3b151aad3d007f2279cf5735d63f591623eff526770c425b726af0d950cfb2,9,district,district_14,District 14,burglary,Burglary,last_7_days,count,2025,,,0,0,,wilmington-compstat-v1,validated
year-end-compstat-2025-r1,year_end_compstat,2025-01-01,2025-12-31,1,3c3b151aad3d007f2279cf5735d63f591623eff526770c425b726af0d950cfb2,9,district,district_14,District 14,burglary,Burglary,last_7_days,count,2024,,,1,1,,wilmington-compstat-v1,validated
year-end-compstat-2025-r1,year_end_compstat,2025-01-01,2025-12-31,1,3c3b151aad3d007f2279cf5735d63f591623eff526770c425b726af0d950cfb2,9,district,district_14,District 14,burglary,Burglary,last_7_days,percent_change,2025,2024,1,-100.0,-100%,,wilmington-compstat-v1,validated
year-end-compstat-2025-r1,year_end_compstat,2025-01-01,2025-12-31,1,3c3b151aad3d007f2279cf5735d63f591623eff526770c425b726af0d950cfb2,9,district,district_14,District 14,burglary,Burglary,last_28_days,count,2025,,,1,1,,wilmington-compstat-v1,validated
year-end-compstat-2025-r1,year_end_compstat,2025-01-01,2025-12-31,1,3c3b151aad3d007f2279cf5735d63f591623eff526770c425b726af0d950cfb2,9,district,district_14,District 14,burglary,Burglary,last_28_days,count,2024,,,5,5,,wilmington-compstat-v1,validated
year-end-compstat-2025-r1,year_end_compstat,2025-01-01,2025-12-31,1,3c3b151aad3d007f2279cf5735d63f591623eff526770c425b726af0d950cfb2,9,district,district_14,District 14,burglary,Burglary,last_28_days,percent_change,2025,2024,1,-80.0,-80%,,wilmington-compstat-v1,validated
year-end-compstat-2025-r1,year_end_compstat,2025-01-01,2025-12-31,1,3c3b151aad3d007f2279cf5735d63f591623eff526770c425b726af0d950cfb2,9,district,district_14,District 14,burglary,Burglary,year_to_date,count,2025,,,61,61,,wilmington-compstat-v1,validated
year-end-compstat-2025-r1,year_end_compstat,2025-01-01,2025-12-31,1,3c3b151aad3d007f2279cf5735d63f591623eff526770c425b726af0d950cfb2,9,district,district_14,District 14,burglary,Burglary,year_to_date,count,2024,,,56,56,,wilmington-compstat-v1,validated
year-end-compstat-2025-r1,year_end_compstat,2025-01-01,2025-12-31,1,3c3b151aad3d007f2279cf5735d63f591623eff526770c425b726af0d950cfb2,9,district,district_14,District 14,burglary,Burglary,year_to_date,percent_change,2025,2024,1,9.0,9%,,wilmington-compstat-v1,validated
year-end-compstat-2025-r1,year_end_compstat,2025-01-01,2025-12-31,1,3c3b151aad3d007f2279cf5735d63f591623eff526770c425b726af0d950cfb2,9,district,district_14,District 14,burglary,Burglary,year_to_date,percent_change,2025,2023,2,61.0,61%,,wilmington-compstat-v1,validated
year-end-compstat-2025-r1,year_end_compstat,2025-01-01,2025-12-31,1,3c3b151aad3d007f2279cf5735d63f591623eff526770c425b726af0d950cfb2,9,district,district_14,District 14,burglary,Burglary,year_to_date,percent_change,2025,2022,3,-6.0,-6%,,wilmington-compstat-v1,validated
year-end-compstat-2025-r1,year_end_compstat,2025-01-01,2025-12-31,1,3c3b151aad3d007f2279cf5735d63f591623eff526770c425b726af0d950cfb2,9,district,district_14,District 14,burglary,Burglary,year_to_date,percent_change,2025,2021,4,13.0,13%,,wilmington-compstat-v1,validated
year-end-compstat-2025-r1,year_end_compstat,2025-01-01,2025-12-31,1,3c3b151aad3d007f2279cf5735d63f591623eff526770c425b726af0d950cfb2,9,district,district_14,District 14,burglary,Burglary,year_to_date,percent_change,2025,2020,5,-22.0,-22%,,wilmington-compstat-v1,validated
year-end-compstat-2025-r1,year_end_compstat,2025-01-01,2025-12-31,1,3c3b151aad3d007f2279cf5735d63f591623eff526770c425b726af0d950cfb2,9,district,district_14,District 14,burglary,Burglary,year_to_date,percent_change,2025,2019,6,-30.0,-30%,,wilmington-compstat-v1,validated
year-end-compstat-2025-r1,year_end_compstat,2025-01-01,2025-12-31,1,3c3b151aad3d007f2279cf5735d63f591623eff526770c425b726af0d950cfb2,9,district,district_14,District 14,felony_theft,Felony Theft,last_7_days,count,2025,,,0,0,,wilmington-compstat-v1,validated
year-end-compstat-2025-r1,year_end_compstat,2025-01-01,2025-12-31,1,3c3b151aad3d007f2279cf5735d63f591623eff526770c425b726af0d950cfb2,9,district,district_14,District 14,felony_theft,Felony Theft,last_7_days,count,2024,,,0,0,,wilmington-compstat-v1,validated
year-end-compstat-2025-r1,year_end_compstat,2025-01-01,2025-12-31,1,3c3b151aad3d007f2279cf5735d63f591623eff526770c425b726af0d950cfb2,9,district,district_14,District 14,felony_theft,Felony Theft,last_7_days,percent_change,2025,2024,1,,*,undefined_zero_denominator,wilmington-compstat-v1,validated
year-end-compstat-2025-r1,year_end_compstat,2025-01-01,2025-12-31,1,3c3b151aad3d007f2279cf5735d63f591623eff526770c425b726af0d950cfb2,9,district,district_14,District 14,felony_theft,Felony Theft,last_28_days,count,2025,,,1,1,,wilmington-compstat-v1,validated
year-end-compstat-2025-r1,year_end_compstat,2025-01-01,2025-12-31,1,3c3b151aad3d007f2279cf5735d63f591623eff526770c425b726af0d950cfb2,9,district,district_14,District 14,felony_theft,Felony Theft,last_28_days,count,2024,,,4,4,,wilmington-compstat-v1,validated
year-end-compstat-2025-r1,year_end_compstat,2025-01-01,2025-12-31,1,3c3b151aad3d007f2279cf5735d63f591623eff526770c425b726af0d950cfb2,9,district,district_14,District 14,felony_theft,Felony Theft,last_28_days,percent_change,2025,2024,1,-75.0,-75%,,wilmington-compstat-v1,validated
year-end-compstat-2025-r1,year_end_compstat,2025-01-01,2025-12-31,1,3c3b151aad3d007f2279cf5735d63f591623eff526770c425b726af0d950cfb2,9,district,district_14,District 14,felony_theft,Felony Theft,year_to_date,count,2025,,,38,38,,wilmington-compstat-v1,validated
year-end-compstat-2025-r1,year_end_compstat,2025-01-01,2025-12-31,1,3c3b151aad3d007f2279cf5735d63f591623eff526770c425b726af0d950cfb2,9,district,district_14,District 14,felony_theft,Felony Theft,year_to_date,count,2024,,,43,43,,wilmington-compstat-v1,validated
year-end-compstat-2025-r1,year_end_compstat,2025-01-01,2025-12-31,1,3c3b151aad3d007f2279cf5735d63f591623eff526770c425b726af0d950cfb2,9,district,district_14,District 14,felony_theft,Felony Theft,year_to_date,percent_change,2025,2024,1,-12.0,-12%,,wilmington-compstat-v1,validated
year-end-compstat-2025-r1,year_end_compstat,2025-01-01,2025-12-31,1,3c3b151aad3d007f2279cf5735d63f591623eff526770c425b726af0d950cfb2,9,district,district_14,District 14,felony_theft,Felony Theft,year_to_date,percent_change,2025,2023,2,-27.0,-27%,,wilmington-compstat-v1,validated
year-end-compstat-2025-r1,year_end_compstat,2025-01-01,2025-12-31,1,3c3b151aad3d007f2279cf5735d63f591623eff526770c425b726af0d950cfb2,9,district,district_14,District 14,felony_theft,Felony Theft,year_to_date,percent_change,2025,2022,3,-25.0,-25%,,wilmington-compstat-v1,validated
year-end-compstat-2025-r1,year_end_compstat,2025-01-01,2025-12-31,1,3c3b151aad3d007f2279cf5735d63f591623eff526770c425b726af0d950cfb2,9,district,district_14,District 14,felony_theft,Felony Theft,year_to_date,percent_change,2025,2021,4,-34.0,-34%,,wilmington-compstat-v1,validated
year-end-compstat-2025-r1,year_end_compstat,2025-01-01,2025-12-31,1,3c3b151aad3d007f2279cf5735d63f591623eff526770c425b726af0d950cfb2,9,district,district_14,District 14,felony_theft,Felony Theft,year_to_date,percent_change,2025,2020,5,-10.0,-10%,,wilmington-compstat-v1,validated
year-end-compstat-2025-r1,year_end_compstat,2025-01-01,2025-12-31,1,3c3b151aad3d007f2279cf5735d63f591623eff526770c425b726af0d950cfb2,9,district,district_14,District 14,felony_theft,Felony Theft,year_to_date,percent_change,2025,2019,6,-36.0,-36%,,wilmington-compstat-v1,validated
year-end-compstat-2025-r1,year_end_compstat,2025-01-01,2025-12-31,1,3c3b151aad3d007f2279cf5735d63f591623eff526770c425b726af0d950cfb2,9,district,district_14,District 14,auto_theft,Auto Theft,last_7_days,count,2025,,,1,1,,wilmington-compstat-v1,validated
year-end-compstat-2025-r1,year_end_compstat,2025-01-01,2025-12-31,1,3c3b151aad3d007f2279cf5735d63f591623eff526770c425b726af0d950cfb2,9,district,district_14,District 14,auto_theft,Auto Theft,last_7_days,count,2024,,,2,2,,wilmington-compstat-v1,validated
year-end-compstat-2025-r1,year_end_compstat,2025-01-01,2025-12-31,1,3c3b151aad3d007f2279cf5735d63f591623eff526770c425b726af0d950cfb2,9,district,district_14,District 14,auto_theft,Auto Theft,last_7_days,percent_change,2025,2024,1,-50.0,-50%,,wilmington-compstat-v1,validated
year-end-compstat-2025-r1,year_end_compstat,2025-01-01,2025-12-31,1,3c3b151aad3d007f2279cf5735d63f591623eff526770c425b726af0d950cfb2,9,district,district_14,District 14,auto_theft,Auto Theft,last_28_days,count,2025,,,6,6,,wilmington-compstat-v1,validated
year-end-compstat-2025-r1,year_end_compstat,2025-01-01,2025-12-31,1,3c3b151aad3d007f2279cf5735d63f591623eff526770c425b726af0d950cfb2,9,district,district_14,District 14,auto_theft,Auto Theft,last_28_days,count,2024,,,5,5,,wilmington-compstat-v1,validated
year-end-compstat-2025-r1,year_end_compstat,2025-01-01,2025-12-31,1,3c3b151aad3d007f2279cf5735d63f591623eff526770c425b726af0d950cfb2,9,district,district_14,District 14,auto_theft,Auto Theft,last_28_days,percent_change,2025,2024,1,20.0,20%,,wilmington-compstat-v1,validated
year-end-compstat-2025-r1,year_end_compstat,2025-01-01,2025-12-31,1,3c3b151aad3d007f2279cf5735d63f591623eff526770c425b726af0d950cfb2,9,district,district_14,District 14,auto_theft,Auto Theft,year_to_date,count,2025,,,99,99,,wilmington-compstat-v1,validated
year-end-compstat-2025-r1,year_end_compstat,2025-01-01,2025-12-31,1,3c3b151aad3d007f2279cf5735d63f591623eff526770c425b726af0d950cfb2,9,district,district_14,District 14,auto_theft,Auto Theft,year_to_date,count,2024,,,106,106,,wilmington-compstat-v1,validated
year-end-compstat-2025-r1,year_end_compstat,2025-01-01,2025-12-31,1,3c3b151aad3d007f2279cf5735d63f591623eff526770c425b726af0d950cfb2,9,district,district_14,District 14,auto_theft,Auto Theft,year_to_date,percent_change,2025,2024,1,-7.0,-7%,,wilmington-compstat-v1,validated
year-end-compstat-2025-r1,year_end_compstat,2025-01-01,2025-12-31,1,3c3b151aad3d007f2279cf5735d63f591623eff526770c425b726af0d950cfb2,9,district,district_14,District 14,auto_theft,Auto Theft,year_to_date,percent_change,2025,2023,2,-29.0,-29%,,wilmington-compstat-v1,validated
year-end-compstat-2025-r1,year_end_compstat,2025-01-01,2025-12-31,1,3c3b151aad3d007f2279cf5735d63f591623eff526770c425b726af0d950cfb2,9,district,district_14,District 14,auto_theft,Auto Theft,year_to_date,percent_change,2025,2022,3,43.0,43%,,wilmington-compstat-v1,validated
year-end-compstat-2025-r1,year_end_compstat,2025-01-01,2025-12-31,1,3c3b151aad3d007f2279cf5735d63f591623eff526770c425b726af0d950cfb2,9,district,district_14,District 14,auto_theft,Auto Theft,year_to_date,percent_change,2025,2021,4,41.0,41%,,wilmington-compstat-v1,validated
year-end-compstat-2025-r1,year_end_compstat,2025-01-01,2025-12-31,1,3c3b151aad3d007f2279cf5735d63f591623eff526770c425b726af0d950cfb2,9,district,district_14,District 14,auto_theft,Auto Theft,year_to_date,percent_change,2025,2020,5,27.0,27%,,wilmington-compstat-v1,validated
year-end-compstat-2025-r1,year_end_compstat,2025-01-01,2025-12-31,1,3c3b151aad3d007f2279cf5735d63f591623eff526770c425b726af0d950cfb2,9,district,district_14,District 14,auto_theft,Auto Theft,year_to_date,percent_change,2025,2019,6,8.0,8%,,wilmington-compstat-v1,validated
year-end-compstat-2025-r1,year_end_compstat,2025-01-01,2025-12-31,1,3c3b151aad3d007f2279cf5735d63f591623eff526770c425b726af0d950cfb2,9,district,district_14,District 14,major_crime_total,TOTAL,last_7_days,count,2025,,,1,1,,wilmington-compstat-v1,validated
year-end-compstat-2025-r1,year_end_compstat,2025-01-01,2025-12-31,1,3c3b151aad3d007f2279cf5735d63f591623eff526770c425b726af0d950cfb2,9,district,district_14,District 14,major_crime_total,TOTAL,last_7_days,count,2024,,,4,4,,wilmington-compstat-v1,validated
year-end-compstat-2025-r1,year_end_compstat,2025-01-01,2025-12-31,1,3c3b151aad3d007f2279cf5735d63f591623eff526770c425b726af0d950cfb2,9,district,district_14,District 14,major_crime_total,TOTAL,last_7_days,percent_change,2025,2024,1,-75.0,-75%,,wilmington-compstat-v1,validated
year-end-compstat-2025-r1,year_end_compstat,2025-01-01,2025-12-31,1,3c3b151aad3d007f2279cf5735d63f591623eff526770c425b726af0d950cfb2,9,district,district_14,District 14,major_crime_total,TOTAL,last_28_days,count,2025,,,10,10,,wilmington-compstat-v1,validated
year-end-compstat-2025-r1,year_end_compstat,2025-01-01,2025-12-31,1,3c3b151aad3d007f2279cf5735d63f591623eff526770c425b726af0d950cfb2,9,district,district_14,District 14,major_crime_total,TOTAL,last_28_days,count,2024,,,19,19,,wilmington-compstat-v1,validated
year-end-compstat-2025-r1,year_end_compstat,2025-01-01,2025-12-31,1,3c3b151aad3d007f2279cf5735d63f591623eff526770c425b726af0d950cfb2,9,district,district_14,District 14,major_crime_total,TOTAL,last_28_days,percent_change,2025,2024,1,-47.0,-47%,,wilmington-compstat-v1,validated
year-end-compstat-2025-r1,year_end_compstat,2025-01-01,2025-12-31,1,3c3b151aad3d007f2279cf5735d63f591623eff526770c425b726af0d950cfb2,9,district,district_14,District 14,major_crime_total,TOTAL,year_to_date,count,2025,,,265,265,,wilmington-compstat-v1,validated
year-end-compstat-2025-r1,year_end_compstat,2025-01-01,2025-12-31,1,3c3b151aad3d007f2279cf5735d63f591623eff526770c425b726af0d950cfb2,9,district,district_14,District 14,major_crime_total,TOTAL,year_to_date,count,2024,,,287,287,,wilmington-compstat-v1,validated
year-end-compstat-2025-r1,year_end_compstat,2025-01-01,2025-12-31,1,3c3b151aad3d007f2279cf5735d63f591623eff526770c425b726af0d950cfb2,9,district,district_14,District 14,major_crime_total,TOTAL,year_to_date,percent_change,2025,2024,1,-8.0,-8%,,wilmington-compstat-v1,validated
year-end-compstat-2025-r1,year_end_compstat,2025-01-01,2025-12-31,1,3c3b151aad3d007f2279cf5735d63f591623eff526770c425b726af0d950cfb2,9,district,district_14,District 14,major_crime_total,TOTAL,year_to_date,percent_change,2025,2023,2,-15.0,-15%,,wilmington-compstat-v1,validated
year-end-compstat-2025-r1,year_end_compstat,2025-01-01,2025-12-31,1,3c3b151aad3d007f2279cf5735d63f591623eff526770c425b726af0d950cfb2,9,district,district_14,District 14,major_crime_total,TOTAL,year_to_date,percent_change,2025,2022,3,-3.0,-3%,,wilmington-compstat-v1,validated
year-end-compstat-2025-r1,year_end_compstat,2025-01-01,2025-12-31,1,3c3b151aad3d007f2279cf5735d63f591623eff526770c425b726af0d950cfb2,9,district,district_14,District 14,major_crime_total,TOTAL,year_to_date,percent_change,2025,2021,4,-10.0,-10%,,wilmington-compstat-v1,validated
year-end-compstat-2025-r1,year_end_compstat,2025-01-01,2025-12-31,1,3c3b151aad3d007f2279cf5735d63f591623eff526770c425b726af0d950cfb2,9,district,district_14,District 14,major_crime_total,TOTAL,year_to_date,percent_change,2025,2020,5,-20.0,-20%,,wilmington-compstat-v1,validated
year-end-compstat-2025-r1,year_end_compstat,2025-01-01,2025-12-31,1,3c3b151aad3d007f2279cf5735d63f591623eff526770c425b726af0d950cfb2,9,district,district_14,District 14,major_crime_total,TOTAL,year_to_date,percent_change,2025,2019,6,-28.0,-28%,,wilmington-compstat-v1,validated
year-end-compstat-2025-r1,year_end_compstat,2025-01-01,2025-12-31,1,3c3b151aad3d007f2279cf5735d63f591623eff526770c425b726af0d950cfb2,9,district,district_14,District 14,shooting_incidents,Shooting Incidents,last_7_days,count,2025,,,0,0,,wilmington-compstat-v1,validated
year-end-compstat-2025-r1,year_end_compstat,2025-01-01,2025-12-31,1,3c3b151aad3d007f2279cf5735d63f591623eff526770c425b726af0d950cfb2,9,district,district_14,District 14,shooting_incidents,Shooting Incidents,last_7_days,count,2024,,,1,1,,wilmington-compstat-v1,validated
year-end-compstat-2025-r1,year_end_compstat,2025-01-01,2025-12-31,1,3c3b151aad3d007f2279cf5735d63f591623eff526770c425b726af0d950cfb2,9,district,district_14,District 14,shooting_incidents,Shooting Incidents,last_7_days,percent_change,2025,2024,1,-100.0,-100%,,wilmington-compstat-v1,validated
year-end-compstat-2025-r1,year_end_compstat,2025-01-01,2025-12-31,1,3c3b151aad3d007f2279cf5735d63f591623eff526770c425b726af0d950cfb2,9,district,district_14,District 14,shooting_incidents,Shooting Incidents,last_28_days,count,2025,,,0,0,,wilmington-compstat-v1,validated
year-end-compstat-2025-r1,year_end_compstat,2025-01-01,2025-12-31,1,3c3b151aad3d007f2279cf5735d63f591623eff526770c425b726af0d950cfb2,9,district,district_14,District 14,shooting_incidents,Shooting Incidents,last_28_days,count,2024,,,1,1,,wilmington-compstat-v1,validated
year-end-compstat-2025-r1,year_end_compstat,2025-01-01,2025-12-31,1,3c3b151aad3d007f2279cf5735d63f591623eff526770c425b726af0d950cfb2,9,district,district_14,District 14,shooting_incidents,Shooting Incidents,last_28_days,percent_change,2025,2024,1,-100.0,-100%,,wilmington-compstat-v1,validated
year-end-compstat-2025-r1,year_end_compstat,2025-01-01,2025-12-31,1,3c3b151aad3d007f2279cf5735d63f591623eff526770c425b726af0d950cfb2,9,district,district_14,District 14,shooting_incidents,Shooting Incidents,year_to_date,count,2025,,,10,10,,wilmington-compstat-v1,validated
year-end-compstat-2025-r1,year_end_compstat,2025-01-01,2025-12-31,1,3c3b151aad3d007f2279cf5735d63f591623eff526770c425b726af0d950cfb2,9,district,district_14,District 14,shooting_incidents,Shooting Incidents,year_to_date,count,2024,,,10,10,,wilmington-compstat-v1,validated
year-end-compstat-2025-r1,year_end_compstat,2025-01-01,2025-12-31,1,3c3b151aad3d007f2279cf5735d63f591623eff526770c425b726af0d950cfb2,9,district,district_14,District 14,shooting_incidents,Shooting Incidents,year_to_date,percent_change,2025,2024,1,0.0,0%,,wilmington-compstat-v1,validated
year-end-compstat-2025-r1,year_end_compstat,2025-01-01,2025-12-31,1,3c3b151aad3d007f2279cf5735d63f591623eff526770c425b726af0d950cfb2,9,district,district_14,District 14,shooting_incidents,Shooting Incidents,year_to_date,percent_change,2025,2023,2,-9.0,-9%,,wilmington-compstat-v1,validated
year-end-compstat-2025-r1,year_end_compstat,2025-01-01,2025-12-31,1,3c3b151aad3d007f2279cf5735d63f591623eff526770c425b726af0d950cfb2,9,district,district_14,District 14,shooting_incidents,Shooting Incidents,year_to_date,percent_change,2025,2022,3,-17.0,-17%,,wilmington-compstat-v1,validated
year-end-compstat-2025-r1,year_end_compstat,2025-01-01,2025-12-31,1,3c3b151aad3d007f2279cf5735d63f591623eff526770c425b726af0d950cfb2,9,district,district_14,District 14,shooting_incidents,Shooting Incidents,year_to_date,percent_change,2025,2021,4,-47.0,-47%,,wilmington-compstat-v1,validated
year-end-compstat-2025-r1,year_end_compstat,2025-01-01,2025-12-31,1,3c3b151aad3d007f2279cf5735d63f591623eff526770c425b726af0d950cfb2,9,district,district_14,District 14,shooting_incidents,Shooting Incidents,year_to_date,percent_change,2025,2020,5,-52.0,-52%,,wilmington-compstat-v1,validated
year-end-compstat-2025-r1,year_end_compstat,2025-01-01,2025-12-31,1,3c3b151aad3d007f2279cf5735d63f591623eff526770c425b726af0d950cfb2,9,district,district_14,District 14,shooting_incidents,Shooting Incidents,year_to_date,percent_change,2025,2019,6,-44.0,-44%,,wilmington-compstat-v1,validated
year-end-compstat-2025-r1,year_end_compstat,2025-01-01,2025-12-31,1,3c3b151aad3d007f2279cf5735d63f591623eff526770c425b726af0d950cfb2,9,district,district_14,District 14,shooting_victims,Shooting Victims,last_7_days,count,2025,,,0,0,,wilmington-compstat-v1,validated
year-end-compstat-2025-r1,year_end_compstat,2025-01-01,2025-12-31,1,3c3b151aad3d007f2279cf5735d63f591623eff526770c425b726af0d950cfb2,9,district,district_14,District 14,shooting_victims,Shooting Victims,last_7_days,count,2024,,,1,1,,wilmington-compstat-v1,validated
year-end-compstat-2025-r1,year_end_compstat,2025-01-01,2025-12-31,1,3c3b151aad3d007f2279cf5735d63f591623eff526770c425b726af0d950cfb2,9,district,district_14,District 14,shooting_victims,Shooting Victims,last_7_days,percent_change,2025,2024,1,-100.0,-100%,,wilmington-compstat-v1,validated
year-end-compstat-2025-r1,year_end_compstat,2025-01-01,2025-12-31,1,3c3b151aad3d007f2279cf5735d63f591623eff526770c425b726af0d950cfb2,9,district,district_14,District 14,shooting_victims,Shooting Victims,last_28_days,count,2025,,,0,0,,wilmington-compstat-v1,validated
year-end-compstat-2025-r1,year_end_compstat,2025-01-01,2025-12-31,1,3c3b151aad3d007f2279cf5735d63f591623eff526770c425b726af0d950cfb2,9,district,district_14,District 14,shooting_victims,Shooting Victims,last_28_days,count,2024,,,1,1,,wilmington-compstat-v1,validated
year-end-compstat-2025-r1,year_end_compstat,2025-01-01,2025-12-31,1,3c3b151aad3d007f2279cf5735d63f591623eff526770c425b726af0d950cfb2,9,district,district_14,District 14,shooting_victims,Shooting Victims,last_28_days,percent_change,2025,2024,1,-100.0,-100%,,wilmington-compstat-v1,validated
year-end-compstat-2025-r1,year_end_compstat,2025-01-01,2025-12-31,1,3c3b151aad3d007f2279cf5735d63f591623eff526770c425b726af0d950cfb2,9,district,district_14,District 14,shooting_victims,Shooting Victims,year_to_date,count,2025,,,11,11,,wilmington-compstat-v1,validated
year-end-compstat-2025-r1,year_end_compstat,2025-01-01,2025-12-31,1,3c3b151aad3d007f2279cf5735d63f591623eff526770c425b726af0d950cfb2,9,district,district_14,District 14,shooting_victims,Shooting Victims,year_to_date,count,2024,,,14,14,,wilmington-compstat-v1,validated
year-end-compstat-2025-r1,year_end_compstat,2025-01-01,2025-12-31,1,3c3b151aad3d007f2279cf5735d63f591623eff526770c425b726af0d950cfb2,9,district,district_14,District 14,shooting_victims,Shooting Victims,year_to_date,percent_change,2025,2024,1,-21.0,-21%,,wilmington-compstat-v1,validated
year-end-compstat-2025-r1,year_end_compstat,2025-01-01,2025-12-31,1,3c3b151aad3d007f2279cf5735d63f591623eff526770c425b726af0d950cfb2,9,district,district_14,District 14,shooting_victims,Shooting Victims,year_to_date,percent_change,2025,2023,2,0.0,0%,,wilmington-compstat-v1,validated
year-end-compstat-2025-r1,year_end_compstat,2025-01-01,2025-12-31,1,3c3b151aad3d007f2279cf5735d63f591623eff526770c425b726af0d950cfb2,9,district,district_14,District 14,shooting_victims,Shooting Victims,year_to_date,percent_change,2025,2022,3,-42.0,-42%,,wilmington-compstat-v1,validated
year-end-compstat-2025-r1,year_end_compstat,2025-01-01,2025-12-31,1,3c3b151aad3d007f2279cf5735d63f591623eff526770c425b726af0d950cfb2,9,district,district_14,District 14,shooting_victims,Shooting Victims,year_to_date,percent_change,2025,2021,4,-50.0,-50%,,wilmington-compstat-v1,validated
year-end-compstat-2025-r1,year_end_compstat,2025-01-01,2025-12-31,1,3c3b151aad3d007f2279cf5735d63f591623eff526770c425b726af0d950cfb2,9,district,district_14,District 14,shooting_victims,Shooting Victims,year_to_date,percent_change,2025,2020,5,-54.0,-54%,,wilmington-compstat-v1,validated
year-end-compstat-2025-r1,year_end_compstat,2025-01-01,2025-12-31,1,3c3b151aad3d007f2279cf5735d63f591623eff526770c425b726af0d950cfb2,9,district,district_14,District 14,shooting_victims,Shooting Victims,year_to_date,percent_change,2025,2019,6,-58.0,-58%,,wilmington-compstat-v1,validated
year-end-compstat-2025-r1,year_end_compstat,2025-01-01,2025-12-31,1,3c3b151aad3d007f2279cf5735d63f591623eff526770c425b726af0d950cfb2,9,district,district_14,District 14,juvenile_shooting_incidents,*Juv Shooting Incidents,last_7_days,count,2025,,,0,0,,wilmington-compstat-v1,validated
year-end-compstat-2025-r1,year_end_compstat,2025-01-01,2025-12-31,1,3c3b151aad3d007f2279cf5735d63f591623eff526770c425b726af0d950cfb2,9,district,district_14,District 14,juvenile_shooting_incidents,*Juv Shooting Incidents,last_7_days,count,2024,,,0,0,,wilmington-compstat-v1,validated
year-end-compstat-2025-r1,year_end_compstat,2025-01-01,2025-12-31,1,3c3b151aad3d007f2279cf5735d63f591623eff526770c425b726af0d950cfb2,9,district,district_14,District 14,juvenile_shooting_incidents,*Juv Shooting Incidents,last_7_days,percent_change,2025,2024,1,,*,undefined_zero_denominator,wilmington-compstat-v1,validated
year-end-compstat-2025-r1,year_end_compstat,2025-01-01,2025-12-31,1,3c3b151aad3d007f2279cf5735d63f591623eff526770c425b726af0d950cfb2,9,district,district_14,District 14,juvenile_shooting_incidents,*Juv Shooting Incidents,last_28_days,count,2025,,,0,0,,wilmington-compstat-v1,validated
year-end-compstat-2025-r1,year_end_compstat,2025-01-01,2025-12-31,1,3c3b151aad3d007f2279cf5735d63f591623eff526770c425b726af0d950cfb2,9,district,district_14,District 14,juvenile_shooting_incidents,*Juv Shooting Incidents,last_28_days,count,2024,,,0,0,,wilmington-compstat-v1,validated
year-end-compstat-2025-r1,year_end_compstat,2025-01-01,2025-12-31,1,3c3b151aad3d007f2279cf5735d63f591623eff526770c425b726af0d950cfb2,9,district,district_14,District 14,juvenile_shooting_incidents,*Juv Shooting Incidents,last_28_days,percent_change,2025,2024,1,,*,undefined_zero_denominator,wilmington-compstat-v1,validated
year-end-compstat-2025-r1,year_end_compstat,2025-01-01,2025-12-31,1,3c3b151aad3d007f2279cf5735d63f591623eff526770c425b726af0d950cfb2,9,district,district_14,District 14,juvenile_shooting_incidents,*Juv Shooting Incidents,year_to_date,count,2025,,,1,1,,wilmington-compstat-v1,validated
year-end-compstat-2025-r1,year_end_compstat,2025-01-01,2025-12-31,1,3c3b151aad3d007f2279cf5735d63f591623eff526770c425b726af0d950cfb2,9,district,district_14,District 14,juvenile_shooting_incidents,*Juv Shooting Incidents,year_to_date,count,2024,,,2,2,,wilmington-compstat-v1,validated
year-end-compstat-2025-r1,year_end_compstat,2025-01-01,2025-12-31,1,3c3b151aad3d007f2279cf5735d63f591623eff526770c425b726af0d950cfb2,9,district,district_14,District 14,juvenile_shooting_incidents,*Juv Shooting Incidents,year_to_date,percent_change,2025,2024,1,-50.0,-50%,,wilmington-compstat-v1,validated
year-end-compstat-2025-r1,year_end_compstat,2025-01-01,2025-12-31,1,3c3b151aad3d007f2279cf5735d63f591623eff526770c425b726af0d950cfb2,9,district,district_14,District 14,juvenile_shooting_incidents,*Juv Shooting Incidents,year_to_date,percent_change,2025,2023,2,-75.0,-75%,,wilmington-compstat-v1,validated
year-end-compstat-2025-r1,year_end_compstat,2025-01-01,2025-12-31,1,3c3b151aad3d007f2279cf5735d63f591623eff526770c425b726af0d950cfb2,9,district,district_14,District 14,juvenile_shooting_incidents,*Juv Shooting Incidents,year_to_date,percent_change,2025,2022,3,-80.0,-80%,,wilmington-compstat-v1,validated
year-end-compstat-2025-r1,year_end_compstat,2025-01-01,2025-12-31,1,3c3b151aad3d007f2279cf5735d63f591623eff526770c425b726af0d950cfb2,9,district,district_14,District 14,juvenile_shooting_incidents,*Juv Shooting Incidents,year_to_date,percent_change,2025,2021,4,-80.0,-80%,,wilmington-compstat-v1,validated
year-end-compstat-2025-r1,year_end_compstat,2025-01-01,2025-12-31,1,3c3b151aad3d007f2279cf5735d63f591623eff526770c425b726af0d950cfb2,9,district,district_14,District 14,juvenile_shooting_incidents,*Juv Shooting Incidents,year_to_date,percent_change,2025,2020,5,-83.0,-83%,,wilmington-compstat-v1,validated
year-end-compstat-2025-r1,year_end_compstat,2025-01-01,2025-12-31,1,3c3b151aad3d007f2279cf5735d63f591623eff526770c425b726af0d950cfb2,9,district,district_14,District 14,juvenile_shooting_incidents,*Juv Shooting Incidents,year_to_date,percent_change,2025,2019,6,-91.0,-91%,,wilmington-compstat-v1,validated
year-end-compstat-2025-r1,year_end_compstat,2025-01-01,2025-12-31,1,3c3b151aad3d007f2279cf5735d63f591623eff526770c425b726af0d950cfb2,9,district,district_14,District 14,juvenile_shooting_victims,*Juv Shooting Victims,last_7_days,count,2025,,,0,0,,wilmington-compstat-v1,validated
year-end-compstat-2025-r1,year_end_compstat,2025-01-01,2025-12-31,1,3c3b151aad3d007f2279cf5735d63f591623eff526770c425b726af0d950cfb2,9,district,district_14,District 14,juvenile_shooting_victims,*Juv Shooting Victims,last_7_days,count,2024,,,0,0,,wilmington-compstat-v1,validated
year-end-compstat-2025-r1,year_end_compstat,2025-01-01,2025-12-31,1,3c3b151aad3d007f2279cf5735d63f591623eff526770c425b726af0d950cfb2,9,district,district_14,District 14,juvenile_shooting_victims,*Juv Shooting Victims,last_7_days,percent_change,2025,2024,1,,*,undefined_zero_denominator,wilmington-compstat-v1,validated
year-end-compstat-2025-r1,year_end_compstat,2025-01-01,2025-12-31,1,3c3b151aad3d007f2279cf5735d63f591623eff526770c425b726af0d950cfb2,9,district,district_14,District 14,juvenile_shooting_victims,*Juv Shooting Victims,last_28_days,count,2025,,,0,0,,wilmington-compstat-v1,validated
year-end-compstat-2025-r1,year_end_compstat,2025-01-01,2025-12-31,1,3c3b151aad3d007f2279cf5735d63f591623eff526770c425b726af0d950cfb2,9,district,district_14,District 14,juvenile_shooting_victims,*Juv Shooting Victims,last_28_days,count,2024,,,0,0,,wilmington-compstat-v1,validated
year-end-compstat-2025-r1,year_end_compstat,2025-01-01,2025-12-31,1,3c3b151aad3d007f2279cf5735d63f591623eff526770c425b726af0d950cfb2,9,district,district_14,District 14,juvenile_shooting_victims,*Juv Shooting Victims,last_28_days,percent_change,2025,2024,1,,*,undefined_zero_denominator,wilmington-compstat-v1,validated
year-end-compstat-2025-r1,year_end_compstat,2025-01-01,2025-12-31,1,3c3b151aad3d007f2279cf5735d63f591623eff526770c425b726af0d950cfb2,9,district,district_14,District 14,juvenile_shooting_victims,*Juv Shooting Victims,year_to_date,count,2025,,,1,1,,wilmington-compstat-v1,validated
year-end-compstat-2025-r1,year_end_compstat,2025-01-01,2025-12-31,1,3c3b151aad3d007f2279cf5735d63f591623eff526770c425b726af0d950cfb2,9,district,district_14,District 14,juvenile_shooting_victims,*Juv Shooting Victims,year_to_date,count,2024,,,3,3,,wilmington-compstat-v1,validated
year-end-compstat-2025-r1,year_end_compstat,2025-01-01,2025-12-31,1,3c3b151aad3d007f2279cf5735d63f591623eff526770c425b726af0d950cfb2,9,district,district_14,District 14,juvenile_shooting_victims,*Juv Shooting Victims,year_to_date,percent_change,2025,2024,1,-67.0,-67%,,wilmington-compstat-v1,validated
year-end-compstat-2025-r1,year_end_compstat,2025-01-01,2025-12-31,1,3c3b151aad3d007f2279cf5735d63f591623eff526770c425b726af0d950cfb2,9,district,district_14,District 14,juvenile_shooting_victims,*Juv Shooting Victims,year_to_date,percent_change,2025,2023,2,-75.0,-75%,,wilmington-compstat-v1,validated
year-end-compstat-2025-r1,year_end_compstat,2025-01-01,2025-12-31,1,3c3b151aad3d007f2279cf5735d63f591623eff526770c425b726af0d950cfb2,9,district,district_14,District 14,juvenile_shooting_victims,*Juv Shooting Victims,year_to_date,percent_change,2025,2022,3,-80.0,-80%,,wilmington-compstat-v1,validated
year-end-compstat-2025-r1,year_end_compstat,2025-01-01,2025-12-31,1,3c3b151aad3d007f2279cf5735d63f591623eff526770c425b726af0d950cfb2,9,district,district_14,District 14,juvenile_shooting_victims,*Juv Shooting Victims,year_to_date,percent_change,2025,2021,4,-83.0,-83%,,wilmington-compstat-v1,validated
year-end-compstat-2025-r1,year_end_compstat,2025-01-01,2025-12-31,1,3c3b151aad3d007f2279cf5735d63f591623eff526770c425b726af0d950cfb2,9,district,district_14,District 14,juvenile_shooting_victims,*Juv Shooting Victims,year_to_date,percent_change,2025,2020,5,-83.0,-83%,,wilmington-compstat-v1,validated
year-end-compstat-2025-r1,year_end_compstat,2025-01-01,2025-12-31,1,3c3b151aad3d007f2279cf5735d63f591623eff526770c425b726af0d950cfb2,9,district,district_14,District 14,juvenile_shooting_victims,*Juv Shooting Victims,year_to_date,percent_change,2025,2019,6,-92.0,-92%,,wilmington-compstat-v1,validated
year-end-compstat-2025-r1,year_end_compstat,2025-01-01,2025-12-31,1,3c3b151aad3d007f2279cf5735d63f591623eff526770c425b726af0d950cfb2,9,district,district_14,District 14,misdemeanor_theft,Theft (Misdemeanor),last_7_days,count,2025,,,0,0,,wilmington-compstat-v1,validated
year-end-compstat-2025-r1,year_end_compstat,2025-01-01,2025-12-31,1,3c3b151aad3d007f2279cf5735d63f591623eff526770c425b726af0d950cfb2,9,district,district_14,District 14,misdemeanor_theft,Theft (Misdemeanor),last_7_days,count,2024,,,1,1,,wilmington-compstat-v1,validated
year-end-compstat-2025-r1,year_end_compstat,2025-01-01,2025-12-31,1,3c3b151aad3d007f2279cf5735d63f591623eff526770c425b726af0d950cfb2,9,district,district_14,District 14,misdemeanor_theft,Theft (Misdemeanor),last_7_days,percent_change,2025,2024,1,-100.0,-100%,,wilmington-compstat-v1,validated
year-end-compstat-2025-r1,year_end_compstat,2025-01-01,2025-12-31,1,3c3b151aad3d007f2279cf5735d63f591623eff526770c425b726af0d950cfb2,9,district,district_14,District 14,misdemeanor_theft,Theft (Misdemeanor),last_28_days,count,2025,,,12,12,,wilmington-compstat-v1,validated
year-end-compstat-2025-r1,year_end_compstat,2025-01-01,2025-12-31,1,3c3b151aad3d007f2279cf5735d63f591623eff526770c425b726af0d950cfb2,9,district,district_14,District 14,misdemeanor_theft,Theft (Misdemeanor),last_28_days,count,2024,,,9,9,,wilmington-compstat-v1,validated
year-end-compstat-2025-r1,year_end_compstat,2025-01-01,2025-12-31,1,3c3b151aad3d007f2279cf5735d63f591623eff526770c425b726af0d950cfb2,9,district,district_14,District 14,misdemeanor_theft,Theft (Misdemeanor),last_28_days,percent_change,2025,2024,1,33.0,33%,,wilmington-compstat-v1,validated
year-end-compstat-2025-r1,year_end_compstat,2025-01-01,2025-12-31,1,3c3b151aad3d007f2279cf5735d63f591623eff526770c425b726af0d950cfb2,9,district,district_14,District 14,misdemeanor_theft,Theft (Misdemeanor),year_to_date,count,2025,,,132,132,,wilmington-compstat-v1,validated
year-end-compstat-2025-r1,year_end_compstat,2025-01-01,2025-12-31,1,3c3b151aad3d007f2279cf5735d63f591623eff526770c425b726af0d950cfb2,9,district,district_14,District 14,misdemeanor_theft,Theft (Misdemeanor),year_to_date,count,2024,,,160,160,,wilmington-compstat-v1,validated
year-end-compstat-2025-r1,year_end_compstat,2025-01-01,2025-12-31,1,3c3b151aad3d007f2279cf5735d63f591623eff526770c425b726af0d950cfb2,9,district,district_14,District 14,misdemeanor_theft,Theft (Misdemeanor),year_to_date,percent_change,2025,2024,1,-18.0,-18%,,wilmington-compstat-v1,validated
year-end-compstat-2025-r1,year_end_compstat,2025-01-01,2025-12-31,1,3c3b151aad3d007f2279cf5735d63f591623eff526770c425b726af0d950cfb2,9,district,district_14,District 14,misdemeanor_theft,Theft (Misdemeanor),year_to_date,percent_change,2025,2023,2,-3.0,-3%,,wilmington-compstat-v1,validated
year-end-compstat-2025-r1,year_end_compstat,2025-01-01,2025-12-31,1,3c3b151aad3d007f2279cf5735d63f591623eff526770c425b726af0d950cfb2,9,district,district_14,District 14,misdemeanor_theft,Theft (Misdemeanor),year_to_date,percent_change,2025,2022,3,-20.0,-20%,,wilmington-compstat-v1,validated
year-end-compstat-2025-r1,year_end_compstat,2025-01-01,2025-12-31,1,3c3b151aad3d007f2279cf5735d63f591623eff526770c425b726af0d950cfb2,9,district,district_14,District 14,misdemeanor_theft,Theft (Misdemeanor),year_to_date,percent_change,2025,2021,4,-23.0,-23%,,wilmington-compstat-v1,validated
year-end-compstat-2025-r1,year_end_compstat,2025-01-01,2025-12-31,1,3c3b151aad3d007f2279cf5735d63f591623eff526770c425b726af0d950cfb2,9,district,district_14,District 14,misdemeanor_theft,Theft (Misdemeanor),year_to_date,percent_change,2025,2020,5,-33.0,-33%,,wilmington-compstat-v1,validated
year-end-compstat-2025-r1,year_end_compstat,2025-01-01,2025-12-31,1,3c3b151aad3d007f2279cf5735d63f591623eff526770c425b726af0d950cfb2,9,district,district_14,District 14,misdemeanor_theft,Theft (Misdemeanor),year_to_date,percent_change,2025,2019,6,-30.0,-30%,,wilmington-compstat-v1,validated
year-end-compstat-2025-r1,year_end_compstat,2025-01-01,2025-12-31,1,3c3b151aad3d007f2279cf5735d63f591623eff526770c425b726af0d950cfb2,11,sector,sector_2,Sector 2,murder,Murder,last_7_days,count,2025,,,1,1,,wilmington-compstat-v1,validated
year-end-compstat-2025-r1,year_end_compstat,2025-01-01,2025-12-31,1,3c3b151aad3d007f2279cf5735d63f591623eff526770c425b726af0d950cfb2,11,sector,sector_2,Sector 2,murder,Murder,last_7_days,count,2024,,,0,0,,wilmington-compstat-v1,validated
year-end-compstat-2025-r1,year_end_compstat,2025-01-01,2025-12-31,1,3c3b151aad3d007f2279cf5735d63f591623eff526770c425b726af0d950cfb2,11,sector,sector_2,Sector 2,murder,Murder,last_7_days,percent_change,2025,2024,1,,*,undefined_zero_denominator,wilmington-compstat-v1,validated
year-end-compstat-2025-r1,year_end_compstat,2025-01-01,2025-12-31,1,3c3b151aad3d007f2279cf5735d63f591623eff526770c425b726af0d950cfb2,11,sector,sector_2,Sector 2,murder,Murder,last_28_days,count,2025,,,1,1,,wilmington-compstat-v1,validated
year-end-compstat-2025-r1,year_end_compstat,2025-01-01,2025-12-31,1,3c3b151aad3d007f2279cf5735d63f591623eff526770c425b726af0d950cfb2,11,sector,sector_2,Sector 2,murder,Murder,last_28_days,count,2024,,,1,1,,wilmington-compstat-v1,validated
year-end-compstat-2025-r1,year_end_compstat,2025-01-01,2025-12-31,1,3c3b151aad3d007f2279cf5735d63f591623eff526770c425b726af0d950cfb2,11,sector,sector_2,Sector 2,murder,Murder,last_28_days,percent_change,2025,2024,1,0.0,0%,,wilmington-compstat-v1,validated
year-end-compstat-2025-r1,year_end_compstat,2025-01-01,2025-12-31,1,3c3b151aad3d007f2279cf5735d63f591623eff526770c425b726af0d950cfb2,11,sector,sector_2,Sector 2,murder,Murder,year_to_date,count,2025,,,8,8,,wilmington-compstat-v1,validated
year-end-compstat-2025-r1,year_end_compstat,2025-01-01,2025-12-31,1,3c3b151aad3d007f2279cf5735d63f591623eff526770c425b726af0d950cfb2,11,sector,sector_2,Sector 2,murder,Murder,year_to_date,count,2024,,,9,9,,wilmington-compstat-v1,validated
year-end-compstat-2025-r1,year_end_compstat,2025-01-01,2025-12-31,1,3c3b151aad3d007f2279cf5735d63f591623eff526770c425b726af0d950cfb2,11,sector,sector_2,Sector 2,murder,Murder,year_to_date,percent_change,2025,2024,1,-11.0,-11%,,wilmington-compstat-v1,validated
year-end-compstat-2025-r1,year_end_compstat,2025-01-01,2025-12-31,1,3c3b151aad3d007f2279cf5735d63f591623eff526770c425b726af0d950cfb2,11,sector,sector_2,Sector 2,murder,Murder,year_to_date,percent_change,2025,2023,2,167.0,167%,,wilmington-compstat-v1,validated
year-end-compstat-2025-r1,year_end_compstat,2025-01-01,2025-12-31,1,3c3b151aad3d007f2279cf5735d63f591623eff526770c425b726af0d950cfb2,11,sector,sector_2,Sector 2,murder,Murder,year_to_date,percent_change,2025,2022,3,14.0,14%,,wilmington-compstat-v1,validated
year-end-compstat-2025-r1,year_end_compstat,2025-01-01,2025-12-31,1,3c3b151aad3d007f2279cf5735d63f591623eff526770c425b726af0d950cfb2,11,sector,sector_2,Sector 2,murder,Murder,year_to_date,percent_change,2025,2021,4,-33.0,-33%,,wilmington-compstat-v1,validated
year-end-compstat-2025-r1,year_end_compstat,2025-01-01,2025-12-31,1,3c3b151aad3d007f2279cf5735d63f591623eff526770c425b726af0d950cfb2,11,sector,sector_2,Sector 2,murder,Murder,year_to_date,percent_change,2025,2020,5,-38.0,-38%,,wilmington-compstat-v1,validated
year-end-compstat-2025-r1,year_end_compstat,2025-01-01,2025-12-31,1,3c3b151aad3d007f2279cf5735d63f591623eff526770c425b726af0d950cfb2,11,sector,sector_2,Sector 2,murder,Murder,year_to_date,percent_change,2025,2019,6,60.0,60%,,wilmington-compstat-v1,validated
year-end-compstat-2025-r1,year_end_compstat,2025-01-01,2025-12-31,1,3c3b151aad3d007f2279cf5735d63f591623eff526770c425b726af0d950cfb2,11,sector,sector_2,Sector 2,rape,Rape,last_7_days,count,2025,,,0,0,,wilmington-compstat-v1,validated
year-end-compstat-2025-r1,year_end_compstat,2025-01-01,2025-12-31,1,3c3b151aad3d007f2279cf5735d63f591623eff526770c425b726af0d950cfb2,11,sector,sector_2,Sector 2,rape,Rape,last_7_days,count,2024,,,0,0,,wilmington-compstat-v1,validated
year-end-compstat-2025-r1,year_end_compstat,2025-01-01,2025-12-31,1,3c3b151aad3d007f2279cf5735d63f591623eff526770c425b726af0d950cfb2,11,sector,sector_2,Sector 2,rape,Rape,last_7_days,percent_change,2025,2024,1,,*,undefined_zero_denominator,wilmington-compstat-v1,validated
year-end-compstat-2025-r1,year_end_compstat,2025-01-01,2025-12-31,1,3c3b151aad3d007f2279cf5735d63f591623eff526770c425b726af0d950cfb2,11,sector,sector_2,Sector 2,rape,Rape,last_28_days,count,2025,,,0,0,,wilmington-compstat-v1,validated
year-end-compstat-2025-r1,year_end_compstat,2025-01-01,2025-12-31,1,3c3b151aad3d007f2279cf5735d63f591623eff526770c425b726af0d950cfb2,11,sector,sector_2,Sector 2,rape,Rape,last_28_days,count,2024,,,1,1,,wilmington-compstat-v1,validated
year-end-compstat-2025-r1,year_end_compstat,2025-01-01,2025-12-31,1,3c3b151aad3d007f2279cf5735d63f591623eff526770c425b726af0d950cfb2,11,sector,sector_2,Sector 2,rape,Rape,last_28_days,percent_change,2025,2024,1,-100.0,-100%,,wilmington-compstat-v1,validated
year-end-compstat-2025-r1,year_end_compstat,2025-01-01,2025-12-31,1,3c3b151aad3d007f2279cf5735d63f591623eff526770c425b726af0d950cfb2,11,sector,sector_2,Sector 2,rape,Rape,year_to_date,count,2025,,,0,0,,wilmington-compstat-v1,validated
year-end-compstat-2025-r1,year_end_compstat,2025-01-01,2025-12-31,1,3c3b151aad3d007f2279cf5735d63f591623eff526770c425b726af0d950cfb2,11,sector,sector_2,Sector 2,rape,Rape,year_to_date,count,2024,,,1,1,,wilmington-compstat-v1,validated
year-end-compstat-2025-r1,year_end_compstat,2025-01-01,2025-12-31,1,3c3b151aad3d007f2279cf5735d63f591623eff526770c425b726af0d950cfb2,11,sector,sector_2,Sector 2,rape,Rape,year_to_date,percent_change,2025,2024,1,-100.0,-100%,,wilmington-compstat-v1,validated
year-end-compstat-2025-r1,year_end_compstat,2025-01-01,2025-12-31,1,3c3b151aad3d007f2279cf5735d63f591623eff526770c425b726af0d950cfb2,11,sector,sector_2,Sector 2,rape,Rape,year_to_date,percent_change,2025,2023,2,,*,undefined_zero_denominator,wilmington-compstat-v1,validated
year-end-compstat-2025-r1,year_end_compstat,2025-01-01,2025-12-31,1,3c3b151aad3d007f2279cf5735d63f591623eff526770c425b726af0d950cfb2,11,sector,sector_2,Sector 2,rape,Rape,year_to_date,percent_change,2025,2022,3,-100.0,-100%,,wilmington-compstat-v1,validated
year-end-compstat-2025-r1,year_end_compstat,2025-01-01,2025-12-31,1,3c3b151aad3d007f2279cf5735d63f591623eff526770c425b726af0d950cfb2,11,sector,sector_2,Sector 2,rape,Rape,year_to_date,percent_change,2025,2021,4,-100.0,-100%,,wilmington-compstat-v1,validated
year-end-compstat-2025-r1,year_end_compstat,2025-01-01,2025-12-31,1,3c3b151aad3d007f2279cf5735d63f591623eff526770c425b726af0d950cfb2,11,sector,sector_2,Sector 2,rape,Rape,year_to_date,percent_change,2025,2020,5,-100.0,-100%,,wilmington-compstat-v1,validated
year-end-compstat-2025-r1,year_end_compstat,2025-01-01,2025-12-31,1,3c3b151aad3d007f2279cf5735d63f591623eff526770c425b726af0d950cfb2,11,sector,sector_2,Sector 2,rape,Rape,year_to_date,percent_change,2025,2019,6,-100.0,-100%,,wilmington-compstat-v1,validated
year-end-compstat-2025-r1,year_end_compstat,2025-01-01,2025-12-31,1,3c3b151aad3d007f2279cf5735d63f591623eff526770c425b726af0d950cfb2,11,sector,sector_2,Sector 2,robbery,Robbery,last_7_days,count,2025,,,0,0,,wilmington-compstat-v1,validated
year-end-compstat-2025-r1,year_end_compstat,2025-01-01,2025-12-31,1,3c3b151aad3d007f2279cf5735d63f591623eff526770c425b726af0d950cfb2,11,sector,sector_2,Sector 2,robbery,Robbery,last_7_days,count,2024,,,0,0,,wilmington-compstat-v1,validated
year-end-compstat-2025-r1,year_end_compstat,2025-01-01,2025-12-31,1,3c3b151aad3d007f2279cf5735d63f591623eff526770c425b726af0d950cfb2,11,sector,sector_2,Sector 2,robbery,Robbery,last_7_days,percent_change,2025,2024,1,,*,undefined_zero_denominator,wilmington-compstat-v1,validated
year-end-compstat-2025-r1,year_end_compstat,2025-01-01,2025-12-31,1,3c3b151aad3d007f2279cf5735d63f591623eff526770c425b726af0d950cfb2,11,sector,sector_2,Sector 2,robbery,Robbery,last_28_days,count,2025,,,4,4,,wilmington-compstat-v1,validated
year-end-compstat-2025-r1,year_end_compstat,2025-01-01,2025-12-31,1,3c3b151aad3d007f2279cf5735d63f591623eff526770c425b726af0d950cfb2,11,sector,sector_2,Sector 2,robbery,Robbery,last_28_days,count,2024,,,3,3,,wilmington-compstat-v1,validated
year-end-compstat-2025-r1,year_end_compstat,2025-01-01,2025-12-31,1,3c3b151aad3d007f2279cf5735d63f591623eff526770c425b726af0d950cfb2,11,sector,sector_2,Sector 2,robbery,Robbery,last_28_days,percent_change,2025,2024,1,33.0,33%,,wilmington-compstat-v1,validated
year-end-compstat-2025-r1,year_end_compstat,2025-01-01,2025-12-31,1,3c3b151aad3d007f2279cf5735d63f591623eff526770c425b726af0d950cfb2,11,sector,sector_2,Sector 2,robbery,Robbery,year_to_date,count,2025,,,87,87,,wilmington-compstat-v1,validated
year-end-compstat-2025-r1,year_end_compstat,2025-01-01,2025-12-31,1,3c3b151aad3d007f2279cf5735d63f591623eff526770c425b726af0d950cfb2,11,sector,sector_2,Sector 2,robbery,Robbery,year_to_date,count,2024,,,80,80,,wilmington-compstat-v1,validated
year-end-compstat-2025-r1,year_end_compstat,2025-01-01,2025-12-31,1,3c3b151aad3d007f2279cf5735d63f591623eff526770c425b726af0d950cfb2,11,sector,sector_2,Sector 2,robbery,Robbery,year_to_date,percent_change,2025,2024,1,9.0,9%,,wilmington-compstat-v1,validated
year-end-compstat-2025-r1,year_end_compstat,2025-01-01,2025-12-31,1,3c3b151aad3d007f2279cf5735d63f591623eff526770c425b726af0d950cfb2,11,sector,sector_2,Sector 2,robbery,Robbery,year_to_date,percent_change,2025,2023,2,-16.0,-16%,,wilmington-compstat-v1,validated
year-end-compstat-2025-r1,year_end_compstat,2025-01-01,2025-12-31,1,3c3b151aad3d007f2279cf5735d63f591623eff526770c425b726af0d950cfb2,11,sector,sector_2,Sector 2,robbery,Robbery,year_to_date,percent_change,2025,2022,3,6.0,6%,,wilmington-compstat-v1,validated
year-end-compstat-2025-r1,year_end_compstat,2025-01-01,2025-12-31,1,3c3b151aad3d007f2279cf5735d63f591623eff526770c425b726af0d950cfb2,11,sector,sector_2,Sector 2,robbery,Robbery,year_to_date,percent_change,2025,2021,4,21.0,21%,,wilmington-compstat-v1,validated
year-end-compstat-2025-r1,year_end_compstat,2025-01-01,2025-12-31,1,3c3b151aad3d007f2279cf5735d63f591623eff526770c425b726af0d950cfb2,11,sector,sector_2,Sector 2,robbery,Robbery,year_to_date,percent_change,2025,2020,5,-12.0,-12%,,wilmington-compstat-v1,validated
year-end-compstat-2025-r1,year_end_compstat,2025-01-01,2025-12-31,1,3c3b151aad3d007f2279cf5735d63f591623eff526770c425b726af0d950cfb2,11,sector,sector_2,Sector 2,robbery,Robbery,year_to_date,percent_change,2025,2019,6,-21.0,-21%,,wilmington-compstat-v1,validated
year-end-compstat-2025-r1,year_end_compstat,2025-01-01,2025-12-31,1,3c3b151aad3d007f2279cf5735d63f591623eff526770c425b726af0d950cfb2,11,sector,sector_2,Sector 2,aggravated_assault,Agg. Assault,last_7_days,count,2025,,,2,2,,wilmington-compstat-v1,validated
year-end-compstat-2025-r1,year_end_compstat,2025-01-01,2025-12-31,1,3c3b151aad3d007f2279cf5735d63f591623eff526770c425b726af0d950cfb2,11,sector,sector_2,Sector 2,aggravated_assault,Agg. Assault,last_7_days,count,2024,,,3,3,,wilmington-compstat-v1,validated
year-end-compstat-2025-r1,year_end_compstat,2025-01-01,2025-12-31,1,3c3b151aad3d007f2279cf5735d63f591623eff526770c425b726af0d950cfb2,11,sector,sector_2,Sector 2,aggravated_assault,Agg. Assault,last_7_days,percent_change,2025,2024,1,-33.0,-33%,,wilmington-compstat-v1,validated
year-end-compstat-2025-r1,year_end_compstat,2025-01-01,2025-12-31,1,3c3b151aad3d007f2279cf5735d63f591623eff526770c425b726af0d950cfb2,11,sector,sector_2,Sector 2,aggravated_assault,Agg. Assault,last_28_days,count,2025,,,4,4,,wilmington-compstat-v1,validated
year-end-compstat-2025-r1,year_end_compstat,2025-01-01,2025-12-31,1,3c3b151aad3d007f2279cf5735d63f591623eff526770c425b726af0d950cfb2,11,sector,sector_2,Sector 2,aggravated_assault,Agg. Assault,last_28_days,count,2024,,,10,10,,wilmington-compstat-v1,validated
year-end-compstat-2025-r1,year_end_compstat,2025-01-01,2025-12-31,1,3c3b151aad3d007f2279cf5735d63f591623eff526770c425b726af0d950cfb2,11,sector,sector_2,Sector 2,aggravated_assault,Agg. Assault,last_28_days,percent_change,2025,2024,1,-60.0,-60%,,wilmington-compstat-v1,validated
year-end-compstat-2025-r1,year_end_compstat,2025-01-01,2025-12-31,1,3c3b151aad3d007f2279cf5735d63f591623eff526770c425b726af0d950cfb2,11,sector,sector_2,Sector 2,aggravated_assault,Agg. Assault,year_to_date,count,2025,,,135,135,,wilmington-compstat-v1,validated
year-end-compstat-2025-r1,year_end_compstat,2025-01-01,2025-12-31,1,3c3b151aad3d007f2279cf5735d63f591623eff526770c425b726af0d950cfb2,11,sector,sector_2,Sector 2,aggravated_assault,Agg. Assault,year_to_date,count,2024,,,141,141,,wilmington-compstat-v1,validated
year-end-compstat-2025-r1,year_end_compstat,2025-01-01,2025-12-31,1,3c3b151aad3d007f2279cf5735d63f591623eff526770c425b726af0d950cfb2,11,sector,sector_2,Sector 2,aggravated_assault,Agg. Assault,year_to_date,percent_change,2025,2024,1,-4.0,-4%,,wilmington-compstat-v1,validated
year-end-compstat-2025-r1,year_end_compstat,2025-01-01,2025-12-31,1,3c3b151aad3d007f2279cf5735d63f591623eff526770c425b726af0d950cfb2,11,sector,sector_2,Sector 2,aggravated_assault,Agg. Assault,year_to_date,percent_change,2025,2023,2,-25.0,-25%,,wilmington-compstat-v1,validated
year-end-compstat-2025-r1,year_end_compstat,2025-01-01,2025-12-31,1,3c3b151aad3d007f2279cf5735d63f591623eff526770c425b726af0d950cfb2,11,sector,sector_2,Sector 2,aggravated_assault,Agg. Assault,year_to_date,percent_change,2025,2022,3,-20.0,-20%,,wilmington-compstat-v1,validated
year-end-compstat-2025-r1,year_end_compstat,2025-01-01,2025-12-31,1,3c3b151aad3d007f2279cf5735d63f591623eff526770c425b726af0d950cfb2,11,sector,sector_2,Sector 2,aggravated_assault,Agg. Assault,year_to_date,percent_change,2025,2021,4,-25.0,-25%,,wilmington-compstat-v1,validated
year-end-compstat-2025-r1,year_end_compstat,2025-01-01,2025-12-31,1,3c3b151aad3d007f2279cf5735d63f591623eff526770c425b726af0d950cfb2,11,sector,sector_2,Sector 2,aggravated_assault,Agg. Assault,year_to_date,percent_change,2025,2020,5,-18.0,-18%,,wilmington-compstat-v1,validated
year-end-compstat-2025-r1,year_end_compstat,2025-01-01,2025-12-31,1,3c3b151aad3d007f2279cf5735d63f591623eff526770c425b726af0d950cfb2,11,sector,sector_2,Sector 2,aggravated_assault,Agg. Assault,year_to_date,percent_change,2025,2019,6,-12.0,-12%,,wilmington-compstat-v1,validated
year-end-compstat-2025-r1,year_end_compstat,2025-01-01,2025-12-31,1,3c3b151aad3d007f2279cf5735d63f591623eff526770c425b726af0d950cfb2,11,sector,sector_2,Sector 2,burglary,Burglary,last_7_days,count,2025,,,2,2,,wilmington-compstat-v1,validated
year-end-compstat-2025-r1,year_end_compstat,2025-01-01,2025-12-31,1,3c3b151aad3d007f2279cf5735d63f591623eff526770c425b726af0d950cfb2,11,sector,sector_2,Sector 2,burglary,Burglary,last_7_days,count,2024,,,1,1,,wilmington-compstat-v1,validated
year-end-compstat-2025-r1,year_end_compstat,2025-01-01,2025-12-31,1,3c3b151aad3d007f2279cf5735d63f591623eff526770c425b726af0d950cfb2,11,sector,sector_2,Sector 2,burglary,Burglary,last_7_days,percent_change,2025,2024,1,100.0,100%,,wilmington-compstat-v1,validated
year-end-compstat-2025-r1,year_end_compstat,2025-01-01,2025-12-31,1,3c3b151aad3d007f2279cf5735d63f591623eff526770c425b726af0d950cfb2,11,sector,sector_2,Sector 2,burglary,Burglary,last_28_days,count,2025,,,11,11,,wilmington-compstat-v1,validated
year-end-compstat-2025-r1,year_end_compstat,2025-01-01,2025-12-31,1,3c3b151aad3d007f2279cf5735d63f591623eff526770c425b726af0d950cfb2,11,sector,sector_2,Sector 2,burglary,Burglary,last_28_days,count,2024,,,7,7,,wilmington-compstat-v1,validated
year-end-compstat-2025-r1,year_end_compstat,2025-01-01,2025-12-31,1,3c3b151aad3d007f2279cf5735d63f591623eff526770c425b726af0d950cfb2,11,sector,sector_2,Sector 2,burglary,Burglary,last_28_days,percent_change,2025,2024,1,57.0,57%,,wilmington-compstat-v1,validated
year-end-compstat-2025-r1,year_end_compstat,2025-01-01,2025-12-31,1,3c3b151aad3d007f2279cf5735d63f591623eff526770c425b726af0d950cfb2,11,sector,sector_2,Sector 2,burglary,Burglary,year_to_date,count,2025,,,122,122,,wilmington-compstat-v1,validated
year-end-compstat-2025-r1,year_end_compstat,2025-01-01,2025-12-31,1,3c3b151aad3d007f2279cf5735d63f591623eff526770c425b726af0d950cfb2,11,sector,sector_2,Sector 2,burglary,Burglary,year_to_date,count,2024,,,123,123,,wilmington-compstat-v1,validated
year-end-compstat-2025-r1,year_end_compstat,2025-01-01,2025-12-31,1,3c3b151aad3d007f2279cf5735d63f591623eff526770c425b726af0d950cfb2,11,sector,sector_2,Sector 2,burglary,Burglary,year_to_date,percent_change,2025,2024,1,-1.0,-1%,,wilmington-compstat-v1,validated
year-end-compstat-2025-r1,year_end_compstat,2025-01-01,2025-12-31,1,3c3b151aad3d007f2279cf5735d63f591623eff526770c425b726af0d950cfb2,11,sector,sector_2,Sector 2,burglary,Burglary,year_to_date,percent_change,2025,2023,2,-5.0,-5%,,wilmington-compstat-v1,validated
year-end-compstat-2025-r1,year_end_compstat,2025-01-01,2025-12-31,1,3c3b151aad3d007f2279cf5735d63f591623eff526770c425b726af0d950cfb2,11,sector,sector_2,Sector 2,burglary,Burglary,year_to_date,percent_change,2025,2022,3,-7.0,-7%,,wilmington-compstat-v1,validated
year-end-compstat-2025-r1,year_end_compstat,2025-01-01,2025-12-31,1,3c3b151aad3d007f2279cf5735d63f591623eff526770c425b726af0d950cfb2,11,sector,sector_2,Sector 2,burglary,Burglary,year_to_date,percent_change,2025,2021,4,-27.0,-27%,,wilmington-compstat-v1,validated
year-end-compstat-2025-r1,year_end_compstat,2025-01-01,2025-12-31,1,3c3b151aad3d007f2279cf5735d63f591623eff526770c425b726af0d950cfb2,11,sector,sector_2,Sector 2,burglary,Burglary,year_to_date,percent_change,2025,2020,5,-28.0,-28%,,wilmington-compstat-v1,validated
year-end-compstat-2025-r1,year_end_compstat,2025-01-01,2025-12-31,1,3c3b151aad3d007f2279cf5735d63f591623eff526770c425b726af0d950cfb2,11,sector,sector_2,Sector 2,burglary,Burglary,year_to_date,percent_change,2025,2019,6,-25.0,-25%,,wilmington-compstat-v1,validated
year-end-compstat-2025-r1,year_end_compstat,2025-01-01,2025-12-31,1,3c3b151aad3d007f2279cf5735d63f591623eff526770c425b726af0d950cfb2,11,sector,sector_2,Sector 2,felony_theft,Felony Theft,last_7_days,count,2025,,,2,2,,wilmington-compstat-v1,validated
year-end-compstat-2025-r1,year_end_compstat,2025-01-01,2025-12-31,1,3c3b151aad3d007f2279cf5735d63f591623eff526770c425b726af0d950cfb2,11,sector,sector_2,Sector 2,felony_theft,Felony Theft,last_7_days,count,2024,,,0,0,,wilmington-compstat-v1,validated
year-end-compstat-2025-r1,year_end_compstat,2025-01-01,2025-12-31,1,3c3b151aad3d007f2279cf5735d63f591623eff526770c425b726af0d950cfb2,11,sector,sector_2,Sector 2,felony_theft,Felony Theft,last_7_days,percent_change,2025,2024,1,,*,undefined_zero_denominator,wilmington-compstat-v1,validated
year-end-compstat-2025-r1,year_end_compstat,2025-01-01,2025-12-31,1,3c3b151aad3d007f2279cf5735d63f591623eff526770c425b726af0d950cfb2,11,sector,sector_2,Sector 2,felony_theft,Felony Theft,last_28_days,count,2025,,,6,6,,wilmington-compstat-v1,validated
year-end-compstat-2025-r1,year_end_compstat,2025-01-01,2025-12-31,1,3c3b151aad3d007f2279cf5735d63f591623eff526770c425b726af0d950cfb2,11,sector,sector_2,Sector 2,felony_theft,Felony Theft,last_28_days,count,2024,,,14,14,,wilmington-compstat-v1,validated
year-end-compstat-2025-r1,year_end_compstat,2025-01-01,2025-12-31,1,3c3b151aad3d007f2279cf5735d63f591623eff526770c425b726af0d950cfb2,11,sector,sector_2,Sector 2,felony_theft,Felony Theft,last_28_days,percent_change,2025,2024,1,-57.0,-57%,,wilmington-compstat-v1,validated
year-end-compstat-2025-r1,year_end_compstat,2025-01-01,2025-12-31,1,3c3b151aad3d007f2279cf5735d63f591623eff526770c425b726af0d950cfb2,11,sector,sector_2,Sector 2,felony_theft,Felony Theft,year_to_date,count,2025,,,98,98,,wilmington-compstat-v1,validated
year-end-compstat-2025-r1,year_end_compstat,2025-01-01,2025-12-31,1,3c3b151aad3d007f2279cf5735d63f591623eff526770c425b726af0d950cfb2,11,sector,sector_2,Sector 2,felony_theft,Felony Theft,year_to_date,count,2024,,,119,119,,wilmington-compstat-v1,validated
year-end-compstat-2025-r1,year_end_compstat,2025-01-01,2025-12-31,1,3c3b151aad3d007f2279cf5735d63f591623eff526770c425b726af0d950cfb2,11,sector,sector_2,Sector 2,felony_theft,Felony Theft,year_to_date,percent_change,2025,2024,1,-18.0,-18%,,wilmington-compstat-v1,validated
year-end-compstat-2025-r1,year_end_compstat,2025-01-01,2025-12-31,1,3c3b151aad3d007f2279cf5735d63f591623eff526770c425b726af0d950cfb2,11,sector,sector_2,Sector 2,felony_theft,Felony Theft,year_to_date,percent_change,2025,2023,2,-20.0,-20%,,wilmington-compstat-v1,validated
year-end-compstat-2025-r1,year_end_compstat,2025-01-01,2025-12-31,1,3c3b151aad3d007f2279cf5735d63f591623eff526770c425b726af0d950cfb2,11,sector,sector_2,Sector 2,felony_theft,Felony Theft,year_to_date,percent_change,2025,2022,3,-25.0,-25%,,wilmington-compstat-v1,validated
year-end-compstat-2025-r1,year_end_compstat,2025-01-01,2025-12-31,1,3c3b151aad3d007f2279cf5735d63f591623eff526770c425b726af0d950cfb2,11,sector,sector_2,Sector 2,felony_theft,Felony Theft,year_to_date,percent_change,2025,2021,4,-8.0,-8%,,wilmington-compstat-v1,validated
year-end-compstat-2025-r1,year_end_compstat,2025-01-01,2025-12-31,1,3c3b151aad3d007f2279cf5735d63f591623eff526770c425b726af0d950cfb2,11,sector,sector_2,Sector 2,felony_theft,Felony Theft,year_to_date,percent_change,2025,2020,5,9.0,9%,,wilmington-compstat-v1,validated
year-end-compstat-2025-r1,year_end_compstat,2025-01-01,2025-12-31,1,3c3b151aad3d007f2279cf5735d63f591623eff526770c425b726af0d950cfb2,11,sector,sector_2,Sector 2,felony_theft,Felony Theft,year_to_date,percent_change,2025,2019,6,7.0,7%,,wilmington-compstat-v1,validated
year-end-compstat-2025-r1,year_end_compstat,2025-01-01,2025-12-31,1,3c3b151aad3d007f2279cf5735d63f591623eff526770c425b726af0d950cfb2,11,sector,sector_2,Sector 2,auto_theft,Auto Theft,last_7_days,count,2025,,,0,0,,wilmington-compstat-v1,validated
year-end-compstat-2025-r1,year_end_compstat,2025-01-01,2025-12-31,1,3c3b151aad3d007f2279cf5735d63f591623eff526770c425b726af0d950cfb2,11,sector,sector_2,Sector 2,auto_theft,Auto Theft,last_7_days,count,2024,,,0,0,,wilmington-compstat-v1,validated
year-end-compstat-2025-r1,year_end_compstat,2025-01-01,2025-12-31,1,3c3b151aad3d007f2279cf5735d63f591623eff526770c425b726af0d950cfb2,11,sector,sector_2,Sector 2,auto_theft,Auto Theft,last_7_days,percent_change,2025,2024,1,,*,undefined_zero_denominator,wilmington-compstat-v1,validated
year-end-compstat-2025-r1,year_end_compstat,2025-01-01,2025-12-31,1,3c3b151aad3d007f2279cf5735d63f591623eff526770c425b726af0d950cfb2,11,sector,sector_2,Sector 2,auto_theft,Auto Theft,last_28_days,count,2025,,,8,8,,wilmington-compstat-v1,validated
year-end-compstat-2025-r1,year_end_compstat,2025-01-01,2025-12-31,1,3c3b151aad3d007f2279cf5735d63f591623eff526770c425b726af0d950cfb2,11,sector,sector_2,Sector 2,auto_theft,Auto Theft,last_28_days,count,2024,,,4,4,,wilmington-compstat-v1,validated
year-end-compstat-2025-r1,year_end_compstat,2025-01-01,2025-12-31,1,3c3b151aad3d007f2279cf5735d63f591623eff526770c425b726af0d950cfb2,11,sector,sector_2,Sector 2,auto_theft,Auto Theft,last_28_days,percent_change,2025,2024,1,100.0,100%,,wilmington-compstat-v1,validated
year-end-compstat-2025-r1,year_end_compstat,2025-01-01,2025-12-31,1,3c3b151aad3d007f2279cf5735d63f591623eff526770c425b726af0d950cfb2,11,sector,sector_2,Sector 2,auto_theft,Auto Theft,year_to_date,count,2025,,,92,92,,wilmington-compstat-v1,validated
year-end-compstat-2025-r1,year_end_compstat,2025-01-01,2025-12-31,1,3c3b151aad3d007f2279cf5735d63f591623eff526770c425b726af0d950cfb2,11,sector,sector_2,Sector 2,auto_theft,Auto Theft,year_to_date,count,2024,,,106,106,,wilmington-compstat-v1,validated
year-end-compstat-2025-r1,year_end_compstat,2025-01-01,2025-12-31,1,3c3b151aad3d007f2279cf5735d63f591623eff526770c425b726af0d950cfb2,11,sector,sector_2,Sector 2,auto_theft,Auto Theft,year_to_date,percent_change,2025,2024,1,-13.0,-13%,,wilmington-compstat-v1,validated
year-end-compstat-2025-r1,year_end_compstat,2025-01-01,2025-12-31,1,3c3b151aad3d007f2279cf5735d63f591623eff526770c425b726af0d950cfb2,11,sector,sector_2,Sector 2,auto_theft,Auto Theft,year_to_date,percent_change,2025,2023,2,-43.0,-43%,,wilmington-compstat-v1,validated
year-end-compstat-2025-r1,year_end_compstat,2025-01-01,2025-12-31,1,3c3b151aad3d007f2279cf5735d63f591623eff526770c425b726af0d950cfb2,11,sector,sector_2,Sector 2,auto_theft,Auto Theft,year_to_date,percent_change,2025,2022,3,-9.0,-9%,,wilmington-compstat-v1,validated
year-end-compstat-2025-r1,year_end_compstat,2025-01-01,2025-12-31,1,3c3b151aad3d007f2279cf5735d63f591623eff526770c425b726af0d950cfb2,11,sector,sector_2,Sector 2,auto_theft,Auto Theft,year_to_date,percent_change,2025,2021,4,-15.0,-15%,,wilmington-compstat-v1,validated
year-end-compstat-2025-r1,year_end_compstat,2025-01-01,2025-12-31,1,3c3b151aad3d007f2279cf5735d63f591623eff526770c425b726af0d950cfb2,11,sector,sector_2,Sector 2,auto_theft,Auto Theft,year_to_date,percent_change,2025,2020,5,-25.0,-25%,,wilmington-compstat-v1,validated
year-end-compstat-2025-r1,year_end_compstat,2025-01-01,2025-12-31,1,3c3b151aad3d007f2279cf5735d63f591623eff526770c425b726af0d950cfb2,11,sector,sector_2,Sector 2,auto_theft,Auto Theft,year_to_date,percent_change,2025,2019,6,-20.0,-20%,,wilmington-compstat-v1,validated
year-end-compstat-2025-r1,year_end_compstat,2025-01-01,2025-12-31,1,3c3b151aad3d007f2279cf5735d63f591623eff526770c425b726af0d950cfb2,11,sector,sector_2,Sector 2,major_crime_total,TOTAL,last_7_days,count,2025,,,7,7,,wilmington-compstat-v1,validated
year-end-compstat-2025-r1,year_end_compstat,2025-01-01,2025-12-31,1,3c3b151aad3d007f2279cf5735d63f591623eff526770c425b726af0d950cfb2,11,sector,sector_2,Sector 2,major_crime_total,TOTAL,last_7_days,count,2024,,,4,4,,wilmington-compstat-v1,validated
year-end-compstat-2025-r1,year_end_compstat,2025-01-01,2025-12-31,1,3c3b151aad3d007f2279cf5735d63f591623eff526770c425b726af0d950cfb2,11,sector,sector_2,Sector 2,major_crime_total,TOTAL,last_7_days,percent_change,2025,2024,1,75.0,75%,,wilmington-compstat-v1,validated
year-end-compstat-2025-r1,year_end_compstat,2025-01-01,2025-12-31,1,3c3b151aad3d007f2279cf5735d63f591623eff526770c425b726af0d950cfb2,11,sector,sector_2,Sector 2,major_crime_total,TOTAL,last_28_days,count,2025,,,34,34,,wilmington-compstat-v1,validated
year-end-compstat-2025-r1,year_end_compstat,2025-01-01,2025-12-31,1,3c3b151aad3d007f2279cf5735d63f591623eff526770c425b726af0d950cfb2,11,sector,sector_2,Sector 2,major_crime_total,TOTAL,last_28_days,count,2024,,,40,40,,wilmington-compstat-v1,validated
year-end-compstat-2025-r1,year_end_compstat,2025-01-01,2025-12-31,1,3c3b151aad3d007f2279cf5735d63f591623eff526770c425b726af0d950cfb2,11,sector,sector_2,Sector 2,major_crime_total,TOTAL,last_28_days,percent_change,2025,2024,1,-15.0,-15%,,wilmington-compstat-v1,validated
year-end-compstat-2025-r1,year_end_compstat,2025-01-01,2025-12-31,1,3c3b151aad3d007f2279cf5735d63f591623eff526770c425b726af0d950cfb2,11,sector,sector_2,Sector 2,major_crime_total,TOTAL,year_to_date,count,2025,,,542,542,,wilmington-compstat-v1,validated
year-end-compstat-2025-r1,year_end_compstat,2025-01-01,2025-12-31,1,3c3b151aad3d007f2279cf5735d63f591623eff526770c425b726af0d950cfb2,11,sector,sector_2,Sector 2,major_crime_total,TOTAL,year_to_date,count,2024,,,579,579,,wilmington-compstat-v1,validated
year-end-compstat-2025-r1,year_end_compstat,2025-01-01,2025-12-31,1,3c3b151aad3d007f2279cf5735d63f591623eff526770c425b726af0d950cfb2,11,sector,sector_2,Sector 2,major_crime_total,TOTAL,year_to_date,percent_change,2025,2024,1,-6.0,-6%,,wilmington-compstat-v1,validated
year-end-compstat-2025-r1,year_end_compstat,2025-01-01,2025-12-31,1,3c3b151aad3d007f2279cf5735d63f591623eff526770c425b726af0d950cfb2,11,sector,sector_2,Sector 2,major_crime_total,TOTAL,year_to_date,percent_change,2025,2023,2,-22.0,-22%,,wilmington-compstat-v1,validated
year-end-compstat-2025-r1,year_end_compstat,2025-01-01,2025-12-31,1,3c3b151aad3d007f2279cf5735d63f591623eff526770c425b726af0d950cfb2,11,sector,sector_2,Sector 2,major_crime_total,TOTAL,year_to_date,percent_change,2025,2022,3,-13.0,-13%,,wilmington-compstat-v1,validated
year-end-compstat-2025-r1,year_end_compstat,2025-01-01,2025-12-31,1,3c3b151aad3d007f2279cf5735d63f591623eff526770c425b726af0d950cfb2,11,sector,sector_2,Sector 2,major_crime_total,TOTAL,year_to_date,percent_change,2025,2021,4,-16.0,-16%,,wilmington-compstat-v1,validated
year-end-compstat-2025-r1,year_end_compstat,2025-01-01,2025-12-31,1,3c3b151aad3d007f2279cf5735d63f591623eff526770c425b726af0d950cfb2,11,sector,sector_2,Sector 2,major_crime_total,TOTAL,year_to_date,percent_change,2025,2020,5,-18.0,-18%,,wilmington-compstat-v1,validated
year-end-compstat-2025-r1,year_end_compstat,2025-01-01,2025-12-31,1,3c3b151aad3d007f2279cf5735d63f591623eff526770c425b726af0d950cfb2,11,sector,sector_2,Sector 2,major_crime_total,TOTAL,year_to_date,percent_change,2025,2019,6,-16.0,-16%,,wilmington-compstat-v1,validated
year-end-compstat-2025-r1,year_end_compstat,2025-01-01,2025-12-31,1,3c3b151aad3d007f2279cf5735d63f591623eff526770c425b726af0d950cfb2,11,sector,sector_2,Sector 2,shooting_incidents,Shooting Incidents,last_7_days,count,2025,,,1,1,,wilmington-compstat-v1,validated
year-end-compstat-2025-r1,year_end_compstat,2025-01-01,2025-12-31,1,3c3b151aad3d007f2279cf5735d63f591623eff526770c425b726af0d950cfb2,11,sector,sector_2,Sector 2,shooting_incidents,Shooting Incidents,last_7_days,count,2024,,,0,0,,wilmington-compstat-v1,validated
year-end-compstat-2025-r1,year_end_compstat,2025-01-01,2025-12-31,1,3c3b151aad3d007f2279cf5735d63f591623eff526770c425b726af0d950cfb2,11,sector,sector_2,Sector 2,shooting_incidents,Shooting Incidents,last_7_days,percent_change,2025,2024,1,,*,undefined_zero_denominator,wilmington-compstat-v1,validated
year-end-compstat-2025-r1,year_end_compstat,2025-01-01,2025-12-31,1,3c3b151aad3d007f2279cf5735d63f591623eff526770c425b726af0d950cfb2,11,sector,sector_2,Sector 2,shooting_incidents,Shooting Incidents,last_28_days,count,2025,,,1,1,,wilmington-compstat-v1,validated
year-end-compstat-2025-r1,year_end_compstat,2025-01-01,2025-12-31,1,3c3b151aad3d007f2279cf5735d63f591623eff526770c425b726af0d950cfb2,11,sector,sector_2,Sector 2,shooting_incidents,Shooting Incidents,last_28_days,count,2024,,,2,2,,wilmington-compstat-v1,validated
year-end-compstat-2025-r1,year_end_compstat,2025-01-01,2025-12-31,1,3c3b151aad3d007f2279cf5735d63f591623eff526770c425b726af0d950cfb2,11,sector,sector_2,Sector 2,shooting_incidents,Shooting Incidents,last_28_days,percent_change,2025,2024,1,-50.0,-50%,,wilmington-compstat-v1,validated
year-end-compstat-2025-r1,year_end_compstat,2025-01-01,2025-12-31,1,3c3b151aad3d007f2279cf5735d63f591623eff526770c425b726af0d950cfb2,11,sector,sector_2,Sector 2,shooting_incidents,Shooting Incidents,year_to_date,count,2025,,,23,23,,wilmington-compstat-v1,validated
year-end-compstat-2025-r1,year_end_compstat,2025-01-01,2025-12-31,1,3c3b151aad3d007f2279cf5735d63f591623eff526770c425b726af0d950cfb2,11,sector,sector_2,Sector 2,shooting_incidents,Shooting Incidents,year_to_date,count,2024,,,30,30,,wilmington-compstat-v1,validated
year-end-compstat-2025-r1,year_end_compstat,2025-01-01,2025-12-31,1,3c3b151aad3d007f2279cf5735d63f591623eff526770c425b726af0d950cfb2,11,sector,sector_2,Sector 2,shooting_incidents,Shooting Incidents,year_to_date,percent_change,2025,2024,1,-23.0,-23%,,wilmington-compstat-v1,validated
year-end-compstat-2025-r1,year_end_compstat,2025-01-01,2025-12-31,1,3c3b151aad3d007f2279cf5735d63f591623eff526770c425b726af0d950cfb2,11,sector,sector_2,Sector 2,shooting_incidents,Shooting Incidents,year_to_date,percent_change,2025,2023,2,-26.0,-26%,,wilmington-compstat-v1,validated
year-end-compstat-2025-r1,year_end_compstat,2025-01-01,2025-12-31,1,3c3b151aad3d007f2279cf5735d63f591623eff526770c425b726af0d950cfb2,11,sector,sector_2,Sector 2,shooting_incidents,Shooting Incidents,year_to_date,percent_change,2025,2022,3,-23.0,-23%,,wilmington-compstat-v1,validated
year-end-compstat-2025-r1,year_end_compstat,2025-01-01,2025-12-31,1,3c3b151aad3d007f2279cf5735d63f591623eff526770c425b726af0d950cfb2,11,sector,sector_2,Sector 2,shooting_incidents,Shooting Incidents,year_to_date,percent_change,2025,2021,4,-55.0,-55%,,wilmington-compstat-v1,validated
year-end-compstat-2025-r1,year_end_compstat,2025-01-01,2025-12-31,1,3c3b151aad3d007f2279cf5735d63f591623eff526770c425b726af0d950cfb2,11,sector,sector_2,Sector 2,shooting_incidents,Shooting Incidents,year_to_date,percent_change,2025,2020,5,-56.0,-56%,,wilmington-compstat-v1,validated
year-end-compstat-2025-r1,year_end_compstat,2025-01-01,2025-12-31,1,3c3b151aad3d007f2279cf5735d63f591623eff526770c425b726af0d950cfb2,11,sector,sector_2,Sector 2,shooting_incidents,Shooting Incidents,year_to_date,percent_change,2025,2019,6,-21.0,-21%,,wilmington-compstat-v1,validated
year-end-compstat-2025-r1,year_end_compstat,2025-01-01,2025-12-31,1,3c3b151aad3d007f2279cf5735d63f591623eff526770c425b726af0d950cfb2,11,sector,sector_2,Sector 2,shooting_victims,Shooting Victims,last_7_days,count,2025,,,1,1,,wilmington-compstat-v1,validated
year-end-compstat-2025-r1,year_end_compstat,2025-01-01,2025-12-31,1,3c3b151aad3d007f2279cf5735d63f591623eff526770c425b726af0d950cfb2,11,sector,sector_2,Sector 2,shooting_victims,Shooting Victims,last_7_days,count,2024,,,0,0,,wilmington-compstat-v1,validated
year-end-compstat-2025-r1,year_end_compstat,2025-01-01,2025-12-31,1,3c3b151aad3d007f2279cf5735d63f591623eff526770c425b726af0d950cfb2,11,sector,sector_2,Sector 2,shooting_victims,Shooting Victims,last_7_days,percent_change,2025,2024,1,,*,undefined_zero_denominator,wilmington-compstat-v1,validated
year-end-compstat-2025-r1,year_end_compstat,2025-01-01,2025-12-31,1,3c3b151aad3d007f2279cf5735d63f591623eff526770c425b726af0d950cfb2,11,sector,sector_2,Sector 2,shooting_victims,Shooting Victims,last_28_days,count,2025,,,1,1,,wilmington-compstat-v1,validated
year-end-compstat-2025-r1,year_end_compstat,2025-01-01,2025-12-31,1,3c3b151aad3d007f2279cf5735d63f591623eff526770c425b726af0d950cfb2,11,sector,sector_2,Sector 2,shooting_victims,Shooting Victims,last_28_days,count,2024,,,2,2,,wilmington-compstat-v1,validated
year-end-compstat-2025-r1,year_end_compstat,2025-01-01,2025-12-31,1,3c3b151aad3d007f2279cf5735d63f591623eff526770c425b726af0d950cfb2,11,sector,sector_2,Sector 2,shooting_victims,Shooting Victims,last_28_days,percent_change,2025,2024,1,-50.0,-50%,,wilmington-compstat-v1,validated
year-end-compstat-2025-r1,year_end_compstat,2025-01-01,2025-12-31,1,3c3b151aad3d007f2279cf5735d63f591623eff526770c425b726af0d950cfb2,11,sector,sector_2,Sector 2,shooting_victims,Shooting Victims,year_to_date,count,2025,,,33,33,,wilmington-compstat-v1,validated
year-end-compstat-2025-r1,year_end_compstat,2025-01-01,2025-12-31,1,3c3b151aad3d007f2279cf5735d63f591623eff526770c425b726af0d950cfb2,11,sector,sector_2,Sector 2,shooting_victims,Shooting Victims,year_to_date,count,2024,,,33,33,,wilmington-compstat-v1,validated
year-end-compstat-2025-r1,year_end_compstat,2025-01-01,2025-12-31,1,3c3b151aad3d007f2279cf5735d63f591623eff526770c425b726af0d950cfb2,11,sector,sector_2,Sector 2,shooting_victims,Shooting Victims,year_to_date,percent_change,2025,2024,1,0.0,0%,,wilmington-compstat-v1,validated
year-end-compstat-2025-r1,year_end_compstat,2025-01-01,2025-12-31,1,3c3b151aad3d007f2279cf5735d63f591623eff526770c425b726af0d950cfb2,11,sector,sector_2,Sector 2,shooting_victims,Shooting Victims,year_to_date,percent_change,2025,2023,2,-13.0,-13%,,wilmington-compstat-v1,validated
year-end-compstat-2025-r1,year_end_compstat,2025-01-01,2025-12-31,1,3c3b151aad3d007f2279cf5735d63f591623eff526770c425b726af0d950cfb2,11,sector,sector_2,Sector 2,shooting_victims,Shooting Victims,year_to_date,percent_change,2025,2022,3,-11.0,-11%,,wilmington-compstat-v1,validated
year-end-compstat-2025-r1,year_end_compstat,2025-01-01,2025-12-31,1,3c3b151aad3d007f2279cf5735d63f591623eff526770c425b726af0d950cfb2,11,sector,sector_2,Sector 2,shooting_victims,Shooting Victims,year_to_date,percent_change,2025,2021,4,-55.0,-55%,,wilmington-compstat-v1,validated
year-end-compstat-2025-r1,year_end_compstat,2025-01-01,2025-12-31,1,3c3b151aad3d007f2279cf5735d63f591623eff526770c425b726af0d950cfb2,11,sector,sector_2,Sector 2,shooting_victims,Shooting Victims,year_to_date,percent_change,2025,2020,5,-48.0,-48%,,wilmington-compstat-v1,validated
year-end-compstat-2025-r1,year_end_compstat,2025-01-01,2025-12-31,1,3c3b151aad3d007f2279cf5735d63f591623eff526770c425b726af0d950cfb2,11,sector,sector_2,Sector 2,shooting_victims,Shooting Victims,year_to_date,percent_change,2025,2019,6,-13.0,-13%,,wilmington-compstat-v1,validated
year-end-compstat-2025-r1,year_end_compstat,2025-01-01,2025-12-31,1,3c3b151aad3d007f2279cf5735d63f591623eff526770c425b726af0d950cfb2,11,sector,sector_2,Sector 2,juvenile_shooting_incidents,*Juv Shooting Incidents,last_7_days,count,2025,,,0,0,,wilmington-compstat-v1,validated
year-end-compstat-2025-r1,year_end_compstat,2025-01-01,2025-12-31,1,3c3b151aad3d007f2279cf5735d63f591623eff526770c425b726af0d950cfb2,11,sector,sector_2,Sector 2,juvenile_shooting_incidents,*Juv Shooting Incidents,last_7_days,count,2024,,,0,0,,wilmington-compstat-v1,validated
year-end-compstat-2025-r1,year_end_compstat,2025-01-01,2025-12-31,1,3c3b151aad3d007f2279cf5735d63f591623eff526770c425b726af0d950cfb2,11,sector,sector_2,Sector 2,juvenile_shooting_incidents,*Juv Shooting Incidents,last_7_days,percent_change,2025,2024,1,,*,undefined_zero_denominator,wilmington-compstat-v1,validated
year-end-compstat-2025-r1,year_end_compstat,2025-01-01,2025-12-31,1,3c3b151aad3d007f2279cf5735d63f591623eff526770c425b726af0d950cfb2,11,sector,sector_2,Sector 2,juvenile_shooting_incidents,*Juv Shooting Incidents,last_28_days,count,2025,,,0,0,,wilmington-compstat-v1,validated
year-end-compstat-2025-r1,year_end_compstat,2025-01-01,2025-12-31,1,3c3b151aad3d007f2279cf5735d63f591623eff526770c425b726af0d950cfb2,11,sector,sector_2,Sector 2,juvenile_shooting_incidents,*Juv Shooting Incidents,last_28_days,count,2024,,,0,0,,wilmington-compstat-v1,validated
year-end-compstat-2025-r1,year_end_compstat,2025-01-01,2025-12-31,1,3c3b151aad3d007f2279cf5735d63f591623eff526770c425b726af0d950cfb2,11,sector,sector_2,Sector 2,juvenile_shooting_incidents,*Juv Shooting Incidents,last_28_days,percent_change,2025,2024,1,,*,undefined_zero_denominator,wilmington-compstat-v1,validated
year-end-compstat-2025-r1,year_end_compstat,2025-01-01,2025-12-31,1,3c3b151aad3d007f2279cf5735d63f591623eff526770c425b726af0d950cfb2,11,sector,sector_2,Sector 2,juvenile_shooting_incidents,*Juv Shooting Incidents,year_to_date,count,2025,,,2,2,,wilmington-compstat-v1,validated
year-end-compstat-2025-r1,year_end_compstat,2025-01-01,2025-12-31,1,3c3b151aad3d007f2279cf5735d63f591623eff526770c425b726af0d950cfb2,11,sector,sector_2,Sector 2,juvenile_shooting_incidents,*Juv Shooting Incidents,year_to_date,count,2024,,,3,3,,wilmington-compstat-v1,validated
year-end-compstat-2025-r1,year_end_compstat,2025-01-01,2025-12-31,1,3c3b151aad3d007f2279cf5735d63f591623eff526770c425b726af0d950cfb2,11,sector,sector_2,Sector 2,juvenile_shooting_incidents,*Juv Shooting Incidents,year_to_date,percent_change,2025,2024,1,-33.0,-33%,,wilmington-compstat-v1,validated
year-end-compstat-2025-r1,year_end_compstat,2025-01-01,2025-12-31,1,3c3b151aad3d007f2279cf5735d63f591623eff526770c425b726af0d950cfb2,11,sector,sector_2,Sector 2,juvenile_shooting_incidents,*Juv Shooting Incidents,year_to_date,percent_change,2025,2023,2,-60.0,-60%,,wilmington-compstat-v1,validated
year-end-compstat-2025-r1,year_end_compstat,2025-01-01,2025-12-31,1,3c3b151aad3d007f2279cf5735d63f591623eff526770c425b726af0d950cfb2,11,sector,sector_2,Sector 2,juvenile_shooting_incidents,*Juv Shooting Incidents,year_to_date,percent_change,2025,2022,3,-67.0,-67%,,wilmington-compstat-v1,validated
year-end-compstat-2025-r1,year_end_compstat,2025-01-01,2025-12-31,1,3c3b151aad3d007f2279cf5735d63f591623eff526770c425b726af0d950cfb2,11,sector,sector_2,Sector 2,juvenile_shooting_incidents,*Juv Shooting Incidents,year_to_date,percent_change,2025,2021,4,-78.0,-78%,,wilmington-compstat-v1,validated
year-end-compstat-2025-r1,year_end_compstat,2025-01-01,2025-12-31,1,3c3b151aad3d007f2279cf5735d63f591623eff526770c425b726af0d950cfb2,11,sector,sector_2,Sector 2,juvenile_shooting_incidents,*Juv Shooting Incidents,year_to_date,percent_change,2025,2020,5,-87.0,-87%,,wilmington-compstat-v1,validated
year-end-compstat-2025-r1,year_end_compstat,2025-01-01,2025-12-31,1,3c3b151aad3d007f2279cf5735d63f591623eff526770c425b726af0d950cfb2,11,sector,sector_2,Sector 2,juvenile_shooting_incidents,*Juv Shooting Incidents,year_to_date,percent_change,2025,2019,6,0.0,0%,,wilmington-compstat-v1,validated
year-end-compstat-2025-r1,year_end_compstat,2025-01-01,2025-12-31,1,3c3b151aad3d007f2279cf5735d63f591623eff526770c425b726af0d950cfb2,11,sector,sector_2,Sector 2,juvenile_shooting_victims,*Juv Shooting Victims,last_7_days,count,2025,,,0,0,,wilmington-compstat-v1,validated
year-end-compstat-2025-r1,year_end_compstat,2025-01-01,2025-12-31,1,3c3b151aad3d007f2279cf5735d63f591623eff526770c425b726af0d950cfb2,11,sector,sector_2,Sector 2,juvenile_shooting_victims,*Juv Shooting Victims,last_7_days,count,2024,,,0,0,,wilmington-compstat-v1,validated
year-end-compstat-2025-r1,year_end_compstat,2025-01-01,2025-12-31,1,3c3b151aad3d007f2279cf5735d63f591623eff526770c425b726af0d950cfb2,11,sector,sector_2,Sector 2,juvenile_shooting_victims,*Juv Shooting Victims,last_7_days,percent_change,2025,2024,1,,*,undefined_zero_denominator,wilmington-compstat-v1,validated
year-end-compstat-2025-r1,year_end_compstat,2025-01-01,2025-12-31,1,3c3b151aad3d007f2279cf5735d63f591623eff526770c425b726af0d950cfb2,11,sector,sector_2,Sector 2,juvenile_shooting_victims,*Juv Shooting Victims,last_28_days,count,2025,,,0,0,,wilmington-compstat-v1,validated
year-end-compstat-2025-r1,year_end_compstat,2025-01-01,2025-12-31,1,3c3b151aad3d007f2279cf5735d63f591623eff526770c425b726af0d950cfb2,11,sector,sector_2,Sector 2,juvenile_shooting_victims,*Juv Shooting Victims,last_28_days,count,2024,,,0,0,,wilmington-compstat-v1,validated
year-end-compstat-2025-r1,year_end_compstat,2025-01-01,2025-12-31,1,3c3b151aad3d007f2279cf5735d63f591623eff526770c425b726af0d950cfb2,11,sector,sector_2,Sector 2,juvenile_shooting_victims,*Juv Shooting Victims,last_28_days,percent_change,2025,2024,1,,*,undefined_zero_denominator,wilmington-compstat-v1,validated
year-end-compstat-2025-r1,year_end_compstat,2025-01-01,2025-12-31,1,3c3b151aad3d007f2279cf5735d63f591623eff526770c425b726af0d950cfb2,11,sector,sector_2,Sector 2,juvenile_shooting_victims,*Juv Shooting Victims,year_to_date,count,2025,,,3,3,,wilmington-compstat-v1,validated
year-end-compstat-2025-r1,year_end_compstat,2025-01-01,2025-12-31,1,3c3b151aad3d007f2279cf5735d63f591623eff526770c425b726af0d950cfb2,11,sector,sector_2,Sector 2,juvenile_shooting_victims,*Juv Shooting Victims,year_to_date,count,2024,,,3,3,,wilmington-compstat-v1,validated
year-end-compstat-2025-r1,year_end_compstat,2025-01-01,2025-12-31,1,3c3b151aad3d007f2279cf5735d63f591623eff526770c425b726af0d950cfb2,11,sector,sector_2,Sector 2,juvenile_shooting_victims,*Juv Shooting Victims,year_to_date,percent_change,2025,2024,1,0.0,0%,,wilmington-compstat-v1,validated
year-end-compstat-2025-r1,year_end_compstat,2025-01-01,2025-12-31,1,3c3b151aad3d007f2279cf5735d63f591623eff526770c425b726af0d950cfb2,11,sector,sector_2,Sector 2,juvenile_shooting_victims,*Juv Shooting Victims,year_to_date,percent_change,2025,2023,2,-50.0,-50%,,wilmington-compstat-v1,validated
year-end-compstat-2025-r1,year_end_compstat,2025-01-01,2025-12-31,1,3c3b151aad3d007f2279cf5735d63f591623eff526770c425b726af0d950cfb2,11,sector,sector_2,Sector 2,juvenile_shooting_victims,*Juv Shooting Victims,year_to_date,percent_change,2025,2022,3,-63.0,-63%,,wilmington-compstat-v1,validated
year-end-compstat-2025-r1,year_end_compstat,2025-01-01,2025-12-31,1,3c3b151aad3d007f2279cf5735d63f591623eff526770c425b726af0d950cfb2,11,sector,sector_2,Sector 2,juvenile_shooting_victims,*Juv Shooting Victims,year_to_date,percent_change,2025,2021,4,-73.0,-73%,,wilmington-compstat-v1,validated
year-end-compstat-2025-r1,year_end_compstat,2025-01-01,2025-12-31,1,3c3b151aad3d007f2279cf5735d63f591623eff526770c425b726af0d950cfb2,11,sector,sector_2,Sector 2,juvenile_shooting_victims,*Juv Shooting Victims,year_to_date,percent_change,2025,2020,5,-84.0,-84%,,wilmington-compstat-v1,validated
year-end-compstat-2025-r1,year_end_compstat,2025-01-01,2025-12-31,1,3c3b151aad3d007f2279cf5735d63f591623eff526770c425b726af0d950cfb2,11,sector,sector_2,Sector 2,juvenile_shooting_victims,*Juv Shooting Victims,year_to_date,percent_change,2025,2019,6,50.0,50%,,wilmington-compstat-v1,validated
year-end-compstat-2025-r1,year_end_compstat,2025-01-01,2025-12-31,1,3c3b151aad3d007f2279cf5735d63f591623eff526770c425b726af0d950cfb2,11,sector,sector_2,Sector 2,misdemeanor_theft,Theft (Misdemeanor),last_7_days,count,2025,,,3,3,,wilmington-compstat-v1,validated
year-end-compstat-2025-r1,year_end_compstat,2025-01-01,2025-12-31,1,3c3b151aad3d007f2279cf5735d63f591623eff526770c425b726af0d950cfb2,11,sector,sector_2,Sector 2,misdemeanor_theft,Theft (Misdemeanor),last_7_days,count,2024,,,6,6,,wilmington-compstat-v1,validated
year-end-compstat-2025-r1,year_end_compstat,2025-01-01,2025-12-31,1,3c3b151aad3d007f2279cf5735d63f591623eff526770c425b726af0d950cfb2,11,sector,sector_2,Sector 2,misdemeanor_theft,Theft (Misdemeanor),last_7_days,percent_change,2025,2024,1,-50.0,-50%,,wilmington-compstat-v1,validated
year-end-compstat-2025-r1,year_end_compstat,2025-01-01,2025-12-31,1,3c3b151aad3d007f2279cf5735d63f591623eff526770c425b726af0d950cfb2,11,sector,sector_2,Sector 2,misdemeanor_theft,Theft (Misdemeanor),last_28_days,count,2025,,,20,20,,wilmington-compstat-v1,validated
year-end-compstat-2025-r1,year_end_compstat,2025-01-01,2025-12-31,1,3c3b151aad3d007f2279cf5735d63f591623eff526770c425b726af0d950cfb2,11,sector,sector_2,Sector 2,misdemeanor_theft,Theft (Misdemeanor),last_28_days,count,2024,,,27,27,,wilmington-compstat-v1,validated
year-end-compstat-2025-r1,year_end_compstat,2025-01-01,2025-12-31,1,3c3b151aad3d007f2279cf5735d63f591623eff526770c425b726af0d950cfb2,11,sector,sector_2,Sector 2,misdemeanor_theft,Theft (Misdemeanor),last_28_days,percent_change,2025,2024,1,-26.0,-26%,,wilmington-compstat-v1,validated
year-end-compstat-2025-r1,year_end_compstat,2025-01-01,2025-12-31,1,3c3b151aad3d007f2279cf5735d63f591623eff526770c425b726af0d950cfb2,11,sector,sector_2,Sector 2,misdemeanor_theft,Theft (Misdemeanor),year_to_date,count,2025,,,367,367,,wilmington-compstat-v1,validated
year-end-compstat-2025-r1,year_end_compstat,2025-01-01,2025-12-31,1,3c3b151aad3d007f2279cf5735d63f591623eff526770c425b726af0d950cfb2,11,sector,sector_2,Sector 2,misdemeanor_theft,Theft (Misdemeanor),year_to_date,count,2024,,,397,397,,wilmington-compstat-v1,validated
year-end-compstat-2025-r1,year_end_compstat,2025-01-01,2025-12-31,1,3c3b151aad3d007f2279cf5735d63f591623eff526770c425b726af0d950cfb2,11,sector,sector_2,Sector 2,misdemeanor_theft,Theft (Misdemeanor),year_to_date,percent_change,2025,2024,1,-8.0,-8%,,wilmington-compstat-v1,validated
year-end-compstat-2025-r1,year_end_compstat,2025-01-01,2025-12-31,1,3c3b151aad3d007f2279cf5735d63f591623eff526770c425b726af0d950cfb2,11,sector,sector_2,Sector 2,misdemeanor_theft,Theft (Misdemeanor),year_to_date,percent_change,2025,2023,2,-5.0,-5%,,wilmington-compstat-v1,validated
year-end-compstat-2025-r1,year_end_compstat,2025-01-01,2025-12-31,1,3c3b151aad3d007f2279cf5735d63f591623eff526770c425b726af0d950cfb2,11,sector,sector_2,Sector 2,misdemeanor_theft,Theft (Misdemeanor),year_to_date,percent_change,2025,2022,3,-11.0,-11%,,wilmington-compstat-v1,validated
year-end-compstat-2025-r1,year_end_compstat,2025-01-01,2025-12-31,1,3c3b151aad3d007f2279cf5735d63f591623eff526770c425b726af0d950cfb2,11,sector,sector_2,Sector 2,misdemeanor_theft,Theft (Misdemeanor),year_to_date,percent_change,2025,2021,4,-10.0,-10%,,wilmington-compstat-v1,validated
year-end-compstat-2025-r1,year_end_compstat,2025-01-01,2025-12-31,1,3c3b151aad3d007f2279cf5735d63f591623eff526770c425b726af0d950cfb2,11,sector,sector_2,Sector 2,misdemeanor_theft,Theft (Misdemeanor),year_to_date,percent_change,2025,2020,5,-11.0,-11%,,wilmington-compstat-v1,validated
year-end-compstat-2025-r1,year_end_compstat,2025-01-01,2025-12-31,1,3c3b151aad3d007f2279cf5735d63f591623eff526770c425b726af0d950cfb2,11,sector,sector_2,Sector 2,misdemeanor_theft,Theft (Misdemeanor),year_to_date,percent_change,2025,2019,6,-41.0,-41%,,wilmington-compstat-v1,validated
year-end-compstat-2025-r1,year_end_compstat,2025-01-01,2025-12-31,1,3c3b151aad3d007f2279cf5735d63f591623eff526770c425b726af0d950cfb2,13,district,district_10,District 10,murder,Murder,last_7_days,count,2025,,,0,0,,wilmington-compstat-v1,validated
year-end-compstat-2025-r1,year_end_compstat,2025-01-01,2025-12-31,1,3c3b151aad3d007f2279cf5735d63f591623eff526770c425b726af0d950cfb2,13,district,district_10,District 10,murder,Murder,last_7_days,count,2024,,,0,0,,wilmington-compstat-v1,validated
year-end-compstat-2025-r1,year_end_compstat,2025-01-01,2025-12-31,1,3c3b151aad3d007f2279cf5735d63f591623eff526770c425b726af0d950cfb2,13,district,district_10,District 10,murder,Murder,last_7_days,percent_change,2025,2024,1,,*,undefined_zero_denominator,wilmington-compstat-v1,validated
year-end-compstat-2025-r1,year_end_compstat,2025-01-01,2025-12-31,1,3c3b151aad3d007f2279cf5735d63f591623eff526770c425b726af0d950cfb2,13,district,district_10,District 10,murder,Murder,last_28_days,count,2025,,,0,0,,wilmington-compstat-v1,validated
year-end-compstat-2025-r1,year_end_compstat,2025-01-01,2025-12-31,1,3c3b151aad3d007f2279cf5735d63f591623eff526770c425b726af0d950cfb2,13,district,district_10,District 10,murder,Murder,last_28_days,count,2024,,,0,0,,wilmington-compstat-v1,validated
year-end-compstat-2025-r1,year_end_compstat,2025-01-01,2025-12-31,1,3c3b151aad3d007f2279cf5735d63f591623eff526770c425b726af0d950cfb2,13,district,district_10,District 10,murder,Murder,last_28_days,percent_change,2025,2024,1,,*,undefined_zero_denominator,wilmington-compstat-v1,validated
year-end-compstat-2025-r1,year_end_compstat,2025-01-01,2025-12-31,1,3c3b151aad3d007f2279cf5735d63f591623eff526770c425b726af0d950cfb2,13,district,district_10,District 10,murder,Murder,year_to_date,count,2025,,,2,2,,wilmington-compstat-v1,validated
year-end-compstat-2025-r1,year_end_compstat,2025-01-01,2025-12-31,1,3c3b151aad3d007f2279cf5735d63f591623eff526770c425b726af0d950cfb2,13,district,district_10,District 10,murder,Murder,year_to_date,count,2024,,,2,2,,wilmington-compstat-v1,validated
year-end-compstat-2025-r1,year_end_compstat,2025-01-01,2025-12-31,1,3c3b151aad3d007f2279cf5735d63f591623eff526770c425b726af0d950cfb2,13,district,district_10,District 10,murder,Murder,year_to_date,percent_change,2025,2024,1,0.0,0%,,wilmington-compstat-v1,validated
year-end-compstat-2025-r1,year_end_compstat,2025-01-01,2025-12-31,1,3c3b151aad3d007f2279cf5735d63f591623eff526770c425b726af0d950cfb2,13,district,district_10,District 10,murder,Murder,year_to_date,percent_change,2025,2023,2,100.0,100%,,wilmington-compstat-v1,validated
year-end-compstat-2025-r1,year_end_compstat,2025-01-01,2025-12-31,1,3c3b151aad3d007f2279cf5735d63f591623eff526770c425b726af0d950cfb2,13,district,district_10,District 10,murder,Murder,year_to_date,percent_change,2025,2022,3,100.0,100%,,wilmington-compstat-v1,validated
year-end-compstat-2025-r1,year_end_compstat,2025-01-01,2025-12-31,1,3c3b151aad3d007f2279cf5735d63f591623eff526770c425b726af0d950cfb2,13,district,district_10,District 10,murder,Murder,year_to_date,percent_change,2025,2021,4,0.0,0%,,wilmington-compstat-v1,validated
year-end-compstat-2025-r1,year_end_compstat,2025-01-01,2025-12-31,1,3c3b151aad3d007f2279cf5735d63f591623eff526770c425b726af0d950cfb2,13,district,district_10,District 10,murder,Murder,year_to_date,percent_change,2025,2020,5,,*,undefined_zero_denominator,wilmington-compstat-v1,validated
year-end-compstat-2025-r1,year_end_compstat,2025-01-01,2025-12-31,1,3c3b151aad3d007f2279cf5735d63f591623eff526770c425b726af0d950cfb2,13,district,district_10,District 10,murder,Murder,year_to_date,percent_change,2025,2019,6,,*,undefined_zero_denominator,wilmington-compstat-v1,validated
year-end-compstat-2025-r1,year_end_compstat,2025-01-01,2025-12-31,1,3c3b151aad3d007f2279cf5735d63f591623eff526770c425b726af0d950cfb2,13,district,district_10,District 10,rape,Rape,last_7_days,count,2025,,,0,0,,wilmington-compstat-v1,validated
year-end-compstat-2025-r1,year_end_compstat,2025-01-01,2025-12-31,1,3c3b151aad3d007f2279cf5735d63f591623eff526770c425b726af0d950cfb2,13,district,district_10,District 10,rape,Rape,last_7_days,count,2024,,,0,0,,wilmington-compstat-v1,validated
year-end-compstat-2025-r1,year_end_compstat,2025-01-01,2025-12-31,1,3c3b151aad3d007f2279cf5735d63f591623eff526770c425b726af0d950cfb2,13,district,district_10,District 10,rape,Rape,last_7_days,percent_change,2025,2024,1,,*,undefined_zero_denominator,wilmington-compstat-v1,validated
year-end-compstat-2025-r1,year_end_compstat,2025-01-01,2025-12-31,1,3c3b151aad3d007f2279cf5735d63f591623eff526770c425b726af0d950cfb2,13,district,district_10,District 10,rape,Rape,last_28_days,count,2025,,,0,0,,wilmington-compstat-v1,validated
year-end-compstat-2025-r1,year_end_compstat,2025-01-01,2025-12-31,1,3c3b151aad3d007f2279cf5735d63f591623eff526770c425b726af0d950cfb2,13,district,district_10,District 10,rape,Rape,last_28_days,count,2024,,,0,0,,wilmington-compstat-v1,validated
year-end-compstat-2025-r1,year_end_compstat,2025-01-01,2025-12-31,1,3c3b151aad3d007f2279cf5735d63f591623eff526770c425b726af0d950cfb2,13,district,district_10,District 10,rape,Rape,last_28_days,percent_change,2025,2024,1,,*,undefined_zero_denominator,wilmington-compstat-v1,validated
year-end-compstat-2025-r1,year_end_compstat,2025-01-01,2025-12-31,1,3c3b151aad3d007f2279cf5735d63f591623eff526770c425b726af0d950cfb2,13,district,district_10,District 10,rape,Rape,year_to_date,count,2025,,,0,0,,wilmington-compstat-v1,validated
year-end-compstat-2025-r1,year_end_compstat,2025-01-01,2025-12-31,1,3c3b151aad3d007f2279cf5735d63f591623eff526770c425b726af0d950cfb2,13,district,district_10,District 10,rape,Rape,year_to_date,count,2024,,,0,0,,wilmington-compstat-v1,validated
year-end-compstat-2025-r1,year_end_compstat,2025-01-01,2025-12-31,1,3c3b151aad3d007f2279cf5735d63f591623eff526770c425b726af0d950cfb2,13,district,district_10,District 10,rape,Rape,year_to_date,percent_change,2025,2024,1,,*,undefined_zero_denominator,wilmington-compstat-v1,validated
year-end-compstat-2025-r1,year_end_compstat,2025-01-01,2025-12-31,1,3c3b151aad3d007f2279cf5735d63f591623eff526770c425b726af0d950cfb2,13,district,district_10,District 10,rape,Rape,year_to_date,percent_change,2025,2023,2,,*,undefined_zero_denominator,wilmington-compstat-v1,validated
year-end-compstat-2025-r1,year_end_compstat,2025-01-01,2025-12-31,1,3c3b151aad3d007f2279cf5735d63f591623eff526770c425b726af0d950cfb2,13,district,district_10,District 10,rape,Rape,year_to_date,percent_change,2025,2022,3,-100.0,-100%,,wilmington-compstat-v1,validated
year-end-compstat-2025-r1,year_end_compstat,2025-01-01,2025-12-31,1,3c3b151aad3d007f2279cf5735d63f591623eff526770c425b726af0d950cfb2,13,district,district_10,District 10,rape,Rape,year_to_date,percent_change,2025,2021,4,,*,undefined_zero_denominator,wilmington-compstat-v1,validated
year-end-compstat-2025-r1,year_end_compstat,2025-01-01,2025-12-31,1,3c3b151aad3d007f2279cf5735d63f591623eff526770c425b726af0d950cfb2,13,district,district_10,District 10,rape,Rape,year_to_date,percent_change,2025,2020,5,,*,undefined_zero_denominator,wilmington-compstat-v1,validated
year-end-compstat-2025-r1,year_end_compstat,2025-01-01,2025-12-31,1,3c3b151aad3d007f2279cf5735d63f591623eff526770c425b726af0d950cfb2,13,district,district_10,District 10,rape,Rape,year_to_date,percent_change,2025,2019,6,,*,undefined_zero_denominator,wilmington-compstat-v1,validated
year-end-compstat-2025-r1,year_end_compstat,2025-01-01,2025-12-31,1,3c3b151aad3d007f2279cf5735d63f591623eff526770c425b726af0d950cfb2,13,district,district_10,District 10,robbery,Robbery,last_7_days,count,2025,,,0,0,,wilmington-compstat-v1,validated
year-end-compstat-2025-r1,year_end_compstat,2025-01-01,2025-12-31,1,3c3b151aad3d007f2279cf5735d63f591623eff526770c425b726af0d950cfb2,13,district,district_10,District 10,robbery,Robbery,last_7_days,count,2024,,,0,0,,wilmington-compstat-v1,validated
year-end-compstat-2025-r1,year_end_compstat,2025-01-01,2025-12-31,1,3c3b151aad3d007f2279cf5735d63f591623eff526770c425b726af0d950cfb2,13,district,district_10,District 10,robbery,Robbery,last_7_days,percent_change,2025,2024,1,,*,undefined_zero_denominator,wilmington-compstat-v1,validated
year-end-compstat-2025-r1,year_end_compstat,2025-01-01,2025-12-31,1,3c3b151aad3d007f2279cf5735d63f591623eff526770c425b726af0d950cfb2,13,district,district_10,District 10,robbery,Robbery,last_28_days,count,2025,,,0,0,,wilmington-compstat-v1,validated
year-end-compstat-2025-r1,year_end_compstat,2025-01-01,2025-12-31,1,3c3b151aad3d007f2279cf5735d63f591623eff526770c425b726af0d950cfb2,13,district,district_10,District 10,robbery,Robbery,last_28_days,count,2024,,,0,0,,wilmington-compstat-v1,validated
year-end-compstat-2025-r1,year_end_compstat,2025-01-01,2025-12-31,1,3c3b151aad3d007f2279cf5735d63f591623eff526770c425b726af0d950cfb2,13,district,district_10,District 10,robbery,Robbery,last_28_days,percent_change,2025,2024,1,,*,undefined_zero_denominator,wilmington-compstat-v1,validated
year-end-compstat-2025-r1,year_end_compstat,2025-01-01,2025-12-31,1,3c3b151aad3d007f2279cf5735d63f591623eff526770c425b726af0d950cfb2,13,district,district_10,District 10,robbery,Robbery,year_to_date,count,2025,,,14,14,,wilmington-compstat-v1,validated
year-end-compstat-2025-r1,year_end_compstat,2025-01-01,2025-12-31,1,3c3b151aad3d007f2279cf5735d63f591623eff526770c425b726af0d950cfb2,13,district,district_10,District 10,robbery,Robbery,year_to_date,count,2024,,,16,16,,wilmington-compstat-v1,validated
year-end-compstat-2025-r1,year_end_compstat,2025-01-01,2025-12-31,1,3c3b151aad3d007f2279cf5735d63f591623eff526770c425b726af0d950cfb2,13,district,district_10,District 10,robbery,Robbery,year_to_date,percent_change,2025,2024,1,-13.0,-13%,,wilmington-compstat-v1,validated
year-end-compstat-2025-r1,year_end_compstat,2025-01-01,2025-12-31,1,3c3b151aad3d007f2279cf5735d63f591623eff526770c425b726af0d950cfb2,13,district,district_10,District 10,robbery,Robbery,year_to_date,percent_change,2025,2023,2,75.0,75%,,wilmington-compstat-v1,validated
year-end-compstat-2025-r1,year_end_compstat,2025-01-01,2025-12-31,1,3c3b151aad3d007f2279cf5735d63f591623eff526770c425b726af0d950cfb2,13,district,district_10,District 10,robbery,Robbery,year_to_date,percent_change,2025,2022,3,27.0,27%,,wilmington-compstat-v1,validated
year-end-compstat-2025-r1,year_end_compstat,2025-01-01,2025-12-31,1,3c3b151aad3d007f2279cf5735d63f591623eff526770c425b726af0d950cfb2,13,district,district_10,District 10,robbery,Robbery,year_to_date,percent_change,2025,2021,4,100.0,100%,,wilmington-compstat-v1,validated
year-end-compstat-2025-r1,year_end_compstat,2025-01-01,2025-12-31,1,3c3b151aad3d007f2279cf5735d63f591623eff526770c425b726af0d950cfb2,13,district,district_10,District 10,robbery,Robbery,year_to_date,percent_change,2025,2020,5,27.0,27%,,wilmington-compstat-v1,validated
year-end-compstat-2025-r1,year_end_compstat,2025-01-01,2025-12-31,1,3c3b151aad3d007f2279cf5735d63f591623eff526770c425b726af0d950cfb2,13,district,district_10,District 10,robbery,Robbery,year_to_date,percent_change,2025,2019,6,0.0,0%,,wilmington-compstat-v1,validated
year-end-compstat-2025-r1,year_end_compstat,2025-01-01,2025-12-31,1,3c3b151aad3d007f2279cf5735d63f591623eff526770c425b726af0d950cfb2,13,district,district_10,District 10,aggravated_assault,Agg. Assault,last_7_days,count,2025,,,0,0,,wilmington-compstat-v1,validated
year-end-compstat-2025-r1,year_end_compstat,2025-01-01,2025-12-31,1,3c3b151aad3d007f2279cf5735d63f591623eff526770c425b726af0d950cfb2,13,district,district_10,District 10,aggravated_assault,Agg. Assault,last_7_days,count,2024,,,0,0,,wilmington-compstat-v1,validated
year-end-compstat-2025-r1,year_end_compstat,2025-01-01,2025-12-31,1,3c3b151aad3d007f2279cf5735d63f591623eff526770c425b726af0d950cfb2,13,district,district_10,District 10,aggravated_assault,Agg. Assault,last_7_days,percent_change,2025,2024,1,,*,undefined_zero_denominator,wilmington-compstat-v1,validated
year-end-compstat-2025-r1,year_end_compstat,2025-01-01,2025-12-31,1,3c3b151aad3d007f2279cf5735d63f591623eff526770c425b726af0d950cfb2,13,district,district_10,District 10,aggravated_assault,Agg. Assault,last_28_days,count,2025,,,0,0,,wilmington-compstat-v1,validated
year-end-compstat-2025-r1,year_end_compstat,2025-01-01,2025-12-31,1,3c3b151aad3d007f2279cf5735d63f591623eff526770c425b726af0d950cfb2,13,district,district_10,District 10,aggravated_assault,Agg. Assault,last_28_days,count,2024,,,1,1,,wilmington-compstat-v1,validated
year-end-compstat-2025-r1,year_end_compstat,2025-01-01,2025-12-31,1,3c3b151aad3d007f2279cf5735d63f591623eff526770c425b726af0d950cfb2,13,district,district_10,District 10,aggravated_assault,Agg. Assault,last_28_days,percent_change,2025,2024,1,-100.0,-100%,,wilmington-compstat-v1,validated
year-end-compstat-2025-r1,year_end_compstat,2025-01-01,2025-12-31,1,3c3b151aad3d007f2279cf5735d63f591623eff526770c425b726af0d950cfb2,13,district,district_10,District 10,aggravated_assault,Agg. Assault,year_to_date,count,2025,,,8,8,,wilmington-compstat-v1,validated
year-end-compstat-2025-r1,year_end_compstat,2025-01-01,2025-12-31,1,3c3b151aad3d007f2279cf5735d63f591623eff526770c425b726af0d950cfb2,13,district,district_10,District 10,aggravated_assault,Agg. Assault,year_to_date,count,2024,,,13,13,,wilmington-compstat-v1,validated
year-end-compstat-2025-r1,year_end_compstat,2025-01-01,2025-12-31,1,3c3b151aad3d007f2279cf5735d63f591623eff526770c425b726af0d950cfb2,13,district,district_10,District 10,aggravated_assault,Agg. Assault,year_to_date,percent_change,2025,2024,1,-38.0,-38%,,wilmington-compstat-v1,validated
year-end-compstat-2025-r1,year_end_compstat,2025-01-01,2025-12-31,1,3c3b151aad3d007f2279cf5735d63f591623eff526770c425b726af0d950cfb2,13,district,district_10,District 10,aggravated_assault,Agg. Assault,year_to_date,percent_change,2025,2023,2,-60.0,-60%,,wilmington-compstat-v1,validated
year-end-compstat-2025-r1,year_end_compstat,2025-01-01,2025-12-31,1,3c3b151aad3d007f2279cf5735d63f591623eff526770c425b726af0d950cfb2,13,district,district_10,District 10,aggravated_assault,Agg. Assault,year_to_date,percent_change,2025,2022,3,-47.0,-47%,,wilmington-compstat-v1,validated
year-end-compstat-2025-r1,year_end_compstat,2025-01-01,2025-12-31,1,3c3b151aad3d007f2279cf5735d63f591623eff526770c425b726af0d950cfb2,13,district,district_10,District 10,aggravated_assault,Agg. Assault,year_to_date,percent_change,2025,2021,4,-70.0,-70%,,wilmington-compstat-v1,validated
year-end-compstat-2025-r1,year_end_compstat,2025-01-01,2025-12-31,1,3c3b151aad3d007f2279cf5735d63f591623eff526770c425b726af0d950cfb2,13,district,district_10,District 10,aggravated_assault,Agg. Assault,year_to_date,percent_change,2025,2020,5,-53.0,-53%,,wilmington-compstat-v1,validated
year-end-compstat-2025-r1,year_end_compstat,2025-01-01,2025-12-31,1,3c3b151aad3d007f2279cf5735d63f591623eff526770c425b726af0d950cfb2,13,district,district_10,District 10,aggravated_assault,Agg. Assault,year_to_date,percent_change,2025,2019,6,-56.0,-56%,,wilmington-compstat-v1,validated
year-end-compstat-2025-r1,year_end_compstat,2025-01-01,2025-12-31,1,3c3b151aad3d007f2279cf5735d63f591623eff526770c425b726af0d950cfb2,13,district,district_10,District 10,burglary,Burglary,last_7_days,count,2025,,,0,0,,wilmington-compstat-v1,validated
year-end-compstat-2025-r1,year_end_compstat,2025-01-01,2025-12-31,1,3c3b151aad3d007f2279cf5735d63f591623eff526770c425b726af0d950cfb2,13,district,district_10,District 10,burglary,Burglary,last_7_days,count,2024,,,0,0,,wilmington-compstat-v1,validated
year-end-compstat-2025-r1,year_end_compstat,2025-01-01,2025-12-31,1,3c3b151aad3d007f2279cf5735d63f591623eff526770c425b726af0d950cfb2,13,district,district_10,District 10,burglary,Burglary,last_7_days,percent_change,2025,2024,1,,*,undefined_zero_denominator,wilmington-compstat-v1,validated
year-end-compstat-2025-r1,year_end_compstat,2025-01-01,2025-12-31,1,3c3b151aad3d007f2279cf5735d63f591623eff526770c425b726af0d950cfb2,13,district,district_10,District 10,burglary,Burglary,last_28_days,count,2025,,,1,1,,wilmington-compstat-v1,validated
year-end-compstat-2025-r1,year_end_compstat,2025-01-01,2025-12-31,1,3c3b151aad3d007f2279cf5735d63f591623eff526770c425b726af0d950cfb2,13,district,district_10,District 10,burglary,Burglary,last_28_days,count,2024,,,0,0,,wilmington-compstat-v1,validated
year-end-compstat-2025-r1,year_end_compstat,2025-01-01,2025-12-31,1,3c3b151aad3d007f2279cf5735d63f591623eff526770c425b726af0d950cfb2,13,district,district_10,District 10,burglary,Burglary,last_28_days,percent_change,2025,2024,1,,*,undefined_zero_denominator,wilmington-compstat-v1,validated
year-end-compstat-2025-r1,year_end_compstat,2025-01-01,2025-12-31,1,3c3b151aad3d007f2279cf5735d63f591623eff526770c425b726af0d950cfb2,13,district,district_10,District 10,burglary,Burglary,year_to_date,count,2025,,,11,11,,wilmington-compstat-v1,validated
year-end-compstat-2025-r1,year_end_compstat,2025-01-01,2025-12-31,1,3c3b151aad3d007f2279cf5735d63f591623eff526770c425b726af0d950cfb2,13,district,district_10,District 10,burglary,Burglary,year_to_date,count,2024,,,14,14,,wilmington-compstat-v1,validated
year-end-compstat-2025-r1,year_end_compstat,2025-01-01,2025-12-31,1,3c3b151aad3d007f2279cf5735d63f591623eff526770c425b726af0d950cfb2,13,district,district_10,District 10,burglary,Burglary,year_to_date,percent_change,2025,2024,1,-21.0,-21%,,wilmington-compstat-v1,validated
year-end-compstat-2025-r1,year_end_compstat,2025-01-01,2025-12-31,1,3c3b151aad3d007f2279cf5735d63f591623eff526770c425b726af0d950cfb2,13,district,district_10,District 10,burglary,Burglary,year_to_date,percent_change,2025,2023,2,-48.0,-48%,,wilmington-compstat-v1,validated
year-end-compstat-2025-r1,year_end_compstat,2025-01-01,2025-12-31,1,3c3b151aad3d007f2279cf5735d63f591623eff526770c425b726af0d950cfb2,13,district,district_10,District 10,burglary,Burglary,year_to_date,percent_change,2025,2022,3,0.0,0%,,wilmington-compstat-v1,validated
year-end-compstat-2025-r1,year_end_compstat,2025-01-01,2025-12-31,1,3c3b151aad3d007f2279cf5735d63f591623eff526770c425b726af0d950cfb2,13,district,district_10,District 10,burglary,Burglary,year_to_date,percent_change,2025,2021,4,-35.0,-35%,,wilmington-compstat-v1,validated
year-end-compstat-2025-r1,year_end_compstat,2025-01-01,2025-12-31,1,3c3b151aad3d007f2279cf5735d63f591623eff526770c425b726af0d950cfb2,13,district,district_10,District 10,burglary,Burglary,year_to_date,percent_change,2025,2020,5,-48.0,-48%,,wilmington-compstat-v1,validated
year-end-compstat-2025-r1,year_end_compstat,2025-01-01,2025-12-31,1,3c3b151aad3d007f2279cf5735d63f591623eff526770c425b726af0d950cfb2,13,district,district_10,District 10,burglary,Burglary,year_to_date,percent_change,2025,2019,6,-61.0,-61%,,wilmington-compstat-v1,validated
year-end-compstat-2025-r1,year_end_compstat,2025-01-01,2025-12-31,1,3c3b151aad3d007f2279cf5735d63f591623eff526770c425b726af0d950cfb2,13,district,district_10,District 10,felony_theft,Felony Theft,last_7_days,count,2025,,,1,1,,wilmington-compstat-v1,validated
year-end-compstat-2025-r1,year_end_compstat,2025-01-01,2025-12-31,1,3c3b151aad3d007f2279cf5735d63f591623eff526770c425b726af0d950cfb2,13,district,district_10,District 10,felony_theft,Felony Theft,last_7_days,count,2024,,,0,0,,wilmington-compstat-v1,validated
year-end-compstat-2025-r1,year_end_compstat,2025-01-01,2025-12-31,1,3c3b151aad3d007f2279cf5735d63f591623eff526770c425b726af0d950cfb2,13,district,district_10,District 10,felony_theft,Felony Theft,last_7_days,percent_change,2025,2024,1,,*,undefined_zero_denominator,wilmington-compstat-v1,validated
year-end-compstat-2025-r1,year_end_compstat,2025-01-01,2025-12-31,1,3c3b151aad3d007f2279cf5735d63f591623eff526770c425b726af0d950cfb2,13,district,district_10,District 10,felony_theft,Felony Theft,last_28_days,count,2025,,,1,1,,wilmington-compstat-v1,validated
year-end-compstat-2025-r1,year_end_compstat,2025-01-01,2025-12-31,1,3c3b151aad3d007f2279cf5735d63f591623eff526770c425b726af0d950cfb2,13,district,district_10,District 10,felony_theft,Felony Theft,last_28_days,count,2024,,,1,1,,wilmington-compstat-v1,validated
year-end-compstat-2025-r1,year_end_compstat,2025-01-01,2025-12-31,1,3c3b151aad3d007f2279cf5735d63f591623eff526770c425b726af0d950cfb2,13,district,district_10,District 10,felony_theft,Felony Theft,last_28_days,percent_change,2025,2024,1,0.0,0%,,wilmington-compstat-v1,validated
year-end-compstat-2025-r1,year_end_compstat,2025-01-01,2025-12-31,1,3c3b151aad3d007f2279cf5735d63f591623eff526770c425b726af0d950cfb2,13,district,district_10,District 10,felony_theft,Felony Theft,year_to_date,count,2025,,,13,13,,wilmington-compstat-v1,validated
year-end-compstat-2025-r1,year_end_compstat,2025-01-01,2025-12-31,1,3c3b151aad3d007f2279cf5735d63f591623eff526770c425b726af0d950cfb2,13,district,district_10,District 10,felony_theft,Felony Theft,year_to_date,count,2024,,,11,11,,wilmington-compstat-v1,validated
year-end-compstat-2025-r1,year_end_compstat,2025-01-01,2025-12-31,1,3c3b151aad3d007f2279cf5735d63f591623eff526770c425b726af0d950cfb2,13,district,district_10,District 10,felony_theft,Felony Theft,year_to_date,percent_change,2025,2024,1,18.0,18%,,wilmington-compstat-v1,validated
year-end-compstat-2025-r1,year_end_compstat,2025-01-01,2025-12-31,1,3c3b151aad3d007f2279cf5735d63f591623eff526770c425b726af0d950cfb2,13,district,district_10,District 10,felony_theft,Felony Theft,year_to_date,percent_change,2025,2023,2,-38.0,-38%,,wilmington-compstat-v1,validated
year-end-compstat-2025-r1,year_end_compstat,2025-01-01,2025-12-31,1,3c3b151aad3d007f2279cf5735d63f591623eff526770c425b726af0d950cfb2,13,district,district_10,District 10,felony_theft,Felony Theft,year_to_date,percent_change,2025,2022,3,-41.0,-41%,,wilmington-compstat-v1,validated
year-end-compstat-2025-r1,year_end_compstat,2025-01-01,2025-12-31,1,3c3b151aad3d007f2279cf5735d63f591623eff526770c425b726af0d950cfb2,13,district,district_10,District 10,felony_theft,Felony Theft,year_to_date,percent_change,2025,2021,4,-32.0,-32%,,wilmington-compstat-v1,validated
year-end-compstat-2025-r1,year_end_compstat,2025-01-01,2025-12-31,1,3c3b151aad3d007f2279cf5735d63f591623eff526770c425b726af0d950cfb2,13,district,district_10,District 10,felony_theft,Felony Theft,year_to_date,percent_change,2025,2020,5,117.0,117%,,wilmington-compstat-v1,validated
year-end-compstat-2025-r1,year_end_compstat,2025-01-01,2025-12-31,1,3c3b151aad3d007f2279cf5735d63f591623eff526770c425b726af0d950cfb2,13,district,district_10,District 10,felony_theft,Felony Theft,year_to_date,percent_change,2025,2019,6,44.0,44%,,wilmington-compstat-v1,validated
year-end-compstat-2025-r1,year_end_compstat,2025-01-01,2025-12-31,1,3c3b151aad3d007f2279cf5735d63f591623eff526770c425b726af0d950cfb2,13,district,district_10,District 10,auto_theft,Auto Theft,last_7_days,count,2025,,,0,0,,wilmington-compstat-v1,validated
year-end-compstat-2025-r1,year_end_compstat,2025-01-01,2025-12-31,1,3c3b151aad3d007f2279cf5735d63f591623eff526770c425b726af0d950cfb2,13,district,district_10,District 10,auto_theft,Auto Theft,last_7_days,count,2024,,,0,0,,wilmington-compstat-v1,validated
year-end-compstat-2025-r1,year_end_compstat,2025-01-01,2025-12-31,1,3c3b151aad3d007f2279cf5735d63f591623eff526770c425b726af0d950cfb2,13,district,district_10,District 10,auto_theft,Auto Theft,last_7_days,percent_change,2025,2024,1,,*,undefined_zero_denominator,wilmington-compstat-v1,validated
year-end-compstat-2025-r1,year_end_compstat,2025-01-01,2025-12-31,1,3c3b151aad3d007f2279cf5735d63f591623eff526770c425b726af0d950cfb2,13,district,district_10,District 10,auto_theft,Auto Theft,last_28_days,count,2025,,,0,0,,wilmington-compstat-v1,validated
year-end-compstat-2025-r1,year_end_compstat,2025-01-01,2025-12-31,1,3c3b151aad3d007f2279cf5735d63f591623eff526770c425b726af0d950cfb2,13,district,district_10,District 10,auto_theft,Auto Theft,last_28_days,count,2024,,,0,0,,wilmington-compstat-v1,validated
year-end-compstat-2025-r1,year_end_compstat,2025-01-01,2025-12-31,1,3c3b151aad3d007f2279cf5735d63f591623eff526770c425b726af0d950cfb2,13,district,district_10,District 10,auto_theft,Auto Theft,last_28_days,percent_change,2025,2024,1,,*,undefined_zero_denominator,wilmington-compstat-v1,validated
year-end-compstat-2025-r1,year_end_compstat,2025-01-01,2025-12-31,1,3c3b151aad3d007f2279cf5735d63f591623eff526770c425b726af0d950cfb2,13,district,district_10,District 10,auto_theft,Auto Theft,year_to_date,count,2025,,,18,18,,wilmington-compstat-v1,validated
year-end-compstat-2025-r1,year_end_compstat,2025-01-01,2025-12-31,1,3c3b151aad3d007f2279cf5735d63f591623eff526770c425b726af0d950cfb2,13,district,district_10,District 10,auto_theft,Auto Theft,year_to_date,count,2024,,,16,16,,wilmington-compstat-v1,validated
year-end-compstat-2025-r1,year_end_compstat,2025-01-01,2025-12-31,1,3c3b151aad3d007f2279cf5735d63f591623eff526770c425b726af0d950cfb2,13,district,district_10,District 10,auto_theft,Auto Theft,year_to_date,percent_change,2025,2024,1,13.0,13%,,wilmington-compstat-v1,validated
year-end-compstat-2025-r1,year_end_compstat,2025-01-01,2025-12-31,1,3c3b151aad3d007f2279cf5735d63f591623eff526770c425b726af0d950cfb2,13,district,district_10,District 10,auto_theft,Auto Theft,year_to_date,percent_change,2025,2023,2,-55.0,-55%,,wilmington-compstat-v1,validated
year-end-compstat-2025-r1,year_end_compstat,2025-01-01,2025-12-31,1,3c3b151aad3d007f2279cf5735d63f591623eff526770c425b726af0d950cfb2,13,district,district_10,District 10,auto_theft,Auto Theft,year_to_date,percent_change,2025,2022,3,13.0,13%,,wilmington-compstat-v1,validated
year-end-compstat-2025-r1,year_end_compstat,2025-01-01,2025-12-31,1,3c3b151aad3d007f2279cf5735d63f591623eff526770c425b726af0d950cfb2,13,district,district_10,District 10,auto_theft,Auto Theft,year_to_date,percent_change,2025,2021,4,29.0,29%,,wilmington-compstat-v1,validated
year-end-compstat-2025-r1,year_end_compstat,2025-01-01,2025-12-31,1,3c3b151aad3d007f2279cf5735d63f591623eff526770c425b726af0d950cfb2,13,district,district_10,District 10,auto_theft,Auto Theft,year_to_date,percent_change,2025,2020,5,-18.0,-18%,,wilmington-compstat-v1,validated
year-end-compstat-2025-r1,year_end_compstat,2025-01-01,2025-12-31,1,3c3b151aad3d007f2279cf5735d63f591623eff526770c425b726af0d950cfb2,13,district,district_10,District 10,auto_theft,Auto Theft,year_to_date,percent_change,2025,2019,6,-10.0,-10%,,wilmington-compstat-v1,validated
year-end-compstat-2025-r1,year_end_compstat,2025-01-01,2025-12-31,1,3c3b151aad3d007f2279cf5735d63f591623eff526770c425b726af0d950cfb2,13,district,district_10,District 10,major_crime_total,TOTAL,last_7_days,count,2025,,,1,1,,wilmington-compstat-v1,validated
year-end-compstat-2025-r1,year_end_compstat,2025-01-01,2025-12-31,1,3c3b151aad3d007f2279cf5735d63f591623eff526770c425b726af0d950cfb2,13,district,district_10,District 10,major_crime_total,TOTAL,last_7_days,count,2024,,,0,0,,wilmington-compstat-v1,validated
year-end-compstat-2025-r1,year_end_compstat,2025-01-01,2025-12-31,1,3c3b151aad3d007f2279cf5735d63f591623eff526770c425b726af0d950cfb2,13,district,district_10,District 10,major_crime_total,TOTAL,last_7_days,percent_change,2025,2024,1,,*,undefined_zero_denominator,wilmington-compstat-v1,validated
year-end-compstat-2025-r1,year_end_compstat,2025-01-01,2025-12-31,1,3c3b151aad3d007f2279cf5735d63f591623eff526770c425b726af0d950cfb2,13,district,district_10,District 10,major_crime_total,TOTAL,last_28_days,count,2025,,,2,2,,wilmington-compstat-v1,validated
year-end-compstat-2025-r1,year_end_compstat,2025-01-01,2025-12-31,1,3c3b151aad3d007f2279cf5735d63f591623eff526770c425b726af0d950cfb2,13,district,district_10,District 10,major_crime_total,TOTAL,last_28_days,count,2024,,,2,2,,wilmington-compstat-v1,validated
year-end-compstat-2025-r1,year_end_compstat,2025-01-01,2025-12-31,1,3c3b151aad3d007f2279cf5735d63f591623eff526770c425b726af0d950cfb2,13,district,district_10,District 10,major_crime_total,TOTAL,last_28_days,percent_change,2025,2024,1,0.0,0%,,wilmington-compstat-v1,validated
year-end-compstat-2025-r1,year_end_compstat,2025-01-01,2025-12-31,1,3c3b151aad3d007f2279cf5735d63f591623eff526770c425b726af0d950cfb2,13,district,district_10,District 10,major_crime_total,TOTAL,year_to_date,count,2025,,,66,66,,wilmington-compstat-v1,validated
year-end-compstat-2025-r1,year_end_compstat,2025-01-01,2025-12-31,1,3c3b151aad3d007f2279cf5735d63f591623eff526770c425b726af0d950cfb2,13,district,district_10,District 10,major_crime_total,TOTAL,year_to_date,count,2024,,,72,72,,wilmington-compstat-v1,validated
year-end-compstat-2025-r1,year_end_compstat,2025-01-01,2025-12-31,1,3c3b151aad3d007f2279cf5735d63f591623eff526770c425b726af0d950cfb2,13,district,district_10,District 10,major_crime_total,TOTAL,year_to_date,percent_change,2025,2024,1,-8.0,-8%,,wilmington-compstat-v1,validated
year-end-compstat-2025-r1,year_end_compstat,2025-01-01,2025-12-31,1,3c3b151aad3d007f2279cf5735d63f591623eff526770c425b726af0d950cfb2,13,district,district_10,District 10,major_crime_total,TOTAL,year_to_date,percent_change,2025,2023,2,-41.0,-41%,,wilmington-compstat-v1,validated
year-end-compstat-2025-r1,year_end_compstat,2025-01-01,2025-12-31,1,3c3b151aad3d007f2279cf5735d63f591623eff526770c425b726af0d950cfb2,13,district,district_10,District 10,major_crime_total,TOTAL,year_to_date,percent_change,2025,2022,3,-14.0,-14%,,wilmington-compstat-v1,validated
year-end-compstat-2025-r1,year_end_compstat,2025-01-01,2025-12-31,1,3c3b151aad3d007f2279cf5735d63f591623eff526770c425b726af0d950cfb2,13,district,district_10,District 10,major_crime_total,TOTAL,year_to_date,percent_change,2025,2021,4,-23.0,-23%,,wilmington-compstat-v1,validated
year-end-compstat-2025-r1,year_end_compstat,2025-01-01,2025-12-31,1,3c3b151aad3d007f2279cf5735d63f591623eff526770c425b726af0d950cfb2,13,district,district_10,District 10,major_crime_total,TOTAL,year_to_date,percent_change,2025,2020,5,-14.0,-14%,,wilmington-compstat-v1,validated
year-end-compstat-2025-r1,year_end_compstat,2025-01-01,2025-12-31,1,3c3b151aad3d007f2279cf5735d63f591623eff526770c425b726af0d950cfb2,13,district,district_10,District 10,major_crime_total,TOTAL,year_to_date,percent_change,2025,2019,6,-26.0,-26%,,wilmington-compstat-v1,validated
year-end-compstat-2025-r1,year_end_compstat,2025-01-01,2025-12-31,1,3c3b151aad3d007f2279cf5735d63f591623eff526770c425b726af0d950cfb2,13,district,district_10,District 10,shooting_incidents,Shooting Incidents,last_7_days,count,2025,,,0,0,,wilmington-compstat-v1,validated
year-end-compstat-2025-r1,year_end_compstat,2025-01-01,2025-12-31,1,3c3b151aad3d007f2279cf5735d63f591623eff526770c425b726af0d950cfb2,13,district,district_10,District 10,shooting_incidents,Shooting Incidents,last_7_days,count,2024,,,0,0,,wilmington-compstat-v1,validated
year-end-compstat-2025-r1,year_end_compstat,2025-01-01,2025-12-31,1,3c3b151aad3d007f2279cf5735d63f591623eff526770c425b726af0d950cfb2,13,district,district_10,District 10,shooting_incidents,Shooting Incidents,last_7_days,percent_change,2025,2024,1,,*,undefined_zero_denominator,wilmington-compstat-v1,validated
year-end-compstat-2025-r1,year_end_compstat,2025-01-01,2025-12-31,1,3c3b151aad3d007f2279cf5735d63f591623eff526770c425b726af0d950cfb2,13,district,district_10,District 10,shooting_incidents,Shooting Incidents,last_28_days,count,2025,,,0,0,,wilmington-compstat-v1,validated
year-end-compstat-2025-r1,year_end_compstat,2025-01-01,2025-12-31,1,3c3b151aad3d007f2279cf5735d63f591623eff526770c425b726af0d950cfb2,13,district,district_10,District 10,shooting_incidents,Shooting Incidents,last_28_days,count,2024,,,0,0,,wilmington-compstat-v1,validated
year-end-compstat-2025-r1,year_end_compstat,2025-01-01,2025-12-31,1,3c3b151aad3d007f2279cf5735d63f591623eff526770c425b726af0d950cfb2,13,district,district_10,District 10,shooting_incidents,Shooting Incidents,last_28_days,percent_change,2025,2024,1,,*,undefined_zero_denominator,wilmington-compstat-v1,validated
year-end-compstat-2025-r1,year_end_compstat,2025-01-01,2025-12-31,1,3c3b151aad3d007f2279cf5735d63f591623eff526770c425b726af0d950cfb2,13,district,district_10,District 10,shooting_incidents,Shooting Incidents,year_to_date,count,2025,,,3,3,,wilmington-compstat-v1,validated
year-end-compstat-2025-r1,year_end_compstat,2025-01-01,2025-12-31,1,3c3b151aad3d007f2279cf5735d63f591623eff526770c425b726af0d950cfb2,13,district,district_10,District 10,shooting_incidents,Shooting Incidents,year_to_date,count,2024,,,3,3,,wilmington-compstat-v1,validated
year-end-compstat-2025-r1,year_end_compstat,2025-01-01,2025-12-31,1,3c3b151aad3d007f2279cf5735d63f591623eff526770c425b726af0d950cfb2,13,district,district_10,District 10,shooting_incidents,Shooting Incidents,year_to_date,percent_change,2025,2024,1,0.0,0%,,wilmington-compstat-v1,validated
year-end-compstat-2025-r1,year_end_compstat,2025-01-01,2025-12-31,1,3c3b151aad3d007f2279cf5735d63f591623eff526770c425b726af0d950cfb2,13,district,district_10,District 10,shooting_incidents,Shooting Incidents,year_to_date,percent_change,2025,2023,2,-40.0,-40%,,wilmington-compstat-v1,validated
year-end-compstat-2025-r1,year_end_compstat,2025-01-01,2025-12-31,1,3c3b151aad3d007f2279cf5735d63f591623eff526770c425b726af0d950cfb2,13,district,district_10,District 10,shooting_incidents,Shooting Incidents,year_to_date,percent_change,2025,2022,3,0.0,0%,,wilmington-compstat-v1,validated
year-end-compstat-2025-r1,year_end_compstat,2025-01-01,2025-12-31,1,3c3b151aad3d007f2279cf5735d63f591623eff526770c425b726af0d950cfb2,13,district,district_10,District 10,shooting_incidents,Shooting Incidents,year_to_date,percent_change,2025,2021,4,-63.0,-63%,,wilmington-compstat-v1,validated
year-end-compstat-2025-r1,year_end_compstat,2025-01-01,2025-12-31,1,3c3b151aad3d007f2279cf5735d63f591623eff526770c425b726af0d950cfb2,13,district,district_10,District 10,shooting_incidents,Shooting Incidents,year_to_date,percent_change,2025,2020,5,-25.0,-25%,,wilmington-compstat-v1,validated
year-end-compstat-2025-r1,year_end_compstat,2025-01-01,2025-12-31,1,3c3b151aad3d007f2279cf5735d63f591623eff526770c425b726af0d950cfb2,13,district,district_10,District 10,shooting_incidents,Shooting Incidents,year_to_date,percent_change,2025,2019,6,50.0,50%,,wilmington-compstat-v1,validated
year-end-compstat-2025-r1,year_end_compstat,2025-01-01,2025-12-31,1,3c3b151aad3d007f2279cf5735d63f591623eff526770c425b726af0d950cfb2,13,district,district_10,District 10,shooting_victims,Shooting Victims,last_7_days,count,2025,,,0,0,,wilmington-compstat-v1,validated
year-end-compstat-2025-r1,year_end_compstat,2025-01-01,2025-12-31,1,3c3b151aad3d007f2279cf5735d63f591623eff526770c425b726af0d950cfb2,13,district,district_10,District 10,shooting_victims,Shooting Victims,last_7_days,count,2024,,,0,0,,wilmington-compstat-v1,validated
year-end-compstat-2025-r1,year_end_compstat,2025-01-01,2025-12-31,1,3c3b151aad3d007f2279cf5735d63f591623eff526770c425b726af0d950cfb2,13,district,district_10,District 10,shooting_victims,Shooting Victims,last_7_days,percent_change,2025,2024,1,,*,undefined_zero_denominator,wilmington-compstat-v1,validated
year-end-compstat-2025-r1,year_end_compstat,2025-01-01,2025-12-31,1,3c3b151aad3d007f2279cf5735d63f591623eff526770c425b726af0d950cfb2,13,district,district_10,District 10,shooting_victims,Shooting Victims,last_28_days,count,2025,,,0,0,,wilmington-compstat-v1,validated
year-end-compstat-2025-r1,year_end_compstat,2025-01-01,2025-12-31,1,3c3b151aad3d007f2279cf5735d63f591623eff526770c425b726af0d950cfb2,13,district,district_10,District 10,shooting_victims,Shooting Victims,last_28_days,count,2024,,,0,0,,wilmington-compstat-v1,validated
year-end-compstat-2025-r1,year_end_compstat,2025-01-01,2025-12-31,1,3c3b151aad3d007f2279cf5735d63f591623eff526770c425b726af0d950cfb2,13,district,district_10,District 10,shooting_victims,Shooting Victims,last_28_days,percent_change,2025,2024,1,,*,undefined_zero_denominator,wilmington-compstat-v1,validated
year-end-compstat-2025-r1,year_end_compstat,2025-01-01,2025-12-31,1,3c3b151aad3d007f2279cf5735d63f591623eff526770c425b726af0d950cfb2,13,district,district_10,District 10,shooting_victims,Shooting Victims,year_to_date,count,2025,,,3,3,,wilmington-compstat-v1,validated
year-end-compstat-2025-r1,year_end_compstat,2025-01-01,2025-12-31,1,3c3b151aad3d007f2279cf5735d63f591623eff526770c425b726af0d950cfb2,13,district,district_10,District 10,shooting_victims,Shooting Victims,year_to_date,count,2024,,,4,4,,wilmington-compstat-v1,validated
year-end-compstat-2025-r1,year_end_compstat,2025-01-01,2025-12-31,1,3c3b151aad3d007f2279cf5735d63f591623eff526770c425b726af0d950cfb2,13,district,district_10,District 10,shooting_victims,Shooting Victims,year_to_date,percent_change,2025,2024,1,-25.0,-25%,,wilmington-compstat-v1,validated
year-end-compstat-2025-r1,year_end_compstat,2025-01-01,2025-12-31,1,3c3b151aad3d007f2279cf5735d63f591623eff526770c425b726af0d950cfb2,13,district,district_10,District 10,shooting_victims,Shooting Victims,year_to_date,percent_change,2025,2023,2,-63.0,-63%,,wilmington-compstat-v1,validated
year-end-compstat-2025-r1,year_end_compstat,2025-01-01,2025-12-31,1,3c3b151aad3d007f2279cf5735d63f591623eff526770c425b726af0d950cfb2,13,district,district_10,District 10,shooting_victims,Shooting Victims,year_to_date,percent_change,2025,2022,3,0.0,0%,,wilmington-compstat-v1,validated
year-end-compstat-2025-r1,year_end_compstat,2025-01-01,2025-12-31,1,3c3b151aad3d007f2279cf5735d63f591623eff526770c425b726af0d950cfb2,13,district,district_10,District 10,shooting_victims,Shooting Victims,year_to_date,percent_change,2025,2021,4,-77.0,-77%,,wilmington-compstat-v1,validated
year-end-compstat-2025-r1,year_end_compstat,2025-01-01,2025-12-31,1,3c3b151aad3d007f2279cf5735d63f591623eff526770c425b726af0d950cfb2,13,district,district_10,District 10,shooting_victims,Shooting Victims,year_to_date,percent_change,2025,2020,5,-25.0,-25%,,wilmington-compstat-v1,validated
year-end-compstat-2025-r1,year_end_compstat,2025-01-01,2025-12-31,1,3c3b151aad3d007f2279cf5735d63f591623eff526770c425b726af0d950cfb2,13,district,district_10,District 10,shooting_victims,Shooting Victims,year_to_date,percent_change,2025,2019,6,50.0,50%,,wilmington-compstat-v1,validated
year-end-compstat-2025-r1,year_end_compstat,2025-01-01,2025-12-31,1,3c3b151aad3d007f2279cf5735d63f591623eff526770c425b726af0d950cfb2,13,district,district_10,District 10,juvenile_shooting_incidents,*Juv Shooting Incidents,last_7_days,count,2025,,,0,0,,wilmington-compstat-v1,validated
year-end-compstat-2025-r1,year_end_compstat,2025-01-01,2025-12-31,1,3c3b151aad3d007f2279cf5735d63f591623eff526770c425b726af0d950cfb2,13,district,district_10,District 10,juvenile_shooting_incidents,*Juv Shooting Incidents,last_7_days,count,2024,,,0,0,,wilmington-compstat-v1,validated
year-end-compstat-2025-r1,year_end_compstat,2025-01-01,2025-12-31,1,3c3b151aad3d007f2279cf5735d63f591623eff526770c425b726af0d950cfb2,13,district,district_10,District 10,juvenile_shooting_incidents,*Juv Shooting Incidents,last_7_days,percent_change,2025,2024,1,,*,undefined_zero_denominator,wilmington-compstat-v1,validated
year-end-compstat-2025-r1,year_end_compstat,2025-01-01,2025-12-31,1,3c3b151aad3d007f2279cf5735d63f591623eff526770c425b726af0d950cfb2,13,district,district_10,District 10,juvenile_shooting_incidents,*Juv Shooting Incidents,last_28_days,count,2025,,,0,0,,wilmington-compstat-v1,validated
year-end-compstat-2025-r1,year_end_compstat,2025-01-01,2025-12-31,1,3c3b151aad3d007f2279cf5735d63f591623eff526770c425b726af0d950cfb2,13,district,district_10,District 10,juvenile_shooting_incidents,*Juv Shooting Incidents,last_28_days,count,2024,,,0,0,,wilmington-compstat-v1,validated
year-end-compstat-2025-r1,year_end_compstat,2025-01-01,2025-12-31,1,3c3b151aad3d007f2279cf5735d63f591623eff526770c425b726af0d950cfb2,13,district,district_10,District 10,juvenile_shooting_incidents,*Juv Shooting Incidents,last_28_days,percent_change,2025,2024,1,,*,undefined_zero_denominator,wilmington-compstat-v1,validated
year-end-compstat-2025-r1,year_end_compstat,2025-01-01,2025-12-31,1,3c3b151aad3d007f2279cf5735d63f591623eff526770c425b726af0d950cfb2,13,district,district_10,District 10,juvenile_shooting_incidents,*Juv Shooting Incidents,year_to_date,count,2025,,,0,0,,wilmington-compstat-v1,validated
year-end-compstat-2025-r1,year_end_compstat,2025-01-01,2025-12-31,1,3c3b151aad3d007f2279cf5735d63f591623eff526770c425b726af0d950cfb2,13,district,district_10,District 10,juvenile_shooting_incidents,*Juv Shooting Incidents,year_to_date,count,2024,,,1,1,,wilmington-compstat-v1,validated
year-end-compstat-2025-r1,year_end_compstat,2025-01-01,2025-12-31,1,3c3b151aad3d007f2279cf5735d63f591623eff526770c425b726af0d950cfb2,13,district,district_10,District 10,juvenile_shooting_incidents,*Juv Shooting Incidents,year_to_date,percent_change,2025,2024,1,-100.0,-100%,,wilmington-compstat-v1,validated
year-end-compstat-2025-r1,year_end_compstat,2025-01-01,2025-12-31,1,3c3b151aad3d007f2279cf5735d63f591623eff526770c425b726af0d950cfb2,13,district,district_10,District 10,juvenile_shooting_incidents,*Juv Shooting Incidents,year_to_date,percent_change,2025,2023,2,,*,undefined_zero_denominator,wilmington-compstat-v1,validated
year-end-compstat-2025-r1,year_end_compstat,2025-01-01,2025-12-31,1,3c3b151aad3d007f2279cf5735d63f591623eff526770c425b726af0d950cfb2,13,district,district_10,District 10,juvenile_shooting_incidents,*Juv Shooting Incidents,year_to_date,percent_change,2025,2022,3,-100.0,-100%,,wilmington-compstat-v1,validated
year-end-compstat-2025-r1,year_end_compstat,2025-01-01,2025-12-31,1,3c3b151aad3d007f2279cf5735d63f591623eff526770c425b726af0d950cfb2,13,district,district_10,District 10,juvenile_shooting_incidents,*Juv Shooting Incidents,year_to_date,percent_change,2025,2021,4,-100.0,-100%,,wilmington-compstat-v1,validated
year-end-compstat-2025-r1,year_end_compstat,2025-01-01,2025-12-31,1,3c3b151aad3d007f2279cf5735d63f591623eff526770c425b726af0d950cfb2,13,district,district_10,District 10,juvenile_shooting_incidents,*Juv Shooting Incidents,year_to_date,percent_change,2025,2020,5,-100.0,-100%,,wilmington-compstat-v1,validated
year-end-compstat-2025-r1,year_end_compstat,2025-01-01,2025-12-31,1,3c3b151aad3d007f2279cf5735d63f591623eff526770c425b726af0d950cfb2,13,district,district_10,District 10,juvenile_shooting_incidents,*Juv Shooting Incidents,year_to_date,percent_change,2025,2019,6,,*,undefined_zero_denominator,wilmington-compstat-v1,validated
year-end-compstat-2025-r1,year_end_compstat,2025-01-01,2025-12-31,1,3c3b151aad3d007f2279cf5735d63f591623eff526770c425b726af0d950cfb2,13,district,district_10,District 10,juvenile_shooting_victims,*Juv Shooting Victims,last_7_days,count,2025,,,0,0,,wilmington-compstat-v1,validated
year-end-compstat-2025-r1,year_end_compstat,2025-01-01,2025-12-31,1,3c3b151aad3d007f2279cf5735d63f591623eff526770c425b726af0d950cfb2,13,district,district_10,District 10,juvenile_shooting_victims,*Juv Shooting Victims,last_7_days,count,2024,,,0,0,,wilmington-compstat-v1,validated
year-end-compstat-2025-r1,year_end_compstat,2025-01-01,2025-12-31,1,3c3b151aad3d007f2279cf5735d63f591623eff526770c425b726af0d950cfb2,13,district,district_10,District 10,juvenile_shooting_victims,*Juv Shooting Victims,last_7_days,percent_change,2025,2024,1,,*,undefined_zero_denominator,wilmington-compstat-v1,validated
year-end-compstat-2025-r1,year_end_compstat,2025-01-01,2025-12-31,1,3c3b151aad3d007f2279cf5735d63f591623eff526770c425b726af0d950cfb2,13,district,district_10,District 10,juvenile_shooting_victims,*Juv Shooting Victims,last_28_days,count,2025,,,0,0,,wilmington-compstat-v1,validated
year-end-compstat-2025-r1,year_end_compstat,2025-01-01,2025-12-31,1,3c3b151aad3d007f2279cf5735d63f591623eff526770c425b726af0d950cfb2,13,district,district_10,District 10,juvenile_shooting_victims,*Juv Shooting Victims,last_28_days,count,2024,,,0,0,,wilmington-compstat-v1,validated
year-end-compstat-2025-r1,year_end_compstat,2025-01-01,2025-12-31,1,3c3b151aad3d007f2279cf5735d63f591623eff526770c425b726af0d950cfb2,13,district,district_10,District 10,juvenile_shooting_victims,*Juv Shooting Victims,last_28_days,percent_change,2025,2024,1,,*,undefined_zero_denominator,wilmington-compstat-v1,validated
year-end-compstat-2025-r1,year_end_compstat,2025-01-01,2025-12-31,1,3c3b151aad3d007f2279cf5735d63f591623eff526770c425b726af0d950cfb2,13,district,district_10,District 10,juvenile_shooting_victims,*Juv Shooting Victims,year_to_date,count,2025,,,0,0,,wilmington-compstat-v1,validated
year-end-compstat-2025-r1,year_end_compstat,2025-01-01,2025-12-31,1,3c3b151aad3d007f2279cf5735d63f591623eff526770c425b726af0d950cfb2,13,district,district_10,District 10,juvenile_shooting_victims,*Juv Shooting Victims,year_to_date,count,2024,,,1,1,,wilmington-compstat-v1,validated
year-end-compstat-2025-r1,year_end_compstat,2025-01-01,2025-12-31,1,3c3b151aad3d007f2279cf5735d63f591623eff526770c425b726af0d950cfb2,13,district,district_10,District 10,juvenile_shooting_victims,*Juv Shooting Victims,year_to_date,percent_change,2025,2024,1,-100.0,-100%,,wilmington-compstat-v1,validated
year-end-compstat-2025-r1,year_end_compstat,2025-01-01,2025-12-31,1,3c3b151aad3d007f2279cf5735d63f591623eff526770c425b726af0d950cfb2,13,district,district_10,District 10,juvenile_shooting_victims,*Juv Shooting Victims,year_to_date,percent_change,2025,2023,2,,*,undefined_zero_denominator,wilmington-compstat-v1,validated
year-end-compstat-2025-r1,year_end_compstat,2025-01-01,2025-12-31,1,3c3b151aad3d007f2279cf5735d63f591623eff526770c425b726af0d950cfb2,13,district,district_10,District 10,juvenile_shooting_victims,*Juv Shooting Victims,year_to_date,percent_change,2025,2022,3,-100.0,-100%,,wilmington-compstat-v1,validated
year-end-compstat-2025-r1,year_end_compstat,2025-01-01,2025-12-31,1,3c3b151aad3d007f2279cf5735d63f591623eff526770c425b726af0d950cfb2,13,district,district_10,District 10,juvenile_shooting_victims,*Juv Shooting Victims,year_to_date,percent_change,2025,2021,4,-100.0,-100%,,wilmington-compstat-v1,validated
year-end-compstat-2025-r1,year_end_compstat,2025-01-01,2025-12-31,1,3c3b151aad3d007f2279cf5735d63f591623eff526770c425b726af0d950cfb2,13,district,district_10,District 10,juvenile_shooting_victims,*Juv Shooting Victims,year_to_date,percent_change,2025,2020,5,-100.0,-100%,,wilmington-compstat-v1,validated
year-end-compstat-2025-r1,year_end_compstat,2025-01-01,2025-12-31,1,3c3b151aad3d007f2279cf5735d63f591623eff526770c425b726af0d950cfb2,13,district,district_10,District 10,juvenile_shooting_victims,*Juv Shooting Victims,year_to_date,percent_change,2025,2019,6,,*,undefined_zero_denominator,wilmington-compstat-v1,validated
year-end-compstat-2025-r1,year_end_compstat,2025-01-01,2025-12-31,1,3c3b151aad3d007f2279cf5735d63f591623eff526770c425b726af0d950cfb2,13,district,district_10,District 10,misdemeanor_theft,Theft (Misdemeanor),last_7_days,count,2025,,,1,1,,wilmington-compstat-v1,validated
year-end-compstat-2025-r1,year_end_compstat,2025-01-01,2025-12-31,1,3c3b151aad3d007f2279cf5735d63f591623eff526770c425b726af0d950cfb2,13,district,district_10,District 10,misdemeanor_theft,Theft (Misdemeanor),last_7_days,count,2024,,,0,0,,wilmington-compstat-v1,validated
year-end-compstat-2025-r1,year_end_compstat,2025-01-01,2025-12-31,1,3c3b151aad3d007f2279cf5735d63f591623eff526770c425b726af0d950cfb2,13,district,district_10,District 10,misdemeanor_theft,Theft (Misdemeanor),last_7_days,percent_change,2025,2024,1,,*,undefined_zero_denominator,wilmington-compstat-v1,validated
year-end-compstat-2025-r1,year_end_compstat,2025-01-01,2025-12-31,1,3c3b151aad3d007f2279cf5735d63f591623eff526770c425b726af0d950cfb2,13,district,district_10,District 10,misdemeanor_theft,Theft (Misdemeanor),last_28_days,count,2025,,,4,4,,wilmington-compstat-v1,validated
year-end-compstat-2025-r1,year_end_compstat,2025-01-01,2025-12-31,1,3c3b151aad3d007f2279cf5735d63f591623eff526770c425b726af0d950cfb2,13,district,district_10,District 10,misdemeanor_theft,Theft (Misdemeanor),last_28_days,count,2024,,,5,5,,wilmington-compstat-v1,validated
year-end-compstat-2025-r1,year_end_compstat,2025-01-01,2025-12-31,1,3c3b151aad3d007f2279cf5735d63f591623eff526770c425b726af0d950cfb2,13,district,district_10,District 10,misdemeanor_theft,Theft (Misdemeanor),last_28_days,percent_change,2025,2024,1,-20.0,-20%,,wilmington-compstat-v1,validated
year-end-compstat-2025-r1,year_end_compstat,2025-01-01,2025-12-31,1,3c3b151aad3d007f2279cf5735d63f591623eff526770c425b726af0d950cfb2,13,district,district_10,District 10,misdemeanor_theft,Theft (Misdemeanor),year_to_date,count,2025,,,48,48,,wilmington-compstat-v1,validated
year-end-compstat-2025-r1,year_end_compstat,2025-01-01,2025-12-31,1,3c3b151aad3d007f2279cf5735d63f591623eff526770c425b726af0d950cfb2,13,district,district_10,District 10,misdemeanor_theft,Theft (Misdemeanor),year_to_date,count,2024,,,39,39,,wilmington-compstat-v1,validated
year-end-compstat-2025-r1,year_end_compstat,2025-01-01,2025-12-31,1,3c3b151aad3d007f2279cf5735d63f591623eff526770c425b726af0d950cfb2,13,district,district_10,District 10,misdemeanor_theft,Theft (Misdemeanor),year_to_date,percent_change,2025,2024,1,23.0,23%,,wilmington-compstat-v1,validated
year-end-compstat-2025-r1,year_end_compstat,2025-01-01,2025-12-31,1,3c3b151aad3d007f2279cf5735d63f591623eff526770c425b726af0d950cfb2,13,district,district_10,District 10,misdemeanor_theft,Theft (Misdemeanor),year_to_date,percent_change,2025,2023,2,-21.0,-21%,,wilmington-compstat-v1,validated
year-end-compstat-2025-r1,year_end_compstat,2025-01-01,2025-12-31,1,3c3b151aad3d007f2279cf5735d63f591623eff526770c425b726af0d950cfb2,13,district,district_10,District 10,misdemeanor_theft,Theft (Misdemeanor),year_to_date,percent_change,2025,2022,3,-19.0,-19%,,wilmington-compstat-v1,validated
year-end-compstat-2025-r1,year_end_compstat,2025-01-01,2025-12-31,1,3c3b151aad3d007f2279cf5735d63f591623eff526770c425b726af0d950cfb2,13,district,district_10,District 10,misdemeanor_theft,Theft (Misdemeanor),year_to_date,percent_change,2025,2021,4,-14.0,-14%,,wilmington-compstat-v1,validated
year-end-compstat-2025-r1,year_end_compstat,2025-01-01,2025-12-31,1,3c3b151aad3d007f2279cf5735d63f591623eff526770c425b726af0d950cfb2,13,district,district_10,District 10,misdemeanor_theft,Theft (Misdemeanor),year_to_date,percent_change,2025,2020,5,-9.0,-9%,,wilmington-compstat-v1,validated
year-end-compstat-2025-r1,year_end_compstat,2025-01-01,2025-12-31,1,3c3b151aad3d007f2279cf5735d63f591623eff526770c425b726af0d950cfb2,13,district,district_10,District 10,misdemeanor_theft,Theft (Misdemeanor),year_to_date,percent_change,2025,2019,6,-44.0,-44%,,wilmington-compstat-v1,validated
year-end-compstat-2025-r1,year_end_compstat,2025-01-01,2025-12-31,1,3c3b151aad3d007f2279cf5735d63f591623eff526770c425b726af0d950cfb2,15,district,district_11,District 11,murder,Murder,last_7_days,count,2025,,,0,0,,wilmington-compstat-v1,validated
year-end-compstat-2025-r1,year_end_compstat,2025-01-01,2025-12-31,1,3c3b151aad3d007f2279cf5735d63f591623eff526770c425b726af0d950cfb2,15,district,district_11,District 11,murder,Murder,last_7_days,count,2024,,,0,0,,wilmington-compstat-v1,validated
year-end-compstat-2025-r1,year_end_compstat,2025-01-01,2025-12-31,1,3c3b151aad3d007f2279cf5735d63f591623eff526770c425b726af0d950cfb2,15,district,district_11,District 11,murder,Murder,last_7_days,percent_change,2025,2024,1,,*,undefined_zero_denominator,wilmington-compstat-v1,validated
year-end-compstat-2025-r1,year_end_compstat,2025-01-01,2025-12-31,1,3c3b151aad3d007f2279cf5735d63f591623eff526770c425b726af0d950cfb2,15,district,district_11,District 11,murder,Murder,last_28_days,count,2025,,,0,0,,wilmington-compstat-v1,validated
year-end-compstat-2025-r1,year_end_compstat,2025-01-01,2025-12-31,1,3c3b151aad3d007f2279cf5735d63f591623eff526770c425b726af0d950cfb2,15,district,district_11,District 11,murder,Murder,last_28_days,count,2024,,,0,0,,wilmington-compstat-v1,validated
year-end-compstat-2025-r1,year_end_compstat,2025-01-01,2025-12-31,1,3c3b151aad3d007f2279cf5735d63f591623eff526770c425b726af0d950cfb2,15,district,district_11,District 11,murder,Murder,last_28_days,percent_change,2025,2024,1,,*,undefined_zero_denominator,wilmington-compstat-v1,validated
year-end-compstat-2025-r1,year_end_compstat,2025-01-01,2025-12-31,1,3c3b151aad3d007f2279cf5735d63f591623eff526770c425b726af0d950cfb2,15,district,district_11,District 11,murder,Murder,year_to_date,count,2025,,,2,2,,wilmington-compstat-v1,validated
year-end-compstat-2025-r1,year_end_compstat,2025-01-01,2025-12-31,1,3c3b151aad3d007f2279cf5735d63f591623eff526770c425b726af0d950cfb2,15,district,district_11,District 11,murder,Murder,year_to_date,count,2024,,,4,4,,wilmington-compstat-v1,validated
year-end-compstat-2025-r1,year_end_compstat,2025-01-01,2025-12-31,1,3c3b151aad3d007f2279cf5735d63f591623eff526770c425b726af0d950cfb2,15,district,district_11,District 11,murder,Murder,year_to_date,percent_change,2025,2024,1,-50.0,-50%,,wilmington-compstat-v1,validated
year-end-compstat-2025-r1,year_end_compstat,2025-01-01,2025-12-31,1,3c3b151aad3d007f2279cf5735d63f591623eff526770c425b726af0d950cfb2,15,district,district_11,District 11,murder,Murder,year_to_date,percent_change,2025,2023,2,0.0,0%,,wilmington-compstat-v1,validated
year-end-compstat-2025-r1,year_end_compstat,2025-01-01,2025-12-31,1,3c3b151aad3d007f2279cf5735d63f591623eff526770c425b726af0d950cfb2,15,district,district_11,District 11,murder,Murder,year_to_date,percent_change,2025,2022,3,0.0,0%,,wilmington-compstat-v1,validated
year-end-compstat-2025-r1,year_end_compstat,2025-01-01,2025-12-31,1,3c3b151aad3d007f2279cf5735d63f591623eff526770c425b726af0d950cfb2,15,district,district_11,District 11,murder,Murder,year_to_date,percent_change,2025,2021,4,-67.0,-67%,,wilmington-compstat-v1,validated
year-end-compstat-2025-r1,year_end_compstat,2025-01-01,2025-12-31,1,3c3b151aad3d007f2279cf5735d63f591623eff526770c425b726af0d950cfb2,15,district,district_11,District 11,murder,Murder,year_to_date,percent_change,2025,2020,5,-75.0,-75%,,wilmington-compstat-v1,validated
year-end-compstat-2025-r1,year_end_compstat,2025-01-01,2025-12-31,1,3c3b151aad3d007f2279cf5735d63f591623eff526770c425b726af0d950cfb2,15,district,district_11,District 11,murder,Murder,year_to_date,percent_change,2025,2019,6,0.0,0%,,wilmington-compstat-v1,validated
year-end-compstat-2025-r1,year_end_compstat,2025-01-01,2025-12-31,1,3c3b151aad3d007f2279cf5735d63f591623eff526770c425b726af0d950cfb2,15,district,district_11,District 11,rape,Rape,last_7_days,count,2025,,,0,0,,wilmington-compstat-v1,validated
year-end-compstat-2025-r1,year_end_compstat,2025-01-01,2025-12-31,1,3c3b151aad3d007f2279cf5735d63f591623eff526770c425b726af0d950cfb2,15,district,district_11,District 11,rape,Rape,last_7_days,count,2024,,,0,0,,wilmington-compstat-v1,validated
year-end-compstat-2025-r1,year_end_compstat,2025-01-01,2025-12-31,1,3c3b151aad3d007f2279cf5735d63f591623eff526770c425b726af0d950cfb2,15,district,district_11,District 11,rape,Rape,last_7_days,percent_change,2025,2024,1,,*,undefined_zero_denominator,wilmington-compstat-v1,validated
year-end-compstat-2025-r1,year_end_compstat,2025-01-01,2025-12-31,1,3c3b151aad3d007f2279cf5735d63f591623eff526770c425b726af0d950cfb2,15,district,district_11,District 11,rape,Rape,last_28_days,count,2025,,,0,0,,wilmington-compstat-v1,validated
year-end-compstat-2025-r1,year_end_compstat,2025-01-01,2025-12-31,1,3c3b151aad3d007f2279cf5735d63f591623eff526770c425b726af0d950cfb2,15,district,district_11,District 11,rape,Rape,last_28_days,count,2024,,,0,0,,wilmington-compstat-v1,validated
year-end-compstat-2025-r1,year_end_compstat,2025-01-01,2025-12-31,1,3c3b151aad3d007f2279cf5735d63f591623eff526770c425b726af0d950cfb2,15,district,district_11,District 11,rape,Rape,last_28_days,percent_change,2025,2024,1,,*,undefined_zero_denominator,wilmington-compstat-v1,validated
year-end-compstat-2025-r1,year_end_compstat,2025-01-01,2025-12-31,1,3c3b151aad3d007f2279cf5735d63f591623eff526770c425b726af0d950cfb2,15,district,district_11,District 11,rape,Rape,year_to_date,count,2025,,,0,0,,wilmington-compstat-v1,validated
year-end-compstat-2025-r1,year_end_compstat,2025-01-01,2025-12-31,1,3c3b151aad3d007f2279cf5735d63f591623eff526770c425b726af0d950cfb2,15,district,district_11,District 11,rape,Rape,year_to_date,count,2024,,,0,0,,wilmington-compstat-v1,validated
year-end-compstat-2025-r1,year_end_compstat,2025-01-01,2025-12-31,1,3c3b151aad3d007f2279cf5735d63f591623eff526770c425b726af0d950cfb2,15,district,district_11,District 11,rape,Rape,year_to_date,percent_change,2025,2024,1,,*,undefined_zero_denominator,wilmington-compstat-v1,validated
year-end-compstat-2025-r1,year_end_compstat,2025-01-01,2025-12-31,1,3c3b151aad3d007f2279cf5735d63f591623eff526770c425b726af0d950cfb2,15,district,district_11,District 11,rape,Rape,year_to_date,percent_change,2025,2023,2,,*,undefined_zero_denominator,wilmington-compstat-v1,validated
year-end-compstat-2025-r1,year_end_compstat,2025-01-01,2025-12-31,1,3c3b151aad3d007f2279cf5735d63f591623eff526770c425b726af0d950cfb2,15,district,district_11,District 11,rape,Rape,year_to_date,percent_change,2025,2022,3,-100.0,-100%,,wilmington-compstat-v1,validated
year-end-compstat-2025-r1,year_end_compstat,2025-01-01,2025-12-31,1,3c3b151aad3d007f2279cf5735d63f591623eff526770c425b726af0d950cfb2,15,district,district_11,District 11,rape,Rape,year_to_date,percent_change,2025,2021,4,,*,undefined_zero_denominator,wilmington-compstat-v1,validated
year-end-compstat-2025-r1,year_end_compstat,2025-01-01,2025-12-31,1,3c3b151aad3d007f2279cf5735d63f591623eff526770c425b726af0d950cfb2,15,district,district_11,District 11,rape,Rape,year_to_date,percent_change,2025,2020,5,-100.0,-100%,,wilmington-compstat-v1,validated
year-end-compstat-2025-r1,year_end_compstat,2025-01-01,2025-12-31,1,3c3b151aad3d007f2279cf5735d63f591623eff526770c425b726af0d950cfb2,15,district,district_11,District 11,rape,Rape,year_to_date,percent_change,2025,2019,6,-100.0,-100%,,wilmington-compstat-v1,validated
year-end-compstat-2025-r1,year_end_compstat,2025-01-01,2025-12-31,1,3c3b151aad3d007f2279cf5735d63f591623eff526770c425b726af0d950cfb2,15,district,district_11,District 11,robbery,Robbery,last_7_days,count,2025,,,0,0,,wilmington-compstat-v1,validated
year-end-compstat-2025-r1,year_end_compstat,2025-01-01,2025-12-31,1,3c3b151aad3d007f2279cf5735d63f591623eff526770c425b726af0d950cfb2,15,district,district_11,District 11,robbery,Robbery,last_7_days,count,2024,,,0,0,,wilmington-compstat-v1,validated
year-end-compstat-2025-r1,year_end_compstat,2025-01-01,2025-12-31,1,3c3b151aad3d007f2279cf5735d63f591623eff526770c425b726af0d950cfb2,15,district,district_11,District 11,robbery,Robbery,last_7_days,percent_change,2025,2024,1,,*,undefined_zero_denominator,wilmington-compstat-v1,validated
year-end-compstat-2025-r1,year_end_compstat,2025-01-01,2025-12-31,1,3c3b151aad3d007f2279cf5735d63f591623eff526770c425b726af0d950cfb2,15,district,district_11,District 11,robbery,Robbery,last_28_days,count,2025,,,1,1,,wilmington-compstat-v1,validated
year-end-compstat-2025-r1,year_end_compstat,2025-01-01,2025-12-31,1,3c3b151aad3d007f2279cf5735d63f591623eff526770c425b726af0d950cfb2,15,district,district_11,District 11,robbery,Robbery,last_28_days,count,2024,,,0,0,,wilmington-compstat-v1,validated
year-end-compstat-2025-r1,year_end_compstat,2025-01-01,2025-12-31,1,3c3b151aad3d007f2279cf5735d63f591623eff526770c425b726af0d950cfb2,15,district,district_11,District 11,robbery,Robbery,last_28_days,percent_change,2025,2024,1,,*,undefined_zero_denominator,wilmington-compstat-v1,validated
year-end-compstat-2025-r1,year_end_compstat,2025-01-01,2025-12-31,1,3c3b151aad3d007f2279cf5735d63f591623eff526770c425b726af0d950cfb2,15,district,district_11,District 11,robbery,Robbery,year_to_date,count,2025,,,28,28,,wilmington-compstat-v1,validated
year-end-compstat-2025-r1,year_end_compstat,2025-01-01,2025-12-31,1,3c3b151aad3d007f2279cf5735d63f591623eff526770c425b726af0d950cfb2,15,district,district_11,District 11,robbery,Robbery,year_to_date,count,2024,,,16,16,,wilmington-compstat-v1,validated
year-end-compstat-2025-r1,year_end_compstat,2025-01-01,2025-12-31,1,3c3b151aad3d007f2279cf5735d63f591623eff526770c425b726af0d950cfb2,15,district,district_11,District 11,robbery,Robbery,year_to_date,percent_change,2025,2024,1,75.0,75%,,wilmington-compstat-v1,validated
year-end-compstat-2025-r1,year_end_compstat,2025-01-01,2025-12-31,1,3c3b151aad3d007f2279cf5735d63f591623eff526770c425b726af0d950cfb2,15,district,district_11,District 11,robbery,Robbery,year_to_date,percent_change,2025,2023,2,-3.0,-3%,,wilmington-compstat-v1,validated
year-end-compstat-2025-r1,year_end_compstat,2025-01-01,2025-12-31,1,3c3b151aad3d007f2279cf5735d63f591623eff526770c425b726af0d950cfb2,15,district,district_11,District 11,robbery,Robbery,year_to_date,percent_change,2025,2022,3,12.0,12%,,wilmington-compstat-v1,validated
year-end-compstat-2025-r1,year_end_compstat,2025-01-01,2025-12-31,1,3c3b151aad3d007f2279cf5735d63f591623eff526770c425b726af0d950cfb2,15,district,district_11,District 11,robbery,Robbery,year_to_date,percent_change,2025,2021,4,4.0,4%,,wilmington-compstat-v1,validated
year-end-compstat-2025-r1,year_end_compstat,2025-01-01,2025-12-31,1,3c3b151aad3d007f2279cf5735d63f591623eff526770c425b726af0d950cfb2,15,district,district_11,District 11,robbery,Robbery,year_to_date,percent_change,2025,2020,5,-20.0,-20%,,wilmington-compstat-v1,validated
year-end-compstat-2025-r1,year_end_compstat,2025-01-01,2025-12-31,1,3c3b151aad3d007f2279cf5735d63f591623eff526770c425b726af0d950cfb2,15,district,district_11,District 11,robbery,Robbery,year_to_date,percent_change,2025,2019,6,-42.0,-42%,,wilmington-compstat-v1,validated
year-end-compstat-2025-r1,year_end_compstat,2025-01-01,2025-12-31,1,3c3b151aad3d007f2279cf5735d63f591623eff526770c425b726af0d950cfb2,15,district,district_11,District 11,aggravated_assault,Agg. Assault,last_7_days,count,2025,,,1,1,,wilmington-compstat-v1,validated
year-end-compstat-2025-r1,year_end_compstat,2025-01-01,2025-12-31,1,3c3b151aad3d007f2279cf5735d63f591623eff526770c425b726af0d950cfb2,15,district,district_11,District 11,aggravated_assault,Agg. Assault,last_7_days,count,2024,,,0,0,,wilmington-compstat-v1,validated
year-end-compstat-2025-r1,year_end_compstat,2025-01-01,2025-12-31,1,3c3b151aad3d007f2279cf5735d63f591623eff526770c425b726af0d950cfb2,15,district,district_11,District 11,aggravated_assault,Agg. Assault,last_7_days,percent_change,2025,2024,1,,*,undefined_zero_denominator,wilmington-compstat-v1,validated
year-end-compstat-2025-r1,year_end_compstat,2025-01-01,2025-12-31,1,3c3b151aad3d007f2279cf5735d63f591623eff526770c425b726af0d950cfb2,15,district,district_11,District 11,aggravated_assault,Agg. Assault,last_28_days,count,2025,,,2,2,,wilmington-compstat-v1,validated
year-end-compstat-2025-r1,year_end_compstat,2025-01-01,2025-12-31,1,3c3b151aad3d007f2279cf5735d63f591623eff526770c425b726af0d950cfb2,15,district,district_11,District 11,aggravated_assault,Agg. Assault,last_28_days,count,2024,,,2,2,,wilmington-compstat-v1,validated
year-end-compstat-2025-r1,year_end_compstat,2025-01-01,2025-12-31,1,3c3b151aad3d007f2279cf5735d63f591623eff526770c425b726af0d950cfb2,15,district,district_11,District 11,aggravated_assault,Agg. Assault,last_28_days,percent_change,2025,2024,1,0.0,0%,,wilmington-compstat-v1,validated
year-end-compstat-2025-r1,year_end_compstat,2025-01-01,2025-12-31,1,3c3b151aad3d007f2279cf5735d63f591623eff526770c425b726af0d950cfb2,15,district,district_11,District 11,aggravated_assault,Agg. Assault,year_to_date,count,2025,,,63,63,,wilmington-compstat-v1,validated
year-end-compstat-2025-r1,year_end_compstat,2025-01-01,2025-12-31,1,3c3b151aad3d007f2279cf5735d63f591623eff526770c425b726af0d950cfb2,15,district,district_11,District 11,aggravated_assault,Agg. Assault,year_to_date,count,2024,,,53,53,,wilmington-compstat-v1,validated
year-end-compstat-2025-r1,year_end_compstat,2025-01-01,2025-12-31,1,3c3b151aad3d007f2279cf5735d63f591623eff526770c425b726af0d950cfb2,15,district,district_11,District 11,aggravated_assault,Agg. Assault,year_to_date,percent_change,2025,2024,1,19.0,19%,,wilmington-compstat-v1,validated
year-end-compstat-2025-r1,year_end_compstat,2025-01-01,2025-12-31,1,3c3b151aad3d007f2279cf5735d63f591623eff526770c425b726af0d950cfb2,15,district,district_11,District 11,aggravated_assault,Agg. Assault,year_to_date,percent_change,2025,2023,2,-7.0,-7%,,wilmington-compstat-v1,validated
year-end-compstat-2025-r1,year_end_compstat,2025-01-01,2025-12-31,1,3c3b151aad3d007f2279cf5735d63f591623eff526770c425b726af0d950cfb2,15,district,district_11,District 11,aggravated_assault,Agg. Assault,year_to_date,percent_change,2025,2022,3,-17.0,-17%,,wilmington-compstat-v1,validated
year-end-compstat-2025-r1,year_end_compstat,2025-01-01,2025-12-31,1,3c3b151aad3d007f2279cf5735d63f591623eff526770c425b726af0d950cfb2,15,district,district_11,District 11,aggravated_assault,Agg. Assault,year_to_date,percent_change,2025,2021,4,-10.0,-10%,,wilmington-compstat-v1,validated
year-end-compstat-2025-r1,year_end_compstat,2025-01-01,2025-12-31,1,3c3b151aad3d007f2279cf5735d63f591623eff526770c425b726af0d950cfb2,15,district,district_11,District 11,aggravated_assault,Agg. Assault,year_to_date,percent_change,2025,2020,5,-10.0,-10%,,wilmington-compstat-v1,validated
year-end-compstat-2025-r1,year_end_compstat,2025-01-01,2025-12-31,1,3c3b151aad3d007f2279cf5735d63f591623eff526770c425b726af0d950cfb2,15,district,district_11,District 11,aggravated_assault,Agg. Assault,year_to_date,percent_change,2025,2019,6,5.0,5%,,wilmington-compstat-v1,validated
year-end-compstat-2025-r1,year_end_compstat,2025-01-01,2025-12-31,1,3c3b151aad3d007f2279cf5735d63f591623eff526770c425b726af0d950cfb2,15,district,district_11,District 11,burglary,Burglary,last_7_days,count,2025,,,1,1,,wilmington-compstat-v1,validated
year-end-compstat-2025-r1,year_end_compstat,2025-01-01,2025-12-31,1,3c3b151aad3d007f2279cf5735d63f591623eff526770c425b726af0d950cfb2,15,district,district_11,District 11,burglary,Burglary,last_7_days,count,2024,,,0,0,,wilmington-compstat-v1,validated
year-end-compstat-2025-r1,year_end_compstat,2025-01-01,2025-12-31,1,3c3b151aad3d007f2279cf5735d63f591623eff526770c425b726af0d950cfb2,15,district,district_11,District 11,burglary,Burglary,last_7_days,percent_change,2025,2024,1,,*,undefined_zero_denominator,wilmington-compstat-v1,validated
year-end-compstat-2025-r1,year_end_compstat,2025-01-01,2025-12-31,1,3c3b151aad3d007f2279cf5735d63f591623eff526770c425b726af0d950cfb2,15,district,district_11,District 11,burglary,Burglary,last_28_days,count,2025,,,7,7,,wilmington-compstat-v1,validated
year-end-compstat-2025-r1,year_end_compstat,2025-01-01,2025-12-31,1,3c3b151aad3d007f2279cf5735d63f591623eff526770c425b726af0d950cfb2,15,district,district_11,District 11,burglary,Burglary,last_28_days,count,2024,,,2,2,,wilmington-compstat-v1,validated
year-end-compstat-2025-r1,year_end_compstat,2025-01-01,2025-12-31,1,3c3b151aad3d007f2279cf5735d63f591623eff526770c425b726af0d950cfb2,15,district,district_11,District 11,burglary,Burglary,last_28_days,percent_change,2025,2024,1,250.0,250%,,wilmington-compstat-v1,validated
year-end-compstat-2025-r1,year_end_compstat,2025-01-01,2025-12-31,1,3c3b151aad3d007f2279cf5735d63f591623eff526770c425b726af0d950cfb2,15,district,district_11,District 11,burglary,Burglary,year_to_date,count,2025,,,64,64,,wilmington-compstat-v1,validated
year-end-compstat-2025-r1,year_end_compstat,2025-01-01,2025-12-31,1,3c3b151aad3d007f2279cf5735d63f591623eff526770c425b726af0d950cfb2,15,district,district_11,District 11,burglary,Burglary,year_to_date,count,2024,,,44,44,,wilmington-compstat-v1,validated
year-end-compstat-2025-r1,year_end_compstat,2025-01-01,2025-12-31,1,3c3b151aad3d007f2279cf5735d63f591623eff526770c425b726af0d950cfb2,15,district,district_11,District 11,burglary,Burglary,year_to_date,percent_change,2025,2024,1,45.0,45%,,wilmington-compstat-v1,validated
year-end-compstat-2025-r1,year_end_compstat,2025-01-01,2025-12-31,1,3c3b151aad3d007f2279cf5735d63f591623eff526770c425b726af0d950cfb2,15,district,district_11,District 11,burglary,Burglary,year_to_date,percent_change,2025,2023,2,78.0,78%,,wilmington-compstat-v1,validated
year-end-compstat-2025-r1,year_end_compstat,2025-01-01,2025-12-31,1,3c3b151aad3d007f2279cf5735d63f591623eff526770c425b726af0d950cfb2,15,district,district_11,District 11,burglary,Burglary,year_to_date,percent_change,2025,2022,3,16.0,16%,,wilmington-compstat-v1,validated
year-end-compstat-2025-r1,year_end_compstat,2025-01-01,2025-12-31,1,3c3b151aad3d007f2279cf5735d63f591623eff526770c425b726af0d950cfb2,15,district,district_11,District 11,burglary,Burglary,year_to_date,percent_change,2025,2021,4,5.0,5%,,wilmington-compstat-v1,validated
year-end-compstat-2025-r1,year_end_compstat,2025-01-01,2025-12-31,1,3c3b151aad3d007f2279cf5735d63f591623eff526770c425b726af0d950cfb2,15,district,district_11,District 11,burglary,Burglary,year_to_date,percent_change,2025,2020,5,-21.0,-21%,,wilmington-compstat-v1,validated
year-end-compstat-2025-r1,year_end_compstat,2025-01-01,2025-12-31,1,3c3b151aad3d007f2279cf5735d63f591623eff526770c425b726af0d950cfb2,15,district,district_11,District 11,burglary,Burglary,year_to_date,percent_change,2025,2019,6,2.0,2%,,wilmington-compstat-v1,validated
year-end-compstat-2025-r1,year_end_compstat,2025-01-01,2025-12-31,1,3c3b151aad3d007f2279cf5735d63f591623eff526770c425b726af0d950cfb2,15,district,district_11,District 11,felony_theft,Felony Theft,last_7_days,count,2025,,,1,1,,wilmington-compstat-v1,validated
year-end-compstat-2025-r1,year_end_compstat,2025-01-01,2025-12-31,1,3c3b151aad3d007f2279cf5735d63f591623eff526770c425b726af0d950cfb2,15,district,district_11,District 11,felony_theft,Felony Theft,last_7_days,count,2024,,,0,0,,wilmington-compstat-v1,validated
year-end-compstat-2025-r1,year_end_compstat,2025-01-01,2025-12-31,1,3c3b151aad3d007f2279cf5735d63f591623eff526770c425b726af0d950cfb2,15,district,district_11,District 11,felony_theft,Felony Theft,last_7_days,percent_change,2025,2024,1,,*,undefined_zero_denominator,wilmington-compstat-v1,validated
year-end-compstat-2025-r1,year_end_compstat,2025-01-01,2025-12-31,1,3c3b151aad3d007f2279cf5735d63f591623eff526770c425b726af0d950cfb2,15,district,district_11,District 11,felony_theft,Felony Theft,last_28_days,count,2025,,,2,2,,wilmington-compstat-v1,validated
year-end-compstat-2025-r1,year_end_compstat,2025-01-01,2025-12-31,1,3c3b151aad3d007f2279cf5735d63f591623eff526770c425b726af0d950cfb2,15,district,district_11,District 11,felony_theft,Felony Theft,last_28_days,count,2024,,,7,7,,wilmington-compstat-v1,validated
year-end-compstat-2025-r1,year_end_compstat,2025-01-01,2025-12-31,1,3c3b151aad3d007f2279cf5735d63f591623eff526770c425b726af0d950cfb2,15,district,district_11,District 11,felony_theft,Felony Theft,last_28_days,percent_change,2025,2024,1,-71.0,-71%,,wilmington-compstat-v1,validated
year-end-compstat-2025-r1,year_end_compstat,2025-01-01,2025-12-31,1,3c3b151aad3d007f2279cf5735d63f591623eff526770c425b726af0d950cfb2,15,district,district_11,District 11,felony_theft,Felony Theft,year_to_date,count,2025,,,37,37,,wilmington-compstat-v1,validated
year-end-compstat-2025-r1,year_end_compstat,2025-01-01,2025-12-31,1,3c3b151aad3d007f2279cf5735d63f591623eff526770c425b726af0d950cfb2,15,district,district_11,District 11,felony_theft,Felony Theft,year_to_date,count,2024,,,47,47,,wilmington-compstat-v1,validated
year-end-compstat-2025-r1,year_end_compstat,2025-01-01,2025-12-31,1,3c3b151aad3d007f2279cf5735d63f591623eff526770c425b726af0d950cfb2,15,district,district_11,District 11,felony_theft,Felony Theft,year_to_date,percent_change,2025,2024,1,-21.0,-21%,,wilmington-compstat-v1,validated
year-end-compstat-2025-r1,year_end_compstat,2025-01-01,2025-12-31,1,3c3b151aad3d007f2279cf5735d63f591623eff526770c425b726af0d950cfb2,15,district,district_11,District 11,felony_theft,Felony Theft,year_to_date,percent_change,2025,2023,2,0.0,0%,,wilmington-compstat-v1,validated
year-end-compstat-2025-r1,year_end_compstat,2025-01-01,2025-12-31,1,3c3b151aad3d007f2279cf5735d63f591623eff526770c425b726af0d950cfb2,15,district,district_11,District 11,felony_theft,Felony Theft,year_to_date,percent_change,2025,2022,3,-14.0,-14%,,wilmington-compstat-v1,validated
year-end-compstat-2025-r1,year_end_compstat,2025-01-01,2025-12-31,1,3c3b151aad3d007f2279cf5735d63f591623eff526770c425b726af0d950cfb2,15,district,district_11,District 11,felony_theft,Felony Theft,year_to_date,percent_change,2025,2021,4,16.0,16%,,wilmington-compstat-v1,validated
year-end-compstat-2025-r1,year_end_compstat,2025-01-01,2025-12-31,1,3c3b151aad3d007f2279cf5735d63f591623eff526770c425b726af0d950cfb2,15,district,district_11,District 11,felony_theft,Felony Theft,year_to_date,percent_change,2025,2020,5,-3.0,-3%,,wilmington-compstat-v1,validated
year-end-compstat-2025-r1,year_end_compstat,2025-01-01,2025-12-31,1,3c3b151aad3d007f2279cf5735d63f591623eff526770c425b726af0d950cfb2,15,district,district_11,District 11,felony_theft,Felony Theft,year_to_date,percent_change,2025,2019,6,32.0,32%,,wilmington-compstat-v1,validated
year-end-compstat-2025-r1,year_end_compstat,2025-01-01,2025-12-31,1,3c3b151aad3d007f2279cf5735d63f591623eff526770c425b726af0d950cfb2,15,district,district_11,District 11,auto_theft,Auto Theft,last_7_days,count,2025,,,0,0,,wilmington-compstat-v1,validated
year-end-compstat-2025-r1,year_end_compstat,2025-01-01,2025-12-31,1,3c3b151aad3d007f2279cf5735d63f591623eff526770c425b726af0d950cfb2,15,district,district_11,District 11,auto_theft,Auto Theft,last_7_days,count,2024,,,0,0,,wilmington-compstat-v1,validated
year-end-compstat-2025-r1,year_end_compstat,2025-01-01,2025-12-31,1,3c3b151aad3d007f2279cf5735d63f591623eff526770c425b726af0d950cfb2,15,district,district_11,District 11,auto_theft,Auto Theft,last_7_days,percent_change,2025,2024,1,,*,undefined_zero_denominator,wilmington-compstat-v1,validated
year-end-compstat-2025-r1,year_end_compstat,2025-01-01,2025-12-31,1,3c3b151aad3d007f2279cf5735d63f591623eff526770c425b726af0d950cfb2,15,district,district_11,District 11,auto_theft,Auto Theft,last_28_days,count,2025,,,4,4,,wilmington-compstat-v1,validated
year-end-compstat-2025-r1,year_end_compstat,2025-01-01,2025-12-31,1,3c3b151aad3d007f2279cf5735d63f591623eff526770c425b726af0d950cfb2,15,district,district_11,District 11,auto_theft,Auto Theft,last_28_days,count,2024,,,0,0,,wilmington-compstat-v1,validated
year-end-compstat-2025-r1,year_end_compstat,2025-01-01,2025-12-31,1,3c3b151aad3d007f2279cf5735d63f591623eff526770c425b726af0d950cfb2,15,district,district_11,District 11,auto_theft,Auto Theft,last_28_days,percent_change,2025,2024,1,,*,undefined_zero_denominator,wilmington-compstat-v1,validated
year-end-compstat-2025-r1,year_end_compstat,2025-01-01,2025-12-31,1,3c3b151aad3d007f2279cf5735d63f591623eff526770c425b726af0d950cfb2,15,district,district_11,District 11,auto_theft,Auto Theft,year_to_date,count,2025,,,37,37,,wilmington-compstat-v1,validated
year-end-compstat-2025-r1,year_end_compstat,2025-01-01,2025-12-31,1,3c3b151aad3d007f2279cf5735d63f591623eff526770c425b726af0d950cfb2,15,district,district_11,District 11,auto_theft,Auto Theft,year_to_date,count,2024,,,38,38,,wilmington-compstat-v1,validated
year-end-compstat-2025-r1,year_end_compstat,2025-01-01,2025-12-31,1,3c3b151aad3d007f2279cf5735d63f591623eff526770c425b726af0d950cfb2,15,district,district_11,District 11,auto_theft,Auto Theft,year_to_date,percent_change,2025,2024,1,-3.0,-3%,,wilmington-compstat-v1,validated
year-end-compstat-2025-r1,year_end_compstat,2025-01-01,2025-12-31,1,3c3b151aad3d007f2279cf5735d63f591623eff526770c425b726af0d950cfb2,15,district,district_11,District 11,auto_theft,Auto Theft,year_to_date,percent_change,2025,2023,2,-27.0,-27%,,wilmington-compstat-v1,validated
year-end-compstat-2025-r1,year_end_compstat,2025-01-01,2025-12-31,1,3c3b151aad3d007f2279cf5735d63f591623eff526770c425b726af0d950cfb2,15,district,district_11,District 11,auto_theft,Auto Theft,year_to_date,percent_change,2025,2022,3,-10.0,-10%,,wilmington-compstat-v1,validated
year-end-compstat-2025-r1,year_end_compstat,2025-01-01,2025-12-31,1,3c3b151aad3d007f2279cf5735d63f591623eff526770c425b726af0d950cfb2,15,district,district_11,District 11,auto_theft,Auto Theft,year_to_date,percent_change,2025,2021,4,9.0,9%,,wilmington-compstat-v1,validated
year-end-compstat-2025-r1,year_end_compstat,2025-01-01,2025-12-31,1,3c3b151aad3d007f2279cf5735d63f591623eff526770c425b726af0d950cfb2,15,district,district_11,District 11,auto_theft,Auto Theft,year_to_date,percent_change,2025,2020,5,-21.0,-21%,,wilmington-compstat-v1,validated
year-end-compstat-2025-r1,year_end_compstat,2025-01-01,2025-12-31,1,3c3b151aad3d007f2279cf5735d63f591623eff526770c425b726af0d950cfb2,15,district,district_11,District 11,auto_theft,Auto Theft,year_to_date,percent_change,2025,2019,6,-12.0,-12%,,wilmington-compstat-v1,validated
year-end-compstat-2025-r1,year_end_compstat,2025-01-01,2025-12-31,1,3c3b151aad3d007f2279cf5735d63f591623eff526770c425b726af0d950cfb2,15,district,district_11,District 11,major_crime_total,TOTAL,last_7_days,count,2025,,,3,3,,wilmington-compstat-v1,validated
year-end-compstat-2025-r1,year_end_compstat,2025-01-01,2025-12-31,1,3c3b151aad3d007f2279cf5735d63f591623eff526770c425b726af0d950cfb2,15,district,district_11,District 11,major_crime_total,TOTAL,last_7_days,count,2024,,,0,0,,wilmington-compstat-v1,validated
year-end-compstat-2025-r1,year_end_compstat,2025-01-01,2025-12-31,1,3c3b151aad3d007f2279cf5735d63f591623eff526770c425b726af0d950cfb2,15,district,district_11,District 11,major_crime_total,TOTAL,last_7_days,percent_change,2025,2024,1,,*,undefined_zero_denominator,wilmington-compstat-v1,validated
year-end-compstat-2025-r1,year_end_compstat,2025-01-01,2025-12-31,1,3c3b151aad3d007f2279cf5735d63f591623eff526770c425b726af0d950cfb2,15,district,district_11,District 11,major_crime_total,TOTAL,last_28_days,count,2025,,,16,16,,wilmington-compstat-v1,validated
year-end-compstat-2025-r1,year_end_compstat,2025-01-01,2025-12-31,1,3c3b151aad3d007f2279cf5735d63f591623eff526770c425b726af0d950cfb2,15,district,district_11,District 11,major_crime_total,TOTAL,last_28_days,count,2024,,,11,11,,wilmington-compstat-v1,validated
year-end-compstat-2025-r1,year_end_compstat,2025-01-01,2025-12-31,1,3c3b151aad3d007f2279cf5735d63f591623eff526770c425b726af0d950cfb2,15,district,district_11,District 11,major_crime_total,TOTAL,last_28_days,percent_change,2025,2024,1,45.0,45%,,wilmington-compstat-v1,validated
year-end-compstat-2025-r1,year_end_compstat,2025-01-01,2025-12-31,1,3c3b151aad3d007f2279cf5735d63f591623eff526770c425b726af0d950cfb2,15,district,district_11,District 11,major_crime_total,TOTAL,year_to_date,count,2025,,,231,231,,wilmington-compstat-v1,validated
year-end-compstat-2025-r1,year_end_compstat,2025-01-01,2025-12-31,1,3c3b151aad3d007f2279cf5735d63f591623eff526770c425b726af0d950cfb2,15,district,district_11,District 11,major_crime_total,TOTAL,year_to_date,count,2024,,,202,202,,wilmington-compstat-v1,validated
year-end-compstat-2025-r1,year_end_compstat,2025-01-01,2025-12-31,1,3c3b151aad3d007f2279cf5735d63f591623eff526770c425b726af0d950cfb2,15,district,district_11,District 11,major_crime_total,TOTAL,year_to_date,percent_change,2025,2024,1,14.0,14%,,wilmington-compstat-v1,validated
year-end-compstat-2025-r1,year_end_compstat,2025-01-01,2025-12-31,1,3c3b151aad3d007f2279cf5735d63f591623eff526770c425b726af0d950cfb2,15,district,district_11,District 11,major_crime_total,TOTAL,year_to_date,percent_change,2025,2023,2,4.0,4%,,wilmington-compstat-v1,validated
year-end-compstat-2025-r1,year_end_compstat,2025-01-01,2025-12-31,1,3c3b151aad3d007f2279cf5735d63f591623eff526770c425b726af0d950cfb2,15,district,district_11,District 11,major_crime_total,TOTAL,year_to_date,percent_change,2025,2022,3,-6.0,-6%,,wilmington-compstat-v1,validated
year-end-compstat-2025-r1,year_end_compstat,2025-01-01,2025-12-31,1,3c3b151aad3d007f2279cf5735d63f591623eff526770c425b726af0d950cfb2,15,district,district_11,District 11,major_crime_total,TOTAL,year_to_date,percent_change,2025,2021,4,0.0,0%,,wilmington-compstat-v1,validated
year-end-compstat-2025-r1,year_end_compstat,2025-01-01,2025-12-31,1,3c3b151aad3d007f2279cf5735d63f591623eff526770c425b726af0d950cfb2,15,district,district_11,District 11,major_crime_total,TOTAL,year_to_date,percent_change,2025,2020,5,-18.0,-18%,,wilmington-compstat-v1,validated
year-end-compstat-2025-r1,year_end_compstat,2025-01-01,2025-12-31,1,3c3b151aad3d007f2279cf5735d63f591623eff526770c425b726af0d950cfb2,15,district,district_11,District 11,major_crime_total,TOTAL,year_to_date,percent_change,2025,2019,6,-6.0,-6%,,wilmington-compstat-v1,validated
year-end-compstat-2025-r1,year_end_compstat,2025-01-01,2025-12-31,1,3c3b151aad3d007f2279cf5735d63f591623eff526770c425b726af0d950cfb2,15,district,district_11,District 11,shooting_incidents,Shooting Incidents,last_7_days,count,2025,,,0,0,,wilmington-compstat-v1,validated
year-end-compstat-2025-r1,year_end_compstat,2025-01-01,2025-12-31,1,3c3b151aad3d007f2279cf5735d63f591623eff526770c425b726af0d950cfb2,15,district,district_11,District 11,shooting_incidents,Shooting Incidents,last_7_days,count,2024,,,0,0,,wilmington-compstat-v1,validated
year-end-compstat-2025-r1,year_end_compstat,2025-01-01,2025-12-31,1,3c3b151aad3d007f2279cf5735d63f591623eff526770c425b726af0d950cfb2,15,district,district_11,District 11,shooting_incidents,Shooting Incidents,last_7_days,percent_change,2025,2024,1,,*,undefined_zero_denominator,wilmington-compstat-v1,validated
year-end-compstat-2025-r1,year_end_compstat,2025-01-01,2025-12-31,1,3c3b151aad3d007f2279cf5735d63f591623eff526770c425b726af0d950cfb2,15,district,district_11,District 11,shooting_incidents,Shooting Incidents,last_28_days,count,2025,,,0,0,,wilmington-compstat-v1,validated
year-end-compstat-2025-r1,year_end_compstat,2025-01-01,2025-12-31,1,3c3b151aad3d007f2279cf5735d63f591623eff526770c425b726af0d950cfb2,15,district,district_11,District 11,shooting_incidents,Shooting Incidents,last_28_days,count,2024,,,0,0,,wilmington-compstat-v1,validated
year-end-compstat-2025-r1,year_end_compstat,2025-01-01,2025-12-31,1,3c3b151aad3d007f2279cf5735d63f591623eff526770c425b726af0d950cfb2,15,district,district_11,District 11,shooting_incidents,Shooting Incidents,last_28_days,percent_change,2025,2024,1,,*,undefined_zero_denominator,wilmington-compstat-v1,validated
year-end-compstat-2025-r1,year_end_compstat,2025-01-01,2025-12-31,1,3c3b151aad3d007f2279cf5735d63f591623eff526770c425b726af0d950cfb2,15,district,district_11,District 11,shooting_incidents,Shooting Incidents,year_to_date,count,2025,,,8,8,,wilmington-compstat-v1,validated
year-end-compstat-2025-r1,year_end_compstat,2025-01-01,2025-12-31,1,3c3b151aad3d007f2279cf5735d63f591623eff526770c425b726af0d950cfb2,15,district,district_11,District 11,shooting_incidents,Shooting Incidents,year_to_date,count,2024,,,7,7,,wilmington-compstat-v1,validated
year-end-compstat-2025-r1,year_end_compstat,2025-01-01,2025-12-31,1,3c3b151aad3d007f2279cf5735d63f591623eff526770c425b726af0d950cfb2,15,district,district_11,District 11,shooting_incidents,Shooting Incidents,year_to_date,percent_change,2025,2024,1,14.0,14%,,wilmington-compstat-v1,validated
year-end-compstat-2025-r1,year_end_compstat,2025-01-01,2025-12-31,1,3c3b151aad3d007f2279cf5735d63f591623eff526770c425b726af0d950cfb2,15,district,district_11,District 11,shooting_incidents,Shooting Incidents,year_to_date,percent_change,2025,2023,2,-20.0,-20%,,wilmington-compstat-v1,validated
year-end-compstat-2025-r1,year_end_compstat,2025-01-01,2025-12-31,1,3c3b151aad3d007f2279cf5735d63f591623eff526770c425b726af0d950cfb2,15,district,district_11,District 11,shooting_incidents,Shooting Incidents,year_to_date,percent_change,2025,2022,3,-27.0,-27%,,wilmington-compstat-v1,validated
year-end-compstat-2025-r1,year_end_compstat,2025-01-01,2025-12-31,1,3c3b151aad3d007f2279cf5735d63f591623eff526770c425b726af0d950cfb2,15,district,district_11,District 11,shooting_incidents,Shooting Incidents,year_to_date,percent_change,2025,2021,4,-60.0,-60%,,wilmington-compstat-v1,validated
year-end-compstat-2025-r1,year_end_compstat,2025-01-01,2025-12-31,1,3c3b151aad3d007f2279cf5735d63f591623eff526770c425b726af0d950cfb2,15,district,district_11,District 11,shooting_incidents,Shooting Incidents,year_to_date,percent_change,2025,2020,5,-68.0,-68%,,wilmington-compstat-v1,validated
year-end-compstat-2025-r1,year_end_compstat,2025-01-01,2025-12-31,1,3c3b151aad3d007f2279cf5735d63f591623eff526770c425b726af0d950cfb2,15,district,district_11,District 11,shooting_incidents,Shooting Incidents,year_to_date,percent_change,2025,2019,6,-33.0,-33%,,wilmington-compstat-v1,validated
year-end-compstat-2025-r1,year_end_compstat,2025-01-01,2025-12-31,1,3c3b151aad3d007f2279cf5735d63f591623eff526770c425b726af0d950cfb2,15,district,district_11,District 11,shooting_victims,Shooting Victims,last_7_days,count,2025,,,0,0,,wilmington-compstat-v1,validated
year-end-compstat-2025-r1,year_end_compstat,2025-01-01,2025-12-31,1,3c3b151aad3d007f2279cf5735d63f591623eff526770c425b726af0d950cfb2,15,district,district_11,District 11,shooting_victims,Shooting Victims,last_7_days,count,2024,,,0,0,,wilmington-compstat-v1,validated
year-end-compstat-2025-r1,year_end_compstat,2025-01-01,2025-12-31,1,3c3b151aad3d007f2279cf5735d63f591623eff526770c425b726af0d950cfb2,15,district,district_11,District 11,shooting_victims,Shooting Victims,last_7_days,percent_change,2025,2024,1,,*,undefined_zero_denominator,wilmington-compstat-v1,validated
year-end-compstat-2025-r1,year_end_compstat,2025-01-01,2025-12-31,1,3c3b151aad3d007f2279cf5735d63f591623eff526770c425b726af0d950cfb2,15,district,district_11,District 11,shooting_victims,Shooting Victims,last_28_days,count,2025,,,0,0,,wilmington-compstat-v1,validated
year-end-compstat-2025-r1,year_end_compstat,2025-01-01,2025-12-31,1,3c3b151aad3d007f2279cf5735d63f591623eff526770c425b726af0d950cfb2,15,district,district_11,District 11,shooting_victims,Shooting Victims,last_28_days,count,2024,,,0,0,,wilmington-compstat-v1,validated
year-end-compstat-2025-r1,year_end_compstat,2025-01-01,2025-12-31,1,3c3b151aad3d007f2279cf5735d63f591623eff526770c425b726af0d950cfb2,15,district,district_11,District 11,shooting_victims,Shooting Victims,last_28_days,percent_change,2025,2024,1,,*,undefined_zero_denominator,wilmington-compstat-v1,validated
year-end-compstat-2025-r1,year_end_compstat,2025-01-01,2025-12-31,1,3c3b151aad3d007f2279cf5735d63f591623eff526770c425b726af0d950cfb2,15,district,district_11,District 11,shooting_victims,Shooting Victims,year_to_date,count,2025,,,15,15,,wilmington-compstat-v1,validated
year-end-compstat-2025-r1,year_end_compstat,2025-01-01,2025-12-31,1,3c3b151aad3d007f2279cf5735d63f591623eff526770c425b726af0d950cfb2,15,district,district_11,District 11,shooting_victims,Shooting Victims,year_to_date,count,2024,,,7,7,,wilmington-compstat-v1,validated
year-end-compstat-2025-r1,year_end_compstat,2025-01-01,2025-12-31,1,3c3b151aad3d007f2279cf5735d63f591623eff526770c425b726af0d950cfb2,15,district,district_11,District 11,shooting_victims,Shooting Victims,year_to_date,percent_change,2025,2024,1,114.0,114%,,wilmington-compstat-v1,validated
year-end-compstat-2025-r1,year_end_compstat,2025-01-01,2025-12-31,1,3c3b151aad3d007f2279cf5735d63f591623eff526770c425b726af0d950cfb2,15,district,district_11,District 11,shooting_victims,Shooting Victims,year_to_date,percent_change,2025,2023,2,15.0,15%,,wilmington-compstat-v1,validated
year-end-compstat-2025-r1,year_end_compstat,2025-01-01,2025-12-31,1,3c3b151aad3d007f2279cf5735d63f591623eff526770c425b726af0d950cfb2,15,district,district_11,District 11,shooting_victims,Shooting Victims,year_to_date,percent_change,2025,2022,3,0.0,0%,,wilmington-compstat-v1,validated
year-end-compstat-2025-r1,year_end_compstat,2025-01-01,2025-12-31,1,3c3b151aad3d007f2279cf5735d63f591623eff526770c425b726af0d950cfb2,15,district,district_11,District 11,shooting_victims,Shooting Victims,year_to_date,percent_change,2025,2021,4,-48.0,-48%,,wilmington-compstat-v1,validated
year-end-compstat-2025-r1,year_end_compstat,2025-01-01,2025-12-31,1,3c3b151aad3d007f2279cf5735d63f591623eff526770c425b726af0d950cfb2,15,district,district_11,District 11,shooting_victims,Shooting Victims,year_to_date,percent_change,2025,2020,5,-55.0,-55%,,wilmington-compstat-v1,validated
year-end-compstat-2025-r1,year_end_compstat,2025-01-01,2025-12-31,1,3c3b151aad3d007f2279cf5735d63f591623eff526770c425b726af0d950cfb2,15,district,district_11,District 11,shooting_victims,Shooting Victims,year_to_date,percent_change,2025,2019,6,-17.0,-17%,,wilmington-compstat-v1,validated
year-end-compstat-2025-r1,year_end_compstat,2025-01-01,2025-12-31,1,3c3b151aad3d007f2279cf5735d63f591623eff526770c425b726af0d950cfb2,15,district,district_11,District 11,juvenile_shooting_incidents,*Juv Shooting Incidents,last_7_days,count,2025,,,0,0,,wilmington-compstat-v1,validated
year-end-compstat-2025-r1,year_end_compstat,2025-01-01,2025-12-31,1,3c3b151aad3d007f2279cf5735d63f591623eff526770c425b726af0d950cfb2,15,district,district_11,District 11,juvenile_shooting_incidents,*Juv Shooting Incidents,last_7_days,count,2024,,,0,0,,wilmington-compstat-v1,validated
year-end-compstat-2025-r1,year_end_compstat,2025-01-01,2025-12-31,1,3c3b151aad3d007f2279cf5735d63f591623eff526770c425b726af0d950cfb2,15,district,district_11,District 11,juvenile_shooting_incidents,*Juv Shooting Incidents,last_7_days,percent_change,2025,2024,1,,*,undefined_zero_denominator,wilmington-compstat-v1,validated
year-end-compstat-2025-r1,year_end_compstat,2025-01-01,2025-12-31,1,3c3b151aad3d007f2279cf5735d63f591623eff526770c425b726af0d950cfb2,15,district,district_11,District 11,juvenile_shooting_incidents,*Juv Shooting Incidents,last_28_days,count,2025,,,0,0,,wilmington-compstat-v1,validated
year-end-compstat-2025-r1,year_end_compstat,2025-01-01,2025-12-31,1,3c3b151aad3d007f2279cf5735d63f591623eff526770c425b726af0d950cfb2,15,district,district_11,District 11,juvenile_shooting_incidents,*Juv Shooting Incidents,last_28_days,count,2024,,,0,0,,wilmington-compstat-v1,validated
year-end-compstat-2025-r1,year_end_compstat,2025-01-01,2025-12-31,1,3c3b151aad3d007f2279cf5735d63f591623eff526770c425b726af0d950cfb2,15,district,district_11,District 11,juvenile_shooting_incidents,*Juv Shooting Incidents,last_28_days,percent_change,2025,2024,1,,*,undefined_zero_denominator,wilmington-compstat-v1,validated
year-end-compstat-2025-r1,year_end_compstat,2025-01-01,2025-12-31,1,3c3b151aad3d007f2279cf5735d63f591623eff526770c425b726af0d950cfb2,15,district,district_11,District 11,juvenile_shooting_incidents,*Juv Shooting Incidents,year_to_date,count,2025,,,1,1,,wilmington-compstat-v1,validated
year-end-compstat-2025-r1,year_end_compstat,2025-01-01,2025-12-31,1,3c3b151aad3d007f2279cf5735d63f591623eff526770c425b726af0d950cfb2,15,district,district_11,District 11,juvenile_shooting_incidents,*Juv Shooting Incidents,year_to_date,count,2024,,,0,0,,wilmington-compstat-v1,validated
year-end-compstat-2025-r1,year_end_compstat,2025-01-01,2025-12-31,1,3c3b151aad3d007f2279cf5735d63f591623eff526770c425b726af0d950cfb2,15,district,district_11,District 11,juvenile_shooting_incidents,*Juv Shooting Incidents,year_to_date,percent_change,2025,2024,1,,*,undefined_zero_denominator,wilmington-compstat-v1,validated
year-end-compstat-2025-r1,year_end_compstat,2025-01-01,2025-12-31,1,3c3b151aad3d007f2279cf5735d63f591623eff526770c425b726af0d950cfb2,15,district,district_11,District 11,juvenile_shooting_incidents,*Juv Shooting Incidents,year_to_date,percent_change,2025,2023,2,-50.0,-50%,,wilmington-compstat-v1,validated
year-end-compstat-2025-r1,year_end_compstat,2025-01-01,2025-12-31,1,3c3b151aad3d007f2279cf5735d63f591623eff526770c425b726af0d950cfb2,15,district,district_11,District 11,juvenile_shooting_incidents,*Juv Shooting Incidents,year_to_date,percent_change,2025,2022,3,-67.0,-67%,,wilmington-compstat-v1,validated
year-end-compstat-2025-r1,year_end_compstat,2025-01-01,2025-12-31,1,3c3b151aad3d007f2279cf5735d63f591623eff526770c425b726af0d950cfb2,15,district,district_11,District 11,juvenile_shooting_incidents,*Juv Shooting Incidents,year_to_date,percent_change,2025,2021,4,-75.0,-75%,,wilmington-compstat-v1,validated
year-end-compstat-2025-r1,year_end_compstat,2025-01-01,2025-12-31,1,3c3b151aad3d007f2279cf5735d63f591623eff526770c425b726af0d950cfb2,15,district,district_11,District 11,juvenile_shooting_incidents,*Juv Shooting Incidents,year_to_date,percent_change,2025,2020,5,-89.0,-89%,,wilmington-compstat-v1,validated
year-end-compstat-2025-r1,year_end_compstat,2025-01-01,2025-12-31,1,3c3b151aad3d007f2279cf5735d63f591623eff526770c425b726af0d950cfb2,15,district,district_11,District 11,juvenile_shooting_incidents,*Juv Shooting Incidents,year_to_date,percent_change,2025,2019,6,0.0,0%,,wilmington-compstat-v1,validated
year-end-compstat-2025-r1,year_end_compstat,2025-01-01,2025-12-31,1,3c3b151aad3d007f2279cf5735d63f591623eff526770c425b726af0d950cfb2,15,district,district_11,District 11,juvenile_shooting_victims,*Juv Shooting Victims,last_7_days,count,2025,,,0,0,,wilmington-compstat-v1,validated
year-end-compstat-2025-r1,year_end_compstat,2025-01-01,2025-12-31,1,3c3b151aad3d007f2279cf5735d63f591623eff526770c425b726af0d950cfb2,15,district,district_11,District 11,juvenile_shooting_victims,*Juv Shooting Victims,last_7_days,count,2024,,,0,0,,wilmington-compstat-v1,validated
year-end-compstat-2025-r1,year_end_compstat,2025-01-01,2025-12-31,1,3c3b151aad3d007f2279cf5735d63f591623eff526770c425b726af0d950cfb2,15,district,district_11,District 11,juvenile_shooting_victims,*Juv Shooting Victims,last_7_days,percent_change,2025,2024,1,,*,undefined_zero_denominator,wilmington-compstat-v1,validated
year-end-compstat-2025-r1,year_end_compstat,2025-01-01,2025-12-31,1,3c3b151aad3d007f2279cf5735d63f591623eff526770c425b726af0d950cfb2,15,district,district_11,District 11,juvenile_shooting_victims,*Juv Shooting Victims,last_28_days,count,2025,,,0,0,,wilmington-compstat-v1,validated
year-end-compstat-2025-r1,year_end_compstat,2025-01-01,2025-12-31,1,3c3b151aad3d007f2279cf5735d63f591623eff526770c425b726af0d950cfb2,15,district,district_11,District 11,juvenile_shooting_victims,*Juv Shooting Victims,last_28_days,count,2024,,,0,0,,wilmington-compstat-v1,validated
year-end-compstat-2025-r1,year_end_compstat,2025-01-01,2025-12-31,1,3c3b151aad3d007f2279cf5735d63f591623eff526770c425b726af0d950cfb2,15,district,district_11,District 11,juvenile_shooting_victims,*Juv Shooting Victims,last_28_days,percent_change,2025,2024,1,,*,undefined_zero_denominator,wilmington-compstat-v1,validated
year-end-compstat-2025-r1,year_end_compstat,2025-01-01,2025-12-31,1,3c3b151aad3d007f2279cf5735d63f591623eff526770c425b726af0d950cfb2,15,district,district_11,District 11,juvenile_shooting_victims,*Juv Shooting Victims,year_to_date,count,2025,,,2,2,,wilmington-compstat-v1,validated
year-end-compstat-2025-r1,year_end_compstat,2025-01-01,2025-12-31,1,3c3b151aad3d007f2279cf5735d63f591623eff526770c425b726af0d950cfb2,15,district,district_11,District 11,juvenile_shooting_victims,*Juv Shooting Victims,year_to_date,count,2024,,,0,0,,wilmington-compstat-v1,validated
year-end-compstat-2025-r1,year_end_compstat,2025-01-01,2025-12-31,1,3c3b151aad3d007f2279cf5735d63f591623eff526770c425b726af0d950cfb2,15,district,district_11,District 11,juvenile_shooting_victims,*Juv Shooting Victims,year_to_date,percent_change,2025,2024,1,,*,undefined_zero_denominator,wilmington-compstat-v1,validated
year-end-compstat-2025-r1,year_end_compstat,2025-01-01,2025-12-31,1,3c3b151aad3d007f2279cf5735d63f591623eff526770c425b726af0d950cfb2,15,district,district_11,District 11,juvenile_shooting_victims,*Juv Shooting Victims,year_to_date,percent_change,2025,2023,2,-33.0,-33%,,wilmington-compstat-v1,validated
year-end-compstat-2025-r1,year_end_compstat,2025-01-01,2025-12-31,1,3c3b151aad3d007f2279cf5735d63f591623eff526770c425b726af0d950cfb2,15,district,district_11,District 11,juvenile_shooting_victims,*Juv Shooting Victims,year_to_date,percent_change,2025,2022,3,-60.0,-60%,,wilmington-compstat-v1,validated
year-end-compstat-2025-r1,year_end_compstat,2025-01-01,2025-12-31,1,3c3b151aad3d007f2279cf5735d63f591623eff526770c425b726af0d950cfb2,15,district,district_11,District 11,juvenile_shooting_victims,*Juv Shooting Victims,year_to_date,percent_change,2025,2021,4,-50.0,-50%,,wilmington-compstat-v1,validated
year-end-compstat-2025-r1,year_end_compstat,2025-01-01,2025-12-31,1,3c3b151aad3d007f2279cf5735d63f591623eff526770c425b726af0d950cfb2,15,district,district_11,District 11,juvenile_shooting_victims,*Juv Shooting Victims,year_to_date,percent_change,2025,2020,5,-85.0,-85%,,wilmington-compstat-v1,validated
year-end-compstat-2025-r1,year_end_compstat,2025-01-01,2025-12-31,1,3c3b151aad3d007f2279cf5735d63f591623eff526770c425b726af0d950cfb2,15,district,district_11,District 11,juvenile_shooting_victims,*Juv Shooting Victims,year_to_date,percent_change,2025,2019,6,100.0,100%,,wilmington-compstat-v1,validated
year-end-compstat-2025-r1,year_end_compstat,2025-01-01,2025-12-31,1,3c3b151aad3d007f2279cf5735d63f591623eff526770c425b726af0d950cfb2,15,district,district_11,District 11,misdemeanor_theft,Theft (Misdemeanor),last_7_days,count,2025,,,0,0,,wilmington-compstat-v1,validated
year-end-compstat-2025-r1,year_end_compstat,2025-01-01,2025-12-31,1,3c3b151aad3d007f2279cf5735d63f591623eff526770c425b726af0d950cfb2,15,district,district_11,District 11,misdemeanor_theft,Theft (Misdemeanor),last_7_days,count,2024,,,3,3,,wilmington-compstat-v1,validated
year-end-compstat-2025-r1,year_end_compstat,2025-01-01,2025-12-31,1,3c3b151aad3d007f2279cf5735d63f591623eff526770c425b726af0d950cfb2,15,district,district_11,District 11,misdemeanor_theft,Theft (Misdemeanor),last_7_days,percent_change,2025,2024,1,-100.0,-100%,,wilmington-compstat-v1,validated
year-end-compstat-2025-r1,year_end_compstat,2025-01-01,2025-12-31,1,3c3b151aad3d007f2279cf5735d63f591623eff526770c425b726af0d950cfb2,15,district,district_11,District 11,misdemeanor_theft,Theft (Misdemeanor),last_28_days,count,2025,,,5,5,,wilmington-compstat-v1,validated
year-end-compstat-2025-r1,year_end_compstat,2025-01-01,2025-12-31,1,3c3b151aad3d007f2279cf5735d63f591623eff526770c425b726af0d950cfb2,15,district,district_11,District 11,misdemeanor_theft,Theft (Misdemeanor),last_28_days,count,2024,,,10,10,,wilmington-compstat-v1,validated
year-end-compstat-2025-r1,year_end_compstat,2025-01-01,2025-12-31,1,3c3b151aad3d007f2279cf5735d63f591623eff526770c425b726af0d950cfb2,15,district,district_11,District 11,misdemeanor_theft,Theft (Misdemeanor),last_28_days,percent_change,2025,2024,1,-50.0,-50%,,wilmington-compstat-v1,validated
year-end-compstat-2025-r1,year_end_compstat,2025-01-01,2025-12-31,1,3c3b151aad3d007f2279cf5735d63f591623eff526770c425b726af0d950cfb2,15,district,district_11,District 11,misdemeanor_theft,Theft (Misdemeanor),year_to_date,count,2025,,,126,126,,wilmington-compstat-v1,validated
year-end-compstat-2025-r1,year_end_compstat,2025-01-01,2025-12-31,1,3c3b151aad3d007f2279cf5735d63f591623eff526770c425b726af0d950cfb2,15,district,district_11,District 11,misdemeanor_theft,Theft (Misdemeanor),year_to_date,count,2024,,,135,135,,wilmington-compstat-v1,validated
year-end-compstat-2025-r1,year_end_compstat,2025-01-01,2025-12-31,1,3c3b151aad3d007f2279cf5735d63f591623eff526770c425b726af0d950cfb2,15,district,district_11,District 11,misdemeanor_theft,Theft (Misdemeanor),year_to_date,percent_change,2025,2024,1,-7.0,-7%,,wilmington-compstat-v1,validated
year-end-compstat-2025-r1,year_end_compstat,2025-01-01,2025-12-31,1,3c3b151aad3d007f2279cf5735d63f591623eff526770c425b726af0d950cfb2,15,district,district_11,District 11,misdemeanor_theft,Theft (Misdemeanor),year_to_date,percent_change,2025,2023,2,15.0,15%,,wilmington-compstat-v1,validated
year-end-compstat-2025-r1,year_end_compstat,2025-01-01,2025-12-31,1,3c3b151aad3d007f2279cf5735d63f591623eff526770c425b726af0d950cfb2,15,district,district_11,District 11,misdemeanor_theft,Theft (Misdemeanor),year_to_date,percent_change,2025,2022,3,8.0,8%,,wilmington-compstat-v1,validated
year-end-compstat-2025-r1,year_end_compstat,2025-01-01,2025-12-31,1,3c3b151aad3d007f2279cf5735d63f591623eff526770c425b726af0d950cfb2,15,district,district_11,District 11,misdemeanor_theft,Theft (Misdemeanor),year_to_date,percent_change,2025,2021,4,22.0,22%,,wilmington-compstat-v1,validated
year-end-compstat-2025-r1,year_end_compstat,2025-01-01,2025-12-31,1,3c3b151aad3d007f2279cf5735d63f591623eff526770c425b726af0d950cfb2,15,district,district_11,District 11,misdemeanor_theft,Theft (Misdemeanor),year_to_date,percent_change,2025,2020,5,7.0,7%,,wilmington-compstat-v1,validated
year-end-compstat-2025-r1,year_end_compstat,2025-01-01,2025-12-31,1,3c3b151aad3d007f2279cf5735d63f591623eff526770c425b726af0d950cfb2,15,district,district_11,District 11,misdemeanor_theft,Theft (Misdemeanor),year_to_date,percent_change,2025,2019,6,-32.0,-32%,,wilmington-compstat-v1,validated
year-end-compstat-2025-r1,year_end_compstat,2025-01-01,2025-12-31,1,3c3b151aad3d007f2279cf5735d63f591623eff526770c425b726af0d950cfb2,17,district,district_16,District 16,murder,Murder,last_7_days,count,2025,,,1,1,,wilmington-compstat-v1,validated
year-end-compstat-2025-r1,year_end_compstat,2025-01-01,2025-12-31,1,3c3b151aad3d007f2279cf5735d63f591623eff526770c425b726af0d950cfb2,17,district,district_16,District 16,murder,Murder,last_7_days,count,2024,,,0,0,,wilmington-compstat-v1,validated
year-end-compstat-2025-r1,year_end_compstat,2025-01-01,2025-12-31,1,3c3b151aad3d007f2279cf5735d63f591623eff526770c425b726af0d950cfb2,17,district,district_16,District 16,murder,Murder,last_7_days,percent_change,2025,2024,1,,*,undefined_zero_denominator,wilmington-compstat-v1,validated
year-end-compstat-2025-r1,year_end_compstat,2025-01-01,2025-12-31,1,3c3b151aad3d007f2279cf5735d63f591623eff526770c425b726af0d950cfb2,17,district,district_16,District 16,murder,Murder,last_28_days,count,2025,,,1,1,,wilmington-compstat-v1,validated
year-end-compstat-2025-r1,year_end_compstat,2025-01-01,2025-12-31,1,3c3b151aad3d007f2279cf5735d63f591623eff526770c425b726af0d950cfb2,17,district,district_16,District 16,murder,Murder,last_28_days,count,2024,,,1,1,,wilmington-compstat-v1,validated
year-end-compstat-2025-r1,year_end_compstat,2025-01-01,2025-12-31,1,3c3b151aad3d007f2279cf5735d63f591623eff526770c425b726af0d950cfb2,17,district,district_16,District 16,murder,Murder,last_28_days,percent_change,2025,2024,1,0.0,0%,,wilmington-compstat-v1,validated
year-end-compstat-2025-r1,year_end_compstat,2025-01-01,2025-12-31,1,3c3b151aad3d007f2279cf5735d63f591623eff526770c425b726af0d950cfb2,17,district,district_16,District 16,murder,Murder,year_to_date,count,2025,,,4,4,,wilmington-compstat-v1,validated
year-end-compstat-2025-r1,year_end_compstat,2025-01-01,2025-12-31,1,3c3b151aad3d007f2279cf5735d63f591623eff526770c425b726af0d950cfb2,17,district,district_16,District 16,murder,Murder,year_to_date,count,2024,,,3,3,,wilmington-compstat-v1,validated
year-end-compstat-2025-r1,year_end_compstat,2025-01-01,2025-12-31,1,3c3b151aad3d007f2279cf5735d63f591623eff526770c425b726af0d950cfb2,17,district,district_16,District 16,murder,Murder,year_to_date,percent_change,2025,2024,1,33.0,33%,,wilmington-compstat-v1,validated
year-end-compstat-2025-r1,year_end_compstat,2025-01-01,2025-12-31,1,3c3b151aad3d007f2279cf5735d63f591623eff526770c425b726af0d950cfb2,17,district,district_16,District 16,murder,Murder,year_to_date,percent_change,2025,2023,2,,*,undefined_zero_denominator,wilmington-compstat-v1,validated
year-end-compstat-2025-r1,year_end_compstat,2025-01-01,2025-12-31,1,3c3b151aad3d007f2279cf5735d63f591623eff526770c425b726af0d950cfb2,17,district,district_16,District 16,murder,Murder,year_to_date,percent_change,2025,2022,3,0.0,0%,,wilmington-compstat-v1,validated
year-end-compstat-2025-r1,year_end_compstat,2025-01-01,2025-12-31,1,3c3b151aad3d007f2279cf5735d63f591623eff526770c425b726af0d950cfb2,17,district,district_16,District 16,murder,Murder,year_to_date,percent_change,2025,2021,4,0.0,0%,,wilmington-compstat-v1,validated
year-end-compstat-2025-r1,year_end_compstat,2025-01-01,2025-12-31,1,3c3b151aad3d007f2279cf5735d63f591623eff526770c425b726af0d950cfb2,17,district,district_16,District 16,murder,Murder,year_to_date,percent_change,2025,2020,5,-20.0,-20%,,wilmington-compstat-v1,validated
year-end-compstat-2025-r1,year_end_compstat,2025-01-01,2025-12-31,1,3c3b151aad3d007f2279cf5735d63f591623eff526770c425b726af0d950cfb2,17,district,district_16,District 16,murder,Murder,year_to_date,percent_change,2025,2019,6,33.0,33%,,wilmington-compstat-v1,validated
year-end-compstat-2025-r1,year_end_compstat,2025-01-01,2025-12-31,1,3c3b151aad3d007f2279cf5735d63f591623eff526770c425b726af0d950cfb2,17,district,district_16,District 16,rape,Rape,last_7_days,count,2025,,,0,0,,wilmington-compstat-v1,validated
year-end-compstat-2025-r1,year_end_compstat,2025-01-01,2025-12-31,1,3c3b151aad3d007f2279cf5735d63f591623eff526770c425b726af0d950cfb2,17,district,district_16,District 16,rape,Rape,last_7_days,count,2024,,,0,0,,wilmington-compstat-v1,validated
year-end-compstat-2025-r1,year_end_compstat,2025-01-01,2025-12-31,1,3c3b151aad3d007f2279cf5735d63f591623eff526770c425b726af0d950cfb2,17,district,district_16,District 16,rape,Rape,last_7_days,percent_change,2025,2024,1,,*,undefined_zero_denominator,wilmington-compstat-v1,validated
year-end-compstat-2025-r1,year_end_compstat,2025-01-01,2025-12-31,1,3c3b151aad3d007f2279cf5735d63f591623eff526770c425b726af0d950cfb2,17,district,district_16,District 16,rape,Rape,last_28_days,count,2025,,,0,0,,wilmington-compstat-v1,validated
year-end-compstat-2025-r1,year_end_compstat,2025-01-01,2025-12-31,1,3c3b151aad3d007f2279cf5735d63f591623eff526770c425b726af0d950cfb2,17,district,district_16,District 16,rape,Rape,last_28_days,count,2024,,,1,1,,wilmington-compstat-v1,validated
year-end-compstat-2025-r1,year_end_compstat,2025-01-01,2025-12-31,1,3c3b151aad3d007f2279cf5735d63f591623eff526770c425b726af0d950cfb2,17,district,district_16,District 16,rape,Rape,last_28_days,percent_change,2025,2024,1,-100.0,-100%,,wilmington-compstat-v1,validated
year-end-compstat-2025-r1,year_end_compstat,2025-01-01,2025-12-31,1,3c3b151aad3d007f2279cf5735d63f591623eff526770c425b726af0d950cfb2,17,district,district_16,District 16,rape,Rape,year_to_date,count,2025,,,0,0,,wilmington-compstat-v1,validated
year-end-compstat-2025-r1,year_end_compstat,2025-01-01,2025-12-31,1,3c3b151aad3d007f2279cf5735d63f591623eff526770c425b726af0d950cfb2,17,district,district_16,District 16,rape,Rape,year_to_date,count,2024,,,1,1,,wilmington-compstat-v1,validated
year-end-compstat-2025-r1,year_end_compstat,2025-01-01,2025-12-31,1,3c3b151aad3d007f2279cf5735d63f591623eff526770c425b726af0d950cfb2,17,district,district_16,District 16,rape,Rape,year_to_date,percent_change,2025,2024,1,-100.0,-100%,,wilmington-compstat-v1,validated
year-end-compstat-2025-r1,year_end_compstat,2025-01-01,2025-12-31,1,3c3b151aad3d007f2279cf5735d63f591623eff526770c425b726af0d950cfb2,17,district,district_16,District 16,rape,Rape,year_to_date,percent_change,2025,2023,2,,*,undefined_zero_denominator,wilmington-compstat-v1,validated
year-end-compstat-2025-r1,year_end_compstat,2025-01-01,2025-12-31,1,3c3b151aad3d007f2279cf5735d63f591623eff526770c425b726af0d950cfb2,17,district,district_16,District 16,rape,Rape,year_to_date,percent_change,2025,2022,3,,*,undefined_zero_denominator,wilmington-compstat-v1,validated
year-end-compstat-2025-r1,year_end_compstat,2025-01-01,2025-12-31,1,3c3b151aad3d007f2279cf5735d63f591623eff526770c425b726af0d950cfb2,17,district,district_16,District 16,rape,Rape,year_to_date,percent_change,2025,2021,4,-100.0,-100%,,wilmington-compstat-v1,validated
year-end-compstat-2025-r1,year_end_compstat,2025-01-01,2025-12-31,1,3c3b151aad3d007f2279cf5735d63f591623eff526770c425b726af0d950cfb2,17,district,district_16,District 16,rape,Rape,year_to_date,percent_change,2025,2020,5,-100.0,-100%,,wilmington-compstat-v1,validated
year-end-compstat-2025-r1,year_end_compstat,2025-01-01,2025-12-31,1,3c3b151aad3d007f2279cf5735d63f591623eff526770c425b726af0d950cfb2,17,district,district_16,District 16,rape,Rape,year_to_date,percent_change,2025,2019,6,-100.0,-100%,,wilmington-compstat-v1,validated
year-end-compstat-2025-r1,year_end_compstat,2025-01-01,2025-12-31,1,3c3b151aad3d007f2279cf5735d63f591623eff526770c425b726af0d950cfb2,17,district,district_16,District 16,robbery,Robbery,last_7_days,count,2025,,,0,0,,wilmington-compstat-v1,validated
year-end-compstat-2025-r1,year_end_compstat,2025-01-01,2025-12-31,1,3c3b151aad3d007f2279cf5735d63f591623eff526770c425b726af0d950cfb2,17,district,district_16,District 16,robbery,Robbery,last_7_days,count,2024,,,0,0,,wilmington-compstat-v1,validated
year-end-compstat-2025-r1,year_end_compstat,2025-01-01,2025-12-31,1,3c3b151aad3d007f2279cf5735d63f591623eff526770c425b726af0d950cfb2,17,district,district_16,District 16,robbery,Robbery,last_7_days,percent_change,2025,2024,1,,*,undefined_zero_denominator,wilmington-compstat-v1,validated
year-end-compstat-2025-r1,year_end_compstat,2025-01-01,2025-12-31,1,3c3b151aad3d007f2279cf5735d63f591623eff526770c425b726af0d950cfb2,17,district,district_16,District 16,robbery,Robbery,last_28_days,count,2025,,,3,3,,wilmington-compstat-v1,validated
year-end-compstat-2025-r1,year_end_compstat,2025-01-01,2025-12-31,1,3c3b151aad3d007f2279cf5735d63f591623eff526770c425b726af0d950cfb2,17,district,district_16,District 16,robbery,Robbery,last_28_days,count,2024,,,3,3,,wilmington-compstat-v1,validated
year-end-compstat-2025-r1,year_end_compstat,2025-01-01,2025-12-31,1,3c3b151aad3d007f2279cf5735d63f591623eff526770c425b726af0d950cfb2,17,district,district_16,District 16,robbery,Robbery,last_28_days,percent_change,2025,2024,1,0.0,0%,,wilmington-compstat-v1,validated
year-end-compstat-2025-r1,year_end_compstat,2025-01-01,2025-12-31,1,3c3b151aad3d007f2279cf5735d63f591623eff526770c425b726af0d950cfb2,17,district,district_16,District 16,robbery,Robbery,year_to_date,count,2025,,,45,45,,wilmington-compstat-v1,validated
year-end-compstat-2025-r1,year_end_compstat,2025-01-01,2025-12-31,1,3c3b151aad3d007f2279cf5735d63f591623eff526770c425b726af0d950cfb2,17,district,district_16,District 16,robbery,Robbery,year_to_date,count,2024,,,48,48,,wilmington-compstat-v1,validated
year-end-compstat-2025-r1,year_end_compstat,2025-01-01,2025-12-31,1,3c3b151aad3d007f2279cf5735d63f591623eff526770c425b726af0d950cfb2,17,district,district_16,District 16,robbery,Robbery,year_to_date,percent_change,2025,2024,1,-6.0,-6%,,wilmington-compstat-v1,validated
year-end-compstat-2025-r1,year_end_compstat,2025-01-01,2025-12-31,1,3c3b151aad3d007f2279cf5735d63f591623eff526770c425b726af0d950cfb2,17,district,district_16,District 16,robbery,Robbery,year_to_date,percent_change,2025,2023,2,-32.0,-32%,,wilmington-compstat-v1,validated
year-end-compstat-2025-r1,year_end_compstat,2025-01-01,2025-12-31,1,3c3b151aad3d007f2279cf5735d63f591623eff526770c425b726af0d950cfb2,17,district,district_16,District 16,robbery,Robbery,year_to_date,percent_change,2025,2022,3,-2.0,-2%,,wilmington-compstat-v1,validated
year-end-compstat-2025-r1,year_end_compstat,2025-01-01,2025-12-31,1,3c3b151aad3d007f2279cf5735d63f591623eff526770c425b726af0d950cfb2,17,district,district_16,District 16,robbery,Robbery,year_to_date,percent_change,2025,2021,4,18.0,18%,,wilmington-compstat-v1,validated
year-end-compstat-2025-r1,year_end_compstat,2025-01-01,2025-12-31,1,3c3b151aad3d007f2279cf5735d63f591623eff526770c425b726af0d950cfb2,17,district,district_16,District 16,robbery,Robbery,year_to_date,percent_change,2025,2020,5,-15.0,-15%,,wilmington-compstat-v1,validated
year-end-compstat-2025-r1,year_end_compstat,2025-01-01,2025-12-31,1,3c3b151aad3d007f2279cf5735d63f591623eff526770c425b726af0d950cfb2,17,district,district_16,District 16,robbery,Robbery,year_to_date,percent_change,2025,2019,6,-6.0,-6%,,wilmington-compstat-v1,validated
year-end-compstat-2025-r1,year_end_compstat,2025-01-01,2025-12-31,1,3c3b151aad3d007f2279cf5735d63f591623eff526770c425b726af0d950cfb2,17,district,district_16,District 16,aggravated_assault,Agg. Assault,last_7_days,count,2025,,,1,1,,wilmington-compstat-v1,validated
year-end-compstat-2025-r1,year_end_compstat,2025-01-01,2025-12-31,1,3c3b151aad3d007f2279cf5735d63f591623eff526770c425b726af0d950cfb2,17,district,district_16,District 16,aggravated_assault,Agg. Assault,last_7_days,count,2024,,,3,3,,wilmington-compstat-v1,validated
year-end-compstat-2025-r1,year_end_compstat,2025-01-01,2025-12-31,1,3c3b151aad3d007f2279cf5735d63f591623eff526770c425b726af0d950cfb2,17,district,district_16,District 16,aggravated_assault,Agg. Assault,last_7_days,percent_change,2025,2024,1,-67.0,-67%,,wilmington-compstat-v1,validated
year-end-compstat-2025-r1,year_end_compstat,2025-01-01,2025-12-31,1,3c3b151aad3d007f2279cf5735d63f591623eff526770c425b726af0d950cfb2,17,district,district_16,District 16,aggravated_assault,Agg. Assault,last_28_days,count,2025,,,2,2,,wilmington-compstat-v1,validated
year-end-compstat-2025-r1,year_end_compstat,2025-01-01,2025-12-31,1,3c3b151aad3d007f2279cf5735d63f591623eff526770c425b726af0d950cfb2,17,district,district_16,District 16,aggravated_assault,Agg. Assault,last_28_days,count,2024,,,7,7,,wilmington-compstat-v1,validated
year-end-compstat-2025-r1,year_end_compstat,2025-01-01,2025-12-31,1,3c3b151aad3d007f2279cf5735d63f591623eff526770c425b726af0d950cfb2,17,district,district_16,District 16,aggravated_assault,Agg. Assault,last_28_days,percent_change,2025,2024,1,-71.0,-71%,,wilmington-compstat-v1,validated
year-end-compstat-2025-r1,year_end_compstat,2025-01-01,2025-12-31,1,3c3b151aad3d007f2279cf5735d63f591623eff526770c425b726af0d950cfb2,17,district,district_16,District 16,aggravated_assault,Agg. Assault,year_to_date,count,2025,,,64,64,,wilmington-compstat-v1,validated
year-end-compstat-2025-r1,year_end_compstat,2025-01-01,2025-12-31,1,3c3b151aad3d007f2279cf5735d63f591623eff526770c425b726af0d950cfb2,17,district,district_16,District 16,aggravated_assault,Agg. Assault,year_to_date,count,2024,,,75,75,,wilmington-compstat-v1,validated
year-end-compstat-2025-r1,year_end_compstat,2025-01-01,2025-12-31,1,3c3b151aad3d007f2279cf5735d63f591623eff526770c425b726af0d950cfb2,17,district,district_16,District 16,aggravated_assault,Agg. Assault,year_to_date,percent_change,2025,2024,1,-15.0,-15%,,wilmington-compstat-v1,validated
year-end-compstat-2025-r1,year_end_compstat,2025-01-01,2025-12-31,1,3c3b151aad3d007f2279cf5735d63f591623eff526770c425b726af0d950cfb2,17,district,district_16,District 16,aggravated_assault,Agg. Assault,year_to_date,percent_change,2025,2023,2,-30.0,-30%,,wilmington-compstat-v1,validated
year-end-compstat-2025-r1,year_end_compstat,2025-01-01,2025-12-31,1,3c3b151aad3d007f2279cf5735d63f591623eff526770c425b726af0d950cfb2,17,district,district_16,District 16,aggravated_assault,Agg. Assault,year_to_date,percent_change,2025,2022,3,-18.0,-18%,,wilmington-compstat-v1,validated
year-end-compstat-2025-r1,year_end_compstat,2025-01-01,2025-12-31,1,3c3b151aad3d007f2279cf5735d63f591623eff526770c425b726af0d950cfb2,17,district,district_16,District 16,aggravated_assault,Agg. Assault,year_to_date,percent_change,2025,2021,4,-24.0,-24%,,wilmington-compstat-v1,validated
year-end-compstat-2025-r1,year_end_compstat,2025-01-01,2025-12-31,1,3c3b151aad3d007f2279cf5735d63f591623eff526770c425b726af0d950cfb2,17,district,district_16,District 16,aggravated_assault,Agg. Assault,year_to_date,percent_change,2025,2020,5,-18.0,-18%,,wilmington-compstat-v1,validated
year-end-compstat-2025-r1,year_end_compstat,2025-01-01,2025-12-31,1,3c3b151aad3d007f2279cf5735d63f591623eff526770c425b726af0d950cfb2,17,district,district_16,District 16,aggravated_assault,Agg. Assault,year_to_date,percent_change,2025,2019,6,-16.0,-16%,,wilmington-compstat-v1,validated
year-end-compstat-2025-r1,year_end_compstat,2025-01-01,2025-12-31,1,3c3b151aad3d007f2279cf5735d63f591623eff526770c425b726af0d950cfb2,17,district,district_16,District 16,burglary,Burglary,last_7_days,count,2025,,,1,1,,wilmington-compstat-v1,validated
year-end-compstat-2025-r1,year_end_compstat,2025-01-01,2025-12-31,1,3c3b151aad3d007f2279cf5735d63f591623eff526770c425b726af0d950cfb2,17,district,district_16,District 16,burglary,Burglary,last_7_days,count,2024,,,1,1,,wilmington-compstat-v1,validated
year-end-compstat-2025-r1,year_end_compstat,2025-01-01,2025-12-31,1,3c3b151aad3d007f2279cf5735d63f591623eff526770c425b726af0d950cfb2,17,district,district_16,District 16,burglary,Burglary,last_7_days,percent_change,2025,2024,1,0.0,0%,,wilmington-compstat-v1,validated
year-end-compstat-2025-r1,year_end_compstat,2025-01-01,2025-12-31,1,3c3b151aad3d007f2279cf5735d63f591623eff526770c425b726af0d950cfb2,17,district,district_16,District 16,burglary,Burglary,last_28_days,count,2025,,,3,3,,wilmington-compstat-v1,validated
year-end-compstat-2025-r1,year_end_compstat,2025-01-01,2025-12-31,1,3c3b151aad3d007f2279cf5735d63f591623eff526770c425b726af0d950cfb2,17,district,district_16,District 16,burglary,Burglary,last_28_days,count,2024,,,5,5,,wilmington-compstat-v1,validated
year-end-compstat-2025-r1,year_end_compstat,2025-01-01,2025-12-31,1,3c3b151aad3d007f2279cf5735d63f591623eff526770c425b726af0d950cfb2,17,district,district_16,District 16,burglary,Burglary,last_28_days,percent_change,2025,2024,1,-40.0,-40%,,wilmington-compstat-v1,validated
year-end-compstat-2025-r1,year_end_compstat,2025-01-01,2025-12-31,1,3c3b151aad3d007f2279cf5735d63f591623eff526770c425b726af0d950cfb2,17,district,district_16,District 16,burglary,Burglary,year_to_date,count,2025,,,47,47,,wilmington-compstat-v1,validated
year-end-compstat-2025-r1,year_end_compstat,2025-01-01,2025-12-31,1,3c3b151aad3d007f2279cf5735d63f591623eff526770c425b726af0d950cfb2,17,district,district_16,District 16,burglary,Burglary,year_to_date,count,2024,,,65,65,,wilmington-compstat-v1,validated
year-end-compstat-2025-r1,year_end_compstat,2025-01-01,2025-12-31,1,3c3b151aad3d007f2279cf5735d63f591623eff526770c425b726af0d950cfb2,17,district,district_16,District 16,burglary,Burglary,year_to_date,percent_change,2025,2024,1,-28.0,-28%,,wilmington-compstat-v1,validated
year-end-compstat-2025-r1,year_end_compstat,2025-01-01,2025-12-31,1,3c3b151aad3d007f2279cf5735d63f591623eff526770c425b726af0d950cfb2,17,district,district_16,District 16,burglary,Burglary,year_to_date,percent_change,2025,2023,2,-35.0,-35%,,wilmington-compstat-v1,validated
year-end-compstat-2025-r1,year_end_compstat,2025-01-01,2025-12-31,1,3c3b151aad3d007f2279cf5735d63f591623eff526770c425b726af0d950cfb2,17,district,district_16,District 16,burglary,Burglary,year_to_date,percent_change,2025,2022,3,-28.0,-28%,,wilmington-compstat-v1,validated
year-end-compstat-2025-r1,year_end_compstat,2025-01-01,2025-12-31,1,3c3b151aad3d007f2279cf5735d63f591623eff526770c425b726af0d950cfb2,17,district,district_16,District 16,burglary,Burglary,year_to_date,percent_change,2025,2021,4,-47.0,-47%,,wilmington-compstat-v1,validated
year-end-compstat-2025-r1,year_end_compstat,2025-01-01,2025-12-31,1,3c3b151aad3d007f2279cf5735d63f591623eff526770c425b726af0d950cfb2,17,district,district_16,District 16,burglary,Burglary,year_to_date,percent_change,2025,2020,5,-30.0,-30%,,wilmington-compstat-v1,validated
year-end-compstat-2025-r1,year_end_compstat,2025-01-01,2025-12-31,1,3c3b151aad3d007f2279cf5735d63f591623eff526770c425b726af0d950cfb2,17,district,district_16,District 16,burglary,Burglary,year_to_date,percent_change,2025,2019,6,-35.0,-35%,,wilmington-compstat-v1,validated
year-end-compstat-2025-r1,year_end_compstat,2025-01-01,2025-12-31,1,3c3b151aad3d007f2279cf5735d63f591623eff526770c425b726af0d950cfb2,17,district,district_16,District 16,felony_theft,Felony Theft,last_7_days,count,2025,,,0,0,,wilmington-compstat-v1,validated
year-end-compstat-2025-r1,year_end_compstat,2025-01-01,2025-12-31,1,3c3b151aad3d007f2279cf5735d63f591623eff526770c425b726af0d950cfb2,17,district,district_16,District 16,felony_theft,Felony Theft,last_7_days,count,2024,,,0,0,,wilmington-compstat-v1,validated
year-end-compstat-2025-r1,year_end_compstat,2025-01-01,2025-12-31,1,3c3b151aad3d007f2279cf5735d63f591623eff526770c425b726af0d950cfb2,17,district,district_16,District 16,felony_theft,Felony Theft,last_7_days,percent_change,2025,2024,1,,*,undefined_zero_denominator,wilmington-compstat-v1,validated
year-end-compstat-2025-r1,year_end_compstat,2025-01-01,2025-12-31,1,3c3b151aad3d007f2279cf5735d63f591623eff526770c425b726af0d950cfb2,17,district,district_16,District 16,felony_theft,Felony Theft,last_28_days,count,2025,,,3,3,,wilmington-compstat-v1,validated
year-end-compstat-2025-r1,year_end_compstat,2025-01-01,2025-12-31,1,3c3b151aad3d007f2279cf5735d63f591623eff526770c425b726af0d950cfb2,17,district,district_16,District 16,felony_theft,Felony Theft,last_28_days,count,2024,,,6,6,,wilmington-compstat-v1,validated
year-end-compstat-2025-r1,year_end_compstat,2025-01-01,2025-12-31,1,3c3b151aad3d007f2279cf5735d63f591623eff526770c425b726af0d950cfb2,17,district,district_16,District 16,felony_theft,Felony Theft,last_28_days,percent_change,2025,2024,1,-50.0,-50%,,wilmington-compstat-v1,validated
year-end-compstat-2025-r1,year_end_compstat,2025-01-01,2025-12-31,1,3c3b151aad3d007f2279cf5735d63f591623eff526770c425b726af0d950cfb2,17,district,district_16,District 16,felony_theft,Felony Theft,year_to_date,count,2025,,,48,48,,wilmington-compstat-v1,validated
year-end-compstat-2025-r1,year_end_compstat,2025-01-01,2025-12-31,1,3c3b151aad3d007f2279cf5735d63f591623eff526770c425b726af0d950cfb2,17,district,district_16,District 16,felony_theft,Felony Theft,year_to_date,count,2024,,,61,61,,wilmington-compstat-v1,validated
year-end-compstat-2025-r1,year_end_compstat,2025-01-01,2025-12-31,1,3c3b151aad3d007f2279cf5735d63f591623eff526770c425b726af0d950cfb2,17,district,district_16,District 16,felony_theft,Felony Theft,year_to_date,percent_change,2025,2024,1,-21.0,-21%,,wilmington-compstat-v1,validated
year-end-compstat-2025-r1,year_end_compstat,2025-01-01,2025-12-31,1,3c3b151aad3d007f2279cf5735d63f591623eff526770c425b726af0d950cfb2,17,district,district_16,District 16,felony_theft,Felony Theft,year_to_date,percent_change,2025,2023,2,-26.0,-26%,,wilmington-compstat-v1,validated
year-end-compstat-2025-r1,year_end_compstat,2025-01-01,2025-12-31,1,3c3b151aad3d007f2279cf5735d63f591623eff526770c425b726af0d950cfb2,17,district,district_16,District 16,felony_theft,Felony Theft,year_to_date,percent_change,2025,2022,3,-26.0,-26%,,wilmington-compstat-v1,validated
year-end-compstat-2025-r1,year_end_compstat,2025-01-01,2025-12-31,1,3c3b151aad3d007f2279cf5735d63f591623eff526770c425b726af0d950cfb2,17,district,district_16,District 16,felony_theft,Felony Theft,year_to_date,percent_change,2025,2021,4,-13.0,-13%,,wilmington-compstat-v1,validated
year-end-compstat-2025-r1,year_end_compstat,2025-01-01,2025-12-31,1,3c3b151aad3d007f2279cf5735d63f591623eff526770c425b726af0d950cfb2,17,district,district_16,District 16,felony_theft,Felony Theft,year_to_date,percent_change,2025,2020,5,4.0,4%,,wilmington-compstat-v1,validated
year-end-compstat-2025-r1,year_end_compstat,2025-01-01,2025-12-31,1,3c3b151aad3d007f2279cf5735d63f591623eff526770c425b726af0d950cfb2,17,district,district_16,District 16,felony_theft,Felony Theft,year_to_date,percent_change,2025,2019,6,-13.0,-13%,,wilmington-compstat-v1,validated
year-end-compstat-2025-r1,year_end_compstat,2025-01-01,2025-12-31,1,3c3b151aad3d007f2279cf5735d63f591623eff526770c425b726af0d950cfb2,17,district,district_16,District 16,auto_theft,Auto Theft,last_7_days,count,2025,,,0,0,,wilmington-compstat-v1,validated
year-end-compstat-2025-r1,year_end_compstat,2025-01-01,2025-12-31,1,3c3b151aad3d007f2279cf5735d63f591623eff526770c425b726af0d950cfb2,17,district,district_16,District 16,auto_theft,Auto Theft,last_7_days,count,2024,,,0,0,,wilmington-compstat-v1,validated
year-end-compstat-2025-r1,year_end_compstat,2025-01-01,2025-12-31,1,3c3b151aad3d007f2279cf5735d63f591623eff526770c425b726af0d950cfb2,17,district,district_16,District 16,auto_theft,Auto Theft,last_7_days,percent_change,2025,2024,1,,*,undefined_zero_denominator,wilmington-compstat-v1,validated
year-end-compstat-2025-r1,year_end_compstat,2025-01-01,2025-12-31,1,3c3b151aad3d007f2279cf5735d63f591623eff526770c425b726af0d950cfb2,17,district,district_16,District 16,auto_theft,Auto Theft,last_28_days,count,2025,,,4,4,,wilmington-compstat-v1,validated
year-end-compstat-2025-r1,year_end_compstat,2025-01-01,2025-12-31,1,3c3b151aad3d007f2279cf5735d63f591623eff526770c425b726af0d950cfb2,17,district,district_16,District 16,auto_theft,Auto Theft,last_28_days,count,2024,,,4,4,,wilmington-compstat-v1,validated
year-end-compstat-2025-r1,year_end_compstat,2025-01-01,2025-12-31,1,3c3b151aad3d007f2279cf5735d63f591623eff526770c425b726af0d950cfb2,17,district,district_16,District 16,auto_theft,Auto Theft,last_28_days,percent_change,2025,2024,1,0.0,0%,,wilmington-compstat-v1,validated
year-end-compstat-2025-r1,year_end_compstat,2025-01-01,2025-12-31,1,3c3b151aad3d007f2279cf5735d63f591623eff526770c425b726af0d950cfb2,17,district,district_16,District 16,auto_theft,Auto Theft,year_to_date,count,2025,,,37,37,,wilmington-compstat-v1,validated
year-end-compstat-2025-r1,year_end_compstat,2025-01-01,2025-12-31,1,3c3b151aad3d007f2279cf5735d63f591623eff526770c425b726af0d950cfb2,17,district,district_16,District 16,auto_theft,Auto Theft,year_to_date,count,2024,,,52,52,,wilmington-compstat-v1,validated
year-end-compstat-2025-r1,year_end_compstat,2025-01-01,2025-12-31,1,3c3b151aad3d007f2279cf5735d63f591623eff526770c425b726af0d950cfb2,17,district,district_16,District 16,auto_theft,Auto Theft,year_to_date,percent_change,2025,2024,1,-29.0,-29%,,wilmington-compstat-v1,validated
year-end-compstat-2025-r1,year_end_compstat,2025-01-01,2025-12-31,1,3c3b151aad3d007f2279cf5735d63f591623eff526770c425b726af0d950cfb2,17,district,district_16,District 16,auto_theft,Auto Theft,year_to_date,percent_change,2025,2023,2,-48.0,-48%,,wilmington-compstat-v1,validated
year-end-compstat-2025-r1,year_end_compstat,2025-01-01,2025-12-31,1,3c3b151aad3d007f2279cf5735d63f591623eff526770c425b726af0d950cfb2,17,district,district_16,District 16,auto_theft,Auto Theft,year_to_date,percent_change,2025,2022,3,-16.0,-16%,,wilmington-compstat-v1,validated
year-end-compstat-2025-r1,year_end_compstat,2025-01-01,2025-12-31,1,3c3b151aad3d007f2279cf5735d63f591623eff526770c425b726af0d950cfb2,17,district,district_16,District 16,auto_theft,Auto Theft,year_to_date,percent_change,2025,2021,4,-38.0,-38%,,wilmington-compstat-v1,validated
year-end-compstat-2025-r1,year_end_compstat,2025-01-01,2025-12-31,1,3c3b151aad3d007f2279cf5735d63f591623eff526770c425b726af0d950cfb2,17,district,district_16,District 16,auto_theft,Auto Theft,year_to_date,percent_change,2025,2020,5,-31.0,-31%,,wilmington-compstat-v1,validated
year-end-compstat-2025-r1,year_end_compstat,2025-01-01,2025-12-31,1,3c3b151aad3d007f2279cf5735d63f591623eff526770c425b726af0d950cfb2,17,district,district_16,District 16,auto_theft,Auto Theft,year_to_date,percent_change,2025,2019,6,-30.0,-30%,,wilmington-compstat-v1,validated
year-end-compstat-2025-r1,year_end_compstat,2025-01-01,2025-12-31,1,3c3b151aad3d007f2279cf5735d63f591623eff526770c425b726af0d950cfb2,17,district,district_16,District 16,major_crime_total,TOTAL,last_7_days,count,2025,,,3,3,,wilmington-compstat-v1,validated
year-end-compstat-2025-r1,year_end_compstat,2025-01-01,2025-12-31,1,3c3b151aad3d007f2279cf5735d63f591623eff526770c425b726af0d950cfb2,17,district,district_16,District 16,major_crime_total,TOTAL,last_7_days,count,2024,,,4,4,,wilmington-compstat-v1,validated
year-end-compstat-2025-r1,year_end_compstat,2025-01-01,2025-12-31,1,3c3b151aad3d007f2279cf5735d63f591623eff526770c425b726af0d950cfb2,17,district,district_16,District 16,major_crime_total,TOTAL,last_7_days,percent_change,2025,2024,1,-25.0,-25%,,wilmington-compstat-v1,validated
year-end-compstat-2025-r1,year_end_compstat,2025-01-01,2025-12-31,1,3c3b151aad3d007f2279cf5735d63f591623eff526770c425b726af0d950cfb2,17,district,district_16,District 16,major_crime_total,TOTAL,last_28_days,count,2025,,,16,16,,wilmington-compstat-v1,validated
year-end-compstat-2025-r1,year_end_compstat,2025-01-01,2025-12-31,1,3c3b151aad3d007f2279cf5735d63f591623eff526770c425b726af0d950cfb2,17,district,district_16,District 16,major_crime_total,TOTAL,last_28_days,count,2024,,,27,27,,wilmington-compstat-v1,validated
year-end-compstat-2025-r1,year_end_compstat,2025-01-01,2025-12-31,1,3c3b151aad3d007f2279cf5735d63f591623eff526770c425b726af0d950cfb2,17,district,district_16,District 16,major_crime_total,TOTAL,last_28_days,percent_change,2025,2024,1,-41.0,-41%,,wilmington-compstat-v1,validated
year-end-compstat-2025-r1,year_end_compstat,2025-01-01,2025-12-31,1,3c3b151aad3d007f2279cf5735d63f591623eff526770c425b726af0d950cfb2,17,district,district_16,District 16,major_crime_total,TOTAL,year_to_date,count,2025,,,245,245,,wilmington-compstat-v1,validated
year-end-compstat-2025-r1,year_end_compstat,2025-01-01,2025-12-31,1,3c3b151aad3d007f2279cf5735d63f591623eff526770c425b726af0d950cfb2,17,district,district_16,District 16,major_crime_total,TOTAL,year_to_date,count,2024,,,305,305,,wilmington-compstat-v1,validated
year-end-compstat-2025-r1,year_end_compstat,2025-01-01,2025-12-31,1,3c3b151aad3d007f2279cf5735d63f591623eff526770c425b726af0d950cfb2,17,district,district_16,District 16,major_crime_total,TOTAL,year_to_date,percent_change,2025,2024,1,-20.0,-20%,,wilmington-compstat-v1,validated
year-end-compstat-2025-r1,year_end_compstat,2025-01-01,2025-12-31,1,3c3b151aad3d007f2279cf5735d63f591623eff526770c425b726af0d950cfb2,17,district,district_16,District 16,major_crime_total,TOTAL,year_to_date,percent_change,2025,2023,2,-33.0,-33%,,wilmington-compstat-v1,validated
year-end-compstat-2025-r1,year_end_compstat,2025-01-01,2025-12-31,1,3c3b151aad3d007f2279cf5735d63f591623eff526770c425b726af0d950cfb2,17,district,district_16,District 16,major_crime_total,TOTAL,year_to_date,percent_change,2025,2022,3,-19.0,-19%,,wilmington-compstat-v1,validated
year-end-compstat-2025-r1,year_end_compstat,2025-01-01,2025-12-31,1,3c3b151aad3d007f2279cf5735d63f591623eff526770c425b726af0d950cfb2,17,district,district_16,District 16,major_crime_total,TOTAL,year_to_date,percent_change,2025,2021,4,-26.0,-26%,,wilmington-compstat-v1,validated
year-end-compstat-2025-r1,year_end_compstat,2025-01-01,2025-12-31,1,3c3b151aad3d007f2279cf5735d63f591623eff526770c425b726af0d950cfb2,17,district,district_16,District 16,major_crime_total,TOTAL,year_to_date,percent_change,2025,2020,5,-20.0,-20%,,wilmington-compstat-v1,validated
year-end-compstat-2025-r1,year_end_compstat,2025-01-01,2025-12-31,1,3c3b151aad3d007f2279cf5735d63f591623eff526770c425b726af0d950cfb2,17,district,district_16,District 16,major_crime_total,TOTAL,year_to_date,percent_change,2025,2019,6,-21.0,-21%,,wilmington-compstat-v1,validated
year-end-compstat-2025-r1,year_end_compstat,2025-01-01,2025-12-31,1,3c3b151aad3d007f2279cf5735d63f591623eff526770c425b726af0d950cfb2,17,district,district_16,District 16,shooting_incidents,Shooting Incidents,last_7_days,count,2025,,,1,1,,wilmington-compstat-v1,validated
year-end-compstat-2025-r1,year_end_compstat,2025-01-01,2025-12-31,1,3c3b151aad3d007f2279cf5735d63f591623eff526770c425b726af0d950cfb2,17,district,district_16,District 16,shooting_incidents,Shooting Incidents,last_7_days,count,2024,,,0,0,,wilmington-compstat-v1,validated
year-end-compstat-2025-r1,year_end_compstat,2025-01-01,2025-12-31,1,3c3b151aad3d007f2279cf5735d63f591623eff526770c425b726af0d950cfb2,17,district,district_16,District 16,shooting_incidents,Shooting Incidents,last_7_days,percent_change,2025,2024,1,,*,undefined_zero_denominator,wilmington-compstat-v1,validated
year-end-compstat-2025-r1,year_end_compstat,2025-01-01,2025-12-31,1,3c3b151aad3d007f2279cf5735d63f591623eff526770c425b726af0d950cfb2,17,district,district_16,District 16,shooting_incidents,Shooting Incidents,last_28_days,count,2025,,,1,1,,wilmington-compstat-v1,validated
year-end-compstat-2025-r1,year_end_compstat,2025-01-01,2025-12-31,1,3c3b151aad3d007f2279cf5735d63f591623eff526770c425b726af0d950cfb2,17,district,district_16,District 16,shooting_incidents,Shooting Incidents,last_28_days,count,2024,,,2,2,,wilmington-compstat-v1,validated
year-end-compstat-2025-r1,year_end_compstat,2025-01-01,2025-12-31,1,3c3b151aad3d007f2279cf5735d63f591623eff526770c425b726af0d950cfb2,17,district,district_16,District 16,shooting_incidents,Shooting Incidents,last_28_days,percent_change,2025,2024,1,-50.0,-50%,,wilmington-compstat-v1,validated
year-end-compstat-2025-r1,year_end_compstat,2025-01-01,2025-12-31,1,3c3b151aad3d007f2279cf5735d63f591623eff526770c425b726af0d950cfb2,17,district,district_16,District 16,shooting_incidents,Shooting Incidents,year_to_date,count,2025,,,12,12,,wilmington-compstat-v1,validated
year-end-compstat-2025-r1,year_end_compstat,2025-01-01,2025-12-31,1,3c3b151aad3d007f2279cf5735d63f591623eff526770c425b726af0d950cfb2,17,district,district_16,District 16,shooting_incidents,Shooting Incidents,year_to_date,count,2024,,,20,20,,wilmington-compstat-v1,validated
year-end-compstat-2025-r1,year_end_compstat,2025-01-01,2025-12-31,1,3c3b151aad3d007f2279cf5735d63f591623eff526770c425b726af0d950cfb2,17,district,district_16,District 16,shooting_incidents,Shooting Incidents,year_to_date,percent_change,2025,2024,1,-40.0,-40%,,wilmington-compstat-v1,validated
year-end-compstat-2025-r1,year_end_compstat,2025-01-01,2025-12-31,1,3c3b151aad3d007f2279cf5735d63f591623eff526770c425b726af0d950cfb2,17,district,district_16,District 16,shooting_incidents,Shooting Incidents,year_to_date,percent_change,2025,2023,2,-25.0,-25%,,wilmington-compstat-v1,validated
year-end-compstat-2025-r1,year_end_compstat,2025-01-01,2025-12-31,1,3c3b151aad3d007f2279cf5735d63f591623eff526770c425b726af0d950cfb2,17,district,district_16,District 16,shooting_incidents,Shooting Incidents,year_to_date,percent_change,2025,2022,3,-25.0,-25%,,wilmington-compstat-v1,validated
year-end-compstat-2025-r1,year_end_compstat,2025-01-01,2025-12-31,1,3c3b151aad3d007f2279cf5735d63f591623eff526770c425b726af0d950cfb2,17,district,district_16,District 16,shooting_incidents,Shooting Incidents,year_to_date,percent_change,2025,2021,4,-48.0,-48%,,wilmington-compstat-v1,validated
year-end-compstat-2025-r1,year_end_compstat,2025-01-01,2025-12-31,1,3c3b151aad3d007f2279cf5735d63f591623eff526770c425b726af0d950cfb2,17,district,district_16,District 16,shooting_incidents,Shooting Incidents,year_to_date,percent_change,2025,2020,5,-48.0,-48%,,wilmington-compstat-v1,validated
year-end-compstat-2025-r1,year_end_compstat,2025-01-01,2025-12-31,1,3c3b151aad3d007f2279cf5735d63f591623eff526770c425b726af0d950cfb2,17,district,district_16,District 16,shooting_incidents,Shooting Incidents,year_to_date,percent_change,2025,2019,6,-20.0,-20%,,wilmington-compstat-v1,validated
year-end-compstat-2025-r1,year_end_compstat,2025-01-01,2025-12-31,1,3c3b151aad3d007f2279cf5735d63f591623eff526770c425b726af0d950cfb2,17,district,district_16,District 16,shooting_victims,Shooting Victims,last_7_days,count,2025,,,1,1,,wilmington-compstat-v1,validated
year-end-compstat-2025-r1,year_end_compstat,2025-01-01,2025-12-31,1,3c3b151aad3d007f2279cf5735d63f591623eff526770c425b726af0d950cfb2,17,district,district_16,District 16,shooting_victims,Shooting Victims,last_7_days,count,2024,,,0,0,,wilmington-compstat-v1,validated
year-end-compstat-2025-r1,year_end_compstat,2025-01-01,2025-12-31,1,3c3b151aad3d007f2279cf5735d63f591623eff526770c425b726af0d950cfb2,17,district,district_16,District 16,shooting_victims,Shooting Victims,last_7_days,percent_change,2025,2024,1,,*,undefined_zero_denominator,wilmington-compstat-v1,validated
year-end-compstat-2025-r1,year_end_compstat,2025-01-01,2025-12-31,1,3c3b151aad3d007f2279cf5735d63f591623eff526770c425b726af0d950cfb2,17,district,district_16,District 16,shooting_victims,Shooting Victims,last_28_days,count,2025,,,1,1,,wilmington-compstat-v1,validated
year-end-compstat-2025-r1,year_end_compstat,2025-01-01,2025-12-31,1,3c3b151aad3d007f2279cf5735d63f591623eff526770c425b726af0d950cfb2,17,district,district_16,District 16,shooting_victims,Shooting Victims,last_28_days,count,2024,,,2,2,,wilmington-compstat-v1,validated
year-end-compstat-2025-r1,year_end_compstat,2025-01-01,2025-12-31,1,3c3b151aad3d007f2279cf5735d63f591623eff526770c425b726af0d950cfb2,17,district,district_16,District 16,shooting_victims,Shooting Victims,last_28_days,percent_change,2025,2024,1,-50.0,-50%,,wilmington-compstat-v1,validated
year-end-compstat-2025-r1,year_end_compstat,2025-01-01,2025-12-31,1,3c3b151aad3d007f2279cf5735d63f591623eff526770c425b726af0d950cfb2,17,district,district_16,District 16,shooting_victims,Shooting Victims,year_to_date,count,2025,,,15,15,,wilmington-compstat-v1,validated
year-end-compstat-2025-r1,year_end_compstat,2025-01-01,2025-12-31,1,3c3b151aad3d007f2279cf5735d63f591623eff526770c425b726af0d950cfb2,17,district,district_16,District 16,shooting_victims,Shooting Victims,year_to_date,count,2024,,,22,22,,wilmington-compstat-v1,validated
year-end-compstat-2025-r1,year_end_compstat,2025-01-01,2025-12-31,1,3c3b151aad3d007f2279cf5735d63f591623eff526770c425b726af0d950cfb2,17,district,district_16,District 16,shooting_victims,Shooting Victims,year_to_date,percent_change,2025,2024,1,-32.0,-32%,,wilmington-compstat-v1,validated
year-end-compstat-2025-r1,year_end_compstat,2025-01-01,2025-12-31,1,3c3b151aad3d007f2279cf5735d63f591623eff526770c425b726af0d950cfb2,17,district,district_16,District 16,shooting_victims,Shooting Victims,year_to_date,percent_change,2025,2023,2,-12.0,-12%,,wilmington-compstat-v1,validated
year-end-compstat-2025-r1,year_end_compstat,2025-01-01,2025-12-31,1,3c3b151aad3d007f2279cf5735d63f591623eff526770c425b726af0d950cfb2,17,district,district_16,District 16,shooting_victims,Shooting Victims,year_to_date,percent_change,2025,2022,3,-21.0,-21%,,wilmington-compstat-v1,validated
year-end-compstat-2025-r1,year_end_compstat,2025-01-01,2025-12-31,1,3c3b151aad3d007f2279cf5735d63f591623eff526770c425b726af0d950cfb2,17,district,district_16,District 16,shooting_victims,Shooting Victims,year_to_date,percent_change,2025,2021,4,-52.0,-52%,,wilmington-compstat-v1,validated
year-end-compstat-2025-r1,year_end_compstat,2025-01-01,2025-12-31,1,3c3b151aad3d007f2279cf5735d63f591623eff526770c425b726af0d950cfb2,17,district,district_16,District 16,shooting_victims,Shooting Victims,year_to_date,percent_change,2025,2020,5,-42.0,-42%,,wilmington-compstat-v1,validated
year-end-compstat-2025-r1,year_end_compstat,2025-01-01,2025-12-31,1,3c3b151aad3d007f2279cf5735d63f591623eff526770c425b726af0d950cfb2,17,district,district_16,District 16,shooting_victims,Shooting Victims,year_to_date,percent_change,2025,2019,6,-17.0,-17%,,wilmington-compstat-v1,validated
year-end-compstat-2025-r1,year_end_compstat,2025-01-01,2025-12-31,1,3c3b151aad3d007f2279cf5735d63f591623eff526770c425b726af0d950cfb2,17,district,district_16,District 16,juvenile_shooting_incidents,*Juv Shooting Incidents,last_7_days,count,2025,,,0,0,,wilmington-compstat-v1,validated
year-end-compstat-2025-r1,year_end_compstat,2025-01-01,2025-12-31,1,3c3b151aad3d007f2279cf5735d63f591623eff526770c425b726af0d950cfb2,17,district,district_16,District 16,juvenile_shooting_incidents,*Juv Shooting Incidents,last_7_days,count,2024,,,0,0,,wilmington-compstat-v1,validated
year-end-compstat-2025-r1,year_end_compstat,2025-01-01,2025-12-31,1,3c3b151aad3d007f2279cf5735d63f591623eff526770c425b726af0d950cfb2,17,district,district_16,District 16,juvenile_shooting_incidents,*Juv Shooting Incidents,last_7_days,percent_change,2025,2024,1,,*,undefined_zero_denominator,wilmington-compstat-v1,validated
year-end-compstat-2025-r1,year_end_compstat,2025-01-01,2025-12-31,1,3c3b151aad3d007f2279cf5735d63f591623eff526770c425b726af0d950cfb2,17,district,district_16,District 16,juvenile_shooting_incidents,*Juv Shooting Incidents,last_28_days,count,2025,,,0,0,,wilmington-compstat-v1,validated
year-end-compstat-2025-r1,year_end_compstat,2025-01-01,2025-12-31,1,3c3b151aad3d007f2279cf5735d63f591623eff526770c425b726af0d950cfb2,17,district,district_16,District 16,juvenile_shooting_incidents,*Juv Shooting Incidents,last_28_days,count,2024,,,0,0,,wilmington-compstat-v1,validated
year-end-compstat-2025-r1,year_end_compstat,2025-01-01,2025-12-31,1,3c3b151aad3d007f2279cf5735d63f591623eff526770c425b726af0d950cfb2,17,district,district_16,District 16,juvenile_shooting_incidents,*Juv Shooting Incidents,last_28_days,percent_change,2025,2024,1,,*,undefined_zero_denominator,wilmington-compstat-v1,validated
year-end-compstat-2025-r1,year_end_compstat,2025-01-01,2025-12-31,1,3c3b151aad3d007f2279cf5735d63f591623eff526770c425b726af0d950cfb2,17,district,district_16,District 16,juvenile_shooting_incidents,*Juv Shooting Incidents,year_to_date,count,2025,,,1,1,,wilmington-compstat-v1,validated
year-end-compstat-2025-r1,year_end_compstat,2025-01-01,2025-12-31,1,3c3b151aad3d007f2279cf5735d63f591623eff526770c425b726af0d950cfb2,17,district,district_16,District 16,juvenile_shooting_incidents,*Juv Shooting Incidents,year_to_date,count,2024,,,2,2,,wilmington-compstat-v1,validated
year-end-compstat-2025-r1,year_end_compstat,2025-01-01,2025-12-31,1,3c3b151aad3d007f2279cf5735d63f591623eff526770c425b726af0d950cfb2,17,district,district_16,District 16,juvenile_shooting_incidents,*Juv Shooting Incidents,year_to_date,percent_change,2025,2024,1,-50.0,-50%,,wilmington-compstat-v1,validated
year-end-compstat-2025-r1,year_end_compstat,2025-01-01,2025-12-31,1,3c3b151aad3d007f2279cf5735d63f591623eff526770c425b726af0d950cfb2,17,district,district_16,District 16,juvenile_shooting_incidents,*Juv Shooting Incidents,year_to_date,percent_change,2025,2023,2,-67.0,-67%,,wilmington-compstat-v1,validated
year-end-compstat-2025-r1,year_end_compstat,2025-01-01,2025-12-31,1,3c3b151aad3d007f2279cf5735d63f591623eff526770c425b726af0d950cfb2,17,district,district_16,District 16,juvenile_shooting_incidents,*Juv Shooting Incidents,year_to_date,percent_change,2025,2022,3,-50.0,-50%,,wilmington-compstat-v1,validated
year-end-compstat-2025-r1,year_end_compstat,2025-01-01,2025-12-31,1,3c3b151aad3d007f2279cf5735d63f591623eff526770c425b726af0d950cfb2,17,district,district_16,District 16,juvenile_shooting_incidents,*Juv Shooting Incidents,year_to_date,percent_change,2025,2021,4,-75.0,-75%,,wilmington-compstat-v1,validated
year-end-compstat-2025-r1,year_end_compstat,2025-01-01,2025-12-31,1,3c3b151aad3d007f2279cf5735d63f591623eff526770c425b726af0d950cfb2,17,district,district_16,District 16,juvenile_shooting_incidents,*Juv Shooting Incidents,year_to_date,percent_change,2025,2020,5,-80.0,-80%,,wilmington-compstat-v1,validated
year-end-compstat-2025-r1,year_end_compstat,2025-01-01,2025-12-31,1,3c3b151aad3d007f2279cf5735d63f591623eff526770c425b726af0d950cfb2,17,district,district_16,District 16,juvenile_shooting_incidents,*Juv Shooting Incidents,year_to_date,percent_change,2025,2019,6,0.0,0%,,wilmington-compstat-v1,validated
year-end-compstat-2025-r1,year_end_compstat,2025-01-01,2025-12-31,1,3c3b151aad3d007f2279cf5735d63f591623eff526770c425b726af0d950cfb2,17,district,district_16,District 16,juvenile_shooting_victims,*Juv Shooting Victims,last_7_days,count,2025,,,0,0,,wilmington-compstat-v1,validated
year-end-compstat-2025-r1,year_end_compstat,2025-01-01,2025-12-31,1,3c3b151aad3d007f2279cf5735d63f591623eff526770c425b726af0d950cfb2,17,district,district_16,District 16,juvenile_shooting_victims,*Juv Shooting Victims,last_7_days,count,2024,,,0,0,,wilmington-compstat-v1,validated
year-end-compstat-2025-r1,year_end_compstat,2025-01-01,2025-12-31,1,3c3b151aad3d007f2279cf5735d63f591623eff526770c425b726af0d950cfb2,17,district,district_16,District 16,juvenile_shooting_victims,*Juv Shooting Victims,last_7_days,percent_change,2025,2024,1,,*,undefined_zero_denominator,wilmington-compstat-v1,validated
year-end-compstat-2025-r1,year_end_compstat,2025-01-01,2025-12-31,1,3c3b151aad3d007f2279cf5735d63f591623eff526770c425b726af0d950cfb2,17,district,district_16,District 16,juvenile_shooting_victims,*Juv Shooting Victims,last_28_days,count,2025,,,0,0,,wilmington-compstat-v1,validated
year-end-compstat-2025-r1,year_end_compstat,2025-01-01,2025-12-31,1,3c3b151aad3d007f2279cf5735d63f591623eff526770c425b726af0d950cfb2,17,district,district_16,District 16,juvenile_shooting_victims,*Juv Shooting Victims,last_28_days,count,2024,,,0,0,,wilmington-compstat-v1,validated
year-end-compstat-2025-r1,year_end_compstat,2025-01-01,2025-12-31,1,3c3b151aad3d007f2279cf5735d63f591623eff526770c425b726af0d950cfb2,17,district,district_16,District 16,juvenile_shooting_victims,*Juv Shooting Victims,last_28_days,percent_change,2025,2024,1,,*,undefined_zero_denominator,wilmington-compstat-v1,validated
year-end-compstat-2025-r1,year_end_compstat,2025-01-01,2025-12-31,1,3c3b151aad3d007f2279cf5735d63f591623eff526770c425b726af0d950cfb2,17,district,district_16,District 16,juvenile_shooting_victims,*Juv Shooting Victims,year_to_date,count,2025,,,1,1,,wilmington-compstat-v1,validated
year-end-compstat-2025-r1,year_end_compstat,2025-01-01,2025-12-31,1,3c3b151aad3d007f2279cf5735d63f591623eff526770c425b726af0d950cfb2,17,district,district_16,District 16,juvenile_shooting_victims,*Juv Shooting Victims,year_to_date,count,2024,,,2,2,,wilmington-compstat-v1,validated
year-end-compstat-2025-r1,year_end_compstat,2025-01-01,2025-12-31,1,3c3b151aad3d007f2279cf5735d63f591623eff526770c425b726af0d950cfb2,17,district,district_16,District 16,juvenile_shooting_victims,*Juv Shooting Victims,year_to_date,percent_change,2025,2024,1,-50.0,-50%,,wilmington-compstat-v1,validated
year-end-compstat-2025-r1,year_end_compstat,2025-01-01,2025-12-31,1,3c3b151aad3d007f2279cf5735d63f591623eff526770c425b726af0d950cfb2,17,district,district_16,District 16,juvenile_shooting_victims,*Juv Shooting Victims,year_to_date,percent_change,2025,2023,2,-67.0,-67%,,wilmington-compstat-v1,validated
year-end-compstat-2025-r1,year_end_compstat,2025-01-01,2025-12-31,1,3c3b151aad3d007f2279cf5735d63f591623eff526770c425b726af0d950cfb2,17,district,district_16,District 16,juvenile_shooting_victims,*Juv Shooting Victims,year_to_date,percent_change,2025,2022,3,-50.0,-50%,,wilmington-compstat-v1,validated
year-end-compstat-2025-r1,year_end_compstat,2025-01-01,2025-12-31,1,3c3b151aad3d007f2279cf5735d63f591623eff526770c425b726af0d950cfb2,17,district,district_16,District 16,juvenile_shooting_victims,*Juv Shooting Victims,year_to_date,percent_change,2025,2021,4,-83.0,-83%,,wilmington-compstat-v1,validated
year-end-compstat-2025-r1,year_end_compstat,2025-01-01,2025-12-31,1,3c3b151aad3d007f2279cf5735d63f591623eff526770c425b726af0d950cfb2,17,district,district_16,District 16,juvenile_shooting_victims,*Juv Shooting Victims,year_to_date,percent_change,2025,2020,5,-80.0,-80%,,wilmington-compstat-v1,validated
year-end-compstat-2025-r1,year_end_compstat,2025-01-01,2025-12-31,1,3c3b151aad3d007f2279cf5735d63f591623eff526770c425b726af0d950cfb2,17,district,district_16,District 16,juvenile_shooting_victims,*Juv Shooting Victims,year_to_date,percent_change,2025,2019,6,0.0,0%,,wilmington-compstat-v1,validated
year-end-compstat-2025-r1,year_end_compstat,2025-01-01,2025-12-31,1,3c3b151aad3d007f2279cf5735d63f591623eff526770c425b726af0d950cfb2,17,district,district_16,District 16,misdemeanor_theft,Theft (Misdemeanor),last_7_days,count,2025,,,2,2,,wilmington-compstat-v1,validated
year-end-compstat-2025-r1,year_end_compstat,2025-01-01,2025-12-31,1,3c3b151aad3d007f2279cf5735d63f591623eff526770c425b726af0d950cfb2,17,district,district_16,District 16,misdemeanor_theft,Theft (Misdemeanor),last_7_days,count,2024,,,3,3,,wilmington-compstat-v1,validated
year-end-compstat-2025-r1,year_end_compstat,2025-01-01,2025-12-31,1,3c3b151aad3d007f2279cf5735d63f591623eff526770c425b726af0d950cfb2,17,district,district_16,District 16,misdemeanor_theft,Theft (Misdemeanor),last_7_days,percent_change,2025,2024,1,-33.0,-33%,,wilmington-compstat-v1,validated
year-end-compstat-2025-r1,year_end_compstat,2025-01-01,2025-12-31,1,3c3b151aad3d007f2279cf5735d63f591623eff526770c425b726af0d950cfb2,17,district,district_16,District 16,misdemeanor_theft,Theft (Misdemeanor),last_28_days,count,2025,,,11,11,,wilmington-compstat-v1,validated
year-end-compstat-2025-r1,year_end_compstat,2025-01-01,2025-12-31,1,3c3b151aad3d007f2279cf5735d63f591623eff526770c425b726af0d950cfb2,17,district,district_16,District 16,misdemeanor_theft,Theft (Misdemeanor),last_28_days,count,2024,,,12,12,,wilmington-compstat-v1,validated
year-end-compstat-2025-r1,year_end_compstat,2025-01-01,2025-12-31,1,3c3b151aad3d007f2279cf5735d63f591623eff526770c425b726af0d950cfb2,17,district,district_16,District 16,misdemeanor_theft,Theft (Misdemeanor),last_28_days,percent_change,2025,2024,1,-8.0,-8%,,wilmington-compstat-v1,validated
year-end-compstat-2025-r1,year_end_compstat,2025-01-01,2025-12-31,1,3c3b151aad3d007f2279cf5735d63f591623eff526770c425b726af0d950cfb2,17,district,district_16,District 16,misdemeanor_theft,Theft (Misdemeanor),year_to_date,count,2025,,,193,193,,wilmington-compstat-v1,validated
year-end-compstat-2025-r1,year_end_compstat,2025-01-01,2025-12-31,1,3c3b151aad3d007f2279cf5735d63f591623eff526770c425b726af0d950cfb2,17,district,district_16,District 16,misdemeanor_theft,Theft (Misdemeanor),year_to_date,count,2024,,,223,223,,wilmington-compstat-v1,validated
year-end-compstat-2025-r1,year_end_compstat,2025-01-01,2025-12-31,1,3c3b151aad3d007f2279cf5735d63f591623eff526770c425b726af0d950cfb2,17,district,district_16,District 16,misdemeanor_theft,Theft (Misdemeanor),year_to_date,percent_change,2025,2024,1,-13.0,-13%,,wilmington-compstat-v1,validated
year-end-compstat-2025-r1,year_end_compstat,2025-01-01,2025-12-31,1,3c3b151aad3d007f2279cf5735d63f591623eff526770c425b726af0d950cfb2,17,district,district_16,District 16,misdemeanor_theft,Theft (Misdemeanor),year_to_date,percent_change,2025,2023,2,-11.0,-11%,,wilmington-compstat-v1,validated
year-end-compstat-2025-r1,year_end_compstat,2025-01-01,2025-12-31,1,3c3b151aad3d007f2279cf5735d63f591623eff526770c425b726af0d950cfb2,17,district,district_16,District 16,misdemeanor_theft,Theft (Misdemeanor),year_to_date,percent_change,2025,2022,3,-19.0,-19%,,wilmington-compstat-v1,validated
year-end-compstat-2025-r1,year_end_compstat,2025-01-01,2025-12-31,1,3c3b151aad3d007f2279cf5735d63f591623eff526770c425b726af0d950cfb2,17,district,district_16,District 16,misdemeanor_theft,Theft (Misdemeanor),year_to_date,percent_change,2025,2021,4,-23.0,-23%,,wilmington-compstat-v1,validated
year-end-compstat-2025-r1,year_end_compstat,2025-01-01,2025-12-31,1,3c3b151aad3d007f2279cf5735d63f591623eff526770c425b726af0d950cfb2,17,district,district_16,District 16,misdemeanor_theft,Theft (Misdemeanor),year_to_date,percent_change,2025,2020,5,-20.0,-20%,,wilmington-compstat-v1,validated
year-end-compstat-2025-r1,year_end_compstat,2025-01-01,2025-12-31,1,3c3b151aad3d007f2279cf5735d63f591623eff526770c425b726af0d950cfb2,17,district,district_16,District 16,misdemeanor_theft,Theft (Misdemeanor),year_to_date,percent_change,2025,2019,6,-45.0,-45%,,wilmington-compstat-v1,validated
year-end-compstat-2025-r1,year_end_compstat,2025-01-01,2025-12-31,1,3c3b151aad3d007f2279cf5735d63f591623eff526770c425b726af0d950cfb2,19,sector,sector_3,Sector 3,murder,Murder,last_7_days,count,2025,,,0,0,,wilmington-compstat-v1,validated
year-end-compstat-2025-r1,year_end_compstat,2025-01-01,2025-12-31,1,3c3b151aad3d007f2279cf5735d63f591623eff526770c425b726af0d950cfb2,19,sector,sector_3,Sector 3,murder,Murder,last_7_days,count,2024,,,0,0,,wilmington-compstat-v1,validated
year-end-compstat-2025-r1,year_end_compstat,2025-01-01,2025-12-31,1,3c3b151aad3d007f2279cf5735d63f591623eff526770c425b726af0d950cfb2,19,sector,sector_3,Sector 3,murder,Murder,last_7_days,percent_change,2025,2024,1,,*,undefined_zero_denominator,wilmington-compstat-v1,validated
year-end-compstat-2025-r1,year_end_compstat,2025-01-01,2025-12-31,1,3c3b151aad3d007f2279cf5735d63f591623eff526770c425b726af0d950cfb2,19,sector,sector_3,Sector 3,murder,Murder,last_28_days,count,2025,,,1,1,,wilmington-compstat-v1,validated
year-end-compstat-2025-r1,year_end_compstat,2025-01-01,2025-12-31,1,3c3b151aad3d007f2279cf5735d63f591623eff526770c425b726af0d950cfb2,19,sector,sector_3,Sector 3,murder,Murder,last_28_days,count,2024,,,0,0,,wilmington-compstat-v1,validated
year-end-compstat-2025-r1,year_end_compstat,2025-01-01,2025-12-31,1,3c3b151aad3d007f2279cf5735d63f591623eff526770c425b726af0d950cfb2,19,sector,sector_3,Sector 3,murder,Murder,last_28_days,percent_change,2025,2024,1,,*,undefined_zero_denominator,wilmington-compstat-v1,validated
year-end-compstat-2025-r1,year_end_compstat,2025-01-01,2025-12-31,1,3c3b151aad3d007f2279cf5735d63f591623eff526770c425b726af0d950cfb2,19,sector,sector_3,Sector 3,murder,Murder,year_to_date,count,2025,,,5,5,,wilmington-compstat-v1,validated
year-end-compstat-2025-r1,year_end_compstat,2025-01-01,2025-12-31,1,3c3b151aad3d007f2279cf5735d63f591623eff526770c425b726af0d950cfb2,19,sector,sector_3,Sector 3,murder,Murder,year_to_date,count,2024,,,6,6,,wilmington-compstat-v1,validated
year-end-compstat-2025-r1,year_end_compstat,2025-01-01,2025-12-31,1,3c3b151aad3d007f2279cf5735d63f591623eff526770c425b726af0d950cfb2,19,sector,sector_3,Sector 3,murder,Murder,year_to_date,percent_change,2025,2024,1,-17.0,-17%,,wilmington-compstat-v1,validated
year-end-compstat-2025-r1,year_end_compstat,2025-01-01,2025-12-31,1,3c3b151aad3d007f2279cf5735d63f591623eff526770c425b726af0d950cfb2,19,sector,sector_3,Sector 3,murder,Murder,year_to_date,percent_change,2025,2023,2,67.0,67%,,wilmington-compstat-v1,validated
year-end-compstat-2025-r1,year_end_compstat,2025-01-01,2025-12-31,1,3c3b151aad3d007f2279cf5735d63f591623eff526770c425b726af0d950cfb2,19,sector,sector_3,Sector 3,murder,Murder,year_to_date,percent_change,2025,2022,3,-17.0,-17%,,wilmington-compstat-v1,validated
year-end-compstat-2025-r1,year_end_compstat,2025-01-01,2025-12-31,1,3c3b151aad3d007f2279cf5735d63f591623eff526770c425b726af0d950cfb2,19,sector,sector_3,Sector 3,murder,Murder,year_to_date,percent_change,2025,2021,4,-50.0,-50%,,wilmington-compstat-v1,validated
year-end-compstat-2025-r1,year_end_compstat,2025-01-01,2025-12-31,1,3c3b151aad3d007f2279cf5735d63f591623eff526770c425b726af0d950cfb2,19,sector,sector_3,Sector 3,murder,Murder,year_to_date,percent_change,2025,2020,5,-44.0,-44%,,wilmington-compstat-v1,validated
year-end-compstat-2025-r1,year_end_compstat,2025-01-01,2025-12-31,1,3c3b151aad3d007f2279cf5735d63f591623eff526770c425b726af0d950cfb2,19,sector,sector_3,Sector 3,murder,Murder,year_to_date,percent_change,2025,2019,6,-29.0,-29%,,wilmington-compstat-v1,validated
year-end-compstat-2025-r1,year_end_compstat,2025-01-01,2025-12-31,1,3c3b151aad3d007f2279cf5735d63f591623eff526770c425b726af0d950cfb2,19,sector,sector_3,Sector 3,rape,Rape,last_7_days,count,2025,,,0,0,,wilmington-compstat-v1,validated
year-end-compstat-2025-r1,year_end_compstat,2025-01-01,2025-12-31,1,3c3b151aad3d007f2279cf5735d63f591623eff526770c425b726af0d950cfb2,19,sector,sector_3,Sector 3,rape,Rape,last_7_days,count,2024,,,0,0,,wilmington-compstat-v1,validated
year-end-compstat-2025-r1,year_end_compstat,2025-01-01,2025-12-31,1,3c3b151aad3d007f2279cf5735d63f591623eff526770c425b726af0d950cfb2,19,sector,sector_3,Sector 3,rape,Rape,last_7_days,percent_change,2025,2024,1,,*,undefined_zero_denominator,wilmington-compstat-v1,validated
year-end-compstat-2025-r1,year_end_compstat,2025-01-01,2025-12-31,1,3c3b151aad3d007f2279cf5735d63f591623eff526770c425b726af0d950cfb2,19,sector,sector_3,Sector 3,rape,Rape,last_28_days,count,2025,,,0,0,,wilmington-compstat-v1,validated
year-end-compstat-2025-r1,year_end_compstat,2025-01-01,2025-12-31,1,3c3b151aad3d007f2279cf5735d63f591623eff526770c425b726af0d950cfb2,19,sector,sector_3,Sector 3,rape,Rape,last_28_days,count,2024,,,0,0,,wilmington-compstat-v1,validated
year-end-compstat-2025-r1,year_end_compstat,2025-01-01,2025-12-31,1,3c3b151aad3d007f2279cf5735d63f591623eff526770c425b726af0d950cfb2,19,sector,sector_3,Sector 3,rape,Rape,last_28_days,percent_change,2025,2024,1,,*,undefined_zero_denominator,wilmington-compstat-v1,validated
year-end-compstat-2025-r1,year_end_compstat,2025-01-01,2025-12-31,1,3c3b151aad3d007f2279cf5735d63f591623eff526770c425b726af0d950cfb2,19,sector,sector_3,Sector 3,rape,Rape,year_to_date,count,2025,,,0,0,,wilmington-compstat-v1,validated
year-end-compstat-2025-r1,year_end_compstat,2025-01-01,2025-12-31,1,3c3b151aad3d007f2279cf5735d63f591623eff526770c425b726af0d950cfb2,19,sector,sector_3,Sector 3,rape,Rape,year_to_date,count,2024,,,1,1,,wilmington-compstat-v1,validated
year-end-compstat-2025-r1,year_end_compstat,2025-01-01,2025-12-31,1,3c3b151aad3d007f2279cf5735d63f591623eff526770c425b726af0d950cfb2,19,sector,sector_3,Sector 3,rape,Rape,year_to_date,percent_change,2025,2024,1,-100.0,-100%,,wilmington-compstat-v1,validated
year-end-compstat-2025-r1,year_end_compstat,2025-01-01,2025-12-31,1,3c3b151aad3d007f2279cf5735d63f591623eff526770c425b726af0d950cfb2,19,sector,sector_3,Sector 3,rape,Rape,year_to_date,percent_change,2025,2023,2,-100.0,-100%,,wilmington-compstat-v1,validated
year-end-compstat-2025-r1,year_end_compstat,2025-01-01,2025-12-31,1,3c3b151aad3d007f2279cf5735d63f591623eff526770c425b726af0d950cfb2,19,sector,sector_3,Sector 3,rape,Rape,year_to_date,percent_change,2025,2022,3,-100.0,-100%,,wilmington-compstat-v1,validated
year-end-compstat-2025-r1,year_end_compstat,2025-01-01,2025-12-31,1,3c3b151aad3d007f2279cf5735d63f591623eff526770c425b726af0d950cfb2,19,sector,sector_3,Sector 3,rape,Rape,year_to_date,percent_change,2025,2021,4,-100.0,-100%,,wilmington-compstat-v1,validated
year-end-compstat-2025-r1,year_end_compstat,2025-01-01,2025-12-31,1,3c3b151aad3d007f2279cf5735d63f591623eff526770c425b726af0d950cfb2,19,sector,sector_3,Sector 3,rape,Rape,year_to_date,percent_change,2025,2020,5,-100.0,-100%,,wilmington-compstat-v1,validated
year-end-compstat-2025-r1,year_end_compstat,2025-01-01,2025-12-31,1,3c3b151aad3d007f2279cf5735d63f591623eff526770c425b726af0d950cfb2,19,sector,sector_3,Sector 3,rape,Rape,year_to_date,percent_change,2025,2019,6,-100.0,-100%,,wilmington-compstat-v1,validated
year-end-compstat-2025-r1,year_end_compstat,2025-01-01,2025-12-31,1,3c3b151aad3d007f2279cf5735d63f591623eff526770c425b726af0d950cfb2,19,sector,sector_3,Sector 3,robbery,Robbery,last_7_days,count,2025,,,2,2,,wilmington-compstat-v1,validated
year-end-compstat-2025-r1,year_end_compstat,2025-01-01,2025-12-31,1,3c3b151aad3d007f2279cf5735d63f591623eff526770c425b726af0d950cfb2,19,sector,sector_3,Sector 3,robbery,Robbery,last_7_days,count,2024,,,2,2,,wilmington-compstat-v1,validated
year-end-compstat-2025-r1,year_end_compstat,2025-01-01,2025-12-31,1,3c3b151aad3d007f2279cf5735d63f591623eff526770c425b726af0d950cfb2,19,sector,sector_3,Sector 3,robbery,Robbery,last_7_days,percent_change,2025,2024,1,0.0,0%,,wilmington-compstat-v1,validated
year-end-compstat-2025-r1,year_end_compstat,2025-01-01,2025-12-31,1,3c3b151aad3d007f2279cf5735d63f591623eff526770c425b726af0d950cfb2,19,sector,sector_3,Sector 3,robbery,Robbery,last_28_days,count,2025,,,6,6,,wilmington-compstat-v1,validated
year-end-compstat-2025-r1,year_end_compstat,2025-01-01,2025-12-31,1,3c3b151aad3d007f2279cf5735d63f591623eff526770c425b726af0d950cfb2,19,sector,sector_3,Sector 3,robbery,Robbery,last_28_days,count,2024,,,6,6,,wilmington-compstat-v1,validated
year-end-compstat-2025-r1,year_end_compstat,2025-01-01,2025-12-31,1,3c3b151aad3d007f2279cf5735d63f591623eff526770c425b726af0d950cfb2,19,sector,sector_3,Sector 3,robbery,Robbery,last_28_days,percent_change,2025,2024,1,0.0,0%,,wilmington-compstat-v1,validated
year-end-compstat-2025-r1,year_end_compstat,2025-01-01,2025-12-31,1,3c3b151aad3d007f2279cf5735d63f591623eff526770c425b726af0d950cfb2,19,sector,sector_3,Sector 3,robbery,Robbery,year_to_date,count,2025,,,63,63,,wilmington-compstat-v1,validated
year-end-compstat-2025-r1,year_end_compstat,2025-01-01,2025-12-31,1,3c3b151aad3d007f2279cf5735d63f591623eff526770c425b726af0d950cfb2,19,sector,sector_3,Sector 3,robbery,Robbery,year_to_date,count,2024,,,62,62,,wilmington-compstat-v1,validated
year-end-compstat-2025-r1,year_end_compstat,2025-01-01,2025-12-31,1,3c3b151aad3d007f2279cf5735d63f591623eff526770c425b726af0d950cfb2,19,sector,sector_3,Sector 3,robbery,Robbery,year_to_date,percent_change,2025,2024,1,2.0,2%,,wilmington-compstat-v1,validated
year-end-compstat-2025-r1,year_end_compstat,2025-01-01,2025-12-31,1,3c3b151aad3d007f2279cf5735d63f591623eff526770c425b726af0d950cfb2,19,sector,sector_3,Sector 3,robbery,Robbery,year_to_date,percent_change,2025,2023,2,-23.0,-23%,,wilmington-compstat-v1,validated
year-end-compstat-2025-r1,year_end_compstat,2025-01-01,2025-12-31,1,3c3b151aad3d007f2279cf5735d63f591623eff526770c425b726af0d950cfb2,19,sector,sector_3,Sector 3,robbery,Robbery,year_to_date,percent_change,2025,2022,3,-28.0,-28%,,wilmington-compstat-v1,validated
year-end-compstat-2025-r1,year_end_compstat,2025-01-01,2025-12-31,1,3c3b151aad3d007f2279cf5735d63f591623eff526770c425b726af0d950cfb2,19,sector,sector_3,Sector 3,robbery,Robbery,year_to_date,percent_change,2025,2021,4,-23.0,-23%,,wilmington-compstat-v1,validated
year-end-compstat-2025-r1,year_end_compstat,2025-01-01,2025-12-31,1,3c3b151aad3d007f2279cf5735d63f591623eff526770c425b726af0d950cfb2,19,sector,sector_3,Sector 3,robbery,Robbery,year_to_date,percent_change,2025,2020,5,-36.0,-36%,,wilmington-compstat-v1,validated
year-end-compstat-2025-r1,year_end_compstat,2025-01-01,2025-12-31,1,3c3b151aad3d007f2279cf5735d63f591623eff526770c425b726af0d950cfb2,19,sector,sector_3,Sector 3,robbery,Robbery,year_to_date,percent_change,2025,2019,6,-46.0,-46%,,wilmington-compstat-v1,validated
year-end-compstat-2025-r1,year_end_compstat,2025-01-01,2025-12-31,1,3c3b151aad3d007f2279cf5735d63f591623eff526770c425b726af0d950cfb2,19,sector,sector_3,Sector 3,aggravated_assault,Agg. Assault,last_7_days,count,2025,,,0,0,,wilmington-compstat-v1,validated
year-end-compstat-2025-r1,year_end_compstat,2025-01-01,2025-12-31,1,3c3b151aad3d007f2279cf5735d63f591623eff526770c425b726af0d950cfb2,19,sector,sector_3,Sector 3,aggravated_assault,Agg. Assault,last_7_days,count,2024,,,4,4,,wilmington-compstat-v1,validated
year-end-compstat-2025-r1,year_end_compstat,2025-01-01,2025-12-31,1,3c3b151aad3d007f2279cf5735d63f591623eff526770c425b726af0d950cfb2,19,sector,sector_3,Sector 3,aggravated_assault,Agg. Assault,last_7_days,percent_change,2025,2024,1,-100.0,-100%,,wilmington-compstat-v1,validated
year-end-compstat-2025-r1,year_end_compstat,2025-01-01,2025-12-31,1,3c3b151aad3d007f2279cf5735d63f591623eff526770c425b726af0d950cfb2,19,sector,sector_3,Sector 3,aggravated_assault,Agg. Assault,last_28_days,count,2025,,,5,5,,wilmington-compstat-v1,validated
year-end-compstat-2025-r1,year_end_compstat,2025-01-01,2025-12-31,1,3c3b151aad3d007f2279cf5735d63f591623eff526770c425b726af0d950cfb2,19,sector,sector_3,Sector 3,aggravated_assault,Agg. Assault,last_28_days,count,2024,,,14,14,,wilmington-compstat-v1,validated
year-end-compstat-2025-r1,year_end_compstat,2025-01-01,2025-12-31,1,3c3b151aad3d007f2279cf5735d63f591623eff526770c425b726af0d950cfb2,19,sector,sector_3,Sector 3,aggravated_assault,Agg. Assault,last_28_days,percent_change,2025,2024,1,-64.0,-64%,,wilmington-compstat-v1,validated
year-end-compstat-2025-r1,year_end_compstat,2025-01-01,2025-12-31,1,3c3b151aad3d007f2279cf5735d63f591623eff526770c425b726af0d950cfb2,19,sector,sector_3,Sector 3,aggravated_assault,Agg. Assault,year_to_date,count,2025,,,133,133,,wilmington-compstat-v1,validated
year-end-compstat-2025-r1,year_end_compstat,2025-01-01,2025-12-31,1,3c3b151aad3d007f2279cf5735d63f591623eff526770c425b726af0d950cfb2,19,sector,sector_3,Sector 3,aggravated_assault,Agg. Assault,year_to_date,count,2024,,,129,129,,wilmington-compstat-v1,validated
year-end-compstat-2025-r1,year_end_compstat,2025-01-01,2025-12-31,1,3c3b151aad3d007f2279cf5735d63f591623eff526770c425b726af0d950cfb2,19,sector,sector_3,Sector 3,aggravated_assault,Agg. Assault,year_to_date,percent_change,2025,2024,1,3.0,3%,,wilmington-compstat-v1,validated
year-end-compstat-2025-r1,year_end_compstat,2025-01-01,2025-12-31,1,3c3b151aad3d007f2279cf5735d63f591623eff526770c425b726af0d950cfb2,19,sector,sector_3,Sector 3,aggravated_assault,Agg. Assault,year_to_date,percent_change,2025,2023,2,-11.0,-11%,,wilmington-compstat-v1,validated
year-end-compstat-2025-r1,year_end_compstat,2025-01-01,2025-12-31,1,3c3b151aad3d007f2279cf5735d63f591623eff526770c425b726af0d950cfb2,19,sector,sector_3,Sector 3,aggravated_assault,Agg. Assault,year_to_date,percent_change,2025,2022,3,5.0,5%,,wilmington-compstat-v1,validated
year-end-compstat-2025-r1,year_end_compstat,2025-01-01,2025-12-31,1,3c3b151aad3d007f2279cf5735d63f591623eff526770c425b726af0d950cfb2,19,sector,sector_3,Sector 3,aggravated_assault,Agg. Assault,year_to_date,percent_change,2025,2021,4,-15.0,-15%,,wilmington-compstat-v1,validated
year-end-compstat-2025-r1,year_end_compstat,2025-01-01,2025-12-31,1,3c3b151aad3d007f2279cf5735d63f591623eff526770c425b726af0d950cfb2,19,sector,sector_3,Sector 3,aggravated_assault,Agg. Assault,year_to_date,percent_change,2025,2020,5,0.0,0%,,wilmington-compstat-v1,validated
year-end-compstat-2025-r1,year_end_compstat,2025-01-01,2025-12-31,1,3c3b151aad3d007f2279cf5735d63f591623eff526770c425b726af0d950cfb2,19,sector,sector_3,Sector 3,aggravated_assault,Agg. Assault,year_to_date,percent_change,2025,2019,6,10.0,10%,,wilmington-compstat-v1,validated
year-end-compstat-2025-r1,year_end_compstat,2025-01-01,2025-12-31,1,3c3b151aad3d007f2279cf5735d63f591623eff526770c425b726af0d950cfb2,19,sector,sector_3,Sector 3,burglary,Burglary,last_7_days,count,2025,,,0,0,,wilmington-compstat-v1,validated
year-end-compstat-2025-r1,year_end_compstat,2025-01-01,2025-12-31,1,3c3b151aad3d007f2279cf5735d63f591623eff526770c425b726af0d950cfb2,19,sector,sector_3,Sector 3,burglary,Burglary,last_7_days,count,2024,,,1,1,,wilmington-compstat-v1,validated
year-end-compstat-2025-r1,year_end_compstat,2025-01-01,2025-12-31,1,3c3b151aad3d007f2279cf5735d63f591623eff526770c425b726af0d950cfb2,19,sector,sector_3,Sector 3,burglary,Burglary,last_7_days,percent_change,2025,2024,1,-100.0,-100%,,wilmington-compstat-v1,validated
year-end-compstat-2025-r1,year_end_compstat,2025-01-01,2025-12-31,1,3c3b151aad3d007f2279cf5735d63f591623eff526770c425b726af0d950cfb2,19,sector,sector_3,Sector 3,burglary,Burglary,last_28_days,count,2025,,,7,7,,wilmington-compstat-v1,validated
year-end-compstat-2025-r1,year_end_compstat,2025-01-01,2025-12-31,1,3c3b151aad3d007f2279cf5735d63f591623eff526770c425b726af0d950cfb2,19,sector,sector_3,Sector 3,burglary,Burglary,last_28_days,count,2024,,,10,10,,wilmington-compstat-v1,validated
year-end-compstat-2025-r1,year_end_compstat,2025-01-01,2025-12-31,1,3c3b151aad3d007f2279cf5735d63f591623eff526770c425b726af0d950cfb2,19,sector,sector_3,Sector 3,burglary,Burglary,last_28_days,percent_change,2025,2024,1,-30.0,-30%,,wilmington-compstat-v1,validated
year-end-compstat-2025-r1,year_end_compstat,2025-01-01,2025-12-31,1,3c3b151aad3d007f2279cf5735d63f591623eff526770c425b726af0d950cfb2,19,sector,sector_3,Sector 3,burglary,Burglary,year_to_date,count,2025,,,125,125,,wilmington-compstat-v1,validated
year-end-compstat-2025-r1,year_end_compstat,2025-01-01,2025-12-31,1,3c3b151aad3d007f2279cf5735d63f591623eff526770c425b726af0d950cfb2,19,sector,sector_3,Sector 3,burglary,Burglary,year_to_date,count,2024,,,118,118,,wilmington-compstat-v1,validated
year-end-compstat-2025-r1,year_end_compstat,2025-01-01,2025-12-31,1,3c3b151aad3d007f2279cf5735d63f591623eff526770c425b726af0d950cfb2,19,sector,sector_3,Sector 3,burglary,Burglary,year_to_date,percent_change,2025,2024,1,6.0,6%,,wilmington-compstat-v1,validated
year-end-compstat-2025-r1,year_end_compstat,2025-01-01,2025-12-31,1,3c3b151aad3d007f2279cf5735d63f591623eff526770c425b726af0d950cfb2,19,sector,sector_3,Sector 3,burglary,Burglary,year_to_date,percent_change,2025,2023,2,-16.0,-16%,,wilmington-compstat-v1,validated
year-end-compstat-2025-r1,year_end_compstat,2025-01-01,2025-12-31,1,3c3b151aad3d007f2279cf5735d63f591623eff526770c425b726af0d950cfb2,19,sector,sector_3,Sector 3,burglary,Burglary,year_to_date,percent_change,2025,2022,3,-21.0,-21%,,wilmington-compstat-v1,validated
year-end-compstat-2025-r1,year_end_compstat,2025-01-01,2025-12-31,1,3c3b151aad3d007f2279cf5735d63f591623eff526770c425b726af0d950cfb2,19,sector,sector_3,Sector 3,burglary,Burglary,year_to_date,percent_change,2025,2021,4,-31.0,-31%,,wilmington-compstat-v1,validated
year-end-compstat-2025-r1,year_end_compstat,2025-01-01,2025-12-31,1,3c3b151aad3d007f2279cf5735d63f591623eff526770c425b726af0d950cfb2,19,sector,sector_3,Sector 3,burglary,Burglary,year_to_date,percent_change,2025,2020,5,-42.0,-42%,,wilmington-compstat-v1,validated
year-end-compstat-2025-r1,year_end_compstat,2025-01-01,2025-12-31,1,3c3b151aad3d007f2279cf5735d63f591623eff526770c425b726af0d950cfb2,19,sector,sector_3,Sector 3,burglary,Burglary,year_to_date,percent_change,2025,2019,6,-49.0,-49%,,wilmington-compstat-v1,validated
year-end-compstat-2025-r1,year_end_compstat,2025-01-01,2025-12-31,1,3c3b151aad3d007f2279cf5735d63f591623eff526770c425b726af0d950cfb2,19,sector,sector_3,Sector 3,felony_theft,Felony Theft,last_7_days,count,2025,,,0,0,,wilmington-compstat-v1,validated
year-end-compstat-2025-r1,year_end_compstat,2025-01-01,2025-12-31,1,3c3b151aad3d007f2279cf5735d63f591623eff526770c425b726af0d950cfb2,19,sector,sector_3,Sector 3,felony_theft,Felony Theft,last_7_days,count,2024,,,1,1,,wilmington-compstat-v1,validated
year-end-compstat-2025-r1,year_end_compstat,2025-01-01,2025-12-31,1,3c3b151aad3d007f2279cf5735d63f591623eff526770c425b726af0d950cfb2,19,sector,sector_3,Sector 3,felony_theft,Felony Theft,last_7_days,percent_change,2025,2024,1,-100.0,-100%,,wilmington-compstat-v1,validated
year-end-compstat-2025-r1,year_end_compstat,2025-01-01,2025-12-31,1,3c3b151aad3d007f2279cf5735d63f591623eff526770c425b726af0d950cfb2,19,sector,sector_3,Sector 3,felony_theft,Felony Theft,last_28_days,count,2025,,,2,2,,wilmington-compstat-v1,validated
year-end-compstat-2025-r1,year_end_compstat,2025-01-01,2025-12-31,1,3c3b151aad3d007f2279cf5735d63f591623eff526770c425b726af0d950cfb2,19,sector,sector_3,Sector 3,felony_theft,Felony Theft,last_28_days,count,2024,,,8,8,,wilmington-compstat-v1,validated
year-end-compstat-2025-r1,year_end_compstat,2025-01-01,2025-12-31,1,3c3b151aad3d007f2279cf5735d63f591623eff526770c425b726af0d950cfb2,19,sector,sector_3,Sector 3,felony_theft,Felony Theft,last_28_days,percent_change,2025,2024,1,-75.0,-75%,,wilmington-compstat-v1,validated
year-end-compstat-2025-r1,year_end_compstat,2025-01-01,2025-12-31,1,3c3b151aad3d007f2279cf5735d63f591623eff526770c425b726af0d950cfb2,19,sector,sector_3,Sector 3,felony_theft,Felony Theft,year_to_date,count,2025,,,79,79,,wilmington-compstat-v1,validated
year-end-compstat-2025-r1,year_end_compstat,2025-01-01,2025-12-31,1,3c3b151aad3d007f2279cf5735d63f591623eff526770c425b726af0d950cfb2,19,sector,sector_3,Sector 3,felony_theft,Felony Theft,year_to_date,count,2024,,,96,96,,wilmington-compstat-v1,validated
year-end-compstat-2025-r1,year_end_compstat,2025-01-01,2025-12-31,1,3c3b151aad3d007f2279cf5735d63f591623eff526770c425b726af0d950cfb2,19,sector,sector_3,Sector 3,felony_theft,Felony Theft,year_to_date,percent_change,2025,2024,1,-18.0,-18%,,wilmington-compstat-v1,validated
year-end-compstat-2025-r1,year_end_compstat,2025-01-01,2025-12-31,1,3c3b151aad3d007f2279cf5735d63f591623eff526770c425b726af0d950cfb2,19,sector,sector_3,Sector 3,felony_theft,Felony Theft,year_to_date,percent_change,2025,2023,2,-41.0,-41%,,wilmington-compstat-v1,validated
year-end-compstat-2025-r1,year_end_compstat,2025-01-01,2025-12-31,1,3c3b151aad3d007f2279cf5735d63f591623eff526770c425b726af0d950cfb2,19,sector,sector_3,Sector 3,felony_theft,Felony Theft,year_to_date,percent_change,2025,2022,3,-39.0,-39%,,wilmington-compstat-v1,validated
year-end-compstat-2025-r1,year_end_compstat,2025-01-01,2025-12-31,1,3c3b151aad3d007f2279cf5735d63f591623eff526770c425b726af0d950cfb2,19,sector,sector_3,Sector 3,felony_theft,Felony Theft,year_to_date,percent_change,2025,2021,4,-45.0,-45%,,wilmington-compstat-v1,validated
year-end-compstat-2025-r1,year_end_compstat,2025-01-01,2025-12-31,1,3c3b151aad3d007f2279cf5735d63f591623eff526770c425b726af0d950cfb2,19,sector,sector_3,Sector 3,felony_theft,Felony Theft,year_to_date,percent_change,2025,2020,5,-19.0,-19%,,wilmington-compstat-v1,validated
year-end-compstat-2025-r1,year_end_compstat,2025-01-01,2025-12-31,1,3c3b151aad3d007f2279cf5735d63f591623eff526770c425b726af0d950cfb2,19,sector,sector_3,Sector 3,felony_theft,Felony Theft,year_to_date,percent_change,2025,2019,6,-16.0,-16%,,wilmington-compstat-v1,validated
year-end-compstat-2025-r1,year_end_compstat,2025-01-01,2025-12-31,1,3c3b151aad3d007f2279cf5735d63f591623eff526770c425b726af0d950cfb2,19,sector,sector_3,Sector 3,auto_theft,Auto Theft,last_7_days,count,2025,,,3,3,,wilmington-compstat-v1,validated
year-end-compstat-2025-r1,year_end_compstat,2025-01-01,2025-12-31,1,3c3b151aad3d007f2279cf5735d63f591623eff526770c425b726af0d950cfb2,19,sector,sector_3,Sector 3,auto_theft,Auto Theft,last_7_days,count,2024,,,3,3,,wilmington-compstat-v1,validated
year-end-compstat-2025-r1,year_end_compstat,2025-01-01,2025-12-31,1,3c3b151aad3d007f2279cf5735d63f591623eff526770c425b726af0d950cfb2,19,sector,sector_3,Sector 3,auto_theft,Auto Theft,last_7_days,percent_change,2025,2024,1,0.0,0%,,wilmington-compstat-v1,validated
year-end-compstat-2025-r1,year_end_compstat,2025-01-01,2025-12-31,1,3c3b151aad3d007f2279cf5735d63f591623eff526770c425b726af0d950cfb2,19,sector,sector_3,Sector 3,auto_theft,Auto Theft,last_28_days,count,2025,,,19,19,,wilmington-compstat-v1,validated
year-end-compstat-2025-r1,year_end_compstat,2025-01-01,2025-12-31,1,3c3b151aad3d007f2279cf5735d63f591623eff526770c425b726af0d950cfb2,19,sector,sector_3,Sector 3,auto_theft,Auto Theft,last_28_days,count,2024,,,10,10,,wilmington-compstat-v1,validated
year-end-compstat-2025-r1,year_end_compstat,2025-01-01,2025-12-31,1,3c3b151aad3d007f2279cf5735d63f591623eff526770c425b726af0d950cfb2,19,sector,sector_3,Sector 3,auto_theft,Auto Theft,last_28_days,percent_change,2025,2024,1,90.0,90%,,wilmington-compstat-v1,validated
year-end-compstat-2025-r1,year_end_compstat,2025-01-01,2025-12-31,1,3c3b151aad3d007f2279cf5735d63f591623eff526770c425b726af0d950cfb2,19,sector,sector_3,Sector 3,auto_theft,Auto Theft,year_to_date,count,2025,,,173,173,,wilmington-compstat-v1,validated
year-end-compstat-2025-r1,year_end_compstat,2025-01-01,2025-12-31,1,3c3b151aad3d007f2279cf5735d63f591623eff526770c425b726af0d950cfb2,19,sector,sector_3,Sector 3,auto_theft,Auto Theft,year_to_date,count,2024,,,197,197,,wilmington-compstat-v1,validated
year-end-compstat-2025-r1,year_end_compstat,2025-01-01,2025-12-31,1,3c3b151aad3d007f2279cf5735d63f591623eff526770c425b726af0d950cfb2,19,sector,sector_3,Sector 3,auto_theft,Auto Theft,year_to_date,percent_change,2025,2024,1,-12.0,-12%,,wilmington-compstat-v1,validated
year-end-compstat-2025-r1,year_end_compstat,2025-01-01,2025-12-31,1,3c3b151aad3d007f2279cf5735d63f591623eff526770c425b726af0d950cfb2,19,sector,sector_3,Sector 3,auto_theft,Auto Theft,year_to_date,percent_change,2025,2023,2,-37.0,-37%,,wilmington-compstat-v1,validated
year-end-compstat-2025-r1,year_end_compstat,2025-01-01,2025-12-31,1,3c3b151aad3d007f2279cf5735d63f591623eff526770c425b726af0d950cfb2,19,sector,sector_3,Sector 3,auto_theft,Auto Theft,year_to_date,percent_change,2025,2022,3,27.0,27%,,wilmington-compstat-v1,validated
year-end-compstat-2025-r1,year_end_compstat,2025-01-01,2025-12-31,1,3c3b151aad3d007f2279cf5735d63f591623eff526770c425b726af0d950cfb2,19,sector,sector_3,Sector 3,auto_theft,Auto Theft,year_to_date,percent_change,2025,2021,4,1.0,1%,,wilmington-compstat-v1,validated
year-end-compstat-2025-r1,year_end_compstat,2025-01-01,2025-12-31,1,3c3b151aad3d007f2279cf5735d63f591623eff526770c425b726af0d950cfb2,19,sector,sector_3,Sector 3,auto_theft,Auto Theft,year_to_date,percent_change,2025,2020,5,18.0,18%,,wilmington-compstat-v1,validated
year-end-compstat-2025-r1,year_end_compstat,2025-01-01,2025-12-31,1,3c3b151aad3d007f2279cf5735d63f591623eff526770c425b726af0d950cfb2,19,sector,sector_3,Sector 3,auto_theft,Auto Theft,year_to_date,percent_change,2025,2019,6,14.0,14%,,wilmington-compstat-v1,validated
year-end-compstat-2025-r1,year_end_compstat,2025-01-01,2025-12-31,1,3c3b151aad3d007f2279cf5735d63f591623eff526770c425b726af0d950cfb2,19,sector,sector_3,Sector 3,major_crime_total,TOTAL,last_7_days,count,2025,,,5,5,,wilmington-compstat-v1,validated
year-end-compstat-2025-r1,year_end_compstat,2025-01-01,2025-12-31,1,3c3b151aad3d007f2279cf5735d63f591623eff526770c425b726af0d950cfb2,19,sector,sector_3,Sector 3,major_crime_total,TOTAL,last_7_days,count,2024,,,11,11,,wilmington-compstat-v1,validated
year-end-compstat-2025-r1,year_end_compstat,2025-01-01,2025-12-31,1,3c3b151aad3d007f2279cf5735d63f591623eff526770c425b726af0d950cfb2,19,sector,sector_3,Sector 3,major_crime_total,TOTAL,last_7_days,percent_change,2025,2024,1,-55.0,-55%,,wilmington-compstat-v1,validated
year-end-compstat-2025-r1,year_end_compstat,2025-01-01,2025-12-31,1,3c3b151aad3d007f2279cf5735d63f591623eff526770c425b726af0d950cfb2,19,sector,sector_3,Sector 3,major_crime_total,TOTAL,last_28_days,count,2025,,,40,40,,wilmington-compstat-v1,validated
year-end-compstat-2025-r1,year_end_compstat,2025-01-01,2025-12-31,1,3c3b151aad3d007f2279cf5735d63f591623eff526770c425b726af0d950cfb2,19,sector,sector_3,Sector 3,major_crime_total,TOTAL,last_28_days,count,2024,,,48,48,,wilmington-compstat-v1,validated
year-end-compstat-2025-r1,year_end_compstat,2025-01-01,2025-12-31,1,3c3b151aad3d007f2279cf5735d63f591623eff526770c425b726af0d950cfb2,19,sector,sector_3,Sector 3,major_crime_total,TOTAL,last_28_days,percent_change,2025,2024,1,-17.0,-17%,,wilmington-compstat-v1,validated
year-end-compstat-2025-r1,year_end_compstat,2025-01-01,2025-12-31,1,3c3b151aad3d007f2279cf5735d63f591623eff526770c425b726af0d950cfb2,19,sector,sector_3,Sector 3,major_crime_total,TOTAL,year_to_date,count,2025,,,578,578,,wilmington-compstat-v1,validated
year-end-compstat-2025-r1,year_end_compstat,2025-01-01,2025-12-31,1,3c3b151aad3d007f2279cf5735d63f591623eff526770c425b726af0d950cfb2,19,sector,sector_3,Sector 3,major_crime_total,TOTAL,year_to_date,count,2024,,,609,609,,wilmington-compstat-v1,validated
year-end-compstat-2025-r1,year_end_compstat,2025-01-01,2025-12-31,1,3c3b151aad3d007f2279cf5735d63f591623eff526770c425b726af0d950cfb2,19,sector,sector_3,Sector 3,major_crime_total,TOTAL,year_to_date,percent_change,2025,2024,1,-5.0,-5%,,wilmington-compstat-v1,validated
year-end-compstat-2025-r1,year_end_compstat,2025-01-01,2025-12-31,1,3c3b151aad3d007f2279cf5735d63f591623eff526770c425b726af0d950cfb2,19,sector,sector_3,Sector 3,major_crime_total,TOTAL,year_to_date,percent_change,2025,2023,2,-27.0,-27%,,wilmington-compstat-v1,validated
year-end-compstat-2025-r1,year_end_compstat,2025-01-01,2025-12-31,1,3c3b151aad3d007f2279cf5735d63f591623eff526770c425b726af0d950cfb2,19,sector,sector_3,Sector 3,major_crime_total,TOTAL,year_to_date,percent_change,2025,2022,3,-11.0,-11%,,wilmington-compstat-v1,validated
year-end-compstat-2025-r1,year_end_compstat,2025-01-01,2025-12-31,1,3c3b151aad3d007f2279cf5735d63f591623eff526770c425b726af0d950cfb2,19,sector,sector_3,Sector 3,major_crime_total,TOTAL,year_to_date,percent_change,2025,2021,4,-23.0,-23%,,wilmington-compstat-v1,validated
year-end-compstat-2025-r1,year_end_compstat,2025-01-01,2025-12-31,1,3c3b151aad3d007f2279cf5735d63f591623eff526770c425b726af0d950cfb2,19,sector,sector_3,Sector 3,major_crime_total,TOTAL,year_to_date,percent_change,2025,2020,5,-18.0,-18%,,wilmington-compstat-v1,validated
year-end-compstat-2025-r1,year_end_compstat,2025-01-01,2025-12-31,1,3c3b151aad3d007f2279cf5735d63f591623eff526770c425b726af0d950cfb2,19,sector,sector_3,Sector 3,major_crime_total,TOTAL,year_to_date,percent_change,2025,2019,6,-22.0,-22%,,wilmington-compstat-v1,validated
year-end-compstat-2025-r1,year_end_compstat,2025-01-01,2025-12-31,1,3c3b151aad3d007f2279cf5735d63f591623eff526770c425b726af0d950cfb2,19,sector,sector_3,Sector 3,shooting_incidents,Shooting Incidents,last_7_days,count,2025,,,0,0,,wilmington-compstat-v1,validated
year-end-compstat-2025-r1,year_end_compstat,2025-01-01,2025-12-31,1,3c3b151aad3d007f2279cf5735d63f591623eff526770c425b726af0d950cfb2,19,sector,sector_3,Sector 3,shooting_incidents,Shooting Incidents,last_7_days,count,2024,,,0,0,,wilmington-compstat-v1,validated
year-end-compstat-2025-r1,year_end_compstat,2025-01-01,2025-12-31,1,3c3b151aad3d007f2279cf5735d63f591623eff526770c425b726af0d950cfb2,19,sector,sector_3,Sector 3,shooting_incidents,Shooting Incidents,last_7_days,percent_change,2025,2024,1,,*,undefined_zero_denominator,wilmington-compstat-v1,validated
year-end-compstat-2025-r1,year_end_compstat,2025-01-01,2025-12-31,1,3c3b151aad3d007f2279cf5735d63f591623eff526770c425b726af0d950cfb2,19,sector,sector_3,Sector 3,shooting_incidents,Shooting Incidents,last_28_days,count,2025,,,0,0,,wilmington-compstat-v1,validated
year-end-compstat-2025-r1,year_end_compstat,2025-01-01,2025-12-31,1,3c3b151aad3d007f2279cf5735d63f591623eff526770c425b726af0d950cfb2,19,sector,sector_3,Sector 3,shooting_incidents,Shooting Incidents,last_28_days,count,2024,,,1,1,,wilmington-compstat-v1,validated
year-end-compstat-2025-r1,year_end_compstat,2025-01-01,2025-12-31,1,3c3b151aad3d007f2279cf5735d63f591623eff526770c425b726af0d950cfb2,19,sector,sector_3,Sector 3,shooting_incidents,Shooting Incidents,last_28_days,percent_change,2025,2024,1,-100.0,-100%,,wilmington-compstat-v1,validated
year-end-compstat-2025-r1,year_end_compstat,2025-01-01,2025-12-31,1,3c3b151aad3d007f2279cf5735d63f591623eff526770c425b726af0d950cfb2,19,sector,sector_3,Sector 3,shooting_incidents,Shooting Incidents,year_to_date,count,2025,,,19,19,,wilmington-compstat-v1,validated
year-end-compstat-2025-r1,year_end_compstat,2025-01-01,2025-12-31,1,3c3b151aad3d007f2279cf5735d63f591623eff526770c425b726af0d950cfb2,19,sector,sector_3,Sector 3,shooting_incidents,Shooting Incidents,year_to_date,count,2024,,,18,18,,wilmington-compstat-v1,validated
year-end-compstat-2025-r1,year_end_compstat,2025-01-01,2025-12-31,1,3c3b151aad3d007f2279cf5735d63f591623eff526770c425b726af0d950cfb2,19,sector,sector_3,Sector 3,shooting_incidents,Shooting Incidents,year_to_date,percent_change,2025,2024,1,6.0,6%,,wilmington-compstat-v1,validated
year-end-compstat-2025-r1,year_end_compstat,2025-01-01,2025-12-31,1,3c3b151aad3d007f2279cf5735d63f591623eff526770c425b726af0d950cfb2,19,sector,sector_3,Sector 3,shooting_incidents,Shooting Incidents,year_to_date,percent_change,2025,2023,2,-34.0,-34%,,wilmington-compstat-v1,validated
year-end-compstat-2025-r1,year_end_compstat,2025-01-01,2025-12-31,1,3c3b151aad3d007f2279cf5735d63f591623eff526770c425b726af0d950cfb2,19,sector,sector_3,Sector 3,shooting_incidents,Shooting Incidents,year_to_date,percent_change,2025,2022,3,0.0,0%,,wilmington-compstat-v1,validated
year-end-compstat-2025-r1,year_end_compstat,2025-01-01,2025-12-31,1,3c3b151aad3d007f2279cf5735d63f591623eff526770c425b726af0d950cfb2,19,sector,sector_3,Sector 3,shooting_incidents,Shooting Incidents,year_to_date,percent_change,2025,2021,4,-30.0,-30%,,wilmington-compstat-v1,validated
year-end-compstat-2025-r1,year_end_compstat,2025-01-01,2025-12-31,1,3c3b151aad3d007f2279cf5735d63f591623eff526770c425b726af0d950cfb2,19,sector,sector_3,Sector 3,shooting_incidents,Shooting Incidents,year_to_date,percent_change,2025,2020,5,-39.0,-39%,,wilmington-compstat-v1,validated
year-end-compstat-2025-r1,year_end_compstat,2025-01-01,2025-12-31,1,3c3b151aad3d007f2279cf5735d63f591623eff526770c425b726af0d950cfb2,19,sector,sector_3,Sector 3,shooting_incidents,Shooting Incidents,year_to_date,percent_change,2025,2019,6,0.0,0%,,wilmington-compstat-v1,validated
year-end-compstat-2025-r1,year_end_compstat,2025-01-01,2025-12-31,1,3c3b151aad3d007f2279cf5735d63f591623eff526770c425b726af0d950cfb2,19,sector,sector_3,Sector 3,shooting_victims,Shooting Victims,last_7_days,count,2025,,,0,0,,wilmington-compstat-v1,validated
year-end-compstat-2025-r1,year_end_compstat,2025-01-01,2025-12-31,1,3c3b151aad3d007f2279cf5735d63f591623eff526770c425b726af0d950cfb2,19,sector,sector_3,Sector 3,shooting_victims,Shooting Victims,last_7_days,count,2024,,,0,0,,wilmington-compstat-v1,validated
year-end-compstat-2025-r1,year_end_compstat,2025-01-01,2025-12-31,1,3c3b151aad3d007f2279cf5735d63f591623eff526770c425b726af0d950cfb2,19,sector,sector_3,Sector 3,shooting_victims,Shooting Victims,last_7_days,percent_change,2025,2024,1,,*,undefined_zero_denominator,wilmington-compstat-v1,validated
year-end-compstat-2025-r1,year_end_compstat,2025-01-01,2025-12-31,1,3c3b151aad3d007f2279cf5735d63f591623eff526770c425b726af0d950cfb2,19,sector,sector_3,Sector 3,shooting_victims,Shooting Victims,last_28_days,count,2025,,,0,0,,wilmington-compstat-v1,validated
year-end-compstat-2025-r1,year_end_compstat,2025-01-01,2025-12-31,1,3c3b151aad3d007f2279cf5735d63f591623eff526770c425b726af0d950cfb2,19,sector,sector_3,Sector 3,shooting_victims,Shooting Victims,last_28_days,count,2024,,,1,1,,wilmington-compstat-v1,validated
year-end-compstat-2025-r1,year_end_compstat,2025-01-01,2025-12-31,1,3c3b151aad3d007f2279cf5735d63f591623eff526770c425b726af0d950cfb2,19,sector,sector_3,Sector 3,shooting_victims,Shooting Victims,last_28_days,percent_change,2025,2024,1,-100.0,-100%,,wilmington-compstat-v1,validated
year-end-compstat-2025-r1,year_end_compstat,2025-01-01,2025-12-31,1,3c3b151aad3d007f2279cf5735d63f591623eff526770c425b726af0d950cfb2,19,sector,sector_3,Sector 3,shooting_victims,Shooting Victims,year_to_date,count,2025,,,24,24,,wilmington-compstat-v1,validated
year-end-compstat-2025-r1,year_end_compstat,2025-01-01,2025-12-31,1,3c3b151aad3d007f2279cf5735d63f591623eff526770c425b726af0d950cfb2,19,sector,sector_3,Sector 3,shooting_victims,Shooting Victims,year_to_date,count,2024,,,21,21,,wilmington-compstat-v1,validated
year-end-compstat-2025-r1,year_end_compstat,2025-01-01,2025-12-31,1,3c3b151aad3d007f2279cf5735d63f591623eff526770c425b726af0d950cfb2,19,sector,sector_3,Sector 3,shooting_victims,Shooting Victims,year_to_date,percent_change,2025,2024,1,14.0,14%,,wilmington-compstat-v1,validated
year-end-compstat-2025-r1,year_end_compstat,2025-01-01,2025-12-31,1,3c3b151aad3d007f2279cf5735d63f591623eff526770c425b726af0d950cfb2,19,sector,sector_3,Sector 3,shooting_victims,Shooting Victims,year_to_date,percent_change,2025,2023,2,-27.0,-27%,,wilmington-compstat-v1,validated
year-end-compstat-2025-r1,year_end_compstat,2025-01-01,2025-12-31,1,3c3b151aad3d007f2279cf5735d63f591623eff526770c425b726af0d950cfb2,19,sector,sector_3,Sector 3,shooting_victims,Shooting Victims,year_to_date,percent_change,2025,2022,3,4.0,4%,,wilmington-compstat-v1,validated
year-end-compstat-2025-r1,year_end_compstat,2025-01-01,2025-12-31,1,3c3b151aad3d007f2279cf5735d63f591623eff526770c425b726af0d950cfb2,19,sector,sector_3,Sector 3,shooting_victims,Shooting Victims,year_to_date,percent_change,2025,2021,4,-20.0,-20%,,wilmington-compstat-v1,validated
year-end-compstat-2025-r1,year_end_compstat,2025-01-01,2025-12-31,1,3c3b151aad3d007f2279cf5735d63f591623eff526770c425b726af0d950cfb2,19,sector,sector_3,Sector 3,shooting_victims,Shooting Victims,year_to_date,percent_change,2025,2020,5,-40.0,-40%,,wilmington-compstat-v1,validated
year-end-compstat-2025-r1,year_end_compstat,2025-01-01,2025-12-31,1,3c3b151aad3d007f2279cf5735d63f591623eff526770c425b726af0d950cfb2,19,sector,sector_3,Sector 3,shooting_victims,Shooting Victims,year_to_date,percent_change,2025,2019,6,14.0,14%,,wilmington-compstat-v1,validated
year-end-compstat-2025-r1,year_end_compstat,2025-01-01,2025-12-31,1,3c3b151aad3d007f2279cf5735d63f591623eff526770c425b726af0d950cfb2,19,sector,sector_3,Sector 3,juvenile_shooting_incidents,*Juv Shooting Incidents,last_7_days,count,2025,,,0,0,,wilmington-compstat-v1,validated
year-end-compstat-2025-r1,year_end_compstat,2025-01-01,2025-12-31,1,3c3b151aad3d007f2279cf5735d63f591623eff526770c425b726af0d950cfb2,19,sector,sector_3,Sector 3,juvenile_shooting_incidents,*Juv Shooting Incidents,last_7_days,count,2024,,,0,0,,wilmington-compstat-v1,validated
year-end-compstat-2025-r1,year_end_compstat,2025-01-01,2025-12-31,1,3c3b151aad3d007f2279cf5735d63f591623eff526770c425b726af0d950cfb2,19,sector,sector_3,Sector 3,juvenile_shooting_incidents,*Juv Shooting Incidents,last_7_days,percent_change,2025,2024,1,,*,undefined_zero_denominator,wilmington-compstat-v1,validated
year-end-compstat-2025-r1,year_end_compstat,2025-01-01,2025-12-31,1,3c3b151aad3d007f2279cf5735d63f591623eff526770c425b726af0d950cfb2,19,sector,sector_3,Sector 3,juvenile_shooting_incidents,*Juv Shooting Incidents,last_28_days,count,2025,,,0,0,,wilmington-compstat-v1,validated
year-end-compstat-2025-r1,year_end_compstat,2025-01-01,2025-12-31,1,3c3b151aad3d007f2279cf5735d63f591623eff526770c425b726af0d950cfb2,19,sector,sector_3,Sector 3,juvenile_shooting_incidents,*Juv Shooting Incidents,last_28_days,count,2024,,,1,1,,wilmington-compstat-v1,validated
year-end-compstat-2025-r1,year_end_compstat,2025-01-01,2025-12-31,1,3c3b151aad3d007f2279cf5735d63f591623eff526770c425b726af0d950cfb2,19,sector,sector_3,Sector 3,juvenile_shooting_incidents,*Juv Shooting Incidents,last_28_days,percent_change,2025,2024,1,-100.0,-100%,,wilmington-compstat-v1,validated
year-end-compstat-2025-r1,year_end_compstat,2025-01-01,2025-12-31,1,3c3b151aad3d007f2279cf5735d63f591623eff526770c425b726af0d950cfb2,19,sector,sector_3,Sector 3,juvenile_shooting_incidents,*Juv Shooting Incidents,year_to_date,count,2025,,,5,5,,wilmington-compstat-v1,validated
year-end-compstat-2025-r1,year_end_compstat,2025-01-01,2025-12-31,1,3c3b151aad3d007f2279cf5735d63f591623eff526770c425b726af0d950cfb2,19,sector,sector_3,Sector 3,juvenile_shooting_incidents,*Juv Shooting Incidents,year_to_date,count,2024,,,4,4,,wilmington-compstat-v1,validated
year-end-compstat-2025-r1,year_end_compstat,2025-01-01,2025-12-31,1,3c3b151aad3d007f2279cf5735d63f591623eff526770c425b726af0d950cfb2,19,sector,sector_3,Sector 3,juvenile_shooting_incidents,*Juv Shooting Incidents,year_to_date,percent_change,2025,2024,1,25.0,25%,,wilmington-compstat-v1,validated
year-end-compstat-2025-r1,year_end_compstat,2025-01-01,2025-12-31,1,3c3b151aad3d007f2279cf5735d63f591623eff526770c425b726af0d950cfb2,19,sector,sector_3,Sector 3,juvenile_shooting_incidents,*Juv Shooting Incidents,year_to_date,percent_change,2025,2023,2,67.0,67%,,wilmington-compstat-v1,validated
year-end-compstat-2025-r1,year_end_compstat,2025-01-01,2025-12-31,1,3c3b151aad3d007f2279cf5735d63f591623eff526770c425b726af0d950cfb2,19,sector,sector_3,Sector 3,juvenile_shooting_incidents,*Juv Shooting Incidents,year_to_date,percent_change,2025,2022,3,0.0,0%,,wilmington-compstat-v1,validated
year-end-compstat-2025-r1,year_end_compstat,2025-01-01,2025-12-31,1,3c3b151aad3d007f2279cf5735d63f591623eff526770c425b726af0d950cfb2,19,sector,sector_3,Sector 3,juvenile_shooting_incidents,*Juv Shooting Incidents,year_to_date,percent_change,2025,2021,4,150.0,150%,,wilmington-compstat-v1,validated
year-end-compstat-2025-r1,year_end_compstat,2025-01-01,2025-12-31,1,3c3b151aad3d007f2279cf5735d63f591623eff526770c425b726af0d950cfb2,19,sector,sector_3,Sector 3,juvenile_shooting_incidents,*Juv Shooting Incidents,year_to_date,percent_change,2025,2020,5,-38.0,-38%,,wilmington-compstat-v1,validated
year-end-compstat-2025-r1,year_end_compstat,2025-01-01,2025-12-31,1,3c3b151aad3d007f2279cf5735d63f591623eff526770c425b726af0d950cfb2,19,sector,sector_3,Sector 3,juvenile_shooting_incidents,*Juv Shooting Incidents,year_to_date,percent_change,2025,2019,6,67.0,67%,,wilmington-compstat-v1,validated
year-end-compstat-2025-r1,year_end_compstat,2025-01-01,2025-12-31,1,3c3b151aad3d007f2279cf5735d63f591623eff526770c425b726af0d950cfb2,19,sector,sector_3,Sector 3,juvenile_shooting_victims,*Juv Shooting Victims,last_7_days,count,2025,,,0,0,,wilmington-compstat-v1,validated
year-end-compstat-2025-r1,year_end_compstat,2025-01-01,2025-12-31,1,3c3b151aad3d007f2279cf5735d63f591623eff526770c425b726af0d950cfb2,19,sector,sector_3,Sector 3,juvenile_shooting_victims,*Juv Shooting Victims,last_7_days,count,2024,,,0,0,,wilmington-compstat-v1,validated
year-end-compstat-2025-r1,year_end_compstat,2025-01-01,2025-12-31,1,3c3b151aad3d007f2279cf5735d63f591623eff526770c425b726af0d950cfb2,19,sector,sector_3,Sector 3,juvenile_shooting_victims,*Juv Shooting Victims,last_7_days,percent_change,2025,2024,1,,*,undefined_zero_denominator,wilmington-compstat-v1,validated
year-end-compstat-2025-r1,year_end_compstat,2025-01-01,2025-12-31,1,3c3b151aad3d007f2279cf5735d63f591623eff526770c425b726af0d950cfb2,19,sector,sector_3,Sector 3,juvenile_shooting_victims,*Juv Shooting Victims,last_28_days,count,2025,,,0,0,,wilmington-compstat-v1,validated
year-end-compstat-2025-r1,year_end_compstat,2025-01-01,2025-12-31,1,3c3b151aad3d007f2279cf5735d63f591623eff526770c425b726af0d950cfb2,19,sector,sector_3,Sector 3,juvenile_shooting_victims,*Juv Shooting Victims,last_28_days,count,2024,,,1,1,,wilmington-compstat-v1,validated
year-end-compstat-2025-r1,year_end_compstat,2025-01-01,2025-12-31,1,3c3b151aad3d007f2279cf5735d63f591623eff526770c425b726af0d950cfb2,19,sector,sector_3,Sector 3,juvenile_shooting_victims,*Juv Shooting Victims,last_28_days,percent_change,2025,2024,1,-100.0,-100%,,wilmington-compstat-v1,validated
year-end-compstat-2025-r1,year_end_compstat,2025-01-01,2025-12-31,1,3c3b151aad3d007f2279cf5735d63f591623eff526770c425b726af0d950cfb2,19,sector,sector_3,Sector 3,juvenile_shooting_victims,*Juv Shooting Victims,year_to_date,count,2025,,,5,5,,wilmington-compstat-v1,validated
year-end-compstat-2025-r1,year_end_compstat,2025-01-01,2025-12-31,1,3c3b151aad3d007f2279cf5735d63f591623eff526770c425b726af0d950cfb2,19,sector,sector_3,Sector 3,juvenile_shooting_victims,*Juv Shooting Victims,year_to_date,count,2024,,,4,4,,wilmington-compstat-v1,validated
year-end-compstat-2025-r1,year_end_compstat,2025-01-01,2025-12-31,1,3c3b151aad3d007f2279cf5735d63f591623eff526770c425b726af0d950cfb2,19,sector,sector_3,Sector 3,juvenile_shooting_victims,*Juv Shooting Victims,year_to_date,percent_change,2025,2024,1,25.0,25%,,wilmington-compstat-v1,validated
year-end-compstat-2025-r1,year_end_compstat,2025-01-01,2025-12-31,1,3c3b151aad3d007f2279cf5735d63f591623eff526770c425b726af0d950cfb2,19,sector,sector_3,Sector 3,juvenile_shooting_victims,*Juv Shooting Victims,year_to_date,percent_change,2025,2023,2,67.0,67%,,wilmington-compstat-v1,validated
year-end-compstat-2025-r1,year_end_compstat,2025-01-01,2025-12-31,1,3c3b151aad3d007f2279cf5735d63f591623eff526770c425b726af0d950cfb2,19,sector,sector_3,Sector 3,juvenile_shooting_victims,*Juv Shooting Victims,year_to_date,percent_change,2025,2022,3,-29.0,-29%,,wilmington-compstat-v1,validated
year-end-compstat-2025-r1,year_end_compstat,2025-01-01,2025-12-31,1,3c3b151aad3d007f2279cf5735d63f591623eff526770c425b726af0d950cfb2,19,sector,sector_3,Sector 3,juvenile_shooting_victims,*Juv Shooting Victims,year_to_date,percent_change,2025,2021,4,150.0,150%,,wilmington-compstat-v1,validated
year-end-compstat-2025-r1,year_end_compstat,2025-01-01,2025-12-31,1,3c3b151aad3d007f2279cf5735d63f591623eff526770c425b726af0d950cfb2,19,sector,sector_3,Sector 3,juvenile_shooting_victims,*Juv Shooting Victims,year_to_date,percent_change,2025,2020,5,-38.0,-38%,,wilmington-compstat-v1,validated
year-end-compstat-2025-r1,year_end_compstat,2025-01-01,2025-12-31,1,3c3b151aad3d007f2279cf5735d63f591623eff526770c425b726af0d950cfb2,19,sector,sector_3,Sector 3,juvenile_shooting_victims,*Juv Shooting Victims,year_to_date,percent_change,2025,2019,6,67.0,67%,,wilmington-compstat-v1,validated
year-end-compstat-2025-r1,year_end_compstat,2025-01-01,2025-12-31,1,3c3b151aad3d007f2279cf5735d63f591623eff526770c425b726af0d950cfb2,19,sector,sector_3,Sector 3,misdemeanor_theft,Theft (Misdemeanor),last_7_days,count,2025,,,4,4,,wilmington-compstat-v1,validated
year-end-compstat-2025-r1,year_end_compstat,2025-01-01,2025-12-31,1,3c3b151aad3d007f2279cf5735d63f591623eff526770c425b726af0d950cfb2,19,sector,sector_3,Sector 3,misdemeanor_theft,Theft (Misdemeanor),last_7_days,count,2024,,,3,3,,wilmington-compstat-v1,validated
year-end-compstat-2025-r1,year_end_compstat,2025-01-01,2025-12-31,1,3c3b151aad3d007f2279cf5735d63f591623eff526770c425b726af0d950cfb2,19,sector,sector_3,Sector 3,misdemeanor_theft,Theft (Misdemeanor),last_7_days,percent_change,2025,2024,1,33.0,33%,,wilmington-compstat-v1,validated
year-end-compstat-2025-r1,year_end_compstat,2025-01-01,2025-12-31,1,3c3b151aad3d007f2279cf5735d63f591623eff526770c425b726af0d950cfb2,19,sector,sector_3,Sector 3,misdemeanor_theft,Theft (Misdemeanor),last_28_days,count,2025,,,21,21,,wilmington-compstat-v1,validated
year-end-compstat-2025-r1,year_end_compstat,2025-01-01,2025-12-31,1,3c3b151aad3d007f2279cf5735d63f591623eff526770c425b726af0d950cfb2,19,sector,sector_3,Sector 3,misdemeanor_theft,Theft (Misdemeanor),last_28_days,count,2024,,,28,28,,wilmington-compstat-v1,validated
year-end-compstat-2025-r1,year_end_compstat,2025-01-01,2025-12-31,1,3c3b151aad3d007f2279cf5735d63f591623eff526770c425b726af0d950cfb2,19,sector,sector_3,Sector 3,misdemeanor_theft,Theft (Misdemeanor),last_28_days,percent_change,2025,2024,1,-25.0,-25%,,wilmington-compstat-v1,validated
year-end-compstat-2025-r1,year_end_compstat,2025-01-01,2025-12-31,1,3c3b151aad3d007f2279cf5735d63f591623eff526770c425b726af0d950cfb2,19,sector,sector_3,Sector 3,misdemeanor_theft,Theft (Misdemeanor),year_to_date,count,2025,,,360,360,,wilmington-compstat-v1,validated
year-end-compstat-2025-r1,year_end_compstat,2025-01-01,2025-12-31,1,3c3b151aad3d007f2279cf5735d63f591623eff526770c425b726af0d950cfb2,19,sector,sector_3,Sector 3,misdemeanor_theft,Theft (Misdemeanor),year_to_date,count,2024,,,443,443,,wilmington-compstat-v1,validated
year-end-compstat-2025-r1,year_end_compstat,2025-01-01,2025-12-31,1,3c3b151aad3d007f2279cf5735d63f591623eff526770c425b726af0d950cfb2,19,sector,sector_3,Sector 3,misdemeanor_theft,Theft (Misdemeanor),year_to_date,percent_change,2025,2024,1,-19.0,-19%,,wilmington-compstat-v1,validated
year-end-compstat-2025-r1,year_end_compstat,2025-01-01,2025-12-31,1,3c3b151aad3d007f2279cf5735d63f591623eff526770c425b726af0d950cfb2,19,sector,sector_3,Sector 3,misdemeanor_theft,Theft (Misdemeanor),year_to_date,percent_change,2025,2023,2,-31.0,-31%,,wilmington-compstat-v1,validated
year-end-compstat-2025-r1,year_end_compstat,2025-01-01,2025-12-31,1,3c3b151aad3d007f2279cf5735d63f591623eff526770c425b726af0d950cfb2,19,sector,sector_3,Sector 3,misdemeanor_theft,Theft (Misdemeanor),year_to_date,percent_change,2025,2022,3,-19.0,-19%,,wilmington-compstat-v1,validated
year-end-compstat-2025-r1,year_end_compstat,2025-01-01,2025-12-31,1,3c3b151aad3d007f2279cf5735d63f591623eff526770c425b726af0d950cfb2,19,sector,sector_3,Sector 3,misdemeanor_theft,Theft (Misdemeanor),year_to_date,percent_change,2025,2021,4,-33.0,-33%,,wilmington-compstat-v1,validated
year-end-compstat-2025-r1,year_end_compstat,2025-01-01,2025-12-31,1,3c3b151aad3d007f2279cf5735d63f591623eff526770c425b726af0d950cfb2,19,sector,sector_3,Sector 3,misdemeanor_theft,Theft (Misdemeanor),year_to_date,percent_change,2025,2020,5,-41.0,-41%,,wilmington-compstat-v1,validated
year-end-compstat-2025-r1,year_end_compstat,2025-01-01,2025-12-31,1,3c3b151aad3d007f2279cf5735d63f591623eff526770c425b726af0d950cfb2,19,sector,sector_3,Sector 3,misdemeanor_theft,Theft (Misdemeanor),year_to_date,percent_change,2025,2019,6,-57.0,-57%,,wilmington-compstat-v1,validated
year-end-compstat-2025-r1,year_end_compstat,2025-01-01,2025-12-31,1,3c3b151aad3d007f2279cf5735d63f591623eff526770c425b726af0d950cfb2,21,district,district_17,District 17,murder,Murder,last_7_days,count,2025,,,0,0,,wilmington-compstat-v1,validated
year-end-compstat-2025-r1,year_end_compstat,2025-01-01,2025-12-31,1,3c3b151aad3d007f2279cf5735d63f591623eff526770c425b726af0d950cfb2,21,district,district_17,District 17,murder,Murder,last_7_days,count,2024,,,0,0,,wilmington-compstat-v1,validated
year-end-compstat-2025-r1,year_end_compstat,2025-01-01,2025-12-31,1,3c3b151aad3d007f2279cf5735d63f591623eff526770c425b726af0d950cfb2,21,district,district_17,District 17,murder,Murder,last_7_days,percent_change,2025,2024,1,,*,undefined_zero_denominator,wilmington-compstat-v1,validated
year-end-compstat-2025-r1,year_end_compstat,2025-01-01,2025-12-31,1,3c3b151aad3d007f2279cf5735d63f591623eff526770c425b726af0d950cfb2,21,district,district_17,District 17,murder,Murder,last_28_days,count,2025,,,1,1,,wilmington-compstat-v1,validated
year-end-compstat-2025-r1,year_end_compstat,2025-01-01,2025-12-31,1,3c3b151aad3d007f2279cf5735d63f591623eff526770c425b726af0d950cfb2,21,district,district_17,District 17,murder,Murder,last_28_days,count,2024,,,0,0,,wilmington-compstat-v1,validated
year-end-compstat-2025-r1,year_end_compstat,2025-01-01,2025-12-31,1,3c3b151aad3d007f2279cf5735d63f591623eff526770c425b726af0d950cfb2,21,district,district_17,District 17,murder,Murder,last_28_days,percent_change,2025,2024,1,,*,undefined_zero_denominator,wilmington-compstat-v1,validated
year-end-compstat-2025-r1,year_end_compstat,2025-01-01,2025-12-31,1,3c3b151aad3d007f2279cf5735d63f591623eff526770c425b726af0d950cfb2,21,district,district_17,District 17,murder,Murder,year_to_date,count,2025,,,3,3,,wilmington-compstat-v1,validated
year-end-compstat-2025-r1,year_end_compstat,2025-01-01,2025-12-31,1,3c3b151aad3d007f2279cf5735d63f591623eff526770c425b726af0d950cfb2,21,district,district_17,District 17,murder,Murder,year_to_date,count,2024,,,3,3,,wilmington-compstat-v1,validated
year-end-compstat-2025-r1,year_end_compstat,2025-01-01,2025-12-31,1,3c3b151aad3d007f2279cf5735d63f591623eff526770c425b726af0d950cfb2,21,district,district_17,District 17,murder,Murder,year_to_date,percent_change,2025,2024,1,0.0,0%,,wilmington-compstat-v1,validated
year-end-compstat-2025-r1,year_end_compstat,2025-01-01,2025-12-31,1,3c3b151aad3d007f2279cf5735d63f591623eff526770c425b726af0d950cfb2,21,district,district_17,District 17,murder,Murder,year_to_date,percent_change,2025,2023,2,0.0,0%,,wilmington-compstat-v1,validated
year-end-compstat-2025-r1,year_end_compstat,2025-01-01,2025-12-31,1,3c3b151aad3d007f2279cf5735d63f591623eff526770c425b726af0d950cfb2,21,district,district_17,District 17,murder,Murder,year_to_date,percent_change,2025,2022,3,0.0,0%,,wilmington-compstat-v1,validated
year-end-compstat-2025-r1,year_end_compstat,2025-01-01,2025-12-31,1,3c3b151aad3d007f2279cf5735d63f591623eff526770c425b726af0d950cfb2,21,district,district_17,District 17,murder,Murder,year_to_date,percent_change,2025,2021,4,-57.0,-57%,,wilmington-compstat-v1,validated
year-end-compstat-2025-r1,year_end_compstat,2025-01-01,2025-12-31,1,3c3b151aad3d007f2279cf5735d63f591623eff526770c425b726af0d950cfb2,21,district,district_17,District 17,murder,Murder,year_to_date,percent_change,2025,2020,5,-57.0,-57%,,wilmington-compstat-v1,validated
year-end-compstat-2025-r1,year_end_compstat,2025-01-01,2025-12-31,1,3c3b151aad3d007f2279cf5735d63f591623eff526770c425b726af0d950cfb2,21,district,district_17,District 17,murder,Murder,year_to_date,percent_change,2025,2019,6,-25.0,-25%,,wilmington-compstat-v1,validated
year-end-compstat-2025-r1,year_end_compstat,2025-01-01,2025-12-31,1,3c3b151aad3d007f2279cf5735d63f591623eff526770c425b726af0d950cfb2,21,district,district_17,District 17,rape,Rape,last_7_days,count,2025,,,0,0,,wilmington-compstat-v1,validated
year-end-compstat-2025-r1,year_end_compstat,2025-01-01,2025-12-31,1,3c3b151aad3d007f2279cf5735d63f591623eff526770c425b726af0d950cfb2,21,district,district_17,District 17,rape,Rape,last_7_days,count,2024,,,0,0,,wilmington-compstat-v1,validated
year-end-compstat-2025-r1,year_end_compstat,2025-01-01,2025-12-31,1,3c3b151aad3d007f2279cf5735d63f591623eff526770c425b726af0d950cfb2,21,district,district_17,District 17,rape,Rape,last_7_days,percent_change,2025,2024,1,,*,undefined_zero_denominator,wilmington-compstat-v1,validated
year-end-compstat-2025-r1,year_end_compstat,2025-01-01,2025-12-31,1,3c3b151aad3d007f2279cf5735d63f591623eff526770c425b726af0d950cfb2,21,district,district_17,District 17,rape,Rape,last_28_days,count,2025,,,0,0,,wilmington-compstat-v1,validated
year-end-compstat-2025-r1,year_end_compstat,2025-01-01,2025-12-31,1,3c3b151aad3d007f2279cf5735d63f591623eff526770c425b726af0d950cfb2,21,district,district_17,District 17,rape,Rape,last_28_days,count,2024,,,0,0,,wilmington-compstat-v1,validated
year-end-compstat-2025-r1,year_end_compstat,2025-01-01,2025-12-31,1,3c3b151aad3d007f2279cf5735d63f591623eff526770c425b726af0d950cfb2,21,district,district_17,District 17,rape,Rape,last_28_days,percent_change,2025,2024,1,,*,undefined_zero_denominator,wilmington-compstat-v1,validated
year-end-compstat-2025-r1,year_end_compstat,2025-01-01,2025-12-31,1,3c3b151aad3d007f2279cf5735d63f591623eff526770c425b726af0d950cfb2,21,district,district_17,District 17,rape,Rape,year_to_date,count,2025,,,0,0,,wilmington-compstat-v1,validated
year-end-compstat-2025-r1,year_end_compstat,2025-01-01,2025-12-31,1,3c3b151aad3d007f2279cf5735d63f591623eff526770c425b726af0d950cfb2,21,district,district_17,District 17,rape,Rape,year_to_date,count,2024,,,1,1,,wilmington-compstat-v1,validated
year-end-compstat-2025-r1,year_end_compstat,2025-01-01,2025-12-31,1,3c3b151aad3d007f2279cf5735d63f591623eff526770c425b726af0d950cfb2,21,district,district_17,District 17,rape,Rape,year_to_date,percent_change,2025,2024,1,-100.0,-100%,,wilmington-compstat-v1,validated
year-end-compstat-2025-r1,year_end_compstat,2025-01-01,2025-12-31,1,3c3b151aad3d007f2279cf5735d63f591623eff526770c425b726af0d950cfb2,21,district,district_17,District 17,rape,Rape,year_to_date,percent_change,2025,2023,2,-100.0,-100%,,wilmington-compstat-v1,validated
year-end-compstat-2025-r1,year_end_compstat,2025-01-01,2025-12-31,1,3c3b151aad3d007f2279cf5735d63f591623eff526770c425b726af0d950cfb2,21,district,district_17,District 17,rape,Rape,year_to_date,percent_change,2025,2022,3,-100.0,-100%,,wilmington-compstat-v1,validated
year-end-compstat-2025-r1,year_end_compstat,2025-01-01,2025-12-31,1,3c3b151aad3d007f2279cf5735d63f591623eff526770c425b726af0d950cfb2,21,district,district_17,District 17,rape,Rape,year_to_date,percent_change,2025,2021,4,-100.0,-100%,,wilmington-compstat-v1,validated
year-end-compstat-2025-r1,year_end_compstat,2025-01-01,2025-12-31,1,3c3b151aad3d007f2279cf5735d63f591623eff526770c425b726af0d950cfb2,21,district,district_17,District 17,rape,Rape,year_to_date,percent_change,2025,2020,5,-100.0,-100%,,wilmington-compstat-v1,validated
year-end-compstat-2025-r1,year_end_compstat,2025-01-01,2025-12-31,1,3c3b151aad3d007f2279cf5735d63f591623eff526770c425b726af0d950cfb2,21,district,district_17,District 17,rape,Rape,year_to_date,percent_change,2025,2019,6,-100.0,-100%,,wilmington-compstat-v1,validated
year-end-compstat-2025-r1,year_end_compstat,2025-01-01,2025-12-31,1,3c3b151aad3d007f2279cf5735d63f591623eff526770c425b726af0d950cfb2,21,district,district_17,District 17,robbery,Robbery,last_7_days,count,2025,,,2,2,,wilmington-compstat-v1,validated
year-end-compstat-2025-r1,year_end_compstat,2025-01-01,2025-12-31,1,3c3b151aad3d007f2279cf5735d63f591623eff526770c425b726af0d950cfb2,21,district,district_17,District 17,robbery,Robbery,last_7_days,count,2024,,,1,1,,wilmington-compstat-v1,validated
year-end-compstat-2025-r1,year_end_compstat,2025-01-01,2025-12-31,1,3c3b151aad3d007f2279cf5735d63f591623eff526770c425b726af0d950cfb2,21,district,district_17,District 17,robbery,Robbery,last_7_days,percent_change,2025,2024,1,100.0,100%,,wilmington-compstat-v1,validated
year-end-compstat-2025-r1,year_end_compstat,2025-01-01,2025-12-31,1,3c3b151aad3d007f2279cf5735d63f591623eff526770c425b726af0d950cfb2,21,district,district_17,District 17,robbery,Robbery,last_28_days,count,2025,,,4,4,,wilmington-compstat-v1,validated
year-end-compstat-2025-r1,year_end_compstat,2025-01-01,2025-12-31,1,3c3b151aad3d007f2279cf5735d63f591623eff526770c425b726af0d950cfb2,21,district,district_17,District 17,robbery,Robbery,last_28_days,count,2024,,,5,5,,wilmington-compstat-v1,validated
year-end-compstat-2025-r1,year_end_compstat,2025-01-01,2025-12-31,1,3c3b151aad3d007f2279cf5735d63f591623eff526770c425b726af0d950cfb2,21,district,district_17,District 17,robbery,Robbery,last_28_days,percent_change,2025,2024,1,-20.0,-20%,,wilmington-compstat-v1,validated
year-end-compstat-2025-r1,year_end_compstat,2025-01-01,2025-12-31,1,3c3b151aad3d007f2279cf5735d63f591623eff526770c425b726af0d950cfb2,21,district,district_17,District 17,robbery,Robbery,year_to_date,count,2025,,,39,39,,wilmington-compstat-v1,validated
year-end-compstat-2025-r1,year_end_compstat,2025-01-01,2025-12-31,1,3c3b151aad3d007f2279cf5735d63f591623eff526770c425b726af0d950cfb2,21,district,district_17,District 17,robbery,Robbery,year_to_date,count,2024,,,32,32,,wilmington-compstat-v1,validated
year-end-compstat-2025-r1,year_end_compstat,2025-01-01,2025-12-31,1,3c3b151aad3d007f2279cf5735d63f591623eff526770c425b726af0d950cfb2,21,district,district_17,District 17,robbery,Robbery,year_to_date,percent_change,2025,2024,1,22.0,22%,,wilmington-compstat-v1,validated
year-end-compstat-2025-r1,year_end_compstat,2025-01-01,2025-12-31,1,3c3b151aad3d007f2279cf5735d63f591623eff526770c425b726af0d950cfb2,21,district,district_17,District 17,robbery,Robbery,year_to_date,percent_change,2025,2023,2,30.0,30%,,wilmington-compstat-v1,validated
year-end-compstat-2025-r1,year_end_compstat,2025-01-01,2025-12-31,1,3c3b151aad3d007f2279cf5735d63f591623eff526770c425b726af0d950cfb2,21,district,district_17,District 17,robbery,Robbery,year_to_date,percent_change,2025,2022,3,-5.0,-5%,,wilmington-compstat-v1,validated
year-end-compstat-2025-r1,year_end_compstat,2025-01-01,2025-12-31,1,3c3b151aad3d007f2279cf5735d63f591623eff526770c425b726af0d950cfb2,21,district,district_17,District 17,robbery,Robbery,year_to_date,percent_change,2025,2021,4,-13.0,-13%,,wilmington-compstat-v1,validated
year-end-compstat-2025-r1,year_end_compstat,2025-01-01,2025-12-31,1,3c3b151aad3d007f2279cf5735d63f591623eff526770c425b726af0d950cfb2,21,district,district_17,District 17,robbery,Robbery,year_to_date,percent_change,2025,2020,5,-22.0,-22%,,wilmington-compstat-v1,validated
year-end-compstat-2025-r1,year_end_compstat,2025-01-01,2025-12-31,1,3c3b151aad3d007f2279cf5735d63f591623eff526770c425b726af0d950cfb2,21,district,district_17,District 17,robbery,Robbery,year_to_date,percent_change,2025,2019,6,-32.0,-32%,,wilmington-compstat-v1,validated
year-end-compstat-2025-r1,year_end_compstat,2025-01-01,2025-12-31,1,3c3b151aad3d007f2279cf5735d63f591623eff526770c425b726af0d950cfb2,21,district,district_17,District 17,aggravated_assault,Agg. Assault,last_7_days,count,2025,,,0,0,,wilmington-compstat-v1,validated
year-end-compstat-2025-r1,year_end_compstat,2025-01-01,2025-12-31,1,3c3b151aad3d007f2279cf5735d63f591623eff526770c425b726af0d950cfb2,21,district,district_17,District 17,aggravated_assault,Agg. Assault,last_7_days,count,2024,,,3,3,,wilmington-compstat-v1,validated
year-end-compstat-2025-r1,year_end_compstat,2025-01-01,2025-12-31,1,3c3b151aad3d007f2279cf5735d63f591623eff526770c425b726af0d950cfb2,21,district,district_17,District 17,aggravated_assault,Agg. Assault,last_7_days,percent_change,2025,2024,1,-100.0,-100%,,wilmington-compstat-v1,validated
year-end-compstat-2025-r1,year_end_compstat,2025-01-01,2025-12-31,1,3c3b151aad3d007f2279cf5735d63f591623eff526770c425b726af0d950cfb2,21,district,district_17,District 17,aggravated_assault,Agg. Assault,last_28_days,count,2025,,,3,3,,wilmington-compstat-v1,validated
year-end-compstat-2025-r1,year_end_compstat,2025-01-01,2025-12-31,1,3c3b151aad3d007f2279cf5735d63f591623eff526770c425b726af0d950cfb2,21,district,district_17,District 17,aggravated_assault,Agg. Assault,last_28_days,count,2024,,,7,7,,wilmington-compstat-v1,validated
year-end-compstat-2025-r1,year_end_compstat,2025-01-01,2025-12-31,1,3c3b151aad3d007f2279cf5735d63f591623eff526770c425b726af0d950cfb2,21,district,district_17,District 17,aggravated_assault,Agg. Assault,last_28_days,percent_change,2025,2024,1,-57.0,-57%,,wilmington-compstat-v1,validated
year-end-compstat-2025-r1,year_end_compstat,2025-01-01,2025-12-31,1,3c3b151aad3d007f2279cf5735d63f591623eff526770c425b726af0d950cfb2,21,district,district_17,District 17,aggravated_assault,Agg. Assault,year_to_date,count,2025,,,72,72,,wilmington-compstat-v1,validated
year-end-compstat-2025-r1,year_end_compstat,2025-01-01,2025-12-31,1,3c3b151aad3d007f2279cf5735d63f591623eff526770c425b726af0d950cfb2,21,district,district_17,District 17,aggravated_assault,Agg. Assault,year_to_date,count,2024,,,55,55,,wilmington-compstat-v1,validated
year-end-compstat-2025-r1,year_end_compstat,2025-01-01,2025-12-31,1,3c3b151aad3d007f2279cf5735d63f591623eff526770c425b726af0d950cfb2,21,district,district_17,District 17,aggravated_assault,Agg. Assault,year_to_date,percent_change,2025,2024,1,31.0,31%,,wilmington-compstat-v1,validated
year-end-compstat-2025-r1,year_end_compstat,2025-01-01,2025-12-31,1,3c3b151aad3d007f2279cf5735d63f591623eff526770c425b726af0d950cfb2,21,district,district_17,District 17,aggravated_assault,Agg. Assault,year_to_date,percent_change,2025,2023,2,-6.0,-6%,,wilmington-compstat-v1,validated
year-end-compstat-2025-r1,year_end_compstat,2025-01-01,2025-12-31,1,3c3b151aad3d007f2279cf5735d63f591623eff526770c425b726af0d950cfb2,21,district,district_17,District 17,aggravated_assault,Agg. Assault,year_to_date,percent_change,2025,2022,3,-12.0,-12%,,wilmington-compstat-v1,validated
year-end-compstat-2025-r1,year_end_compstat,2025-01-01,2025-12-31,1,3c3b151aad3d007f2279cf5735d63f591623eff526770c425b726af0d950cfb2,21,district,district_17,District 17,aggravated_assault,Agg. Assault,year_to_date,percent_change,2025,2021,4,-29.0,-29%,,wilmington-compstat-v1,validated
year-end-compstat-2025-r1,year_end_compstat,2025-01-01,2025-12-31,1,3c3b151aad3d007f2279cf5735d63f591623eff526770c425b726af0d950cfb2,21,district,district_17,District 17,aggravated_assault,Agg. Assault,year_to_date,percent_change,2025,2020,5,-5.0,-5%,,wilmington-compstat-v1,validated
year-end-compstat-2025-r1,year_end_compstat,2025-01-01,2025-12-31,1,3c3b151aad3d007f2279cf5735d63f591623eff526770c425b726af0d950cfb2,21,district,district_17,District 17,aggravated_assault,Agg. Assault,year_to_date,percent_change,2025,2019,6,4.0,4%,,wilmington-compstat-v1,validated
year-end-compstat-2025-r1,year_end_compstat,2025-01-01,2025-12-31,1,3c3b151aad3d007f2279cf5735d63f591623eff526770c425b726af0d950cfb2,21,district,district_17,District 17,burglary,Burglary,last_7_days,count,2025,,,0,0,,wilmington-compstat-v1,validated
year-end-compstat-2025-r1,year_end_compstat,2025-01-01,2025-12-31,1,3c3b151aad3d007f2279cf5735d63f591623eff526770c425b726af0d950cfb2,21,district,district_17,District 17,burglary,Burglary,last_7_days,count,2024,,,1,1,,wilmington-compstat-v1,validated
year-end-compstat-2025-r1,year_end_compstat,2025-01-01,2025-12-31,1,3c3b151aad3d007f2279cf5735d63f591623eff526770c425b726af0d950cfb2,21,district,district_17,District 17,burglary,Burglary,last_7_days,percent_change,2025,2024,1,-100.0,-100%,,wilmington-compstat-v1,validated
year-end-compstat-2025-r1,year_end_compstat,2025-01-01,2025-12-31,1,3c3b151aad3d007f2279cf5735d63f591623eff526770c425b726af0d950cfb2,21,district,district_17,District 17,burglary,Burglary,last_28_days,count,2025,,,4,4,,wilmington-compstat-v1,validated
year-end-compstat-2025-r1,year_end_compstat,2025-01-01,2025-12-31,1,3c3b151aad3d007f2279cf5735d63f591623eff526770c425b726af0d950cfb2,21,district,district_17,District 17,burglary,Burglary,last_28_days,count,2024,,,9,9,,wilmington-compstat-v1,validated
year-end-compstat-2025-r1,year_end_compstat,2025-01-01,2025-12-31,1,3c3b151aad3d007f2279cf5735d63f591623eff526770c425b726af0d950cfb2,21,district,district_17,District 17,burglary,Burglary,last_28_days,percent_change,2025,2024,1,-56.0,-56%,,wilmington-compstat-v1,validated
year-end-compstat-2025-r1,year_end_compstat,2025-01-01,2025-12-31,1,3c3b151aad3d007f2279cf5735d63f591623eff526770c425b726af0d950cfb2,21,district,district_17,District 17,burglary,Burglary,year_to_date,count,2025,,,52,52,,wilmington-compstat-v1,validated
year-end-compstat-2025-r1,year_end_compstat,2025-01-01,2025-12-31,1,3c3b151aad3d007f2279cf5735d63f591623eff526770c425b726af0d950cfb2,21,district,district_17,District 17,burglary,Burglary,year_to_date,count,2024,,,59,59,,wilmington-compstat-v1,validated
year-end-compstat-2025-r1,year_end_compstat,2025-01-01,2025-12-31,1,3c3b151aad3d007f2279cf5735d63f591623eff526770c425b726af0d950cfb2,21,district,district_17,District 17,burglary,Burglary,year_to_date,percent_change,2025,2024,1,-12.0,-12%,,wilmington-compstat-v1,validated
year-end-compstat-2025-r1,year_end_compstat,2025-01-01,2025-12-31,1,3c3b151aad3d007f2279cf5735d63f591623eff526770c425b726af0d950cfb2,21,district,district_17,District 17,burglary,Burglary,year_to_date,percent_change,2025,2023,2,-20.0,-20%,,wilmington-compstat-v1,validated
year-end-compstat-2025-r1,year_end_compstat,2025-01-01,2025-12-31,1,3c3b151aad3d007f2279cf5735d63f591623eff526770c425b726af0d950cfb2,21,district,district_17,District 17,burglary,Burglary,year_to_date,percent_change,2025,2022,3,-31.0,-31%,,wilmington-compstat-v1,validated
year-end-compstat-2025-r1,year_end_compstat,2025-01-01,2025-12-31,1,3c3b151aad3d007f2279cf5735d63f591623eff526770c425b726af0d950cfb2,21,district,district_17,District 17,burglary,Burglary,year_to_date,percent_change,2025,2021,4,-22.0,-22%,,wilmington-compstat-v1,validated
year-end-compstat-2025-r1,year_end_compstat,2025-01-01,2025-12-31,1,3c3b151aad3d007f2279cf5735d63f591623eff526770c425b726af0d950cfb2,21,district,district_17,District 17,burglary,Burglary,year_to_date,percent_change,2025,2020,5,-45.0,-45%,,wilmington-compstat-v1,validated
year-end-compstat-2025-r1,year_end_compstat,2025-01-01,2025-12-31,1,3c3b151aad3d007f2279cf5735d63f591623eff526770c425b726af0d950cfb2,21,district,district_17,District 17,burglary,Burglary,year_to_date,percent_change,2025,2019,6,-54.0,-54%,,wilmington-compstat-v1,validated
year-end-compstat-2025-r1,year_end_compstat,2025-01-01,2025-12-31,1,3c3b151aad3d007f2279cf5735d63f591623eff526770c425b726af0d950cfb2,21,district,district_17,District 17,felony_theft,Felony Theft,last_7_days,count,2025,,,0,0,,wilmington-compstat-v1,validated
year-end-compstat-2025-r1,year_end_compstat,2025-01-01,2025-12-31,1,3c3b151aad3d007f2279cf5735d63f591623eff526770c425b726af0d950cfb2,21,district,district_17,District 17,felony_theft,Felony Theft,last_7_days,count,2024,,,1,1,,wilmington-compstat-v1,validated
year-end-compstat-2025-r1,year_end_compstat,2025-01-01,2025-12-31,1,3c3b151aad3d007f2279cf5735d63f591623eff526770c425b726af0d950cfb2,21,district,district_17,District 17,felony_theft,Felony Theft,last_7_days,percent_change,2025,2024,1,-100.0,-100%,,wilmington-compstat-v1,validated
year-end-compstat-2025-r1,year_end_compstat,2025-01-01,2025-12-31,1,3c3b151aad3d007f2279cf5735d63f591623eff526770c425b726af0d950cfb2,21,district,district_17,District 17,felony_theft,Felony Theft,last_28_days,count,2025,,,1,1,,wilmington-compstat-v1,validated
year-end-compstat-2025-r1,year_end_compstat,2025-01-01,2025-12-31,1,3c3b151aad3d007f2279cf5735d63f591623eff526770c425b726af0d950cfb2,21,district,district_17,District 17,felony_theft,Felony Theft,last_28_days,count,2024,,,3,3,,wilmington-compstat-v1,validated
year-end-compstat-2025-r1,year_end_compstat,2025-01-01,2025-12-31,1,3c3b151aad3d007f2279cf5735d63f591623eff526770c425b726af0d950cfb2,21,district,district_17,District 17,felony_theft,Felony Theft,last_28_days,percent_change,2025,2024,1,-67.0,-67%,,wilmington-compstat-v1,validated
year-end-compstat-2025-r1,year_end_compstat,2025-01-01,2025-12-31,1,3c3b151aad3d007f2279cf5735d63f591623eff526770c425b726af0d950cfb2,21,district,district_17,District 17,felony_theft,Felony Theft,year_to_date,count,2025,,,31,31,,wilmington-compstat-v1,validated
year-end-compstat-2025-r1,year_end_compstat,2025-01-01,2025-12-31,1,3c3b151aad3d007f2279cf5735d63f591623eff526770c425b726af0d950cfb2,21,district,district_17,District 17,felony_theft,Felony Theft,year_to_date,count,2024,,,28,28,,wilmington-compstat-v1,validated
year-end-compstat-2025-r1,year_end_compstat,2025-01-01,2025-12-31,1,3c3b151aad3d007f2279cf5735d63f591623eff526770c425b726af0d950cfb2,21,district,district_17,District 17,felony_theft,Felony Theft,year_to_date,percent_change,2025,2024,1,11.0,11%,,wilmington-compstat-v1,validated
year-end-compstat-2025-r1,year_end_compstat,2025-01-01,2025-12-31,1,3c3b151aad3d007f2279cf5735d63f591623eff526770c425b726af0d950cfb2,21,district,district_17,District 17,felony_theft,Felony Theft,year_to_date,percent_change,2025,2023,2,-28.0,-28%,,wilmington-compstat-v1,validated
year-end-compstat-2025-r1,year_end_compstat,2025-01-01,2025-12-31,1,3c3b151aad3d007f2279cf5735d63f591623eff526770c425b726af0d950cfb2,21,district,district_17,District 17,felony_theft,Felony Theft,year_to_date,percent_change,2025,2022,3,-24.0,-24%,,wilmington-compstat-v1,validated
year-end-compstat-2025-r1,year_end_compstat,2025-01-01,2025-12-31,1,3c3b151aad3d007f2279cf5735d63f591623eff526770c425b726af0d950cfb2,21,district,district_17,District 17,felony_theft,Felony Theft,year_to_date,percent_change,2025,2021,4,-6.0,-6%,,wilmington-compstat-v1,validated
year-end-compstat-2025-r1,year_end_compstat,2025-01-01,2025-12-31,1,3c3b151aad3d007f2279cf5735d63f591623eff526770c425b726af0d950cfb2,21,district,district_17,District 17,felony_theft,Felony Theft,year_to_date,percent_change,2025,2020,5,-9.0,-9%,,wilmington-compstat-v1,validated
year-end-compstat-2025-r1,year_end_compstat,2025-01-01,2025-12-31,1,3c3b151aad3d007f2279cf5735d63f591623eff526770c425b726af0d950cfb2,21,district,district_17,District 17,felony_theft,Felony Theft,year_to_date,percent_change,2025,2019,6,11.0,11%,,wilmington-compstat-v1,validated
year-end-compstat-2025-r1,year_end_compstat,2025-01-01,2025-12-31,1,3c3b151aad3d007f2279cf5735d63f591623eff526770c425b726af0d950cfb2,21,district,district_17,District 17,auto_theft,Auto Theft,last_7_days,count,2025,,,0,0,,wilmington-compstat-v1,validated
year-end-compstat-2025-r1,year_end_compstat,2025-01-01,2025-12-31,1,3c3b151aad3d007f2279cf5735d63f591623eff526770c425b726af0d950cfb2,21,district,district_17,District 17,auto_theft,Auto Theft,last_7_days,count,2024,,,1,1,,wilmington-compstat-v1,validated
year-end-compstat-2025-r1,year_end_compstat,2025-01-01,2025-12-31,1,3c3b151aad3d007f2279cf5735d63f591623eff526770c425b726af0d950cfb2,21,district,district_17,District 17,auto_theft,Auto Theft,last_7_days,percent_change,2025,2024,1,-100.0,-100%,,wilmington-compstat-v1,validated
year-end-compstat-2025-r1,year_end_compstat,2025-01-01,2025-12-31,1,3c3b151aad3d007f2279cf5735d63f591623eff526770c425b726af0d950cfb2,21,district,district_17,District 17,auto_theft,Auto Theft,last_28_days,count,2025,,,8,8,,wilmington-compstat-v1,validated
year-end-compstat-2025-r1,year_end_compstat,2025-01-01,2025-12-31,1,3c3b151aad3d007f2279cf5735d63f591623eff526770c425b726af0d950cfb2,21,district,district_17,District 17,auto_theft,Auto Theft,last_28_days,count,2024,,,2,2,,wilmington-compstat-v1,validated
year-end-compstat-2025-r1,year_end_compstat,2025-01-01,2025-12-31,1,3c3b151aad3d007f2279cf5735d63f591623eff526770c425b726af0d950cfb2,21,district,district_17,District 17,auto_theft,Auto Theft,last_28_days,percent_change,2025,2024,1,300.0,300%,,wilmington-compstat-v1,validated
year-end-compstat-2025-r1,year_end_compstat,2025-01-01,2025-12-31,1,3c3b151aad3d007f2279cf5735d63f591623eff526770c425b726af0d950cfb2,21,district,district_17,District 17,auto_theft,Auto Theft,year_to_date,count,2025,,,73,73,,wilmington-compstat-v1,validated
year-end-compstat-2025-r1,year_end_compstat,2025-01-01,2025-12-31,1,3c3b151aad3d007f2279cf5735d63f591623eff526770c425b726af0d950cfb2,21,district,district_17,District 17,auto_theft,Auto Theft,year_to_date,count,2024,,,82,82,,wilmington-compstat-v1,validated
year-end-compstat-2025-r1,year_end_compstat,2025-01-01,2025-12-31,1,3c3b151aad3d007f2279cf5735d63f591623eff526770c425b726af0d950cfb2,21,district,district_17,District 17,auto_theft,Auto Theft,year_to_date,percent_change,2025,2024,1,-11.0,-11%,,wilmington-compstat-v1,validated
year-end-compstat-2025-r1,year_end_compstat,2025-01-01,2025-12-31,1,3c3b151aad3d007f2279cf5735d63f591623eff526770c425b726af0d950cfb2,21,district,district_17,District 17,auto_theft,Auto Theft,year_to_date,percent_change,2025,2023,2,-26.0,-26%,,wilmington-compstat-v1,validated
year-end-compstat-2025-r1,year_end_compstat,2025-01-01,2025-12-31,1,3c3b151aad3d007f2279cf5735d63f591623eff526770c425b726af0d950cfb2,21,district,district_17,District 17,auto_theft,Auto Theft,year_to_date,percent_change,2025,2022,3,43.0,43%,,wilmington-compstat-v1,validated
year-end-compstat-2025-r1,year_end_compstat,2025-01-01,2025-12-31,1,3c3b151aad3d007f2279cf5735d63f591623eff526770c425b726af0d950cfb2,21,district,district_17,District 17,auto_theft,Auto Theft,year_to_date,percent_change,2025,2021,4,-5.0,-5%,,wilmington-compstat-v1,validated
year-end-compstat-2025-r1,year_end_compstat,2025-01-01,2025-12-31,1,3c3b151aad3d007f2279cf5735d63f591623eff526770c425b726af0d950cfb2,21,district,district_17,District 17,auto_theft,Auto Theft,year_to_date,percent_change,2025,2020,5,20.0,20%,,wilmington-compstat-v1,validated
year-end-compstat-2025-r1,year_end_compstat,2025-01-01,2025-12-31,1,3c3b151aad3d007f2279cf5735d63f591623eff526770c425b726af0d950cfb2,21,district,district_17,District 17,auto_theft,Auto Theft,year_to_date,percent_change,2025,2019,6,14.0,14%,,wilmington-compstat-v1,validated
year-end-compstat-2025-r1,year_end_compstat,2025-01-01,2025-12-31,1,3c3b151aad3d007f2279cf5735d63f591623eff526770c425b726af0d950cfb2,21,district,district_17,District 17,major_crime_total,TOTAL,last_7_days,count,2025,,,2,2,,wilmington-compstat-v1,validated
year-end-compstat-2025-r1,year_end_compstat,2025-01-01,2025-12-31,1,3c3b151aad3d007f2279cf5735d63f591623eff526770c425b726af0d950cfb2,21,district,district_17,District 17,major_crime_total,TOTAL,last_7_days,count,2024,,,7,7,,wilmington-compstat-v1,validated
year-end-compstat-2025-r1,year_end_compstat,2025-01-01,2025-12-31,1,3c3b151aad3d007f2279cf5735d63f591623eff526770c425b726af0d950cfb2,21,district,district_17,District 17,major_crime_total,TOTAL,last_7_days,percent_change,2025,2024,1,-71.0,-71%,,wilmington-compstat-v1,validated
year-end-compstat-2025-r1,year_end_compstat,2025-01-01,2025-12-31,1,3c3b151aad3d007f2279cf5735d63f591623eff526770c425b726af0d950cfb2,21,district,district_17,District 17,major_crime_total,TOTAL,last_28_days,count,2025,,,21,21,,wilmington-compstat-v1,validated
year-end-compstat-2025-r1,year_end_compstat,2025-01-01,2025-12-31,1,3c3b151aad3d007f2279cf5735d63f591623eff526770c425b726af0d950cfb2,21,district,district_17,District 17,major_crime_total,TOTAL,last_28_days,count,2024,,,26,26,,wilmington-compstat-v1,validated
year-end-compstat-2025-r1,year_end_compstat,2025-01-01,2025-12-31,1,3c3b151aad3d007f2279cf5735d63f591623eff526770c425b726af0d950cfb2,21,district,district_17,District 17,major_crime_total,TOTAL,last_28_days,percent_change,2025,2024,1,-19.0,-19%,,wilmington-compstat-v1,validated
year-end-compstat-2025-r1,year_end_compstat,2025-01-01,2025-12-31,1,3c3b151aad3d007f2279cf5735d63f591623eff526770c425b726af0d950cfb2,21,district,district_17,District 17,major_crime_total,TOTAL,year_to_date,count,2025,,,270,270,,wilmington-compstat-v1,validated
year-end-compstat-2025-r1,year_end_compstat,2025-01-01,2025-12-31,1,3c3b151aad3d007f2279cf5735d63f591623eff526770c425b726af0d950cfb2,21,district,district_17,District 17,major_crime_total,TOTAL,year_to_date,count,2024,,,260,260,,wilmington-compstat-v1,validated
year-end-compstat-2025-r1,year_end_compstat,2025-01-01,2025-12-31,1,3c3b151aad3d007f2279cf5735d63f591623eff526770c425b726af0d950cfb2,21,district,district_17,District 17,major_crime_total,TOTAL,year_to_date,percent_change,2025,2024,1,4.0,4%,,wilmington-compstat-v1,validated
year-end-compstat-2025-r1,year_end_compstat,2025-01-01,2025-12-31,1,3c3b151aad3d007f2279cf5735d63f591623eff526770c425b726af0d950cfb2,21,district,district_17,District 17,major_crime_total,TOTAL,year_to_date,percent_change,2025,2023,2,-15.0,-15%,,wilmington-compstat-v1,validated
year-end-compstat-2025-r1,year_end_compstat,2025-01-01,2025-12-31,1,3c3b151aad3d007f2279cf5735d63f591623eff526770c425b726af0d950cfb2,21,district,district_17,District 17,major_crime_total,TOTAL,year_to_date,percent_change,2025,2022,3,-8.0,-8%,,wilmington-compstat-v1,validated
year-end-compstat-2025-r1,year_end_compstat,2025-01-01,2025-12-31,1,3c3b151aad3d007f2279cf5735d63f591623eff526770c425b726af0d950cfb2,21,district,district_17,District 17,major_crime_total,TOTAL,year_to_date,percent_change,2025,2021,4,-19.0,-19%,,wilmington-compstat-v1,validated
year-end-compstat-2025-r1,year_end_compstat,2025-01-01,2025-12-31,1,3c3b151aad3d007f2279cf5735d63f591623eff526770c425b726af0d950cfb2,21,district,district_17,District 17,major_crime_total,TOTAL,year_to_date,percent_change,2025,2020,5,-16.0,-16%,,wilmington-compstat-v1,validated
year-end-compstat-2025-r1,year_end_compstat,2025-01-01,2025-12-31,1,3c3b151aad3d007f2279cf5735d63f591623eff526770c425b726af0d950cfb2,21,district,district_17,District 17,major_crime_total,TOTAL,year_to_date,percent_change,2025,2019,6,-20.0,-20%,,wilmington-compstat-v1,validated
year-end-compstat-2025-r1,year_end_compstat,2025-01-01,2025-12-31,1,3c3b151aad3d007f2279cf5735d63f591623eff526770c425b726af0d950cfb2,21,district,district_17,District 17,shooting_incidents,Shooting Incidents,last_7_days,count,2025,,,0,0,,wilmington-compstat-v1,validated
year-end-compstat-2025-r1,year_end_compstat,2025-01-01,2025-12-31,1,3c3b151aad3d007f2279cf5735d63f591623eff526770c425b726af0d950cfb2,21,district,district_17,District 17,shooting_incidents,Shooting Incidents,last_7_days,count,2024,,,0,0,,wilmington-compstat-v1,validated
year-end-compstat-2025-r1,year_end_compstat,2025-01-01,2025-12-31,1,3c3b151aad3d007f2279cf5735d63f591623eff526770c425b726af0d950cfb2,21,district,district_17,District 17,shooting_incidents,Shooting Incidents,last_7_days,percent_change,2025,2024,1,,*,undefined_zero_denominator,wilmington-compstat-v1,validated
year-end-compstat-2025-r1,year_end_compstat,2025-01-01,2025-12-31,1,3c3b151aad3d007f2279cf5735d63f591623eff526770c425b726af0d950cfb2,21,district,district_17,District 17,shooting_incidents,Shooting Incidents,last_28_days,count,2025,,,0,0,,wilmington-compstat-v1,validated
year-end-compstat-2025-r1,year_end_compstat,2025-01-01,2025-12-31,1,3c3b151aad3d007f2279cf5735d63f591623eff526770c425b726af0d950cfb2,21,district,district_17,District 17,shooting_incidents,Shooting Incidents,last_28_days,count,2024,,,0,0,,wilmington-compstat-v1,validated
year-end-compstat-2025-r1,year_end_compstat,2025-01-01,2025-12-31,1,3c3b151aad3d007f2279cf5735d63f591623eff526770c425b726af0d950cfb2,21,district,district_17,District 17,shooting_incidents,Shooting Incidents,last_28_days,percent_change,2025,2024,1,,*,undefined_zero_denominator,wilmington-compstat-v1,validated
year-end-compstat-2025-r1,year_end_compstat,2025-01-01,2025-12-31,1,3c3b151aad3d007f2279cf5735d63f591623eff526770c425b726af0d950cfb2,21,district,district_17,District 17,shooting_incidents,Shooting Incidents,year_to_date,count,2025,,,14,14,,wilmington-compstat-v1,validated
year-end-compstat-2025-r1,year_end_compstat,2025-01-01,2025-12-31,1,3c3b151aad3d007f2279cf5735d63f591623eff526770c425b726af0d950cfb2,21,district,district_17,District 17,shooting_incidents,Shooting Incidents,year_to_date,count,2024,,,12,12,,wilmington-compstat-v1,validated
year-end-compstat-2025-r1,year_end_compstat,2025-01-01,2025-12-31,1,3c3b151aad3d007f2279cf5735d63f591623eff526770c425b726af0d950cfb2,21,district,district_17,District 17,shooting_incidents,Shooting Incidents,year_to_date,percent_change,2025,2024,1,17.0,17%,,wilmington-compstat-v1,validated
year-end-compstat-2025-r1,year_end_compstat,2025-01-01,2025-12-31,1,3c3b151aad3d007f2279cf5735d63f591623eff526770c425b726af0d950cfb2,21,district,district_17,District 17,shooting_incidents,Shooting Incidents,year_to_date,percent_change,2025,2023,2,-26.0,-26%,,wilmington-compstat-v1,validated
year-end-compstat-2025-r1,year_end_compstat,2025-01-01,2025-12-31,1,3c3b151aad3d007f2279cf5735d63f591623eff526770c425b726af0d950cfb2,21,district,district_17,District 17,shooting_incidents,Shooting Incidents,year_to_date,percent_change,2025,2022,3,-7.0,-7%,,wilmington-compstat-v1,validated
year-end-compstat-2025-r1,year_end_compstat,2025-01-01,2025-12-31,1,3c3b151aad3d007f2279cf5735d63f591623eff526770c425b726af0d950cfb2,21,district,district_17,District 17,shooting_incidents,Shooting Incidents,year_to_date,percent_change,2025,2021,4,-33.0,-33%,,wilmington-compstat-v1,validated
year-end-compstat-2025-r1,year_end_compstat,2025-01-01,2025-12-31,1,3c3b151aad3d007f2279cf5735d63f591623eff526770c425b726af0d950cfb2,21,district,district_17,District 17,shooting_incidents,Shooting Incidents,year_to_date,percent_change,2025,2020,5,-18.0,-18%,,wilmington-compstat-v1,validated
year-end-compstat-2025-r1,year_end_compstat,2025-01-01,2025-12-31,1,3c3b151aad3d007f2279cf5735d63f591623eff526770c425b726af0d950cfb2,21,district,district_17,District 17,shooting_incidents,Shooting Incidents,year_to_date,percent_change,2025,2019,6,17.0,17%,,wilmington-compstat-v1,validated
year-end-compstat-2025-r1,year_end_compstat,2025-01-01,2025-12-31,1,3c3b151aad3d007f2279cf5735d63f591623eff526770c425b726af0d950cfb2,21,district,district_17,District 17,shooting_victims,Shooting Victims,last_7_days,count,2025,,,0,0,,wilmington-compstat-v1,validated
year-end-compstat-2025-r1,year_end_compstat,2025-01-01,2025-12-31,1,3c3b151aad3d007f2279cf5735d63f591623eff526770c425b726af0d950cfb2,21,district,district_17,District 17,shooting_victims,Shooting Victims,last_7_days,count,2024,,,0,0,,wilmington-compstat-v1,validated
year-end-compstat-2025-r1,year_end_compstat,2025-01-01,2025-12-31,1,3c3b151aad3d007f2279cf5735d63f591623eff526770c425b726af0d950cfb2,21,district,district_17,District 17,shooting_victims,Shooting Victims,last_7_days,percent_change,2025,2024,1,,*,undefined_zero_denominator,wilmington-compstat-v1,validated
year-end-compstat-2025-r1,year_end_compstat,2025-01-01,2025-12-31,1,3c3b151aad3d007f2279cf5735d63f591623eff526770c425b726af0d950cfb2,21,district,district_17,District 17,shooting_victims,Shooting Victims,last_28_days,count,2025,,,0,0,,wilmington-compstat-v1,validated
year-end-compstat-2025-r1,year_end_compstat,2025-01-01,2025-12-31,1,3c3b151aad3d007f2279cf5735d63f591623eff526770c425b726af0d950cfb2,21,district,district_17,District 17,shooting_victims,Shooting Victims,last_28_days,count,2024,,,0,0,,wilmington-compstat-v1,validated
year-end-compstat-2025-r1,year_end_compstat,2025-01-01,2025-12-31,1,3c3b151aad3d007f2279cf5735d63f591623eff526770c425b726af0d950cfb2,21,district,district_17,District 17,shooting_victims,Shooting Victims,last_28_days,percent_change,2025,2024,1,,*,undefined_zero_denominator,wilmington-compstat-v1,validated
year-end-compstat-2025-r1,year_end_compstat,2025-01-01,2025-12-31,1,3c3b151aad3d007f2279cf5735d63f591623eff526770c425b726af0d950cfb2,21,district,district_17,District 17,shooting_victims,Shooting Victims,year_to_date,count,2025,,,16,16,,wilmington-compstat-v1,validated
year-end-compstat-2025-r1,year_end_compstat,2025-01-01,2025-12-31,1,3c3b151aad3d007f2279cf5735d63f591623eff526770c425b726af0d950cfb2,21,district,district_17,District 17,shooting_victims,Shooting Victims,year_to_date,count,2024,,,15,15,,wilmington-compstat-v1,validated
year-end-compstat-2025-r1,year_end_compstat,2025-01-01,2025-12-31,1,3c3b151aad3d007f2279cf5735d63f591623eff526770c425b726af0d950cfb2,21,district,district_17,District 17,shooting_victims,Shooting Victims,year_to_date,percent_change,2025,2024,1,7.0,7%,,wilmington-compstat-v1,validated
year-end-compstat-2025-r1,year_end_compstat,2025-01-01,2025-12-31,1,3c3b151aad3d007f2279cf5735d63f591623eff526770c425b726af0d950cfb2,21,district,district_17,District 17,shooting_victims,Shooting Victims,year_to_date,percent_change,2025,2023,2,-30.0,-30%,,wilmington-compstat-v1,validated
year-end-compstat-2025-r1,year_end_compstat,2025-01-01,2025-12-31,1,3c3b151aad3d007f2279cf5735d63f591623eff526770c425b726af0d950cfb2,21,district,district_17,District 17,shooting_victims,Shooting Victims,year_to_date,percent_change,2025,2022,3,-11.0,-11%,,wilmington-compstat-v1,validated
year-end-compstat-2025-r1,year_end_compstat,2025-01-01,2025-12-31,1,3c3b151aad3d007f2279cf5735d63f591623eff526770c425b726af0d950cfb2,21,district,district_17,District 17,shooting_victims,Shooting Victims,year_to_date,percent_change,2025,2021,4,-33.0,-33%,,wilmington-compstat-v1,validated
year-end-compstat-2025-r1,year_end_compstat,2025-01-01,2025-12-31,1,3c3b151aad3d007f2279cf5735d63f591623eff526770c425b726af0d950cfb2,21,district,district_17,District 17,shooting_victims,Shooting Victims,year_to_date,percent_change,2025,2020,5,-27.0,-27%,,wilmington-compstat-v1,validated
year-end-compstat-2025-r1,year_end_compstat,2025-01-01,2025-12-31,1,3c3b151aad3d007f2279cf5735d63f591623eff526770c425b726af0d950cfb2,21,district,district_17,District 17,shooting_victims,Shooting Victims,year_to_date,percent_change,2025,2019,6,14.0,14%,,wilmington-compstat-v1,validated
year-end-compstat-2025-r1,year_end_compstat,2025-01-01,2025-12-31,1,3c3b151aad3d007f2279cf5735d63f591623eff526770c425b726af0d950cfb2,21,district,district_17,District 17,juvenile_shooting_incidents,*Juv Shooting Incidents,last_7_days,count,2025,,,0,0,,wilmington-compstat-v1,validated
year-end-compstat-2025-r1,year_end_compstat,2025-01-01,2025-12-31,1,3c3b151aad3d007f2279cf5735d63f591623eff526770c425b726af0d950cfb2,21,district,district_17,District 17,juvenile_shooting_incidents,*Juv Shooting Incidents,last_7_days,count,2024,,,0,0,,wilmington-compstat-v1,validated
year-end-compstat-2025-r1,year_end_compstat,2025-01-01,2025-12-31,1,3c3b151aad3d007f2279cf5735d63f591623eff526770c425b726af0d950cfb2,21,district,district_17,District 17,juvenile_shooting_incidents,*Juv Shooting Incidents,last_7_days,percent_change,2025,2024,1,,*,undefined_zero_denominator,wilmington-compstat-v1,validated
year-end-compstat-2025-r1,year_end_compstat,2025-01-01,2025-12-31,1,3c3b151aad3d007f2279cf5735d63f591623eff526770c425b726af0d950cfb2,21,district,district_17,District 17,juvenile_shooting_incidents,*Juv Shooting Incidents,last_28_days,count,2025,,,0,0,,wilmington-compstat-v1,validated
year-end-compstat-2025-r1,year_end_compstat,2025-01-01,2025-12-31,1,3c3b151aad3d007f2279cf5735d63f591623eff526770c425b726af0d950cfb2,21,district,district_17,District 17,juvenile_shooting_incidents,*Juv Shooting Incidents,last_28_days,count,2024,,,0,0,,wilmington-compstat-v1,validated
year-end-compstat-2025-r1,year_end_compstat,2025-01-01,2025-12-31,1,3c3b151aad3d007f2279cf5735d63f591623eff526770c425b726af0d950cfb2,21,district,district_17,District 17,juvenile_shooting_incidents,*Juv Shooting Incidents,last_28_days,percent_change,2025,2024,1,,*,undefined_zero_denominator,wilmington-compstat-v1,validated
year-end-compstat-2025-r1,year_end_compstat,2025-01-01,2025-12-31,1,3c3b151aad3d007f2279cf5735d63f591623eff526770c425b726af0d950cfb2,21,district,district_17,District 17,juvenile_shooting_incidents,*Juv Shooting Incidents,year_to_date,count,2025,,,4,4,,wilmington-compstat-v1,validated
year-end-compstat-2025-r1,year_end_compstat,2025-01-01,2025-12-31,1,3c3b151aad3d007f2279cf5735d63f591623eff526770c425b726af0d950cfb2,21,district,district_17,District 17,juvenile_shooting_incidents,*Juv Shooting Incidents,year_to_date,count,2024,,,2,2,,wilmington-compstat-v1,validated
year-end-compstat-2025-r1,year_end_compstat,2025-01-01,2025-12-31,1,3c3b151aad3d007f2279cf5735d63f591623eff526770c425b726af0d950cfb2,21,district,district_17,District 17,juvenile_shooting_incidents,*Juv Shooting Incidents,year_to_date,percent_change,2025,2024,1,100.0,100%,,wilmington-compstat-v1,validated
year-end-compstat-2025-r1,year_end_compstat,2025-01-01,2025-12-31,1,3c3b151aad3d007f2279cf5735d63f591623eff526770c425b726af0d950cfb2,21,district,district_17,District 17,juvenile_shooting_incidents,*Juv Shooting Incidents,year_to_date,percent_change,2025,2023,2,33.0,33%,,wilmington-compstat-v1,validated
year-end-compstat-2025-r1,year_end_compstat,2025-01-01,2025-12-31,1,3c3b151aad3d007f2279cf5735d63f591623eff526770c425b726af0d950cfb2,21,district,district_17,District 17,juvenile_shooting_incidents,*Juv Shooting Incidents,year_to_date,percent_change,2025,2022,3,-20.0,-20%,,wilmington-compstat-v1,validated
year-end-compstat-2025-r1,year_end_compstat,2025-01-01,2025-12-31,1,3c3b151aad3d007f2279cf5735d63f591623eff526770c425b726af0d950cfb2,21,district,district_17,District 17,juvenile_shooting_incidents,*Juv Shooting Incidents,year_to_date,percent_change,2025,2021,4,100.0,100%,,wilmington-compstat-v1,validated
year-end-compstat-2025-r1,year_end_compstat,2025-01-01,2025-12-31,1,3c3b151aad3d007f2279cf5735d63f591623eff526770c425b726af0d950cfb2,21,district,district_17,District 17,juvenile_shooting_incidents,*Juv Shooting Incidents,year_to_date,percent_change,2025,2020,5,0.0,0%,,wilmington-compstat-v1,validated
year-end-compstat-2025-r1,year_end_compstat,2025-01-01,2025-12-31,1,3c3b151aad3d007f2279cf5735d63f591623eff526770c425b726af0d950cfb2,21,district,district_17,District 17,juvenile_shooting_incidents,*Juv Shooting Incidents,year_to_date,percent_change,2025,2019,6,33.0,33%,,wilmington-compstat-v1,validated
year-end-compstat-2025-r1,year_end_compstat,2025-01-01,2025-12-31,1,3c3b151aad3d007f2279cf5735d63f591623eff526770c425b726af0d950cfb2,21,district,district_17,District 17,juvenile_shooting_victims,*Juv Shooting Victims,last_7_days,count,2025,,,0,0,,wilmington-compstat-v1,validated
year-end-compstat-2025-r1,year_end_compstat,2025-01-01,2025-12-31,1,3c3b151aad3d007f2279cf5735d63f591623eff526770c425b726af0d950cfb2,21,district,district_17,District 17,juvenile_shooting_victims,*Juv Shooting Victims,last_7_days,count,2024,,,0,0,,wilmington-compstat-v1,validated
year-end-compstat-2025-r1,year_end_compstat,2025-01-01,2025-12-31,1,3c3b151aad3d007f2279cf5735d63f591623eff526770c425b726af0d950cfb2,21,district,district_17,District 17,juvenile_shooting_victims,*Juv Shooting Victims,last_7_days,percent_change,2025,2024,1,,*,undefined_zero_denominator,wilmington-compstat-v1,validated
year-end-compstat-2025-r1,year_end_compstat,2025-01-01,2025-12-31,1,3c3b151aad3d007f2279cf5735d63f591623eff526770c425b726af0d950cfb2,21,district,district_17,District 17,juvenile_shooting_victims,*Juv Shooting Victims,last_28_days,count,2025,,,0,0,,wilmington-compstat-v1,validated
year-end-compstat-2025-r1,year_end_compstat,2025-01-01,2025-12-31,1,3c3b151aad3d007f2279cf5735d63f591623eff526770c425b726af0d950cfb2,21,district,district_17,District 17,juvenile_shooting_victims,*Juv Shooting Victims,last_28_days,count,2024,,,0,0,,wilmington-compstat-v1,validated
year-end-compstat-2025-r1,year_end_compstat,2025-01-01,2025-12-31,1,3c3b151aad3d007f2279cf5735d63f591623eff526770c425b726af0d950cfb2,21,district,district_17,District 17,juvenile_shooting_victims,*Juv Shooting Victims,last_28_days,percent_change,2025,2024,1,,*,undefined_zero_denominator,wilmington-compstat-v1,validated
year-end-compstat-2025-r1,year_end_compstat,2025-01-01,2025-12-31,1,3c3b151aad3d007f2279cf5735d63f591623eff526770c425b726af0d950cfb2,21,district,district_17,District 17,juvenile_shooting_victims,*Juv Shooting Victims,year_to_date,count,2025,,,4,4,,wilmington-compstat-v1,validated
year-end-compstat-2025-r1,year_end_compstat,2025-01-01,2025-12-31,1,3c3b151aad3d007f2279cf5735d63f591623eff526770c425b726af0d950cfb2,21,district,district_17,District 17,juvenile_shooting_victims,*Juv Shooting Victims,year_to_date,count,2024,,,2,2,,wilmington-compstat-v1,validated
year-end-compstat-2025-r1,year_end_compstat,2025-01-01,2025-12-31,1,3c3b151aad3d007f2279cf5735d63f591623eff526770c425b726af0d950cfb2,21,district,district_17,District 17,juvenile_shooting_victims,*Juv Shooting Victims,year_to_date,percent_change,2025,2024,1,100.0,100%,,wilmington-compstat-v1,validated
year-end-compstat-2025-r1,year_end_compstat,2025-01-01,2025-12-31,1,3c3b151aad3d007f2279cf5735d63f591623eff526770c425b726af0d950cfb2,21,district,district_17,District 17,juvenile_shooting_victims,*Juv Shooting Victims,year_to_date,percent_change,2025,2023,2,33.0,33%,,wilmington-compstat-v1,validated
year-end-compstat-2025-r1,year_end_compstat,2025-01-01,2025-12-31,1,3c3b151aad3d007f2279cf5735d63f591623eff526770c425b726af0d950cfb2,21,district,district_17,District 17,juvenile_shooting_victims,*Juv Shooting Victims,year_to_date,percent_change,2025,2022,3,-43.0,-43%,,wilmington-compstat-v1,validated
year-end-compstat-2025-r1,year_end_compstat,2025-01-01,2025-12-31,1,3c3b151aad3d007f2279cf5735d63f591623eff526770c425b726af0d950cfb2,21,district,district_17,District 17,juvenile_shooting_victims,*Juv Shooting Victims,year_to_date,percent_change,2025,2021,4,100.0,100%,,wilmington-compstat-v1,validated
year-end-compstat-2025-r1,year_end_compstat,2025-01-01,2025-12-31,1,3c3b151aad3d007f2279cf5735d63f591623eff526770c425b726af0d950cfb2,21,district,district_17,District 17,juvenile_shooting_victims,*Juv Shooting Victims,year_to_date,percent_change,2025,2020,5,0.0,0%,,wilmington-compstat-v1,validated
year-end-compstat-2025-r1,year_end_compstat,2025-01-01,2025-12-31,1,3c3b151aad3d007f2279cf5735d63f591623eff526770c425b726af0d950cfb2,21,district,district_17,District 17,juvenile_shooting_victims,*Juv Shooting Victims,year_to_date,percent_change,2025,2019,6,33.0,33%,,wilmington-compstat-v1,validated
year-end-compstat-2025-r1,year_end_compstat,2025-01-01,2025-12-31,1,3c3b151aad3d007f2279cf5735d63f591623eff526770c425b726af0d950cfb2,21,district,district_17,District 17,misdemeanor_theft,Theft (Misdemeanor),last_7_days,count,2025,,,1,1,,wilmington-compstat-v1,validated
year-end-compstat-2025-r1,year_end_compstat,2025-01-01,2025-12-31,1,3c3b151aad3d007f2279cf5735d63f591623eff526770c425b726af0d950cfb2,21,district,district_17,District 17,misdemeanor_theft,Theft (Misdemeanor),last_7_days,count,2024,,,3,3,,wilmington-compstat-v1,validated
year-end-compstat-2025-r1,year_end_compstat,2025-01-01,2025-12-31,1,3c3b151aad3d007f2279cf5735d63f591623eff526770c425b726af0d950cfb2,21,district,district_17,District 17,misdemeanor_theft,Theft (Misdemeanor),last_7_days,percent_change,2025,2024,1,-67.0,-67%,,wilmington-compstat-v1,validated
year-end-compstat-2025-r1,year_end_compstat,2025-01-01,2025-12-31,1,3c3b151aad3d007f2279cf5735d63f591623eff526770c425b726af0d950cfb2,21,district,district_17,District 17,misdemeanor_theft,Theft (Misdemeanor),last_28_days,count,2025,,,8,8,,wilmington-compstat-v1,validated
year-end-compstat-2025-r1,year_end_compstat,2025-01-01,2025-12-31,1,3c3b151aad3d007f2279cf5735d63f591623eff526770c425b726af0d950cfb2,21,district,district_17,District 17,misdemeanor_theft,Theft (Misdemeanor),last_28_days,count,2024,,,13,13,,wilmington-compstat-v1,validated
year-end-compstat-2025-r1,year_end_compstat,2025-01-01,2025-12-31,1,3c3b151aad3d007f2279cf5735d63f591623eff526770c425b726af0d950cfb2,21,district,district_17,District 17,misdemeanor_theft,Theft (Misdemeanor),last_28_days,percent_change,2025,2024,1,-38.0,-38%,,wilmington-compstat-v1,validated
year-end-compstat-2025-r1,year_end_compstat,2025-01-01,2025-12-31,1,3c3b151aad3d007f2279cf5735d63f591623eff526770c425b726af0d950cfb2,21,district,district_17,District 17,misdemeanor_theft,Theft (Misdemeanor),year_to_date,count,2025,,,116,116,,wilmington-compstat-v1,validated
year-end-compstat-2025-r1,year_end_compstat,2025-01-01,2025-12-31,1,3c3b151aad3d007f2279cf5735d63f591623eff526770c425b726af0d950cfb2,21,district,district_17,District 17,misdemeanor_theft,Theft (Misdemeanor),year_to_date,count,2024,,,124,124,,wilmington-compstat-v1,validated
year-end-compstat-2025-r1,year_end_compstat,2025-01-01,2025-12-31,1,3c3b151aad3d007f2279cf5735d63f591623eff526770c425b726af0d950cfb2,21,district,district_17,District 17,misdemeanor_theft,Theft (Misdemeanor),year_to_date,percent_change,2025,2024,1,-6.0,-6%,,wilmington-compstat-v1,validated
year-end-compstat-2025-r1,year_end_compstat,2025-01-01,2025-12-31,1,3c3b151aad3d007f2279cf5735d63f591623eff526770c425b726af0d950cfb2,21,district,district_17,District 17,misdemeanor_theft,Theft (Misdemeanor),year_to_date,percent_change,2025,2023,2,-1.0,-1%,,wilmington-compstat-v1,validated
year-end-compstat-2025-r1,year_end_compstat,2025-01-01,2025-12-31,1,3c3b151aad3d007f2279cf5735d63f591623eff526770c425b726af0d950cfb2,21,district,district_17,District 17,misdemeanor_theft,Theft (Misdemeanor),year_to_date,percent_change,2025,2022,3,-24.0,-24%,,wilmington-compstat-v1,validated
year-end-compstat-2025-r1,year_end_compstat,2025-01-01,2025-12-31,1,3c3b151aad3d007f2279cf5735d63f591623eff526770c425b726af0d950cfb2,21,district,district_17,District 17,misdemeanor_theft,Theft (Misdemeanor),year_to_date,percent_change,2025,2021,4,-38.0,-38%,,wilmington-compstat-v1,validated
year-end-compstat-2025-r1,year_end_compstat,2025-01-01,2025-12-31,1,3c3b151aad3d007f2279cf5735d63f591623eff526770c425b726af0d950cfb2,21,district,district_17,District 17,misdemeanor_theft,Theft (Misdemeanor),year_to_date,percent_change,2025,2020,5,-36.0,-36%,,wilmington-compstat-v1,validated
year-end-compstat-2025-r1,year_end_compstat,2025-01-01,2025-12-31,1,3c3b151aad3d007f2279cf5735d63f591623eff526770c425b726af0d950cfb2,21,district,district_17,District 17,misdemeanor_theft,Theft (Misdemeanor),year_to_date,percent_change,2025,2019,6,-39.0,-39%,,wilmington-compstat-v1,validated
year-end-compstat-2025-r1,year_end_compstat,2025-01-01,2025-12-31,1,3c3b151aad3d007f2279cf5735d63f591623eff526770c425b726af0d950cfb2,23,district,district_18,District 18,murder,Murder,last_7_days,count,2025,,,0,0,,wilmington-compstat-v1,validated
year-end-compstat-2025-r1,year_end_compstat,2025-01-01,2025-12-31,1,3c3b151aad3d007f2279cf5735d63f591623eff526770c425b726af0d950cfb2,23,district,district_18,District 18,murder,Murder,last_7_days,count,2024,,,0,0,,wilmington-compstat-v1,validated
year-end-compstat-2025-r1,year_end_compstat,2025-01-01,2025-12-31,1,3c3b151aad3d007f2279cf5735d63f591623eff526770c425b726af0d950cfb2,23,district,district_18,District 18,murder,Murder,last_7_days,percent_change,2025,2024,1,,*,undefined_zero_denominator,wilmington-compstat-v1,validated
year-end-compstat-2025-r1,year_end_compstat,2025-01-01,2025-12-31,1,3c3b151aad3d007f2279cf5735d63f591623eff526770c425b726af0d950cfb2,23,district,district_18,District 18,murder,Murder,last_28_days,count,2025,,,0,0,,wilmington-compstat-v1,validated
year-end-compstat-2025-r1,year_end_compstat,2025-01-01,2025-12-31,1,3c3b151aad3d007f2279cf5735d63f591623eff526770c425b726af0d950cfb2,23,district,district_18,District 18,murder,Murder,last_28_days,count,2024,,,0,0,,wilmington-compstat-v1,validated
year-end-compstat-2025-r1,year_end_compstat,2025-01-01,2025-12-31,1,3c3b151aad3d007f2279cf5735d63f591623eff526770c425b726af0d950cfb2,23,district,district_18,District 18,murder,Murder,last_28_days,percent_change,2025,2024,1,,*,undefined_zero_denominator,wilmington-compstat-v1,validated
year-end-compstat-2025-r1,year_end_compstat,2025-01-01,2025-12-31,1,3c3b151aad3d007f2279cf5735d63f591623eff526770c425b726af0d950cfb2,23,district,district_18,District 18,murder,Murder,year_to_date,count,2025,,,2,2,,wilmington-compstat-v1,validated
year-end-compstat-2025-r1,year_end_compstat,2025-01-01,2025-12-31,1,3c3b151aad3d007f2279cf5735d63f591623eff526770c425b726af0d950cfb2,23,district,district_18,District 18,murder,Murder,year_to_date,count,2024,,,3,3,,wilmington-compstat-v1,validated
year-end-compstat-2025-r1,year_end_compstat,2025-01-01,2025-12-31,1,3c3b151aad3d007f2279cf5735d63f591623eff526770c425b726af0d950cfb2,23,district,district_18,District 18,murder,Murder,year_to_date,percent_change,2025,2024,1,-33.0,-33%,,wilmington-compstat-v1,validated
year-end-compstat-2025-r1,year_end_compstat,2025-01-01,2025-12-31,1,3c3b151aad3d007f2279cf5735d63f591623eff526770c425b726af0d950cfb2,23,district,district_18,District 18,murder,Murder,year_to_date,percent_change,2025,2023,2,,*,undefined_zero_denominator,wilmington-compstat-v1,validated
year-end-compstat-2025-r1,year_end_compstat,2025-01-01,2025-12-31,1,3c3b151aad3d007f2279cf5735d63f591623eff526770c425b726af0d950cfb2,23,district,district_18,District 18,murder,Murder,year_to_date,percent_change,2025,2022,3,0.0,0%,,wilmington-compstat-v1,validated
year-end-compstat-2025-r1,year_end_compstat,2025-01-01,2025-12-31,1,3c3b151aad3d007f2279cf5735d63f591623eff526770c425b726af0d950cfb2,23,district,district_18,District 18,murder,Murder,year_to_date,percent_change,2025,2021,4,-33.0,-33%,,wilmington-compstat-v1,validated
year-end-compstat-2025-r1,year_end_compstat,2025-01-01,2025-12-31,1,3c3b151aad3d007f2279cf5735d63f591623eff526770c425b726af0d950cfb2,23,district,district_18,District 18,murder,Murder,year_to_date,percent_change,2025,2020,5,0.0,0%,,wilmington-compstat-v1,validated
year-end-compstat-2025-r1,year_end_compstat,2025-01-01,2025-12-31,1,3c3b151aad3d007f2279cf5735d63f591623eff526770c425b726af0d950cfb2,23,district,district_18,District 18,murder,Murder,year_to_date,percent_change,2025,2019,6,-33.0,-33%,,wilmington-compstat-v1,validated
year-end-compstat-2025-r1,year_end_compstat,2025-01-01,2025-12-31,1,3c3b151aad3d007f2279cf5735d63f591623eff526770c425b726af0d950cfb2,23,district,district_18,District 18,rape,Rape,last_7_days,count,2025,,,0,0,,wilmington-compstat-v1,validated
year-end-compstat-2025-r1,year_end_compstat,2025-01-01,2025-12-31,1,3c3b151aad3d007f2279cf5735d63f591623eff526770c425b726af0d950cfb2,23,district,district_18,District 18,rape,Rape,last_7_days,count,2024,,,0,0,,wilmington-compstat-v1,validated
year-end-compstat-2025-r1,year_end_compstat,2025-01-01,2025-12-31,1,3c3b151aad3d007f2279cf5735d63f591623eff526770c425b726af0d950cfb2,23,district,district_18,District 18,rape,Rape,last_7_days,percent_change,2025,2024,1,,*,undefined_zero_denominator,wilmington-compstat-v1,validated
year-end-compstat-2025-r1,year_end_compstat,2025-01-01,2025-12-31,1,3c3b151aad3d007f2279cf5735d63f591623eff526770c425b726af0d950cfb2,23,district,district_18,District 18,rape,Rape,last_28_days,count,2025,,,0,0,,wilmington-compstat-v1,validated
year-end-compstat-2025-r1,year_end_compstat,2025-01-01,2025-12-31,1,3c3b151aad3d007f2279cf5735d63f591623eff526770c425b726af0d950cfb2,23,district,district_18,District 18,rape,Rape,last_28_days,count,2024,,,0,0,,wilmington-compstat-v1,validated
year-end-compstat-2025-r1,year_end_compstat,2025-01-01,2025-12-31,1,3c3b151aad3d007f2279cf5735d63f591623eff526770c425b726af0d950cfb2,23,district,district_18,District 18,rape,Rape,last_28_days,percent_change,2025,2024,1,,*,undefined_zero_denominator,wilmington-compstat-v1,validated
year-end-compstat-2025-r1,year_end_compstat,2025-01-01,2025-12-31,1,3c3b151aad3d007f2279cf5735d63f591623eff526770c425b726af0d950cfb2,23,district,district_18,District 18,rape,Rape,year_to_date,count,2025,,,0,0,,wilmington-compstat-v1,validated
year-end-compstat-2025-r1,year_end_compstat,2025-01-01,2025-12-31,1,3c3b151aad3d007f2279cf5735d63f591623eff526770c425b726af0d950cfb2,23,district,district_18,District 18,rape,Rape,year_to_date,count,2024,,,0,0,,wilmington-compstat-v1,validated
year-end-compstat-2025-r1,year_end_compstat,2025-01-01,2025-12-31,1,3c3b151aad3d007f2279cf5735d63f591623eff526770c425b726af0d950cfb2,23,district,district_18,District 18,rape,Rape,year_to_date,percent_change,2025,2024,1,,*,undefined_zero_denominator,wilmington-compstat-v1,validated
year-end-compstat-2025-r1,year_end_compstat,2025-01-01,2025-12-31,1,3c3b151aad3d007f2279cf5735d63f591623eff526770c425b726af0d950cfb2,23,district,district_18,District 18,rape,Rape,year_to_date,percent_change,2025,2023,2,,*,undefined_zero_denominator,wilmington-compstat-v1,validated
year-end-compstat-2025-r1,year_end_compstat,2025-01-01,2025-12-31,1,3c3b151aad3d007f2279cf5735d63f591623eff526770c425b726af0d950cfb2,23,district,district_18,District 18,rape,Rape,year_to_date,percent_change,2025,2022,3,-100.0,-100%,,wilmington-compstat-v1,validated
year-end-compstat-2025-r1,year_end_compstat,2025-01-01,2025-12-31,1,3c3b151aad3d007f2279cf5735d63f591623eff526770c425b726af0d950cfb2,23,district,district_18,District 18,rape,Rape,year_to_date,percent_change,2025,2021,4,,*,undefined_zero_denominator,wilmington-compstat-v1,validated
year-end-compstat-2025-r1,year_end_compstat,2025-01-01,2025-12-31,1,3c3b151aad3d007f2279cf5735d63f591623eff526770c425b726af0d950cfb2,23,district,district_18,District 18,rape,Rape,year_to_date,percent_change,2025,2020,5,-100.0,-100%,,wilmington-compstat-v1,validated
year-end-compstat-2025-r1,year_end_compstat,2025-01-01,2025-12-31,1,3c3b151aad3d007f2279cf5735d63f591623eff526770c425b726af0d950cfb2,23,district,district_18,District 18,rape,Rape,year_to_date,percent_change,2025,2019,6,-100.0,-100%,,wilmington-compstat-v1,validated
year-end-compstat-2025-r1,year_end_compstat,2025-01-01,2025-12-31,1,3c3b151aad3d007f2279cf5735d63f591623eff526770c425b726af0d950cfb2,23,district,district_18,District 18,robbery,Robbery,last_7_days,count,2025,,,0,0,,wilmington-compstat-v1,validated
year-end-compstat-2025-r1,year_end_compstat,2025-01-01,2025-12-31,1,3c3b151aad3d007f2279cf5735d63f591623eff526770c425b726af0d950cfb2,23,district,district_18,District 18,robbery,Robbery,last_7_days,count,2024,,,1,1,,wilmington-compstat-v1,validated
year-end-compstat-2025-r1,year_end_compstat,2025-01-01,2025-12-31,1,3c3b151aad3d007f2279cf5735d63f591623eff526770c425b726af0d950cfb2,23,district,district_18,District 18,robbery,Robbery,last_7_days,percent_change,2025,2024,1,-100.0,-100%,,wilmington-compstat-v1,validated
year-end-compstat-2025-r1,year_end_compstat,2025-01-01,2025-12-31,1,3c3b151aad3d007f2279cf5735d63f591623eff526770c425b726af0d950cfb2,23,district,district_18,District 18,robbery,Robbery,last_28_days,count,2025,,,2,2,,wilmington-compstat-v1,validated
year-end-compstat-2025-r1,year_end_compstat,2025-01-01,2025-12-31,1,3c3b151aad3d007f2279cf5735d63f591623eff526770c425b726af0d950cfb2,23,district,district_18,District 18,robbery,Robbery,last_28_days,count,2024,,,1,1,,wilmington-compstat-v1,validated
year-end-compstat-2025-r1,year_end_compstat,2025-01-01,2025-12-31,1,3c3b151aad3d007f2279cf5735d63f591623eff526770c425b726af0d950cfb2,23,district,district_18,District 18,robbery,Robbery,last_28_days,percent_change,2025,2024,1,100.0,100%,,wilmington-compstat-v1,validated
year-end-compstat-2025-r1,year_end_compstat,2025-01-01,2025-12-31,1,3c3b151aad3d007f2279cf5735d63f591623eff526770c425b726af0d950cfb2,23,district,district_18,District 18,robbery,Robbery,year_to_date,count,2025,,,17,17,,wilmington-compstat-v1,validated
year-end-compstat-2025-r1,year_end_compstat,2025-01-01,2025-12-31,1,3c3b151aad3d007f2279cf5735d63f591623eff526770c425b726af0d950cfb2,23,district,district_18,District 18,robbery,Robbery,year_to_date,count,2024,,,21,21,,wilmington-compstat-v1,validated
year-end-compstat-2025-r1,year_end_compstat,2025-01-01,2025-12-31,1,3c3b151aad3d007f2279cf5735d63f591623eff526770c425b726af0d950cfb2,23,district,district_18,District 18,robbery,Robbery,year_to_date,percent_change,2025,2024,1,-19.0,-19%,,wilmington-compstat-v1,validated
year-end-compstat-2025-r1,year_end_compstat,2025-01-01,2025-12-31,1,3c3b151aad3d007f2279cf5735d63f591623eff526770c425b726af0d950cfb2,23,district,district_18,District 18,robbery,Robbery,year_to_date,percent_change,2025,2023,2,-54.0,-54%,,wilmington-compstat-v1,validated
year-end-compstat-2025-r1,year_end_compstat,2025-01-01,2025-12-31,1,3c3b151aad3d007f2279cf5735d63f591623eff526770c425b726af0d950cfb2,23,district,district_18,District 18,robbery,Robbery,year_to_date,percent_change,2025,2022,3,-51.0,-51%,,wilmington-compstat-v1,validated
year-end-compstat-2025-r1,year_end_compstat,2025-01-01,2025-12-31,1,3c3b151aad3d007f2279cf5735d63f591623eff526770c425b726af0d950cfb2,23,district,district_18,District 18,robbery,Robbery,year_to_date,percent_change,2025,2021,4,-35.0,-35%,,wilmington-compstat-v1,validated
year-end-compstat-2025-r1,year_end_compstat,2025-01-01,2025-12-31,1,3c3b151aad3d007f2279cf5735d63f591623eff526770c425b726af0d950cfb2,23,district,district_18,District 18,robbery,Robbery,year_to_date,percent_change,2025,2020,5,-59.0,-59%,,wilmington-compstat-v1,validated
year-end-compstat-2025-r1,year_end_compstat,2025-01-01,2025-12-31,1,3c3b151aad3d007f2279cf5735d63f591623eff526770c425b726af0d950cfb2,23,district,district_18,District 18,robbery,Robbery,year_to_date,percent_change,2025,2019,6,-62.0,-62%,,wilmington-compstat-v1,validated
year-end-compstat-2025-r1,year_end_compstat,2025-01-01,2025-12-31,1,3c3b151aad3d007f2279cf5735d63f591623eff526770c425b726af0d950cfb2,23,district,district_18,District 18,aggravated_assault,Agg. Assault,last_7_days,count,2025,,,0,0,,wilmington-compstat-v1,validated
year-end-compstat-2025-r1,year_end_compstat,2025-01-01,2025-12-31,1,3c3b151aad3d007f2279cf5735d63f591623eff526770c425b726af0d950cfb2,23,district,district_18,District 18,aggravated_assault,Agg. Assault,last_7_days,count,2024,,,0,0,,wilmington-compstat-v1,validated
year-end-compstat-2025-r1,year_end_compstat,2025-01-01,2025-12-31,1,3c3b151aad3d007f2279cf5735d63f591623eff526770c425b726af0d950cfb2,23,district,district_18,District 18,aggravated_assault,Agg. Assault,last_7_days,percent_change,2025,2024,1,,*,undefined_zero_denominator,wilmington-compstat-v1,validated
year-end-compstat-2025-r1,year_end_compstat,2025-01-01,2025-12-31,1,3c3b151aad3d007f2279cf5735d63f591623eff526770c425b726af0d950cfb2,23,district,district_18,District 18,aggravated_assault,Agg. Assault,last_28_days,count,2025,,,2,2,,wilmington-compstat-v1,validated
year-end-compstat-2025-r1,year_end_compstat,2025-01-01,2025-12-31,1,3c3b151aad3d007f2279cf5735d63f591623eff526770c425b726af0d950cfb2,23,district,district_18,District 18,aggravated_assault,Agg. Assault,last_28_days,count,2024,,,5,5,,wilmington-compstat-v1,validated
year-end-compstat-2025-r1,year_end_compstat,2025-01-01,2025-12-31,1,3c3b151aad3d007f2279cf5735d63f591623eff526770c425b726af0d950cfb2,23,district,district_18,District 18,aggravated_assault,Agg. Assault,last_28_days,percent_change,2025,2024,1,-60.0,-60%,,wilmington-compstat-v1,validated
year-end-compstat-2025-r1,year_end_compstat,2025-01-01,2025-12-31,1,3c3b151aad3d007f2279cf5735d63f591623eff526770c425b726af0d950cfb2,23,district,district_18,District 18,aggravated_assault,Agg. Assault,year_to_date,count,2025,,,44,44,,wilmington-compstat-v1,validated
year-end-compstat-2025-r1,year_end_compstat,2025-01-01,2025-12-31,1,3c3b151aad3d007f2279cf5735d63f591623eff526770c425b726af0d950cfb2,23,district,district_18,District 18,aggravated_assault,Agg. Assault,year_to_date,count,2024,,,47,47,,wilmington-compstat-v1,validated
year-end-compstat-2025-r1,year_end_compstat,2025-01-01,2025-12-31,1,3c3b151aad3d007f2279cf5735d63f591623eff526770c425b726af0d950cfb2,23,district,district_18,District 18,aggravated_assault,Agg. Assault,year_to_date,percent_change,2025,2024,1,-6.0,-6%,,wilmington-compstat-v1,validated
year-end-compstat-2025-r1,year_end_compstat,2025-01-01,2025-12-31,1,3c3b151aad3d007f2279cf5735d63f591623eff526770c425b726af0d950cfb2,23,district,district_18,District 18,aggravated_assault,Agg. Assault,year_to_date,percent_change,2025,2023,2,-23.0,-23%,,wilmington-compstat-v1,validated
year-end-compstat-2025-r1,year_end_compstat,2025-01-01,2025-12-31,1,3c3b151aad3d007f2279cf5735d63f591623eff526770c425b726af0d950cfb2,23,district,district_18,District 18,aggravated_assault,Agg. Assault,year_to_date,percent_change,2025,2022,3,26.0,26%,,wilmington-compstat-v1,validated
year-end-compstat-2025-r1,year_end_compstat,2025-01-01,2025-12-31,1,3c3b151aad3d007f2279cf5735d63f591623eff526770c425b726af0d950cfb2,23,district,district_18,District 18,aggravated_assault,Agg. Assault,year_to_date,percent_change,2025,2021,4,2.0,2%,,wilmington-compstat-v1,validated
year-end-compstat-2025-r1,year_end_compstat,2025-01-01,2025-12-31,1,3c3b151aad3d007f2279cf5735d63f591623eff526770c425b726af0d950cfb2,23,district,district_18,District 18,aggravated_assault,Agg. Assault,year_to_date,percent_change,2025,2020,5,2.0,2%,,wilmington-compstat-v1,validated
year-end-compstat-2025-r1,year_end_compstat,2025-01-01,2025-12-31,1,3c3b151aad3d007f2279cf5735d63f591623eff526770c425b726af0d950cfb2,23,district,district_18,District 18,aggravated_assault,Agg. Assault,year_to_date,percent_change,2025,2019,6,16.0,16%,,wilmington-compstat-v1,validated
year-end-compstat-2025-r1,year_end_compstat,2025-01-01,2025-12-31,1,3c3b151aad3d007f2279cf5735d63f591623eff526770c425b726af0d950cfb2,23,district,district_18,District 18,burglary,Burglary,last_7_days,count,2025,,,0,0,,wilmington-compstat-v1,validated
year-end-compstat-2025-r1,year_end_compstat,2025-01-01,2025-12-31,1,3c3b151aad3d007f2279cf5735d63f591623eff526770c425b726af0d950cfb2,23,district,district_18,District 18,burglary,Burglary,last_7_days,count,2024,,,0,0,,wilmington-compstat-v1,validated
year-end-compstat-2025-r1,year_end_compstat,2025-01-01,2025-12-31,1,3c3b151aad3d007f2279cf5735d63f591623eff526770c425b726af0d950cfb2,23,district,district_18,District 18,burglary,Burglary,last_7_days,percent_change,2025,2024,1,,*,undefined_zero_denominator,wilmington-compstat-v1,validated
year-end-compstat-2025-r1,year_end_compstat,2025-01-01,2025-12-31,1,3c3b151aad3d007f2279cf5735d63f591623eff526770c425b726af0d950cfb2,23,district,district_18,District 18,burglary,Burglary,last_28_days,count,2025,,,2,2,,wilmington-compstat-v1,validated
year-end-compstat-2025-r1,year_end_compstat,2025-01-01,2025-12-31,1,3c3b151aad3d007f2279cf5735d63f591623eff526770c425b726af0d950cfb2,23,district,district_18,District 18,burglary,Burglary,last_28_days,count,2024,,,1,1,,wilmington-compstat-v1,validated
year-end-compstat-2025-r1,year_end_compstat,2025-01-01,2025-12-31,1,3c3b151aad3d007f2279cf5735d63f591623eff526770c425b726af0d950cfb2,23,district,district_18,District 18,burglary,Burglary,last_28_days,percent_change,2025,2024,1,100.0,100%,,wilmington-compstat-v1,validated
year-end-compstat-2025-r1,year_end_compstat,2025-01-01,2025-12-31,1,3c3b151aad3d007f2279cf5735d63f591623eff526770c425b726af0d950cfb2,23,district,district_18,District 18,burglary,Burglary,year_to_date,count,2025,,,51,51,,wilmington-compstat-v1,validated
year-end-compstat-2025-r1,year_end_compstat,2025-01-01,2025-12-31,1,3c3b151aad3d007f2279cf5735d63f591623eff526770c425b726af0d950cfb2,23,district,district_18,District 18,burglary,Burglary,year_to_date,count,2024,,,36,36,,wilmington-compstat-v1,validated
year-end-compstat-2025-r1,year_end_compstat,2025-01-01,2025-12-31,1,3c3b151aad3d007f2279cf5735d63f591623eff526770c425b726af0d950cfb2,23,district,district_18,District 18,burglary,Burglary,year_to_date,percent_change,2025,2024,1,42.0,42%,,wilmington-compstat-v1,validated
year-end-compstat-2025-r1,year_end_compstat,2025-01-01,2025-12-31,1,3c3b151aad3d007f2279cf5735d63f591623eff526770c425b726af0d950cfb2,23,district,district_18,District 18,burglary,Burglary,year_to_date,percent_change,2025,2023,2,-2.0,-2%,,wilmington-compstat-v1,validated
year-end-compstat-2025-r1,year_end_compstat,2025-01-01,2025-12-31,1,3c3b151aad3d007f2279cf5735d63f591623eff526770c425b726af0d950cfb2,23,district,district_18,District 18,burglary,Burglary,year_to_date,percent_change,2025,2022,3,0.0,0%,,wilmington-compstat-v1,validated
year-end-compstat-2025-r1,year_end_compstat,2025-01-01,2025-12-31,1,3c3b151aad3d007f2279cf5735d63f591623eff526770c425b726af0d950cfb2,23,district,district_18,District 18,burglary,Burglary,year_to_date,percent_change,2025,2021,4,-31.0,-31%,,wilmington-compstat-v1,validated
year-end-compstat-2025-r1,year_end_compstat,2025-01-01,2025-12-31,1,3c3b151aad3d007f2279cf5735d63f591623eff526770c425b726af0d950cfb2,23,district,district_18,District 18,burglary,Burglary,year_to_date,percent_change,2025,2020,5,-35.0,-35%,,wilmington-compstat-v1,validated
year-end-compstat-2025-r1,year_end_compstat,2025-01-01,2025-12-31,1,3c3b151aad3d007f2279cf5735d63f591623eff526770c425b726af0d950cfb2,23,district,district_18,District 18,burglary,Burglary,year_to_date,percent_change,2025,2019,6,-37.0,-37%,,wilmington-compstat-v1,validated
year-end-compstat-2025-r1,year_end_compstat,2025-01-01,2025-12-31,1,3c3b151aad3d007f2279cf5735d63f591623eff526770c425b726af0d950cfb2,23,district,district_18,District 18,felony_theft,Felony Theft,last_7_days,count,2025,,,0,0,,wilmington-compstat-v1,validated
year-end-compstat-2025-r1,year_end_compstat,2025-01-01,2025-12-31,1,3c3b151aad3d007f2279cf5735d63f591623eff526770c425b726af0d950cfb2,23,district,district_18,District 18,felony_theft,Felony Theft,last_7_days,count,2024,,,0,0,,wilmington-compstat-v1,validated
year-end-compstat-2025-r1,year_end_compstat,2025-01-01,2025-12-31,1,3c3b151aad3d007f2279cf5735d63f591623eff526770c425b726af0d950cfb2,23,district,district_18,District 18,felony_theft,Felony Theft,last_7_days,percent_change,2025,2024,1,,*,undefined_zero_denominator,wilmington-compstat-v1,validated
year-end-compstat-2025-r1,year_end_compstat,2025-01-01,2025-12-31,1,3c3b151aad3d007f2279cf5735d63f591623eff526770c425b726af0d950cfb2,23,district,district_18,District 18,felony_theft,Felony Theft,last_28_days,count,2025,,,0,0,,wilmington-compstat-v1,validated
year-end-compstat-2025-r1,year_end_compstat,2025-01-01,2025-12-31,1,3c3b151aad3d007f2279cf5735d63f591623eff526770c425b726af0d950cfb2,23,district,district_18,District 18,felony_theft,Felony Theft,last_28_days,count,2024,,,4,4,,wilmington-compstat-v1,validated
year-end-compstat-2025-r1,year_end_compstat,2025-01-01,2025-12-31,1,3c3b151aad3d007f2279cf5735d63f591623eff526770c425b726af0d950cfb2,23,district,district_18,District 18,felony_theft,Felony Theft,last_28_days,percent_change,2025,2024,1,-100.0,-100%,,wilmington-compstat-v1,validated
year-end-compstat-2025-r1,year_end_compstat,2025-01-01,2025-12-31,1,3c3b151aad3d007f2279cf5735d63f591623eff526770c425b726af0d950cfb2,23,district,district_18,District 18,felony_theft,Felony Theft,year_to_date,count,2025,,,28,28,,wilmington-compstat-v1,validated
year-end-compstat-2025-r1,year_end_compstat,2025-01-01,2025-12-31,1,3c3b151aad3d007f2279cf5735d63f591623eff526770c425b726af0d950cfb2,23,district,district_18,District 18,felony_theft,Felony Theft,year_to_date,count,2024,,,42,42,,wilmington-compstat-v1,validated
year-end-compstat-2025-r1,year_end_compstat,2025-01-01,2025-12-31,1,3c3b151aad3d007f2279cf5735d63f591623eff526770c425b726af0d950cfb2,23,district,district_18,District 18,felony_theft,Felony Theft,year_to_date,percent_change,2025,2024,1,-33.0,-33%,,wilmington-compstat-v1,validated
year-end-compstat-2025-r1,year_end_compstat,2025-01-01,2025-12-31,1,3c3b151aad3d007f2279cf5735d63f591623eff526770c425b726af0d950cfb2,23,district,district_18,District 18,felony_theft,Felony Theft,year_to_date,percent_change,2025,2023,2,-52.0,-52%,,wilmington-compstat-v1,validated
year-end-compstat-2025-r1,year_end_compstat,2025-01-01,2025-12-31,1,3c3b151aad3d007f2279cf5735d63f591623eff526770c425b726af0d950cfb2,23,district,district_18,District 18,felony_theft,Felony Theft,year_to_date,percent_change,2025,2022,3,-53.0,-53%,,wilmington-compstat-v1,validated
year-end-compstat-2025-r1,year_end_compstat,2025-01-01,2025-12-31,1,3c3b151aad3d007f2279cf5735d63f591623eff526770c425b726af0d950cfb2,23,district,district_18,District 18,felony_theft,Felony Theft,year_to_date,percent_change,2025,2021,4,-58.0,-58%,,wilmington-compstat-v1,validated
year-end-compstat-2025-r1,year_end_compstat,2025-01-01,2025-12-31,1,3c3b151aad3d007f2279cf5735d63f591623eff526770c425b726af0d950cfb2,23,district,district_18,District 18,felony_theft,Felony Theft,year_to_date,percent_change,2025,2020,5,-3.0,-3%,,wilmington-compstat-v1,validated
year-end-compstat-2025-r1,year_end_compstat,2025-01-01,2025-12-31,1,3c3b151aad3d007f2279cf5735d63f591623eff526770c425b726af0d950cfb2,23,district,district_18,District 18,felony_theft,Felony Theft,year_to_date,percent_change,2025,2019,6,-38.0,-38%,,wilmington-compstat-v1,validated
year-end-compstat-2025-r1,year_end_compstat,2025-01-01,2025-12-31,1,3c3b151aad3d007f2279cf5735d63f591623eff526770c425b726af0d950cfb2,23,district,district_18,District 18,auto_theft,Auto Theft,last_7_days,count,2025,,,0,0,,wilmington-compstat-v1,validated
year-end-compstat-2025-r1,year_end_compstat,2025-01-01,2025-12-31,1,3c3b151aad3d007f2279cf5735d63f591623eff526770c425b726af0d950cfb2,23,district,district_18,District 18,auto_theft,Auto Theft,last_7_days,count,2024,,,1,1,,wilmington-compstat-v1,validated
year-end-compstat-2025-r1,year_end_compstat,2025-01-01,2025-12-31,1,3c3b151aad3d007f2279cf5735d63f591623eff526770c425b726af0d950cfb2,23,district,district_18,District 18,auto_theft,Auto Theft,last_7_days,percent_change,2025,2024,1,-100.0,-100%,,wilmington-compstat-v1,validated
year-end-compstat-2025-r1,year_end_compstat,2025-01-01,2025-12-31,1,3c3b151aad3d007f2279cf5735d63f591623eff526770c425b726af0d950cfb2,23,district,district_18,District 18,auto_theft,Auto Theft,last_28_days,count,2025,,,5,5,,wilmington-compstat-v1,validated
year-end-compstat-2025-r1,year_end_compstat,2025-01-01,2025-12-31,1,3c3b151aad3d007f2279cf5735d63f591623eff526770c425b726af0d950cfb2,23,district,district_18,District 18,auto_theft,Auto Theft,last_28_days,count,2024,,,6,6,,wilmington-compstat-v1,validated
year-end-compstat-2025-r1,year_end_compstat,2025-01-01,2025-12-31,1,3c3b151aad3d007f2279cf5735d63f591623eff526770c425b726af0d950cfb2,23,district,district_18,District 18,auto_theft,Auto Theft,last_28_days,percent_change,2025,2024,1,-17.0,-17%,,wilmington-compstat-v1,validated
year-end-compstat-2025-r1,year_end_compstat,2025-01-01,2025-12-31,1,3c3b151aad3d007f2279cf5735d63f591623eff526770c425b726af0d950cfb2,23,district,district_18,District 18,auto_theft,Auto Theft,year_to_date,count,2025,,,61,61,,wilmington-compstat-v1,validated
year-end-compstat-2025-r1,year_end_compstat,2025-01-01,2025-12-31,1,3c3b151aad3d007f2279cf5735d63f591623eff526770c425b726af0d950cfb2,23,district,district_18,District 18,auto_theft,Auto Theft,year_to_date,count,2024,,,81,81,,wilmington-compstat-v1,validated
year-end-compstat-2025-r1,year_end_compstat,2025-01-01,2025-12-31,1,3c3b151aad3d007f2279cf5735d63f591623eff526770c425b726af0d950cfb2,23,district,district_18,District 18,auto_theft,Auto Theft,year_to_date,percent_change,2025,2024,1,-25.0,-25%,,wilmington-compstat-v1,validated
year-end-compstat-2025-r1,year_end_compstat,2025-01-01,2025-12-31,1,3c3b151aad3d007f2279cf5735d63f591623eff526770c425b726af0d950cfb2,23,district,district_18,District 18,auto_theft,Auto Theft,year_to_date,percent_change,2025,2023,2,-44.0,-44%,,wilmington-compstat-v1,validated
year-end-compstat-2025-r1,year_end_compstat,2025-01-01,2025-12-31,1,3c3b151aad3d007f2279cf5735d63f591623eff526770c425b726af0d950cfb2,23,district,district_18,District 18,auto_theft,Auto Theft,year_to_date,percent_change,2025,2022,3,-2.0,-2%,,wilmington-compstat-v1,validated
year-end-compstat-2025-r1,year_end_compstat,2025-01-01,2025-12-31,1,3c3b151aad3d007f2279cf5735d63f591623eff526770c425b726af0d950cfb2,23,district,district_18,District 18,auto_theft,Auto Theft,year_to_date,percent_change,2025,2021,4,0.0,0%,,wilmington-compstat-v1,validated
year-end-compstat-2025-r1,year_end_compstat,2025-01-01,2025-12-31,1,3c3b151aad3d007f2279cf5735d63f591623eff526770c425b726af0d950cfb2,23,district,district_18,District 18,auto_theft,Auto Theft,year_to_date,percent_change,2025,2020,5,17.0,17%,,wilmington-compstat-v1,validated
year-end-compstat-2025-r1,year_end_compstat,2025-01-01,2025-12-31,1,3c3b151aad3d007f2279cf5735d63f591623eff526770c425b726af0d950cfb2,23,district,district_18,District 18,auto_theft,Auto Theft,year_to_date,percent_change,2025,2019,6,3.0,3%,,wilmington-compstat-v1,validated
year-end-compstat-2025-r1,year_end_compstat,2025-01-01,2025-12-31,1,3c3b151aad3d007f2279cf5735d63f591623eff526770c425b726af0d950cfb2,23,district,district_18,District 18,major_crime_total,TOTAL,last_7_days,count,2025,,,0,0,,wilmington-compstat-v1,validated
year-end-compstat-2025-r1,year_end_compstat,2025-01-01,2025-12-31,1,3c3b151aad3d007f2279cf5735d63f591623eff526770c425b726af0d950cfb2,23,district,district_18,District 18,major_crime_total,TOTAL,last_7_days,count,2024,,,2,2,,wilmington-compstat-v1,validated
year-end-compstat-2025-r1,year_end_compstat,2025-01-01,2025-12-31,1,3c3b151aad3d007f2279cf5735d63f591623eff526770c425b726af0d950cfb2,23,district,district_18,District 18,major_crime_total,TOTAL,last_7_days,percent_change,2025,2024,1,-100.0,-100%,,wilmington-compstat-v1,validated
year-end-compstat-2025-r1,year_end_compstat,2025-01-01,2025-12-31,1,3c3b151aad3d007f2279cf5735d63f591623eff526770c425b726af0d950cfb2,23,district,district_18,District 18,major_crime_total,TOTAL,last_28_days,count,2025,,,11,11,,wilmington-compstat-v1,validated
year-end-compstat-2025-r1,year_end_compstat,2025-01-01,2025-12-31,1,3c3b151aad3d007f2279cf5735d63f591623eff526770c425b726af0d950cfb2,23,district,district_18,District 18,major_crime_total,TOTAL,last_28_days,count,2024,,,17,17,,wilmington-compstat-v1,validated
year-end-compstat-2025-r1,year_end_compstat,2025-01-01,2025-12-31,1,3c3b151aad3d007f2279cf5735d63f591623eff526770c425b726af0d950cfb2,23,district,district_18,District 18,major_crime_total,TOTAL,last_28_days,percent_change,2025,2024,1,-35.0,-35%,,wilmington-compstat-v1,validated
year-end-compstat-2025-r1,year_end_compstat,2025-01-01,2025-12-31,1,3c3b151aad3d007f2279cf5735d63f591623eff526770c425b726af0d950cfb2,23,district,district_18,District 18,major_crime_total,TOTAL,year_to_date,count,2025,,,203,203,,wilmington-compstat-v1,validated
year-end-compstat-2025-r1,year_end_compstat,2025-01-01,2025-12-31,1,3c3b151aad3d007f2279cf5735d63f591623eff526770c425b726af0d950cfb2,23,district,district_18,District 18,major_crime_total,TOTAL,year_to_date,count,2024,,,230,230,,wilmington-compstat-v1,validated
year-end-compstat-2025-r1,year_end_compstat,2025-01-01,2025-12-31,1,3c3b151aad3d007f2279cf5735d63f591623eff526770c425b726af0d950cfb2,23,district,district_18,District 18,major_crime_total,TOTAL,year_to_date,percent_change,2025,2024,1,-12.0,-12%,,wilmington-compstat-v1,validated
year-end-compstat-2025-r1,year_end_compstat,2025-01-01,2025-12-31,1,3c3b151aad3d007f2279cf5735d63f591623eff526770c425b726af0d950cfb2,23,district,district_18,District 18,major_crime_total,TOTAL,year_to_date,percent_change,2025,2023,2,-35.0,-35%,,wilmington-compstat-v1,validated
year-end-compstat-2025-r1,year_end_compstat,2025-01-01,2025-12-31,1,3c3b151aad3d007f2279cf5735d63f591623eff526770c425b726af0d950cfb2,23,district,district_18,District 18,major_crime_total,TOTAL,year_to_date,percent_change,2025,2022,3,-17.0,-17%,,wilmington-compstat-v1,validated
year-end-compstat-2025-r1,year_end_compstat,2025-01-01,2025-12-31,1,3c3b151aad3d007f2279cf5735d63f591623eff526770c425b726af0d950cfb2,23,district,district_18,District 18,major_crime_total,TOTAL,year_to_date,percent_change,2025,2021,4,-26.0,-26%,,wilmington-compstat-v1,validated
year-end-compstat-2025-r1,year_end_compstat,2025-01-01,2025-12-31,1,3c3b151aad3d007f2279cf5735d63f591623eff526770c425b726af0d950cfb2,23,district,district_18,District 18,major_crime_total,TOTAL,year_to_date,percent_change,2025,2020,5,-18.0,-18%,,wilmington-compstat-v1,validated
year-end-compstat-2025-r1,year_end_compstat,2025-01-01,2025-12-31,1,3c3b151aad3d007f2279cf5735d63f591623eff526770c425b726af0d950cfb2,23,district,district_18,District 18,major_crime_total,TOTAL,year_to_date,percent_change,2025,2019,6,-26.0,-26%,,wilmington-compstat-v1,validated
year-end-compstat-2025-r1,year_end_compstat,2025-01-01,2025-12-31,1,3c3b151aad3d007f2279cf5735d63f591623eff526770c425b726af0d950cfb2,23,district,district_18,District 18,shooting_incidents,Shooting Incidents,last_7_days,count,2025,,,0,0,,wilmington-compstat-v1,validated
year-end-compstat-2025-r1,year_end_compstat,2025-01-01,2025-12-31,1,3c3b151aad3d007f2279cf5735d63f591623eff526770c425b726af0d950cfb2,23,district,district_18,District 18,shooting_incidents,Shooting Incidents,last_7_days,count,2024,,,0,0,,wilmington-compstat-v1,validated
year-end-compstat-2025-r1,year_end_compstat,2025-01-01,2025-12-31,1,3c3b151aad3d007f2279cf5735d63f591623eff526770c425b726af0d950cfb2,23,district,district_18,District 18,shooting_incidents,Shooting Incidents,last_7_days,percent_change,2025,2024,1,,*,undefined_zero_denominator,wilmington-compstat-v1,validated
year-end-compstat-2025-r1,year_end_compstat,2025-01-01,2025-12-31,1,3c3b151aad3d007f2279cf5735d63f591623eff526770c425b726af0d950cfb2,23,district,district_18,District 18,shooting_incidents,Shooting Incidents,last_28_days,count,2025,,,0,0,,wilmington-compstat-v1,validated
year-end-compstat-2025-r1,year_end_compstat,2025-01-01,2025-12-31,1,3c3b151aad3d007f2279cf5735d63f591623eff526770c425b726af0d950cfb2,23,district,district_18,District 18,shooting_incidents,Shooting Incidents,last_28_days,count,2024,,,1,1,,wilmington-compstat-v1,validated
year-end-compstat-2025-r1,year_end_compstat,2025-01-01,2025-12-31,1,3c3b151aad3d007f2279cf5735d63f591623eff526770c425b726af0d950cfb2,23,district,district_18,District 18,shooting_incidents,Shooting Incidents,last_28_days,percent_change,2025,2024,1,-100.0,-100%,,wilmington-compstat-v1,validated
year-end-compstat-2025-r1,year_end_compstat,2025-01-01,2025-12-31,1,3c3b151aad3d007f2279cf5735d63f591623eff526770c425b726af0d950cfb2,23,district,district_18,District 18,shooting_incidents,Shooting Incidents,year_to_date,count,2025,,,4,4,,wilmington-compstat-v1,validated
year-end-compstat-2025-r1,year_end_compstat,2025-01-01,2025-12-31,1,3c3b151aad3d007f2279cf5735d63f591623eff526770c425b726af0d950cfb2,23,district,district_18,District 18,shooting_incidents,Shooting Incidents,year_to_date,count,2024,,,5,5,,wilmington-compstat-v1,validated
year-end-compstat-2025-r1,year_end_compstat,2025-01-01,2025-12-31,1,3c3b151aad3d007f2279cf5735d63f591623eff526770c425b726af0d950cfb2,23,district,district_18,District 18,shooting_incidents,Shooting Incidents,year_to_date,percent_change,2025,2024,1,-20.0,-20%,,wilmington-compstat-v1,validated
year-end-compstat-2025-r1,year_end_compstat,2025-01-01,2025-12-31,1,3c3b151aad3d007f2279cf5735d63f591623eff526770c425b726af0d950cfb2,23,district,district_18,District 18,shooting_incidents,Shooting Incidents,year_to_date,percent_change,2025,2023,2,-33.0,-33%,,wilmington-compstat-v1,validated
year-end-compstat-2025-r1,year_end_compstat,2025-01-01,2025-12-31,1,3c3b151aad3d007f2279cf5735d63f591623eff526770c425b726af0d950cfb2,23,district,district_18,District 18,shooting_incidents,Shooting Incidents,year_to_date,percent_change,2025,2022,3,0.0,0%,,wilmington-compstat-v1,validated
year-end-compstat-2025-r1,year_end_compstat,2025-01-01,2025-12-31,1,3c3b151aad3d007f2279cf5735d63f591623eff526770c425b726af0d950cfb2,23,district,district_18,District 18,shooting_incidents,Shooting Incidents,year_to_date,percent_change,2025,2021,4,-33.0,-33%,,wilmington-compstat-v1,validated
year-end-compstat-2025-r1,year_end_compstat,2025-01-01,2025-12-31,1,3c3b151aad3d007f2279cf5735d63f591623eff526770c425b726af0d950cfb2,23,district,district_18,District 18,shooting_incidents,Shooting Incidents,year_to_date,percent_change,2025,2020,5,-67.0,-67%,,wilmington-compstat-v1,validated
year-end-compstat-2025-r1,year_end_compstat,2025-01-01,2025-12-31,1,3c3b151aad3d007f2279cf5735d63f591623eff526770c425b726af0d950cfb2,23,district,district_18,District 18,shooting_incidents,Shooting Incidents,year_to_date,percent_change,2025,2019,6,-33.0,-33%,,wilmington-compstat-v1,validated
year-end-compstat-2025-r1,year_end_compstat,2025-01-01,2025-12-31,1,3c3b151aad3d007f2279cf5735d63f591623eff526770c425b726af0d950cfb2,23,district,district_18,District 18,shooting_victims,Shooting Victims,last_7_days,count,2025,,,0,0,,wilmington-compstat-v1,validated
year-end-compstat-2025-r1,year_end_compstat,2025-01-01,2025-12-31,1,3c3b151aad3d007f2279cf5735d63f591623eff526770c425b726af0d950cfb2,23,district,district_18,District 18,shooting_victims,Shooting Victims,last_7_days,count,2024,,,0,0,,wilmington-compstat-v1,validated
year-end-compstat-2025-r1,year_end_compstat,2025-01-01,2025-12-31,1,3c3b151aad3d007f2279cf5735d63f591623eff526770c425b726af0d950cfb2,23,district,district_18,District 18,shooting_victims,Shooting Victims,last_7_days,percent_change,2025,2024,1,,*,undefined_zero_denominator,wilmington-compstat-v1,validated
year-end-compstat-2025-r1,year_end_compstat,2025-01-01,2025-12-31,1,3c3b151aad3d007f2279cf5735d63f591623eff526770c425b726af0d950cfb2,23,district,district_18,District 18,shooting_victims,Shooting Victims,last_28_days,count,2025,,,0,0,,wilmington-compstat-v1,validated
year-end-compstat-2025-r1,year_end_compstat,2025-01-01,2025-12-31,1,3c3b151aad3d007f2279cf5735d63f591623eff526770c425b726af0d950cfb2,23,district,district_18,District 18,shooting_victims,Shooting Victims,last_28_days,count,2024,,,1,1,,wilmington-compstat-v1,validated
year-end-compstat-2025-r1,year_end_compstat,2025-01-01,2025-12-31,1,3c3b151aad3d007f2279cf5735d63f591623eff526770c425b726af0d950cfb2,23,district,district_18,District 18,shooting_victims,Shooting Victims,last_28_days,percent_change,2025,2024,1,-100.0,-100%,,wilmington-compstat-v1,validated
year-end-compstat-2025-r1,year_end_compstat,2025-01-01,2025-12-31,1,3c3b151aad3d007f2279cf5735d63f591623eff526770c425b726af0d950cfb2,23,district,district_18,District 18,shooting_victims,Shooting Victims,year_to_date,count,2025,,,7,7,,wilmington-compstat-v1,validated
year-end-compstat-2025-r1,year_end_compstat,2025-01-01,2025-12-31,1,3c3b151aad3d007f2279cf5735d63f591623eff526770c425b726af0d950cfb2,23,district,district_18,District 18,shooting_victims,Shooting Victims,year_to_date,count,2024,,,5,5,,wilmington-compstat-v1,validated
year-end-compstat-2025-r1,year_end_compstat,2025-01-01,2025-12-31,1,3c3b151aad3d007f2279cf5735d63f591623eff526770c425b726af0d950cfb2,23,district,district_18,District 18,shooting_victims,Shooting Victims,year_to_date,percent_change,2025,2024,1,40.0,40%,,wilmington-compstat-v1,validated
year-end-compstat-2025-r1,year_end_compstat,2025-01-01,2025-12-31,1,3c3b151aad3d007f2279cf5735d63f591623eff526770c425b726af0d950cfb2,23,district,district_18,District 18,shooting_victims,Shooting Victims,year_to_date,percent_change,2025,2023,2,17.0,17%,,wilmington-compstat-v1,validated
year-end-compstat-2025-r1,year_end_compstat,2025-01-01,2025-12-31,1,3c3b151aad3d007f2279cf5735d63f591623eff526770c425b726af0d950cfb2,23,district,district_18,District 18,shooting_victims,Shooting Victims,year_to_date,percent_change,2025,2022,3,40.0,40%,,wilmington-compstat-v1,validated
year-end-compstat-2025-r1,year_end_compstat,2025-01-01,2025-12-31,1,3c3b151aad3d007f2279cf5735d63f591623eff526770c425b726af0d950cfb2,23,district,district_18,District 18,shooting_victims,Shooting Victims,year_to_date,percent_change,2025,2021,4,17.0,17%,,wilmington-compstat-v1,validated
year-end-compstat-2025-r1,year_end_compstat,2025-01-01,2025-12-31,1,3c3b151aad3d007f2279cf5735d63f591623eff526770c425b726af0d950cfb2,23,district,district_18,District 18,shooting_victims,Shooting Victims,year_to_date,percent_change,2025,2020,5,-56.0,-56%,,wilmington-compstat-v1,validated
year-end-compstat-2025-r1,year_end_compstat,2025-01-01,2025-12-31,1,3c3b151aad3d007f2279cf5735d63f591623eff526770c425b726af0d950cfb2,23,district,district_18,District 18,shooting_victims,Shooting Victims,year_to_date,percent_change,2025,2019,6,17.0,17%,,wilmington-compstat-v1,validated
year-end-compstat-2025-r1,year_end_compstat,2025-01-01,2025-12-31,1,3c3b151aad3d007f2279cf5735d63f591623eff526770c425b726af0d950cfb2,23,district,district_18,District 18,juvenile_shooting_incidents,*Juv Shooting Incidents,last_7_days,count,2025,,,0,0,,wilmington-compstat-v1,validated
year-end-compstat-2025-r1,year_end_compstat,2025-01-01,2025-12-31,1,3c3b151aad3d007f2279cf5735d63f591623eff526770c425b726af0d950cfb2,23,district,district_18,District 18,juvenile_shooting_incidents,*Juv Shooting Incidents,last_7_days,count,2024,,,0,0,,wilmington-compstat-v1,validated
year-end-compstat-2025-r1,year_end_compstat,2025-01-01,2025-12-31,1,3c3b151aad3d007f2279cf5735d63f591623eff526770c425b726af0d950cfb2,23,district,district_18,District 18,juvenile_shooting_incidents,*Juv Shooting Incidents,last_7_days,percent_change,2025,2024,1,,*,undefined_zero_denominator,wilmington-compstat-v1,validated
year-end-compstat-2025-r1,year_end_compstat,2025-01-01,2025-12-31,1,3c3b151aad3d007f2279cf5735d63f591623eff526770c425b726af0d950cfb2,23,district,district_18,District 18,juvenile_shooting_incidents,*Juv Shooting Incidents,last_28_days,count,2025,,,0,0,,wilmington-compstat-v1,validated
year-end-compstat-2025-r1,year_end_compstat,2025-01-01,2025-12-31,1,3c3b151aad3d007f2279cf5735d63f591623eff526770c425b726af0d950cfb2,23,district,district_18,District 18,juvenile_shooting_incidents,*Juv Shooting Incidents,last_28_days,count,2024,,,1,1,,wilmington-compstat-v1,validated
year-end-compstat-2025-r1,year_end_compstat,2025-01-01,2025-12-31,1,3c3b151aad3d007f2279cf5735d63f591623eff526770c425b726af0d950cfb2,23,district,district_18,District 18,juvenile_shooting_incidents,*Juv Shooting Incidents,last_28_days,percent_change,2025,2024,1,-100.0,-100%,,wilmington-compstat-v1,validated
year-end-compstat-2025-r1,year_end_compstat,2025-01-01,2025-12-31,1,3c3b151aad3d007f2279cf5735d63f591623eff526770c425b726af0d950cfb2,23,district,district_18,District 18,juvenile_shooting_incidents,*Juv Shooting Incidents,year_to_date,count,2025,,,1,1,,wilmington-compstat-v1,validated
year-end-compstat-2025-r1,year_end_compstat,2025-01-01,2025-12-31,1,3c3b151aad3d007f2279cf5735d63f591623eff526770c425b726af0d950cfb2,23,district,district_18,District 18,juvenile_shooting_incidents,*Juv Shooting Incidents,year_to_date,count,2024,,,2,2,,wilmington-compstat-v1,validated
year-end-compstat-2025-r1,year_end_compstat,2025-01-01,2025-12-31,1,3c3b151aad3d007f2279cf5735d63f591623eff526770c425b726af0d950cfb2,23,district,district_18,District 18,juvenile_shooting_incidents,*Juv Shooting Incidents,year_to_date,percent_change,2025,2024,1,-50.0,-50%,,wilmington-compstat-v1,validated
year-end-compstat-2025-r1,year_end_compstat,2025-01-01,2025-12-31,1,3c3b151aad3d007f2279cf5735d63f591623eff526770c425b726af0d950cfb2,23,district,district_18,District 18,juvenile_shooting_incidents,*Juv Shooting Incidents,year_to_date,percent_change,2025,2023,2,,*,undefined_zero_denominator,wilmington-compstat-v1,validated
year-end-compstat-2025-r1,year_end_compstat,2025-01-01,2025-12-31,1,3c3b151aad3d007f2279cf5735d63f591623eff526770c425b726af0d950cfb2,23,district,district_18,District 18,juvenile_shooting_incidents,*Juv Shooting Incidents,year_to_date,percent_change,2025,2022,3,,*,undefined_zero_denominator,wilmington-compstat-v1,validated
year-end-compstat-2025-r1,year_end_compstat,2025-01-01,2025-12-31,1,3c3b151aad3d007f2279cf5735d63f591623eff526770c425b726af0d950cfb2,23,district,district_18,District 18,juvenile_shooting_incidents,*Juv Shooting Incidents,year_to_date,percent_change,2025,2021,4,,*,undefined_zero_denominator,wilmington-compstat-v1,validated
year-end-compstat-2025-r1,year_end_compstat,2025-01-01,2025-12-31,1,3c3b151aad3d007f2279cf5735d63f591623eff526770c425b726af0d950cfb2,23,district,district_18,District 18,juvenile_shooting_incidents,*Juv Shooting Incidents,year_to_date,percent_change,2025,2020,5,-67.0,-67%,,wilmington-compstat-v1,validated
year-end-compstat-2025-r1,year_end_compstat,2025-01-01,2025-12-31,1,3c3b151aad3d007f2279cf5735d63f591623eff526770c425b726af0d950cfb2,23,district,district_18,District 18,juvenile_shooting_incidents,*Juv Shooting Incidents,year_to_date,percent_change,2025,2019,6,,*,undefined_zero_denominator,wilmington-compstat-v1,validated
year-end-compstat-2025-r1,year_end_compstat,2025-01-01,2025-12-31,1,3c3b151aad3d007f2279cf5735d63f591623eff526770c425b726af0d950cfb2,23,district,district_18,District 18,juvenile_shooting_victims,*Juv Shooting Victims,last_7_days,count,2025,,,0,0,,wilmington-compstat-v1,validated
year-end-compstat-2025-r1,year_end_compstat,2025-01-01,2025-12-31,1,3c3b151aad3d007f2279cf5735d63f591623eff526770c425b726af0d950cfb2,23,district,district_18,District 18,juvenile_shooting_victims,*Juv Shooting Victims,last_7_days,count,2024,,,0,0,,wilmington-compstat-v1,validated
year-end-compstat-2025-r1,year_end_compstat,2025-01-01,2025-12-31,1,3c3b151aad3d007f2279cf5735d63f591623eff526770c425b726af0d950cfb2,23,district,district_18,District 18,juvenile_shooting_victims,*Juv Shooting Victims,last_7_days,percent_change,2025,2024,1,,*,undefined_zero_denominator,wilmington-compstat-v1,validated
year-end-compstat-2025-r1,year_end_compstat,2025-01-01,2025-12-31,1,3c3b151aad3d007f2279cf5735d63f591623eff526770c425b726af0d950cfb2,23,district,district_18,District 18,juvenile_shooting_victims,*Juv Shooting Victims,last_28_days,count,2025,,,0,0,,wilmington-compstat-v1,validated
year-end-compstat-2025-r1,year_end_compstat,2025-01-01,2025-12-31,1,3c3b151aad3d007f2279cf5735d63f591623eff526770c425b726af0d950cfb2,23,district,district_18,District 18,juvenile_shooting_victims,*Juv Shooting Victims,last_28_days,count,2024,,,1,1,,wilmington-compstat-v1,validated
year-end-compstat-2025-r1,year_end_compstat,2025-01-01,2025-12-31,1,3c3b151aad3d007f2279cf5735d63f591623eff526770c425b726af0d950cfb2,23,district,district_18,District 18,juvenile_shooting_victims,*Juv Shooting Victims,last_28_days,percent_change,2025,2024,1,-100.0,-100%,,wilmington-compstat-v1,validated
year-end-compstat-2025-r1,year_end_compstat,2025-01-01,2025-12-31,1,3c3b151aad3d007f2279cf5735d63f591623eff526770c425b726af0d950cfb2,23,district,district_18,District 18,juvenile_shooting_victims,*Juv Shooting Victims,year_to_date,count,2025,,,1,1,,wilmington-compstat-v1,validated
year-end-compstat-2025-r1,year_end_compstat,2025-01-01,2025-12-31,1,3c3b151aad3d007f2279cf5735d63f591623eff526770c425b726af0d950cfb2,23,district,district_18,District 18,juvenile_shooting_victims,*Juv Shooting Victims,year_to_date,count,2024,,,2,2,,wilmington-compstat-v1,validated
year-end-compstat-2025-r1,year_end_compstat,2025-01-01,2025-12-31,1,3c3b151aad3d007f2279cf5735d63f591623eff526770c425b726af0d950cfb2,23,district,district_18,District 18,juvenile_shooting_victims,*Juv Shooting Victims,year_to_date,percent_change,2025,2024,1,-50.0,-50%,,wilmington-compstat-v1,validated
year-end-compstat-2025-r1,year_end_compstat,2025-01-01,2025-12-31,1,3c3b151aad3d007f2279cf5735d63f591623eff526770c425b726af0d950cfb2,23,district,district_18,District 18,juvenile_shooting_victims,*Juv Shooting Victims,year_to_date,percent_change,2025,2023,2,,*,undefined_zero_denominator,wilmington-compstat-v1,validated
year-end-compstat-2025-r1,year_end_compstat,2025-01-01,2025-12-31,1,3c3b151aad3d007f2279cf5735d63f591623eff526770c425b726af0d950cfb2,23,district,district_18,District 18,juvenile_shooting_victims,*Juv Shooting Victims,year_to_date,percent_change,2025,2022,3,,*,undefined_zero_denominator,wilmington-compstat-v1,validated
year-end-compstat-2025-r1,year_end_compstat,2025-01-01,2025-12-31,1,3c3b151aad3d007f2279cf5735d63f591623eff526770c425b726af0d950cfb2,23,district,district_18,District 18,juvenile_shooting_victims,*Juv Shooting Victims,year_to_date,percent_change,2025,2021,4,,*,undefined_zero_denominator,wilmington-compstat-v1,validated
year-end-compstat-2025-r1,year_end_compstat,2025-01-01,2025-12-31,1,3c3b151aad3d007f2279cf5735d63f591623eff526770c425b726af0d950cfb2,23,district,district_18,District 18,juvenile_shooting_victims,*Juv Shooting Victims,year_to_date,percent_change,2025,2020,5,-67.0,-67%,,wilmington-compstat-v1,validated
year-end-compstat-2025-r1,year_end_compstat,2025-01-01,2025-12-31,1,3c3b151aad3d007f2279cf5735d63f591623eff526770c425b726af0d950cfb2,23,district,district_18,District 18,juvenile_shooting_victims,*Juv Shooting Victims,year_to_date,percent_change,2025,2019,6,,*,undefined_zero_denominator,wilmington-compstat-v1,validated
year-end-compstat-2025-r1,year_end_compstat,2025-01-01,2025-12-31,1,3c3b151aad3d007f2279cf5735d63f591623eff526770c425b726af0d950cfb2,23,district,district_18,District 18,misdemeanor_theft,Theft (Misdemeanor),last_7_days,count,2025,,,2,2,,wilmington-compstat-v1,validated
year-end-compstat-2025-r1,year_end_compstat,2025-01-01,2025-12-31,1,3c3b151aad3d007f2279cf5735d63f591623eff526770c425b726af0d950cfb2,23,district,district_18,District 18,misdemeanor_theft,Theft (Misdemeanor),last_7_days,count,2024,,,0,0,,wilmington-compstat-v1,validated
year-end-compstat-2025-r1,year_end_compstat,2025-01-01,2025-12-31,1,3c3b151aad3d007f2279cf5735d63f591623eff526770c425b726af0d950cfb2,23,district,district_18,District 18,misdemeanor_theft,Theft (Misdemeanor),last_7_days,percent_change,2025,2024,1,,*,undefined_zero_denominator,wilmington-compstat-v1,validated
year-end-compstat-2025-r1,year_end_compstat,2025-01-01,2025-12-31,1,3c3b151aad3d007f2279cf5735d63f591623eff526770c425b726af0d950cfb2,23,district,district_18,District 18,misdemeanor_theft,Theft (Misdemeanor),last_28_days,count,2025,,,6,6,,wilmington-compstat-v1,validated
year-end-compstat-2025-r1,year_end_compstat,2025-01-01,2025-12-31,1,3c3b151aad3d007f2279cf5735d63f591623eff526770c425b726af0d950cfb2,23,district,district_18,District 18,misdemeanor_theft,Theft (Misdemeanor),last_28_days,count,2024,,,11,11,,wilmington-compstat-v1,validated
year-end-compstat-2025-r1,year_end_compstat,2025-01-01,2025-12-31,1,3c3b151aad3d007f2279cf5735d63f591623eff526770c425b726af0d950cfb2,23,district,district_18,District 18,misdemeanor_theft,Theft (Misdemeanor),last_28_days,percent_change,2025,2024,1,-45.0,-45%,,wilmington-compstat-v1,validated
year-end-compstat-2025-r1,year_end_compstat,2025-01-01,2025-12-31,1,3c3b151aad3d007f2279cf5735d63f591623eff526770c425b726af0d950cfb2,23,district,district_18,District 18,misdemeanor_theft,Theft (Misdemeanor),year_to_date,count,2025,,,144,144,,wilmington-compstat-v1,validated
year-end-compstat-2025-r1,year_end_compstat,2025-01-01,2025-12-31,1,3c3b151aad3d007f2279cf5735d63f591623eff526770c425b726af0d950cfb2,23,district,district_18,District 18,misdemeanor_theft,Theft (Misdemeanor),year_to_date,count,2024,,,216,216,,wilmington-compstat-v1,validated
year-end-compstat-2025-r1,year_end_compstat,2025-01-01,2025-12-31,1,3c3b151aad3d007f2279cf5735d63f591623eff526770c425b726af0d950cfb2,23,district,district_18,District 18,misdemeanor_theft,Theft (Misdemeanor),year_to_date,percent_change,2025,2024,1,-33.0,-33%,,wilmington-compstat-v1,validated
year-end-compstat-2025-r1,year_end_compstat,2025-01-01,2025-12-31,1,3c3b151aad3d007f2279cf5735d63f591623eff526770c425b726af0d950cfb2,23,district,district_18,District 18,misdemeanor_theft,Theft (Misdemeanor),year_to_date,percent_change,2025,2023,2,-51.0,-51%,,wilmington-compstat-v1,validated
year-end-compstat-2025-r1,year_end_compstat,2025-01-01,2025-12-31,1,3c3b151aad3d007f2279cf5735d63f591623eff526770c425b726af0d950cfb2,23,district,district_18,District 18,misdemeanor_theft,Theft (Misdemeanor),year_to_date,percent_change,2025,2022,3,-22.0,-22%,,wilmington-compstat-v1,validated
year-end-compstat-2025-r1,year_end_compstat,2025-01-01,2025-12-31,1,3c3b151aad3d007f2279cf5735d63f591623eff526770c425b726af0d950cfb2,23,district,district_18,District 18,misdemeanor_theft,Theft (Misdemeanor),year_to_date,percent_change,2025,2021,4,-38.0,-38%,,wilmington-compstat-v1,validated
year-end-compstat-2025-r1,year_end_compstat,2025-01-01,2025-12-31,1,3c3b151aad3d007f2279cf5735d63f591623eff526770c425b726af0d950cfb2,23,district,district_18,District 18,misdemeanor_theft,Theft (Misdemeanor),year_to_date,percent_change,2025,2020,5,-55.0,-55%,,wilmington-compstat-v1,validated
year-end-compstat-2025-r1,year_end_compstat,2025-01-01,2025-12-31,1,3c3b151aad3d007f2279cf5735d63f591623eff526770c425b726af0d950cfb2,23,district,district_18,District 18,misdemeanor_theft,Theft (Misdemeanor),year_to_date,percent_change,2025,2019,6,-67.0,-67%,,wilmington-compstat-v1,validated
year-end-compstat-2025-r1,year_end_compstat,2025-01-01,2025-12-31,1,3c3b151aad3d007f2279cf5735d63f591623eff526770c425b726af0d950cfb2,25,district,district_19,District 19,murder,Murder,last_7_days,count,2025,,,0,0,,wilmington-compstat-v1,validated
year-end-compstat-2025-r1,year_end_compstat,2025-01-01,2025-12-31,1,3c3b151aad3d007f2279cf5735d63f591623eff526770c425b726af0d950cfb2,25,district,district_19,District 19,murder,Murder,last_7_days,count,2024,,,0,0,,wilmington-compstat-v1,validated
year-end-compstat-2025-r1,year_end_compstat,2025-01-01,2025-12-31,1,3c3b151aad3d007f2279cf5735d63f591623eff526770c425b726af0d950cfb2,25,district,district_19,District 19,murder,Murder,last_7_days,percent_change,2025,2024,1,,*,undefined_zero_denominator,wilmington-compstat-v1,validated
year-end-compstat-2025-r1,year_end_compstat,2025-01-01,2025-12-31,1,3c3b151aad3d007f2279cf5735d63f591623eff526770c425b726af0d950cfb2,25,district,district_19,District 19,murder,Murder,last_28_days,count,2025,,,0,0,,wilmington-compstat-v1,validated
year-end-compstat-2025-r1,year_end_compstat,2025-01-01,2025-12-31,1,3c3b151aad3d007f2279cf5735d63f591623eff526770c425b726af0d950cfb2,25,district,district_19,District 19,murder,Murder,last_28_days,count,2024,,,0,0,,wilmington-compstat-v1,validated
year-end-compstat-2025-r1,year_end_compstat,2025-01-01,2025-12-31,1,3c3b151aad3d007f2279cf5735d63f591623eff526770c425b726af0d950cfb2,25,district,district_19,District 19,murder,Murder,last_28_days,percent_change,2025,2024,1,,*,undefined_zero_denominator,wilmington-compstat-v1,validated
year-end-compstat-2025-r1,year_end_compstat,2025-01-01,2025-12-31,1,3c3b151aad3d007f2279cf5735d63f591623eff526770c425b726af0d950cfb2,25,district,district_19,District 19,murder,Murder,year_to_date,count,2025,,,0,0,,wilmington-compstat-v1,validated
year-end-compstat-2025-r1,year_end_compstat,2025-01-01,2025-12-31,1,3c3b151aad3d007f2279cf5735d63f591623eff526770c425b726af0d950cfb2,25,district,district_19,District 19,murder,Murder,year_to_date,count,2024,,,0,0,,wilmington-compstat-v1,validated
year-end-compstat-2025-r1,year_end_compstat,2025-01-01,2025-12-31,1,3c3b151aad3d007f2279cf5735d63f591623eff526770c425b726af0d950cfb2,25,district,district_19,District 19,murder,Murder,year_to_date,percent_change,2025,2024,1,,*,undefined_zero_denominator,wilmington-compstat-v1,validated
year-end-compstat-2025-r1,year_end_compstat,2025-01-01,2025-12-31,1,3c3b151aad3d007f2279cf5735d63f591623eff526770c425b726af0d950cfb2,25,district,district_19,District 19,murder,Murder,year_to_date,percent_change,2025,2023,2,,*,undefined_zero_denominator,wilmington-compstat-v1,validated
year-end-compstat-2025-r1,year_end_compstat,2025-01-01,2025-12-31,1,3c3b151aad3d007f2279cf5735d63f591623eff526770c425b726af0d950cfb2,25,district,district_19,District 19,murder,Murder,year_to_date,percent_change,2025,2022,3,-100.0,-100%,,wilmington-compstat-v1,validated
year-end-compstat-2025-r1,year_end_compstat,2025-01-01,2025-12-31,1,3c3b151aad3d007f2279cf5735d63f591623eff526770c425b726af0d950cfb2,25,district,district_19,District 19,murder,Murder,year_to_date,percent_change,2025,2021,4,,*,undefined_zero_denominator,wilmington-compstat-v1,validated
year-end-compstat-2025-r1,year_end_compstat,2025-01-01,2025-12-31,1,3c3b151aad3d007f2279cf5735d63f591623eff526770c425b726af0d950cfb2,25,district,district_19,District 19,murder,Murder,year_to_date,percent_change,2025,2020,5,,*,undefined_zero_denominator,wilmington-compstat-v1,validated
year-end-compstat-2025-r1,year_end_compstat,2025-01-01,2025-12-31,1,3c3b151aad3d007f2279cf5735d63f591623eff526770c425b726af0d950cfb2,25,district,district_19,District 19,murder,Murder,year_to_date,percent_change,2025,2019,6,,*,undefined_zero_denominator,wilmington-compstat-v1,validated
year-end-compstat-2025-r1,year_end_compstat,2025-01-01,2025-12-31,1,3c3b151aad3d007f2279cf5735d63f591623eff526770c425b726af0d950cfb2,25,district,district_19,District 19,rape,Rape,last_7_days,count,2025,,,0,0,,wilmington-compstat-v1,validated
year-end-compstat-2025-r1,year_end_compstat,2025-01-01,2025-12-31,1,3c3b151aad3d007f2279cf5735d63f591623eff526770c425b726af0d950cfb2,25,district,district_19,District 19,rape,Rape,last_7_days,count,2024,,,0,0,,wilmington-compstat-v1,validated
year-end-compstat-2025-r1,year_end_compstat,2025-01-01,2025-12-31,1,3c3b151aad3d007f2279cf5735d63f591623eff526770c425b726af0d950cfb2,25,district,district_19,District 19,rape,Rape,last_7_days,percent_change,2025,2024,1,,*,undefined_zero_denominator,wilmington-compstat-v1,validated
year-end-compstat-2025-r1,year_end_compstat,2025-01-01,2025-12-31,1,3c3b151aad3d007f2279cf5735d63f591623eff526770c425b726af0d950cfb2,25,district,district_19,District 19,rape,Rape,last_28_days,count,2025,,,0,0,,wilmington-compstat-v1,validated
year-end-compstat-2025-r1,year_end_compstat,2025-01-01,2025-12-31,1,3c3b151aad3d007f2279cf5735d63f591623eff526770c425b726af0d950cfb2,25,district,district_19,District 19,rape,Rape,last_28_days,count,2024,,,0,0,,wilmington-compstat-v1,validated
year-end-compstat-2025-r1,year_end_compstat,2025-01-01,2025-12-31,1,3c3b151aad3d007f2279cf5735d63f591623eff526770c425b726af0d950cfb2,25,district,district_19,District 19,rape,Rape,last_28_days,percent_change,2025,2024,1,,*,undefined_zero_denominator,wilmington-compstat-v1,validated
year-end-compstat-2025-r1,year_end_compstat,2025-01-01,2025-12-31,1,3c3b151aad3d007f2279cf5735d63f591623eff526770c425b726af0d950cfb2,25,district,district_19,District 19,rape,Rape,year_to_date,count,2025,,,0,0,,wilmington-compstat-v1,validated
year-end-compstat-2025-r1,year_end_compstat,2025-01-01,2025-12-31,1,3c3b151aad3d007f2279cf5735d63f591623eff526770c425b726af0d950cfb2,25,district,district_19,District 19,rape,Rape,year_to_date,count,2024,,,0,0,,wilmington-compstat-v1,validated
year-end-compstat-2025-r1,year_end_compstat,2025-01-01,2025-12-31,1,3c3b151aad3d007f2279cf5735d63f591623eff526770c425b726af0d950cfb2,25,district,district_19,District 19,rape,Rape,year_to_date,percent_change,2025,2024,1,,*,undefined_zero_denominator,wilmington-compstat-v1,validated
year-end-compstat-2025-r1,year_end_compstat,2025-01-01,2025-12-31,1,3c3b151aad3d007f2279cf5735d63f591623eff526770c425b726af0d950cfb2,25,district,district_19,District 19,rape,Rape,year_to_date,percent_change,2025,2023,2,,*,undefined_zero_denominator,wilmington-compstat-v1,validated
year-end-compstat-2025-r1,year_end_compstat,2025-01-01,2025-12-31,1,3c3b151aad3d007f2279cf5735d63f591623eff526770c425b726af0d950cfb2,25,district,district_19,District 19,rape,Rape,year_to_date,percent_change,2025,2022,3,,*,undefined_zero_denominator,wilmington-compstat-v1,validated
year-end-compstat-2025-r1,year_end_compstat,2025-01-01,2025-12-31,1,3c3b151aad3d007f2279cf5735d63f591623eff526770c425b726af0d950cfb2,25,district,district_19,District 19,rape,Rape,year_to_date,percent_change,2025,2021,4,,*,undefined_zero_denominator,wilmington-compstat-v1,validated
year-end-compstat-2025-r1,year_end_compstat,2025-01-01,2025-12-31,1,3c3b151aad3d007f2279cf5735d63f591623eff526770c425b726af0d950cfb2,25,district,district_19,District 19,rape,Rape,year_to_date,percent_change,2025,2020,5,,*,undefined_zero_denominator,wilmington-compstat-v1,validated
year-end-compstat-2025-r1,year_end_compstat,2025-01-01,2025-12-31,1,3c3b151aad3d007f2279cf5735d63f591623eff526770c425b726af0d950cfb2,25,district,district_19,District 19,rape,Rape,year_to_date,percent_change,2025,2019,6,,*,undefined_zero_denominator,wilmington-compstat-v1,validated
year-end-compstat-2025-r1,year_end_compstat,2025-01-01,2025-12-31,1,3c3b151aad3d007f2279cf5735d63f591623eff526770c425b726af0d950cfb2,25,district,district_19,District 19,robbery,Robbery,last_7_days,count,2025,,,0,0,,wilmington-compstat-v1,validated
year-end-compstat-2025-r1,year_end_compstat,2025-01-01,2025-12-31,1,3c3b151aad3d007f2279cf5735d63f591623eff526770c425b726af0d950cfb2,25,district,district_19,District 19,robbery,Robbery,last_7_days,count,2024,,,0,0,,wilmington-compstat-v1,validated
year-end-compstat-2025-r1,year_end_compstat,2025-01-01,2025-12-31,1,3c3b151aad3d007f2279cf5735d63f591623eff526770c425b726af0d950cfb2,25,district,district_19,District 19,robbery,Robbery,last_7_days,percent_change,2025,2024,1,,*,undefined_zero_denominator,wilmington-compstat-v1,validated
year-end-compstat-2025-r1,year_end_compstat,2025-01-01,2025-12-31,1,3c3b151aad3d007f2279cf5735d63f591623eff526770c425b726af0d950cfb2,25,district,district_19,District 19,robbery,Robbery,last_28_days,count,2025,,,0,0,,wilmington-compstat-v1,validated
year-end-compstat-2025-r1,year_end_compstat,2025-01-01,2025-12-31,1,3c3b151aad3d007f2279cf5735d63f591623eff526770c425b726af0d950cfb2,25,district,district_19,District 19,robbery,Robbery,last_28_days,count,2024,,,0,0,,wilmington-compstat-v1,validated
year-end-compstat-2025-r1,year_end_compstat,2025-01-01,2025-12-31,1,3c3b151aad3d007f2279cf5735d63f591623eff526770c425b726af0d950cfb2,25,district,district_19,District 19,robbery,Robbery,last_28_days,percent_change,2025,2024,1,,*,undefined_zero_denominator,wilmington-compstat-v1,validated
year-end-compstat-2025-r1,year_end_compstat,2025-01-01,2025-12-31,1,3c3b151aad3d007f2279cf5735d63f591623eff526770c425b726af0d950cfb2,25,district,district_19,District 19,robbery,Robbery,year_to_date,count,2025,,,7,7,,wilmington-compstat-v1,validated
year-end-compstat-2025-r1,year_end_compstat,2025-01-01,2025-12-31,1,3c3b151aad3d007f2279cf5735d63f591623eff526770c425b726af0d950cfb2,25,district,district_19,District 19,robbery,Robbery,year_to_date,count,2024,,,9,9,,wilmington-compstat-v1,validated
year-end-compstat-2025-r1,year_end_compstat,2025-01-01,2025-12-31,1,3c3b151aad3d007f2279cf5735d63f591623eff526770c425b726af0d950cfb2,25,district,district_19,District 19,robbery,Robbery,year_to_date,percent_change,2025,2024,1,-22.0,-22%,,wilmington-compstat-v1,validated
year-end-compstat-2025-r1,year_end_compstat,2025-01-01,2025-12-31,1,3c3b151aad3d007f2279cf5735d63f591623eff526770c425b726af0d950cfb2,25,district,district_19,District 19,robbery,Robbery,year_to_date,percent_change,2025,2023,2,-53.0,-53%,,wilmington-compstat-v1,validated
year-end-compstat-2025-r1,year_end_compstat,2025-01-01,2025-12-31,1,3c3b151aad3d007f2279cf5735d63f591623eff526770c425b726af0d950cfb2,25,district,district_19,District 19,robbery,Robbery,year_to_date,percent_change,2025,2022,3,-42.0,-42%,,wilmington-compstat-v1,validated
year-end-compstat-2025-r1,year_end_compstat,2025-01-01,2025-12-31,1,3c3b151aad3d007f2279cf5735d63f591623eff526770c425b726af0d950cfb2,25,district,district_19,District 19,robbery,Robbery,year_to_date,percent_change,2025,2021,4,-36.0,-36%,,wilmington-compstat-v1,validated
year-end-compstat-2025-r1,year_end_compstat,2025-01-01,2025-12-31,1,3c3b151aad3d007f2279cf5735d63f591623eff526770c425b726af0d950cfb2,25,district,district_19,District 19,robbery,Robbery,year_to_date,percent_change,2025,2020,5,0.0,0%,,wilmington-compstat-v1,validated
year-end-compstat-2025-r1,year_end_compstat,2025-01-01,2025-12-31,1,3c3b151aad3d007f2279cf5735d63f591623eff526770c425b726af0d950cfb2,25,district,district_19,District 19,robbery,Robbery,year_to_date,percent_change,2025,2019,6,-53.0,-53%,,wilmington-compstat-v1,validated
year-end-compstat-2025-r1,year_end_compstat,2025-01-01,2025-12-31,1,3c3b151aad3d007f2279cf5735d63f591623eff526770c425b726af0d950cfb2,25,district,district_19,District 19,aggravated_assault,Agg. Assault,last_7_days,count,2025,,,0,0,,wilmington-compstat-v1,validated
year-end-compstat-2025-r1,year_end_compstat,2025-01-01,2025-12-31,1,3c3b151aad3d007f2279cf5735d63f591623eff526770c425b726af0d950cfb2,25,district,district_19,District 19,aggravated_assault,Agg. Assault,last_7_days,count,2024,,,1,1,,wilmington-compstat-v1,validated
year-end-compstat-2025-r1,year_end_compstat,2025-01-01,2025-12-31,1,3c3b151aad3d007f2279cf5735d63f591623eff526770c425b726af0d950cfb2,25,district,district_19,District 19,aggravated_assault,Agg. Assault,last_7_days,percent_change,2025,2024,1,-100.0,-100%,,wilmington-compstat-v1,validated
year-end-compstat-2025-r1,year_end_compstat,2025-01-01,2025-12-31,1,3c3b151aad3d007f2279cf5735d63f591623eff526770c425b726af0d950cfb2,25,district,district_19,District 19,aggravated_assault,Agg. Assault,last_28_days,count,2025,,,0,0,,wilmington-compstat-v1,validated
year-end-compstat-2025-r1,year_end_compstat,2025-01-01,2025-12-31,1,3c3b151aad3d007f2279cf5735d63f591623eff526770c425b726af0d950cfb2,25,district,district_19,District 19,aggravated_assault,Agg. Assault,last_28_days,count,2024,,,2,2,,wilmington-compstat-v1,validated
year-end-compstat-2025-r1,year_end_compstat,2025-01-01,2025-12-31,1,3c3b151aad3d007f2279cf5735d63f591623eff526770c425b726af0d950cfb2,25,district,district_19,District 19,aggravated_assault,Agg. Assault,last_28_days,percent_change,2025,2024,1,-100.0,-100%,,wilmington-compstat-v1,validated
year-end-compstat-2025-r1,year_end_compstat,2025-01-01,2025-12-31,1,3c3b151aad3d007f2279cf5735d63f591623eff526770c425b726af0d950cfb2,25,district,district_19,District 19,aggravated_assault,Agg. Assault,year_to_date,count,2025,,,17,17,,wilmington-compstat-v1,validated
year-end-compstat-2025-r1,year_end_compstat,2025-01-01,2025-12-31,1,3c3b151aad3d007f2279cf5735d63f591623eff526770c425b726af0d950cfb2,25,district,district_19,District 19,aggravated_assault,Agg. Assault,year_to_date,count,2024,,,27,27,,wilmington-compstat-v1,validated
year-end-compstat-2025-r1,year_end_compstat,2025-01-01,2025-12-31,1,3c3b151aad3d007f2279cf5735d63f591623eff526770c425b726af0d950cfb2,25,district,district_19,District 19,aggravated_assault,Agg. Assault,year_to_date,percent_change,2025,2024,1,-37.0,-37%,,wilmington-compstat-v1,validated
year-end-compstat-2025-r1,year_end_compstat,2025-01-01,2025-12-31,1,3c3b151aad3d007f2279cf5735d63f591623eff526770c425b726af0d950cfb2,25,district,district_19,District 19,aggravated_assault,Agg. Assault,year_to_date,percent_change,2025,2023,2,13.0,13%,,wilmington-compstat-v1,validated
year-end-compstat-2025-r1,year_end_compstat,2025-01-01,2025-12-31,1,3c3b151aad3d007f2279cf5735d63f591623eff526770c425b726af0d950cfb2,25,district,district_19,District 19,aggravated_assault,Agg. Assault,year_to_date,percent_change,2025,2022,3,70.0,70%,,wilmington-compstat-v1,validated
year-end-compstat-2025-r1,year_end_compstat,2025-01-01,2025-12-31,1,3c3b151aad3d007f2279cf5735d63f591623eff526770c425b726af0d950cfb2,25,district,district_19,District 19,aggravated_assault,Agg. Assault,year_to_date,percent_change,2025,2021,4,55.0,55%,,wilmington-compstat-v1,validated
year-end-compstat-2025-r1,year_end_compstat,2025-01-01,2025-12-31,1,3c3b151aad3d007f2279cf5735d63f591623eff526770c425b726af0d950cfb2,25,district,district_19,District 19,aggravated_assault,Agg. Assault,year_to_date,percent_change,2025,2020,5,21.0,21%,,wilmington-compstat-v1,validated
year-end-compstat-2025-r1,year_end_compstat,2025-01-01,2025-12-31,1,3c3b151aad3d007f2279cf5735d63f591623eff526770c425b726af0d950cfb2,25,district,district_19,District 19,aggravated_assault,Agg. Assault,year_to_date,percent_change,2025,2019,6,21.0,21%,,wilmington-compstat-v1,validated
year-end-compstat-2025-r1,year_end_compstat,2025-01-01,2025-12-31,1,3c3b151aad3d007f2279cf5735d63f591623eff526770c425b726af0d950cfb2,25,district,district_19,District 19,burglary,Burglary,last_7_days,count,2025,,,0,0,,wilmington-compstat-v1,validated
year-end-compstat-2025-r1,year_end_compstat,2025-01-01,2025-12-31,1,3c3b151aad3d007f2279cf5735d63f591623eff526770c425b726af0d950cfb2,25,district,district_19,District 19,burglary,Burglary,last_7_days,count,2024,,,0,0,,wilmington-compstat-v1,validated
year-end-compstat-2025-r1,year_end_compstat,2025-01-01,2025-12-31,1,3c3b151aad3d007f2279cf5735d63f591623eff526770c425b726af0d950cfb2,25,district,district_19,District 19,burglary,Burglary,last_7_days,percent_change,2025,2024,1,,*,undefined_zero_denominator,wilmington-compstat-v1,validated
year-end-compstat-2025-r1,year_end_compstat,2025-01-01,2025-12-31,1,3c3b151aad3d007f2279cf5735d63f591623eff526770c425b726af0d950cfb2,25,district,district_19,District 19,burglary,Burglary,last_28_days,count,2025,,,1,1,,wilmington-compstat-v1,validated
year-end-compstat-2025-r1,year_end_compstat,2025-01-01,2025-12-31,1,3c3b151aad3d007f2279cf5735d63f591623eff526770c425b726af0d950cfb2,25,district,district_19,District 19,burglary,Burglary,last_28_days,count,2024,,,0,0,,wilmington-compstat-v1,validated
year-end-compstat-2025-r1,year_end_compstat,2025-01-01,2025-12-31,1,3c3b151aad3d007f2279cf5735d63f591623eff526770c425b726af0d950cfb2,25,district,district_19,District 19,burglary,Burglary,last_28_days,percent_change,2025,2024,1,,*,undefined_zero_denominator,wilmington-compstat-v1,validated
year-end-compstat-2025-r1,year_end_compstat,2025-01-01,2025-12-31,1,3c3b151aad3d007f2279cf5735d63f591623eff526770c425b726af0d950cfb2,25,district,district_19,District 19,burglary,Burglary,year_to_date,count,2025,,,22,22,,wilmington-compstat-v1,validated
year-end-compstat-2025-r1,year_end_compstat,2025-01-01,2025-12-31,1,3c3b151aad3d007f2279cf5735d63f591623eff526770c425b726af0d950cfb2,25,district,district_19,District 19,burglary,Burglary,year_to_date,count,2024,,,23,23,,wilmington-compstat-v1,validated
year-end-compstat-2025-r1,year_end_compstat,2025-01-01,2025-12-31,1,3c3b151aad3d007f2279cf5735d63f591623eff526770c425b726af0d950cfb2,25,district,district_19,District 19,burglary,Burglary,year_to_date,percent_change,2025,2024,1,-4.0,-4%,,wilmington-compstat-v1,validated
year-end-compstat-2025-r1,year_end_compstat,2025-01-01,2025-12-31,1,3c3b151aad3d007f2279cf5735d63f591623eff526770c425b726af0d950cfb2,25,district,district_19,District 19,burglary,Burglary,year_to_date,percent_change,2025,2023,2,-29.0,-29%,,wilmington-compstat-v1,validated
year-end-compstat-2025-r1,year_end_compstat,2025-01-01,2025-12-31,1,3c3b151aad3d007f2279cf5735d63f591623eff526770c425b726af0d950cfb2,25,district,district_19,District 19,burglary,Burglary,year_to_date,percent_change,2025,2022,3,-31.0,-31%,,wilmington-compstat-v1,validated
year-end-compstat-2025-r1,year_end_compstat,2025-01-01,2025-12-31,1,3c3b151aad3d007f2279cf5735d63f591623eff526770c425b726af0d950cfb2,25,district,district_19,District 19,burglary,Burglary,year_to_date,percent_change,2025,2021,4,-45.0,-45%,,wilmington-compstat-v1,validated
year-end-compstat-2025-r1,year_end_compstat,2025-01-01,2025-12-31,1,3c3b151aad3d007f2279cf5735d63f591623eff526770c425b726af0d950cfb2,25,district,district_19,District 19,burglary,Burglary,year_to_date,percent_change,2025,2020,5,-50.0,-50%,,wilmington-compstat-v1,validated
year-end-compstat-2025-r1,year_end_compstat,2025-01-01,2025-12-31,1,3c3b151aad3d007f2279cf5735d63f591623eff526770c425b726af0d950cfb2,25,district,district_19,District 19,burglary,Burglary,year_to_date,percent_change,2025,2019,6,-58.0,-58%,,wilmington-compstat-v1,validated
year-end-compstat-2025-r1,year_end_compstat,2025-01-01,2025-12-31,1,3c3b151aad3d007f2279cf5735d63f591623eff526770c425b726af0d950cfb2,25,district,district_19,District 19,felony_theft,Felony Theft,last_7_days,count,2025,,,0,0,,wilmington-compstat-v1,validated
year-end-compstat-2025-r1,year_end_compstat,2025-01-01,2025-12-31,1,3c3b151aad3d007f2279cf5735d63f591623eff526770c425b726af0d950cfb2,25,district,district_19,District 19,felony_theft,Felony Theft,last_7_days,count,2024,,,0,0,,wilmington-compstat-v1,validated
year-end-compstat-2025-r1,year_end_compstat,2025-01-01,2025-12-31,1,3c3b151aad3d007f2279cf5735d63f591623eff526770c425b726af0d950cfb2,25,district,district_19,District 19,felony_theft,Felony Theft,last_7_days,percent_change,2025,2024,1,,*,undefined_zero_denominator,wilmington-compstat-v1,validated
year-end-compstat-2025-r1,year_end_compstat,2025-01-01,2025-12-31,1,3c3b151aad3d007f2279cf5735d63f591623eff526770c425b726af0d950cfb2,25,district,district_19,District 19,felony_theft,Felony Theft,last_28_days,count,2025,,,1,1,,wilmington-compstat-v1,validated
year-end-compstat-2025-r1,year_end_compstat,2025-01-01,2025-12-31,1,3c3b151aad3d007f2279cf5735d63f591623eff526770c425b726af0d950cfb2,25,district,district_19,District 19,felony_theft,Felony Theft,last_28_days,count,2024,,,1,1,,wilmington-compstat-v1,validated
year-end-compstat-2025-r1,year_end_compstat,2025-01-01,2025-12-31,1,3c3b151aad3d007f2279cf5735d63f591623eff526770c425b726af0d950cfb2,25,district,district_19,District 19,felony_theft,Felony Theft,last_28_days,percent_change,2025,2024,1,0.0,0%,,wilmington-compstat-v1,validated
year-end-compstat-2025-r1,year_end_compstat,2025-01-01,2025-12-31,1,3c3b151aad3d007f2279cf5735d63f591623eff526770c425b726af0d950cfb2,25,district,district_19,District 19,felony_theft,Felony Theft,year_to_date,count,2025,,,20,20,,wilmington-compstat-v1,validated
year-end-compstat-2025-r1,year_end_compstat,2025-01-01,2025-12-31,1,3c3b151aad3d007f2279cf5735d63f591623eff526770c425b726af0d950cfb2,25,district,district_19,District 19,felony_theft,Felony Theft,year_to_date,count,2024,,,26,26,,wilmington-compstat-v1,validated
year-end-compstat-2025-r1,year_end_compstat,2025-01-01,2025-12-31,1,3c3b151aad3d007f2279cf5735d63f591623eff526770c425b726af0d950cfb2,25,district,district_19,District 19,felony_theft,Felony Theft,year_to_date,percent_change,2025,2024,1,-23.0,-23%,,wilmington-compstat-v1,validated
year-end-compstat-2025-r1,year_end_compstat,2025-01-01,2025-12-31,1,3c3b151aad3d007f2279cf5735d63f591623eff526770c425b726af0d950cfb2,25,district,district_19,District 19,felony_theft,Felony Theft,year_to_date,percent_change,2025,2023,2,-41.0,-41%,,wilmington-compstat-v1,validated
year-end-compstat-2025-r1,year_end_compstat,2025-01-01,2025-12-31,1,3c3b151aad3d007f2279cf5735d63f591623eff526770c425b726af0d950cfb2,25,district,district_19,District 19,felony_theft,Felony Theft,year_to_date,percent_change,2025,2022,3,-31.0,-31%,,wilmington-compstat-v1,validated
year-end-compstat-2025-r1,year_end_compstat,2025-01-01,2025-12-31,1,3c3b151aad3d007f2279cf5735d63f591623eff526770c425b726af0d950cfb2,25,district,district_19,District 19,felony_theft,Felony Theft,year_to_date,percent_change,2025,2021,4,-55.0,-55%,,wilmington-compstat-v1,validated
year-end-compstat-2025-r1,year_end_compstat,2025-01-01,2025-12-31,1,3c3b151aad3d007f2279cf5735d63f591623eff526770c425b726af0d950cfb2,25,district,district_19,District 19,felony_theft,Felony Theft,year_to_date,percent_change,2025,2020,5,-41.0,-41%,,wilmington-compstat-v1,validated
year-end-compstat-2025-r1,year_end_compstat,2025-01-01,2025-12-31,1,3c3b151aad3d007f2279cf5735d63f591623eff526770c425b726af0d950cfb2,25,district,district_19,District 19,felony_theft,Felony Theft,year_to_date,percent_change,2025,2019,6,-5.0,-5%,,wilmington-compstat-v1,validated
year-end-compstat-2025-r1,year_end_compstat,2025-01-01,2025-12-31,1,3c3b151aad3d007f2279cf5735d63f591623eff526770c425b726af0d950cfb2,25,district,district_19,District 19,auto_theft,Auto Theft,last_7_days,count,2025,,,3,3,,wilmington-compstat-v1,validated
year-end-compstat-2025-r1,year_end_compstat,2025-01-01,2025-12-31,1,3c3b151aad3d007f2279cf5735d63f591623eff526770c425b726af0d950cfb2,25,district,district_19,District 19,auto_theft,Auto Theft,last_7_days,count,2024,,,1,1,,wilmington-compstat-v1,validated
year-end-compstat-2025-r1,year_end_compstat,2025-01-01,2025-12-31,1,3c3b151aad3d007f2279cf5735d63f591623eff526770c425b726af0d950cfb2,25,district,district_19,District 19,auto_theft,Auto Theft,last_7_days,percent_change,2025,2024,1,200.0,200%,,wilmington-compstat-v1,validated
year-end-compstat-2025-r1,year_end_compstat,2025-01-01,2025-12-31,1,3c3b151aad3d007f2279cf5735d63f591623eff526770c425b726af0d950cfb2,25,district,district_19,District 19,auto_theft,Auto Theft,last_28_days,count,2025,,,6,6,,wilmington-compstat-v1,validated
year-end-compstat-2025-r1,year_end_compstat,2025-01-01,2025-12-31,1,3c3b151aad3d007f2279cf5735d63f591623eff526770c425b726af0d950cfb2,25,district,district_19,District 19,auto_theft,Auto Theft,last_28_days,count,2024,,,2,2,,wilmington-compstat-v1,validated
year-end-compstat-2025-r1,year_end_compstat,2025-01-01,2025-12-31,1,3c3b151aad3d007f2279cf5735d63f591623eff526770c425b726af0d950cfb2,25,district,district_19,District 19,auto_theft,Auto Theft,last_28_days,percent_change,2025,2024,1,200.0,200%,,wilmington-compstat-v1,validated
year-end-compstat-2025-r1,year_end_compstat,2025-01-01,2025-12-31,1,3c3b151aad3d007f2279cf5735d63f591623eff526770c425b726af0d950cfb2,25,district,district_19,District 19,auto_theft,Auto Theft,year_to_date,count,2025,,,39,39,,wilmington-compstat-v1,validated
year-end-compstat-2025-r1,year_end_compstat,2025-01-01,2025-12-31,1,3c3b151aad3d007f2279cf5735d63f591623eff526770c425b726af0d950cfb2,25,district,district_19,District 19,auto_theft,Auto Theft,year_to_date,count,2024,,,34,34,,wilmington-compstat-v1,validated
year-end-compstat-2025-r1,year_end_compstat,2025-01-01,2025-12-31,1,3c3b151aad3d007f2279cf5735d63f591623eff526770c425b726af0d950cfb2,25,district,district_19,District 19,auto_theft,Auto Theft,year_to_date,percent_change,2025,2024,1,15.0,15%,,wilmington-compstat-v1,validated
year-end-compstat-2025-r1,year_end_compstat,2025-01-01,2025-12-31,1,3c3b151aad3d007f2279cf5735d63f591623eff526770c425b726af0d950cfb2,25,district,district_19,District 19,auto_theft,Auto Theft,year_to_date,percent_change,2025,2023,2,-43.0,-43%,,wilmington-compstat-v1,validated
year-end-compstat-2025-r1,year_end_compstat,2025-01-01,2025-12-31,1,3c3b151aad3d007f2279cf5735d63f591623eff526770c425b726af0d950cfb2,25,district,district_19,District 19,auto_theft,Auto Theft,year_to_date,percent_change,2025,2022,3,70.0,70%,,wilmington-compstat-v1,validated
year-end-compstat-2025-r1,year_end_compstat,2025-01-01,2025-12-31,1,3c3b151aad3d007f2279cf5735d63f591623eff526770c425b726af0d950cfb2,25,district,district_19,District 19,auto_theft,Auto Theft,year_to_date,percent_change,2025,2021,4,18.0,18%,,wilmington-compstat-v1,validated
year-end-compstat-2025-r1,year_end_compstat,2025-01-01,2025-12-31,1,3c3b151aad3d007f2279cf5735d63f591623eff526770c425b726af0d950cfb2,25,district,district_19,District 19,auto_theft,Auto Theft,year_to_date,percent_change,2025,2020,5,15.0,15%,,wilmington-compstat-v1,validated
year-end-compstat-2025-r1,year_end_compstat,2025-01-01,2025-12-31,1,3c3b151aad3d007f2279cf5735d63f591623eff526770c425b726af0d950cfb2,25,district,district_19,District 19,auto_theft,Auto Theft,year_to_date,percent_change,2025,2019,6,34.0,34%,,wilmington-compstat-v1,validated
year-end-compstat-2025-r1,year_end_compstat,2025-01-01,2025-12-31,1,3c3b151aad3d007f2279cf5735d63f591623eff526770c425b726af0d950cfb2,25,district,district_19,District 19,major_crime_total,TOTAL,last_7_days,count,2025,,,3,3,,wilmington-compstat-v1,validated
year-end-compstat-2025-r1,year_end_compstat,2025-01-01,2025-12-31,1,3c3b151aad3d007f2279cf5735d63f591623eff526770c425b726af0d950cfb2,25,district,district_19,District 19,major_crime_total,TOTAL,last_7_days,count,2024,,,2,2,,wilmington-compstat-v1,validated
year-end-compstat-2025-r1,year_end_compstat,2025-01-01,2025-12-31,1,3c3b151aad3d007f2279cf5735d63f591623eff526770c425b726af0d950cfb2,25,district,district_19,District 19,major_crime_total,TOTAL,last_7_days,percent_change,2025,2024,1,50.0,50%,,wilmington-compstat-v1,validated
year-end-compstat-2025-r1,year_end_compstat,2025-01-01,2025-12-31,1,3c3b151aad3d007f2279cf5735d63f591623eff526770c425b726af0d950cfb2,25,district,district_19,District 19,major_crime_total,TOTAL,last_28_days,count,2025,,,8,8,,wilmington-compstat-v1,validated
year-end-compstat-2025-r1,year_end_compstat,2025-01-01,2025-12-31,1,3c3b151aad3d007f2279cf5735d63f591623eff526770c425b726af0d950cfb2,25,district,district_19,District 19,major_crime_total,TOTAL,last_28_days,count,2024,,,5,5,,wilmington-compstat-v1,validated
year-end-compstat-2025-r1,year_end_compstat,2025-01-01,2025-12-31,1,3c3b151aad3d007f2279cf5735d63f591623eff526770c425b726af0d950cfb2,25,district,district_19,District 19,major_crime_total,TOTAL,last_28_days,percent_change,2025,2024,1,60.0,60%,,wilmington-compstat-v1,validated
year-end-compstat-2025-r1,year_end_compstat,2025-01-01,2025-12-31,1,3c3b151aad3d007f2279cf5735d63f591623eff526770c425b726af0d950cfb2,25,district,district_19,District 19,major_crime_total,TOTAL,year_to_date,count,2025,,,105,105,,wilmington-compstat-v1,validated
year-end-compstat-2025-r1,year_end_compstat,2025-01-01,2025-12-31,1,3c3b151aad3d007f2279cf5735d63f591623eff526770c425b726af0d950cfb2,25,district,district_19,District 19,major_crime_total,TOTAL,year_to_date,count,2024,,,119,119,,wilmington-compstat-v1,validated
year-end-compstat-2025-r1,year_end_compstat,2025-01-01,2025-12-31,1,3c3b151aad3d007f2279cf5735d63f591623eff526770c425b726af0d950cfb2,25,district,district_19,District 19,major_crime_total,TOTAL,year_to_date,percent_change,2025,2024,1,-12.0,-12%,,wilmington-compstat-v1,validated
year-end-compstat-2025-r1,year_end_compstat,2025-01-01,2025-12-31,1,3c3b151aad3d007f2279cf5735d63f591623eff526770c425b726af0d950cfb2,25,district,district_19,District 19,major_crime_total,TOTAL,year_to_date,percent_change,2025,2023,2,-36.0,-36%,,wilmington-compstat-v1,validated
year-end-compstat-2025-r1,year_end_compstat,2025-01-01,2025-12-31,1,3c3b151aad3d007f2279cf5735d63f591623eff526770c425b726af0d950cfb2,25,district,district_19,District 19,major_crime_total,TOTAL,year_to_date,percent_change,2025,2022,3,-2.0,-2%,,wilmington-compstat-v1,validated
year-end-compstat-2025-r1,year_end_compstat,2025-01-01,2025-12-31,1,3c3b151aad3d007f2279cf5735d63f591623eff526770c425b726af0d950cfb2,25,district,district_19,District 19,major_crime_total,TOTAL,year_to_date,percent_change,2025,2021,4,-24.0,-24%,,wilmington-compstat-v1,validated
year-end-compstat-2025-r1,year_end_compstat,2025-01-01,2025-12-31,1,3c3b151aad3d007f2279cf5735d63f591623eff526770c425b726af0d950cfb2,25,district,district_19,District 19,major_crime_total,TOTAL,year_to_date,percent_change,2025,2020,5,-21.0,-21%,,wilmington-compstat-v1,validated
year-end-compstat-2025-r1,year_end_compstat,2025-01-01,2025-12-31,1,3c3b151aad3d007f2279cf5735d63f591623eff526770c425b726af0d950cfb2,25,district,district_19,District 19,major_crime_total,TOTAL,year_to_date,percent_change,2025,2019,6,-20.0,-20%,,wilmington-compstat-v1,validated
year-end-compstat-2025-r1,year_end_compstat,2025-01-01,2025-12-31,1,3c3b151aad3d007f2279cf5735d63f591623eff526770c425b726af0d950cfb2,25,district,district_19,District 19,shooting_incidents,Shooting Incidents,last_7_days,count,2025,,,0,0,,wilmington-compstat-v1,validated
year-end-compstat-2025-r1,year_end_compstat,2025-01-01,2025-12-31,1,3c3b151aad3d007f2279cf5735d63f591623eff526770c425b726af0d950cfb2,25,district,district_19,District 19,shooting_incidents,Shooting Incidents,last_7_days,count,2024,,,0,0,,wilmington-compstat-v1,validated
year-end-compstat-2025-r1,year_end_compstat,2025-01-01,2025-12-31,1,3c3b151aad3d007f2279cf5735d63f591623eff526770c425b726af0d950cfb2,25,district,district_19,District 19,shooting_incidents,Shooting Incidents,last_7_days,percent_change,2025,2024,1,,*,undefined_zero_denominator,wilmington-compstat-v1,validated
year-end-compstat-2025-r1,year_end_compstat,2025-01-01,2025-12-31,1,3c3b151aad3d007f2279cf5735d63f591623eff526770c425b726af0d950cfb2,25,district,district_19,District 19,shooting_incidents,Shooting Incidents,last_28_days,count,2025,,,0,0,,wilmington-compstat-v1,validated
year-end-compstat-2025-r1,year_end_compstat,2025-01-01,2025-12-31,1,3c3b151aad3d007f2279cf5735d63f591623eff526770c425b726af0d950cfb2,25,district,district_19,District 19,shooting_incidents,Shooting Incidents,last_28_days,count,2024,,,0,0,,wilmington-compstat-v1,validated
year-end-compstat-2025-r1,year_end_compstat,2025-01-01,2025-12-31,1,3c3b151aad3d007f2279cf5735d63f591623eff526770c425b726af0d950cfb2,25,district,district_19,District 19,shooting_incidents,Shooting Incidents,last_28_days,percent_change,2025,2024,1,,*,undefined_zero_denominator,wilmington-compstat-v1,validated
year-end-compstat-2025-r1,year_end_compstat,2025-01-01,2025-12-31,1,3c3b151aad3d007f2279cf5735d63f591623eff526770c425b726af0d950cfb2,25,district,district_19,District 19,shooting_incidents,Shooting Incidents,year_to_date,count,2025,,,1,1,,wilmington-compstat-v1,validated
year-end-compstat-2025-r1,year_end_compstat,2025-01-01,2025-12-31,1,3c3b151aad3d007f2279cf5735d63f591623eff526770c425b726af0d950cfb2,25,district,district_19,District 19,shooting_incidents,Shooting Incidents,year_to_date,count,2024,,,1,1,,wilmington-compstat-v1,validated
year-end-compstat-2025-r1,year_end_compstat,2025-01-01,2025-12-31,1,3c3b151aad3d007f2279cf5735d63f591623eff526770c425b726af0d950cfb2,25,district,district_19,District 19,shooting_incidents,Shooting Incidents,year_to_date,percent_change,2025,2024,1,0.0,0%,,wilmington-compstat-v1,validated
year-end-compstat-2025-r1,year_end_compstat,2025-01-01,2025-12-31,1,3c3b151aad3d007f2279cf5735d63f591623eff526770c425b726af0d950cfb2,25,district,district_19,District 19,shooting_incidents,Shooting Incidents,year_to_date,percent_change,2025,2023,2,-75.0,-75%,,wilmington-compstat-v1,validated
year-end-compstat-2025-r1,year_end_compstat,2025-01-01,2025-12-31,1,3c3b151aad3d007f2279cf5735d63f591623eff526770c425b726af0d950cfb2,25,district,district_19,District 19,shooting_incidents,Shooting Incidents,year_to_date,percent_change,2025,2022,3,,*,undefined_zero_denominator,wilmington-compstat-v1,validated
year-end-compstat-2025-r1,year_end_compstat,2025-01-01,2025-12-31,1,3c3b151aad3d007f2279cf5735d63f591623eff526770c425b726af0d950cfb2,25,district,district_19,District 19,shooting_incidents,Shooting Incidents,year_to_date,percent_change,2025,2021,4,,*,undefined_zero_denominator,wilmington-compstat-v1,validated
year-end-compstat-2025-r1,year_end_compstat,2025-01-01,2025-12-31,1,3c3b151aad3d007f2279cf5735d63f591623eff526770c425b726af0d950cfb2,25,district,district_19,District 19,shooting_incidents,Shooting Incidents,year_to_date,percent_change,2025,2020,5,-50.0,-50%,,wilmington-compstat-v1,validated
year-end-compstat-2025-r1,year_end_compstat,2025-01-01,2025-12-31,1,3c3b151aad3d007f2279cf5735d63f591623eff526770c425b726af0d950cfb2,25,district,district_19,District 19,shooting_incidents,Shooting Incidents,year_to_date,percent_change,2025,2019,6,0.0,0%,,wilmington-compstat-v1,validated
year-end-compstat-2025-r1,year_end_compstat,2025-01-01,2025-12-31,1,3c3b151aad3d007f2279cf5735d63f591623eff526770c425b726af0d950cfb2,25,district,district_19,District 19,shooting_victims,Shooting Victims,last_7_days,count,2025,,,0,0,,wilmington-compstat-v1,validated
year-end-compstat-2025-r1,year_end_compstat,2025-01-01,2025-12-31,1,3c3b151aad3d007f2279cf5735d63f591623eff526770c425b726af0d950cfb2,25,district,district_19,District 19,shooting_victims,Shooting Victims,last_7_days,count,2024,,,0,0,,wilmington-compstat-v1,validated
year-end-compstat-2025-r1,year_end_compstat,2025-01-01,2025-12-31,1,3c3b151aad3d007f2279cf5735d63f591623eff526770c425b726af0d950cfb2,25,district,district_19,District 19,shooting_victims,Shooting Victims,last_7_days,percent_change,2025,2024,1,,*,undefined_zero_denominator,wilmington-compstat-v1,validated
year-end-compstat-2025-r1,year_end_compstat,2025-01-01,2025-12-31,1,3c3b151aad3d007f2279cf5735d63f591623eff526770c425b726af0d950cfb2,25,district,district_19,District 19,shooting_victims,Shooting Victims,last_28_days,count,2025,,,0,0,,wilmington-compstat-v1,validated
year-end-compstat-2025-r1,year_end_compstat,2025-01-01,2025-12-31,1,3c3b151aad3d007f2279cf5735d63f591623eff526770c425b726af0d950cfb2,25,district,district_19,District 19,shooting_victims,Shooting Victims,last_28_days,count,2024,,,0,0,,wilmington-compstat-v1,validated
year-end-compstat-2025-r1,year_end_compstat,2025-01-01,2025-12-31,1,3c3b151aad3d007f2279cf5735d63f591623eff526770c425b726af0d950cfb2,25,district,district_19,District 19,shooting_victims,Shooting Victims,last_28_days,percent_change,2025,2024,1,,*,undefined_zero_denominator,wilmington-compstat-v1,validated
year-end-compstat-2025-r1,year_end_compstat,2025-01-01,2025-12-31,1,3c3b151aad3d007f2279cf5735d63f591623eff526770c425b726af0d950cfb2,25,district,district_19,District 19,shooting_victims,Shooting Victims,year_to_date,count,2025,,,1,1,,wilmington-compstat-v1,validated
year-end-compstat-2025-r1,year_end_compstat,2025-01-01,2025-12-31,1,3c3b151aad3d007f2279cf5735d63f591623eff526770c425b726af0d950cfb2,25,district,district_19,District 19,shooting_victims,Shooting Victims,year_to_date,count,2024,,,1,1,,wilmington-compstat-v1,validated
year-end-compstat-2025-r1,year_end_compstat,2025-01-01,2025-12-31,1,3c3b151aad3d007f2279cf5735d63f591623eff526770c425b726af0d950cfb2,25,district,district_19,District 19,shooting_victims,Shooting Victims,year_to_date,percent_change,2025,2024,1,0.0,0%,,wilmington-compstat-v1,validated
year-end-compstat-2025-r1,year_end_compstat,2025-01-01,2025-12-31,1,3c3b151aad3d007f2279cf5735d63f591623eff526770c425b726af0d950cfb2,25,district,district_19,District 19,shooting_victims,Shooting Victims,year_to_date,percent_change,2025,2023,2,-75.0,-75%,,wilmington-compstat-v1,validated
year-end-compstat-2025-r1,year_end_compstat,2025-01-01,2025-12-31,1,3c3b151aad3d007f2279cf5735d63f591623eff526770c425b726af0d950cfb2,25,district,district_19,District 19,shooting_victims,Shooting Victims,year_to_date,percent_change,2025,2022,3,,*,undefined_zero_denominator,wilmington-compstat-v1,validated
year-end-compstat-2025-r1,year_end_compstat,2025-01-01,2025-12-31,1,3c3b151aad3d007f2279cf5735d63f591623eff526770c425b726af0d950cfb2,25,district,district_19,District 19,shooting_victims,Shooting Victims,year_to_date,percent_change,2025,2021,4,,*,undefined_zero_denominator,wilmington-compstat-v1,validated
year-end-compstat-2025-r1,year_end_compstat,2025-01-01,2025-12-31,1,3c3b151aad3d007f2279cf5735d63f591623eff526770c425b726af0d950cfb2,25,district,district_19,District 19,shooting_victims,Shooting Victims,year_to_date,percent_change,2025,2020,5,-50.0,-50%,,wilmington-compstat-v1,validated
year-end-compstat-2025-r1,year_end_compstat,2025-01-01,2025-12-31,1,3c3b151aad3d007f2279cf5735d63f591623eff526770c425b726af0d950cfb2,25,district,district_19,District 19,shooting_victims,Shooting Victims,year_to_date,percent_change,2025,2019,6,0.0,0%,,wilmington-compstat-v1,validated
year-end-compstat-2025-r1,year_end_compstat,2025-01-01,2025-12-31,1,3c3b151aad3d007f2279cf5735d63f591623eff526770c425b726af0d950cfb2,25,district,district_19,District 19,juvenile_shooting_incidents,*Juv Shooting Incidents,last_7_days,count,2025,,,0,0,,wilmington-compstat-v1,validated
year-end-compstat-2025-r1,year_end_compstat,2025-01-01,2025-12-31,1,3c3b151aad3d007f2279cf5735d63f591623eff526770c425b726af0d950cfb2,25,district,district_19,District 19,juvenile_shooting_incidents,*Juv Shooting Incidents,last_7_days,count,2024,,,0,0,,wilmington-compstat-v1,validated
year-end-compstat-2025-r1,year_end_compstat,2025-01-01,2025-12-31,1,3c3b151aad3d007f2279cf5735d63f591623eff526770c425b726af0d950cfb2,25,district,district_19,District 19,juvenile_shooting_incidents,*Juv Shooting Incidents,last_7_days,percent_change,2025,2024,1,,*,undefined_zero_denominator,wilmington-compstat-v1,validated
year-end-compstat-2025-r1,year_end_compstat,2025-01-01,2025-12-31,1,3c3b151aad3d007f2279cf5735d63f591623eff526770c425b726af0d950cfb2,25,district,district_19,District 19,juvenile_shooting_incidents,*Juv Shooting Incidents,last_28_days,count,2025,,,0,0,,wilmington-compstat-v1,validated
year-end-compstat-2025-r1,year_end_compstat,2025-01-01,2025-12-31,1,3c3b151aad3d007f2279cf5735d63f591623eff526770c425b726af0d950cfb2,25,district,district_19,District 19,juvenile_shooting_incidents,*Juv Shooting Incidents,last_28_days,count,2024,,,0,0,,wilmington-compstat-v1,validated
year-end-compstat-2025-r1,year_end_compstat,2025-01-01,2025-12-31,1,3c3b151aad3d007f2279cf5735d63f591623eff526770c425b726af0d950cfb2,25,district,district_19,District 19,juvenile_shooting_incidents,*Juv Shooting Incidents,last_28_days,percent_change,2025,2024,1,,*,undefined_zero_denominator,wilmington-compstat-v1,validated
year-end-compstat-2025-r1,year_end_compstat,2025-01-01,2025-12-31,1,3c3b151aad3d007f2279cf5735d63f591623eff526770c425b726af0d950cfb2,25,district,district_19,District 19,juvenile_shooting_incidents,*Juv Shooting Incidents,year_to_date,count,2025,,,0,0,,wilmington-compstat-v1,validated
year-end-compstat-2025-r1,year_end_compstat,2025-01-01,2025-12-31,1,3c3b151aad3d007f2279cf5735d63f591623eff526770c425b726af0d950cfb2,25,district,district_19,District 19,juvenile_shooting_incidents,*Juv Shooting Incidents,year_to_date,count,2024,,,0,0,,wilmington-compstat-v1,validated
year-end-compstat-2025-r1,year_end_compstat,2025-01-01,2025-12-31,1,3c3b151aad3d007f2279cf5735d63f591623eff526770c425b726af0d950cfb2,25,district,district_19,District 19,juvenile_shooting_incidents,*Juv Shooting Incidents,year_to_date,percent_change,2025,2024,1,,*,undefined_zero_denominator,wilmington-compstat-v1,validated
year-end-compstat-2025-r1,year_end_compstat,2025-01-01,2025-12-31,1,3c3b151aad3d007f2279cf5735d63f591623eff526770c425b726af0d950cfb2,25,district,district_19,District 19,juvenile_shooting_incidents,*Juv Shooting Incidents,year_to_date,percent_change,2025,2023,2,,*,undefined_zero_denominator,wilmington-compstat-v1,validated
year-end-compstat-2025-r1,year_end_compstat,2025-01-01,2025-12-31,1,3c3b151aad3d007f2279cf5735d63f591623eff526770c425b726af0d950cfb2,25,district,district_19,District 19,juvenile_shooting_incidents,*Juv Shooting Incidents,year_to_date,percent_change,2025,2022,3,,*,undefined_zero_denominator,wilmington-compstat-v1,validated
year-end-compstat-2025-r1,year_end_compstat,2025-01-01,2025-12-31,1,3c3b151aad3d007f2279cf5735d63f591623eff526770c425b726af0d950cfb2,25,district,district_19,District 19,juvenile_shooting_incidents,*Juv Shooting Incidents,year_to_date,percent_change,2025,2021,4,,*,undefined_zero_denominator,wilmington-compstat-v1,validated
year-end-compstat-2025-r1,year_end_compstat,2025-01-01,2025-12-31,1,3c3b151aad3d007f2279cf5735d63f591623eff526770c425b726af0d950cfb2,25,district,district_19,District 19,juvenile_shooting_incidents,*Juv Shooting Incidents,year_to_date,percent_change,2025,2020,5,-100.0,-100%,,wilmington-compstat-v1,validated
year-end-compstat-2025-r1,year_end_compstat,2025-01-01,2025-12-31,1,3c3b151aad3d007f2279cf5735d63f591623eff526770c425b726af0d950cfb2,25,district,district_19,District 19,juvenile_shooting_incidents,*Juv Shooting Incidents,year_to_date,percent_change,2025,2019,6,,*,undefined_zero_denominator,wilmington-compstat-v1,validated
year-end-compstat-2025-r1,year_end_compstat,2025-01-01,2025-12-31,1,3c3b151aad3d007f2279cf5735d63f591623eff526770c425b726af0d950cfb2,25,district,district_19,District 19,juvenile_shooting_victims,*Juv Shooting Victims,last_7_days,count,2025,,,0,0,,wilmington-compstat-v1,validated
year-end-compstat-2025-r1,year_end_compstat,2025-01-01,2025-12-31,1,3c3b151aad3d007f2279cf5735d63f591623eff526770c425b726af0d950cfb2,25,district,district_19,District 19,juvenile_shooting_victims,*Juv Shooting Victims,last_7_days,count,2024,,,0,0,,wilmington-compstat-v1,validated
year-end-compstat-2025-r1,year_end_compstat,2025-01-01,2025-12-31,1,3c3b151aad3d007f2279cf5735d63f591623eff526770c425b726af0d950cfb2,25,district,district_19,District 19,juvenile_shooting_victims,*Juv Shooting Victims,last_7_days,percent_change,2025,2024,1,,*,undefined_zero_denominator,wilmington-compstat-v1,validated
year-end-compstat-2025-r1,year_end_compstat,2025-01-01,2025-12-31,1,3c3b151aad3d007f2279cf5735d63f591623eff526770c425b726af0d950cfb2,25,district,district_19,District 19,juvenile_shooting_victims,*Juv Shooting Victims,last_28_days,count,2025,,,0,0,,wilmington-compstat-v1,validated
year-end-compstat-2025-r1,year_end_compstat,2025-01-01,2025-12-31,1,3c3b151aad3d007f2279cf5735d63f591623eff526770c425b726af0d950cfb2,25,district,district_19,District 19,juvenile_shooting_victims,*Juv Shooting Victims,last_28_days,count,2024,,,0,0,,wilmington-compstat-v1,validated
year-end-compstat-2025-r1,year_end_compstat,2025-01-01,2025-12-31,1,3c3b151aad3d007f2279cf5735d63f591623eff526770c425b726af0d950cfb2,25,district,district_19,District 19,juvenile_shooting_victims,*Juv Shooting Victims,last_28_days,percent_change,2025,2024,1,,*,undefined_zero_denominator,wilmington-compstat-v1,validated
year-end-compstat-2025-r1,year_end_compstat,2025-01-01,2025-12-31,1,3c3b151aad3d007f2279cf5735d63f591623eff526770c425b726af0d950cfb2,25,district,district_19,District 19,juvenile_shooting_victims,*Juv Shooting Victims,year_to_date,count,2025,,,0,0,,wilmington-compstat-v1,validated
year-end-compstat-2025-r1,year_end_compstat,2025-01-01,2025-12-31,1,3c3b151aad3d007f2279cf5735d63f591623eff526770c425b726af0d950cfb2,25,district,district_19,District 19,juvenile_shooting_victims,*Juv Shooting Victims,year_to_date,count,2024,,,0,0,,wilmington-compstat-v1,validated
year-end-compstat-2025-r1,year_end_compstat,2025-01-01,2025-12-31,1,3c3b151aad3d007f2279cf5735d63f591623eff526770c425b726af0d950cfb2,25,district,district_19,District 19,juvenile_shooting_victims,*Juv Shooting Victims,year_to_date,percent_change,2025,2024,1,,*,undefined_zero_denominator,wilmington-compstat-v1,validated
year-end-compstat-2025-r1,year_end_compstat,2025-01-01,2025-12-31,1,3c3b151aad3d007f2279cf5735d63f591623eff526770c425b726af0d950cfb2,25,district,district_19,District 19,juvenile_shooting_victims,*Juv Shooting Victims,year_to_date,percent_change,2025,2023,2,,*,undefined_zero_denominator,wilmington-compstat-v1,validated
year-end-compstat-2025-r1,year_end_compstat,2025-01-01,2025-12-31,1,3c3b151aad3d007f2279cf5735d63f591623eff526770c425b726af0d950cfb2,25,district,district_19,District 19,juvenile_shooting_victims,*Juv Shooting Victims,year_to_date,percent_change,2025,2022,3,,*,undefined_zero_denominator,wilmington-compstat-v1,validated
year-end-compstat-2025-r1,year_end_compstat,2025-01-01,2025-12-31,1,3c3b151aad3d007f2279cf5735d63f591623eff526770c425b726af0d950cfb2,25,district,district_19,District 19,juvenile_shooting_victims,*Juv Shooting Victims,year_to_date,percent_change,2025,2021,4,,*,undefined_zero_denominator,wilmington-compstat-v1,validated
year-end-compstat-2025-r1,year_end_compstat,2025-01-01,2025-12-31,1,3c3b151aad3d007f2279cf5735d63f591623eff526770c425b726af0d950cfb2,25,district,district_19,District 19,juvenile_shooting_victims,*Juv Shooting Victims,year_to_date,percent_change,2025,2020,5,-100.0,-100%,,wilmington-compstat-v1,validated
year-end-compstat-2025-r1,year_end_compstat,2025-01-01,2025-12-31,1,3c3b151aad3d007f2279cf5735d63f591623eff526770c425b726af0d950cfb2,25,district,district_19,District 19,juvenile_shooting_victims,*Juv Shooting Victims,year_to_date,percent_change,2025,2019,6,,*,undefined_zero_denominator,wilmington-compstat-v1,validated
year-end-compstat-2025-r1,year_end_compstat,2025-01-01,2025-12-31,1,3c3b151aad3d007f2279cf5735d63f591623eff526770c425b726af0d950cfb2,25,district,district_19,District 19,misdemeanor_theft,Theft (Misdemeanor),last_7_days,count,2025,,,1,1,,wilmington-compstat-v1,validated
year-end-compstat-2025-r1,year_end_compstat,2025-01-01,2025-12-31,1,3c3b151aad3d007f2279cf5735d63f591623eff526770c425b726af0d950cfb2,25,district,district_19,District 19,misdemeanor_theft,Theft (Misdemeanor),last_7_days,count,2024,,,0,0,,wilmington-compstat-v1,validated
year-end-compstat-2025-r1,year_end_compstat,2025-01-01,2025-12-31,1,3c3b151aad3d007f2279cf5735d63f591623eff526770c425b726af0d950cfb2,25,district,district_19,District 19,misdemeanor_theft,Theft (Misdemeanor),last_7_days,percent_change,2025,2024,1,,*,undefined_zero_denominator,wilmington-compstat-v1,validated
year-end-compstat-2025-r1,year_end_compstat,2025-01-01,2025-12-31,1,3c3b151aad3d007f2279cf5735d63f591623eff526770c425b726af0d950cfb2,25,district,district_19,District 19,misdemeanor_theft,Theft (Misdemeanor),last_28_days,count,2025,,,7,7,,wilmington-compstat-v1,validated
year-end-compstat-2025-r1,year_end_compstat,2025-01-01,2025-12-31,1,3c3b151aad3d007f2279cf5735d63f591623eff526770c425b726af0d950cfb2,25,district,district_19,District 19,misdemeanor_theft,Theft (Misdemeanor),last_28_days,count,2024,,,4,4,,wilmington-compstat-v1,validated
year-end-compstat-2025-r1,year_end_compstat,2025-01-01,2025-12-31,1,3c3b151aad3d007f2279cf5735d63f591623eff526770c425b726af0d950cfb2,25,district,district_19,District 19,misdemeanor_theft,Theft (Misdemeanor),last_28_days,percent_change,2025,2024,1,75.0,75%,,wilmington-compstat-v1,validated
year-end-compstat-2025-r1,year_end_compstat,2025-01-01,2025-12-31,1,3c3b151aad3d007f2279cf5735d63f591623eff526770c425b726af0d950cfb2,25,district,district_19,District 19,misdemeanor_theft,Theft (Misdemeanor),year_to_date,count,2025,,,100,100,,wilmington-compstat-v1,validated
year-end-compstat-2025-r1,year_end_compstat,2025-01-01,2025-12-31,1,3c3b151aad3d007f2279cf5735d63f591623eff526770c425b726af0d950cfb2,25,district,district_19,District 19,misdemeanor_theft,Theft (Misdemeanor),year_to_date,count,2024,,,103,103,,wilmington-compstat-v1,validated
year-end-compstat-2025-r1,year_end_compstat,2025-01-01,2025-12-31,1,3c3b151aad3d007f2279cf5735d63f591623eff526770c425b726af0d950cfb2,25,district,district_19,District 19,misdemeanor_theft,Theft (Misdemeanor),year_to_date,percent_change,2025,2024,1,-3.0,-3%,,wilmington-compstat-v1,validated
year-end-compstat-2025-r1,year_end_compstat,2025-01-01,2025-12-31,1,3c3b151aad3d007f2279cf5735d63f591623eff526770c425b726af0d950cfb2,25,district,district_19,District 19,misdemeanor_theft,Theft (Misdemeanor),year_to_date,percent_change,2025,2023,2,-12.0,-12%,,wilmington-compstat-v1,validated
year-end-compstat-2025-r1,year_end_compstat,2025-01-01,2025-12-31,1,3c3b151aad3d007f2279cf5735d63f591623eff526770c425b726af0d950cfb2,25,district,district_19,District 19,misdemeanor_theft,Theft (Misdemeanor),year_to_date,percent_change,2025,2022,3,-7.0,-7%,,wilmington-compstat-v1,validated
year-end-compstat-2025-r1,year_end_compstat,2025-01-01,2025-12-31,1,3c3b151aad3d007f2279cf5735d63f591623eff526770c425b726af0d950cfb2,25,district,district_19,District 19,misdemeanor_theft,Theft (Misdemeanor),year_to_date,percent_change,2025,2021,4,-12.0,-12%,,wilmington-compstat-v1,validated
year-end-compstat-2025-r1,year_end_compstat,2025-01-01,2025-12-31,1,3c3b151aad3d007f2279cf5735d63f591623eff526770c425b726af0d950cfb2,25,district,district_19,District 19,misdemeanor_theft,Theft (Misdemeanor),year_to_date,percent_change,2025,2020,5,-8.0,-8%,,wilmington-compstat-v1,validated
year-end-compstat-2025-r1,year_end_compstat,2025-01-01,2025-12-31,1,3c3b151aad3d007f2279cf5735d63f591623eff526770c425b726af0d950cfb2,25,district,district_19,District 19,misdemeanor_theft,Theft (Misdemeanor),year_to_date,percent_change,2025,2019,6,-52.0,-52%,,wilmington-compstat-v1,validated
